********  (C) Copyright Rosetta Commons Member Institutions.  ***************
* Use of Rosetta for commercial purposes may require purchase of a license. *
********  See LICENSE.md or email license@uw.edu for more details. **********
core.init: Checking for fconfig files in pwd and ./rosetta/flags 
core.init: Rosetta version: 2024.19.post.dev+283.updatedliganddiscoverysearchcodeagmay2024.10ed978 10ed97813f1920392b632603a23dedae0d4f102d https://github.com/RosettaCommons/rosetta.git 2024-10-15T12:35:46
core.init: Rosetta extras: []
core.init: command: /scratch/abgvg9/rosetta_may_for_checkin/rosetta//source/bin/ligand_discovery_search_protocol.linuxgccrelease @pygm_res_78_0_args
basic.random.init_random_generator: Constant seed mode, seed=1111111 seed_offset=0 real_seed=1111111
basic.random.init_random_generator: RandomGenerator:init: Normal mode, seed=1111111 RG_type=mt19937
core.init: Resolved executable path: /scratch/abgvg9/rosetta_may_for_checkin/rosetta/source/build/src/release/linux/3.10/64/x86/gcc/8.2/default/ligand_discovery_search_protocol.default.linuxgccrelease
core.init: Looking for database based on location of executable: /scratch/abgvg9/rosetta_may_for_checkin/rosetta/database/
LDS_app: Making Pose of input pdb file(s)
protocols.motifs.motif_utils: Got filename
protocols.motifs.motif_utils: Made motiflibrary
core.chemical.GlobalResidueTypeSet: Finished initializing fa_standard residue type set.  Created 985 residue types
core.chemical.GlobalResidueTypeSet: Total time to initialize 0.87 seconds.
protocols.motifs.motif_utils: added motifs from file
LDS_app: Collected motifs library with 1648382 motifs. 
core.chemical.GlobalResidueTypeSet: For ResidueTypeSet fa_standard there is no exclude_pdb_component_list.txt file to list known PDB ids.
core.chemical.GlobalResidueTypeSet:     This will turn off PDB component loading for ResidueTypeSet fa_standard
core.chemical.GlobalResidueTypeSet:     Expected file: /data/user/abgvg9/benchmark/files/all/pygm/test_params/exclude_pdb_component_list.txt
core.chemical.GlobalResidueTypeSet: Finished initializing fa_standard residue type set.  Created 1 residue types
core.chemical.GlobalResidueTypeSet: Total time to initialize 0.35 seconds.
core.import_pose.import_pose: File '/data/user/abgvg9/benchmark/files/all/pygm/pygm.pdb' automatically determined to be of type PDB
core.io.pose_from_sfr.PoseFromSFRBuilder: [ WARNING ] discarding 2 atoms at position 1 in file /data/user/abgvg9/benchmark/files/all/pygm/pygm.pdb. Best match rsd_type:  TYR:NtermProteinFull
core.io.pose_from_sfr.PoseFromSFRBuilder: [ WARNING ] discarding 1 atoms at position 2 in file /data/user/abgvg9/benchmark/files/all/pygm/pygm.pdb. Best match rsd_type:  LEU
core.io.pose_from_sfr.PoseFromSFRBuilder: [ WARNING ] discarding 2 atoms at position 3 in file /data/user/abgvg9/benchmark/files/all/pygm/pygm.pdb. Best match rsd_type:  SER
core.io.pose_from_sfr.PoseFromSFRBuilder: [ WARNING ] discarding 1 atoms at position 4 in file /data/user/abgvg9/benchmark/files/all/pygm/pygm.pdb. Best match rsd_type:  LEU
core.io.pose_from_sfr.PoseFromSFRBuilder: [ WARNING ] discarding 1 atoms at position 5 in file /data/user/abgvg9/benchmark/files/all/pygm/pygm.pdb. Best match rsd_type:  GLU
core.io.pose_from_sfr.PoseFromSFRBuilder: [ WARNING ] discarding 1 atoms at position 6 in file /data/user/abgvg9/benchmark/files/all/pygm/pygm.pdb. Best match rsd_type:  PHE
core.io.pose_from_sfr.PoseFromSFRBuilder: [ WARNING ] discarding 2 atoms at position 7 in file /data/user/abgvg9/benchmark/files/all/pygm/pygm.pdb. Best match rsd_type:  TYR
core.io.pose_from_sfr.PoseFromSFRBuilder: [ WARNING ] discarding 1 atoms at position 8 in file /data/user/abgvg9/benchmark/files/all/pygm/pygm.pdb. Best match rsd_type:  MET
core.io.pose_from_sfr.PoseFromSFRBuilder: [ WARNING ] discarding 1 atoms at position 9 in file /data/user/abgvg9/benchmark/files/all/pygm/pygm.pdb. Best match rsd_type:  GLY
core.io.pose_from_sfr.PoseFromSFRBuilder: [ WARNING ] discarding 6 atoms at position 10 in file /data/user/abgvg9/benchmark/files/all/pygm/pygm.pdb. Best match rsd_type:  ARG
core.io.pose_from_sfr.PoseFromSFRBuilder: [ WARNING ] discarding 1 atoms at position 11 in file /data/user/abgvg9/benchmark/files/all/pygm/pygm.pdb. Best match rsd_type:  GLU
core.io.pose_from_sfr.PoseFromSFRBuilder: [ WARNING ] discarding 1 atoms at position 12 in file /data/user/abgvg9/benchmark/files/all/pygm/pygm.pdb. Best match rsd_type:  ASP
core.io.pose_from_sfr.PoseFromSFRBuilder: [ WARNING ] discarding 1 atoms at position 13 in file /data/user/abgvg9/benchmark/files/all/pygm/pygm.pdb. Best match rsd_type:  ALA
core.io.pose_from_sfr.PoseFromSFRBuilder: [ WARNING ] discarding 1 atoms at position 14 in file /data/user/abgvg9/benchmark/files/all/pygm/pygm.pdb. Best match rsd_type:  GLY
core.io.pose_from_sfr.PoseFromSFRBuilder: [ WARNING ] discarding 1 atoms at position 15 in file /data/user/abgvg9/benchmark/files/all/pygm/pygm.pdb. Best match rsd_type:  LEU
core.io.pose_from_sfr.PoseFromSFRBuilder: [ WARNING ] discarding 1 atoms at position 16 in file /data/user/abgvg9/benchmark/files/all/pygm/pygm.pdb. Best match rsd_type:  GLY
core.io.pose_from_sfr.PoseFromSFRBuilder: [ WARNING ] discarding 3 atoms at position 17 in file /data/user/abgvg9/benchmark/files/all/pygm/pygm.pdb. Best match rsd_type:  ASN
core.io.pose_from_sfr.PoseFromSFRBuilder: [ WARNING ] discarding 1 atoms at position 18 in file /data/user/abgvg9/benchmark/files/all/pygm/pygm.pdb. Best match rsd_type:  GLY
core.io.pose_from_sfr.PoseFromSFRBuilder: [ WARNING ] discarding 1 atoms at position 19 in file /data/user/abgvg9/benchmark/files/all/pygm/pygm.pdb. Best match rsd_type:  GLY
core.io.pose_from_sfr.PoseFromSFRBuilder: [ WARNING ] discarding 1 atoms at position 20 in file /data/user/abgvg9/benchmark/files/all/pygm/pygm.pdb. Best match rsd_type:  LEU
core.io.pose_from_sfr.PoseFromSFRBuilder: [ WARNING ] discarding 1 atoms at position 21 in file /data/user/abgvg9/benchmark/files/all/pygm/pygm.pdb. Best match rsd_type:  GLY
core.io.pose_from_sfr.PoseFromSFRBuilder: [ WARNING ] discarding 6 atoms at position 22 in file /data/user/abgvg9/benchmark/files/all/pygm/pygm.pdb. Best match rsd_type:  ARG
core.io.pose_from_sfr.PoseFromSFRBuilder: [ WARNING ] discarding 1 atoms at position 23 in file /data/user/abgvg9/benchmark/files/all/pygm/pygm.pdb. Best match rsd_type:  LEU
core.io.pose_from_sfr.PoseFromSFRBuilder: [ WARNING ] discarding 1 atoms at position 24 in file /data/user/abgvg9/benchmark/files/all/pygm/pygm.pdb. Best match rsd_type:  ALA
core.io.pose_from_sfr.PoseFromSFRBuilder: [ WARNING ] discarding 1 atoms at position 25 in file /data/user/abgvg9/benchmark/files/all/pygm/pygm.pdb. Best match rsd_type:  ALA
core.io.pose_from_sfr.PoseFromSFRBuilder: [ WARNING ] discarding 2 atoms at position 26 in file /data/user/abgvg9/benchmark/files/all/pygm/pygm.pdb. Best match rsd_type:  CYS
core.io.pose_from_sfr.PoseFromSFRBuilder: [ WARNING ] discarding 1 atoms at position 27 in file /data/user/abgvg9/benchmark/files/all/pygm/pygm.pdb. Best match rsd_type:  PHE
core.io.pose_from_sfr.PoseFromSFRBuilder: [ WARNING ] discarding 1 atoms at position 28 in file /data/user/abgvg9/benchmark/files/all/pygm/pygm.pdb. Best match rsd_type:  LEU
core.io.pose_from_sfr.PoseFromSFRBuilder: [ WARNING ] discarding 2 atoms at position 29 in file /data/user/abgvg9/benchmark/files/all/pygm/pygm.pdb. Best match rsd_type:  TYR
core.io.pose_from_sfr.PoseFromSFRBuilder: [ WARNING ] discarding 1 atoms at position 30 in file /data/user/abgvg9/benchmark/files/all/pygm/pygm.pdb. Best match rsd_type:  GLY
core.io.pose_from_sfr.PoseFromSFRBuilder: [ WARNING ] discarding 1 atoms at position 31 in file /data/user/abgvg9/benchmark/files/all/pygm/pygm.pdb. Best match rsd_type:  ILE
core.io.pose_from_sfr.PoseFromSFRBuilder: [ WARNING ] discarding 6 atoms at position 32 in file /data/user/abgvg9/benchmark/files/all/pygm/pygm.pdb. Best match rsd_type:  ARG
core.io.pose_from_sfr.PoseFromSFRBuilder: [ WARNING ] discarding 2 atoms at position 33 in file /data/user/abgvg9/benchmark/files/all/pygm/pygm.pdb. Best match rsd_type:  TYR
core.io.pose_from_sfr.PoseFromSFRBuilder: [ WARNING ] discarding 1 atoms at position 34 in file /data/user/abgvg9/benchmark/files/all/pygm/pygm.pdb. Best match rsd_type:  GLU
core.io.pose_from_sfr.PoseFromSFRBuilder: [ WARNING ] discarding 1 atoms at position 35 in file /data/user/abgvg9/benchmark/files/all/pygm/pygm.pdb. Best match rsd_type:  PHE
core.io.pose_from_sfr.PoseFromSFRBuilder: [ WARNING ] discarding 1 atoms at position 36 in file /data/user/abgvg9/benchmark/files/all/pygm/pygm.pdb. Best match rsd_type:  GLY
core.io.pose_from_sfr.PoseFromSFRBuilder: [ WARNING ] discarding 1 atoms at position 37 in file /data/user/abgvg9/benchmark/files/all/pygm/pygm.pdb. Best match rsd_type:  ILE
core.io.pose_from_sfr.PoseFromSFRBuilder: [ WARNING ] discarding 1 atoms at position 38 in file /data/user/abgvg9/benchmark/files/all/pygm/pygm.pdb. Best match rsd_type:  PHE
core.io.pose_from_sfr.PoseFromSFRBuilder: [ WARNING ] discarding 3 atoms at position 39 in file /data/user/abgvg9/benchmark/files/all/pygm/pygm.pdb. Best match rsd_type:  ASN
core.io.pose_from_sfr.PoseFromSFRBuilder: [ WARNING ] discarding 3 atoms at position 40 in file /data/user/abgvg9/benchmark/files/all/pygm/pygm.pdb. Best match rsd_type:  GLN
core.io.pose_from_sfr.PoseFromSFRBuilder: [ WARNING ] discarding 4 atoms at position 41 in file /data/user/abgvg9/benchmark/files/all/pygm/pygm.pdb. Best match rsd_type:  LYS
core.io.pose_from_sfr.PoseFromSFRBuilder: [ WARNING ] discarding 1 atoms at position 42 in file /data/user/abgvg9/benchmark/files/all/pygm/pygm.pdb. Best match rsd_type:  ILE
core.io.pose_from_sfr.PoseFromSFRBuilder: [ WARNING ] discarding 2 atoms at position 43 in file /data/user/abgvg9/benchmark/files/all/pygm/pygm.pdb. Best match rsd_type:  CYS
core.io.pose_from_sfr.PoseFromSFRBuilder: [ WARNING ] discarding 1 atoms at position 44 in file /data/user/abgvg9/benchmark/files/all/pygm/pygm.pdb. Best match rsd_type:  GLY
core.io.pose_from_sfr.PoseFromSFRBuilder: [ WARNING ] discarding 1 atoms at position 45 in file /data/user/abgvg9/benchmark/files/all/pygm/pygm.pdb. Best match rsd_type:  GLY
core.io.pose_from_sfr.PoseFromSFRBuilder: [ WARNING ] discarding 2 atoms at position 46 in file /data/user/abgvg9/benchmark/files/all/pygm/pygm.pdb. Best match rsd_type:  TRP
core.io.pose_from_sfr.PoseFromSFRBuilder: [ WARNING ] discarding 3 atoms at position 47 in file /data/user/abgvg9/benchmark/files/all/pygm/pygm.pdb. Best match rsd_type:  GLN
core.io.pose_from_sfr.PoseFromSFRBuilder: [ WARNING ] discarding 1 atoms at position 48 in file /data/user/abgvg9/benchmark/files/all/pygm/pygm.pdb. Best match rsd_type:  MET
core.io.pose_from_sfr.PoseFromSFRBuilder: [ WARNING ] discarding 1 atoms at position 49 in file /data/user/abgvg9/benchmark/files/all/pygm/pygm.pdb. Best match rsd_type:  GLU
core.io.pose_from_sfr.PoseFromSFRBuilder: [ WARNING ] discarding 1 atoms at position 50 in file /data/user/abgvg9/benchmark/files/all/pygm/pygm.pdb. Best match rsd_type:  GLU
core.io.pose_from_sfr.PoseFromSFRBuilder: [ WARNING ] discarding 1 atoms at position 51 in file /data/user/abgvg9/benchmark/files/all/pygm/pygm.pdb. Best match rsd_type:  ALA
core.io.pose_from_sfr.PoseFromSFRBuilder: [ WARNING ] discarding 1 atoms at position 52 in file /data/user/abgvg9/benchmark/files/all/pygm/pygm.pdb. Best match rsd_type:  ASP
core.io.pose_from_sfr.PoseFromSFRBuilder: [ WARNING ] discarding 1 atoms at position 53 in file /data/user/abgvg9/benchmark/files/all/pygm/pygm.pdb. Best match rsd_type:  ASP
core.io.pose_from_sfr.PoseFromSFRBuilder: [ WARNING ] discarding 2 atoms at position 54 in file /data/user/abgvg9/benchmark/files/all/pygm/pygm.pdb. Best match rsd_type:  TRP
core.io.pose_from_sfr.PoseFromSFRBuilder: [ WARNING ] discarding 1 atoms at position 55 in file /data/user/abgvg9/benchmark/files/all/pygm/pygm.pdb. Best match rsd_type:  LEU
core.io.pose_from_sfr.PoseFromSFRBuilder: [ WARNING ] discarding 6 atoms at position 56 in file /data/user/abgvg9/benchmark/files/all/pygm/pygm.pdb. Best match rsd_type:  ARG
core.io.pose_from_sfr.PoseFromSFRBuilder: [ WARNING ] discarding 1 atoms at position 57 in file /data/user/abgvg9/benchmark/files/all/pygm/pygm.pdb. Best match rsd_type:  PHE
core.io.pose_from_sfr.PoseFromSFRBuilder: [ WARNING ] discarding 2 atoms at position 58 in file /data/user/abgvg9/benchmark/files/all/pygm/pygm.pdb. Best match rsd_type:  TYR
core.io.pose_from_sfr.PoseFromSFRBuilder: [ WARNING ] discarding 1 atoms at position 59 in file /data/user/abgvg9/benchmark/files/all/pygm/pygm.pdb. Best match rsd_type:  MET
core.io.pose_from_sfr.PoseFromSFRBuilder: [ WARNING ] discarding 1 atoms at position 60 in file /data/user/abgvg9/benchmark/files/all/pygm/pygm.pdb. Best match rsd_type:  LEU
core.io.pose_from_sfr.PoseFromSFRBuilder: [ WARNING ] discarding 2 atoms at position 61 in file /data/user/abgvg9/benchmark/files/all/pygm/pygm.pdb. Best match rsd_type:  TRP
core.io.pose_from_sfr.PoseFromSFRBuilder: [ WARNING ] discarding 1 atoms at position 62 in file /data/user/abgvg9/benchmark/files/all/pygm/pygm.pdb. Best match rsd_type:  ALA
core.io.pose_from_sfr.PoseFromSFRBuilder: [ WARNING ] discarding 3 atoms at position 63 in file /data/user/abgvg9/benchmark/files/all/pygm/pygm.pdb. Best match rsd_type:  ASN
core.io.pose_from_sfr.PoseFromSFRBuilder: [ WARNING ] discarding 1 atoms at position 64 in file /data/user/abgvg9/benchmark/files/all/pygm/pygm.pdb. Best match rsd_type:  LEU
core.io.pose_from_sfr.PoseFromSFRBuilder: [ WARNING ] discarding 1 atoms at position 65 in file /data/user/abgvg9/benchmark/files/all/pygm/pygm.pdb. Best match rsd_type:  ALA
core.io.pose_from_sfr.PoseFromSFRBuilder: [ WARNING ] discarding 1 atoms at position 66 in file /data/user/abgvg9/benchmark/files/all/pygm/pygm.pdb. Best match rsd_type:  GLU
core.io.pose_from_sfr.PoseFromSFRBuilder: [ WARNING ] discarding 3 atoms at position 67 in file /data/user/abgvg9/benchmark/files/all/pygm/pygm.pdb. Best match rsd_type:  ASN
core.io.pose_from_sfr.PoseFromSFRBuilder: [ WARNING ] discarding 1 atoms at position 68 in file /data/user/abgvg9/benchmark/files/all/pygm/pygm.pdb. Best match rsd_type:  ILE
core.io.pose_from_sfr.PoseFromSFRBuilder: [ WARNING ] discarding 2 atoms at position 69 in file /data/user/abgvg9/benchmark/files/all/pygm/pygm.pdb. Best match rsd_type:  SER
core.io.pose_from_sfr.PoseFromSFRBuilder: [ WARNING ] discarding 6 atoms at position 70 in file /data/user/abgvg9/benchmark/files/all/pygm/pygm.pdb. Best match rsd_type:  ARG
core.io.pose_from_sfr.PoseFromSFRBuilder: [ WARNING ] discarding 1 atoms at position 71 in file /data/user/abgvg9/benchmark/files/all/pygm/pygm.pdb. Best match rsd_type:  VAL
core.io.pose_from_sfr.PoseFromSFRBuilder: [ WARNING ] discarding 1 atoms at position 72 in file /data/user/abgvg9/benchmark/files/all/pygm/pygm.pdb. Best match rsd_type:  LEU
core.io.pose_from_sfr.PoseFromSFRBuilder: [ WARNING ] discarding 2 atoms at position 73 in file /data/user/abgvg9/benchmark/files/all/pygm/pygm.pdb. Best match rsd_type:  TYR
core.io.pose_from_sfr.PoseFromSFRBuilder: [ WARNING ] discarding 3 atoms at position 75 in file /data/user/abgvg9/benchmark/files/all/pygm/pygm.pdb. Best match rsd_type:  ASN
core.io.pose_from_sfr.PoseFromSFRBuilder: [ WARNING ] discarding 1 atoms at position 76 in file /data/user/abgvg9/benchmark/files/all/pygm/pygm.pdb. Best match rsd_type:  ASP
core.io.pose_from_sfr.PoseFromSFRBuilder: [ WARNING ] discarding 3 atoms at position 77 in file /data/user/abgvg9/benchmark/files/all/pygm/pygm.pdb. Best match rsd_type:  ASN
core.io.pose_from_sfr.PoseFromSFRBuilder: [ WARNING ] discarding 1 atoms at position 78 in file /data/user/abgvg9/benchmark/files/all/pygm/pygm.pdb. Best match rsd_type:  PHE
core.io.pose_from_sfr.PoseFromSFRBuilder: [ WARNING ] discarding 1 atoms at position 79 in file /data/user/abgvg9/benchmark/files/all/pygm/pygm.pdb. Best match rsd_type:  PHE
core.io.pose_from_sfr.PoseFromSFRBuilder: [ WARNING ] discarding 1 atoms at position 80 in file /data/user/abgvg9/benchmark/files/all/pygm/pygm.pdb. Best match rsd_type:  GLU
core.io.pose_from_sfr.PoseFromSFRBuilder: [ WARNING ] discarding 1 atoms at position 81 in file /data/user/abgvg9/benchmark/files/all/pygm/pygm.pdb. Best match rsd_type:  GLY
core.io.pose_from_sfr.PoseFromSFRBuilder: [ WARNING ] discarding 4 atoms at position 82 in file /data/user/abgvg9/benchmark/files/all/pygm/pygm.pdb. Best match rsd_type:  LYS
core.io.pose_from_sfr.PoseFromSFRBuilder: [ WARNING ] discarding 1 atoms at position 83 in file /data/user/abgvg9/benchmark/files/all/pygm/pygm.pdb. Best match rsd_type:  GLU
core.io.pose_from_sfr.PoseFromSFRBuilder: [ WARNING ] discarding 1 atoms at position 84 in file /data/user/abgvg9/benchmark/files/all/pygm/pygm.pdb. Best match rsd_type:  LEU
core.io.pose_from_sfr.PoseFromSFRBuilder: [ WARNING ] discarding 6 atoms at position 85 in file /data/user/abgvg9/benchmark/files/all/pygm/pygm.pdb. Best match rsd_type:  ARG
core.io.pose_from_sfr.PoseFromSFRBuilder: [ WARNING ] discarding 1 atoms at position 86 in file /data/user/abgvg9/benchmark/files/all/pygm/pygm.pdb. Best match rsd_type:  LEU
core.io.pose_from_sfr.PoseFromSFRBuilder: [ WARNING ] discarding 4 atoms at position 87 in file /data/user/abgvg9/benchmark/files/all/pygm/pygm.pdb. Best match rsd_type:  LYS
core.io.pose_from_sfr.PoseFromSFRBuilder: [ WARNING ] discarding 3 atoms at position 88 in file /data/user/abgvg9/benchmark/files/all/pygm/pygm.pdb. Best match rsd_type:  GLN
core.io.pose_from_sfr.PoseFromSFRBuilder: [ WARNING ] discarding 1 atoms at position 89 in file /data/user/abgvg9/benchmark/files/all/pygm/pygm.pdb. Best match rsd_type:  GLU
core.io.pose_from_sfr.PoseFromSFRBuilder: [ WARNING ] discarding 2 atoms at position 90 in file /data/user/abgvg9/benchmark/files/all/pygm/pygm.pdb. Best match rsd_type:  TYR
core.io.pose_from_sfr.PoseFromSFRBuilder: [ WARNING ] discarding 1 atoms at position 91 in file /data/user/abgvg9/benchmark/files/all/pygm/pygm.pdb. Best match rsd_type:  PHE
core.io.pose_from_sfr.PoseFromSFRBuilder: [ WARNING ] discarding 1 atoms at position 92 in file /data/user/abgvg9/benchmark/files/all/pygm/pygm.pdb. Best match rsd_type:  VAL
core.io.pose_from_sfr.PoseFromSFRBuilder: [ WARNING ] discarding 1 atoms at position 93 in file /data/user/abgvg9/benchmark/files/all/pygm/pygm.pdb. Best match rsd_type:  VAL
core.io.pose_from_sfr.PoseFromSFRBuilder: [ WARNING ] discarding 1 atoms at position 94 in file /data/user/abgvg9/benchmark/files/all/pygm/pygm.pdb. Best match rsd_type:  ILE
core.io.pose_from_sfr.PoseFromSFRBuilder: [ WARNING ] discarding 3 atoms at position 95 in file /data/user/abgvg9/benchmark/files/all/pygm/pygm.pdb. Best match rsd_type:  GLN
core.io.pose_from_sfr.PoseFromSFRBuilder: [ WARNING ] discarding 1 atoms at position 96 in file /data/user/abgvg9/benchmark/files/all/pygm/pygm.pdb. Best match rsd_type:  LEU
core.io.pose_from_sfr.PoseFromSFRBuilder: [ WARNING ] discarding 3 atoms at position 97 in file /data/user/abgvg9/benchmark/files/all/pygm/pygm.pdb. Best match rsd_type:  ASN
core.io.pose_from_sfr.PoseFromSFRBuilder: [ WARNING ] discarding 1 atoms at position 98 in file /data/user/abgvg9/benchmark/files/all/pygm/pygm.pdb. Best match rsd_type:  ASP
core.io.pose_from_sfr.PoseFromSFRBuilder: [ WARNING ] discarding 2 atoms at position 99 in file /data/user/abgvg9/benchmark/files/all/pygm/pygm.pdb. Best match rsd_type:  THR
core.io.pose_from_sfr.PoseFromSFRBuilder: [ WARNING ] discarding 2 atoms at position 100 in file /data/user/abgvg9/benchmark/files/all/pygm/pygm.pdb. Best match rsd_type:  HIS
core.io.pose_from_sfr.PoseFromSFRBuilder: [ WARNING ] discarding 2 atoms at position 102 in file /data/user/abgvg9/benchmark/files/all/pygm/pygm.pdb. Best match rsd_type:  SER
core.io.pose_from_sfr.PoseFromSFRBuilder: [ WARNING ] discarding 1 atoms at position 103 in file /data/user/abgvg9/benchmark/files/all/pygm/pygm.pdb. Best match rsd_type:  LEU
core.io.pose_from_sfr.PoseFromSFRBuilder: [ WARNING ] discarding 1 atoms at position 104 in file /data/user/abgvg9/benchmark/files/all/pygm/pygm.pdb. Best match rsd_type:  ALA
core.io.pose_from_sfr.PoseFromSFRBuilder: [ WARNING ] discarding 1 atoms at position 105 in file /data/user/abgvg9/benchmark/files/all/pygm/pygm.pdb. Best match rsd_type:  ILE
core.io.pose_from_sfr.PoseFromSFRBuilder: [ WARNING ] discarding 1 atoms at position 107 in file /data/user/abgvg9/benchmark/files/all/pygm/pygm.pdb. Best match rsd_type:  ALA
core.io.pose_from_sfr.PoseFromSFRBuilder: [ WARNING ] discarding 2 atoms at position 108 in file /data/user/abgvg9/benchmark/files/all/pygm/pygm.pdb. Best match rsd_type:  TYR
core.io.pose_from_sfr.PoseFromSFRBuilder: [ WARNING ] discarding 2 atoms at position 109 in file /data/user/abgvg9/benchmark/files/all/pygm/pygm.pdb. Best match rsd_type:  THR
core.io.pose_from_sfr.PoseFromSFRBuilder: [ WARNING ] discarding 3 atoms at position 110 in file /data/user/abgvg9/benchmark/files/all/pygm/pygm.pdb. Best match rsd_type:  ASN
core.io.pose_from_sfr.PoseFromSFRBuilder: [ WARNING ] discarding 2 atoms at position 111 in file /data/user/abgvg9/benchmark/files/all/pygm/pygm.pdb. Best match rsd_type:  HIS
core.io.pose_from_sfr.PoseFromSFRBuilder: [ WARNING ] discarding 2 atoms at position 112 in file /data/user/abgvg9/benchmark/files/all/pygm/pygm.pdb. Best match rsd_type:  THR
core.io.pose_from_sfr.PoseFromSFRBuilder: [ WARNING ] discarding 1 atoms at position 113 in file /data/user/abgvg9/benchmark/files/all/pygm/pygm.pdb. Best match rsd_type:  VAL
core.io.pose_from_sfr.PoseFromSFRBuilder: [ WARNING ] discarding 1 atoms at position 114 in file /data/user/abgvg9/benchmark/files/all/pygm/pygm.pdb. Best match rsd_type:  ILE
core.io.pose_from_sfr.PoseFromSFRBuilder: [ WARNING ] discarding 1 atoms at position 116 in file /data/user/abgvg9/benchmark/files/all/pygm/pygm.pdb. Best match rsd_type:  GLU
core.io.pose_from_sfr.PoseFromSFRBuilder: [ WARNING ] discarding 1 atoms at position 117 in file /data/user/abgvg9/benchmark/files/all/pygm/pygm.pdb. Best match rsd_type:  ALA
core.io.pose_from_sfr.PoseFromSFRBuilder: [ WARNING ] discarding 1 atoms at position 118 in file /data/user/abgvg9/benchmark/files/all/pygm/pygm.pdb. Best match rsd_type:  LEU
core.io.pose_from_sfr.PoseFromSFRBuilder: [ WARNING ] discarding 1 atoms at position 119 in file /data/user/abgvg9/benchmark/files/all/pygm/pygm.pdb. Best match rsd_type:  GLU
core.io.pose_from_sfr.PoseFromSFRBuilder: [ WARNING ] discarding 6 atoms at position 120 in file /data/user/abgvg9/benchmark/files/all/pygm/pygm.pdb. Best match rsd_type:  ARG
core.io.pose_from_sfr.PoseFromSFRBuilder: [ WARNING ] discarding 2 atoms at position 121 in file /data/user/abgvg9/benchmark/files/all/pygm/pygm.pdb. Best match rsd_type:  TRP
core.io.pose_from_sfr.PoseFromSFRBuilder: [ WARNING ] discarding 1 atoms at position 123 in file /data/user/abgvg9/benchmark/files/all/pygm/pygm.pdb. Best match rsd_type:  VAL
core.io.pose_from_sfr.PoseFromSFRBuilder: [ WARNING ] discarding 2 atoms at position 124 in file /data/user/abgvg9/benchmark/files/all/pygm/pygm.pdb. Best match rsd_type:  HIS
core.io.pose_from_sfr.PoseFromSFRBuilder: [ WARNING ] discarding 1 atoms at position 125 in file /data/user/abgvg9/benchmark/files/all/pygm/pygm.pdb. Best match rsd_type:  LEU
core.io.pose_from_sfr.PoseFromSFRBuilder: [ WARNING ] discarding 1 atoms at position 126 in file /data/user/abgvg9/benchmark/files/all/pygm/pygm.pdb. Best match rsd_type:  LEU
core.io.pose_from_sfr.PoseFromSFRBuilder: [ WARNING ] discarding 1 atoms at position 127 in file /data/user/abgvg9/benchmark/files/all/pygm/pygm.pdb. Best match rsd_type:  GLU
core.io.pose_from_sfr.PoseFromSFRBuilder: [ WARNING ] discarding 2 atoms at position 128 in file /data/user/abgvg9/benchmark/files/all/pygm/pygm.pdb. Best match rsd_type:  THR
core.io.pose_from_sfr.PoseFromSFRBuilder: [ WARNING ] discarding 1 atoms at position 129 in file /data/user/abgvg9/benchmark/files/all/pygm/pygm.pdb. Best match rsd_type:  LEU
core.io.pose_from_sfr.PoseFromSFRBuilder: [ WARNING ] discarding 1 atoms at position 130 in file /data/user/abgvg9/benchmark/files/all/pygm/pygm.pdb. Best match rsd_type:  LEU
core.io.pose_from_sfr.PoseFromSFRBuilder: [ WARNING ] discarding 1 atoms at position 131 in file /data/user/abgvg9/benchmark/files/all/pygm/pygm.pdb. Best match rsd_type:  LEU
core.io.pose_from_sfr.PoseFromSFRBuilder: [ WARNING ] discarding 1 atoms at position 132 in file /data/user/abgvg9/benchmark/files/all/pygm/pygm.pdb. Best match rsd_type:  ILE
core.io.pose_from_sfr.PoseFromSFRBuilder: [ WARNING ] discarding 2 atoms at position 133 in file /data/user/abgvg9/benchmark/files/all/pygm/pygm.pdb. Best match rsd_type:  TYR
core.io.pose_from_sfr.PoseFromSFRBuilder: [ WARNING ] discarding 1 atoms at position 134 in file /data/user/abgvg9/benchmark/files/all/pygm/pygm.pdb. Best match rsd_type:  PHE
core.io.pose_from_sfr.PoseFromSFRBuilder: [ WARNING ] discarding 1 atoms at position 135 in file /data/user/abgvg9/benchmark/files/all/pygm/pygm.pdb. Best match rsd_type:  ASP
core.io.pose_from_sfr.PoseFromSFRBuilder: [ WARNING ] discarding 6 atoms at position 136 in file /data/user/abgvg9/benchmark/files/all/pygm/pygm.pdb. Best match rsd_type:  ARG
core.io.pose_from_sfr.PoseFromSFRBuilder: [ WARNING ] discarding 6 atoms at position 137 in file /data/user/abgvg9/benchmark/files/all/pygm/pygm.pdb. Best match rsd_type:  ARG
core.io.pose_from_sfr.PoseFromSFRBuilder: [ WARNING ] discarding 6 atoms at position 138 in file /data/user/abgvg9/benchmark/files/all/pygm/pygm.pdb. Best match rsd_type:  ARG
core.io.pose_from_sfr.PoseFromSFRBuilder: [ WARNING ] discarding 1 atoms at position 139 in file /data/user/abgvg9/benchmark/files/all/pygm/pygm.pdb. Best match rsd_type:  MET
core.io.pose_from_sfr.PoseFromSFRBuilder: [ WARNING ] discarding 2 atoms at position 140 in file /data/user/abgvg9/benchmark/files/all/pygm/pygm.pdb. Best match rsd_type:  SER
core.io.pose_from_sfr.PoseFromSFRBuilder: [ WARNING ] discarding 1 atoms at position 141 in file /data/user/abgvg9/benchmark/files/all/pygm/pygm.pdb. Best match rsd_type:  LEU
core.io.pose_from_sfr.PoseFromSFRBuilder: [ WARNING ] discarding 1 atoms at position 142 in file /data/user/abgvg9/benchmark/files/all/pygm/pygm.pdb. Best match rsd_type:  VAL
core.io.pose_from_sfr.PoseFromSFRBuilder: [ WARNING ] discarding 1 atoms at position 143 in file /data/user/abgvg9/benchmark/files/all/pygm/pygm.pdb. Best match rsd_type:  GLU
core.io.pose_from_sfr.PoseFromSFRBuilder: [ WARNING ] discarding 1 atoms at position 144 in file /data/user/abgvg9/benchmark/files/all/pygm/pygm.pdb. Best match rsd_type:  GLU
core.io.pose_from_sfr.PoseFromSFRBuilder: [ WARNING ] discarding 1 atoms at position 145 in file /data/user/abgvg9/benchmark/files/all/pygm/pygm.pdb. Best match rsd_type:  GLY
core.io.pose_from_sfr.PoseFromSFRBuilder: [ WARNING ] discarding 1 atoms at position 146 in file /data/user/abgvg9/benchmark/files/all/pygm/pygm.pdb. Best match rsd_type:  ALA
core.io.pose_from_sfr.PoseFromSFRBuilder: [ WARNING ] discarding 1 atoms at position 147 in file /data/user/abgvg9/benchmark/files/all/pygm/pygm.pdb. Best match rsd_type:  VAL
core.io.pose_from_sfr.PoseFromSFRBuilder: [ WARNING ] discarding 4 atoms at position 148 in file /data/user/abgvg9/benchmark/files/all/pygm/pygm.pdb. Best match rsd_type:  LYS
core.io.pose_from_sfr.PoseFromSFRBuilder: [ WARNING ] discarding 6 atoms at position 149 in file /data/user/abgvg9/benchmark/files/all/pygm/pygm.pdb. Best match rsd_type:  ARG
core.io.pose_from_sfr.PoseFromSFRBuilder: [ WARNING ] discarding 1 atoms at position 150 in file /data/user/abgvg9/benchmark/files/all/pygm/pygm.pdb. Best match rsd_type:  ILE
core.io.pose_from_sfr.PoseFromSFRBuilder: [ WARNING ] discarding 3 atoms at position 151 in file /data/user/abgvg9/benchmark/files/all/pygm/pygm.pdb. Best match rsd_type:  ASN
core.io.pose_from_sfr.PoseFromSFRBuilder: [ WARNING ] discarding 1 atoms at position 152 in file /data/user/abgvg9/benchmark/files/all/pygm/pygm.pdb. Best match rsd_type:  MET
core.io.pose_from_sfr.PoseFromSFRBuilder: [ WARNING ] discarding 1 atoms at position 153 in file /data/user/abgvg9/benchmark/files/all/pygm/pygm.pdb. Best match rsd_type:  ALA
core.io.pose_from_sfr.PoseFromSFRBuilder: [ WARNING ] discarding 2 atoms at position 154 in file /data/user/abgvg9/benchmark/files/all/pygm/pygm.pdb. Best match rsd_type:  HIS
core.io.pose_from_sfr.PoseFromSFRBuilder: [ WARNING ] discarding 1 atoms at position 155 in file /data/user/abgvg9/benchmark/files/all/pygm/pygm.pdb. Best match rsd_type:  LEU
core.io.pose_from_sfr.PoseFromSFRBuilder: [ WARNING ] discarding 2 atoms at position 156 in file /data/user/abgvg9/benchmark/files/all/pygm/pygm.pdb. Best match rsd_type:  CYS
core.io.pose_from_sfr.PoseFromSFRBuilder: [ WARNING ] discarding 1 atoms at position 157 in file /data/user/abgvg9/benchmark/files/all/pygm/pygm.pdb. Best match rsd_type:  ILE
core.io.pose_from_sfr.PoseFromSFRBuilder: [ WARNING ] discarding 1 atoms at position 158 in file /data/user/abgvg9/benchmark/files/all/pygm/pygm.pdb. Best match rsd_type:  ALA
core.io.pose_from_sfr.PoseFromSFRBuilder: [ WARNING ] discarding 1 atoms at position 159 in file /data/user/abgvg9/benchmark/files/all/pygm/pygm.pdb. Best match rsd_type:  GLY
core.io.pose_from_sfr.PoseFromSFRBuilder: [ WARNING ] discarding 2 atoms at position 160 in file /data/user/abgvg9/benchmark/files/all/pygm/pygm.pdb. Best match rsd_type:  SER
core.io.pose_from_sfr.PoseFromSFRBuilder: [ WARNING ] discarding 1 atoms at position 161 in file /data/user/abgvg9/benchmark/files/all/pygm/pygm.pdb. Best match rsd_type:  ALA
core.io.pose_from_sfr.PoseFromSFRBuilder: [ WARNING ] discarding 1 atoms at position 162 in file /data/user/abgvg9/benchmark/files/all/pygm/pygm.pdb. Best match rsd_type:  VAL
core.io.pose_from_sfr.PoseFromSFRBuilder: [ WARNING ] discarding 3 atoms at position 163 in file /data/user/abgvg9/benchmark/files/all/pygm/pygm.pdb. Best match rsd_type:  ASN
core.io.pose_from_sfr.PoseFromSFRBuilder: [ WARNING ] discarding 1 atoms at position 164 in file /data/user/abgvg9/benchmark/files/all/pygm/pygm.pdb. Best match rsd_type:  GLY
core.io.pose_from_sfr.PoseFromSFRBuilder: [ WARNING ] discarding 1 atoms at position 165 in file /data/user/abgvg9/benchmark/files/all/pygm/pygm.pdb. Best match rsd_type:  VAL
core.io.pose_from_sfr.PoseFromSFRBuilder: [ WARNING ] discarding 1 atoms at position 166 in file /data/user/abgvg9/benchmark/files/all/pygm/pygm.pdb. Best match rsd_type:  ALA
core.io.pose_from_sfr.PoseFromSFRBuilder: [ WARNING ] discarding 6 atoms at position 167 in file /data/user/abgvg9/benchmark/files/all/pygm/pygm.pdb. Best match rsd_type:  ARG
core.io.pose_from_sfr.PoseFromSFRBuilder: [ WARNING ] discarding 1 atoms at position 168 in file /data/user/abgvg9/benchmark/files/all/pygm/pygm.pdb. Best match rsd_type:  ILE
core.io.pose_from_sfr.PoseFromSFRBuilder: [ WARNING ] discarding 2 atoms at position 169 in file /data/user/abgvg9/benchmark/files/all/pygm/pygm.pdb. Best match rsd_type:  HIS
core.io.pose_from_sfr.PoseFromSFRBuilder: [ WARNING ] discarding 2 atoms at position 170 in file /data/user/abgvg9/benchmark/files/all/pygm/pygm.pdb. Best match rsd_type:  SER
core.io.pose_from_sfr.PoseFromSFRBuilder: [ WARNING ] discarding 1 atoms at position 171 in file /data/user/abgvg9/benchmark/files/all/pygm/pygm.pdb. Best match rsd_type:  GLU
core.io.pose_from_sfr.PoseFromSFRBuilder: [ WARNING ] discarding 1 atoms at position 172 in file /data/user/abgvg9/benchmark/files/all/pygm/pygm.pdb. Best match rsd_type:  ILE
core.io.pose_from_sfr.PoseFromSFRBuilder: [ WARNING ] discarding 1 atoms at position 173 in file /data/user/abgvg9/benchmark/files/all/pygm/pygm.pdb. Best match rsd_type:  LEU
core.io.pose_from_sfr.PoseFromSFRBuilder: [ WARNING ] discarding 4 atoms at position 174 in file /data/user/abgvg9/benchmark/files/all/pygm/pygm.pdb. Best match rsd_type:  LYS
core.io.pose_from_sfr.PoseFromSFRBuilder: [ WARNING ] discarding 4 atoms at position 175 in file /data/user/abgvg9/benchmark/files/all/pygm/pygm.pdb. Best match rsd_type:  LYS
core.io.pose_from_sfr.PoseFromSFRBuilder: [ WARNING ] discarding 2 atoms at position 176 in file /data/user/abgvg9/benchmark/files/all/pygm/pygm.pdb. Best match rsd_type:  THR
core.io.pose_from_sfr.PoseFromSFRBuilder: [ WARNING ] discarding 1 atoms at position 177 in file /data/user/abgvg9/benchmark/files/all/pygm/pygm.pdb. Best match rsd_type:  ILE
core.io.pose_from_sfr.PoseFromSFRBuilder: [ WARNING ] discarding 1 atoms at position 178 in file /data/user/abgvg9/benchmark/files/all/pygm/pygm.pdb. Best match rsd_type:  PHE
core.io.pose_from_sfr.PoseFromSFRBuilder: [ WARNING ] discarding 4 atoms at position 179 in file /data/user/abgvg9/benchmark/files/all/pygm/pygm.pdb. Best match rsd_type:  LYS
core.io.pose_from_sfr.PoseFromSFRBuilder: [ WARNING ] discarding 1 atoms at position 180 in file /data/user/abgvg9/benchmark/files/all/pygm/pygm.pdb. Best match rsd_type:  ASP
core.io.pose_from_sfr.PoseFromSFRBuilder: [ WARNING ] discarding 1 atoms at position 181 in file /data/user/abgvg9/benchmark/files/all/pygm/pygm.pdb. Best match rsd_type:  PHE
core.io.pose_from_sfr.PoseFromSFRBuilder: [ WARNING ] discarding 2 atoms at position 182 in file /data/user/abgvg9/benchmark/files/all/pygm/pygm.pdb. Best match rsd_type:  TYR
core.io.pose_from_sfr.PoseFromSFRBuilder: [ WARNING ] discarding 1 atoms at position 183 in file /data/user/abgvg9/benchmark/files/all/pygm/pygm.pdb. Best match rsd_type:  GLU
core.io.pose_from_sfr.PoseFromSFRBuilder: [ WARNING ] discarding 4 atoms at position 184 in file /data/user/abgvg9/benchmark/files/all/pygm/pygm.pdb. Best match rsd_type:  LYS
core.io.pose_from_sfr.PoseFromSFRBuilder: [ WARNING ] discarding 1 atoms at position 185 in file /data/user/abgvg9/benchmark/files/all/pygm/pygm.pdb. Best match rsd_type:  PHE
core.io.pose_from_sfr.PoseFromSFRBuilder: [ WARNING ] discarding 3 atoms at position 186 in file /data/user/abgvg9/benchmark/files/all/pygm/pygm.pdb. Best match rsd_type:  GLN
core.io.pose_from_sfr.PoseFromSFRBuilder: [ WARNING ] discarding 3 atoms at position 187 in file /data/user/abgvg9/benchmark/files/all/pygm/pygm.pdb. Best match rsd_type:  ASN
core.io.pose_from_sfr.PoseFromSFRBuilder: [ WARNING ] discarding 4 atoms at position 188 in file /data/user/abgvg9/benchmark/files/all/pygm/pygm.pdb. Best match rsd_type:  LYS
core.io.pose_from_sfr.PoseFromSFRBuilder: [ WARNING ] discarding 2 atoms at position 189 in file /data/user/abgvg9/benchmark/files/all/pygm/pygm.pdb. Best match rsd_type:  THR
core.io.pose_from_sfr.PoseFromSFRBuilder: [ WARNING ] discarding 3 atoms at position 190 in file /data/user/abgvg9/benchmark/files/all/pygm/pygm.pdb. Best match rsd_type:  ASN
core.io.pose_from_sfr.PoseFromSFRBuilder: [ WARNING ] discarding 1 atoms at position 191 in file /data/user/abgvg9/benchmark/files/all/pygm/pygm.pdb. Best match rsd_type:  GLY
core.io.pose_from_sfr.PoseFromSFRBuilder: [ WARNING ] discarding 1 atoms at position 192 in file /data/user/abgvg9/benchmark/files/all/pygm/pygm.pdb. Best match rsd_type:  ILE
core.io.pose_from_sfr.PoseFromSFRBuilder: [ WARNING ] discarding 2 atoms at position 193 in file /data/user/abgvg9/benchmark/files/all/pygm/pygm.pdb. Best match rsd_type:  THR
core.io.pose_from_sfr.PoseFromSFRBuilder: [ WARNING ] discarding 6 atoms at position 194 in file /data/user/abgvg9/benchmark/files/all/pygm/pygm.pdb. Best match rsd_type:  ARG
core.io.pose_from_sfr.PoseFromSFRBuilder: [ WARNING ] discarding 2 atoms at position 195 in file /data/user/abgvg9/benchmark/files/all/pygm/pygm.pdb. Best match rsd_type:  TRP
core.io.pose_from_sfr.PoseFromSFRBuilder: [ WARNING ] discarding 1 atoms at position 196 in file /data/user/abgvg9/benchmark/files/all/pygm/pygm.pdb. Best match rsd_type:  PHE
core.io.pose_from_sfr.PoseFromSFRBuilder: [ WARNING ] discarding 2 atoms at position 197 in file /data/user/abgvg9/benchmark/files/all/pygm/pygm.pdb. Best match rsd_type:  TYR
core.io.pose_from_sfr.PoseFromSFRBuilder: [ WARNING ] discarding 2 atoms at position 198 in file /data/user/abgvg9/benchmark/files/all/pygm/pygm.pdb. Best match rsd_type:  TYR
core.io.pose_from_sfr.PoseFromSFRBuilder: [ WARNING ] discarding 1 atoms at position 199 in file /data/user/abgvg9/benchmark/files/all/pygm/pygm.pdb. Best match rsd_type:  ASP
core.io.pose_from_sfr.PoseFromSFRBuilder: [ WARNING ] discarding 1 atoms at position 200 in file /data/user/abgvg9/benchmark/files/all/pygm/pygm.pdb. Best match rsd_type:  VAL
core.io.pose_from_sfr.PoseFromSFRBuilder: [ WARNING ] discarding 3 atoms at position 201 in file /data/user/abgvg9/benchmark/files/all/pygm/pygm.pdb. Best match rsd_type:  GLN
core.io.pose_from_sfr.PoseFromSFRBuilder: [ WARNING ] discarding 1 atoms at position 202 in file /data/user/abgvg9/benchmark/files/all/pygm/pygm.pdb. Best match rsd_type:  VAL
core.io.pose_from_sfr.PoseFromSFRBuilder: [ WARNING ] discarding 4 atoms at position 203 in file /data/user/abgvg9/benchmark/files/all/pygm/pygm.pdb. Best match rsd_type:  LYS
core.io.pose_from_sfr.PoseFromSFRBuilder: [ WARNING ] discarding 6 atoms at position 204 in file /data/user/abgvg9/benchmark/files/all/pygm/pygm.pdb. Best match rsd_type:  ARG
core.io.pose_from_sfr.PoseFromSFRBuilder: [ WARNING ] discarding 1 atoms at position 205 in file /data/user/abgvg9/benchmark/files/all/pygm/pygm.pdb. Best match rsd_type:  ILE
core.io.pose_from_sfr.PoseFromSFRBuilder: [ WARNING ] discarding 3 atoms at position 206 in file /data/user/abgvg9/benchmark/files/all/pygm/pygm.pdb. Best match rsd_type:  HIS
core.io.pose_from_sfr.PoseFromSFRBuilder: [ WARNING ] discarding 1 atoms at position 207 in file /data/user/abgvg9/benchmark/files/all/pygm/pygm.pdb. Best match rsd_type:  GLU
core.io.pose_from_sfr.PoseFromSFRBuilder: [ WARNING ] discarding 2 atoms at position 208 in file /data/user/abgvg9/benchmark/files/all/pygm/pygm.pdb. Best match rsd_type:  TYR
core.io.pose_from_sfr.PoseFromSFRBuilder: [ WARNING ] discarding 4 atoms at position 209 in file /data/user/abgvg9/benchmark/files/all/pygm/pygm.pdb. Best match rsd_type:  LYS
core.io.pose_from_sfr.PoseFromSFRBuilder: [ WARNING ] discarding 6 atoms at position 210 in file /data/user/abgvg9/benchmark/files/all/pygm/pygm.pdb. Best match rsd_type:  ARG
core.io.pose_from_sfr.PoseFromSFRBuilder: [ WARNING ] discarding 3 atoms at position 211 in file /data/user/abgvg9/benchmark/files/all/pygm/pygm.pdb. Best match rsd_type:  GLN
core.io.pose_from_sfr.PoseFromSFRBuilder: [ WARNING ] discarding 1 atoms at position 212 in file /data/user/abgvg9/benchmark/files/all/pygm/pygm.pdb. Best match rsd_type:  LEU
core.io.pose_from_sfr.PoseFromSFRBuilder: [ WARNING ] discarding 1 atoms at position 213 in file /data/user/abgvg9/benchmark/files/all/pygm/pygm.pdb. Best match rsd_type:  LEU
core.io.pose_from_sfr.PoseFromSFRBuilder: [ WARNING ] discarding 3 atoms at position 214 in file /data/user/abgvg9/benchmark/files/all/pygm/pygm.pdb. Best match rsd_type:  ASN
core.io.pose_from_sfr.PoseFromSFRBuilder: [ WARNING ] discarding 2 atoms at position 215 in file /data/user/abgvg9/benchmark/files/all/pygm/pygm.pdb. Best match rsd_type:  CYS
core.io.pose_from_sfr.PoseFromSFRBuilder: [ WARNING ] discarding 1 atoms at position 216 in file /data/user/abgvg9/benchmark/files/all/pygm/pygm.pdb. Best match rsd_type:  LEU
core.io.pose_from_sfr.PoseFromSFRBuilder: [ WARNING ] discarding 2 atoms at position 217 in file /data/user/abgvg9/benchmark/files/all/pygm/pygm.pdb. Best match rsd_type:  HIS
core.io.pose_from_sfr.PoseFromSFRBuilder: [ WARNING ] discarding 1 atoms at position 218 in file /data/user/abgvg9/benchmark/files/all/pygm/pygm.pdb. Best match rsd_type:  VAL
core.io.pose_from_sfr.PoseFromSFRBuilder: [ WARNING ] discarding 1 atoms at position 219 in file /data/user/abgvg9/benchmark/files/all/pygm/pygm.pdb. Best match rsd_type:  ILE
core.io.pose_from_sfr.PoseFromSFRBuilder: [ WARNING ] discarding 2 atoms at position 220 in file /data/user/abgvg9/benchmark/files/all/pygm/pygm.pdb. Best match rsd_type:  THR
core.io.pose_from_sfr.PoseFromSFRBuilder: [ WARNING ] discarding 1 atoms at position 221 in file /data/user/abgvg9/benchmark/files/all/pygm/pygm.pdb. Best match rsd_type:  VAL
core.io.pose_from_sfr.PoseFromSFRBuilder: [ WARNING ] discarding 1 atoms at position 222 in file /data/user/abgvg9/benchmark/files/all/pygm/pygm.pdb. Best match rsd_type:  MET
core.io.pose_from_sfr.PoseFromSFRBuilder: [ WARNING ] discarding 1 atoms at position 223 in file /data/user/abgvg9/benchmark/files/all/pygm/pygm.pdb. Best match rsd_type:  ILE
core.io.pose_from_sfr.PoseFromSFRBuilder: [ WARNING ] discarding 1 atoms at position 224 in file /data/user/abgvg9/benchmark/files/all/pygm/pygm.pdb. Best match rsd_type:  GLY
core.io.pose_from_sfr.PoseFromSFRBuilder: [ WARNING ] discarding 1 atoms at position 225 in file /data/user/abgvg9/benchmark/files/all/pygm/pygm.pdb. Best match rsd_type:  GLY
core.io.pose_from_sfr.PoseFromSFRBuilder: [ WARNING ] discarding 4 atoms at position 226 in file /data/user/abgvg9/benchmark/files/all/pygm/pygm.pdb. Best match rsd_type:  LYS
core.io.pose_from_sfr.PoseFromSFRBuilder: [ WARNING ] discarding 1 atoms at position 227 in file /data/user/abgvg9/benchmark/files/all/pygm/pygm.pdb. Best match rsd_type:  ALA
core.io.pose_from_sfr.PoseFromSFRBuilder: [ WARNING ] discarding 1 atoms at position 228 in file /data/user/abgvg9/benchmark/files/all/pygm/pygm.pdb. Best match rsd_type:  ALA
core.io.pose_from_sfr.PoseFromSFRBuilder: [ WARNING ] discarding 1 atoms at position 230 in file /data/user/abgvg9/benchmark/files/all/pygm/pygm.pdb. Best match rsd_type:  GLY
core.io.pose_from_sfr.PoseFromSFRBuilder: [ WARNING ] discarding 2 atoms at position 231 in file /data/user/abgvg9/benchmark/files/all/pygm/pygm.pdb. Best match rsd_type:  TYR
core.io.pose_from_sfr.PoseFromSFRBuilder: [ WARNING ] discarding 2 atoms at position 232 in file /data/user/abgvg9/benchmark/files/all/pygm/pygm.pdb. Best match rsd_type:  HIS
core.io.pose_from_sfr.PoseFromSFRBuilder: [ WARNING ] discarding 1 atoms at position 233 in file /data/user/abgvg9/benchmark/files/all/pygm/pygm.pdb. Best match rsd_type:  MET
core.io.pose_from_sfr.PoseFromSFRBuilder: [ WARNING ] discarding 1 atoms at position 234 in file /data/user/abgvg9/benchmark/files/all/pygm/pygm.pdb. Best match rsd_type:  ALA
core.io.pose_from_sfr.PoseFromSFRBuilder: [ WARNING ] discarding 4 atoms at position 235 in file /data/user/abgvg9/benchmark/files/all/pygm/pygm.pdb. Best match rsd_type:  LYS
core.io.pose_from_sfr.PoseFromSFRBuilder: [ WARNING ] discarding 1 atoms at position 236 in file /data/user/abgvg9/benchmark/files/all/pygm/pygm.pdb. Best match rsd_type:  MET
core.io.pose_from_sfr.PoseFromSFRBuilder: [ WARNING ] discarding 1 atoms at position 237 in file /data/user/abgvg9/benchmark/files/all/pygm/pygm.pdb. Best match rsd_type:  ILE
core.io.pose_from_sfr.PoseFromSFRBuilder: [ WARNING ] discarding 1 atoms at position 238 in file /data/user/abgvg9/benchmark/files/all/pygm/pygm.pdb. Best match rsd_type:  ILE
core.io.pose_from_sfr.PoseFromSFRBuilder: [ WARNING ] discarding 4 atoms at position 239 in file /data/user/abgvg9/benchmark/files/all/pygm/pygm.pdb. Best match rsd_type:  LYS
core.io.pose_from_sfr.PoseFromSFRBuilder: [ WARNING ] discarding 1 atoms at position 240 in file /data/user/abgvg9/benchmark/files/all/pygm/pygm.pdb. Best match rsd_type:  LEU
core.io.pose_from_sfr.PoseFromSFRBuilder: [ WARNING ] discarding 1 atoms at position 241 in file /data/user/abgvg9/benchmark/files/all/pygm/pygm.pdb. Best match rsd_type:  ILE
core.io.pose_from_sfr.PoseFromSFRBuilder: [ WARNING ] discarding 2 atoms at position 242 in file /data/user/abgvg9/benchmark/files/all/pygm/pygm.pdb. Best match rsd_type:  THR
core.io.pose_from_sfr.PoseFromSFRBuilder: [ WARNING ] discarding 1 atoms at position 243 in file /data/user/abgvg9/benchmark/files/all/pygm/pygm.pdb. Best match rsd_type:  ALA
core.io.pose_from_sfr.PoseFromSFRBuilder: [ WARNING ] discarding 1 atoms at position 244 in file /data/user/abgvg9/benchmark/files/all/pygm/pygm.pdb. Best match rsd_type:  ILE
core.io.pose_from_sfr.PoseFromSFRBuilder: [ WARNING ] discarding 1 atoms at position 245 in file /data/user/abgvg9/benchmark/files/all/pygm/pygm.pdb. Best match rsd_type:  GLY
core.io.pose_from_sfr.PoseFromSFRBuilder: [ WARNING ] discarding 1 atoms at position 246 in file /data/user/abgvg9/benchmark/files/all/pygm/pygm.pdb. Best match rsd_type:  ASP
core.io.pose_from_sfr.PoseFromSFRBuilder: [ WARNING ] discarding 1 atoms at position 247 in file /data/user/abgvg9/benchmark/files/all/pygm/pygm.pdb. Best match rsd_type:  VAL
core.io.pose_from_sfr.PoseFromSFRBuilder: [ WARNING ] discarding 1 atoms at position 248 in file /data/user/abgvg9/benchmark/files/all/pygm/pygm.pdb. Best match rsd_type:  ILE
core.io.pose_from_sfr.PoseFromSFRBuilder: [ WARNING ] discarding 1 atoms at position 249 in file /data/user/abgvg9/benchmark/files/all/pygm/pygm.pdb. Best match rsd_type:  PHE
core.io.pose_from_sfr.PoseFromSFRBuilder: [ WARNING ] discarding 1 atoms at position 250 in file /data/user/abgvg9/benchmark/files/all/pygm/pygm.pdb. Best match rsd_type:  LEU
core.io.pose_from_sfr.PoseFromSFRBuilder: [ WARNING ] discarding 1 atoms at position 251 in file /data/user/abgvg9/benchmark/files/all/pygm/pygm.pdb. Best match rsd_type:  GLU
core.io.pose_from_sfr.PoseFromSFRBuilder: [ WARNING ] discarding 3 atoms at position 252 in file /data/user/abgvg9/benchmark/files/all/pygm/pygm.pdb. Best match rsd_type:  ASN
core.io.pose_from_sfr.PoseFromSFRBuilder: [ WARNING ] discarding 2 atoms at position 253 in file /data/user/abgvg9/benchmark/files/all/pygm/pygm.pdb. Best match rsd_type:  TYR
core.io.pose_from_sfr.PoseFromSFRBuilder: [ WARNING ] discarding 6 atoms at position 254 in file /data/user/abgvg9/benchmark/files/all/pygm/pygm.pdb. Best match rsd_type:  ARG
core.io.pose_from_sfr.PoseFromSFRBuilder: [ WARNING ] discarding 1 atoms at position 255 in file /data/user/abgvg9/benchmark/files/all/pygm/pygm.pdb. Best match rsd_type:  VAL
core.io.pose_from_sfr.PoseFromSFRBuilder: [ WARNING ] discarding 2 atoms at position 256 in file /data/user/abgvg9/benchmark/files/all/pygm/pygm.pdb. Best match rsd_type:  SER
core.io.pose_from_sfr.PoseFromSFRBuilder: [ WARNING ] discarding 1 atoms at position 257 in file /data/user/abgvg9/benchmark/files/all/pygm/pygm.pdb. Best match rsd_type:  LEU
core.io.pose_from_sfr.PoseFromSFRBuilder: [ WARNING ] discarding 1 atoms at position 258 in file /data/user/abgvg9/benchmark/files/all/pygm/pygm.pdb. Best match rsd_type:  ALA
core.io.pose_from_sfr.PoseFromSFRBuilder: [ WARNING ] discarding 1 atoms at position 259 in file /data/user/abgvg9/benchmark/files/all/pygm/pygm.pdb. Best match rsd_type:  GLU
core.io.pose_from_sfr.PoseFromSFRBuilder: [ WARNING ] discarding 4 atoms at position 260 in file /data/user/abgvg9/benchmark/files/all/pygm/pygm.pdb. Best match rsd_type:  LYS
core.io.pose_from_sfr.PoseFromSFRBuilder: [ WARNING ] discarding 1 atoms at position 261 in file /data/user/abgvg9/benchmark/files/all/pygm/pygm.pdb. Best match rsd_type:  VAL
core.io.pose_from_sfr.PoseFromSFRBuilder: [ WARNING ] discarding 1 atoms at position 262 in file /data/user/abgvg9/benchmark/files/all/pygm/pygm.pdb. Best match rsd_type:  ILE
core.io.pose_from_sfr.PoseFromSFRBuilder: [ WARNING ] discarding 1 atoms at position 263 in file /data/user/abgvg9/benchmark/files/all/pygm/pygm.pdb. Best match rsd_type:  ALA
core.io.pose_from_sfr.PoseFromSFRBuilder: [ WARNING ] discarding 1 atoms at position 264 in file /data/user/abgvg9/benchmark/files/all/pygm/pygm.pdb. Best match rsd_type:  LEU
core.io.pose_from_sfr.PoseFromSFRBuilder: [ WARNING ] discarding 2 atoms at position 265 in file /data/user/abgvg9/benchmark/files/all/pygm/pygm.pdb. Best match rsd_type:  SER
core.io.pose_from_sfr.PoseFromSFRBuilder: [ WARNING ] discarding 1 atoms at position 266 in file /data/user/abgvg9/benchmark/files/all/pygm/pygm.pdb. Best match rsd_type:  GLU
core.io.pose_from_sfr.PoseFromSFRBuilder: [ WARNING ] discarding 3 atoms at position 267 in file /data/user/abgvg9/benchmark/files/all/pygm/pygm.pdb. Best match rsd_type:  GLN
core.io.pose_from_sfr.PoseFromSFRBuilder: [ WARNING ] discarding 1 atoms at position 268 in file /data/user/abgvg9/benchmark/files/all/pygm/pygm.pdb. Best match rsd_type:  ILE
core.io.pose_from_sfr.PoseFromSFRBuilder: [ WARNING ] discarding 2 atoms at position 269 in file /data/user/abgvg9/benchmark/files/all/pygm/pygm.pdb. Best match rsd_type:  SER
core.io.pose_from_sfr.PoseFromSFRBuilder: [ WARNING ] discarding 2 atoms at position 270 in file /data/user/abgvg9/benchmark/files/all/pygm/pygm.pdb. Best match rsd_type:  THR
core.io.pose_from_sfr.PoseFromSFRBuilder: [ WARNING ] discarding 1 atoms at position 271 in file /data/user/abgvg9/benchmark/files/all/pygm/pygm.pdb. Best match rsd_type:  ALA
core.io.pose_from_sfr.PoseFromSFRBuilder: [ WARNING ] discarding 1 atoms at position 272 in file /data/user/abgvg9/benchmark/files/all/pygm/pygm.pdb. Best match rsd_type:  GLY
core.io.pose_from_sfr.PoseFromSFRBuilder: [ WARNING ] discarding 2 atoms at position 273 in file /data/user/abgvg9/benchmark/files/all/pygm/pygm.pdb. Best match rsd_type:  THR
core.io.pose_from_sfr.PoseFromSFRBuilder: [ WARNING ] discarding 1 atoms at position 274 in file /data/user/abgvg9/benchmark/files/all/pygm/pygm.pdb. Best match rsd_type:  GLU
core.io.pose_from_sfr.PoseFromSFRBuilder: [ WARNING ] discarding 1 atoms at position 275 in file /data/user/abgvg9/benchmark/files/all/pygm/pygm.pdb. Best match rsd_type:  ALA
core.io.pose_from_sfr.PoseFromSFRBuilder: [ WARNING ] discarding 2 atoms at position 276 in file /data/user/abgvg9/benchmark/files/all/pygm/pygm.pdb. Best match rsd_type:  SER
core.io.pose_from_sfr.PoseFromSFRBuilder: [ WARNING ] discarding 1 atoms at position 277 in file /data/user/abgvg9/benchmark/files/all/pygm/pygm.pdb. Best match rsd_type:  GLY
core.io.pose_from_sfr.PoseFromSFRBuilder: [ WARNING ] discarding 2 atoms at position 278 in file /data/user/abgvg9/benchmark/files/all/pygm/pygm.pdb. Best match rsd_type:  THR
core.io.pose_from_sfr.PoseFromSFRBuilder: [ WARNING ] discarding 1 atoms at position 279 in file /data/user/abgvg9/benchmark/files/all/pygm/pygm.pdb. Best match rsd_type:  GLY
core.io.pose_from_sfr.PoseFromSFRBuilder: [ WARNING ] discarding 3 atoms at position 280 in file /data/user/abgvg9/benchmark/files/all/pygm/pygm.pdb. Best match rsd_type:  ASN
core.io.pose_from_sfr.PoseFromSFRBuilder: [ WARNING ] discarding 1 atoms at position 281 in file /data/user/abgvg9/benchmark/files/all/pygm/pygm.pdb. Best match rsd_type:  MET
core.io.pose_from_sfr.PoseFromSFRBuilder: [ WARNING ] discarding 16 atoms at position 282 in file /data/user/abgvg9/benchmark/files/all/pygm/pygm.pdb. Best match rsd_type:  LYS
core.io.pose_from_sfr.PoseFromSFRBuilder: [ WARNING ] discarding 1 atoms at position 283 in file /data/user/abgvg9/benchmark/files/all/pygm/pygm.pdb. Best match rsd_type:  PHE
core.io.pose_from_sfr.PoseFromSFRBuilder: [ WARNING ] discarding 1 atoms at position 284 in file /data/user/abgvg9/benchmark/files/all/pygm/pygm.pdb. Best match rsd_type:  MET
core.io.pose_from_sfr.PoseFromSFRBuilder: [ WARNING ] discarding 1 atoms at position 285 in file /data/user/abgvg9/benchmark/files/all/pygm/pygm.pdb. Best match rsd_type:  LEU
core.io.pose_from_sfr.PoseFromSFRBuilder: [ WARNING ] discarding 2 atoms at position 286 in file /data/user/abgvg9/benchmark/files/all/pygm/pygm.pdb. Best match rsd_type:  THR
core.io.pose_from_sfr.PoseFromSFRBuilder: [ WARNING ] discarding 1 atoms at position 287 in file /data/user/abgvg9/benchmark/files/all/pygm/pygm.pdb. Best match rsd_type:  ILE
core.io.pose_from_sfr.PoseFromSFRBuilder: [ WARNING ] discarding 1 atoms at position 288 in file /data/user/abgvg9/benchmark/files/all/pygm/pygm.pdb. Best match rsd_type:  GLY
core.io.pose_from_sfr.PoseFromSFRBuilder: [ WARNING ] discarding 2 atoms at position 289 in file /data/user/abgvg9/benchmark/files/all/pygm/pygm.pdb. Best match rsd_type:  THR
core.io.pose_from_sfr.PoseFromSFRBuilder: [ WARNING ] discarding 1 atoms at position 290 in file /data/user/abgvg9/benchmark/files/all/pygm/pygm.pdb. Best match rsd_type:  MET
core.io.pose_from_sfr.PoseFromSFRBuilder: [ WARNING ] discarding 1 atoms at position 291 in file /data/user/abgvg9/benchmark/files/all/pygm/pygm.pdb. Best match rsd_type:  ASP
core.io.pose_from_sfr.PoseFromSFRBuilder: [ WARNING ] discarding 1 atoms at position 292 in file /data/user/abgvg9/benchmark/files/all/pygm/pygm.pdb. Best match rsd_type:  GLY
core.io.pose_from_sfr.PoseFromSFRBuilder: [ WARNING ] discarding 1 atoms at position 293 in file /data/user/abgvg9/benchmark/files/all/pygm/pygm.pdb. Best match rsd_type:  ALA
core.io.pose_from_sfr.PoseFromSFRBuilder: [ WARNING ] discarding 3 atoms at position 294 in file /data/user/abgvg9/benchmark/files/all/pygm/pygm.pdb. Best match rsd_type:  ASN
core.io.pose_from_sfr.PoseFromSFRBuilder: [ WARNING ] discarding 1 atoms at position 295 in file /data/user/abgvg9/benchmark/files/all/pygm/pygm.pdb. Best match rsd_type:  VAL
core.io.pose_from_sfr.PoseFromSFRBuilder: [ WARNING ] discarding 1 atoms at position 296 in file /data/user/abgvg9/benchmark/files/all/pygm/pygm.pdb. Best match rsd_type:  GLU
core.io.pose_from_sfr.PoseFromSFRBuilder: [ WARNING ] discarding 1 atoms at position 297 in file /data/user/abgvg9/benchmark/files/all/pygm/pygm.pdb. Best match rsd_type:  MET
core.io.pose_from_sfr.PoseFromSFRBuilder: [ WARNING ] discarding 1 atoms at position 298 in file /data/user/abgvg9/benchmark/files/all/pygm/pygm.pdb. Best match rsd_type:  ALA
core.io.pose_from_sfr.PoseFromSFRBuilder: [ WARNING ] discarding 1 atoms at position 299 in file /data/user/abgvg9/benchmark/files/all/pygm/pygm.pdb. Best match rsd_type:  PHE
core.io.pose_from_sfr.PoseFromSFRBuilder: [ WARNING ] discarding 1 atoms at position 300 in file /data/user/abgvg9/benchmark/files/all/pygm/pygm.pdb. Best match rsd_type:  PHE
core.io.pose_from_sfr.PoseFromSFRBuilder: [ WARNING ] discarding 1 atoms at position 301 in file /data/user/abgvg9/benchmark/files/all/pygm/pygm.pdb. Best match rsd_type:  ILE
core.io.pose_from_sfr.PoseFromSFRBuilder: [ WARNING ] discarding 1 atoms at position 302 in file /data/user/abgvg9/benchmark/files/all/pygm/pygm.pdb. Best match rsd_type:  PHE
core.io.pose_from_sfr.PoseFromSFRBuilder: [ WARNING ] discarding 1 atoms at position 303 in file /data/user/abgvg9/benchmark/files/all/pygm/pygm.pdb. Best match rsd_type:  GLY
core.io.pose_from_sfr.PoseFromSFRBuilder: [ WARNING ] discarding 1 atoms at position 304 in file /data/user/abgvg9/benchmark/files/all/pygm/pygm.pdb. Best match rsd_type:  MET
core.io.pose_from_sfr.PoseFromSFRBuilder: [ WARNING ] discarding 6 atoms at position 305 in file /data/user/abgvg9/benchmark/files/all/pygm/pygm.pdb. Best match rsd_type:  ARG
core.io.pose_from_sfr.PoseFromSFRBuilder: [ WARNING ] discarding 1 atoms at position 306 in file /data/user/abgvg9/benchmark/files/all/pygm/pygm.pdb. Best match rsd_type:  VAL
core.io.pose_from_sfr.PoseFromSFRBuilder: [ WARNING ] discarding 1 atoms at position 307 in file /data/user/abgvg9/benchmark/files/all/pygm/pygm.pdb. Best match rsd_type:  GLU
core.io.pose_from_sfr.PoseFromSFRBuilder: [ WARNING ] discarding 1 atoms at position 308 in file /data/user/abgvg9/benchmark/files/all/pygm/pygm.pdb. Best match rsd_type:  ASP
core.io.pose_from_sfr.PoseFromSFRBuilder: [ WARNING ] discarding 1 atoms at position 309 in file /data/user/abgvg9/benchmark/files/all/pygm/pygm.pdb. Best match rsd_type:  VAL
core.io.pose_from_sfr.PoseFromSFRBuilder: [ WARNING ] discarding 1 atoms at position 310 in file /data/user/abgvg9/benchmark/files/all/pygm/pygm.pdb. Best match rsd_type:  ASP
core.io.pose_from_sfr.PoseFromSFRBuilder: [ WARNING ] discarding 6 atoms at position 311 in file /data/user/abgvg9/benchmark/files/all/pygm/pygm.pdb. Best match rsd_type:  ARG
core.io.pose_from_sfr.PoseFromSFRBuilder: [ WARNING ] discarding 1 atoms at position 312 in file /data/user/abgvg9/benchmark/files/all/pygm/pygm.pdb. Best match rsd_type:  LEU
core.io.pose_from_sfr.PoseFromSFRBuilder: [ WARNING ] discarding 1 atoms at position 313 in file /data/user/abgvg9/benchmark/files/all/pygm/pygm.pdb. Best match rsd_type:  ASP
core.io.pose_from_sfr.PoseFromSFRBuilder: [ WARNING ] discarding 3 atoms at position 314 in file /data/user/abgvg9/benchmark/files/all/pygm/pygm.pdb. Best match rsd_type:  GLN
core.io.pose_from_sfr.PoseFromSFRBuilder: [ WARNING ] discarding 6 atoms at position 315 in file /data/user/abgvg9/benchmark/files/all/pygm/pygm.pdb. Best match rsd_type:  ARG
core.io.pose_from_sfr.PoseFromSFRBuilder: [ WARNING ] discarding 1 atoms at position 316 in file /data/user/abgvg9/benchmark/files/all/pygm/pygm.pdb. Best match rsd_type:  GLY
core.io.pose_from_sfr.PoseFromSFRBuilder: [ WARNING ] discarding 2 atoms at position 317 in file /data/user/abgvg9/benchmark/files/all/pygm/pygm.pdb. Best match rsd_type:  TYR
core.io.pose_from_sfr.PoseFromSFRBuilder: [ WARNING ] discarding 3 atoms at position 318 in file /data/user/abgvg9/benchmark/files/all/pygm/pygm.pdb. Best match rsd_type:  ASN
core.io.pose_from_sfr.PoseFromSFRBuilder: [ WARNING ] discarding 1 atoms at position 319 in file /data/user/abgvg9/benchmark/files/all/pygm/pygm.pdb. Best match rsd_type:  ALA
core.io.pose_from_sfr.PoseFromSFRBuilder: [ WARNING ] discarding 3 atoms at position 320 in file /data/user/abgvg9/benchmark/files/all/pygm/pygm.pdb. Best match rsd_type:  GLN
core.io.pose_from_sfr.PoseFromSFRBuilder: [ WARNING ] discarding 1 atoms at position 321 in file /data/user/abgvg9/benchmark/files/all/pygm/pygm.pdb. Best match rsd_type:  GLU
core.io.pose_from_sfr.PoseFromSFRBuilder: [ WARNING ] discarding 2 atoms at position 322 in file /data/user/abgvg9/benchmark/files/all/pygm/pygm.pdb. Best match rsd_type:  TYR
core.io.pose_from_sfr.PoseFromSFRBuilder: [ WARNING ] discarding 2 atoms at position 323 in file /data/user/abgvg9/benchmark/files/all/pygm/pygm.pdb. Best match rsd_type:  TYR
core.io.pose_from_sfr.PoseFromSFRBuilder: [ WARNING ] discarding 1 atoms at position 324 in file /data/user/abgvg9/benchmark/files/all/pygm/pygm.pdb. Best match rsd_type:  ASP
core.io.pose_from_sfr.PoseFromSFRBuilder: [ WARNING ] discarding 1 atoms at position 325 in file /data/user/abgvg9/benchmark/files/all/pygm/pygm.pdb. Best match rsd_type:  ILE
core.io.pose_from_sfr.PoseFromSFRBuilder: [ WARNING ] discarding 1 atoms at position 326 in file /data/user/abgvg9/benchmark/files/all/pygm/pygm.pdb. Best match rsd_type:  GLU
core.io.pose_from_sfr.PoseFromSFRBuilder: [ WARNING ] discarding 1 atoms at position 327 in file /data/user/abgvg9/benchmark/files/all/pygm/pygm.pdb. Best match rsd_type:  LEU
core.io.pose_from_sfr.PoseFromSFRBuilder: [ WARNING ] discarding 6 atoms at position 328 in file /data/user/abgvg9/benchmark/files/all/pygm/pygm.pdb. Best match rsd_type:  ARG
core.io.pose_from_sfr.PoseFromSFRBuilder: [ WARNING ] discarding 1 atoms at position 329 in file /data/user/abgvg9/benchmark/files/all/pygm/pygm.pdb. Best match rsd_type:  ILE
core.io.pose_from_sfr.PoseFromSFRBuilder: [ WARNING ] discarding 1 atoms at position 330 in file /data/user/abgvg9/benchmark/files/all/pygm/pygm.pdb. Best match rsd_type:  ILE
core.io.pose_from_sfr.PoseFromSFRBuilder: [ WARNING ] discarding 1 atoms at position 331 in file /data/user/abgvg9/benchmark/files/all/pygm/pygm.pdb. Best match rsd_type:  GLU
core.io.pose_from_sfr.PoseFromSFRBuilder: [ WARNING ] discarding 3 atoms at position 332 in file /data/user/abgvg9/benchmark/files/all/pygm/pygm.pdb. Best match rsd_type:  GLN
core.io.pose_from_sfr.PoseFromSFRBuilder: [ WARNING ] discarding 1 atoms at position 333 in file /data/user/abgvg9/benchmark/files/all/pygm/pygm.pdb. Best match rsd_type:  LEU
core.io.pose_from_sfr.PoseFromSFRBuilder: [ WARNING ] discarding 2 atoms at position 334 in file /data/user/abgvg9/benchmark/files/all/pygm/pygm.pdb. Best match rsd_type:  SER
core.io.pose_from_sfr.PoseFromSFRBuilder: [ WARNING ] discarding 2 atoms at position 335 in file /data/user/abgvg9/benchmark/files/all/pygm/pygm.pdb. Best match rsd_type:  SER
core.io.pose_from_sfr.PoseFromSFRBuilder: [ WARNING ] discarding 1 atoms at position 336 in file /data/user/abgvg9/benchmark/files/all/pygm/pygm.pdb. Best match rsd_type:  GLY
core.io.pose_from_sfr.PoseFromSFRBuilder: [ WARNING ] discarding 1 atoms at position 337 in file /data/user/abgvg9/benchmark/files/all/pygm/pygm.pdb. Best match rsd_type:  PHE
core.io.pose_from_sfr.PoseFromSFRBuilder: [ WARNING ] discarding 1 atoms at position 338 in file /data/user/abgvg9/benchmark/files/all/pygm/pygm.pdb. Best match rsd_type:  PHE
core.io.pose_from_sfr.PoseFromSFRBuilder: [ WARNING ] discarding 2 atoms at position 339 in file /data/user/abgvg9/benchmark/files/all/pygm/pygm.pdb. Best match rsd_type:  SER
core.io.pose_from_sfr.PoseFromSFRBuilder: [ WARNING ] discarding 4 atoms at position 340 in file /data/user/abgvg9/benchmark/files/all/pygm/pygm.pdb. Best match rsd_type:  LYS
core.io.pose_from_sfr.PoseFromSFRBuilder: [ WARNING ] discarding 3 atoms at position 341 in file /data/user/abgvg9/benchmark/files/all/pygm/pygm.pdb. Best match rsd_type:  GLN
core.io.pose_from_sfr.PoseFromSFRBuilder: [ WARNING ] discarding 1 atoms at position 343 in file /data/user/abgvg9/benchmark/files/all/pygm/pygm.pdb. Best match rsd_type:  ASP
core.io.pose_from_sfr.PoseFromSFRBuilder: [ WARNING ] discarding 1 atoms at position 344 in file /data/user/abgvg9/benchmark/files/all/pygm/pygm.pdb. Best match rsd_type:  LEU
core.io.pose_from_sfr.PoseFromSFRBuilder: [ WARNING ] discarding 1 atoms at position 345 in file /data/user/abgvg9/benchmark/files/all/pygm/pygm.pdb. Best match rsd_type:  PHE
core.io.pose_from_sfr.PoseFromSFRBuilder: [ WARNING ] discarding 4 atoms at position 346 in file /data/user/abgvg9/benchmark/files/all/pygm/pygm.pdb. Best match rsd_type:  LYS
core.io.pose_from_sfr.PoseFromSFRBuilder: [ WARNING ] discarding 1 atoms at position 347 in file /data/user/abgvg9/benchmark/files/all/pygm/pygm.pdb. Best match rsd_type:  ASP
core.io.pose_from_sfr.PoseFromSFRBuilder: [ WARNING ] discarding 1 atoms at position 348 in file /data/user/abgvg9/benchmark/files/all/pygm/pygm.pdb. Best match rsd_type:  ILE
core.io.pose_from_sfr.PoseFromSFRBuilder: [ WARNING ] discarding 1 atoms at position 349 in file /data/user/abgvg9/benchmark/files/all/pygm/pygm.pdb. Best match rsd_type:  VAL
core.io.pose_from_sfr.PoseFromSFRBuilder: [ WARNING ] discarding 3 atoms at position 350 in file /data/user/abgvg9/benchmark/files/all/pygm/pygm.pdb. Best match rsd_type:  ASN
core.io.pose_from_sfr.PoseFromSFRBuilder: [ WARNING ] discarding 1 atoms at position 351 in file /data/user/abgvg9/benchmark/files/all/pygm/pygm.pdb. Best match rsd_type:  MET
core.io.pose_from_sfr.PoseFromSFRBuilder: [ WARNING ] discarding 1 atoms at position 352 in file /data/user/abgvg9/benchmark/files/all/pygm/pygm.pdb. Best match rsd_type:  LEU
core.io.pose_from_sfr.PoseFromSFRBuilder: [ WARNING ] discarding 1 atoms at position 353 in file /data/user/abgvg9/benchmark/files/all/pygm/pygm.pdb. Best match rsd_type:  MET
core.io.pose_from_sfr.PoseFromSFRBuilder: [ WARNING ] discarding 2 atoms at position 354 in file /data/user/abgvg9/benchmark/files/all/pygm/pygm.pdb. Best match rsd_type:  HIS
core.io.pose_from_sfr.PoseFromSFRBuilder: [ WARNING ] discarding 2 atoms at position 355 in file /data/user/abgvg9/benchmark/files/all/pygm/pygm.pdb. Best match rsd_type:  HIS
core.io.pose_from_sfr.PoseFromSFRBuilder: [ WARNING ] discarding 1 atoms at position 356 in file /data/user/abgvg9/benchmark/files/all/pygm/pygm.pdb. Best match rsd_type:  ASP
core.io.pose_from_sfr.PoseFromSFRBuilder: [ WARNING ] discarding 6 atoms at position 357 in file /data/user/abgvg9/benchmark/files/all/pygm/pygm.pdb. Best match rsd_type:  ARG
core.io.pose_from_sfr.PoseFromSFRBuilder: [ WARNING ] discarding 1 atoms at position 358 in file /data/user/abgvg9/benchmark/files/all/pygm/pygm.pdb. Best match rsd_type:  PHE
core.io.pose_from_sfr.PoseFromSFRBuilder: [ WARNING ] discarding 4 atoms at position 359 in file /data/user/abgvg9/benchmark/files/all/pygm/pygm.pdb. Best match rsd_type:  LYS
core.io.pose_from_sfr.PoseFromSFRBuilder: [ WARNING ] discarding 1 atoms at position 360 in file /data/user/abgvg9/benchmark/files/all/pygm/pygm.pdb. Best match rsd_type:  VAL
core.io.pose_from_sfr.PoseFromSFRBuilder: [ WARNING ] discarding 1 atoms at position 361 in file /data/user/abgvg9/benchmark/files/all/pygm/pygm.pdb. Best match rsd_type:  PHE
core.io.pose_from_sfr.PoseFromSFRBuilder: [ WARNING ] discarding 1 atoms at position 362 in file /data/user/abgvg9/benchmark/files/all/pygm/pygm.pdb. Best match rsd_type:  ALA
core.io.pose_from_sfr.PoseFromSFRBuilder: [ WARNING ] discarding 1 atoms at position 363 in file /data/user/abgvg9/benchmark/files/all/pygm/pygm.pdb. Best match rsd_type:  ASP
core.io.pose_from_sfr.PoseFromSFRBuilder: [ WARNING ] discarding 2 atoms at position 364 in file /data/user/abgvg9/benchmark/files/all/pygm/pygm.pdb. Best match rsd_type:  TYR
core.io.pose_from_sfr.PoseFromSFRBuilder: [ WARNING ] discarding 1 atoms at position 365 in file /data/user/abgvg9/benchmark/files/all/pygm/pygm.pdb. Best match rsd_type:  GLU
core.io.pose_from_sfr.PoseFromSFRBuilder: [ WARNING ] discarding 1 atoms at position 366 in file /data/user/abgvg9/benchmark/files/all/pygm/pygm.pdb. Best match rsd_type:  GLU
core.io.pose_from_sfr.PoseFromSFRBuilder: [ WARNING ] discarding 2 atoms at position 367 in file /data/user/abgvg9/benchmark/files/all/pygm/pygm.pdb. Best match rsd_type:  TYR
core.io.pose_from_sfr.PoseFromSFRBuilder: [ WARNING ] discarding 1 atoms at position 368 in file /data/user/abgvg9/benchmark/files/all/pygm/pygm.pdb. Best match rsd_type:  VAL
core.io.pose_from_sfr.PoseFromSFRBuilder: [ WARNING ] discarding 2 atoms at position 369 in file /data/user/abgvg9/benchmark/files/all/pygm/pygm.pdb. Best match rsd_type:  CYS
core.io.pose_from_sfr.PoseFromSFRBuilder: [ WARNING ] discarding 3 atoms at position 370 in file /data/user/abgvg9/benchmark/files/all/pygm/pygm.pdb. Best match rsd_type:  GLN
core.io.pose_from_sfr.PoseFromSFRBuilder: [ WARNING ] discarding 4 atoms at position 371 in file /data/user/abgvg9/benchmark/files/all/pygm/pygm.pdb. Best match rsd_type:  LYS
core.io.pose_from_sfr.PoseFromSFRBuilder: [ WARNING ] discarding 1 atoms at position 372 in file /data/user/abgvg9/benchmark/files/all/pygm/pygm.pdb. Best match rsd_type:  PHE
core.io.pose_from_sfr.PoseFromSFRBuilder: [ WARNING ] discarding 2 atoms at position 373 in file /data/user/abgvg9/benchmark/files/all/pygm/pygm.pdb. Best match rsd_type:  SER
core.io.pose_from_sfr.PoseFromSFRBuilder: [ WARNING ] discarding 6 atoms at position 374 in file /data/user/abgvg9/benchmark/files/all/pygm/pygm.pdb. Best match rsd_type:  ARG
core.io.pose_from_sfr.PoseFromSFRBuilder: [ WARNING ] discarding 2 atoms at position 375 in file /data/user/abgvg9/benchmark/files/all/pygm/pygm.pdb. Best match rsd_type:  THR
core.io.pose_from_sfr.PoseFromSFRBuilder: [ WARNING ] discarding 1 atoms at position 376 in file /data/user/abgvg9/benchmark/files/all/pygm/pygm.pdb. Best match rsd_type:  ILE
core.io.pose_from_sfr.PoseFromSFRBuilder: [ WARNING ] discarding 2 atoms at position 377 in file /data/user/abgvg9/benchmark/files/all/pygm/pygm.pdb. Best match rsd_type:  TYR
core.io.pose_from_sfr.PoseFromSFRBuilder: [ WARNING ] discarding 1 atoms at position 378 in file /data/user/abgvg9/benchmark/files/all/pygm/pygm.pdb. Best match rsd_type:  ILE:CtermProteinFull
core.conformation.Conformation: [ WARNING ] missing heavyatom:  OXT on residue ILE:CtermProteinFull 378
core.io.pose_from_sfr.PoseFromSFRBuilder: [ WARNING ] can't find pose atom for file-residue 282 atom  C2  (trying to store temperature in PDBInfo)
core.io.pose_from_sfr.PoseFromSFRBuilder: [ WARNING ] can't find pose atom for file-residue 282 atom  C2' (trying to store temperature in PDBInfo)
core.io.pose_from_sfr.PoseFromSFRBuilder: [ WARNING ] can't find pose atom for file-residue 282 atom  C3  (trying to store temperature in PDBInfo)
core.io.pose_from_sfr.PoseFromSFRBuilder: [ WARNING ] can't find pose atom for file-residue 282 atom  C4  (trying to store temperature in PDBInfo)
core.io.pose_from_sfr.PoseFromSFRBuilder: [ WARNING ] can't find pose atom for file-residue 282 atom  C4' (trying to store temperature in PDBInfo)
core.io.pose_from_sfr.PoseFromSFRBuilder: [ WARNING ] can't find pose atom for file-residue 282 atom  C5  (trying to store temperature in PDBInfo)
core.io.pose_from_sfr.PoseFromSFRBuilder: [ WARNING ] can't find pose atom for file-residue 282 atom  C5' (trying to store temperature in PDBInfo)
core.io.pose_from_sfr.PoseFromSFRBuilder: [ WARNING ] can't find pose atom for file-residue 282 atom  C6  (trying to store temperature in PDBInfo)
core.io.pose_from_sfr.PoseFromSFRBuilder: [ WARNING ] can't find pose atom for file-residue 282 atom  N1  (trying to store temperature in PDBInfo)
core.io.pose_from_sfr.PoseFromSFRBuilder: [ WARNING ] can't find pose atom for file-residue 282 atom  O3  (trying to store temperature in PDBInfo)
core.io.pose_from_sfr.PoseFromSFRBuilder: [ WARNING ] can't find pose atom for file-residue 282 atom  OP1 (trying to store temperature in PDBInfo)
core.io.pose_from_sfr.PoseFromSFRBuilder: [ WARNING ] can't find pose atom for file-residue 282 atom  OP2 (trying to store temperature in PDBInfo)
core.io.pose_from_sfr.PoseFromSFRBuilder: [ WARNING ] can't find pose atom for file-residue 282 atom  OP3 (trying to store temperature in PDBInfo)
core.io.pose_from_sfr.PoseFromSFRBuilder: [ WARNING ] can't find pose atom for file-residue 282 atom  OP4 (trying to store temperature in PDBInfo)
core.io.pose_from_sfr.PoseFromSFRBuilder: [ WARNING ] can't find pose atom for file-residue 282 atom  P   (trying to store temperature in PDBInfo)
LDS_app: Making LigandDiscoverySearch object
core.scoring.etable: Starting energy table calculation
core.scoring.etable: smooth_etable: changing atr/rep split to bottom of energy well
core.scoring.etable: smooth_etable: spline smoothing lj etables (maxdis = 6)
core.scoring.etable: smooth_etable: spline smoothing solvation etables (max_dis = 6)
core.scoring.etable: Finished calculating energy tables.
basic.io.database: Database file opened: scoring/score_functions/PairEPotential/pdb_pair_stats_fine
basic.io.database: Database file opened: scoring/score_functions/hbonds/ref2015_params/HBPoly1D.csv
basic.io.database: Database file opened: scoring/score_functions/hbonds/ref2015_params/HBFadeIntervals.csv
basic.io.database: Database file opened: scoring/score_functions/hbonds/ref2015_params/HBEval.csv
basic.io.database: Database file opened: scoring/score_functions/hbonds/ref2015_params/DonStrength.csv
basic.io.database: Database file opened: scoring/score_functions/hbonds/ref2015_params/AccStrength.csv
basic.io.database: Database file opened: scoring/score_functions/P_AA_pp/P_AA
basic.io.database: Database file opened: scoring/score_functions/P_AA_pp/P_AA_n
core.scoring.P_AA: shapovalov_lib::shap_p_aa_pp_smooth_level of 1( aka low_smooth ) got activated.
basic.io.database: Database file opened: scoring/score_functions/P_AA_pp/shapovalov/10deg/kappa131/a20.prop
basic.io.database: Database file opened: scoring/score_functions/omega/omega_ppdep.all.txt
basic.io.database: Database file opened: scoring/score_functions/omega/omega_ppdep.gly.txt
basic.io.database: Database file opened: scoring/score_functions/omega/omega_ppdep.pro.txt
basic.io.database: Database file opened: scoring/score_functions/omega/omega_ppdep.valile.txt
LDS_app: Running discovery for pygm
protocols.ligand_docking.ligand_options.Protocol: Initializing options: 
protocols.ligand_docking.ligand_options.Protocol: allow_minimization_: 1
protocols.ligand_docking.ligand_options.Protocol: allow_repacking_: 1
protocols.ligand_docking.ligand_options.Protocol: all_residues_: 0
LigandDiscoverySearch.discover: Current anchor residue position: 78
LigandDiscoverySearch.create_protein_matrix_space_fill: binding_pocket_dimensions: 10,10,10
LigandDiscoverySearch.create_protein_matrix_space_fill: binding_pocket_dimensions: 4,5,5
LigandDiscoverySearch.create_protein_matrix_space_fill: Sub-region stats without placed region, bound by adjusted coordinates: x(35->43) y(30->40) z(25->35)
LigandDiscoverySearch.discover: Starting to iterate through all ligands
LigandDiscoverySearch.discover: On ligand +
basic.io.database: [ WARNING ] Unable to locate database file chemical/pdb_components/components.c.cif
basic.io.database: [ WARNING ] Unable to locate database file chemical/pdb_components/components.c.cif.gz
core.chemical.GlobalResidueTypeSet: [ WARNING ] Could not find: 'cry' in pdb components files! Skipping residue...
core.pack.task: Packer task: initialize from command line() 
core.pack.task: Packer task: initialize from command line() 
core.pack.task: Packer task: initialize from command line() 
protocols.moves.MonteCarlo: MonteCarlo:: last_accepted_score,lowest_score: -1293.87 -1293.87
basic.io.database: Database file opened: scoring/score_functions/elec_cp_reps.dat
core.scoring.elec.util: Read 40 countpair representative atoms
core.pack.dunbrack.RotamerLibrary: shapovalov_lib_fixes_enable option is true.
core.pack.dunbrack.RotamerLibrary: shapovalov_lib::shap_dun10_smooth_level of 1( aka lowest_smooth ) got activated.
core.pack.dunbrack.RotamerLibrary: Binary rotamer library selected: /scratch/abgvg9/rosetta_may_for_checkin/rosetta/database/rotamer/shapovalov/StpDwn_0-0-0/Dunbrack10.lib.bin
core.pack.dunbrack.RotamerLibrary: Using Dunbrack library binary file '/scratch/abgvg9/rosetta_may_for_checkin/rosetta/database/rotamer/shapovalov/StpDwn_0-0-0/Dunbrack10.lib.bin'.
core.pack.dunbrack.RotamerLibrary: Dunbrack 2010 library took 0.15 seconds to load from binary
protocols.motifs.Motif: Res1 name is PHE
protocols.motifs.Motif: atom1 name is aroC
protocols.motifs.Motif: atom2 name is aroC
protocols.motifs.Motif: atom3 name is aroC
protocols.motifs.Motif: Res1 name is GLU
protocols.motifs.Motif: atom1 name is CH3
protocols.motifs.Motif: atom2 name is Ntrp
protocols.motifs.Motif: atom3 name is CH2
protocols.motifs.Motif: Res1 name is TYR
protocols.motifs.Motif: atom1 name is aroC
protocols.motifs.Motif: atom2 name is aroC
protocols.motifs.Motif: atom3 name is Cl
core.pack.task: Packer task: initialize from command line() 
core.pack.task: Packer task: initialize from command line() 
core.pack.task: Packer task: initialize from command line() 
protocols.moves.MonteCarlo: MonteCarlo:: last_accepted_score,lowest_score: -1291.15 -1291.53
protocols.motifs.Motif: Res1 name is PHE
protocols.motifs.Motif: atom1 name is CH1
protocols.motifs.Motif: atom2 name is CH2
protocols.motifs.Motif: atom3 name is Ntrp
protocols.motifs.Motif: Res1 name is GLU
protocols.motifs.Motif: atom1 name is CH1
protocols.motifs.Motif: atom2 name is CH1
protocols.motifs.Motif: atom3 name is OH
protocols.motifs.Motif: Res1 name is TYR
protocols.motifs.Motif: atom1 name is CH2
protocols.motifs.Motif: atom2 name is Ntrp
protocols.motifs.Motif: atom3 name is CH2
core.pack.task: Packer task: initialize from command line() 
core.pack.task: Packer task: initialize from command line() 
core.pack.task: Packer task: initialize from command line() 
protocols.moves.MonteCarlo: MonteCarlo:: last_accepted_score,lowest_score: -1296.91 -1296.91
protocols.motifs.Motif: Res1 name is PHE
protocols.motifs.Motif: atom1 name is COO
protocols.motifs.Motif: atom2 name is aroC
protocols.motifs.Motif: atom3 name is aroC
protocols.motifs.Motif: Res1 name is GLU
protocols.motifs.Motif: atom1 name is aroC
protocols.motifs.Motif: atom2 name is aroC
protocols.motifs.Motif: atom3 name is OH
protocols.motifs.Motif: Res1 name is TYR
protocols.motifs.Motif: atom1 name is aroC
protocols.motifs.Motif: atom2 name is aroC
protocols.motifs.Motif: atom3 name is OH
protocols.motifs.Motif: Res1 name is ARG
protocols.motifs.Motif: atom1 name is aroC
protocols.motifs.Motif: atom2 name is aroC
protocols.motifs.Motif: atom3 name is OH
core.pack.task: Packer task: initialize from command line() 
core.pack.task: Packer task: initialize from command line() 
core.pack.task: Packer task: initialize from command line() 
protocols.moves.MonteCarlo: MonteCarlo:: last_accepted_score,lowest_score: -1289.56 -1289.56
protocols.motifs.Motif: Res1 name is PHE
protocols.motifs.Motif: atom1 name is CH1
protocols.motifs.Motif: atom2 name is CH2
protocols.motifs.Motif: atom3 name is Ntrp
protocols.motifs.Motif: Res1 name is GLU
protocols.motifs.Motif: atom1 name is CH1
protocols.motifs.Motif: atom2 name is CH1
protocols.motifs.Motif: atom3 name is OH
protocols.motifs.Motif: Res1 name is TYR
protocols.motifs.Motif: atom1 name is CH3
protocols.motifs.Motif: atom2 name is Ntrp
protocols.motifs.Motif: atom3 name is CH2
core.pack.task: Packer task: initialize from command line() 
core.pack.task: Packer task: initialize from command line() 
core.pack.task: Packer task: initialize from command line() 
protocols.moves.MonteCarlo: MonteCarlo:: last_accepted_score,lowest_score: -1293.72 -1293.72
protocols.motifs.Motif: Res1 name is PHE
protocols.motifs.Motif: atom1 name is aroC
protocols.motifs.Motif: atom2 name is aroC
protocols.motifs.Motif: atom3 name is aroC
protocols.motifs.Motif: Res1 name is GLU
protocols.motifs.Motif: atom1 name is CH3
protocols.motifs.Motif: atom2 name is Ntrp
protocols.motifs.Motif: atom3 name is CH2
protocols.motifs.Motif: Res1 name is TYR
protocols.motifs.Motif: atom1 name is aroC
protocols.motifs.Motif: atom2 name is aroC
protocols.motifs.Motif: atom3 name is Cl
core.pack.task: Packer task: initialize from command line() 
core.pack.task: Packer task: initialize from command line() 
core.pack.task: Packer task: initialize from command line() 
protocols.moves.MonteCarlo: MonteCarlo:: last_accepted_score,lowest_score: -1292.86 -1292.86
protocols.motifs.Motif: Res1 name is PHE
protocols.motifs.Motif: atom1 name is aroC
protocols.motifs.Motif: atom2 name is aroC
protocols.motifs.Motif: atom3 name is aroC
protocols.motifs.Motif: Res1 name is GLU
protocols.motifs.Motif: atom1 name is CH1
protocols.motifs.Motif: atom2 name is CH2
protocols.motifs.Motif: atom3 name is Ntrp
protocols.motifs.Motif: Res1 name is TYR
protocols.motifs.Motif: atom1 name is CH2
protocols.motifs.Motif: atom2 name is Ntrp
protocols.motifs.Motif: atom3 name is CH2
core.pack.task: Packer task: initialize from command line() 
core.pack.task: Packer task: initialize from command line() 
core.pack.task: Packer task: initialize from command line() 
protocols.moves.MonteCarlo: MonteCarlo:: last_accepted_score,lowest_score: -1299.35 -1299.48
protocols.motifs.Motif: Res1 name is PHE
protocols.motifs.Motif: atom1 name is aroC
protocols.motifs.Motif: atom2 name is aroC
protocols.motifs.Motif: atom3 name is aroC
protocols.motifs.Motif: Res1 name is GLU
protocols.motifs.Motif: atom1 name is aroC
protocols.motifs.Motif: atom2 name is aroC
protocols.motifs.Motif: atom3 name is OH
protocols.motifs.Motif: Res1 name is TYR
protocols.motifs.Motif: atom1 name is aroC
protocols.motifs.Motif: atom2 name is aroC
protocols.motifs.Motif: atom3 name is Oaro
protocols.motifs.Motif: Res1 name is ARG
protocols.motifs.Motif: atom1 name is aroC
protocols.motifs.Motif: atom2 name is aroC
protocols.motifs.Motif: atom3 name is aroC
protocols.motifs.Motif: Res1 name is PHE
protocols.motifs.Motif: atom1 name is aroC
protocols.motifs.Motif: atom2 name is aroC
protocols.motifs.Motif: atom3 name is OH
core.pack.task: Packer task: initialize from command line() 
core.pack.task: Packer task: initialize from command line() 
core.pack.task: Packer task: initialize from command line() 
protocols.moves.MonteCarlo: MonteCarlo:: last_accepted_score,lowest_score: -1291.79 -1292.4
protocols.motifs.Motif: Res1 name is PHE
protocols.motifs.Motif: atom1 name is aroC
protocols.motifs.Motif: atom2 name is aroC
protocols.motifs.Motif: atom3 name is aroC
protocols.motifs.Motif: Res1 name is GLU
protocols.motifs.Motif: atom1 name is CH1
protocols.motifs.Motif: atom2 name is CH2
protocols.motifs.Motif: atom3 name is Ntrp
protocols.motifs.Motif: Res1 name is TYR
protocols.motifs.Motif: atom1 name is aroC
protocols.motifs.Motif: atom2 name is aroC
protocols.motifs.Motif: atom3 name is Cl
core.pack.task: Packer task: initialize from command line() 
core.pack.task: Packer task: initialize from command line() 
core.pack.task: Packer task: initialize from command line() 
protocols.moves.MonteCarlo: MonteCarlo:: last_accepted_score,lowest_score: -1298.7 -1299.79
protocols.motifs.Motif: Res1 name is PHE
protocols.motifs.Motif: atom1 name is COO
protocols.motifs.Motif: atom2 name is aroC
protocols.motifs.Motif: atom3 name is aroC
protocols.motifs.Motif: Res1 name is GLU
protocols.motifs.Motif: atom1 name is CH2
protocols.motifs.Motif: atom2 name is CH2
protocols.motifs.Motif: atom3 name is CH1
protocols.motifs.Motif: Res1 name is HIS
protocols.motifs.Motif: atom1 name is aroC
protocols.motifs.Motif: atom2 name is aroC
protocols.motifs.Motif: atom3 name is OH
protocols.motifs.Motif: Res1 name is GLU
protocols.motifs.Motif: atom1 name is CH1
protocols.motifs.Motif: atom2 name is CH1
protocols.motifs.Motif: atom3 name is OH
protocols.motifs.Motif: Res1 name is TYR
protocols.motifs.Motif: atom1 name is aroC
protocols.motifs.Motif: atom2 name is aroC
protocols.motifs.Motif: atom3 name is OH
protocols.motifs.Motif: Res1 name is ARG
protocols.motifs.Motif: atom1 name is aroC
protocols.motifs.Motif: atom2 name is aroC
protocols.motifs.Motif: atom3 name is OH
protocols.motifs.Motif: Res1 name is PHE
protocols.motifs.Motif: atom1 name is aroC
protocols.motifs.Motif: atom2 name is aroC
protocols.motifs.Motif: atom3 name is OH
core.pack.task: Packer task: initialize from command line() 
core.pack.task: Packer task: initialize from command line() 
core.pack.task: Packer task: initialize from command line() 
protocols.moves.MonteCarlo: MonteCarlo:: last_accepted_score,lowest_score: -1296.82 -1297.18
protocols.motifs.Motif: Res1 name is PHE
protocols.motifs.Motif: atom1 name is aroC
protocols.motifs.Motif: atom2 name is aroC
protocols.motifs.Motif: atom3 name is aroC
protocols.motifs.Motif: Res1 name is GLU
protocols.motifs.Motif: atom1 name is aroC
protocols.motifs.Motif: atom2 name is aroC
protocols.motifs.Motif: atom3 name is OH
protocols.motifs.Motif: Res1 name is TYR
protocols.motifs.Motif: atom1 name is aroC
protocols.motifs.Motif: atom2 name is aroC
protocols.motifs.Motif: atom3 name is OH
protocols.motifs.Motif: Res1 name is ARG
protocols.motifs.Motif: atom1 name is aroC
protocols.motifs.Motif: atom2 name is aroC
protocols.motifs.Motif: atom3 name is OH
core.pack.task: Packer task: initialize from command line() 
core.pack.task: Packer task: initialize from command line() 
core.pack.task: Packer task: initialize from command line() 
protocols.moves.MonteCarlo: MonteCarlo:: last_accepted_score,lowest_score: -1300.03 -1300.03
protocols.motifs.Motif: Res1 name is PHE
protocols.motifs.Motif: atom1 name is aroC
protocols.motifs.Motif: atom2 name is aroC
protocols.motifs.Motif: atom3 name is Cl
protocols.motifs.Motif: Res1 name is GLU
protocols.motifs.Motif: atom1 name is aroC
protocols.motifs.Motif: atom2 name is COO
protocols.motifs.Motif: atom3 name is OOC
protocols.motifs.Motif: Res1 name is GLU
protocols.motifs.Motif: atom1 name is aroC
protocols.motifs.Motif: atom2 name is aroC
protocols.motifs.Motif: atom3 name is CH1
protocols.motifs.Motif: Res1 name is TYR
protocols.motifs.Motif: atom1 name is aroC
protocols.motifs.Motif: atom2 name is aroC
protocols.motifs.Motif: atom3 name is Oaro
protocols.motifs.Motif: Res1 name is MET
protocols.motifs.Motif: atom1 name is CH1
protocols.motifs.Motif: atom2 name is CH2
protocols.motifs.Motif: atom3 name is Ntrp
protocols.motifs.Motif: Res1 name is ARG
protocols.motifs.Motif: atom1 name is aroC
protocols.motifs.Motif: atom2 name is aroC
protocols.motifs.Motif: atom3 name is OH
protocols.motifs.Motif: Res1 name is PHE
protocols.motifs.Motif: atom1 name is aroC
protocols.motifs.Motif: atom2 name is aroC
protocols.motifs.Motif: atom3 name is OH
core.pack.task: Packer task: initialize from command line() 
core.pack.task: Packer task: initialize from command line() 
core.pack.task: Packer task: initialize from command line() 
protocols.moves.MonteCarlo: MonteCarlo:: last_accepted_score,lowest_score: -1288.41 -1288.41
protocols.motifs.Motif: Res1 name is PHE
protocols.motifs.Motif: atom1 name is CH1
protocols.motifs.Motif: atom2 name is CH2
protocols.motifs.Motif: atom3 name is Ntrp
protocols.motifs.Motif: Res1 name is GLU
protocols.motifs.Motif: atom1 name is CH1
protocols.motifs.Motif: atom2 name is CH1
protocols.motifs.Motif: atom3 name is OH
protocols.motifs.Motif: Res1 name is TYR
protocols.motifs.Motif: atom1 name is CH2
protocols.motifs.Motif: atom2 name is Ntrp
protocols.motifs.Motif: atom3 name is CH2
core.pack.task: Packer task: initialize from command line() 
core.pack.task: Packer task: initialize from command line() 
core.pack.task: Packer task: initialize from command line() 
protocols.moves.MonteCarlo: MonteCarlo:: last_accepted_score,lowest_score: -1292.87 -1293.15
protocols.motifs.Motif: Res1 name is PHE
protocols.motifs.Motif: atom1 name is aroC
protocols.motifs.Motif: atom2 name is aroC
protocols.motifs.Motif: atom3 name is Cl
protocols.motifs.Motif: Res1 name is GLU
protocols.motifs.Motif: atom1 name is aroC
protocols.motifs.Motif: atom2 name is aroC
protocols.motifs.Motif: atom3 name is aroC
protocols.motifs.Motif: Res1 name is GLU
protocols.motifs.Motif: atom1 name is CH3
protocols.motifs.Motif: atom2 name is Ntrp
protocols.motifs.Motif: atom3 name is CH2
protocols.motifs.Motif: Res1 name is TYR
protocols.motifs.Motif: atom1 name is aroC
protocols.motifs.Motif: atom2 name is aroC
protocols.motifs.Motif: atom3 name is Cl
core.pack.task: Packer task: initialize from command line() 
core.pack.task: Packer task: initialize from command line() 
core.pack.task: Packer task: initialize from command line() 
protocols.moves.MonteCarlo: MonteCarlo:: last_accepted_score,lowest_score: -1288.8 -1289.49
protocols.motifs.Motif: Res1 name is PHE
protocols.motifs.Motif: atom1 name is CH1
protocols.motifs.Motif: atom2 name is CH2
protocols.motifs.Motif: atom3 name is Ntrp
protocols.motifs.Motif: Res1 name is GLU
protocols.motifs.Motif: atom1 name is CH1
protocols.motifs.Motif: atom2 name is CH1
protocols.motifs.Motif: atom3 name is OH
protocols.motifs.Motif: Res1 name is TYR
protocols.motifs.Motif: atom1 name is CH2
protocols.motifs.Motif: atom2 name is Ntrp
protocols.motifs.Motif: atom3 name is CH2
core.pack.task: Packer task: initialize from command line() 
core.pack.task: Packer task: initialize from command line() 
core.pack.task: Packer task: initialize from command line() 
protocols.moves.MonteCarlo: MonteCarlo:: last_accepted_score,lowest_score: -1257.08 -1257.08
protocols.motifs.Motif: Res1 name is PHE
protocols.motifs.Motif: atom1 name is aroC
protocols.motifs.Motif: atom2 name is aroC
protocols.motifs.Motif: atom3 name is Oaro
protocols.motifs.Motif: Res1 name is GLU
protocols.motifs.Motif: atom1 name is aroC
protocols.motifs.Motif: atom2 name is aroC
protocols.motifs.Motif: atom3 name is aroC
protocols.motifs.Motif: Res1 name is TYR
protocols.motifs.Motif: atom1 name is aroC
protocols.motifs.Motif: atom2 name is aroC
protocols.motifs.Motif: atom3 name is OH
core.pack.task: Packer task: initialize from command line() 
core.pack.task: Packer task: initialize from command line() 
core.pack.task: Packer task: initialize from command line() 
protocols.moves.MonteCarlo: MonteCarlo:: last_accepted_score,lowest_score: -1290.5 -1291.14
protocols.motifs.Motif: Res1 name is PHE
protocols.motifs.Motif: atom1 name is CH1
protocols.motifs.Motif: atom2 name is CH2
protocols.motifs.Motif: atom3 name is Ntrp
protocols.motifs.Motif: Res1 name is GLU
protocols.motifs.Motif: atom1 name is CH1
protocols.motifs.Motif: atom2 name is CH1
protocols.motifs.Motif: atom3 name is OH
protocols.motifs.Motif: Res1 name is TYR
protocols.motifs.Motif: atom1 name is CH2
protocols.motifs.Motif: atom2 name is Ntrp
protocols.motifs.Motif: atom3 name is CH2
core.pack.task: Packer task: initialize from command line() 
core.pack.task: Packer task: initialize from command line() 
core.pack.task: Packer task: initialize from command line() 
protocols.moves.MonteCarlo: MonteCarlo:: last_accepted_score,lowest_score: -1301.16 -1301.16
protocols.motifs.Motif: Res1 name is PHE
protocols.motifs.Motif: atom1 name is aroC
protocols.motifs.Motif: atom2 name is aroC
protocols.motifs.Motif: atom3 name is aroC
protocols.motifs.Motif: Res1 name is GLU
protocols.motifs.Motif: atom1 name is aroC
protocols.motifs.Motif: atom2 name is aroC
protocols.motifs.Motif: atom3 name is OH
protocols.motifs.Motif: Res1 name is GLU
protocols.motifs.Motif: atom1 name is aroC
protocols.motifs.Motif: atom2 name is aroC
protocols.motifs.Motif: atom3 name is OH
protocols.motifs.Motif: Res1 name is TYR
protocols.motifs.Motif: atom1 name is aroC
protocols.motifs.Motif: atom2 name is aroC
protocols.motifs.Motif: atom3 name is Oaro
protocols.motifs.Motif: Res1 name is MET
protocols.motifs.Motif: atom1 name is CH1
protocols.motifs.Motif: atom2 name is CH2
protocols.motifs.Motif: atom3 name is Ntrp
protocols.motifs.Motif: Res1 name is ARG
protocols.motifs.Motif: atom1 name is aroC
protocols.motifs.Motif: atom2 name is aroC
protocols.motifs.Motif: atom3 name is OH
core.pack.task: Packer task: initialize from command line() 
core.pack.task: Packer task: initialize from command line() 
core.pack.task: Packer task: initialize from command line() 
protocols.moves.MonteCarlo: MonteCarlo:: last_accepted_score,lowest_score: -1299.66 -1299.66
protocols.motifs.Motif: Res1 name is PHE
protocols.motifs.Motif: atom1 name is COO
protocols.motifs.Motif: atom2 name is aroC
protocols.motifs.Motif: atom3 name is aroC
protocols.motifs.Motif: Res1 name is GLU
protocols.motifs.Motif: atom1 name is CH2
protocols.motifs.Motif: atom2 name is CH2
protocols.motifs.Motif: atom3 name is CH1
protocols.motifs.Motif: Res1 name is HIS
protocols.motifs.Motif: atom1 name is aroC
protocols.motifs.Motif: atom2 name is aroC
protocols.motifs.Motif: atom3 name is OH
protocols.motifs.Motif: Res1 name is GLU
protocols.motifs.Motif: atom1 name is CH1
protocols.motifs.Motif: atom2 name is CH1
protocols.motifs.Motif: atom3 name is OH
protocols.motifs.Motif: Res1 name is TYR
protocols.motifs.Motif: atom1 name is aroC
protocols.motifs.Motif: atom2 name is aroC
protocols.motifs.Motif: atom3 name is OH
protocols.motifs.Motif: Res1 name is ARG
protocols.motifs.Motif: atom1 name is aroC
protocols.motifs.Motif: atom2 name is aroC
protocols.motifs.Motif: atom3 name is OH
protocols.motifs.Motif: Res1 name is PHE
protocols.motifs.Motif: atom1 name is aroC
protocols.motifs.Motif: atom2 name is aroC
protocols.motifs.Motif: atom3 name is OH
core.pack.task: Packer task: initialize from command line() 
core.pack.task: Packer task: initialize from command line() 
core.pack.task: Packer task: initialize from command line() 
protocols.moves.MonteCarlo: MonteCarlo:: last_accepted_score,lowest_score: -1299.98 -1299.98
protocols.motifs.Motif: Res1 name is PHE
protocols.motifs.Motif: atom1 name is COO
protocols.motifs.Motif: atom2 name is aroC
protocols.motifs.Motif: atom3 name is aroC
protocols.motifs.Motif: Res1 name is GLU
protocols.motifs.Motif: atom1 name is aroC
protocols.motifs.Motif: atom2 name is aroC
protocols.motifs.Motif: atom3 name is OH
protocols.motifs.Motif: Res1 name is TYR
protocols.motifs.Motif: atom1 name is aroC
protocols.motifs.Motif: atom2 name is aroC
protocols.motifs.Motif: atom3 name is OH
core.pack.task: Packer task: initialize from command line() 
core.pack.task: Packer task: initialize from command line() 
core.pack.task: Packer task: initialize from command line() 
protocols.moves.MonteCarlo: MonteCarlo:: last_accepted_score,lowest_score: -1300.34 -1300.34
protocols.motifs.Motif: Res1 name is PHE
protocols.motifs.Motif: atom1 name is COO
protocols.motifs.Motif: atom2 name is aroC
protocols.motifs.Motif: atom3 name is aroC
protocols.motifs.Motif: Res1 name is GLU
protocols.motifs.Motif: atom1 name is aroC
protocols.motifs.Motif: atom2 name is aroC
protocols.motifs.Motif: atom3 name is OH
protocols.motifs.Motif: Res1 name is GLU
protocols.motifs.Motif: atom1 name is aroC
protocols.motifs.Motif: atom2 name is aroC
protocols.motifs.Motif: atom3 name is aroC
protocols.motifs.Motif: Res1 name is TYR
protocols.motifs.Motif: atom1 name is aroC
protocols.motifs.Motif: atom2 name is aroC
protocols.motifs.Motif: atom3 name is CH1
core.pack.task: Packer task: initialize from command line() 
core.pack.task: Packer task: initialize from command line() 
core.pack.task: Packer task: initialize from command line() 
protocols.moves.MonteCarlo: MonteCarlo:: last_accepted_score,lowest_score: -1298.87 -1299.02
protocols.motifs.Motif: Res1 name is PHE
protocols.motifs.Motif: atom1 name is aroC
protocols.motifs.Motif: atom2 name is COO
protocols.motifs.Motif: atom3 name is OOC
protocols.motifs.Motif: Res1 name is GLU
protocols.motifs.Motif: atom1 name is CH2
protocols.motifs.Motif: atom2 name is CH2
protocols.motifs.Motif: atom3 name is CH1
protocols.motifs.Motif: Res1 name is TYR
protocols.motifs.Motif: atom1 name is aroC
protocols.motifs.Motif: atom2 name is aroC
protocols.motifs.Motif: atom3 name is OH
protocols.motifs.Motif: Res1 name is ARG
protocols.motifs.Motif: atom1 name is CH1
protocols.motifs.Motif: atom2 name is CH2
protocols.motifs.Motif: atom3 name is Ntrp
core.pack.task: Packer task: initialize from command line() 
core.pack.task: Packer task: initialize from command line() 
core.pack.task: Packer task: initialize from command line() 
protocols.moves.MonteCarlo: MonteCarlo:: last_accepted_score,lowest_score: -1297.4 -1297.43
protocols.motifs.Motif: Res1 name is PHE
protocols.motifs.Motif: atom1 name is aroC
protocols.motifs.Motif: atom2 name is COO
protocols.motifs.Motif: atom3 name is OOC
protocols.motifs.Motif: Res1 name is GLU
protocols.motifs.Motif: atom1 name is CH2
protocols.motifs.Motif: atom2 name is CH2
protocols.motifs.Motif: atom3 name is CH1
protocols.motifs.Motif: Res1 name is GLU
protocols.motifs.Motif: atom1 name is CH1
protocols.motifs.Motif: atom2 name is CH1
protocols.motifs.Motif: atom3 name is OH
protocols.motifs.Motif: Res1 name is TYR
protocols.motifs.Motif: atom1 name is aroC
protocols.motifs.Motif: atom2 name is aroC
protocols.motifs.Motif: atom3 name is OH
protocols.motifs.Motif: Res1 name is ARG
protocols.motifs.Motif: atom1 name is aroC
protocols.motifs.Motif: atom2 name is aroC
protocols.motifs.Motif: atom3 name is OH
core.pack.task: Packer task: initialize from command line() 
core.pack.task: Packer task: initialize from command line() 
core.pack.task: Packer task: initialize from command line() 
protocols.moves.MonteCarlo: MonteCarlo:: last_accepted_score,lowest_score: -1299.17 -1300.71
protocols.motifs.Motif: Res1 name is PHE
protocols.motifs.Motif: atom1 name is aroC
protocols.motifs.Motif: atom2 name is aroC
protocols.motifs.Motif: atom3 name is aroC
protocols.motifs.Motif: Res1 name is GLU
protocols.motifs.Motif: atom1 name is aroC
protocols.motifs.Motif: atom2 name is aroC
protocols.motifs.Motif: atom3 name is aroC
protocols.motifs.Motif: Res1 name is GLU
protocols.motifs.Motif: atom1 name is CH1
protocols.motifs.Motif: atom2 name is CH1
protocols.motifs.Motif: atom3 name is OH
protocols.motifs.Motif: Res1 name is TYR
protocols.motifs.Motif: atom1 name is aroC
protocols.motifs.Motif: atom2 name is aroC
protocols.motifs.Motif: atom3 name is Oaro
protocols.motifs.Motif: Res1 name is ARG
protocols.motifs.Motif: atom1 name is aroC
protocols.motifs.Motif: atom2 name is aroC
protocols.motifs.Motif: atom3 name is OH
protocols.motifs.Motif: Res1 name is PHE
protocols.motifs.Motif: atom1 name is aroC
protocols.motifs.Motif: atom2 name is aroC
protocols.motifs.Motif: atom3 name is aroC
core.pack.task: Packer task: initialize from command line() 
core.pack.task: Packer task: initialize from command line() 
core.pack.task: Packer task: initialize from command line() 
protocols.moves.MonteCarlo: MonteCarlo:: last_accepted_score,lowest_score: -1294.27 -1294.27
protocols.motifs.Motif: Res1 name is PHE
protocols.motifs.Motif: atom1 name is CH1
protocols.motifs.Motif: atom2 name is CH2
protocols.motifs.Motif: atom3 name is Ntrp
protocols.motifs.Motif: Res1 name is GLU
protocols.motifs.Motif: atom1 name is aroC
protocols.motifs.Motif: atom2 name is aroC
protocols.motifs.Motif: atom3 name is aroC
protocols.motifs.Motif: Res1 name is TYR
protocols.motifs.Motif: atom1 name is CH1
protocols.motifs.Motif: atom2 name is CH1
protocols.motifs.Motif: atom3 name is OH
protocols.motifs.Motif: Res1 name is ARG
protocols.motifs.Motif: atom1 name is aroC
protocols.motifs.Motif: atom2 name is aroC
protocols.motifs.Motif: atom3 name is OH
core.pack.task: Packer task: initialize from command line() 
core.pack.task: Packer task: initialize from command line() 
core.pack.task: Packer task: initialize from command line() 
protocols.moves.MonteCarlo: MonteCarlo:: last_accepted_score,lowest_score: -1286.59 -1287.69
protocols.motifs.Motif: Res1 name is PHE
protocols.motifs.Motif: atom1 name is aroC
protocols.motifs.Motif: atom2 name is aroC
protocols.motifs.Motif: atom3 name is aroC
protocols.motifs.Motif: Res1 name is ILE
protocols.motifs.Motif: atom1 name is CH3
protocols.motifs.Motif: atom2 name is Ntrp
protocols.motifs.Motif: atom3 name is CH2
protocols.motifs.Motif: Res1 name is GLU
protocols.motifs.Motif: atom1 name is CH1
protocols.motifs.Motif: atom2 name is CH2
protocols.motifs.Motif: atom3 name is Ntrp
protocols.motifs.Motif: Res1 name is HIS
protocols.motifs.Motif: atom1 name is CH2
protocols.motifs.Motif: atom2 name is Ntrp
protocols.motifs.Motif: atom3 name is CH2
protocols.motifs.Motif: Res1 name is GLU
protocols.motifs.Motif: atom1 name is aroC
protocols.motifs.Motif: atom2 name is aroC
protocols.motifs.Motif: atom3 name is CH1
protocols.motifs.Motif: Res1 name is TYR
protocols.motifs.Motif: atom1 name is aroC
protocols.motifs.Motif: atom2 name is aroC
protocols.motifs.Motif: atom3 name is Cl
protocols.motifs.Motif: Res1 name is ARG
protocols.motifs.Motif: atom1 name is CH1
protocols.motifs.Motif: atom2 name is CH1
protocols.motifs.Motif: atom3 name is OH
protocols.motifs.Motif: Res1 name is PHE
protocols.motifs.Motif: atom1 name is aroC
protocols.motifs.Motif: atom2 name is aroC
protocols.motifs.Motif: atom3 name is OH
core.pack.task: Packer task: initialize from command line() 
core.pack.task: Packer task: initialize from command line() 
core.pack.task: Packer task: initialize from command line() 
protocols.moves.MonteCarlo: MonteCarlo:: last_accepted_score,lowest_score: -1296.11 -1297.39
protocols.motifs.Motif: Res1 name is PHE
protocols.motifs.Motif: atom1 name is aroC
protocols.motifs.Motif: atom2 name is Oaro
protocols.motifs.Motif: atom3 name is aroC
protocols.motifs.Motif: Res1 name is GLU
protocols.motifs.Motif: atom1 name is aroC
protocols.motifs.Motif: atom2 name is aroC
protocols.motifs.Motif: atom3 name is OH
protocols.motifs.Motif: Res1 name is TYR
protocols.motifs.Motif: atom1 name is aroC
protocols.motifs.Motif: atom2 name is aroC
protocols.motifs.Motif: atom3 name is OH
protocols.motifs.Motif: Res1 name is ARG
protocols.motifs.Motif: atom1 name is aroC
protocols.motifs.Motif: atom2 name is aroC
protocols.motifs.Motif: atom3 name is OH
core.pack.task: Packer task: initialize from command line() 
core.pack.task: Packer task: initialize from command line() 
core.pack.task: Packer task: initialize from command line() 
protocols.moves.MonteCarlo: MonteCarlo:: last_accepted_score,lowest_score: -1298.28 -1298.67
protocols.motifs.Motif: Res1 name is PHE
protocols.motifs.Motif: atom1 name is COO
protocols.motifs.Motif: atom2 name is aroC
protocols.motifs.Motif: atom3 name is aroC
protocols.motifs.Motif: Res1 name is GLU
protocols.motifs.Motif: atom1 name is aroC
protocols.motifs.Motif: atom2 name is aroC
protocols.motifs.Motif: atom3 name is OH
protocols.motifs.Motif: Res1 name is TYR
protocols.motifs.Motif: atom1 name is aroC
protocols.motifs.Motif: atom2 name is aroC
protocols.motifs.Motif: atom3 name is OH
protocols.motifs.Motif: Res1 name is ARG
protocols.motifs.Motif: atom1 name is aroC
protocols.motifs.Motif: atom2 name is aroC
protocols.motifs.Motif: atom3 name is aroC
core.pack.task: Packer task: initialize from command line() 
core.pack.task: Packer task: initialize from command line() 
core.pack.task: Packer task: initialize from command line() 
protocols.moves.MonteCarlo: MonteCarlo:: last_accepted_score,lowest_score: -1291.74 -1292.87
protocols.motifs.Motif: Res1 name is PHE
protocols.motifs.Motif: atom1 name is aroC
protocols.motifs.Motif: atom2 name is aroC
protocols.motifs.Motif: atom3 name is aroC
protocols.motifs.Motif: Res1 name is GLU
protocols.motifs.Motif: atom1 name is CH3
protocols.motifs.Motif: atom2 name is Ntrp
protocols.motifs.Motif: atom3 name is CH2
protocols.motifs.Motif: Res1 name is TYR
protocols.motifs.Motif: atom1 name is aroC
protocols.motifs.Motif: atom2 name is aroC
protocols.motifs.Motif: atom3 name is Cl
core.pack.task: Packer task: initialize from command line() 
core.pack.task: Packer task: initialize from command line() 
core.pack.task: Packer task: initialize from command line() 
protocols.moves.MonteCarlo: MonteCarlo:: last_accepted_score,lowest_score: -1298.47 -1298.83
protocols.motifs.Motif: Res1 name is PHE
protocols.motifs.Motif: atom1 name is COO
protocols.motifs.Motif: atom2 name is aroC
protocols.motifs.Motif: atom3 name is aroC
protocols.motifs.Motif: Res1 name is GLU
protocols.motifs.Motif: atom1 name is aroC
protocols.motifs.Motif: atom2 name is aroC
protocols.motifs.Motif: atom3 name is OH
protocols.motifs.Motif: Res1 name is TYR
protocols.motifs.Motif: atom1 name is aroC
protocols.motifs.Motif: atom2 name is aroC
protocols.motifs.Motif: atom3 name is OH
core.pack.task: Packer task: initialize from command line() 
core.pack.task: Packer task: initialize from command line() 
core.pack.task: Packer task: initialize from command line() 
protocols.moves.MonteCarlo: MonteCarlo:: last_accepted_score,lowest_score: -1301.31 -1301.31
protocols.motifs.Motif: Res1 name is PHE
protocols.motifs.Motif: atom1 name is aroC
protocols.motifs.Motif: atom2 name is aroC
protocols.motifs.Motif: atom3 name is aroC
protocols.motifs.Motif: Res1 name is GLU
protocols.motifs.Motif: atom1 name is aroC
protocols.motifs.Motif: atom2 name is COO
protocols.motifs.Motif: atom3 name is OOC
protocols.motifs.Motif: Res1 name is GLU
protocols.motifs.Motif: atom1 name is aroC
protocols.motifs.Motif: atom2 name is aroC
protocols.motifs.Motif: atom3 name is CH1
protocols.motifs.Motif: Res1 name is TYR
protocols.motifs.Motif: atom1 name is aroC
protocols.motifs.Motif: atom2 name is aroC
protocols.motifs.Motif: atom3 name is aroC
protocols.motifs.Motif: Res1 name is MET
protocols.motifs.Motif: atom1 name is CH1
protocols.motifs.Motif: atom2 name is CH2
protocols.motifs.Motif: atom3 name is Ntrp
protocols.motifs.Motif: Res1 name is ARG
protocols.motifs.Motif: atom1 name is aroC
protocols.motifs.Motif: atom2 name is aroC
protocols.motifs.Motif: atom3 name is OH
protocols.motifs.Motif: Res1 name is PHE
protocols.motifs.Motif: atom1 name is aroC
protocols.motifs.Motif: atom2 name is aroC
protocols.motifs.Motif: atom3 name is OH
core.pack.task: Packer task: initialize from command line() 
core.pack.task: Packer task: initialize from command line() 
core.pack.task: Packer task: initialize from command line() 
protocols.moves.MonteCarlo: MonteCarlo:: last_accepted_score,lowest_score: -1301.14 -1301.14
protocols.motifs.Motif: Res1 name is PHE
protocols.motifs.Motif: atom1 name is aroC
protocols.motifs.Motif: atom2 name is aroC
protocols.motifs.Motif: atom3 name is aroC
protocols.motifs.Motif: Res1 name is GLU
protocols.motifs.Motif: atom1 name is aroC
protocols.motifs.Motif: atom2 name is COO
protocols.motifs.Motif: atom3 name is OOC
protocols.motifs.Motif: Res1 name is GLU
protocols.motifs.Motif: atom1 name is aroC
protocols.motifs.Motif: atom2 name is aroC
protocols.motifs.Motif: atom3 name is OH
protocols.motifs.Motif: Res1 name is TYR
protocols.motifs.Motif: atom1 name is aroC
protocols.motifs.Motif: atom2 name is aroC
protocols.motifs.Motif: atom3 name is Oaro
protocols.motifs.Motif: Res1 name is HIS
protocols.motifs.Motif: atom1 name is CH3
protocols.motifs.Motif: atom2 name is Ntrp
protocols.motifs.Motif: atom3 name is CH2
protocols.motifs.Motif: Res1 name is MET
protocols.motifs.Motif: atom1 name is CH1
protocols.motifs.Motif: atom2 name is CH2
protocols.motifs.Motif: atom3 name is Ntrp
protocols.motifs.Motif: Res1 name is ARG
protocols.motifs.Motif: atom1 name is aroC
protocols.motifs.Motif: atom2 name is aroC
protocols.motifs.Motif: atom3 name is OH
core.pack.task: Packer task: initialize from command line() 
core.pack.task: Packer task: initialize from command line() 
core.pack.task: Packer task: initialize from command line() 
protocols.moves.MonteCarlo: MonteCarlo:: last_accepted_score,lowest_score: -1287.51 -1288.31
protocols.motifs.Motif: Res1 name is PHE
protocols.motifs.Motif: atom1 name is aroC
protocols.motifs.Motif: atom2 name is aroC
protocols.motifs.Motif: atom3 name is Cl
protocols.motifs.Motif: Res1 name is GLU
protocols.motifs.Motif: atom1 name is CH1
protocols.motifs.Motif: atom2 name is CH1
protocols.motifs.Motif: atom3 name is OH
protocols.motifs.Motif: Res1 name is TYR
protocols.motifs.Motif: atom1 name is CH2
protocols.motifs.Motif: atom2 name is Ntrp
protocols.motifs.Motif: atom3 name is CH2
core.pack.task: Packer task: initialize from command line() 
core.pack.task: Packer task: initialize from command line() 
core.pack.task: Packer task: initialize from command line() 
protocols.moves.MonteCarlo: MonteCarlo:: last_accepted_score,lowest_score: -1290.71 -1290.88
protocols.motifs.Motif: Res1 name is PHE
protocols.motifs.Motif: atom1 name is CH1
protocols.motifs.Motif: atom2 name is CH2
protocols.motifs.Motif: atom3 name is Ntrp
protocols.motifs.Motif: Res1 name is GLU
protocols.motifs.Motif: atom1 name is aroC
protocols.motifs.Motif: atom2 name is aroC
protocols.motifs.Motif: atom3 name is aroC
protocols.motifs.Motif: Res1 name is GLU
protocols.motifs.Motif: atom1 name is CH1
protocols.motifs.Motif: atom2 name is CH1
protocols.motifs.Motif: atom3 name is OH
protocols.motifs.Motif: Res1 name is TYR
protocols.motifs.Motif: atom1 name is CH2
protocols.motifs.Motif: atom2 name is Ntrp
protocols.motifs.Motif: atom3 name is CH2
core.pack.task: Packer task: initialize from command line() 
core.pack.task: Packer task: initialize from command line() 
core.pack.task: Packer task: initialize from command line() 
protocols.moves.MonteCarlo: MonteCarlo:: last_accepted_score,lowest_score: -1300.21 -1300.73
protocols.motifs.Motif: Res1 name is PHE
protocols.motifs.Motif: atom1 name is COO
protocols.motifs.Motif: atom2 name is aroC
protocols.motifs.Motif: atom3 name is aroC
protocols.motifs.Motif: Res1 name is GLU
protocols.motifs.Motif: atom1 name is aroC
protocols.motifs.Motif: atom2 name is aroC
protocols.motifs.Motif: atom3 name is OH
protocols.motifs.Motif: Res1 name is GLU
protocols.motifs.Motif: atom1 name is aroC
protocols.motifs.Motif: atom2 name is aroC
protocols.motifs.Motif: atom3 name is OH
protocols.motifs.Motif: Res1 name is TYR
protocols.motifs.Motif: atom1 name is aroC
protocols.motifs.Motif: atom2 name is aroC
protocols.motifs.Motif: atom3 name is Oaro
protocols.motifs.Motif: Res1 name is ARG
protocols.motifs.Motif: atom1 name is aroC
protocols.motifs.Motif: atom2 name is aroC
protocols.motifs.Motif: atom3 name is aroC
protocols.motifs.Motif: Res1 name is PHE
protocols.motifs.Motif: atom1 name is aroC
protocols.motifs.Motif: atom2 name is aroC
protocols.motifs.Motif: atom3 name is OH
core.pack.task: Packer task: initialize from command line() 
core.pack.task: Packer task: initialize from command line() 
core.pack.task: Packer task: initialize from command line() 
protocols.moves.MonteCarlo: MonteCarlo:: last_accepted_score,lowest_score: -1300.96 -1300.96
protocols.motifs.Motif: Res1 name is PHE
protocols.motifs.Motif: atom1 name is aroC
protocols.motifs.Motif: atom2 name is aroC
protocols.motifs.Motif: atom3 name is aroC
protocols.motifs.Motif: Res1 name is GLU
protocols.motifs.Motif: atom1 name is aroC
protocols.motifs.Motif: atom2 name is aroC
protocols.motifs.Motif: atom3 name is OH
protocols.motifs.Motif: Res1 name is GLU
protocols.motifs.Motif: atom1 name is CH1
protocols.motifs.Motif: atom2 name is CH2
protocols.motifs.Motif: atom3 name is Ntrp
protocols.motifs.Motif: Res1 name is TYR
protocols.motifs.Motif: atom1 name is aroC
protocols.motifs.Motif: atom2 name is aroC
protocols.motifs.Motif: atom3 name is CH1
protocols.motifs.Motif: Res1 name is ARG
protocols.motifs.Motif: atom1 name is aroC
protocols.motifs.Motif: atom2 name is aroC
protocols.motifs.Motif: atom3 name is aroC
protocols.motifs.Motif: Res1 name is PHE
protocols.motifs.Motif: atom1 name is aroC
protocols.motifs.Motif: atom2 name is aroC
protocols.motifs.Motif: atom3 name is OH
core.pack.task: Packer task: initialize from command line() 
core.pack.task: Packer task: initialize from command line() 
core.pack.task: Packer task: initialize from command line() 
protocols.moves.MonteCarlo: MonteCarlo:: last_accepted_score,lowest_score: -1300.72 -1300.83
protocols.motifs.Motif: Res1 name is PHE
protocols.motifs.Motif: atom1 name is aroC
protocols.motifs.Motif: atom2 name is aroC
protocols.motifs.Motif: atom3 name is aroC
protocols.motifs.Motif: Res1 name is GLU
protocols.motifs.Motif: atom1 name is aroC
protocols.motifs.Motif: atom2 name is aroC
protocols.motifs.Motif: atom3 name is OH
protocols.motifs.Motif: Res1 name is GLU
protocols.motifs.Motif: atom1 name is aroC
protocols.motifs.Motif: atom2 name is aroC
protocols.motifs.Motif: atom3 name is OH
protocols.motifs.Motif: Res1 name is TYR
protocols.motifs.Motif: atom1 name is aroC
protocols.motifs.Motif: atom2 name is aroC
protocols.motifs.Motif: atom3 name is Oaro
protocols.motifs.Motif: Res1 name is MET
protocols.motifs.Motif: atom1 name is CH1
protocols.motifs.Motif: atom2 name is CH2
protocols.motifs.Motif: atom3 name is Ntrp
protocols.motifs.Motif: Res1 name is ARG
protocols.motifs.Motif: atom1 name is aroC
protocols.motifs.Motif: atom2 name is aroC
protocols.motifs.Motif: atom3 name is OH
core.pack.task: Packer task: initialize from command line() 
core.pack.task: Packer task: initialize from command line() 
core.pack.task: Packer task: initialize from command line() 
protocols.moves.MonteCarlo: MonteCarlo:: last_accepted_score,lowest_score: -1296.45 -1296.57
protocols.motifs.Motif: Res1 name is PHE
protocols.motifs.Motif: atom1 name is aroC
protocols.motifs.Motif: atom2 name is Oaro
protocols.motifs.Motif: atom3 name is aroC
protocols.motifs.Motif: Res1 name is GLU
protocols.motifs.Motif: atom1 name is aroC
protocols.motifs.Motif: atom2 name is aroC
protocols.motifs.Motif: atom3 name is OH
protocols.motifs.Motif: Res1 name is TYR
protocols.motifs.Motif: atom1 name is aroC
protocols.motifs.Motif: atom2 name is aroC
protocols.motifs.Motif: atom3 name is OH
protocols.motifs.Motif: Res1 name is ARG
protocols.motifs.Motif: atom1 name is aroC
protocols.motifs.Motif: atom2 name is aroC
protocols.motifs.Motif: atom3 name is OH
core.pack.task: Packer task: initialize from command line() 
core.pack.task: Packer task: initialize from command line() 
core.pack.task: Packer task: initialize from command line() 
protocols.moves.MonteCarlo: MonteCarlo:: last_accepted_score,lowest_score: -1299.63 -1299.63
protocols.motifs.Motif: Res1 name is PHE
protocols.motifs.Motif: atom1 name is aroC
protocols.motifs.Motif: atom2 name is COO
protocols.motifs.Motif: atom3 name is OOC
protocols.motifs.Motif: Res1 name is GLU
protocols.motifs.Motif: atom1 name is CH2
protocols.motifs.Motif: atom2 name is CH2
protocols.motifs.Motif: atom3 name is CH1
protocols.motifs.Motif: Res1 name is GLU
protocols.motifs.Motif: atom1 name is CH1
protocols.motifs.Motif: atom2 name is CH1
protocols.motifs.Motif: atom3 name is OH
protocols.motifs.Motif: Res1 name is TYR
protocols.motifs.Motif: atom1 name is aroC
protocols.motifs.Motif: atom2 name is aroC
protocols.motifs.Motif: atom3 name is OH
protocols.motifs.Motif: Res1 name is ARG
protocols.motifs.Motif: atom1 name is CH1
protocols.motifs.Motif: atom2 name is CH2
protocols.motifs.Motif: atom3 name is Ntrp
core.pack.task: Packer task: initialize from command line() 
core.pack.task: Packer task: initialize from command line() 
core.pack.task: Packer task: initialize from command line() 
protocols.moves.MonteCarlo: MonteCarlo:: last_accepted_score,lowest_score: -1300.28 -1301.04
protocols.motifs.Motif: Res1 name is PHE
protocols.motifs.Motif: atom1 name is COO
protocols.motifs.Motif: atom2 name is aroC
protocols.motifs.Motif: atom3 name is aroC
protocols.motifs.Motif: Res1 name is ILE
protocols.motifs.Motif: atom1 name is aroC
protocols.motifs.Motif: atom2 name is aroC
protocols.motifs.Motif: atom3 name is aroC
protocols.motifs.Motif: Res1 name is GLU
protocols.motifs.Motif: atom1 name is aroC
protocols.motifs.Motif: atom2 name is aroC
protocols.motifs.Motif: atom3 name is aroC
protocols.motifs.Motif: Res1 name is HIS
protocols.motifs.Motif: atom1 name is aroC
protocols.motifs.Motif: atom2 name is aroC
protocols.motifs.Motif: atom3 name is aroC
protocols.motifs.Motif: Res1 name is TYR
protocols.motifs.Motif: atom1 name is aroC
protocols.motifs.Motif: atom2 name is COO
protocols.motifs.Motif: atom3 name is OOC
core.pack.task: Packer task: initialize from command line() 
core.pack.task: Packer task: initialize from command line() 
core.pack.task: Packer task: initialize from command line() 
protocols.moves.MonteCarlo: MonteCarlo:: last_accepted_score,lowest_score: -1298.8 -1298.8
protocols.motifs.Motif: Res1 name is PHE
protocols.motifs.Motif: atom1 name is aroC
protocols.motifs.Motif: atom2 name is aroC
protocols.motifs.Motif: atom3 name is CH1
protocols.motifs.Motif: Res1 name is GLU
protocols.motifs.Motif: atom1 name is aroC
protocols.motifs.Motif: atom2 name is aroC
protocols.motifs.Motif: atom3 name is Cl
protocols.motifs.Motif: Res1 name is TYR
protocols.motifs.Motif: atom1 name is aroC
protocols.motifs.Motif: atom2 name is COO
protocols.motifs.Motif: atom3 name is OOC
core.pack.task: Packer task: initialize from command line() 
core.pack.task: Packer task: initialize from command line() 
core.pack.task: Packer task: initialize from command line() 
protocols.moves.MonteCarlo: MonteCarlo:: last_accepted_score,lowest_score: -1302.01 -1302.01
protocols.motifs.Motif: Res1 name is PHE
protocols.motifs.Motif: atom1 name is aroC
protocols.motifs.Motif: atom2 name is aroC
protocols.motifs.Motif: atom3 name is CH1
protocols.motifs.Motif: Res1 name is GLU
protocols.motifs.Motif: atom1 name is aroC
protocols.motifs.Motif: atom2 name is aroC
protocols.motifs.Motif: atom3 name is aroC
protocols.motifs.Motif: Res1 name is HIS
protocols.motifs.Motif: atom1 name is aroC
protocols.motifs.Motif: atom2 name is aroC
protocols.motifs.Motif: atom3 name is aroC
protocols.motifs.Motif: Res1 name is TYR
protocols.motifs.Motif: atom1 name is aroC
protocols.motifs.Motif: atom2 name is aroC
protocols.motifs.Motif: atom3 name is OH
core.pack.task: Packer task: initialize from command line() 
core.pack.task: Packer task: initialize from command line() 
core.pack.task: Packer task: initialize from command line() 
protocols.moves.MonteCarlo: MonteCarlo:: last_accepted_score,lowest_score: -1299.24 -1299.24
protocols.motifs.Motif: Res1 name is PHE
protocols.motifs.Motif: atom1 name is aroC
protocols.motifs.Motif: atom2 name is aroC
protocols.motifs.Motif: atom3 name is CH1
protocols.motifs.Motif: Res1 name is GLU
protocols.motifs.Motif: atom1 name is aroC
protocols.motifs.Motif: atom2 name is aroC
protocols.motifs.Motif: atom3 name is Cl
protocols.motifs.Motif: Res1 name is HIS
protocols.motifs.Motif: atom1 name is aroC
protocols.motifs.Motif: atom2 name is aroC
protocols.motifs.Motif: atom3 name is aroC
protocols.motifs.Motif: Res1 name is TYR
protocols.motifs.Motif: atom1 name is aroC
protocols.motifs.Motif: atom2 name is COO
protocols.motifs.Motif: atom3 name is OOC
core.pack.task: Packer task: initialize from command line() 
core.pack.task: Packer task: initialize from command line() 
core.pack.task: Packer task: initialize from command line() 
protocols.moves.MonteCarlo: MonteCarlo:: last_accepted_score,lowest_score: -1294.41 -1295.27
protocols.motifs.Motif: Res1 name is PHE
protocols.motifs.Motif: atom1 name is CH1
protocols.motifs.Motif: atom2 name is CH1
protocols.motifs.Motif: atom3 name is OH
protocols.motifs.Motif: Res1 name is GLU
protocols.motifs.Motif: atom1 name is aroC
protocols.motifs.Motif: atom2 name is COO
protocols.motifs.Motif: atom3 name is OOC
protocols.motifs.Motif: Res1 name is TYR
protocols.motifs.Motif: atom1 name is aroC
protocols.motifs.Motif: atom2 name is aroC
protocols.motifs.Motif: atom3 name is OH
protocols.motifs.Motif: Res1 name is ARG
protocols.motifs.Motif: atom1 name is COO
protocols.motifs.Motif: atom2 name is aroC
protocols.motifs.Motif: atom3 name is aroC
core.pack.task: Packer task: initialize from command line() 
core.pack.task: Packer task: initialize from command line() 
core.pack.task: Packer task: initialize from command line() 
protocols.moves.MonteCarlo: MonteCarlo:: last_accepted_score,lowest_score: -1299.95 -1300.44
protocols.motifs.Motif: Res1 name is PHE
protocols.motifs.Motif: atom1 name is aroC
protocols.motifs.Motif: atom2 name is aroC
protocols.motifs.Motif: atom3 name is Oaro
protocols.motifs.Motif: Res1 name is GLU
protocols.motifs.Motif: atom1 name is aroC
protocols.motifs.Motif: atom2 name is aroC
protocols.motifs.Motif: atom3 name is Cl
protocols.motifs.Motif: Res1 name is HIS
protocols.motifs.Motif: atom1 name is aroC
protocols.motifs.Motif: atom2 name is aroC
protocols.motifs.Motif: atom3 name is aroC
protocols.motifs.Motif: Res1 name is TYR
protocols.motifs.Motif: atom1 name is aroC
protocols.motifs.Motif: atom2 name is COO
protocols.motifs.Motif: atom3 name is OOC
core.pack.task: Packer task: initialize from command line() 
core.pack.task: Packer task: initialize from command line() 
core.pack.task: Packer task: initialize from command line() 
protocols.moves.MonteCarlo: MonteCarlo:: last_accepted_score,lowest_score: -1300.49 -1300.49
protocols.motifs.Motif: Res1 name is PHE
protocols.motifs.Motif: atom1 name is aroC
protocols.motifs.Motif: atom2 name is aroC
protocols.motifs.Motif: atom3 name is OH
protocols.motifs.Motif: Res1 name is GLU
protocols.motifs.Motif: atom1 name is aroC
protocols.motifs.Motif: atom2 name is aroC
protocols.motifs.Motif: atom3 name is aroC
protocols.motifs.Motif: Res1 name is GLU
protocols.motifs.Motif: atom1 name is aroC
protocols.motifs.Motif: atom2 name is aroC
protocols.motifs.Motif: atom3 name is Cl
protocols.motifs.Motif: Res1 name is TYR
protocols.motifs.Motif: atom1 name is COO
protocols.motifs.Motif: atom2 name is aroC
protocols.motifs.Motif: atom3 name is aroC
core.pack.task: Packer task: initialize from command line() 
core.pack.task: Packer task: initialize from command line() 
core.pack.task: Packer task: initialize from command line() 
protocols.moves.MonteCarlo: MonteCarlo:: last_accepted_score,lowest_score: -1295.03 -1295.03
protocols.motifs.Motif: Res1 name is PHE
protocols.motifs.Motif: atom1 name is aroC
protocols.motifs.Motif: atom2 name is aroC
protocols.motifs.Motif: atom3 name is OH
protocols.motifs.Motif: Res1 name is TYR
protocols.motifs.Motif: atom1 name is CH1
protocols.motifs.Motif: atom2 name is CH1
protocols.motifs.Motif: atom3 name is OH
core.pack.task: Packer task: initialize from command line() 
core.pack.task: Packer task: initialize from command line() 
core.pack.task: Packer task: initialize from command line() 
protocols.moves.MonteCarlo: MonteCarlo:: last_accepted_score,lowest_score: -1305.48 -1305.48
protocols.motifs.Motif: Res1 name is PHE
protocols.motifs.Motif: atom1 name is aroC
protocols.motifs.Motif: atom2 name is aroC
protocols.motifs.Motif: atom3 name is CH1
protocols.motifs.Motif: Res1 name is ILE
protocols.motifs.Motif: atom1 name is aroC
protocols.motifs.Motif: atom2 name is aroC
protocols.motifs.Motif: atom3 name is aroC
protocols.motifs.Motif: Res1 name is GLU
protocols.motifs.Motif: atom1 name is aroC
protocols.motifs.Motif: atom2 name is aroC
protocols.motifs.Motif: atom3 name is aroC
protocols.motifs.Motif: Res1 name is HIS
protocols.motifs.Motif: atom1 name is aroC
protocols.motifs.Motif: atom2 name is aroC
protocols.motifs.Motif: atom3 name is aroC
protocols.motifs.Motif: Res1 name is TYR
protocols.motifs.Motif: atom1 name is aroC
protocols.motifs.Motif: atom2 name is aroC
protocols.motifs.Motif: atom3 name is OH
core.pack.task: Packer task: initialize from command line() 
core.pack.task: Packer task: initialize from command line() 
core.pack.task: Packer task: initialize from command line() 
protocols.moves.MonteCarlo: MonteCarlo:: last_accepted_score,lowest_score: -1300.01 -1300.01
protocols.motifs.Motif: Res1 name is PHE
protocols.motifs.Motif: atom1 name is aroC
protocols.motifs.Motif: atom2 name is aroC
protocols.motifs.Motif: atom3 name is OH
protocols.motifs.Motif: Res1 name is GLU
protocols.motifs.Motif: atom1 name is aroC
protocols.motifs.Motif: atom2 name is aroC
protocols.motifs.Motif: atom3 name is aroC
protocols.motifs.Motif: Res1 name is GLU
protocols.motifs.Motif: atom1 name is aroC
protocols.motifs.Motif: atom2 name is aroC
protocols.motifs.Motif: atom3 name is Cl
protocols.motifs.Motif: Res1 name is TYR
protocols.motifs.Motif: atom1 name is aroC
protocols.motifs.Motif: atom2 name is aroC
protocols.motifs.Motif: atom3 name is Cl
protocols.motifs.Motif: Res1 name is ARG
protocols.motifs.Motif: atom1 name is aroC
protocols.motifs.Motif: atom2 name is aroC
protocols.motifs.Motif: atom3 name is aroC
core.pack.task: Packer task: initialize from command line() 
core.pack.task: Packer task: initialize from command line() 
core.pack.task: Packer task: initialize from command line() 
protocols.moves.MonteCarlo: MonteCarlo:: last_accepted_score,lowest_score: -1284.77 -1284.95
protocols.motifs.Motif: Res1 name is PHE
protocols.motifs.Motif: atom1 name is aroC
protocols.motifs.Motif: atom2 name is aroC
protocols.motifs.Motif: atom3 name is OH
core.pack.task: Packer task: initialize from command line() 
core.pack.task: Packer task: initialize from command line() 
core.pack.task: Packer task: initialize from command line() 
protocols.moves.MonteCarlo: MonteCarlo:: last_accepted_score,lowest_score: -1297.69 -1297.69
protocols.motifs.Motif: Res1 name is PHE
protocols.motifs.Motif: atom1 name is aroC
protocols.motifs.Motif: atom2 name is aroC
protocols.motifs.Motif: atom3 name is CH1
protocols.motifs.Motif: Res1 name is GLU
protocols.motifs.Motif: atom1 name is aroC
protocols.motifs.Motif: atom2 name is aroC
protocols.motifs.Motif: atom3 name is aroC
protocols.motifs.Motif: Res1 name is TYR
protocols.motifs.Motif: atom1 name is aroC
protocols.motifs.Motif: atom2 name is COO
protocols.motifs.Motif: atom3 name is OOC
core.pack.task: Packer task: initialize from command line() 
core.pack.task: Packer task: initialize from command line() 
core.pack.task: Packer task: initialize from command line() 
protocols.moves.MonteCarlo: MonteCarlo:: last_accepted_score,lowest_score: -1297.57 -1298.74
protocols.motifs.Motif: Res1 name is PHE
protocols.motifs.Motif: atom1 name is aroC
protocols.motifs.Motif: atom2 name is aroC
protocols.motifs.Motif: atom3 name is aroC
protocols.motifs.Motif: Res1 name is GLU
protocols.motifs.Motif: atom1 name is CH1
protocols.motifs.Motif: atom2 name is CH2
protocols.motifs.Motif: atom3 name is Ntrp
protocols.motifs.Motif: Res1 name is TYR
protocols.motifs.Motif: atom1 name is aroC
protocols.motifs.Motif: atom2 name is COO
protocols.motifs.Motif: atom3 name is OOC
protocols.motifs.Motif: Res1 name is ARG
protocols.motifs.Motif: atom1 name is CH3
protocols.motifs.Motif: atom2 name is Ntrp
protocols.motifs.Motif: atom3 name is CH2
core.pack.task: Packer task: initialize from command line() 
core.pack.task: Packer task: initialize from command line() 
core.pack.task: Packer task: initialize from command line() 
protocols.moves.MonteCarlo: MonteCarlo:: last_accepted_score,lowest_score: -1298.01 -1298.01
protocols.motifs.Motif: Res1 name is PHE
protocols.motifs.Motif: atom1 name is aroC
protocols.motifs.Motif: atom2 name is aroC
protocols.motifs.Motif: atom3 name is OH
protocols.motifs.Motif: Res1 name is GLU
protocols.motifs.Motif: atom1 name is CH1
protocols.motifs.Motif: atom2 name is CH2
protocols.motifs.Motif: atom3 name is Ntrp
protocols.motifs.Motif: Res1 name is TYR
protocols.motifs.Motif: atom1 name is CH1
protocols.motifs.Motif: atom2 name is CH1
protocols.motifs.Motif: atom3 name is OH
protocols.motifs.Motif: Res1 name is ARG
protocols.motifs.Motif: atom1 name is CH3
protocols.motifs.Motif: atom2 name is Ntrp
protocols.motifs.Motif: atom3 name is CH2
core.pack.task: Packer task: initialize from command line() 
core.pack.task: Packer task: initialize from command line() 
core.pack.task: Packer task: initialize from command line() 
protocols.moves.MonteCarlo: MonteCarlo:: last_accepted_score,lowest_score: -1298.88 -1298.88
protocols.motifs.Motif: Res1 name is PHE
protocols.motifs.Motif: atom1 name is aroC
protocols.motifs.Motif: atom2 name is COO
protocols.motifs.Motif: atom3 name is OOC
protocols.motifs.Motif: Res1 name is GLU
protocols.motifs.Motif: atom1 name is aroC
protocols.motifs.Motif: atom2 name is aroC
protocols.motifs.Motif: atom3 name is aroC
protocols.motifs.Motif: Res1 name is GLU
protocols.motifs.Motif: atom1 name is aroC
protocols.motifs.Motif: atom2 name is aroC
protocols.motifs.Motif: atom3 name is Cl
protocols.motifs.Motif: Res1 name is TYR
protocols.motifs.Motif: atom1 name is aroC
protocols.motifs.Motif: atom2 name is aroC
protocols.motifs.Motif: atom3 name is Cl
protocols.motifs.Motif: Res1 name is ARG
protocols.motifs.Motif: atom1 name is aroC
protocols.motifs.Motif: atom2 name is aroC
protocols.motifs.Motif: atom3 name is aroC
protocols.motifs.Motif: Res1 name is PHE
protocols.motifs.Motif: atom1 name is aroC
protocols.motifs.Motif: atom2 name is aroC
protocols.motifs.Motif: atom3 name is aroC
core.pack.task: Packer task: initialize from command line() 
core.pack.task: Packer task: initialize from command line() 
core.pack.task: Packer task: initialize from command line() 
protocols.moves.MonteCarlo: MonteCarlo:: last_accepted_score,lowest_score: -1300.9 -1300.9
protocols.motifs.Motif: Res1 name is PHE
protocols.motifs.Motif: atom1 name is aroC
protocols.motifs.Motif: atom2 name is aroC
protocols.motifs.Motif: atom3 name is CH1
protocols.motifs.Motif: Res1 name is GLU
protocols.motifs.Motif: atom1 name is aroC
protocols.motifs.Motif: atom2 name is aroC
protocols.motifs.Motif: atom3 name is aroC
protocols.motifs.Motif: Res1 name is TYR
protocols.motifs.Motif: atom1 name is aroC
protocols.motifs.Motif: atom2 name is aroC
protocols.motifs.Motif: atom3 name is aroC
core.pack.task: Packer task: initialize from command line() 
core.pack.task: Packer task: initialize from command line() 
core.pack.task: Packer task: initialize from command line() 
protocols.moves.MonteCarlo: MonteCarlo:: last_accepted_score,lowest_score: -1303.68 -1303.68
protocols.motifs.Motif: Res1 name is PHE
protocols.motifs.Motif: atom1 name is aroC
protocols.motifs.Motif: atom2 name is aroC
protocols.motifs.Motif: atom3 name is OH
protocols.motifs.Motif: Res1 name is GLU
protocols.motifs.Motif: atom1 name is aroC
protocols.motifs.Motif: atom2 name is aroC
protocols.motifs.Motif: atom3 name is aroC
protocols.motifs.Motif: Res1 name is TYR
protocols.motifs.Motif: atom1 name is aroC
protocols.motifs.Motif: atom2 name is aroC
protocols.motifs.Motif: atom3 name is Cl
core.pack.task: Packer task: initialize from command line() 
core.pack.task: Packer task: initialize from command line() 
core.pack.task: Packer task: initialize from command line() 
protocols.moves.MonteCarlo: MonteCarlo:: last_accepted_score,lowest_score: -1297.16 -1297.16
protocols.motifs.Motif: Res1 name is PHE
protocols.motifs.Motif: atom1 name is aroC
protocols.motifs.Motif: atom2 name is aroC
protocols.motifs.Motif: atom3 name is OH
protocols.motifs.Motif: Res1 name is GLU
protocols.motifs.Motif: atom1 name is COO
protocols.motifs.Motif: atom2 name is aroC
protocols.motifs.Motif: atom3 name is aroC
protocols.motifs.Motif: Res1 name is TYR
protocols.motifs.Motif: atom1 name is aroC
protocols.motifs.Motif: atom2 name is COO
protocols.motifs.Motif: atom3 name is OOC
protocols.motifs.Motif: Res1 name is ARG
protocols.motifs.Motif: atom1 name is aroC
protocols.motifs.Motif: atom2 name is aroC
protocols.motifs.Motif: atom3 name is aroC
core.pack.task: Packer task: initialize from command line() 
core.pack.task: Packer task: initialize from command line() 
core.pack.task: Packer task: initialize from command line() 
protocols.moves.MonteCarlo: MonteCarlo:: last_accepted_score,lowest_score: -1293.17 -1293.17
protocols.motifs.Motif: Res1 name is PHE
protocols.motifs.Motif: atom1 name is aroC
protocols.motifs.Motif: atom2 name is aroC
protocols.motifs.Motif: atom3 name is aroC
protocols.motifs.Motif: Res1 name is GLU
protocols.motifs.Motif: atom1 name is aroC
protocols.motifs.Motif: atom2 name is aroC
protocols.motifs.Motif: atom3 name is aroC
protocols.motifs.Motif: Res1 name is TYR
protocols.motifs.Motif: atom1 name is aroC
protocols.motifs.Motif: atom2 name is COO
protocols.motifs.Motif: atom3 name is OOC
protocols.motifs.Motif: Res1 name is ARG
protocols.motifs.Motif: atom1 name is aroC
protocols.motifs.Motif: atom2 name is aroC
protocols.motifs.Motif: atom3 name is aroC
core.pack.task: Packer task: initialize from command line() 
core.pack.task: Packer task: initialize from command line() 
core.pack.task: Packer task: initialize from command line() 
protocols.moves.MonteCarlo: MonteCarlo:: last_accepted_score,lowest_score: -1298.39 -1298.65
protocols.motifs.Motif: Res1 name is PHE
protocols.motifs.Motif: atom1 name is aroC
protocols.motifs.Motif: atom2 name is aroC
protocols.motifs.Motif: atom3 name is aroC
protocols.motifs.Motif: Res1 name is GLU
protocols.motifs.Motif: atom1 name is CH1
protocols.motifs.Motif: atom2 name is CH2
protocols.motifs.Motif: atom3 name is Ntrp
protocols.motifs.Motif: Res1 name is TYR
protocols.motifs.Motif: atom1 name is aroC
protocols.motifs.Motif: atom2 name is COO
protocols.motifs.Motif: atom3 name is OOC
protocols.motifs.Motif: Res1 name is ARG
protocols.motifs.Motif: atom1 name is CH1
protocols.motifs.Motif: atom2 name is CH2
protocols.motifs.Motif: atom3 name is Ntrp
core.pack.task: Packer task: initialize from command line() 
core.pack.task: Packer task: initialize from command line() 
core.pack.task: Packer task: initialize from command line() 
protocols.moves.MonteCarlo: MonteCarlo:: last_accepted_score,lowest_score: -1295.27 -1297.57
protocols.motifs.Motif: Res1 name is PHE
protocols.motifs.Motif: atom1 name is aroC
protocols.motifs.Motif: atom2 name is aroC
protocols.motifs.Motif: atom3 name is CH1
protocols.motifs.Motif: Res1 name is GLU
protocols.motifs.Motif: atom1 name is aroC
protocols.motifs.Motif: atom2 name is aroC
protocols.motifs.Motif: atom3 name is aroC
protocols.motifs.Motif: Res1 name is TYR
protocols.motifs.Motif: atom1 name is aroC
protocols.motifs.Motif: atom2 name is COO
protocols.motifs.Motif: atom3 name is OOC
core.pack.task: Packer task: initialize from command line() 
core.pack.task: Packer task: initialize from command line() 
core.pack.task: Packer task: initialize from command line() 
protocols.moves.MonteCarlo: MonteCarlo:: last_accepted_score,lowest_score: -1296.91 -1296.91
protocols.motifs.Motif: Res1 name is PHE
protocols.motifs.Motif: atom1 name is aroC
protocols.motifs.Motif: atom2 name is aroC
protocols.motifs.Motif: atom3 name is OH
protocols.motifs.Motif: Res1 name is TYR
protocols.motifs.Motif: atom1 name is aroC
protocols.motifs.Motif: atom2 name is COO
protocols.motifs.Motif: atom3 name is OOC
protocols.motifs.Motif: Res1 name is ARG
protocols.motifs.Motif: atom1 name is aroC
protocols.motifs.Motif: atom2 name is aroC
protocols.motifs.Motif: atom3 name is aroC
core.pack.task: Packer task: initialize from command line() 
core.pack.task: Packer task: initialize from command line() 
core.pack.task: Packer task: initialize from command line() 
protocols.moves.MonteCarlo: MonteCarlo:: last_accepted_score,lowest_score: -1232.24 -1232.24
protocols.motifs.Motif: Res1 name is PHE
protocols.motifs.Motif: atom1 name is CH1
protocols.motifs.Motif: atom2 name is CH2
protocols.motifs.Motif: atom3 name is Ntrp
protocols.motifs.Motif: Res1 name is GLU
protocols.motifs.Motif: atom1 name is aroC
protocols.motifs.Motif: atom2 name is aroC
protocols.motifs.Motif: atom3 name is aroC
protocols.motifs.Motif: Res1 name is TYR
protocols.motifs.Motif: atom1 name is aroC
protocols.motifs.Motif: atom2 name is COO
protocols.motifs.Motif: atom3 name is OOC
protocols.motifs.Motif: Res1 name is ARG
protocols.motifs.Motif: atom1 name is aroC
protocols.motifs.Motif: atom2 name is aroC
protocols.motifs.Motif: atom3 name is aroC
core.pack.task: Packer task: initialize from command line() 
core.pack.task: Packer task: initialize from command line() 
core.pack.task: Packer task: initialize from command line() 
protocols.moves.MonteCarlo: MonteCarlo:: last_accepted_score,lowest_score: -1304.61 -1304.61
protocols.motifs.Motif: Res1 name is PHE
protocols.motifs.Motif: atom1 name is aroC
protocols.motifs.Motif: atom2 name is aroC
protocols.motifs.Motif: atom3 name is Oaro
protocols.motifs.Motif: Res1 name is GLU
protocols.motifs.Motif: atom1 name is aroC
protocols.motifs.Motif: atom2 name is aroC
protocols.motifs.Motif: atom3 name is aroC
protocols.motifs.Motif: Res1 name is HIS
protocols.motifs.Motif: atom1 name is aroC
protocols.motifs.Motif: atom2 name is aroC
protocols.motifs.Motif: atom3 name is aroC
protocols.motifs.Motif: Res1 name is ALA
protocols.motifs.Motif: atom1 name is aroC
protocols.motifs.Motif: atom2 name is COO
protocols.motifs.Motif: atom3 name is OOC
protocols.motifs.Motif: Res1 name is TYR
protocols.motifs.Motif: atom1 name is aroC
protocols.motifs.Motif: atom2 name is aroC
protocols.motifs.Motif: atom3 name is Cl
core.pack.task: Packer task: initialize from command line() 
core.pack.task: Packer task: initialize from command line() 
core.pack.task: Packer task: initialize from command line() 
protocols.moves.MonteCarlo: MonteCarlo:: last_accepted_score,lowest_score: -1300.15 -1300.15
protocols.motifs.Motif: Res1 name is PHE
protocols.motifs.Motif: atom1 name is aroC
protocols.motifs.Motif: atom2 name is aroC
protocols.motifs.Motif: atom3 name is OH
protocols.motifs.Motif: Res1 name is GLU
protocols.motifs.Motif: atom1 name is aroC
protocols.motifs.Motif: atom2 name is aroC
protocols.motifs.Motif: atom3 name is aroC
protocols.motifs.Motif: Res1 name is GLU
protocols.motifs.Motif: atom1 name is aroC
protocols.motifs.Motif: atom2 name is aroC
protocols.motifs.Motif: atom3 name is Cl
protocols.motifs.Motif: Res1 name is TYR
protocols.motifs.Motif: atom1 name is aroC
protocols.motifs.Motif: atom2 name is aroC
protocols.motifs.Motif: atom3 name is aroC
protocols.motifs.Motif: Res1 name is ARG
protocols.motifs.Motif: atom1 name is aroC
protocols.motifs.Motif: atom2 name is aroC
protocols.motifs.Motif: atom3 name is aroC
core.pack.task: Packer task: initialize from command line() 
core.pack.task: Packer task: initialize from command line() 
core.pack.task: Packer task: initialize from command line() 
protocols.moves.MonteCarlo: MonteCarlo:: last_accepted_score,lowest_score: -1296.6 -1296.81
protocols.motifs.Motif: Res1 name is PHE
protocols.motifs.Motif: atom1 name is aroC
protocols.motifs.Motif: atom2 name is aroC
protocols.motifs.Motif: atom3 name is Oaro
protocols.motifs.Motif: Res1 name is GLU
protocols.motifs.Motif: atom1 name is CH1
protocols.motifs.Motif: atom2 name is CH2
protocols.motifs.Motif: atom3 name is Ntrp
protocols.motifs.Motif: Res1 name is TYR
protocols.motifs.Motif: atom1 name is CH1
protocols.motifs.Motif: atom2 name is CH1
protocols.motifs.Motif: atom3 name is OH
protocols.motifs.Motif: Res1 name is ARG
protocols.motifs.Motif: atom1 name is CH3
protocols.motifs.Motif: atom2 name is Ntrp
protocols.motifs.Motif: atom3 name is CH2
core.pack.task: Packer task: initialize from command line() 
core.pack.task: Packer task: initialize from command line() 
core.pack.task: Packer task: initialize from command line() 
protocols.moves.MonteCarlo: MonteCarlo:: last_accepted_score,lowest_score: -1297.23 -1297.23
protocols.motifs.Motif: Res1 name is PHE
protocols.motifs.Motif: atom1 name is aroC
protocols.motifs.Motif: atom2 name is aroC
protocols.motifs.Motif: atom3 name is OH
protocols.motifs.Motif: Res1 name is TYR
protocols.motifs.Motif: atom1 name is CH1
protocols.motifs.Motif: atom2 name is CH1
protocols.motifs.Motif: atom3 name is OH
core.pack.task: Packer task: initialize from command line() 
core.pack.task: Packer task: initialize from command line() 
core.pack.task: Packer task: initialize from command line() 
protocols.moves.MonteCarlo: MonteCarlo:: last_accepted_score,lowest_score: -1291.52 -1293.45
protocols.motifs.Motif: Res1 name is PHE
protocols.motifs.Motif: atom1 name is aroC
protocols.motifs.Motif: atom2 name is aroC
protocols.motifs.Motif: atom3 name is aroC
protocols.motifs.Motif: Res1 name is GLU
protocols.motifs.Motif: atom1 name is CH1
protocols.motifs.Motif: atom2 name is CH2
protocols.motifs.Motif: atom3 name is Ntrp
protocols.motifs.Motif: Res1 name is TYR
protocols.motifs.Motif: atom1 name is aroC
protocols.motifs.Motif: atom2 name is aroC
protocols.motifs.Motif: atom3 name is Cl
core.pack.task: Packer task: initialize from command line() 
core.pack.task: Packer task: initialize from command line() 
core.pack.task: Packer task: initialize from command line() 
protocols.moves.MonteCarlo: MonteCarlo:: last_accepted_score,lowest_score: -1298.06 -1298.06
protocols.motifs.Motif: Res1 name is PHE
protocols.motifs.Motif: atom1 name is aroC
protocols.motifs.Motif: atom2 name is aroC
protocols.motifs.Motif: atom3 name is CH1
protocols.motifs.Motif: Res1 name is GLU
protocols.motifs.Motif: atom1 name is aroC
protocols.motifs.Motif: atom2 name is aroC
protocols.motifs.Motif: atom3 name is Cl
protocols.motifs.Motif: Res1 name is HIS
protocols.motifs.Motif: atom1 name is aroC
protocols.motifs.Motif: atom2 name is aroC
protocols.motifs.Motif: atom3 name is aroC
protocols.motifs.Motif: Res1 name is TYR
protocols.motifs.Motif: atom1 name is aroC
protocols.motifs.Motif: atom2 name is COO
protocols.motifs.Motif: atom3 name is OOC
protocols.motifs.Motif: Res1 name is ARG
protocols.motifs.Motif: atom1 name is aroC
protocols.motifs.Motif: atom2 name is aroC
protocols.motifs.Motif: atom3 name is Cl
core.pack.task: Packer task: initialize from command line() 
core.pack.task: Packer task: initialize from command line() 
core.pack.task: Packer task: initialize from command line() 
protocols.moves.MonteCarlo: MonteCarlo:: last_accepted_score,lowest_score: -1298.74 -1298.74
protocols.motifs.Motif: Res1 name is PHE
protocols.motifs.Motif: atom1 name is aroC
protocols.motifs.Motif: atom2 name is COO
protocols.motifs.Motif: atom3 name is OOC
protocols.motifs.Motif: Res1 name is GLU
protocols.motifs.Motif: atom1 name is CH2
protocols.motifs.Motif: atom2 name is CH2
protocols.motifs.Motif: atom3 name is CH1
protocols.motifs.Motif: Res1 name is GLU
protocols.motifs.Motif: atom1 name is CH1
protocols.motifs.Motif: atom2 name is CH1
protocols.motifs.Motif: atom3 name is OH
protocols.motifs.Motif: Res1 name is TYR
protocols.motifs.Motif: atom1 name is aroC
protocols.motifs.Motif: atom2 name is aroC
protocols.motifs.Motif: atom3 name is OH
protocols.motifs.Motif: Res1 name is ARG
protocols.motifs.Motif: atom1 name is CH1
protocols.motifs.Motif: atom2 name is CH2
protocols.motifs.Motif: atom3 name is Ntrp
core.pack.task: Packer task: initialize from command line() 
core.pack.task: Packer task: initialize from command line() 
core.pack.task: Packer task: initialize from command line() 
protocols.moves.MonteCarlo: MonteCarlo:: last_accepted_score,lowest_score: -1297.74 -1297.74
protocols.motifs.Motif: Res1 name is PHE
protocols.motifs.Motif: atom1 name is COO
protocols.motifs.Motif: atom2 name is aroC
protocols.motifs.Motif: atom3 name is aroC
protocols.motifs.Motif: Res1 name is GLU
protocols.motifs.Motif: atom1 name is aroC
protocols.motifs.Motif: atom2 name is aroC
protocols.motifs.Motif: atom3 name is OH
protocols.motifs.Motif: Res1 name is TYR
protocols.motifs.Motif: atom1 name is aroC
protocols.motifs.Motif: atom2 name is aroC
protocols.motifs.Motif: atom3 name is OH
protocols.motifs.Motif: Res1 name is ARG
protocols.motifs.Motif: atom1 name is CH1
protocols.motifs.Motif: atom2 name is CH1
protocols.motifs.Motif: atom3 name is OH
core.pack.task: Packer task: initialize from command line() 
core.pack.task: Packer task: initialize from command line() 
core.pack.task: Packer task: initialize from command line() 
protocols.moves.MonteCarlo: MonteCarlo:: last_accepted_score,lowest_score: -1302.22 -1302.22
protocols.motifs.Motif: Res1 name is PHE
protocols.motifs.Motif: atom1 name is COO
protocols.motifs.Motif: atom2 name is aroC
protocols.motifs.Motif: atom3 name is aroC
protocols.motifs.Motif: Res1 name is GLU
protocols.motifs.Motif: atom1 name is aroC
protocols.motifs.Motif: atom2 name is aroC
protocols.motifs.Motif: atom3 name is aroC
protocols.motifs.Motif: Res1 name is HIS
protocols.motifs.Motif: atom1 name is aroC
protocols.motifs.Motif: atom2 name is aroC
protocols.motifs.Motif: atom3 name is aroC
protocols.motifs.Motif: Res1 name is TYR
protocols.motifs.Motif: atom1 name is aroC
protocols.motifs.Motif: atom2 name is aroC
protocols.motifs.Motif: atom3 name is aroC
protocols.motifs.Motif: Res1 name is ARG
protocols.motifs.Motif: atom1 name is aroC
protocols.motifs.Motif: atom2 name is aroC
protocols.motifs.Motif: atom3 name is Cl
core.pack.task: Packer task: initialize from command line() 
core.pack.task: Packer task: initialize from command line() 
core.pack.task: Packer task: initialize from command line() 
protocols.moves.MonteCarlo: MonteCarlo:: last_accepted_score,lowest_score: -1292.99 -1293.66
protocols.motifs.Motif: Res1 name is PHE
protocols.motifs.Motif: atom1 name is aroC
protocols.motifs.Motif: atom2 name is aroC
protocols.motifs.Motif: atom3 name is aroC
protocols.motifs.Motif: Res1 name is GLU
protocols.motifs.Motif: atom1 name is CH3
protocols.motifs.Motif: atom2 name is Ntrp
protocols.motifs.Motif: atom3 name is CH2
protocols.motifs.Motif: Res1 name is TYR
protocols.motifs.Motif: atom1 name is aroC
protocols.motifs.Motif: atom2 name is aroC
protocols.motifs.Motif: atom3 name is aroC
core.pack.task: Packer task: initialize from command line() 
core.pack.task: Packer task: initialize from command line() 
core.pack.task: Packer task: initialize from command line() 
protocols.moves.MonteCarlo: MonteCarlo:: last_accepted_score,lowest_score: -1300.14 -1300.32
protocols.motifs.Motif: Res1 name is PHE
protocols.motifs.Motif: atom1 name is aroC
protocols.motifs.Motif: atom2 name is aroC
protocols.motifs.Motif: atom3 name is CH1
protocols.motifs.Motif: Res1 name is GLU
protocols.motifs.Motif: atom1 name is aroC
protocols.motifs.Motif: atom2 name is aroC
protocols.motifs.Motif: atom3 name is Cl
protocols.motifs.Motif: Res1 name is HIS
protocols.motifs.Motif: atom1 name is aroC
protocols.motifs.Motif: atom2 name is aroC
protocols.motifs.Motif: atom3 name is aroC
protocols.motifs.Motif: Res1 name is TYR
protocols.motifs.Motif: atom1 name is aroC
protocols.motifs.Motif: atom2 name is COO
protocols.motifs.Motif: atom3 name is OOC
protocols.motifs.Motif: Res1 name is ARG
protocols.motifs.Motif: atom1 name is aroC
protocols.motifs.Motif: atom2 name is aroC
protocols.motifs.Motif: atom3 name is Cl
core.pack.task: Packer task: initialize from command line() 
core.pack.task: Packer task: initialize from command line() 
core.pack.task: Packer task: initialize from command line() 
protocols.moves.MonteCarlo: MonteCarlo:: last_accepted_score,lowest_score: -1292.69 -1292.69
protocols.motifs.Motif: Res1 name is PHE
protocols.motifs.Motif: atom1 name is aroC
protocols.motifs.Motif: atom2 name is aroC
protocols.motifs.Motif: atom3 name is aroC
protocols.motifs.Motif: Res1 name is TYR
protocols.motifs.Motif: atom1 name is aroC
protocols.motifs.Motif: atom2 name is aroC
protocols.motifs.Motif: atom3 name is aroC
core.pack.task: Packer task: initialize from command line() 
core.pack.task: Packer task: initialize from command line() 
core.pack.task: Packer task: initialize from command line() 
protocols.moves.MonteCarlo: MonteCarlo:: last_accepted_score,lowest_score: -1292.72 -1292.72
protocols.motifs.Motif: Res1 name is PHE
protocols.motifs.Motif: atom1 name is aroC
protocols.motifs.Motif: atom2 name is aroC
protocols.motifs.Motif: atom3 name is Cl
protocols.motifs.Motif: Res1 name is GLU
protocols.motifs.Motif: atom1 name is CH1
protocols.motifs.Motif: atom2 name is CH1
protocols.motifs.Motif: atom3 name is OH
protocols.motifs.Motif: Res1 name is TYR
protocols.motifs.Motif: atom1 name is CH2
protocols.motifs.Motif: atom2 name is Ntrp
protocols.motifs.Motif: atom3 name is CH2
core.pack.task: Packer task: initialize from command line() 
core.pack.task: Packer task: initialize from command line() 
core.pack.task: Packer task: initialize from command line() 
protocols.moves.MonteCarlo: MonteCarlo:: last_accepted_score,lowest_score: -1297.31 -1297.45
protocols.motifs.Motif: Res1 name is PHE
protocols.motifs.Motif: atom1 name is aroC
protocols.motifs.Motif: atom2 name is COO
protocols.motifs.Motif: atom3 name is OOC
protocols.motifs.Motif: Res1 name is TYR
protocols.motifs.Motif: atom1 name is CH1
protocols.motifs.Motif: atom2 name is CH1
protocols.motifs.Motif: atom3 name is OH
core.pack.task: Packer task: initialize from command line() 
core.pack.task: Packer task: initialize from command line() 
core.pack.task: Packer task: initialize from command line() 
protocols.moves.MonteCarlo: MonteCarlo:: last_accepted_score,lowest_score: -1296.82 -1296.82
protocols.motifs.Motif: Res1 name is PHE
protocols.motifs.Motif: atom1 name is aroC
protocols.motifs.Motif: atom2 name is aroC
protocols.motifs.Motif: atom3 name is OH
protocols.motifs.Motif: Res1 name is ILE
protocols.motifs.Motif: atom1 name is CH3
protocols.motifs.Motif: atom2 name is Ntrp
protocols.motifs.Motif: atom3 name is CH2
protocols.motifs.Motif: Res1 name is GLU
protocols.motifs.Motif: atom1 name is CH2
protocols.motifs.Motif: atom2 name is Ntrp
protocols.motifs.Motif: atom3 name is CH2
protocols.motifs.Motif: Res1 name is HIS
protocols.motifs.Motif: atom1 name is CH1
protocols.motifs.Motif: atom2 name is CH1
protocols.motifs.Motif: atom3 name is OH
protocols.motifs.Motif: Res1 name is TYR
protocols.motifs.Motif: atom1 name is aroC
protocols.motifs.Motif: atom2 name is COO
protocols.motifs.Motif: atom3 name is OOC
core.pack.task: Packer task: initialize from command line() 
core.pack.task: Packer task: initialize from command line() 
core.pack.task: Packer task: initialize from command line() 
protocols.moves.MonteCarlo: MonteCarlo:: last_accepted_score,lowest_score: -1297.84 -1297.84
protocols.motifs.Motif: Res1 name is PHE
protocols.motifs.Motif: atom1 name is COO
protocols.motifs.Motif: atom2 name is aroC
protocols.motifs.Motif: atom3 name is aroC
protocols.motifs.Motif: Res1 name is GLU
protocols.motifs.Motif: atom1 name is aroC
protocols.motifs.Motif: atom2 name is aroC
protocols.motifs.Motif: atom3 name is aroC
protocols.motifs.Motif: Res1 name is TYR
protocols.motifs.Motif: atom1 name is aroC
protocols.motifs.Motif: atom2 name is aroC
protocols.motifs.Motif: atom3 name is aroC
core.pack.task: Packer task: initialize from command line() 
core.pack.task: Packer task: initialize from command line() 
core.pack.task: Packer task: initialize from command line() 
protocols.moves.MonteCarlo: MonteCarlo:: last_accepted_score,lowest_score: -1293.14 -1293.14
protocols.motifs.Motif: Res1 name is PHE
protocols.motifs.Motif: atom1 name is aroC
protocols.motifs.Motif: atom2 name is aroC
protocols.motifs.Motif: atom3 name is aroC
protocols.motifs.Motif: Res1 name is GLU
protocols.motifs.Motif: atom1 name is aroC
protocols.motifs.Motif: atom2 name is aroC
protocols.motifs.Motif: atom3 name is Cl
protocols.motifs.Motif: Res1 name is TYR
protocols.motifs.Motif: atom1 name is aroC
protocols.motifs.Motif: atom2 name is COO
protocols.motifs.Motif: atom3 name is OOC
core.pack.task: Packer task: initialize from command line() 
core.pack.task: Packer task: initialize from command line() 
core.pack.task: Packer task: initialize from command line() 
protocols.moves.MonteCarlo: MonteCarlo:: last_accepted_score,lowest_score: -1298.85 -1299.52
protocols.motifs.Motif: Res1 name is PHE
protocols.motifs.Motif: atom1 name is COO
protocols.motifs.Motif: atom2 name is aroC
protocols.motifs.Motif: atom3 name is aroC
protocols.motifs.Motif: Res1 name is GLU
protocols.motifs.Motif: atom1 name is aroC
protocols.motifs.Motif: atom2 name is aroC
protocols.motifs.Motif: atom3 name is Cl
protocols.motifs.Motif: Res1 name is HIS
protocols.motifs.Motif: atom1 name is aroC
protocols.motifs.Motif: atom2 name is aroC
protocols.motifs.Motif: atom3 name is aroC
protocols.motifs.Motif: Res1 name is TYR
protocols.motifs.Motif: atom1 name is aroC
protocols.motifs.Motif: atom2 name is aroC
protocols.motifs.Motif: atom3 name is aroC
protocols.motifs.Motif: Res1 name is ARG
protocols.motifs.Motif: atom1 name is aroC
protocols.motifs.Motif: atom2 name is aroC
protocols.motifs.Motif: atom3 name is Cl
core.pack.task: Packer task: initialize from command line() 
core.pack.task: Packer task: initialize from command line() 
core.pack.task: Packer task: initialize from command line() 
protocols.moves.MonteCarlo: MonteCarlo:: last_accepted_score,lowest_score: -1298.82 -1299.53
protocols.motifs.Motif: Res1 name is PHE
protocols.motifs.Motif: atom1 name is COO
protocols.motifs.Motif: atom2 name is aroC
protocols.motifs.Motif: atom3 name is aroC
protocols.motifs.Motif: Res1 name is GLU
protocols.motifs.Motif: atom1 name is aroC
protocols.motifs.Motif: atom2 name is aroC
protocols.motifs.Motif: atom3 name is aroC
protocols.motifs.Motif: Res1 name is GLU
protocols.motifs.Motif: atom1 name is CH1
protocols.motifs.Motif: atom2 name is CH1
protocols.motifs.Motif: atom3 name is OH
protocols.motifs.Motif: Res1 name is TYR
protocols.motifs.Motif: atom1 name is aroC
protocols.motifs.Motif: atom2 name is aroC
protocols.motifs.Motif: atom3 name is Oaro
protocols.motifs.Motif: Res1 name is ARG
protocols.motifs.Motif: atom1 name is aroC
protocols.motifs.Motif: atom2 name is aroC
protocols.motifs.Motif: atom3 name is OH
core.pack.task: Packer task: initialize from command line() 
core.pack.task: Packer task: initialize from command line() 
core.pack.task: Packer task: initialize from command line() 
protocols.moves.MonteCarlo: MonteCarlo:: last_accepted_score,lowest_score: -1299.04 -1299.04
protocols.motifs.Motif: Res1 name is PHE
protocols.motifs.Motif: atom1 name is COO
protocols.motifs.Motif: atom2 name is aroC
protocols.motifs.Motif: atom3 name is aroC
protocols.motifs.Motif: Res1 name is HIS
protocols.motifs.Motif: atom1 name is aroC
protocols.motifs.Motif: atom2 name is aroC
protocols.motifs.Motif: atom3 name is OH
protocols.motifs.Motif: Res1 name is GLU
protocols.motifs.Motif: atom1 name is CH1
protocols.motifs.Motif: atom2 name is CH1
protocols.motifs.Motif: atom3 name is OH
protocols.motifs.Motif: Res1 name is TYR
protocols.motifs.Motif: atom1 name is aroC
protocols.motifs.Motif: atom2 name is aroC
protocols.motifs.Motif: atom3 name is aroC
protocols.motifs.Motif: Res1 name is ARG
protocols.motifs.Motif: atom1 name is aroC
protocols.motifs.Motif: atom2 name is aroC
protocols.motifs.Motif: atom3 name is OH
protocols.motifs.Motif: Res1 name is PHE
protocols.motifs.Motif: atom1 name is aroC
protocols.motifs.Motif: atom2 name is aroC
protocols.motifs.Motif: atom3 name is OH
core.pack.task: Packer task: initialize from command line() 
core.pack.task: Packer task: initialize from command line() 
core.pack.task: Packer task: initialize from command line() 
protocols.moves.MonteCarlo: MonteCarlo:: last_accepted_score,lowest_score: -1300.47 -1301.16
protocols.motifs.Motif: Res1 name is PHE
protocols.motifs.Motif: atom1 name is aroC
protocols.motifs.Motif: atom2 name is aroC
protocols.motifs.Motif: atom3 name is aroC
protocols.motifs.Motif: Res1 name is GLU
protocols.motifs.Motif: atom1 name is aroC
protocols.motifs.Motif: atom2 name is aroC
protocols.motifs.Motif: atom3 name is OH
protocols.motifs.Motif: Res1 name is GLU
protocols.motifs.Motif: atom1 name is CH1
protocols.motifs.Motif: atom2 name is CH2
protocols.motifs.Motif: atom3 name is Ntrp
protocols.motifs.Motif: Res1 name is TYR
protocols.motifs.Motif: atom1 name is aroC
protocols.motifs.Motif: atom2 name is aroC
protocols.motifs.Motif: atom3 name is CH1
protocols.motifs.Motif: Res1 name is ARG
protocols.motifs.Motif: atom1 name is aroC
protocols.motifs.Motif: atom2 name is aroC
protocols.motifs.Motif: atom3 name is aroC
protocols.motifs.Motif: Res1 name is PHE
protocols.motifs.Motif: atom1 name is aroC
protocols.motifs.Motif: atom2 name is aroC
protocols.motifs.Motif: atom3 name is OH
core.pack.task: Packer task: initialize from command line() 
core.pack.task: Packer task: initialize from command line() 
core.pack.task: Packer task: initialize from command line() 
protocols.moves.MonteCarlo: MonteCarlo:: last_accepted_score,lowest_score: -1297.77 -1298.08
protocols.motifs.Motif: Res1 name is PHE
protocols.motifs.Motif: atom1 name is aroC
protocols.motifs.Motif: atom2 name is COO
protocols.motifs.Motif: atom3 name is OOC
protocols.motifs.Motif: Res1 name is GLU
protocols.motifs.Motif: atom1 name is aroC
protocols.motifs.Motif: atom2 name is aroC
protocols.motifs.Motif: atom3 name is aroC
protocols.motifs.Motif: Res1 name is TYR
protocols.motifs.Motif: atom1 name is aroC
protocols.motifs.Motif: atom2 name is aroC
protocols.motifs.Motif: atom3 name is aroC
protocols.motifs.Motif: Res1 name is ARG
protocols.motifs.Motif: atom1 name is aroC
protocols.motifs.Motif: atom2 name is aroC
protocols.motifs.Motif: atom3 name is Cl
core.pack.task: Packer task: initialize from command line() 
core.pack.task: Packer task: initialize from command line() 
core.pack.task: Packer task: initialize from command line() 
protocols.moves.MonteCarlo: MonteCarlo:: last_accepted_score,lowest_score: -1296.71 -1296.71
protocols.motifs.Motif: Res1 name is PHE
protocols.motifs.Motif: atom1 name is aroC
protocols.motifs.Motif: atom2 name is aroC
protocols.motifs.Motif: atom3 name is CH1
protocols.motifs.Motif: Res1 name is GLU
protocols.motifs.Motif: atom1 name is aroC
protocols.motifs.Motif: atom2 name is aroC
protocols.motifs.Motif: atom3 name is aroC
protocols.motifs.Motif: Res1 name is TYR
protocols.motifs.Motif: atom1 name is aroC
protocols.motifs.Motif: atom2 name is COO
protocols.motifs.Motif: atom3 name is OOC
core.pack.task: Packer task: initialize from command line() 
core.pack.task: Packer task: initialize from command line() 
core.pack.task: Packer task: initialize from command line() 
protocols.moves.MonteCarlo: MonteCarlo:: last_accepted_score,lowest_score: -1298.99 -1298.99
protocols.motifs.Motif: Res1 name is PHE
protocols.motifs.Motif: atom1 name is COO
protocols.motifs.Motif: atom2 name is aroC
protocols.motifs.Motif: atom3 name is aroC
protocols.motifs.Motif: Res1 name is HIS
protocols.motifs.Motif: atom1 name is aroC
protocols.motifs.Motif: atom2 name is aroC
protocols.motifs.Motif: atom3 name is OH
protocols.motifs.Motif: Res1 name is GLU
protocols.motifs.Motif: atom1 name is aroC
protocols.motifs.Motif: atom2 name is aroC
protocols.motifs.Motif: atom3 name is OH
protocols.motifs.Motif: Res1 name is TYR
protocols.motifs.Motif: atom1 name is aroC
protocols.motifs.Motif: atom2 name is aroC
protocols.motifs.Motif: atom3 name is OH
protocols.motifs.Motif: Res1 name is ARG
protocols.motifs.Motif: atom1 name is aroC
protocols.motifs.Motif: atom2 name is aroC
protocols.motifs.Motif: atom3 name is OH
protocols.motifs.Motif: Res1 name is PHE
protocols.motifs.Motif: atom1 name is aroC
protocols.motifs.Motif: atom2 name is aroC
protocols.motifs.Motif: atom3 name is aroC
core.pack.task: Packer task: initialize from command line() 
core.pack.task: Packer task: initialize from command line() 
core.pack.task: Packer task: initialize from command line() 
protocols.moves.MonteCarlo: MonteCarlo:: last_accepted_score,lowest_score: -1294.3 -1294.3
protocols.motifs.Motif: Res1 name is PHE
protocols.motifs.Motif: atom1 name is aroC
protocols.motifs.Motif: atom2 name is COO
protocols.motifs.Motif: atom3 name is OOC
protocols.motifs.Motif: Res1 name is GLU
protocols.motifs.Motif: atom1 name is CH1
protocols.motifs.Motif: atom2 name is CH1
protocols.motifs.Motif: atom3 name is OH
protocols.motifs.Motif: Res1 name is TYR
protocols.motifs.Motif: atom1 name is aroC
protocols.motifs.Motif: atom2 name is aroC
protocols.motifs.Motif: atom3 name is aroC
core.pack.task: Packer task: initialize from command line() 
core.pack.task: Packer task: initialize from command line() 
core.pack.task: Packer task: initialize from command line() 
protocols.moves.MonteCarlo: MonteCarlo:: last_accepted_score,lowest_score: -1291.78 -1291.78
protocols.motifs.Motif: Res1 name is PHE
protocols.motifs.Motif: atom1 name is COO
protocols.motifs.Motif: atom2 name is aroC
protocols.motifs.Motif: atom3 name is aroC
protocols.motifs.Motif: Res1 name is GLU
protocols.motifs.Motif: atom1 name is aroC
protocols.motifs.Motif: atom2 name is aroC
protocols.motifs.Motif: atom3 name is OH
protocols.motifs.Motif: Res1 name is GLU
protocols.motifs.Motif: atom1 name is CH1
protocols.motifs.Motif: atom2 name is CH1
protocols.motifs.Motif: atom3 name is OH
protocols.motifs.Motif: Res1 name is TYR
protocols.motifs.Motif: atom1 name is aroC
protocols.motifs.Motif: atom2 name is aroC
protocols.motifs.Motif: atom3 name is aroC
protocols.motifs.Motif: Res1 name is ARG
protocols.motifs.Motif: atom1 name is aroC
protocols.motifs.Motif: atom2 name is aroC
protocols.motifs.Motif: atom3 name is aroC
core.pack.task: Packer task: initialize from command line() 
core.pack.task: Packer task: initialize from command line() 
core.pack.task: Packer task: initialize from command line() 
protocols.moves.MonteCarlo: MonteCarlo:: last_accepted_score,lowest_score: -1300.3 -1300.3
protocols.motifs.Motif: Res1 name is PHE
protocols.motifs.Motif: atom1 name is COO
protocols.motifs.Motif: atom2 name is aroC
protocols.motifs.Motif: atom3 name is aroC
protocols.motifs.Motif: Res1 name is GLU
protocols.motifs.Motif: atom1 name is aroC
protocols.motifs.Motif: atom2 name is COO
protocols.motifs.Motif: atom3 name is OOC
protocols.motifs.Motif: Res1 name is GLU
protocols.motifs.Motif: atom1 name is aroC
protocols.motifs.Motif: atom2 name is aroC
protocols.motifs.Motif: atom3 name is OH
protocols.motifs.Motif: Res1 name is TYR
protocols.motifs.Motif: atom1 name is aroC
protocols.motifs.Motif: atom2 name is aroC
protocols.motifs.Motif: atom3 name is Oaro
protocols.motifs.Motif: Res1 name is ARG
protocols.motifs.Motif: atom1 name is aroC
protocols.motifs.Motif: atom2 name is aroC
protocols.motifs.Motif: atom3 name is aroC
protocols.motifs.Motif: Res1 name is PHE
protocols.motifs.Motif: atom1 name is aroC
protocols.motifs.Motif: atom2 name is aroC
protocols.motifs.Motif: atom3 name is OH
core.pack.task: Packer task: initialize from command line() 
core.pack.task: Packer task: initialize from command line() 
core.pack.task: Packer task: initialize from command line() 
protocols.moves.MonteCarlo: MonteCarlo:: last_accepted_score,lowest_score: -1297.62 -1298.12
protocols.motifs.Motif: Res1 name is PHE
protocols.motifs.Motif: atom1 name is COO
protocols.motifs.Motif: atom2 name is aroC
protocols.motifs.Motif: atom3 name is aroC
protocols.motifs.Motif: Res1 name is GLU
protocols.motifs.Motif: atom1 name is CH1
protocols.motifs.Motif: atom2 name is CH1
protocols.motifs.Motif: atom3 name is OH
protocols.motifs.Motif: Res1 name is TYR
protocols.motifs.Motif: atom1 name is aroC
protocols.motifs.Motif: atom2 name is aroC
protocols.motifs.Motif: atom3 name is OH
protocols.motifs.Motif: Res1 name is ARG
protocols.motifs.Motif: atom1 name is aroC
protocols.motifs.Motif: atom2 name is aroC
protocols.motifs.Motif: atom3 name is OH
protocols.motifs.Motif: Res1 name is PHE
protocols.motifs.Motif: atom1 name is aroC
protocols.motifs.Motif: atom2 name is aroC
protocols.motifs.Motif: atom3 name is OH
core.pack.task: Packer task: initialize from command line() 
core.pack.task: Packer task: initialize from command line() 
core.pack.task: Packer task: initialize from command line() 
protocols.moves.MonteCarlo: MonteCarlo:: last_accepted_score,lowest_score: -1291.98 -1292.51
protocols.motifs.Motif: Res1 name is PHE
protocols.motifs.Motif: atom1 name is CH3
protocols.motifs.Motif: atom2 name is Ntrp
protocols.motifs.Motif: atom3 name is CH2
protocols.motifs.Motif: Res1 name is GLU
protocols.motifs.Motif: atom1 name is CH1
protocols.motifs.Motif: atom2 name is CH2
protocols.motifs.Motif: atom3 name is Ntrp
protocols.motifs.Motif: Res1 name is GLU
protocols.motifs.Motif: atom1 name is aroC
protocols.motifs.Motif: atom2 name is aroC
protocols.motifs.Motif: atom3 name is OH
protocols.motifs.Motif: Res1 name is TYR
protocols.motifs.Motif: atom1 name is CH1
protocols.motifs.Motif: atom2 name is CH1
protocols.motifs.Motif: atom3 name is OH
core.pack.task: Packer task: initialize from command line() 
core.pack.task: Packer task: initialize from command line() 
core.pack.task: Packer task: initialize from command line() 
protocols.moves.MonteCarlo: MonteCarlo:: last_accepted_score,lowest_score: -1237.16 -1237.16
protocols.motifs.Motif: Res1 name is PHE
protocols.motifs.Motif: atom1 name is aroC
protocols.motifs.Motif: atom2 name is aroC
protocols.motifs.Motif: atom3 name is aroC
protocols.motifs.Motif: Res1 name is GLU
protocols.motifs.Motif: atom1 name is CH1
protocols.motifs.Motif: atom2 name is CH1
protocols.motifs.Motif: atom3 name is OH
protocols.motifs.Motif: Res1 name is TYR
protocols.motifs.Motif: atom1 name is CH2
protocols.motifs.Motif: atom2 name is Ntrp
protocols.motifs.Motif: atom3 name is CH2
protocols.motifs.Motif: Res1 name is ARG
protocols.motifs.Motif: atom1 name is aroC
protocols.motifs.Motif: atom2 name is aroC
protocols.motifs.Motif: atom3 name is OH
core.pack.task: Packer task: initialize from command line() 
core.pack.task: Packer task: initialize from command line() 
core.pack.task: Packer task: initialize from command line() 
protocols.moves.MonteCarlo: MonteCarlo:: last_accepted_score,lowest_score: -1296.14 -1298.13
protocols.motifs.Motif: Res1 name is PHE
protocols.motifs.Motif: atom1 name is COO
protocols.motifs.Motif: atom2 name is aroC
protocols.motifs.Motif: atom3 name is aroC
protocols.motifs.Motif: Res1 name is GLU
protocols.motifs.Motif: atom1 name is CH1
protocols.motifs.Motif: atom2 name is CH1
protocols.motifs.Motif: atom3 name is OH
protocols.motifs.Motif: Res1 name is TYR
protocols.motifs.Motif: atom1 name is aroC
protocols.motifs.Motif: atom2 name is aroC
protocols.motifs.Motif: atom3 name is OH
protocols.motifs.Motif: Res1 name is ARG
protocols.motifs.Motif: atom1 name is aroC
protocols.motifs.Motif: atom2 name is aroC
protocols.motifs.Motif: atom3 name is OH
protocols.motifs.Motif: Res1 name is PHE
protocols.motifs.Motif: atom1 name is aroC
protocols.motifs.Motif: atom2 name is aroC
protocols.motifs.Motif: atom3 name is OH
core.pack.task: Packer task: initialize from command line() 
core.pack.task: Packer task: initialize from command line() 
core.pack.task: Packer task: initialize from command line() 
protocols.moves.MonteCarlo: MonteCarlo:: last_accepted_score,lowest_score: -1293.81 -1293.81
protocols.motifs.Motif: Res1 name is PHE
protocols.motifs.Motif: atom1 name is COO
protocols.motifs.Motif: atom2 name is aroC
protocols.motifs.Motif: atom3 name is aroC
protocols.motifs.Motif: Res1 name is TYR
protocols.motifs.Motif: atom1 name is aroC
protocols.motifs.Motif: atom2 name is aroC
protocols.motifs.Motif: atom3 name is OH
core.pack.task: Packer task: initialize from command line() 
core.pack.task: Packer task: initialize from command line() 
core.pack.task: Packer task: initialize from command line() 
protocols.moves.MonteCarlo: MonteCarlo:: last_accepted_score,lowest_score: -1296.55 -1297.01
protocols.motifs.Motif: Res1 name is PHE
protocols.motifs.Motif: atom1 name is aroC
protocols.motifs.Motif: atom2 name is aroC
protocols.motifs.Motif: atom3 name is Oaro
protocols.motifs.Motif: Res1 name is GLU
protocols.motifs.Motif: atom1 name is aroC
protocols.motifs.Motif: atom2 name is aroC
protocols.motifs.Motif: atom3 name is aroC
protocols.motifs.Motif: Res1 name is TYR
protocols.motifs.Motif: atom1 name is aroC
protocols.motifs.Motif: atom2 name is aroC
protocols.motifs.Motif: atom3 name is OH
core.pack.task: Packer task: initialize from command line() 
core.pack.task: Packer task: initialize from command line() 
core.pack.task: Packer task: initialize from command line() 
protocols.moves.MonteCarlo: MonteCarlo:: last_accepted_score,lowest_score: -1301.21 -1301.21
protocols.motifs.Motif: Res1 name is PHE
protocols.motifs.Motif: atom1 name is COO
protocols.motifs.Motif: atom2 name is aroC
protocols.motifs.Motif: atom3 name is aroC
protocols.motifs.Motif: Res1 name is GLU
protocols.motifs.Motif: atom1 name is aroC
protocols.motifs.Motif: atom2 name is aroC
protocols.motifs.Motif: atom3 name is OH
protocols.motifs.Motif: Res1 name is GLU
protocols.motifs.Motif: atom1 name is aroC
protocols.motifs.Motif: atom2 name is aroC
protocols.motifs.Motif: atom3 name is OH
protocols.motifs.Motif: Res1 name is TYR
protocols.motifs.Motif: atom1 name is aroC
protocols.motifs.Motif: atom2 name is aroC
protocols.motifs.Motif: atom3 name is Oaro
protocols.motifs.Motif: Res1 name is ARG
protocols.motifs.Motif: atom1 name is aroC
protocols.motifs.Motif: atom2 name is aroC
protocols.motifs.Motif: atom3 name is aroC
protocols.motifs.Motif: Res1 name is PHE
protocols.motifs.Motif: atom1 name is aroC
protocols.motifs.Motif: atom2 name is aroC
protocols.motifs.Motif: atom3 name is aroC
core.pack.task: Packer task: initialize from command line() 
core.pack.task: Packer task: initialize from command line() 
core.pack.task: Packer task: initialize from command line() 
protocols.moves.MonteCarlo: MonteCarlo:: last_accepted_score,lowest_score: -1289.85 -1289.85
protocols.motifs.Motif: Res1 name is PHE
protocols.motifs.Motif: atom1 name is aroC
protocols.motifs.Motif: atom2 name is aroC
protocols.motifs.Motif: atom3 name is Cl
protocols.motifs.Motif: Res1 name is GLU
protocols.motifs.Motif: atom1 name is aroC
protocols.motifs.Motif: atom2 name is aroC
protocols.motifs.Motif: atom3 name is aroC
protocols.motifs.Motif: Res1 name is GLU
protocols.motifs.Motif: atom1 name is CH3
protocols.motifs.Motif: atom2 name is Ntrp
protocols.motifs.Motif: atom3 name is CH2
protocols.motifs.Motif: Res1 name is TYR
protocols.motifs.Motif: atom1 name is aroC
protocols.motifs.Motif: atom2 name is aroC
protocols.motifs.Motif: atom3 name is Cl
core.pack.task: Packer task: initialize from command line() 
core.pack.task: Packer task: initialize from command line() 
core.pack.task: Packer task: initialize from command line() 
protocols.moves.MonteCarlo: MonteCarlo:: last_accepted_score,lowest_score: -1290.9 -1291.56
protocols.motifs.Motif: Res1 name is PHE
protocols.motifs.Motif: atom1 name is CH1
protocols.motifs.Motif: atom2 name is CH2
protocols.motifs.Motif: atom3 name is Ntrp
protocols.motifs.Motif: Res1 name is GLU
protocols.motifs.Motif: atom1 name is CH1
protocols.motifs.Motif: atom2 name is CH1
protocols.motifs.Motif: atom3 name is OH
protocols.motifs.Motif: Res1 name is TYR
protocols.motifs.Motif: atom1 name is CH3
protocols.motifs.Motif: atom2 name is Ntrp
protocols.motifs.Motif: atom3 name is CH2
core.pack.task: Packer task: initialize from command line() 
core.pack.task: Packer task: initialize from command line() 
core.pack.task: Packer task: initialize from command line() 
protocols.moves.MonteCarlo: MonteCarlo:: last_accepted_score,lowest_score: -1296.94 -1297.29
protocols.motifs.Motif: Res1 name is PHE
protocols.motifs.Motif: atom1 name is aroC
protocols.motifs.Motif: atom2 name is Oaro
protocols.motifs.Motif: atom3 name is aroC
protocols.motifs.Motif: Res1 name is GLU
protocols.motifs.Motif: atom1 name is aroC
protocols.motifs.Motif: atom2 name is aroC
protocols.motifs.Motif: atom3 name is OH
protocols.motifs.Motif: Res1 name is TYR
protocols.motifs.Motif: atom1 name is aroC
protocols.motifs.Motif: atom2 name is COO
protocols.motifs.Motif: atom3 name is OOC
protocols.motifs.Motif: Res1 name is ARG
protocols.motifs.Motif: atom1 name is aroC
protocols.motifs.Motif: atom2 name is aroC
protocols.motifs.Motif: atom3 name is OH
core.pack.task: Packer task: initialize from command line() 
core.pack.task: Packer task: initialize from command line() 
core.pack.task: Packer task: initialize from command line() 
protocols.moves.MonteCarlo: MonteCarlo:: last_accepted_score,lowest_score: -1289.82 -1289.82
protocols.motifs.Motif: Res1 name is PHE
protocols.motifs.Motif: atom1 name is CH1
protocols.motifs.Motif: atom2 name is CH2
protocols.motifs.Motif: atom3 name is Ntrp
protocols.motifs.Motif: Res1 name is GLU
protocols.motifs.Motif: atom1 name is CH1
protocols.motifs.Motif: atom2 name is CH1
protocols.motifs.Motif: atom3 name is OH
protocols.motifs.Motif: Res1 name is TYR
protocols.motifs.Motif: atom1 name is CH2
protocols.motifs.Motif: atom2 name is Ntrp
protocols.motifs.Motif: atom3 name is CH2
core.pack.task: Packer task: initialize from command line() 
core.pack.task: Packer task: initialize from command line() 
core.pack.task: Packer task: initialize from command line() 
protocols.moves.MonteCarlo: MonteCarlo:: last_accepted_score,lowest_score: -1296.81 -1296.81
protocols.motifs.Motif: Res1 name is PHE
protocols.motifs.Motif: atom1 name is aroC
protocols.motifs.Motif: atom2 name is aroC
protocols.motifs.Motif: atom3 name is OH
protocols.motifs.Motif: Res1 name is ILE
protocols.motifs.Motif: atom1 name is CH3
protocols.motifs.Motif: atom2 name is Ntrp
protocols.motifs.Motif: atom3 name is CH2
protocols.motifs.Motif: Res1 name is GLU
protocols.motifs.Motif: atom1 name is CH2
protocols.motifs.Motif: atom2 name is Ntrp
protocols.motifs.Motif: atom3 name is CH2
protocols.motifs.Motif: Res1 name is HIS
protocols.motifs.Motif: atom1 name is CH1
protocols.motifs.Motif: atom2 name is CH1
protocols.motifs.Motif: atom3 name is OH
protocols.motifs.Motif: Res1 name is TYR
protocols.motifs.Motif: atom1 name is aroC
protocols.motifs.Motif: atom2 name is COO
protocols.motifs.Motif: atom3 name is OOC
protocols.motifs.Motif: Res1 name is PHE
protocols.motifs.Motif: atom1 name is CH3
protocols.motifs.Motif: atom2 name is Ntrp
protocols.motifs.Motif: atom3 name is CH2
core.pack.task: Packer task: initialize from command line() 
core.pack.task: Packer task: initialize from command line() 
core.pack.task: Packer task: initialize from command line() 
protocols.moves.MonteCarlo: MonteCarlo:: last_accepted_score,lowest_score: -1299.59 -1299.59
protocols.motifs.Motif: Res1 name is PHE
protocols.motifs.Motif: atom1 name is aroC
protocols.motifs.Motif: atom2 name is aroC
protocols.motifs.Motif: atom3 name is OH
protocols.motifs.Motif: Res1 name is GLU
protocols.motifs.Motif: atom1 name is CH2
protocols.motifs.Motif: atom2 name is Ntrp
protocols.motifs.Motif: atom3 name is CH2
protocols.motifs.Motif: Res1 name is TYR
protocols.motifs.Motif: atom1 name is CH1
protocols.motifs.Motif: atom2 name is CH1
protocols.motifs.Motif: atom3 name is OH
protocols.motifs.Motif: Res1 name is ARG
protocols.motifs.Motif: atom1 name is CH3
protocols.motifs.Motif: atom2 name is Ntrp
protocols.motifs.Motif: atom3 name is CH2
core.pack.task: Packer task: initialize from command line() 
core.pack.task: Packer task: initialize from command line() 
core.pack.task: Packer task: initialize from command line() 
protocols.moves.MonteCarlo: MonteCarlo:: last_accepted_score,lowest_score: -1292.51 -1293.79
protocols.motifs.Motif: Res1 name is PHE
protocols.motifs.Motif: atom1 name is aroC
protocols.motifs.Motif: atom2 name is aroC
protocols.motifs.Motif: atom3 name is aroC
protocols.motifs.Motif: Res1 name is HIS
protocols.motifs.Motif: atom1 name is aroC
protocols.motifs.Motif: atom2 name is aroC
protocols.motifs.Motif: atom3 name is aroC
protocols.motifs.Motif: Res1 name is TYR
protocols.motifs.Motif: atom1 name is aroC
protocols.motifs.Motif: atom2 name is aroC
protocols.motifs.Motif: atom3 name is Cl
core.pack.task: Packer task: initialize from command line() 
core.pack.task: Packer task: initialize from command line() 
core.pack.task: Packer task: initialize from command line() 
protocols.moves.MonteCarlo: MonteCarlo:: last_accepted_score,lowest_score: -1296.96 -1296.96
protocols.motifs.Motif: Res1 name is PHE
protocols.motifs.Motif: atom1 name is aroC
protocols.motifs.Motif: atom2 name is aroC
protocols.motifs.Motif: atom3 name is CH1
protocols.motifs.Motif: Res1 name is GLU
protocols.motifs.Motif: atom1 name is aroC
protocols.motifs.Motif: atom2 name is aroC
protocols.motifs.Motif: atom3 name is Cl
protocols.motifs.Motif: Res1 name is TYR
protocols.motifs.Motif: atom1 name is aroC
protocols.motifs.Motif: atom2 name is COO
protocols.motifs.Motif: atom3 name is OOC
core.pack.task: Packer task: initialize from command line() 
core.pack.task: Packer task: initialize from command line() 
core.pack.task: Packer task: initialize from command line() 
protocols.moves.MonteCarlo: MonteCarlo:: last_accepted_score,lowest_score: -1295.6 -1295.86
protocols.motifs.Motif: Res1 name is PHE
protocols.motifs.Motif: atom1 name is aroC
protocols.motifs.Motif: atom2 name is COO
protocols.motifs.Motif: atom3 name is OOC
protocols.motifs.Motif: Res1 name is GLU
protocols.motifs.Motif: atom1 name is CH2
protocols.motifs.Motif: atom2 name is CH2
protocols.motifs.Motif: atom3 name is CH1
protocols.motifs.Motif: Res1 name is GLU
protocols.motifs.Motif: atom1 name is CH1
protocols.motifs.Motif: atom2 name is CH2
protocols.motifs.Motif: atom3 name is Ntrp
protocols.motifs.Motif: Res1 name is TYR
protocols.motifs.Motif: atom1 name is aroC
protocols.motifs.Motif: atom2 name is aroC
protocols.motifs.Motif: atom3 name is OH
protocols.motifs.Motif: Res1 name is ARG
protocols.motifs.Motif: atom1 name is aroC
protocols.motifs.Motif: atom2 name is aroC
protocols.motifs.Motif: atom3 name is OH
core.pack.task: Packer task: initialize from command line() 
core.pack.task: Packer task: initialize from command line() 
core.pack.task: Packer task: initialize from command line() 
protocols.moves.MonteCarlo: MonteCarlo:: last_accepted_score,lowest_score: -1294.89 -1294.89
protocols.motifs.Motif: Res1 name is PHE
protocols.motifs.Motif: atom1 name is aroC
protocols.motifs.Motif: atom2 name is aroC
protocols.motifs.Motif: atom3 name is aroC
protocols.motifs.Motif: Res1 name is TYR
protocols.motifs.Motif: atom1 name is aroC
protocols.motifs.Motif: atom2 name is aroC
protocols.motifs.Motif: atom3 name is Cl
core.pack.task: Packer task: initialize from command line() 
core.pack.task: Packer task: initialize from command line() 
core.pack.task: Packer task: initialize from command line() 
protocols.moves.MonteCarlo: MonteCarlo:: last_accepted_score,lowest_score: -1291.3 -1291.3
protocols.motifs.Motif: Res1 name is PHE
protocols.motifs.Motif: atom1 name is aroC
protocols.motifs.Motif: atom2 name is aroC
protocols.motifs.Motif: atom3 name is aroC
protocols.motifs.Motif: Res1 name is TYR
protocols.motifs.Motif: atom1 name is aroC
protocols.motifs.Motif: atom2 name is aroC
protocols.motifs.Motif: atom3 name is Cl
core.pack.task: Packer task: initialize from command line() 
core.pack.task: Packer task: initialize from command line() 
core.pack.task: Packer task: initialize from command line() 
protocols.moves.MonteCarlo: MonteCarlo:: last_accepted_score,lowest_score: -1302.39 -1302.39
protocols.motifs.Motif: Res1 name is PHE
protocols.motifs.Motif: atom1 name is aroC
protocols.motifs.Motif: atom2 name is aroC
protocols.motifs.Motif: atom3 name is CH1
protocols.motifs.Motif: Res1 name is GLU
protocols.motifs.Motif: atom1 name is aroC
protocols.motifs.Motif: atom2 name is aroC
protocols.motifs.Motif: atom3 name is aroC
protocols.motifs.Motif: Res1 name is HIS
protocols.motifs.Motif: atom1 name is aroC
protocols.motifs.Motif: atom2 name is aroC
protocols.motifs.Motif: atom3 name is aroC
protocols.motifs.Motif: Res1 name is TYR
protocols.motifs.Motif: atom1 name is aroC
protocols.motifs.Motif: atom2 name is aroC
protocols.motifs.Motif: atom3 name is Cl
core.pack.task: Packer task: initialize from command line() 
core.pack.task: Packer task: initialize from command line() 
core.pack.task: Packer task: initialize from command line() 
protocols.moves.MonteCarlo: MonteCarlo:: last_accepted_score,lowest_score: -1296.41 -1296.95
protocols.motifs.Motif: Res1 name is PHE
protocols.motifs.Motif: atom1 name is aroC
protocols.motifs.Motif: atom2 name is aroC
protocols.motifs.Motif: atom3 name is aroC
protocols.motifs.Motif: Res1 name is GLU
protocols.motifs.Motif: atom1 name is aroC
protocols.motifs.Motif: atom2 name is aroC
protocols.motifs.Motif: atom3 name is aroC
protocols.motifs.Motif: Res1 name is TYR
protocols.motifs.Motif: atom1 name is aroC
protocols.motifs.Motif: atom2 name is aroC
protocols.motifs.Motif: atom3 name is aroC
core.pack.task: Packer task: initialize from command line() 
core.pack.task: Packer task: initialize from command line() 
core.pack.task: Packer task: initialize from command line() 
protocols.moves.MonteCarlo: MonteCarlo:: last_accepted_score,lowest_score: -1297.67 -1297.67
protocols.motifs.Motif: Res1 name is PHE
protocols.motifs.Motif: atom1 name is aroC
protocols.motifs.Motif: atom2 name is aroC
protocols.motifs.Motif: atom3 name is aroC
protocols.motifs.Motif: Res1 name is GLU
protocols.motifs.Motif: atom1 name is aroC
protocols.motifs.Motif: atom2 name is aroC
protocols.motifs.Motif: atom3 name is aroC
protocols.motifs.Motif: Res1 name is TYR
protocols.motifs.Motif: atom1 name is aroC
protocols.motifs.Motif: atom2 name is aroC
protocols.motifs.Motif: atom3 name is aroC
protocols.motifs.Motif: Res1 name is ARG
protocols.motifs.Motif: atom1 name is aroC
protocols.motifs.Motif: atom2 name is aroC
protocols.motifs.Motif: atom3 name is Cl
core.pack.task: Packer task: initialize from command line() 
core.pack.task: Packer task: initialize from command line() 
core.pack.task: Packer task: initialize from command line() 
protocols.moves.MonteCarlo: MonteCarlo:: last_accepted_score,lowest_score: -1297.29 -1297.4
protocols.motifs.Motif: Res1 name is PHE
protocols.motifs.Motif: atom1 name is COO
protocols.motifs.Motif: atom2 name is aroC
protocols.motifs.Motif: atom3 name is aroC
protocols.motifs.Motif: Res1 name is GLU
protocols.motifs.Motif: atom1 name is aroC
protocols.motifs.Motif: atom2 name is aroC
protocols.motifs.Motif: atom3 name is OH
protocols.motifs.Motif: Res1 name is TYR
protocols.motifs.Motif: atom1 name is aroC
protocols.motifs.Motif: atom2 name is COO
protocols.motifs.Motif: atom3 name is OOC
protocols.motifs.Motif: Res1 name is ARG
protocols.motifs.Motif: atom1 name is aroC
protocols.motifs.Motif: atom2 name is aroC
protocols.motifs.Motif: atom3 name is OH
core.pack.task: Packer task: initialize from command line() 
core.pack.task: Packer task: initialize from command line() 
core.pack.task: Packer task: initialize from command line() 
protocols.moves.MonteCarlo: MonteCarlo:: last_accepted_score,lowest_score: -1301.1 -1301.1
protocols.motifs.Motif: Res1 name is PHE
protocols.motifs.Motif: atom1 name is aroC
protocols.motifs.Motif: atom2 name is aroC
protocols.motifs.Motif: atom3 name is aroC
protocols.motifs.Motif: Res1 name is GLU
protocols.motifs.Motif: atom1 name is aroC
protocols.motifs.Motif: atom2 name is aroC
protocols.motifs.Motif: atom3 name is OH
protocols.motifs.Motif: Res1 name is GLU
protocols.motifs.Motif: atom1 name is aroC
protocols.motifs.Motif: atom2 name is aroC
protocols.motifs.Motif: atom3 name is OH
protocols.motifs.Motif: Res1 name is TYR
protocols.motifs.Motif: atom1 name is aroC
protocols.motifs.Motif: atom2 name is aroC
protocols.motifs.Motif: atom3 name is Oaro
protocols.motifs.Motif: Res1 name is ARG
protocols.motifs.Motif: atom1 name is aroC
protocols.motifs.Motif: atom2 name is aroC
protocols.motifs.Motif: atom3 name is aroC
protocols.motifs.Motif: Res1 name is PHE
protocols.motifs.Motif: atom1 name is aroC
protocols.motifs.Motif: atom2 name is aroC
protocols.motifs.Motif: atom3 name is OH
core.pack.task: Packer task: initialize from command line() 
core.pack.task: Packer task: initialize from command line() 
core.pack.task: Packer task: initialize from command line() 
protocols.moves.MonteCarlo: MonteCarlo:: last_accepted_score,lowest_score: -1300.42 -1300.42
protocols.motifs.Motif: Res1 name is PHE
protocols.motifs.Motif: atom1 name is aroC
protocols.motifs.Motif: atom2 name is aroC
protocols.motifs.Motif: atom3 name is aroC
protocols.motifs.Motif: Res1 name is GLU
protocols.motifs.Motif: atom1 name is aroC
protocols.motifs.Motif: atom2 name is aroC
protocols.motifs.Motif: atom3 name is OH
protocols.motifs.Motif: Res1 name is TYR
protocols.motifs.Motif: atom1 name is aroC
protocols.motifs.Motif: atom2 name is aroC
protocols.motifs.Motif: atom3 name is OH
core.pack.task: Packer task: initialize from command line() 
core.pack.task: Packer task: initialize from command line() 
core.pack.task: Packer task: initialize from command line() 
protocols.moves.MonteCarlo: MonteCarlo:: last_accepted_score,lowest_score: -1300.97 -1300.97
protocols.motifs.Motif: Res1 name is PHE
protocols.motifs.Motif: atom1 name is aroC
protocols.motifs.Motif: atom2 name is aroC
protocols.motifs.Motif: atom3 name is Cl
protocols.motifs.Motif: Res1 name is GLU
protocols.motifs.Motif: atom1 name is aroC
protocols.motifs.Motif: atom2 name is COO
protocols.motifs.Motif: atom3 name is OOC
protocols.motifs.Motif: Res1 name is GLU
protocols.motifs.Motif: atom1 name is aroC
protocols.motifs.Motif: atom2 name is aroC
protocols.motifs.Motif: atom3 name is OH
protocols.motifs.Motif: Res1 name is TYR
protocols.motifs.Motif: atom1 name is aroC
protocols.motifs.Motif: atom2 name is aroC
protocols.motifs.Motif: atom3 name is Oaro
protocols.motifs.Motif: Res1 name is MET
protocols.motifs.Motif: atom1 name is CH1
protocols.motifs.Motif: atom2 name is CH2
protocols.motifs.Motif: atom3 name is Ntrp
protocols.motifs.Motif: Res1 name is ARG
protocols.motifs.Motif: atom1 name is aroC
protocols.motifs.Motif: atom2 name is aroC
protocols.motifs.Motif: atom3 name is OH
core.pack.task: Packer task: initialize from command line() 
core.pack.task: Packer task: initialize from command line() 
core.pack.task: Packer task: initialize from command line() 
protocols.moves.MonteCarlo: MonteCarlo:: last_accepted_score,lowest_score: -1302 -1302
protocols.motifs.Motif: Res1 name is PHE
protocols.motifs.Motif: atom1 name is CH3
protocols.motifs.Motif: atom2 name is Ntrp
protocols.motifs.Motif: atom3 name is CH2
protocols.motifs.Motif: Res1 name is GLU
protocols.motifs.Motif: atom1 name is aroC
protocols.motifs.Motif: atom2 name is aroC
protocols.motifs.Motif: atom3 name is Oaro
protocols.motifs.Motif: Res1 name is GLU
protocols.motifs.Motif: atom1 name is aroC
protocols.motifs.Motif: atom2 name is aroC
protocols.motifs.Motif: atom3 name is OH
protocols.motifs.Motif: Res1 name is TYR
protocols.motifs.Motif: atom1 name is CH1
protocols.motifs.Motif: atom2 name is CH1
protocols.motifs.Motif: atom3 name is OH
protocols.motifs.Motif: Res1 name is ARG
protocols.motifs.Motif: atom1 name is aroC
protocols.motifs.Motif: atom2 name is aroC
protocols.motifs.Motif: atom3 name is OH
protocols.motifs.Motif: Res1 name is PHE
protocols.motifs.Motif: atom1 name is aroC
protocols.motifs.Motif: atom2 name is aroC
protocols.motifs.Motif: atom3 name is OH
core.pack.task: Packer task: initialize from command line() 
core.pack.task: Packer task: initialize from command line() 
core.pack.task: Packer task: initialize from command line() 
protocols.moves.MonteCarlo: MonteCarlo:: last_accepted_score,lowest_score: -1289.82 -1290.28
protocols.motifs.Motif: Res1 name is PHE
protocols.motifs.Motif: atom1 name is CH1
protocols.motifs.Motif: atom2 name is CH2
protocols.motifs.Motif: atom3 name is Ntrp
protocols.motifs.Motif: Res1 name is GLU
protocols.motifs.Motif: atom1 name is CH1
protocols.motifs.Motif: atom2 name is CH1
protocols.motifs.Motif: atom3 name is OH
protocols.motifs.Motif: Res1 name is TYR
protocols.motifs.Motif: atom1 name is CH2
protocols.motifs.Motif: atom2 name is Ntrp
protocols.motifs.Motif: atom3 name is CH2
core.pack.task: Packer task: initialize from command line() 
core.pack.task: Packer task: initialize from command line() 
core.pack.task: Packer task: initialize from command line() 
protocols.moves.MonteCarlo: MonteCarlo:: last_accepted_score,lowest_score: -1287.67 -1288.93
protocols.motifs.Motif: Res1 name is PHE
protocols.motifs.Motif: atom1 name is CH1
protocols.motifs.Motif: atom2 name is CH2
protocols.motifs.Motif: atom3 name is Ntrp
protocols.motifs.Motif: Res1 name is GLU
protocols.motifs.Motif: atom1 name is CH1
protocols.motifs.Motif: atom2 name is CH1
protocols.motifs.Motif: atom3 name is OH
protocols.motifs.Motif: Res1 name is TYR
protocols.motifs.Motif: atom1 name is CH2
protocols.motifs.Motif: atom2 name is Ntrp
protocols.motifs.Motif: atom3 name is CH2
core.pack.task: Packer task: initialize from command line() 
core.pack.task: Packer task: initialize from command line() 
core.pack.task: Packer task: initialize from command line() 
protocols.moves.MonteCarlo: MonteCarlo:: last_accepted_score,lowest_score: -1296.59 -1296.59
protocols.motifs.Motif: Res1 name is PHE
protocols.motifs.Motif: atom1 name is aroC
protocols.motifs.Motif: atom2 name is COO
protocols.motifs.Motif: atom3 name is OOC
protocols.motifs.Motif: Res1 name is GLU
protocols.motifs.Motif: atom1 name is aroC
protocols.motifs.Motif: atom2 name is aroC
protocols.motifs.Motif: atom3 name is OH
protocols.motifs.Motif: Res1 name is GLU
protocols.motifs.Motif: atom1 name is CH1
protocols.motifs.Motif: atom2 name is CH1
protocols.motifs.Motif: atom3 name is OH
protocols.motifs.Motif: Res1 name is TYR
protocols.motifs.Motif: atom1 name is aroC
protocols.motifs.Motif: atom2 name is aroC
protocols.motifs.Motif: atom3 name is OH
protocols.motifs.Motif: Res1 name is ARG
protocols.motifs.Motif: atom1 name is aroC
protocols.motifs.Motif: atom2 name is aroC
protocols.motifs.Motif: atom3 name is OH
core.pack.task: Packer task: initialize from command line() 
core.pack.task: Packer task: initialize from command line() 
core.pack.task: Packer task: initialize from command line() 
protocols.moves.MonteCarlo: MonteCarlo:: last_accepted_score,lowest_score: -1281.5 -1281.5
protocols.motifs.Motif: Res1 name is PHE
protocols.motifs.Motif: atom1 name is aroC
protocols.motifs.Motif: atom2 name is aroC
protocols.motifs.Motif: atom3 name is aroC
protocols.motifs.Motif: Res1 name is GLU
protocols.motifs.Motif: atom1 name is aroC
protocols.motifs.Motif: atom2 name is aroC
protocols.motifs.Motif: atom3 name is aroC
protocols.motifs.Motif: Res1 name is TYR
protocols.motifs.Motif: atom1 name is aroC
protocols.motifs.Motif: atom2 name is aroC
protocols.motifs.Motif: atom3 name is aroC
protocols.motifs.Motif: Res1 name is ARG
protocols.motifs.Motif: atom1 name is aroC
protocols.motifs.Motif: atom2 name is aroC
protocols.motifs.Motif: atom3 name is OH
protocols.motifs.Motif: Res1 name is PHE
protocols.motifs.Motif: atom1 name is aroC
protocols.motifs.Motif: atom2 name is aroC
protocols.motifs.Motif: atom3 name is aroC
core.pack.task: Packer task: initialize from command line() 
core.pack.task: Packer task: initialize from command line() 
core.pack.task: Packer task: initialize from command line() 
protocols.moves.MonteCarlo: MonteCarlo:: last_accepted_score,lowest_score: -1290.6 -1292.06
protocols.motifs.Motif: Res1 name is PHE
protocols.motifs.Motif: atom1 name is aroC
protocols.motifs.Motif: atom2 name is aroC
protocols.motifs.Motif: atom3 name is aroC
protocols.motifs.Motif: Res1 name is TYR
protocols.motifs.Motif: atom1 name is aroC
protocols.motifs.Motif: atom2 name is aroC
protocols.motifs.Motif: atom3 name is aroC
core.pack.task: Packer task: initialize from command line() 
core.pack.task: Packer task: initialize from command line() 
core.pack.task: Packer task: initialize from command line() 
protocols.moves.MonteCarlo: MonteCarlo:: last_accepted_score,lowest_score: -1299.98 -1300.2
protocols.motifs.Motif: Res1 name is PHE
protocols.motifs.Motif: atom1 name is COO
protocols.motifs.Motif: atom2 name is aroC
protocols.motifs.Motif: atom3 name is aroC
protocols.motifs.Motif: Res1 name is GLU
protocols.motifs.Motif: atom1 name is aroC
protocols.motifs.Motif: atom2 name is aroC
protocols.motifs.Motif: atom3 name is aroC
protocols.motifs.Motif: Res1 name is GLU
protocols.motifs.Motif: atom1 name is CH1
protocols.motifs.Motif: atom2 name is CH1
protocols.motifs.Motif: atom3 name is OH
protocols.motifs.Motif: Res1 name is TYR
protocols.motifs.Motif: atom1 name is aroC
protocols.motifs.Motif: atom2 name is aroC
protocols.motifs.Motif: atom3 name is Oaro
protocols.motifs.Motif: Res1 name is ARG
protocols.motifs.Motif: atom1 name is aroC
protocols.motifs.Motif: atom2 name is aroC
protocols.motifs.Motif: atom3 name is OH
core.pack.task: Packer task: initialize from command line() 
core.pack.task: Packer task: initialize from command line() 
core.pack.task: Packer task: initialize from command line() 
protocols.moves.MonteCarlo: MonteCarlo:: last_accepted_score,lowest_score: -1297.69 -1297.69
protocols.motifs.Motif: Res1 name is PHE
protocols.motifs.Motif: atom1 name is COO
protocols.motifs.Motif: atom2 name is aroC
protocols.motifs.Motif: atom3 name is aroC
protocols.motifs.Motif: Res1 name is GLU
protocols.motifs.Motif: atom1 name is aroC
protocols.motifs.Motif: atom2 name is COO
protocols.motifs.Motif: atom3 name is OOC
protocols.motifs.Motif: Res1 name is GLU
protocols.motifs.Motif: atom1 name is aroC
protocols.motifs.Motif: atom2 name is aroC
protocols.motifs.Motif: atom3 name is OH
protocols.motifs.Motif: Res1 name is TYR
protocols.motifs.Motif: atom1 name is aroC
protocols.motifs.Motif: atom2 name is aroC
protocols.motifs.Motif: atom3 name is Oaro
protocols.motifs.Motif: Res1 name is ARG
protocols.motifs.Motif: atom1 name is aroC
protocols.motifs.Motif: atom2 name is aroC
protocols.motifs.Motif: atom3 name is aroC
protocols.motifs.Motif: Res1 name is PHE
protocols.motifs.Motif: atom1 name is aroC
protocols.motifs.Motif: atom2 name is aroC
protocols.motifs.Motif: atom3 name is OH
core.pack.task: Packer task: initialize from command line() 
core.pack.task: Packer task: initialize from command line() 
core.pack.task: Packer task: initialize from command line() 
protocols.moves.MonteCarlo: MonteCarlo:: last_accepted_score,lowest_score: -1299.03 -1299.84
protocols.motifs.Motif: Res1 name is PHE
protocols.motifs.Motif: atom1 name is COO
protocols.motifs.Motif: atom2 name is aroC
protocols.motifs.Motif: atom3 name is aroC
protocols.motifs.Motif: Res1 name is GLU
protocols.motifs.Motif: atom1 name is CH1
protocols.motifs.Motif: atom2 name is CH1
protocols.motifs.Motif: atom3 name is OH
protocols.motifs.Motif: Res1 name is TYR
protocols.motifs.Motif: atom1 name is aroC
protocols.motifs.Motif: atom2 name is aroC
protocols.motifs.Motif: atom3 name is OH
protocols.motifs.Motif: Res1 name is ARG
protocols.motifs.Motif: atom1 name is aroC
protocols.motifs.Motif: atom2 name is aroC
protocols.motifs.Motif: atom3 name is OH
protocols.motifs.Motif: Res1 name is PHE
protocols.motifs.Motif: atom1 name is aroC
protocols.motifs.Motif: atom2 name is aroC
protocols.motifs.Motif: atom3 name is aroC
core.pack.task: Packer task: initialize from command line() 
core.pack.task: Packer task: initialize from command line() 
core.pack.task: Packer task: initialize from command line() 
protocols.moves.MonteCarlo: MonteCarlo:: last_accepted_score,lowest_score: -1294.95 -1295.15
protocols.motifs.Motif: Res1 name is PHE
protocols.motifs.Motif: atom1 name is COO
protocols.motifs.Motif: atom2 name is aroC
protocols.motifs.Motif: atom3 name is aroC
protocols.motifs.Motif: Res1 name is GLU
protocols.motifs.Motif: atom1 name is CH2
protocols.motifs.Motif: atom2 name is CH2
protocols.motifs.Motif: atom3 name is CH1
protocols.motifs.Motif: Res1 name is TYR
protocols.motifs.Motif: atom1 name is aroC
protocols.motifs.Motif: atom2 name is aroC
protocols.motifs.Motif: atom3 name is OH
protocols.motifs.Motif: Res1 name is ARG
protocols.motifs.Motif: atom1 name is aroC
protocols.motifs.Motif: atom2 name is aroC
protocols.motifs.Motif: atom3 name is OH
core.pack.task: Packer task: initialize from command line() 
core.pack.task: Packer task: initialize from command line() 
core.pack.task: Packer task: initialize from command line() 
protocols.moves.MonteCarlo: MonteCarlo:: last_accepted_score,lowest_score: -1298.52 -1298.52
protocols.motifs.Motif: Res1 name is PHE
protocols.motifs.Motif: atom1 name is COO
protocols.motifs.Motif: atom2 name is aroC
protocols.motifs.Motif: atom3 name is aroC
protocols.motifs.Motif: Res1 name is HIS
protocols.motifs.Motif: atom1 name is aroC
protocols.motifs.Motif: atom2 name is aroC
protocols.motifs.Motif: atom3 name is OH
protocols.motifs.Motif: Res1 name is GLU
protocols.motifs.Motif: atom1 name is CH1
protocols.motifs.Motif: atom2 name is CH1
protocols.motifs.Motif: atom3 name is OH
protocols.motifs.Motif: Res1 name is TYR
protocols.motifs.Motif: atom1 name is aroC
protocols.motifs.Motif: atom2 name is aroC
protocols.motifs.Motif: atom3 name is OH
protocols.motifs.Motif: Res1 name is ARG
protocols.motifs.Motif: atom1 name is aroC
protocols.motifs.Motif: atom2 name is aroC
protocols.motifs.Motif: atom3 name is OH
protocols.motifs.Motif: Res1 name is PHE
protocols.motifs.Motif: atom1 name is aroC
protocols.motifs.Motif: atom2 name is aroC
protocols.motifs.Motif: atom3 name is OH
core.pack.task: Packer task: initialize from command line() 
core.pack.task: Packer task: initialize from command line() 
core.pack.task: Packer task: initialize from command line() 
protocols.moves.MonteCarlo: MonteCarlo:: last_accepted_score,lowest_score: -1296.56 -1296.56
protocols.motifs.Motif: Res1 name is PHE
protocols.motifs.Motif: atom1 name is aroC
protocols.motifs.Motif: atom2 name is COO
protocols.motifs.Motif: atom3 name is OOC
protocols.motifs.Motif: Res1 name is GLU
protocols.motifs.Motif: atom1 name is CH2
protocols.motifs.Motif: atom2 name is CH2
protocols.motifs.Motif: atom3 name is CH1
protocols.motifs.Motif: Res1 name is GLU
protocols.motifs.Motif: atom1 name is CH1
protocols.motifs.Motif: atom2 name is CH1
protocols.motifs.Motif: atom3 name is OH
protocols.motifs.Motif: Res1 name is TYR
protocols.motifs.Motif: atom1 name is aroC
protocols.motifs.Motif: atom2 name is aroC
protocols.motifs.Motif: atom3 name is OH
protocols.motifs.Motif: Res1 name is ARG
protocols.motifs.Motif: atom1 name is CH2
protocols.motifs.Motif: atom2 name is Ntrp
protocols.motifs.Motif: atom3 name is CH2
core.pack.task: Packer task: initialize from command line() 
core.pack.task: Packer task: initialize from command line() 
core.pack.task: Packer task: initialize from command line() 
protocols.moves.MonteCarlo: MonteCarlo:: last_accepted_score,lowest_score: -1296.94 -1297.26
protocols.motifs.Motif: Res1 name is PHE
protocols.motifs.Motif: atom1 name is aroC
protocols.motifs.Motif: atom2 name is COO
protocols.motifs.Motif: atom3 name is OOC
protocols.motifs.Motif: Res1 name is GLU
protocols.motifs.Motif: atom1 name is CH2
protocols.motifs.Motif: atom2 name is CH2
protocols.motifs.Motif: atom3 name is CH1
protocols.motifs.Motif: Res1 name is GLU
protocols.motifs.Motif: atom1 name is CH1
protocols.motifs.Motif: atom2 name is CH1
protocols.motifs.Motif: atom3 name is OH
protocols.motifs.Motif: Res1 name is TYR
protocols.motifs.Motif: atom1 name is aroC
protocols.motifs.Motif: atom2 name is aroC
protocols.motifs.Motif: atom3 name is aroC
protocols.motifs.Motif: Res1 name is ARG
protocols.motifs.Motif: atom1 name is aroC
protocols.motifs.Motif: atom2 name is aroC
protocols.motifs.Motif: atom3 name is OH
core.pack.task: Packer task: initialize from command line() 
core.pack.task: Packer task: initialize from command line() 
core.pack.task: Packer task: initialize from command line() 
protocols.moves.MonteCarlo: MonteCarlo:: last_accepted_score,lowest_score: -1297.17 -1297.17
protocols.motifs.Motif: Res1 name is PHE
protocols.motifs.Motif: atom1 name is aroC
protocols.motifs.Motif: atom2 name is COO
protocols.motifs.Motif: atom3 name is OOC
protocols.motifs.Motif: Res1 name is GLU
protocols.motifs.Motif: atom1 name is aroC
protocols.motifs.Motif: atom2 name is aroC
protocols.motifs.Motif: atom3 name is OH
protocols.motifs.Motif: Res1 name is TYR
protocols.motifs.Motif: atom1 name is aroC
protocols.motifs.Motif: atom2 name is aroC
protocols.motifs.Motif: atom3 name is OH
protocols.motifs.Motif: Res1 name is ARG
protocols.motifs.Motif: atom1 name is aroC
protocols.motifs.Motif: atom2 name is aroC
protocols.motifs.Motif: atom3 name is OH
core.pack.task: Packer task: initialize from command line() 
core.pack.task: Packer task: initialize from command line() 
core.pack.task: Packer task: initialize from command line() 
protocols.moves.MonteCarlo: MonteCarlo:: last_accepted_score,lowest_score: -1298.9 -1298.9
protocols.motifs.Motif: Res1 name is PHE
protocols.motifs.Motif: atom1 name is COO
protocols.motifs.Motif: atom2 name is aroC
protocols.motifs.Motif: atom3 name is aroC
protocols.motifs.Motif: Res1 name is GLU
protocols.motifs.Motif: atom1 name is aroC
protocols.motifs.Motif: atom2 name is aroC
protocols.motifs.Motif: atom3 name is OH
protocols.motifs.Motif: Res1 name is GLU
protocols.motifs.Motif: atom1 name is aroC
protocols.motifs.Motif: atom2 name is aroC
protocols.motifs.Motif: atom3 name is OH
protocols.motifs.Motif: Res1 name is TYR
protocols.motifs.Motif: atom1 name is aroC
protocols.motifs.Motif: atom2 name is aroC
protocols.motifs.Motif: atom3 name is aroC
core.pack.task: Packer task: initialize from command line() 
core.pack.task: Packer task: initialize from command line() 
core.pack.task: Packer task: initialize from command line() 
protocols.moves.MonteCarlo: MonteCarlo:: last_accepted_score,lowest_score: -1292.58 -1292.58
protocols.motifs.Motif: Res1 name is PHE
protocols.motifs.Motif: atom1 name is aroC
protocols.motifs.Motif: atom2 name is aroC
protocols.motifs.Motif: atom3 name is Cl
protocols.motifs.Motif: Res1 name is GLU
protocols.motifs.Motif: atom1 name is aroC
protocols.motifs.Motif: atom2 name is aroC
protocols.motifs.Motif: atom3 name is aroC
protocols.motifs.Motif: Res1 name is GLU
protocols.motifs.Motif: atom1 name is CH1
protocols.motifs.Motif: atom2 name is CH2
protocols.motifs.Motif: atom3 name is Ntrp
protocols.motifs.Motif: Res1 name is TYR
protocols.motifs.Motif: atom1 name is CH2
protocols.motifs.Motif: atom2 name is Ntrp
protocols.motifs.Motif: atom3 name is CH2
core.pack.task: Packer task: initialize from command line() 
core.pack.task: Packer task: initialize from command line() 
core.pack.task: Packer task: initialize from command line() 
protocols.moves.MonteCarlo: MonteCarlo:: last_accepted_score,lowest_score: -1283.93 -1283.93
protocols.motifs.Motif: Res1 name is PHE
protocols.motifs.Motif: atom1 name is aroC
protocols.motifs.Motif: atom2 name is COO
protocols.motifs.Motif: atom3 name is OOC
protocols.motifs.Motif: Res1 name is GLU
protocols.motifs.Motif: atom1 name is aroC
protocols.motifs.Motif: atom2 name is aroC
protocols.motifs.Motif: atom3 name is OH
protocols.motifs.Motif: Res1 name is TYR
protocols.motifs.Motif: atom1 name is aroC
protocols.motifs.Motif: atom2 name is aroC
protocols.motifs.Motif: atom3 name is aroC
core.pack.task: Packer task: initialize from command line() 
core.pack.task: Packer task: initialize from command line() 
core.pack.task: Packer task: initialize from command line() 
protocols.moves.MonteCarlo: MonteCarlo:: last_accepted_score,lowest_score: -1302.87 -1303.4
protocols.motifs.Motif: Res1 name is PHE
protocols.motifs.Motif: atom1 name is COO
protocols.motifs.Motif: atom2 name is aroC
protocols.motifs.Motif: atom3 name is aroC
protocols.motifs.Motif: Res1 name is GLU
protocols.motifs.Motif: atom1 name is aroC
protocols.motifs.Motif: atom2 name is aroC
protocols.motifs.Motif: atom3 name is OH
protocols.motifs.Motif: Res1 name is GLU
protocols.motifs.Motif: atom1 name is aroC
protocols.motifs.Motif: atom2 name is aroC
protocols.motifs.Motif: atom3 name is OH
protocols.motifs.Motif: Res1 name is TYR
protocols.motifs.Motif: atom1 name is aroC
protocols.motifs.Motif: atom2 name is aroC
protocols.motifs.Motif: atom3 name is Oaro
protocols.motifs.Motif: Res1 name is ARG
protocols.motifs.Motif: atom1 name is aroC
protocols.motifs.Motif: atom2 name is aroC
protocols.motifs.Motif: atom3 name is aroC
core.pack.task: Packer task: initialize from command line() 
core.pack.task: Packer task: initialize from command line() 
core.pack.task: Packer task: initialize from command line() 
protocols.moves.MonteCarlo: MonteCarlo:: last_accepted_score,lowest_score: -1299.2 -1299.2
protocols.motifs.Motif: Res1 name is PHE
protocols.motifs.Motif: atom1 name is aroC
protocols.motifs.Motif: atom2 name is aroC
protocols.motifs.Motif: atom3 name is aroC
protocols.motifs.Motif: Res1 name is GLU
protocols.motifs.Motif: atom1 name is aroC
protocols.motifs.Motif: atom2 name is aroC
protocols.motifs.Motif: atom3 name is OH
protocols.motifs.Motif: Res1 name is HIS
protocols.motifs.Motif: atom1 name is aroC
protocols.motifs.Motif: atom2 name is COO
protocols.motifs.Motif: atom3 name is OOC
protocols.motifs.Motif: Res1 name is GLU
protocols.motifs.Motif: atom1 name is aroC
protocols.motifs.Motif: atom2 name is aroC
protocols.motifs.Motif: atom3 name is OH
protocols.motifs.Motif: Res1 name is TYR
protocols.motifs.Motif: atom1 name is aroC
protocols.motifs.Motif: atom2 name is aroC
protocols.motifs.Motif: atom3 name is OH
protocols.motifs.Motif: Res1 name is ARG
protocols.motifs.Motif: atom1 name is aroC
protocols.motifs.Motif: atom2 name is aroC
protocols.motifs.Motif: atom3 name is OH
protocols.motifs.Motif: Res1 name is PHE
protocols.motifs.Motif: atom1 name is aroC
protocols.motifs.Motif: atom2 name is aroC
protocols.motifs.Motif: atom3 name is aroC
core.pack.task: Packer task: initialize from command line() 
core.pack.task: Packer task: initialize from command line() 
core.pack.task: Packer task: initialize from command line() 
protocols.moves.MonteCarlo: MonteCarlo:: last_accepted_score,lowest_score: -1299.03 -1300.98
protocols.motifs.Motif: Res1 name is PHE
protocols.motifs.Motif: atom1 name is COO
protocols.motifs.Motif: atom2 name is aroC
protocols.motifs.Motif: atom3 name is aroC
protocols.motifs.Motif: Res1 name is GLU
protocols.motifs.Motif: atom1 name is aroC
protocols.motifs.Motif: atom2 name is COO
protocols.motifs.Motif: atom3 name is OOC
protocols.motifs.Motif: Res1 name is GLU
protocols.motifs.Motif: atom1 name is aroC
protocols.motifs.Motif: atom2 name is aroC
protocols.motifs.Motif: atom3 name is OH
protocols.motifs.Motif: Res1 name is TYR
protocols.motifs.Motif: atom1 name is aroC
protocols.motifs.Motif: atom2 name is aroC
protocols.motifs.Motif: atom3 name is Oaro
protocols.motifs.Motif: Res1 name is ARG
protocols.motifs.Motif: atom1 name is aroC
protocols.motifs.Motif: atom2 name is aroC
protocols.motifs.Motif: atom3 name is aroC
protocols.motifs.Motif: Res1 name is PHE
protocols.motifs.Motif: atom1 name is aroC
protocols.motifs.Motif: atom2 name is aroC
protocols.motifs.Motif: atom3 name is OH
core.pack.task: Packer task: initialize from command line() 
core.pack.task: Packer task: initialize from command line() 
core.pack.task: Packer task: initialize from command line() 
protocols.moves.MonteCarlo: MonteCarlo:: last_accepted_score,lowest_score: -1295.87 -1296.27
protocols.motifs.Motif: Res1 name is PHE
protocols.motifs.Motif: atom1 name is aroC
protocols.motifs.Motif: atom2 name is aroC
protocols.motifs.Motif: atom3 name is aroC
protocols.motifs.Motif: Res1 name is GLU
protocols.motifs.Motif: atom1 name is aroC
protocols.motifs.Motif: atom2 name is aroC
protocols.motifs.Motif: atom3 name is aroC
protocols.motifs.Motif: Res1 name is TYR
protocols.motifs.Motif: atom1 name is aroC
protocols.motifs.Motif: atom2 name is aroC
protocols.motifs.Motif: atom3 name is Oaro
protocols.motifs.Motif: Res1 name is ARG
protocols.motifs.Motif: atom1 name is aroC
protocols.motifs.Motif: atom2 name is aroC
protocols.motifs.Motif: atom3 name is aroC
protocols.motifs.Motif: Res1 name is PHE
protocols.motifs.Motif: atom1 name is aroC
protocols.motifs.Motif: atom2 name is aroC
protocols.motifs.Motif: atom3 name is OH
core.pack.task: Packer task: initialize from command line() 
core.pack.task: Packer task: initialize from command line() 
core.pack.task: Packer task: initialize from command line() 
protocols.moves.MonteCarlo: MonteCarlo:: last_accepted_score,lowest_score: -1220.98 -1220.98
protocols.motifs.Motif: Res1 name is PHE
protocols.motifs.Motif: atom1 name is aroC
protocols.motifs.Motif: atom2 name is aroC
protocols.motifs.Motif: atom3 name is aroC
protocols.motifs.Motif: Res1 name is TYR
protocols.motifs.Motif: atom1 name is aroC
protocols.motifs.Motif: atom2 name is aroC
protocols.motifs.Motif: atom3 name is Cl
core.pack.task: Packer task: initialize from command line() 
core.pack.task: Packer task: initialize from command line() 
core.pack.task: Packer task: initialize from command line() 
protocols.moves.MonteCarlo: MonteCarlo:: last_accepted_score,lowest_score: -1294.75 -1297.28
protocols.motifs.Motif: Res1 name is PHE
protocols.motifs.Motif: atom1 name is aroC
protocols.motifs.Motif: atom2 name is aroC
protocols.motifs.Motif: atom3 name is aroC
protocols.motifs.Motif: Res1 name is GLU
protocols.motifs.Motif: atom1 name is aroC
protocols.motifs.Motif: atom2 name is aroC
protocols.motifs.Motif: atom3 name is aroC
protocols.motifs.Motif: Res1 name is TYR
protocols.motifs.Motif: atom1 name is aroC
protocols.motifs.Motif: atom2 name is COO
protocols.motifs.Motif: atom3 name is OOC
core.pack.task: Packer task: initialize from command line() 
core.pack.task: Packer task: initialize from command line() 
core.pack.task: Packer task: initialize from command line() 
protocols.moves.MonteCarlo: MonteCarlo:: last_accepted_score,lowest_score: -1300.33 -1300.33
protocols.motifs.Motif: Res1 name is PHE
protocols.motifs.Motif: atom1 name is aroC
protocols.motifs.Motif: atom2 name is aroC
protocols.motifs.Motif: atom3 name is Oaro
protocols.motifs.Motif: Res1 name is GLU
protocols.motifs.Motif: atom1 name is aroC
protocols.motifs.Motif: atom2 name is aroC
protocols.motifs.Motif: atom3 name is aroC
protocols.motifs.Motif: Res1 name is HIS
protocols.motifs.Motif: atom1 name is aroC
protocols.motifs.Motif: atom2 name is aroC
protocols.motifs.Motif: atom3 name is aroC
protocols.motifs.Motif: Res1 name is TYR
protocols.motifs.Motif: atom1 name is aroC
protocols.motifs.Motif: atom2 name is COO
protocols.motifs.Motif: atom3 name is OOC
core.pack.task: Packer task: initialize from command line() 
core.pack.task: Packer task: initialize from command line() 
core.pack.task: Packer task: initialize from command line() 
protocols.moves.MonteCarlo: MonteCarlo:: last_accepted_score,lowest_score: -1294.95 -1296.01
protocols.motifs.Motif: Res1 name is PHE
protocols.motifs.Motif: atom1 name is CH1
protocols.motifs.Motif: atom2 name is CH1
protocols.motifs.Motif: atom3 name is OH
protocols.motifs.Motif: Res1 name is GLU
protocols.motifs.Motif: atom1 name is COO
protocols.motifs.Motif: atom2 name is aroC
protocols.motifs.Motif: atom3 name is aroC
protocols.motifs.Motif: Res1 name is TYR
protocols.motifs.Motif: atom1 name is aroC
protocols.motifs.Motif: atom2 name is aroC
protocols.motifs.Motif: atom3 name is aroC
protocols.motifs.Motif: Res1 name is ARG
protocols.motifs.Motif: atom1 name is COO
protocols.motifs.Motif: atom2 name is aroC
protocols.motifs.Motif: atom3 name is aroC
core.pack.task: Packer task: initialize from command line() 
core.pack.task: Packer task: initialize from command line() 
core.pack.task: Packer task: initialize from command line() 
protocols.moves.MonteCarlo: MonteCarlo:: last_accepted_score,lowest_score: -1295.68 -1295.86
protocols.motifs.Motif: Res1 name is PHE
protocols.motifs.Motif: atom1 name is aroC
protocols.motifs.Motif: atom2 name is aroC
protocols.motifs.Motif: atom3 name is aroC
protocols.motifs.Motif: Res1 name is GLU
protocols.motifs.Motif: atom1 name is aroC
protocols.motifs.Motif: atom2 name is aroC
protocols.motifs.Motif: atom3 name is OH
protocols.motifs.Motif: Res1 name is TYR
protocols.motifs.Motif: atom1 name is aroC
protocols.motifs.Motif: atom2 name is aroC
protocols.motifs.Motif: atom3 name is OH
core.pack.task: Packer task: initialize from command line() 
core.pack.task: Packer task: initialize from command line() 
core.pack.task: Packer task: initialize from command line() 
protocols.moves.MonteCarlo: MonteCarlo:: last_accepted_score,lowest_score: -1302.51 -1302.51
protocols.motifs.Motif: Res1 name is PHE
protocols.motifs.Motif: atom1 name is aroC
protocols.motifs.Motif: atom2 name is Oaro
protocols.motifs.Motif: atom3 name is aroC
protocols.motifs.Motif: Res1 name is GLU
protocols.motifs.Motif: atom1 name is aroC
protocols.motifs.Motif: atom2 name is aroC
protocols.motifs.Motif: atom3 name is aroC
protocols.motifs.Motif: Res1 name is HIS
protocols.motifs.Motif: atom1 name is aroC
protocols.motifs.Motif: atom2 name is aroC
protocols.motifs.Motif: atom3 name is aroC
protocols.motifs.Motif: Res1 name is TYR
protocols.motifs.Motif: atom1 name is aroC
protocols.motifs.Motif: atom2 name is aroC
protocols.motifs.Motif: atom3 name is Cl
core.pack.task: Packer task: initialize from command line() 
core.pack.task: Packer task: initialize from command line() 
core.pack.task: Packer task: initialize from command line() 
protocols.moves.MonteCarlo: MonteCarlo:: last_accepted_score,lowest_score: -1182.01 -1182.01
protocols.motifs.Motif: Res1 name is PHE
protocols.motifs.Motif: atom1 name is aroC
protocols.motifs.Motif: atom2 name is COO
protocols.motifs.Motif: atom3 name is OOC
protocols.motifs.Motif: Res1 name is ILE
protocols.motifs.Motif: atom1 name is aroC
protocols.motifs.Motif: atom2 name is aroC
protocols.motifs.Motif: atom3 name is aroC
protocols.motifs.Motif: Res1 name is GLU
protocols.motifs.Motif: atom1 name is aroC
protocols.motifs.Motif: atom2 name is aroC
protocols.motifs.Motif: atom3 name is aroC
protocols.motifs.Motif: Res1 name is GLU
protocols.motifs.Motif: atom1 name is aroC
protocols.motifs.Motif: atom2 name is aroC
protocols.motifs.Motif: atom3 name is Cl
protocols.motifs.Motif: Res1 name is TYR
protocols.motifs.Motif: atom1 name is aroC
protocols.motifs.Motif: atom2 name is aroC
protocols.motifs.Motif: atom3 name is Cl
protocols.motifs.Motif: Res1 name is ARG
protocols.motifs.Motif: atom1 name is aroC
protocols.motifs.Motif: atom2 name is aroC
protocols.motifs.Motif: atom3 name is Cl
protocols.motifs.Motif: Res1 name is PHE
protocols.motifs.Motif: atom1 name is aroC
protocols.motifs.Motif: atom2 name is aroC
protocols.motifs.Motif: atom3 name is Cl
core.pack.task: Packer task: initialize from command line() 
core.pack.task: Packer task: initialize from command line() 
core.pack.task: Packer task: initialize from command line() 
protocols.moves.MonteCarlo: MonteCarlo:: last_accepted_score,lowest_score: -1300.27 -1300.27
protocols.motifs.Motif: Res1 name is PHE
protocols.motifs.Motif: atom1 name is aroC
protocols.motifs.Motif: atom2 name is aroC
protocols.motifs.Motif: atom3 name is OH
protocols.motifs.Motif: Res1 name is GLU
protocols.motifs.Motif: atom1 name is aroC
protocols.motifs.Motif: atom2 name is aroC
protocols.motifs.Motif: atom3 name is aroC
protocols.motifs.Motif: Res1 name is GLU
protocols.motifs.Motif: atom1 name is aroC
protocols.motifs.Motif: atom2 name is aroC
protocols.motifs.Motif: atom3 name is Cl
protocols.motifs.Motif: Res1 name is TYR
protocols.motifs.Motif: atom1 name is COO
protocols.motifs.Motif: atom2 name is aroC
protocols.motifs.Motif: atom3 name is aroC
protocols.motifs.Motif: Res1 name is ARG
protocols.motifs.Motif: atom1 name is aroC
protocols.motifs.Motif: atom2 name is aroC
protocols.motifs.Motif: atom3 name is aroC
core.pack.task: Packer task: initialize from command line() 
core.pack.task: Packer task: initialize from command line() 
core.pack.task: Packer task: initialize from command line() 
protocols.moves.MonteCarlo: MonteCarlo:: last_accepted_score,lowest_score: -1298.18 -1298.18
protocols.motifs.Motif: Res1 name is PHE
protocols.motifs.Motif: atom1 name is aroC
protocols.motifs.Motif: atom2 name is aroC
protocols.motifs.Motif: atom3 name is Oaro
protocols.motifs.Motif: Res1 name is GLU
protocols.motifs.Motif: atom1 name is aroC
protocols.motifs.Motif: atom2 name is aroC
protocols.motifs.Motif: atom3 name is aroC
protocols.motifs.Motif: Res1 name is GLU
protocols.motifs.Motif: atom1 name is aroC
protocols.motifs.Motif: atom2 name is aroC
protocols.motifs.Motif: atom3 name is Cl
protocols.motifs.Motif: Res1 name is TYR
protocols.motifs.Motif: atom1 name is aroC
protocols.motifs.Motif: atom2 name is aroC
protocols.motifs.Motif: atom3 name is aroC
core.pack.task: Packer task: initialize from command line() 
core.pack.task: Packer task: initialize from command line() 
core.pack.task: Packer task: initialize from command line() 
protocols.moves.MonteCarlo: MonteCarlo:: last_accepted_score,lowest_score: -1299.18 -1299.18
protocols.motifs.Motif: Res1 name is PHE
protocols.motifs.Motif: atom1 name is aroC
protocols.motifs.Motif: atom2 name is COO
protocols.motifs.Motif: atom3 name is OOC
protocols.motifs.Motif: Res1 name is GLU
protocols.motifs.Motif: atom1 name is CH2
protocols.motifs.Motif: atom2 name is CH2
protocols.motifs.Motif: atom3 name is CH1
protocols.motifs.Motif: Res1 name is TYR
protocols.motifs.Motif: atom1 name is CH1
protocols.motifs.Motif: atom2 name is CH1
protocols.motifs.Motif: atom3 name is OH
protocols.motifs.Motif: Res1 name is ARG
protocols.motifs.Motif: atom1 name is CH1
protocols.motifs.Motif: atom2 name is CH2
protocols.motifs.Motif: atom3 name is Ntrp
core.pack.task: Packer task: initialize from command line() 
core.pack.task: Packer task: initialize from command line() 
core.pack.task: Packer task: initialize from command line() 
protocols.moves.MonteCarlo: MonteCarlo:: last_accepted_score,lowest_score: -1302.42 -1302.42
protocols.motifs.Motif: Res1 name is PHE
protocols.motifs.Motif: atom1 name is aroC
protocols.motifs.Motif: atom2 name is aroC
protocols.motifs.Motif: atom3 name is Oaro
protocols.motifs.Motif: Res1 name is GLU
protocols.motifs.Motif: atom1 name is aroC
protocols.motifs.Motif: atom2 name is aroC
protocols.motifs.Motif: atom3 name is aroC
protocols.motifs.Motif: Res1 name is HIS
protocols.motifs.Motif: atom1 name is aroC
protocols.motifs.Motif: atom2 name is aroC
protocols.motifs.Motif: atom3 name is aroC
protocols.motifs.Motif: Res1 name is TYR
protocols.motifs.Motif: atom1 name is aroC
protocols.motifs.Motif: atom2 name is aroC
protocols.motifs.Motif: atom3 name is OH
core.pack.task: Packer task: initialize from command line() 
core.pack.task: Packer task: initialize from command line() 
core.pack.task: Packer task: initialize from command line() 
protocols.moves.MonteCarlo: MonteCarlo:: last_accepted_score,lowest_score: -1304.08 -1304.08
protocols.motifs.Motif: Res1 name is PHE
protocols.motifs.Motif: atom1 name is aroC
protocols.motifs.Motif: atom2 name is aroC
protocols.motifs.Motif: atom3 name is CH1
protocols.motifs.Motif: Res1 name is ILE
protocols.motifs.Motif: atom1 name is aroC
protocols.motifs.Motif: atom2 name is aroC
protocols.motifs.Motif: atom3 name is aroC
protocols.motifs.Motif: Res1 name is GLU
protocols.motifs.Motif: atom1 name is aroC
protocols.motifs.Motif: atom2 name is aroC
protocols.motifs.Motif: atom3 name is aroC
protocols.motifs.Motif: Res1 name is HIS
protocols.motifs.Motif: atom1 name is aroC
protocols.motifs.Motif: atom2 name is aroC
protocols.motifs.Motif: atom3 name is aroC
protocols.motifs.Motif: Res1 name is TYR
protocols.motifs.Motif: atom1 name is aroC
protocols.motifs.Motif: atom2 name is aroC
protocols.motifs.Motif: atom3 name is Cl
core.pack.task: Packer task: initialize from command line() 
core.pack.task: Packer task: initialize from command line() 
core.pack.task: Packer task: initialize from command line() 
protocols.moves.MonteCarlo: MonteCarlo:: last_accepted_score,lowest_score: -1293.86 -1294.9
protocols.motifs.Motif: Res1 name is PHE
protocols.motifs.Motif: atom1 name is aroC
protocols.motifs.Motif: atom2 name is aroC
protocols.motifs.Motif: atom3 name is Oaro
protocols.motifs.Motif: Res1 name is GLU
protocols.motifs.Motif: atom1 name is CH3
protocols.motifs.Motif: atom2 name is Ntrp
protocols.motifs.Motif: atom3 name is CH2
protocols.motifs.Motif: Res1 name is HIS
protocols.motifs.Motif: atom1 name is aroC
protocols.motifs.Motif: atom2 name is aroC
protocols.motifs.Motif: atom3 name is aroC
protocols.motifs.Motif: Res1 name is TYR
protocols.motifs.Motif: atom1 name is aroC
protocols.motifs.Motif: atom2 name is aroC
protocols.motifs.Motif: atom3 name is aroC
core.pack.task: Packer task: initialize from command line() 
core.pack.task: Packer task: initialize from command line() 
core.pack.task: Packer task: initialize from command line() 
protocols.moves.MonteCarlo: MonteCarlo:: last_accepted_score,lowest_score: -1302.85 -1302.85
protocols.motifs.Motif: Res1 name is PHE
protocols.motifs.Motif: atom1 name is aroC
protocols.motifs.Motif: atom2 name is aroC
protocols.motifs.Motif: atom3 name is Oaro
protocols.motifs.Motif: Res1 name is GLU
protocols.motifs.Motif: atom1 name is aroC
protocols.motifs.Motif: atom2 name is aroC
protocols.motifs.Motif: atom3 name is aroC
protocols.motifs.Motif: Res1 name is HIS
protocols.motifs.Motif: atom1 name is aroC
protocols.motifs.Motif: atom2 name is aroC
protocols.motifs.Motif: atom3 name is aroC
protocols.motifs.Motif: Res1 name is TYR
protocols.motifs.Motif: atom1 name is aroC
protocols.motifs.Motif: atom2 name is aroC
protocols.motifs.Motif: atom3 name is Cl
protocols.motifs.Motif: Res1 name is ARG
protocols.motifs.Motif: atom1 name is aroC
protocols.motifs.Motif: atom2 name is aroC
protocols.motifs.Motif: atom3 name is Cl
core.pack.task: Packer task: initialize from command line() 
core.pack.task: Packer task: initialize from command line() 
core.pack.task: Packer task: initialize from command line() 
protocols.moves.MonteCarlo: MonteCarlo:: last_accepted_score,lowest_score: -1295.17 -1295.8
protocols.motifs.Motif: Res1 name is PHE
protocols.motifs.Motif: atom1 name is aroC
protocols.motifs.Motif: atom2 name is COO
protocols.motifs.Motif: atom3 name is OOC
protocols.motifs.Motif: Res1 name is GLU
protocols.motifs.Motif: atom1 name is aroC
protocols.motifs.Motif: atom2 name is aroC
protocols.motifs.Motif: atom3 name is Cl
protocols.motifs.Motif: Res1 name is TYR
protocols.motifs.Motif: atom1 name is aroC
protocols.motifs.Motif: atom2 name is aroC
protocols.motifs.Motif: atom3 name is Cl
core.pack.task: Packer task: initialize from command line() 
core.pack.task: Packer task: initialize from command line() 
core.pack.task: Packer task: initialize from command line() 
protocols.moves.MonteCarlo: MonteCarlo:: last_accepted_score,lowest_score: -1303.54 -1303.6
protocols.motifs.Motif: Res1 name is PHE
protocols.motifs.Motif: atom1 name is aroC
protocols.motifs.Motif: atom2 name is Oaro
protocols.motifs.Motif: atom3 name is aroC
protocols.motifs.Motif: Res1 name is ILE
protocols.motifs.Motif: atom1 name is aroC
protocols.motifs.Motif: atom2 name is aroC
protocols.motifs.Motif: atom3 name is aroC
protocols.motifs.Motif: Res1 name is GLU
protocols.motifs.Motif: atom1 name is aroC
protocols.motifs.Motif: atom2 name is aroC
protocols.motifs.Motif: atom3 name is aroC
protocols.motifs.Motif: Res1 name is HIS
protocols.motifs.Motif: atom1 name is aroC
protocols.motifs.Motif: atom2 name is aroC
protocols.motifs.Motif: atom3 name is aroC
protocols.motifs.Motif: Res1 name is TYR
protocols.motifs.Motif: atom1 name is aroC
protocols.motifs.Motif: atom2 name is aroC
protocols.motifs.Motif: atom3 name is Cl
core.pack.task: Packer task: initialize from command line() 
core.pack.task: Packer task: initialize from command line() 
core.pack.task: Packer task: initialize from command line() 
protocols.moves.MonteCarlo: MonteCarlo:: last_accepted_score,lowest_score: -1300.64 -1300.64
protocols.motifs.Motif: Res1 name is PHE
protocols.motifs.Motif: atom1 name is COO
protocols.motifs.Motif: atom2 name is aroC
protocols.motifs.Motif: atom3 name is aroC
protocols.motifs.Motif: Res1 name is GLU
protocols.motifs.Motif: atom1 name is aroC
protocols.motifs.Motif: atom2 name is aroC
protocols.motifs.Motif: atom3 name is aroC
protocols.motifs.Motif: Res1 name is HIS
protocols.motifs.Motif: atom1 name is aroC
protocols.motifs.Motif: atom2 name is aroC
protocols.motifs.Motif: atom3 name is aroC
protocols.motifs.Motif: Res1 name is TYR
protocols.motifs.Motif: atom1 name is aroC
protocols.motifs.Motif: atom2 name is aroC
protocols.motifs.Motif: atom3 name is Cl
protocols.motifs.Motif: Res1 name is ARG
protocols.motifs.Motif: atom1 name is CH3
protocols.motifs.Motif: atom2 name is Ntrp
protocols.motifs.Motif: atom3 name is CH2
core.pack.task: Packer task: initialize from command line() 
core.pack.task: Packer task: initialize from command line() 
core.pack.task: Packer task: initialize from command line() 
protocols.moves.MonteCarlo: MonteCarlo:: last_accepted_score,lowest_score: -1296.6 -1296.6
protocols.motifs.Motif: Res1 name is PHE
protocols.motifs.Motif: atom1 name is aroC
protocols.motifs.Motif: atom2 name is COO
protocols.motifs.Motif: atom3 name is OOC
protocols.motifs.Motif: Res1 name is HIS
protocols.motifs.Motif: atom1 name is aroC
protocols.motifs.Motif: atom2 name is aroC
protocols.motifs.Motif: atom3 name is aroC
protocols.motifs.Motif: Res1 name is GLU
protocols.motifs.Motif: atom1 name is aroC
protocols.motifs.Motif: atom2 name is aroC
protocols.motifs.Motif: atom3 name is Cl
protocols.motifs.Motif: Res1 name is TYR
protocols.motifs.Motif: atom1 name is aroC
protocols.motifs.Motif: atom2 name is aroC
protocols.motifs.Motif: atom3 name is aroC
protocols.motifs.Motif: Res1 name is ARG
protocols.motifs.Motif: atom1 name is aroC
protocols.motifs.Motif: atom2 name is aroC
protocols.motifs.Motif: atom3 name is Cl
protocols.motifs.Motif: Res1 name is PHE
protocols.motifs.Motif: atom1 name is aroC
protocols.motifs.Motif: atom2 name is aroC
protocols.motifs.Motif: atom3 name is Cl
core.pack.task: Packer task: initialize from command line() 
core.pack.task: Packer task: initialize from command line() 
core.pack.task: Packer task: initialize from command line() 
protocols.moves.MonteCarlo: MonteCarlo:: last_accepted_score,lowest_score: -1296.45 -1297.06
protocols.motifs.Motif: Res1 name is PHE
protocols.motifs.Motif: atom1 name is aroC
protocols.motifs.Motif: atom2 name is aroC
protocols.motifs.Motif: atom3 name is OH
protocols.motifs.Motif: Res1 name is GLU
protocols.motifs.Motif: atom1 name is aroC
protocols.motifs.Motif: atom2 name is aroC
protocols.motifs.Motif: atom3 name is aroC
protocols.motifs.Motif: Res1 name is TYR
protocols.motifs.Motif: atom1 name is aroC
protocols.motifs.Motif: atom2 name is aroC
protocols.motifs.Motif: atom3 name is OH
protocols.motifs.Motif: Res1 name is ARG
protocols.motifs.Motif: atom1 name is aroC
protocols.motifs.Motif: atom2 name is aroC
protocols.motifs.Motif: atom3 name is aroC
core.pack.task: Packer task: initialize from command line() 
core.pack.task: Packer task: initialize from command line() 
core.pack.task: Packer task: initialize from command line() 
protocols.moves.MonteCarlo: MonteCarlo:: last_accepted_score,lowest_score: -1303.7 -1303.7
protocols.motifs.Motif: Res1 name is PHE
protocols.motifs.Motif: atom1 name is COO
protocols.motifs.Motif: atom2 name is aroC
protocols.motifs.Motif: atom3 name is aroC
protocols.motifs.Motif: Res1 name is ILE
protocols.motifs.Motif: atom1 name is aroC
protocols.motifs.Motif: atom2 name is aroC
protocols.motifs.Motif: atom3 name is aroC
protocols.motifs.Motif: Res1 name is GLU
protocols.motifs.Motif: atom1 name is aroC
protocols.motifs.Motif: atom2 name is aroC
protocols.motifs.Motif: atom3 name is aroC
protocols.motifs.Motif: Res1 name is HIS
protocols.motifs.Motif: atom1 name is aroC
protocols.motifs.Motif: atom2 name is aroC
protocols.motifs.Motif: atom3 name is aroC
protocols.motifs.Motif: Res1 name is GLU
protocols.motifs.Motif: atom1 name is aroC
protocols.motifs.Motif: atom2 name is aroC
protocols.motifs.Motif: atom3 name is Cl
protocols.motifs.Motif: Res1 name is TYR
protocols.motifs.Motif: atom1 name is aroC
protocols.motifs.Motif: atom2 name is aroC
protocols.motifs.Motif: atom3 name is Cl
protocols.motifs.Motif: Res1 name is ARG
protocols.motifs.Motif: atom1 name is aroC
protocols.motifs.Motif: atom2 name is aroC
protocols.motifs.Motif: atom3 name is Cl
protocols.motifs.Motif: Res1 name is PHE
protocols.motifs.Motif: atom1 name is aroC
protocols.motifs.Motif: atom2 name is aroC
protocols.motifs.Motif: atom3 name is Cl
core.pack.task: Packer task: initialize from command line() 
core.pack.task: Packer task: initialize from command line() 
core.pack.task: Packer task: initialize from command line() 
protocols.moves.MonteCarlo: MonteCarlo:: last_accepted_score,lowest_score: -1296.84 -1297.18
protocols.motifs.Motif: Res1 name is PHE
protocols.motifs.Motif: atom1 name is aroC
protocols.motifs.Motif: atom2 name is aroC
protocols.motifs.Motif: atom3 name is Oaro
protocols.motifs.Motif: Res1 name is TYR
protocols.motifs.Motif: atom1 name is aroC
protocols.motifs.Motif: atom2 name is aroC
protocols.motifs.Motif: atom3 name is Cl
core.pack.task: Packer task: initialize from command line() 
core.pack.task: Packer task: initialize from command line() 
core.pack.task: Packer task: initialize from command line() 
protocols.moves.MonteCarlo: MonteCarlo:: last_accepted_score,lowest_score: -1295.21 -1295.21
protocols.motifs.Motif: Res1 name is PHE
protocols.motifs.Motif: atom1 name is aroC
protocols.motifs.Motif: atom2 name is aroC
protocols.motifs.Motif: atom3 name is aroC
protocols.motifs.Motif: Res1 name is GLU
protocols.motifs.Motif: atom1 name is aroC
protocols.motifs.Motif: atom2 name is COO
protocols.motifs.Motif: atom3 name is OOC
protocols.motifs.Motif: Res1 name is TYR
protocols.motifs.Motif: atom1 name is aroC
protocols.motifs.Motif: atom2 name is aroC
protocols.motifs.Motif: atom3 name is OH
core.pack.task: Packer task: initialize from command line() 
core.pack.task: Packer task: initialize from command line() 
core.pack.task: Packer task: initialize from command line() 
protocols.moves.MonteCarlo: MonteCarlo:: last_accepted_score,lowest_score: -1299.96 -1300.82
protocols.motifs.Motif: Res1 name is PHE
protocols.motifs.Motif: atom1 name is COO
protocols.motifs.Motif: atom2 name is aroC
protocols.motifs.Motif: atom3 name is aroC
protocols.motifs.Motif: Res1 name is ILE
protocols.motifs.Motif: atom1 name is aroC
protocols.motifs.Motif: atom2 name is aroC
protocols.motifs.Motif: atom3 name is aroC
protocols.motifs.Motif: Res1 name is GLU
protocols.motifs.Motif: atom1 name is aroC
protocols.motifs.Motif: atom2 name is aroC
protocols.motifs.Motif: atom3 name is aroC
protocols.motifs.Motif: Res1 name is HIS
protocols.motifs.Motif: atom1 name is aroC
protocols.motifs.Motif: atom2 name is aroC
protocols.motifs.Motif: atom3 name is aroC
protocols.motifs.Motif: Res1 name is TYR
protocols.motifs.Motif: atom1 name is aroC
protocols.motifs.Motif: atom2 name is aroC
protocols.motifs.Motif: atom3 name is Cl
core.pack.task: Packer task: initialize from command line() 
core.pack.task: Packer task: initialize from command line() 
core.pack.task: Packer task: initialize from command line() 
protocols.moves.MonteCarlo: MonteCarlo:: last_accepted_score,lowest_score: -1299.18 -1299.56
protocols.motifs.Motif: Res1 name is PHE
protocols.motifs.Motif: atom1 name is aroC
protocols.motifs.Motif: atom2 name is aroC
protocols.motifs.Motif: atom3 name is OH
protocols.motifs.Motif: Res1 name is GLU
protocols.motifs.Motif: atom1 name is aroC
protocols.motifs.Motif: atom2 name is aroC
protocols.motifs.Motif: atom3 name is aroC
protocols.motifs.Motif: Res1 name is GLU
protocols.motifs.Motif: atom1 name is aroC
protocols.motifs.Motif: atom2 name is aroC
protocols.motifs.Motif: atom3 name is Cl
protocols.motifs.Motif: Res1 name is TYR
protocols.motifs.Motif: atom1 name is COO
protocols.motifs.Motif: atom2 name is aroC
protocols.motifs.Motif: atom3 name is aroC
core.pack.task: Packer task: initialize from command line() 
core.pack.task: Packer task: initialize from command line() 
core.pack.task: Packer task: initialize from command line() 
protocols.moves.MonteCarlo: MonteCarlo:: last_accepted_score,lowest_score: -1300.17 -1300.17
protocols.motifs.Motif: Res1 name is PHE
protocols.motifs.Motif: atom1 name is aroC
protocols.motifs.Motif: atom2 name is aroC
protocols.motifs.Motif: atom3 name is OH
protocols.motifs.Motif: Res1 name is GLU
protocols.motifs.Motif: atom1 name is aroC
protocols.motifs.Motif: atom2 name is aroC
protocols.motifs.Motif: atom3 name is aroC
protocols.motifs.Motif: Res1 name is GLU
protocols.motifs.Motif: atom1 name is aroC
protocols.motifs.Motif: atom2 name is aroC
protocols.motifs.Motif: atom3 name is Cl
protocols.motifs.Motif: Res1 name is TYR
protocols.motifs.Motif: atom1 name is aroC
protocols.motifs.Motif: atom2 name is aroC
protocols.motifs.Motif: atom3 name is Cl
core.pack.task: Packer task: initialize from command line() 
core.pack.task: Packer task: initialize from command line() 
core.pack.task: Packer task: initialize from command line() 
protocols.moves.MonteCarlo: MonteCarlo:: last_accepted_score,lowest_score: -1298.09 -1299.4
protocols.motifs.Motif: Res1 name is PHE
protocols.motifs.Motif: atom1 name is aroC
protocols.motifs.Motif: atom2 name is aroC
protocols.motifs.Motif: atom3 name is OH
protocols.motifs.Motif: Res1 name is GLU
protocols.motifs.Motif: atom1 name is CH2
protocols.motifs.Motif: atom2 name is CH2
protocols.motifs.Motif: atom3 name is CH1
protocols.motifs.Motif: Res1 name is TYR
protocols.motifs.Motif: atom1 name is aroC
protocols.motifs.Motif: atom2 name is COO
protocols.motifs.Motif: atom3 name is OOC
protocols.motifs.Motif: Res1 name is ARG
protocols.motifs.Motif: atom1 name is CH1
protocols.motifs.Motif: atom2 name is CH2
protocols.motifs.Motif: atom3 name is Ntrp
core.pack.task: Packer task: initialize from command line() 
core.pack.task: Packer task: initialize from command line() 
core.pack.task: Packer task: initialize from command line() 
protocols.moves.MonteCarlo: MonteCarlo:: last_accepted_score,lowest_score: -1297.29 -1297.29
protocols.motifs.Motif: Res1 name is PHE
protocols.motifs.Motif: atom1 name is aroC
protocols.motifs.Motif: atom2 name is aroC
protocols.motifs.Motif: atom3 name is OH
protocols.motifs.Motif: Res1 name is GLU
protocols.motifs.Motif: atom1 name is aroC
protocols.motifs.Motif: atom2 name is aroC
protocols.motifs.Motif: atom3 name is aroC
protocols.motifs.Motif: Res1 name is TYR
protocols.motifs.Motif: atom1 name is aroC
protocols.motifs.Motif: atom2 name is aroC
protocols.motifs.Motif: atom3 name is OH
core.pack.task: Packer task: initialize from command line() 
core.pack.task: Packer task: initialize from command line() 
core.pack.task: Packer task: initialize from command line() 
protocols.moves.MonteCarlo: MonteCarlo:: last_accepted_score,lowest_score: -1300.02 -1300.02
protocols.motifs.Motif: Res1 name is PHE
protocols.motifs.Motif: atom1 name is COO
protocols.motifs.Motif: atom2 name is aroC
protocols.motifs.Motif: atom3 name is aroC
protocols.motifs.Motif: Res1 name is GLU
protocols.motifs.Motif: atom1 name is CH1
protocols.motifs.Motif: atom2 name is CH2
protocols.motifs.Motif: atom3 name is Ntrp
protocols.motifs.Motif: Res1 name is HIS
protocols.motifs.Motif: atom1 name is aroC
protocols.motifs.Motif: atom2 name is aroC
protocols.motifs.Motif: atom3 name is aroC
protocols.motifs.Motif: Res1 name is TYR
protocols.motifs.Motif: atom1 name is aroC
protocols.motifs.Motif: atom2 name is aroC
protocols.motifs.Motif: atom3 name is Cl
protocols.motifs.Motif: Res1 name is ARG
protocols.motifs.Motif: atom1 name is aroC
protocols.motifs.Motif: atom2 name is aroC
protocols.motifs.Motif: atom3 name is Cl
core.pack.task: Packer task: initialize from command line() 
core.pack.task: Packer task: initialize from command line() 
core.pack.task: Packer task: initialize from command line() 
protocols.moves.MonteCarlo: MonteCarlo:: last_accepted_score,lowest_score: -1301.78 -1302.32
protocols.motifs.Motif: Res1 name is PHE
protocols.motifs.Motif: atom1 name is aroC
protocols.motifs.Motif: atom2 name is aroC
protocols.motifs.Motif: atom3 name is CH1
protocols.motifs.Motif: Res1 name is GLU
protocols.motifs.Motif: atom1 name is aroC
protocols.motifs.Motif: atom2 name is aroC
protocols.motifs.Motif: atom3 name is aroC
protocols.motifs.Motif: Res1 name is TYR
protocols.motifs.Motif: atom1 name is COO
protocols.motifs.Motif: atom2 name is aroC
protocols.motifs.Motif: atom3 name is aroC
core.pack.task: Packer task: initialize from command line() 
core.pack.task: Packer task: initialize from command line() 
core.pack.task: Packer task: initialize from command line() 
protocols.moves.MonteCarlo: MonteCarlo:: last_accepted_score,lowest_score: -1295.24 -1296.6
protocols.motifs.Motif: Res1 name is PHE
protocols.motifs.Motif: atom1 name is aroC
protocols.motifs.Motif: atom2 name is aroC
protocols.motifs.Motif: atom3 name is OH
protocols.motifs.Motif: Res1 name is TYR
protocols.motifs.Motif: atom1 name is CH1
protocols.motifs.Motif: atom2 name is CH1
protocols.motifs.Motif: atom3 name is OH
core.pack.task: Packer task: initialize from command line() 
core.pack.task: Packer task: initialize from command line() 
core.pack.task: Packer task: initialize from command line() 
protocols.moves.MonteCarlo: MonteCarlo:: last_accepted_score,lowest_score: -1301.39 -1301.89
protocols.motifs.Motif: Res1 name is PHE
protocols.motifs.Motif: atom1 name is aroC
protocols.motifs.Motif: atom2 name is aroC
protocols.motifs.Motif: atom3 name is OH
protocols.motifs.Motif: Res1 name is GLU
protocols.motifs.Motif: atom1 name is aroC
protocols.motifs.Motif: atom2 name is aroC
protocols.motifs.Motif: atom3 name is aroC
protocols.motifs.Motif: Res1 name is HIS
protocols.motifs.Motif: atom1 name is aroC
protocols.motifs.Motif: atom2 name is COO
protocols.motifs.Motif: atom3 name is OOC
protocols.motifs.Motif: Res1 name is GLU
protocols.motifs.Motif: atom1 name is aroC
protocols.motifs.Motif: atom2 name is aroC
protocols.motifs.Motif: atom3 name is Cl
protocols.motifs.Motif: Res1 name is TYR
protocols.motifs.Motif: atom1 name is aroC
protocols.motifs.Motif: atom2 name is aroC
protocols.motifs.Motif: atom3 name is Cl
protocols.motifs.Motif: Res1 name is ARG
protocols.motifs.Motif: atom1 name is aroC
protocols.motifs.Motif: atom2 name is aroC
protocols.motifs.Motif: atom3 name is aroC
protocols.motifs.Motif: Res1 name is PHE
protocols.motifs.Motif: atom1 name is aroC
protocols.motifs.Motif: atom2 name is aroC
protocols.motifs.Motif: atom3 name is aroC
core.pack.task: Packer task: initialize from command line() 
core.pack.task: Packer task: initialize from command line() 
core.pack.task: Packer task: initialize from command line() 
protocols.moves.MonteCarlo: MonteCarlo:: last_accepted_score,lowest_score: -1292.14 -1292.45
protocols.motifs.Motif: Res1 name is PHE
protocols.motifs.Motif: atom1 name is CH2
protocols.motifs.Motif: atom2 name is CH2
protocols.motifs.Motif: atom3 name is CH1
protocols.motifs.Motif: Res1 name is GLU
protocols.motifs.Motif: atom1 name is CH3
protocols.motifs.Motif: atom2 name is Ntrp
protocols.motifs.Motif: atom3 name is CH2
protocols.motifs.Motif: Res1 name is TYR
protocols.motifs.Motif: atom1 name is CH1
protocols.motifs.Motif: atom2 name is CH1
protocols.motifs.Motif: atom3 name is OH
core.pack.task: Packer task: initialize from command line() 
core.pack.task: Packer task: initialize from command line() 
core.pack.task: Packer task: initialize from command line() 
protocols.moves.MonteCarlo: MonteCarlo:: last_accepted_score,lowest_score: -1294.38 -1294.38
protocols.motifs.Motif: Res1 name is PHE
protocols.motifs.Motif: atom1 name is aroC
protocols.motifs.Motif: atom2 name is aroC
protocols.motifs.Motif: atom3 name is aroC
protocols.motifs.Motif: Res1 name is TYR
protocols.motifs.Motif: atom1 name is aroC
protocols.motifs.Motif: atom2 name is COO
protocols.motifs.Motif: atom3 name is OOC
core.pack.task: Packer task: initialize from command line() 
core.pack.task: Packer task: initialize from command line() 
core.pack.task: Packer task: initialize from command line() 
protocols.moves.MonteCarlo: MonteCarlo:: last_accepted_score,lowest_score: -1293.9 -1293.9
protocols.motifs.Motif: Res1 name is PHE
protocols.motifs.Motif: atom1 name is aroC
protocols.motifs.Motif: atom2 name is aroC
protocols.motifs.Motif: atom3 name is OH
protocols.motifs.Motif: Res1 name is GLU
protocols.motifs.Motif: atom1 name is CH1
protocols.motifs.Motif: atom2 name is CH2
protocols.motifs.Motif: atom3 name is Ntrp
protocols.motifs.Motif: Res1 name is TYR
protocols.motifs.Motif: atom1 name is aroC
protocols.motifs.Motif: atom2 name is aroC
protocols.motifs.Motif: atom3 name is OH
protocols.motifs.Motif: Res1 name is ARG
protocols.motifs.Motif: atom1 name is CH3
protocols.motifs.Motif: atom2 name is Ntrp
protocols.motifs.Motif: atom3 name is CH2
core.pack.task: Packer task: initialize from command line() 
core.pack.task: Packer task: initialize from command line() 
core.pack.task: Packer task: initialize from command line() 
protocols.moves.MonteCarlo: MonteCarlo:: last_accepted_score,lowest_score: -937.761 -937.761
protocols.motifs.Motif: Res1 name is PHE
protocols.motifs.Motif: atom1 name is aroC
protocols.motifs.Motif: atom2 name is COO
protocols.motifs.Motif: atom3 name is OOC
protocols.motifs.Motif: Res1 name is ILE
protocols.motifs.Motif: atom1 name is aroC
protocols.motifs.Motif: atom2 name is aroC
protocols.motifs.Motif: atom3 name is aroC
protocols.motifs.Motif: Res1 name is GLU
protocols.motifs.Motif: atom1 name is aroC
protocols.motifs.Motif: atom2 name is aroC
protocols.motifs.Motif: atom3 name is aroC
protocols.motifs.Motif: Res1 name is HIS
protocols.motifs.Motif: atom1 name is COO
protocols.motifs.Motif: atom2 name is aroC
protocols.motifs.Motif: atom3 name is aroC
protocols.motifs.Motif: Res1 name is TYR
protocols.motifs.Motif: atom1 name is aroC
protocols.motifs.Motif: atom2 name is aroC
protocols.motifs.Motif: atom3 name is OH
protocols.motifs.Motif: Res1 name is ARG
protocols.motifs.Motif: atom1 name is CH2
protocols.motifs.Motif: atom2 name is Ntrp
protocols.motifs.Motif: atom3 name is CH2
core.pack.task: Packer task: initialize from command line() 
core.pack.task: Packer task: initialize from command line() 
core.pack.task: Packer task: initialize from command line() 
protocols.moves.MonteCarlo: MonteCarlo:: last_accepted_score,lowest_score: -1304.95 -1304.95
protocols.motifs.Motif: Res1 name is PHE
protocols.motifs.Motif: atom1 name is aroC
protocols.motifs.Motif: atom2 name is aroC
protocols.motifs.Motif: atom3 name is CH1
protocols.motifs.Motif: Res1 name is ILE
protocols.motifs.Motif: atom1 name is aroC
protocols.motifs.Motif: atom2 name is aroC
protocols.motifs.Motif: atom3 name is aroC
protocols.motifs.Motif: Res1 name is GLU
protocols.motifs.Motif: atom1 name is aroC
protocols.motifs.Motif: atom2 name is aroC
protocols.motifs.Motif: atom3 name is aroC
protocols.motifs.Motif: Res1 name is HIS
protocols.motifs.Motif: atom1 name is aroC
protocols.motifs.Motif: atom2 name is aroC
protocols.motifs.Motif: atom3 name is aroC
protocols.motifs.Motif: Res1 name is TYR
protocols.motifs.Motif: atom1 name is aroC
protocols.motifs.Motif: atom2 name is aroC
protocols.motifs.Motif: atom3 name is OH
core.pack.task: Packer task: initialize from command line() 
core.pack.task: Packer task: initialize from command line() 
core.pack.task: Packer task: initialize from command line() 
protocols.moves.MonteCarlo: MonteCarlo:: last_accepted_score,lowest_score: -1296.78 -1296.78
protocols.motifs.Motif: Res1 name is PHE
protocols.motifs.Motif: atom1 name is aroC
protocols.motifs.Motif: atom2 name is COO
protocols.motifs.Motif: atom3 name is OOC
protocols.motifs.Motif: Res1 name is GLU
protocols.motifs.Motif: atom1 name is aroC
protocols.motifs.Motif: atom2 name is aroC
protocols.motifs.Motif: atom3 name is OH
protocols.motifs.Motif: Res1 name is TYR
protocols.motifs.Motif: atom1 name is aroC
protocols.motifs.Motif: atom2 name is aroC
protocols.motifs.Motif: atom3 name is OH
core.pack.task: Packer task: initialize from command line() 
core.pack.task: Packer task: initialize from command line() 
core.pack.task: Packer task: initialize from command line() 
protocols.moves.MonteCarlo: MonteCarlo:: last_accepted_score,lowest_score: -1297.31 -1297.31
protocols.motifs.Motif: Res1 name is PHE
protocols.motifs.Motif: atom1 name is aroC
protocols.motifs.Motif: atom2 name is aroC
protocols.motifs.Motif: atom3 name is CH1
protocols.motifs.Motif: Res1 name is GLU
protocols.motifs.Motif: atom1 name is aroC
protocols.motifs.Motif: atom2 name is aroC
protocols.motifs.Motif: atom3 name is OH
protocols.motifs.Motif: Res1 name is TYR
protocols.motifs.Motif: atom1 name is aroC
protocols.motifs.Motif: atom2 name is aroC
protocols.motifs.Motif: atom3 name is OH
protocols.motifs.Motif: Res1 name is ARG
protocols.motifs.Motif: atom1 name is CH1
protocols.motifs.Motif: atom2 name is CH1
protocols.motifs.Motif: atom3 name is OH
core.pack.task: Packer task: initialize from command line() 
core.pack.task: Packer task: initialize from command line() 
core.pack.task: Packer task: initialize from command line() 
protocols.moves.MonteCarlo: MonteCarlo:: last_accepted_score,lowest_score: -1304.58 -1304.58
protocols.motifs.Motif: Res1 name is PHE
protocols.motifs.Motif: atom1 name is aroC
protocols.motifs.Motif: atom2 name is aroC
protocols.motifs.Motif: atom3 name is CH1
protocols.motifs.Motif: Res1 name is GLU
protocols.motifs.Motif: atom1 name is aroC
protocols.motifs.Motif: atom2 name is aroC
protocols.motifs.Motif: atom3 name is Cl
protocols.motifs.Motif: Res1 name is HIS
protocols.motifs.Motif: atom1 name is aroC
protocols.motifs.Motif: atom2 name is aroC
protocols.motifs.Motif: atom3 name is aroC
protocols.motifs.Motif: Res1 name is TYR
protocols.motifs.Motif: atom1 name is aroC
protocols.motifs.Motif: atom2 name is aroC
protocols.motifs.Motif: atom3 name is OH
core.pack.task: Packer task: initialize from command line() 
core.pack.task: Packer task: initialize from command line() 
core.pack.task: Packer task: initialize from command line() 
protocols.moves.MonteCarlo: MonteCarlo:: last_accepted_score,lowest_score: -1241.75 -1241.75
protocols.motifs.Motif: Res1 name is PHE
protocols.motifs.Motif: atom1 name is aroC
protocols.motifs.Motif: atom2 name is Oaro
protocols.motifs.Motif: atom3 name is aroC
protocols.motifs.Motif: Res1 name is ILE
protocols.motifs.Motif: atom1 name is aroC
protocols.motifs.Motif: atom2 name is aroC
protocols.motifs.Motif: atom3 name is aroC
protocols.motifs.Motif: Res1 name is GLU
protocols.motifs.Motif: atom1 name is aroC
protocols.motifs.Motif: atom2 name is aroC
protocols.motifs.Motif: atom3 name is aroC
protocols.motifs.Motif: Res1 name is HIS
protocols.motifs.Motif: atom1 name is aroC
protocols.motifs.Motif: atom2 name is aroC
protocols.motifs.Motif: atom3 name is aroC
protocols.motifs.Motif: Res1 name is TYR
protocols.motifs.Motif: atom1 name is aroC
protocols.motifs.Motif: atom2 name is aroC
protocols.motifs.Motif: atom3 name is OH
core.pack.task: Packer task: initialize from command line() 
core.pack.task: Packer task: initialize from command line() 
core.pack.task: Packer task: initialize from command line() 
protocols.moves.MonteCarlo: MonteCarlo:: last_accepted_score,lowest_score: -1297.33 -1297.33
protocols.motifs.Motif: Res1 name is PHE
protocols.motifs.Motif: atom1 name is aroC
protocols.motifs.Motif: atom2 name is aroC
protocols.motifs.Motif: atom3 name is OH
protocols.motifs.Motif: Res1 name is TYR
protocols.motifs.Motif: atom1 name is aroC
protocols.motifs.Motif: atom2 name is COO
protocols.motifs.Motif: atom3 name is OOC
core.pack.task: Packer task: initialize from command line() 
core.pack.task: Packer task: initialize from command line() 
core.pack.task: Packer task: initialize from command line() 
protocols.moves.MonteCarlo: MonteCarlo:: last_accepted_score,lowest_score: -1294.05 -1294.05
protocols.motifs.Motif: Res1 name is PHE
protocols.motifs.Motif: atom1 name is aroC
protocols.motifs.Motif: atom2 name is aroC
protocols.motifs.Motif: atom3 name is aroC
protocols.motifs.Motif: Res1 name is TYR
protocols.motifs.Motif: atom1 name is aroC
protocols.motifs.Motif: atom2 name is aroC
protocols.motifs.Motif: atom3 name is Cl
core.pack.task: Packer task: initialize from command line() 
core.pack.task: Packer task: initialize from command line() 
core.pack.task: Packer task: initialize from command line() 
protocols.moves.MonteCarlo: MonteCarlo:: last_accepted_score,lowest_score: -1295.12 -1295.51
protocols.motifs.Motif: Res1 name is PHE
protocols.motifs.Motif: atom1 name is CH1
protocols.motifs.Motif: atom2 name is CH1
protocols.motifs.Motif: atom3 name is OH
protocols.motifs.Motif: Res1 name is GLU
protocols.motifs.Motif: atom1 name is aroC
protocols.motifs.Motif: atom2 name is COO
protocols.motifs.Motif: atom3 name is OOC
protocols.motifs.Motif: Res1 name is TYR
protocols.motifs.Motif: atom1 name is aroC
protocols.motifs.Motif: atom2 name is COO
protocols.motifs.Motif: atom3 name is OOC
protocols.motifs.Motif: Res1 name is ARG
protocols.motifs.Motif: atom1 name is COO
protocols.motifs.Motif: atom2 name is aroC
protocols.motifs.Motif: atom3 name is aroC
core.pack.task: Packer task: initialize from command line() 
core.pack.task: Packer task: initialize from command line() 
core.pack.task: Packer task: initialize from command line() 
protocols.moves.MonteCarlo: MonteCarlo:: last_accepted_score,lowest_score: -1304.12 -1304.12
protocols.motifs.Motif: Res1 name is PHE
protocols.motifs.Motif: atom1 name is aroC
protocols.motifs.Motif: atom2 name is Oaro
protocols.motifs.Motif: atom3 name is aroC
protocols.motifs.Motif: Res1 name is ILE
protocols.motifs.Motif: atom1 name is aroC
protocols.motifs.Motif: atom2 name is aroC
protocols.motifs.Motif: atom3 name is aroC
protocols.motifs.Motif: Res1 name is GLU
protocols.motifs.Motif: atom1 name is aroC
protocols.motifs.Motif: atom2 name is aroC
protocols.motifs.Motif: atom3 name is aroC
protocols.motifs.Motif: Res1 name is HIS
protocols.motifs.Motif: atom1 name is aroC
protocols.motifs.Motif: atom2 name is aroC
protocols.motifs.Motif: atom3 name is aroC
protocols.motifs.Motif: Res1 name is TYR
protocols.motifs.Motif: atom1 name is aroC
protocols.motifs.Motif: atom2 name is aroC
protocols.motifs.Motif: atom3 name is Cl
core.pack.task: Packer task: initialize from command line() 
core.pack.task: Packer task: initialize from command line() 
core.pack.task: Packer task: initialize from command line() 
protocols.moves.MonteCarlo: MonteCarlo:: last_accepted_score,lowest_score: -1289.58 -1289.93
protocols.motifs.Motif: Res1 name is PHE
protocols.motifs.Motif: atom1 name is CH2
protocols.motifs.Motif: atom2 name is CH2
protocols.motifs.Motif: atom3 name is CH1
protocols.motifs.Motif: Res1 name is GLU
protocols.motifs.Motif: atom1 name is CH3
protocols.motifs.Motif: atom2 name is Ntrp
protocols.motifs.Motif: atom3 name is CH2
protocols.motifs.Motif: Res1 name is TYR
protocols.motifs.Motif: atom1 name is CH1
protocols.motifs.Motif: atom2 name is CH1
protocols.motifs.Motif: atom3 name is OH
core.pack.task: Packer task: initialize from command line() 
core.pack.task: Packer task: initialize from command line() 
core.pack.task: Packer task: initialize from command line() 
protocols.moves.MonteCarlo: MonteCarlo:: last_accepted_score,lowest_score: -1297.71 -1297.71
protocols.motifs.Motif: Res1 name is PHE
protocols.motifs.Motif: atom1 name is aroC
protocols.motifs.Motif: atom2 name is aroC
protocols.motifs.Motif: atom3 name is OH
protocols.motifs.Motif: Res1 name is GLU
protocols.motifs.Motif: atom1 name is CH1
protocols.motifs.Motif: atom2 name is CH2
protocols.motifs.Motif: atom3 name is Ntrp
protocols.motifs.Motif: Res1 name is TYR
protocols.motifs.Motif: atom1 name is CH1
protocols.motifs.Motif: atom2 name is CH1
protocols.motifs.Motif: atom3 name is OH
core.pack.task: Packer task: initialize from command line() 
core.pack.task: Packer task: initialize from command line() 
core.pack.task: Packer task: initialize from command line() 
protocols.moves.MonteCarlo: MonteCarlo:: last_accepted_score,lowest_score: -1302 -1302
protocols.motifs.Motif: Res1 name is PHE
protocols.motifs.Motif: atom1 name is aroC
protocols.motifs.Motif: atom2 name is aroC
protocols.motifs.Motif: atom3 name is CH1
protocols.motifs.Motif: Res1 name is GLU
protocols.motifs.Motif: atom1 name is aroC
protocols.motifs.Motif: atom2 name is aroC
protocols.motifs.Motif: atom3 name is aroC
protocols.motifs.Motif: Res1 name is HIS
protocols.motifs.Motif: atom1 name is aroC
protocols.motifs.Motif: atom2 name is aroC
protocols.motifs.Motif: atom3 name is aroC
protocols.motifs.Motif: Res1 name is TYR
protocols.motifs.Motif: atom1 name is COO
protocols.motifs.Motif: atom2 name is aroC
protocols.motifs.Motif: atom3 name is aroC
core.pack.task: Packer task: initialize from command line() 
core.pack.task: Packer task: initialize from command line() 
core.pack.task: Packer task: initialize from command line() 
protocols.moves.MonteCarlo: MonteCarlo:: last_accepted_score,lowest_score: -1302.93 -1302.93
protocols.motifs.Motif: Res1 name is PHE
protocols.motifs.Motif: atom1 name is aroC
protocols.motifs.Motif: atom2 name is aroC
protocols.motifs.Motif: atom3 name is CH1
protocols.motifs.Motif: Res1 name is GLU
protocols.motifs.Motif: atom1 name is aroC
protocols.motifs.Motif: atom2 name is aroC
protocols.motifs.Motif: atom3 name is Cl
protocols.motifs.Motif: Res1 name is HIS
protocols.motifs.Motif: atom1 name is aroC
protocols.motifs.Motif: atom2 name is aroC
protocols.motifs.Motif: atom3 name is aroC
protocols.motifs.Motif: Res1 name is TYR
protocols.motifs.Motif: atom1 name is aroC
protocols.motifs.Motif: atom2 name is aroC
protocols.motifs.Motif: atom3 name is aroC
core.pack.task: Packer task: initialize from command line() 
core.pack.task: Packer task: initialize from command line() 
core.pack.task: Packer task: initialize from command line() 
protocols.moves.MonteCarlo: MonteCarlo:: last_accepted_score,lowest_score: -1298.2 -1298.57
protocols.motifs.Motif: Res1 name is PHE
protocols.motifs.Motif: atom1 name is aroC
protocols.motifs.Motif: atom2 name is aroC
protocols.motifs.Motif: atom3 name is aroC
protocols.motifs.Motif: Res1 name is GLU
protocols.motifs.Motif: atom1 name is aroC
protocols.motifs.Motif: atom2 name is aroC
protocols.motifs.Motif: atom3 name is Cl
protocols.motifs.Motif: Res1 name is HIS
protocols.motifs.Motif: atom1 name is aroC
protocols.motifs.Motif: atom2 name is aroC
protocols.motifs.Motif: atom3 name is aroC
protocols.motifs.Motif: Res1 name is TYR
protocols.motifs.Motif: atom1 name is aroC
protocols.motifs.Motif: atom2 name is COO
protocols.motifs.Motif: atom3 name is OOC
protocols.motifs.Motif: Res1 name is ARG
protocols.motifs.Motif: atom1 name is aroC
protocols.motifs.Motif: atom2 name is aroC
protocols.motifs.Motif: atom3 name is Cl
core.pack.task: Packer task: initialize from command line() 
core.pack.task: Packer task: initialize from command line() 
core.pack.task: Packer task: initialize from command line() 
protocols.moves.MonteCarlo: MonteCarlo:: last_accepted_score,lowest_score: -1298.17 -1298.17
protocols.motifs.Motif: Res1 name is PHE
protocols.motifs.Motif: atom1 name is COO
protocols.motifs.Motif: atom2 name is aroC
protocols.motifs.Motif: atom3 name is aroC
protocols.motifs.Motif: Res1 name is GLU
protocols.motifs.Motif: atom1 name is CH2
protocols.motifs.Motif: atom2 name is CH2
protocols.motifs.Motif: atom3 name is CH1
protocols.motifs.Motif: Res1 name is HIS
protocols.motifs.Motif: atom1 name is aroC
protocols.motifs.Motif: atom2 name is aroC
protocols.motifs.Motif: atom3 name is OH
protocols.motifs.Motif: Res1 name is GLU
protocols.motifs.Motif: atom1 name is CH1
protocols.motifs.Motif: atom2 name is CH1
protocols.motifs.Motif: atom3 name is OH
protocols.motifs.Motif: Res1 name is TYR
protocols.motifs.Motif: atom1 name is aroC
protocols.motifs.Motif: atom2 name is aroC
protocols.motifs.Motif: atom3 name is OH
protocols.motifs.Motif: Res1 name is ARG
protocols.motifs.Motif: atom1 name is aroC
protocols.motifs.Motif: atom2 name is aroC
protocols.motifs.Motif: atom3 name is OH
protocols.motifs.Motif: Res1 name is PHE
protocols.motifs.Motif: atom1 name is aroC
protocols.motifs.Motif: atom2 name is aroC
protocols.motifs.Motif: atom3 name is OH
core.pack.task: Packer task: initialize from command line() 
core.pack.task: Packer task: initialize from command line() 
core.pack.task: Packer task: initialize from command line() 
protocols.moves.MonteCarlo: MonteCarlo:: last_accepted_score,lowest_score: -1293.32 -1293.95
protocols.motifs.Motif: Res1 name is PHE
protocols.motifs.Motif: atom1 name is aroC
protocols.motifs.Motif: atom2 name is aroC
protocols.motifs.Motif: atom3 name is Cl
protocols.motifs.Motif: Res1 name is GLU
protocols.motifs.Motif: atom1 name is aroC
protocols.motifs.Motif: atom2 name is COO
protocols.motifs.Motif: atom3 name is OOC
protocols.motifs.Motif: Res1 name is TYR
protocols.motifs.Motif: atom1 name is aroC
protocols.motifs.Motif: atom2 name is aroC
protocols.motifs.Motif: atom3 name is aroC
protocols.motifs.Motif: Res1 name is HIS
protocols.motifs.Motif: atom1 name is CH3
protocols.motifs.Motif: atom2 name is Ntrp
protocols.motifs.Motif: atom3 name is CH2
protocols.motifs.Motif: Res1 name is ARG
protocols.motifs.Motif: atom1 name is aroC
protocols.motifs.Motif: atom2 name is COO
protocols.motifs.Motif: atom3 name is OOC
core.pack.task: Packer task: initialize from command line() 
core.pack.task: Packer task: initialize from command line() 
core.pack.task: Packer task: initialize from command line() 
protocols.moves.MonteCarlo: MonteCarlo:: last_accepted_score,lowest_score: -1297.32 -1297.32
protocols.motifs.Motif: Res1 name is PHE
protocols.motifs.Motif: atom1 name is aroC
protocols.motifs.Motif: atom2 name is aroC
protocols.motifs.Motif: atom3 name is Oaro
protocols.motifs.Motif: Res1 name is GLU
protocols.motifs.Motif: atom1 name is aroC
protocols.motifs.Motif: atom2 name is aroC
protocols.motifs.Motif: atom3 name is Cl
protocols.motifs.Motif: Res1 name is TYR
protocols.motifs.Motif: atom1 name is aroC
protocols.motifs.Motif: atom2 name is aroC
protocols.motifs.Motif: atom3 name is Cl
core.pack.task: Packer task: initialize from command line() 
core.pack.task: Packer task: initialize from command line() 
core.pack.task: Packer task: initialize from command line() 
protocols.moves.MonteCarlo: MonteCarlo:: last_accepted_score,lowest_score: -1296.82 -1298.64
protocols.motifs.Motif: Res1 name is PHE
protocols.motifs.Motif: atom1 name is aroC
protocols.motifs.Motif: atom2 name is aroC
protocols.motifs.Motif: atom3 name is aroC
protocols.motifs.Motif: Res1 name is GLU
protocols.motifs.Motif: atom1 name is CH2
protocols.motifs.Motif: atom2 name is CH2
protocols.motifs.Motif: atom3 name is CH1
protocols.motifs.Motif: Res1 name is HIS
protocols.motifs.Motif: atom1 name is aroC
protocols.motifs.Motif: atom2 name is aroC
protocols.motifs.Motif: atom3 name is OH
protocols.motifs.Motif: Res1 name is GLU
protocols.motifs.Motif: atom1 name is aroC
protocols.motifs.Motif: atom2 name is aroC
protocols.motifs.Motif: atom3 name is OH
protocols.motifs.Motif: Res1 name is TYR
protocols.motifs.Motif: atom1 name is aroC
protocols.motifs.Motif: atom2 name is COO
protocols.motifs.Motif: atom3 name is OOC
protocols.motifs.Motif: Res1 name is ARG
protocols.motifs.Motif: atom1 name is aroC
protocols.motifs.Motif: atom2 name is aroC
protocols.motifs.Motif: atom3 name is OH
protocols.motifs.Motif: Res1 name is PHE
protocols.motifs.Motif: atom1 name is aroC
protocols.motifs.Motif: atom2 name is aroC
protocols.motifs.Motif: atom3 name is OH
core.pack.task: Packer task: initialize from command line() 
core.pack.task: Packer task: initialize from command line() 
core.pack.task: Packer task: initialize from command line() 
protocols.moves.MonteCarlo: MonteCarlo:: last_accepted_score,lowest_score: -1300.03 -1300.19
protocols.motifs.Motif: Res1 name is PHE
protocols.motifs.Motif: atom1 name is aroC
protocols.motifs.Motif: atom2 name is aroC
protocols.motifs.Motif: atom3 name is Cl
protocols.motifs.Motif: Res1 name is GLU
protocols.motifs.Motif: atom1 name is aroC
protocols.motifs.Motif: atom2 name is COO
protocols.motifs.Motif: atom3 name is OOC
protocols.motifs.Motif: Res1 name is GLU
protocols.motifs.Motif: atom1 name is aroC
protocols.motifs.Motif: atom2 name is aroC
protocols.motifs.Motif: atom3 name is aroC
protocols.motifs.Motif: Res1 name is TYR
protocols.motifs.Motif: atom1 name is aroC
protocols.motifs.Motif: atom2 name is aroC
protocols.motifs.Motif: atom3 name is Oaro
protocols.motifs.Motif: Res1 name is HIS
protocols.motifs.Motif: atom1 name is CH3
protocols.motifs.Motif: atom2 name is Ntrp
protocols.motifs.Motif: atom3 name is CH2
protocols.motifs.Motif: Res1 name is MET
protocols.motifs.Motif: atom1 name is CH1
protocols.motifs.Motif: atom2 name is CH2
protocols.motifs.Motif: atom3 name is Ntrp
protocols.motifs.Motif: Res1 name is ARG
protocols.motifs.Motif: atom1 name is aroC
protocols.motifs.Motif: atom2 name is aroC
protocols.motifs.Motif: atom3 name is OH
core.pack.task: Packer task: initialize from command line() 
core.pack.task: Packer task: initialize from command line() 
core.pack.task: Packer task: initialize from command line() 
protocols.moves.MonteCarlo: MonteCarlo:: last_accepted_score,lowest_score: -1300.35 -1300.7
protocols.motifs.Motif: Res1 name is PHE
protocols.motifs.Motif: atom1 name is aroC
protocols.motifs.Motif: atom2 name is aroC
protocols.motifs.Motif: atom3 name is Cl
protocols.motifs.Motif: Res1 name is GLU
protocols.motifs.Motif: atom1 name is aroC
protocols.motifs.Motif: atom2 name is COO
protocols.motifs.Motif: atom3 name is OOC
protocols.motifs.Motif: Res1 name is GLU
protocols.motifs.Motif: atom1 name is aroC
protocols.motifs.Motif: atom2 name is aroC
protocols.motifs.Motif: atom3 name is CH1
protocols.motifs.Motif: Res1 name is TYR
protocols.motifs.Motif: atom1 name is aroC
protocols.motifs.Motif: atom2 name is aroC
protocols.motifs.Motif: atom3 name is Oaro
protocols.motifs.Motif: Res1 name is MET
protocols.motifs.Motif: atom1 name is CH1
protocols.motifs.Motif: atom2 name is CH2
protocols.motifs.Motif: atom3 name is Ntrp
protocols.motifs.Motif: Res1 name is ARG
protocols.motifs.Motif: atom1 name is aroC
protocols.motifs.Motif: atom2 name is aroC
protocols.motifs.Motif: atom3 name is OH
protocols.motifs.Motif: Res1 name is PHE
protocols.motifs.Motif: atom1 name is aroC
protocols.motifs.Motif: atom2 name is aroC
protocols.motifs.Motif: atom3 name is OH
core.pack.task: Packer task: initialize from command line() 
core.pack.task: Packer task: initialize from command line() 
core.pack.task: Packer task: initialize from command line() 
protocols.moves.MonteCarlo: MonteCarlo:: last_accepted_score,lowest_score: -1297.11 -1297.3
protocols.motifs.Motif: Res1 name is PHE
protocols.motifs.Motif: atom1 name is aroC
protocols.motifs.Motif: atom2 name is COO
protocols.motifs.Motif: atom3 name is OOC
protocols.motifs.Motif: Res1 name is TYR
protocols.motifs.Motif: atom1 name is aroC
protocols.motifs.Motif: atom2 name is aroC
protocols.motifs.Motif: atom3 name is aroC
core.pack.task: Packer task: initialize from command line() 
core.pack.task: Packer task: initialize from command line() 
core.pack.task: Packer task: initialize from command line() 
protocols.moves.MonteCarlo: MonteCarlo:: last_accepted_score,lowest_score: -1299.78 -1299.78
protocols.motifs.Motif: Res1 name is PHE
protocols.motifs.Motif: atom1 name is aroC
protocols.motifs.Motif: atom2 name is aroC
protocols.motifs.Motif: atom3 name is aroC
protocols.motifs.Motif: Res1 name is GLU
protocols.motifs.Motif: atom1 name is aroC
protocols.motifs.Motif: atom2 name is aroC
protocols.motifs.Motif: atom3 name is OH
protocols.motifs.Motif: Res1 name is GLU
protocols.motifs.Motif: atom1 name is aroC
protocols.motifs.Motif: atom2 name is aroC
protocols.motifs.Motif: atom3 name is OH
protocols.motifs.Motif: Res1 name is TYR
protocols.motifs.Motif: atom1 name is aroC
protocols.motifs.Motif: atom2 name is aroC
protocols.motifs.Motif: atom3 name is Oaro
core.pack.task: Packer task: initialize from command line() 
core.pack.task: Packer task: initialize from command line() 
core.pack.task: Packer task: initialize from command line() 
protocols.moves.MonteCarlo: MonteCarlo:: last_accepted_score,lowest_score: -1298.07 -1298.07
protocols.motifs.Motif: Res1 name is PHE
protocols.motifs.Motif: atom1 name is aroC
protocols.motifs.Motif: atom2 name is aroC
protocols.motifs.Motif: atom3 name is aroC
protocols.motifs.Motif: Res1 name is GLU
protocols.motifs.Motif: atom1 name is aroC
protocols.motifs.Motif: atom2 name is aroC
protocols.motifs.Motif: atom3 name is OH
protocols.motifs.Motif: Res1 name is GLU
protocols.motifs.Motif: atom1 name is aroC
protocols.motifs.Motif: atom2 name is aroC
protocols.motifs.Motif: atom3 name is aroC
protocols.motifs.Motif: Res1 name is TYR
protocols.motifs.Motif: atom1 name is aroC
protocols.motifs.Motif: atom2 name is aroC
protocols.motifs.Motif: atom3 name is Oaro
core.pack.task: Packer task: initialize from command line() 
core.pack.task: Packer task: initialize from command line() 
core.pack.task: Packer task: initialize from command line() 
protocols.moves.MonteCarlo: MonteCarlo:: last_accepted_score,lowest_score: -1300.59 -1300.59
protocols.motifs.Motif: Res1 name is PHE
protocols.motifs.Motif: atom1 name is aroC
protocols.motifs.Motif: atom2 name is aroC
protocols.motifs.Motif: atom3 name is aroC
protocols.motifs.Motif: Res1 name is GLU
protocols.motifs.Motif: atom1 name is aroC
protocols.motifs.Motif: atom2 name is COO
protocols.motifs.Motif: atom3 name is OOC
protocols.motifs.Motif: Res1 name is GLU
protocols.motifs.Motif: atom1 name is aroC
protocols.motifs.Motif: atom2 name is aroC
protocols.motifs.Motif: atom3 name is OH
protocols.motifs.Motif: Res1 name is TYR
protocols.motifs.Motif: atom1 name is aroC
protocols.motifs.Motif: atom2 name is aroC
protocols.motifs.Motif: atom3 name is Oaro
protocols.motifs.Motif: Res1 name is MET
protocols.motifs.Motif: atom1 name is CH1
protocols.motifs.Motif: atom2 name is CH2
protocols.motifs.Motif: atom3 name is Ntrp
protocols.motifs.Motif: Res1 name is ARG
protocols.motifs.Motif: atom1 name is aroC
protocols.motifs.Motif: atom2 name is aroC
protocols.motifs.Motif: atom3 name is OH
core.pack.task: Packer task: initialize from command line() 
core.pack.task: Packer task: initialize from command line() 
core.pack.task: Packer task: initialize from command line() 
protocols.moves.MonteCarlo: MonteCarlo:: last_accepted_score,lowest_score: -1297.38 -1298.52
protocols.motifs.Motif: Res1 name is PHE
protocols.motifs.Motif: atom1 name is COO
protocols.motifs.Motif: atom2 name is aroC
protocols.motifs.Motif: atom3 name is aroC
protocols.motifs.Motif: Res1 name is GLU
protocols.motifs.Motif: atom1 name is CH2
protocols.motifs.Motif: atom2 name is CH2
protocols.motifs.Motif: atom3 name is CH1
protocols.motifs.Motif: Res1 name is HIS
protocols.motifs.Motif: atom1 name is aroC
protocols.motifs.Motif: atom2 name is aroC
protocols.motifs.Motif: atom3 name is OH
protocols.motifs.Motif: Res1 name is GLU
protocols.motifs.Motif: atom1 name is CH1
protocols.motifs.Motif: atom2 name is CH1
protocols.motifs.Motif: atom3 name is OH
protocols.motifs.Motif: Res1 name is TYR
protocols.motifs.Motif: atom1 name is aroC
protocols.motifs.Motif: atom2 name is aroC
protocols.motifs.Motif: atom3 name is OH
protocols.motifs.Motif: Res1 name is ARG
protocols.motifs.Motif: atom1 name is aroC
protocols.motifs.Motif: atom2 name is aroC
protocols.motifs.Motif: atom3 name is OH
protocols.motifs.Motif: Res1 name is PHE
protocols.motifs.Motif: atom1 name is aroC
protocols.motifs.Motif: atom2 name is aroC
protocols.motifs.Motif: atom3 name is OH
core.pack.task: Packer task: initialize from command line() 
core.pack.task: Packer task: initialize from command line() 
core.pack.task: Packer task: initialize from command line() 
protocols.moves.MonteCarlo: MonteCarlo:: last_accepted_score,lowest_score: -1300.52 -1300.52
protocols.motifs.Motif: Res1 name is PHE
protocols.motifs.Motif: atom1 name is aroC
protocols.motifs.Motif: atom2 name is aroC
protocols.motifs.Motif: atom3 name is aroC
protocols.motifs.Motif: Res1 name is GLU
protocols.motifs.Motif: atom1 name is aroC
protocols.motifs.Motif: atom2 name is aroC
protocols.motifs.Motif: atom3 name is OH
protocols.motifs.Motif: Res1 name is TYR
protocols.motifs.Motif: atom1 name is aroC
protocols.motifs.Motif: atom2 name is aroC
protocols.motifs.Motif: atom3 name is Oaro
protocols.motifs.Motif: Res1 name is ARG
protocols.motifs.Motif: atom1 name is aroC
protocols.motifs.Motif: atom2 name is aroC
protocols.motifs.Motif: atom3 name is aroC
protocols.motifs.Motif: Res1 name is PHE
protocols.motifs.Motif: atom1 name is aroC
protocols.motifs.Motif: atom2 name is aroC
protocols.motifs.Motif: atom3 name is OH
core.pack.task: Packer task: initialize from command line() 
core.pack.task: Packer task: initialize from command line() 
core.pack.task: Packer task: initialize from command line() 
protocols.moves.MonteCarlo: MonteCarlo:: last_accepted_score,lowest_score: -1295.67 -1295.67
protocols.motifs.Motif: Res1 name is PHE
protocols.motifs.Motif: atom1 name is aroC
protocols.motifs.Motif: atom2 name is aroC
protocols.motifs.Motif: atom3 name is Oaro
protocols.motifs.Motif: Res1 name is GLU
protocols.motifs.Motif: atom1 name is aroC
protocols.motifs.Motif: atom2 name is aroC
protocols.motifs.Motif: atom3 name is Cl
protocols.motifs.Motif: Res1 name is TYR
protocols.motifs.Motif: atom1 name is aroC
protocols.motifs.Motif: atom2 name is aroC
protocols.motifs.Motif: atom3 name is aroC
core.pack.task: Packer task: initialize from command line() 
core.pack.task: Packer task: initialize from command line() 
core.pack.task: Packer task: initialize from command line() 
protocols.moves.MonteCarlo: MonteCarlo:: last_accepted_score,lowest_score: -1297.25 -1298.97
protocols.motifs.Motif: Res1 name is PHE
protocols.motifs.Motif: atom1 name is COO
protocols.motifs.Motif: atom2 name is aroC
protocols.motifs.Motif: atom3 name is aroC
protocols.motifs.Motif: Res1 name is GLU
protocols.motifs.Motif: atom1 name is CH1
protocols.motifs.Motif: atom2 name is CH1
protocols.motifs.Motif: atom3 name is OH
protocols.motifs.Motif: Res1 name is TYR
protocols.motifs.Motif: atom1 name is aroC
protocols.motifs.Motif: atom2 name is aroC
protocols.motifs.Motif: atom3 name is OH
protocols.motifs.Motif: Res1 name is ARG
protocols.motifs.Motif: atom1 name is aroC
protocols.motifs.Motif: atom2 name is aroC
protocols.motifs.Motif: atom3 name is OH
protocols.motifs.Motif: Res1 name is PHE
protocols.motifs.Motif: atom1 name is aroC
protocols.motifs.Motif: atom2 name is aroC
protocols.motifs.Motif: atom3 name is OH
core.pack.task: Packer task: initialize from command line() 
core.pack.task: Packer task: initialize from command line() 
core.pack.task: Packer task: initialize from command line() 
protocols.moves.MonteCarlo: MonteCarlo:: last_accepted_score,lowest_score: -1296.34 -1296.34
protocols.motifs.Motif: Res1 name is PHE
protocols.motifs.Motif: atom1 name is aroC
protocols.motifs.Motif: atom2 name is aroC
protocols.motifs.Motif: atom3 name is aroC
protocols.motifs.Motif: Res1 name is GLU
protocols.motifs.Motif: atom1 name is aroC
protocols.motifs.Motif: atom2 name is aroC
protocols.motifs.Motif: atom3 name is aroC
protocols.motifs.Motif: Res1 name is TYR
protocols.motifs.Motif: atom1 name is aroC
protocols.motifs.Motif: atom2 name is aroC
protocols.motifs.Motif: atom3 name is aroC
protocols.motifs.Motif: Res1 name is ARG
protocols.motifs.Motif: atom1 name is CH3
protocols.motifs.Motif: atom2 name is Ntrp
protocols.motifs.Motif: atom3 name is CH2
core.pack.task: Packer task: initialize from command line() 
core.pack.task: Packer task: initialize from command line() 
core.pack.task: Packer task: initialize from command line() 
protocols.moves.MonteCarlo: MonteCarlo:: last_accepted_score,lowest_score: -1302.01 -1302.01
protocols.motifs.Motif: Res1 name is PHE
protocols.motifs.Motif: atom1 name is aroC
protocols.motifs.Motif: atom2 name is aroC
protocols.motifs.Motif: atom3 name is CH1
protocols.motifs.Motif: Res1 name is GLU
protocols.motifs.Motif: atom1 name is aroC
protocols.motifs.Motif: atom2 name is aroC
protocols.motifs.Motif: atom3 name is aroC
protocols.motifs.Motif: Res1 name is HIS
protocols.motifs.Motif: atom1 name is aroC
protocols.motifs.Motif: atom2 name is aroC
protocols.motifs.Motif: atom3 name is aroC
protocols.motifs.Motif: Res1 name is TYR
protocols.motifs.Motif: atom1 name is aroC
protocols.motifs.Motif: atom2 name is aroC
protocols.motifs.Motif: atom3 name is aroC
core.pack.task: Packer task: initialize from command line() 
core.pack.task: Packer task: initialize from command line() 
core.pack.task: Packer task: initialize from command line() 
protocols.moves.MonteCarlo: MonteCarlo:: last_accepted_score,lowest_score: -1294.84 -1295.64
protocols.motifs.Motif: Res1 name is PHE
protocols.motifs.Motif: atom1 name is aroC
protocols.motifs.Motif: atom2 name is COO
protocols.motifs.Motif: atom3 name is OOC
protocols.motifs.Motif: Res1 name is GLU
protocols.motifs.Motif: atom1 name is CH2
protocols.motifs.Motif: atom2 name is CH2
protocols.motifs.Motif: atom3 name is CH1
protocols.motifs.Motif: Res1 name is GLU
protocols.motifs.Motif: atom1 name is CH1
protocols.motifs.Motif: atom2 name is CH1
protocols.motifs.Motif: atom3 name is OH
protocols.motifs.Motif: Res1 name is TYR
protocols.motifs.Motif: atom1 name is aroC
protocols.motifs.Motif: atom2 name is aroC
protocols.motifs.Motif: atom3 name is aroC
protocols.motifs.Motif: Res1 name is ARG
protocols.motifs.Motif: atom1 name is CH2
protocols.motifs.Motif: atom2 name is CH2
protocols.motifs.Motif: atom3 name is CH1
core.pack.task: Packer task: initialize from command line() 
core.pack.task: Packer task: initialize from command line() 
core.pack.task: Packer task: initialize from command line() 
protocols.moves.MonteCarlo: MonteCarlo:: last_accepted_score,lowest_score: -1294.99 -1294.99
protocols.motifs.Motif: Res1 name is PHE
protocols.motifs.Motif: atom1 name is aroC
protocols.motifs.Motif: atom2 name is aroC
protocols.motifs.Motif: atom3 name is aroC
protocols.motifs.Motif: Res1 name is GLU
protocols.motifs.Motif: atom1 name is CH3
protocols.motifs.Motif: atom2 name is Ntrp
protocols.motifs.Motif: atom3 name is CH2
protocols.motifs.Motif: Res1 name is TYR
protocols.motifs.Motif: atom1 name is aroC
protocols.motifs.Motif: atom2 name is aroC
protocols.motifs.Motif: atom3 name is Cl
core.pack.task: Packer task: initialize from command line() 
core.pack.task: Packer task: initialize from command line() 
core.pack.task: Packer task: initialize from command line() 
protocols.moves.MonteCarlo: MonteCarlo:: last_accepted_score,lowest_score: -1293.21 -1293.8
protocols.motifs.Motif: Res1 name is PHE
protocols.motifs.Motif: atom1 name is COO
protocols.motifs.Motif: atom2 name is aroC
protocols.motifs.Motif: atom3 name is aroC
protocols.motifs.Motif: Res1 name is GLU
protocols.motifs.Motif: atom1 name is aroC
protocols.motifs.Motif: atom2 name is aroC
protocols.motifs.Motif: atom3 name is OH
protocols.motifs.Motif: Res1 name is TYR
protocols.motifs.Motif: atom1 name is aroC
protocols.motifs.Motif: atom2 name is aroC
protocols.motifs.Motif: atom3 name is OH
protocols.motifs.Motif: Res1 name is ARG
protocols.motifs.Motif: atom1 name is CH2
protocols.motifs.Motif: atom2 name is CH2
protocols.motifs.Motif: atom3 name is CH1
core.pack.task: Packer task: initialize from command line() 
core.pack.task: Packer task: initialize from command line() 
core.pack.task: Packer task: initialize from command line() 
protocols.moves.MonteCarlo: MonteCarlo:: last_accepted_score,lowest_score: -1296.09 -1296.09
protocols.motifs.Motif: Res1 name is PHE
protocols.motifs.Motif: atom1 name is aroC
protocols.motifs.Motif: atom2 name is aroC
protocols.motifs.Motif: atom3 name is aroC
protocols.motifs.Motif: Res1 name is TYR
protocols.motifs.Motif: atom1 name is aroC
protocols.motifs.Motif: atom2 name is aroC
protocols.motifs.Motif: atom3 name is Cl
core.pack.task: Packer task: initialize from command line() 
core.pack.task: Packer task: initialize from command line() 
core.pack.task: Packer task: initialize from command line() 
protocols.moves.MonteCarlo: MonteCarlo:: last_accepted_score,lowest_score: -1227.61 -1227.61
protocols.motifs.Motif: Res1 name is PHE
protocols.motifs.Motif: atom1 name is COO
protocols.motifs.Motif: atom2 name is aroC
protocols.motifs.Motif: atom3 name is aroC
protocols.motifs.Motif: Res1 name is GLU
protocols.motifs.Motif: atom1 name is aroC
protocols.motifs.Motif: atom2 name is aroC
protocols.motifs.Motif: atom3 name is OH
protocols.motifs.Motif: Res1 name is TYR
protocols.motifs.Motif: atom1 name is aroC
protocols.motifs.Motif: atom2 name is aroC
protocols.motifs.Motif: atom3 name is aroC
protocols.motifs.Motif: Res1 name is ARG
protocols.motifs.Motif: atom1 name is aroC
protocols.motifs.Motif: atom2 name is aroC
protocols.motifs.Motif: atom3 name is aroC
core.pack.task: Packer task: initialize from command line() 
core.pack.task: Packer task: initialize from command line() 
core.pack.task: Packer task: initialize from command line() 
protocols.moves.MonteCarlo: MonteCarlo:: last_accepted_score,lowest_score: -1296.96 -1297.03
protocols.motifs.Motif: Res1 name is PHE
protocols.motifs.Motif: atom1 name is aroC
protocols.motifs.Motif: atom2 name is aroC
protocols.motifs.Motif: atom3 name is aroC
protocols.motifs.Motif: Res1 name is GLU
protocols.motifs.Motif: atom1 name is CH2
protocols.motifs.Motif: atom2 name is CH2
protocols.motifs.Motif: atom3 name is CH1
protocols.motifs.Motif: Res1 name is GLU
protocols.motifs.Motif: atom1 name is aroC
protocols.motifs.Motif: atom2 name is aroC
protocols.motifs.Motif: atom3 name is aroC
protocols.motifs.Motif: Res1 name is TYR
protocols.motifs.Motif: atom1 name is aroC
protocols.motifs.Motif: atom2 name is aroC
protocols.motifs.Motif: atom3 name is OH
protocols.motifs.Motif: Res1 name is ARG
protocols.motifs.Motif: atom1 name is aroC
protocols.motifs.Motif: atom2 name is aroC
protocols.motifs.Motif: atom3 name is OH
core.pack.task: Packer task: initialize from command line() 
core.pack.task: Packer task: initialize from command line() 
core.pack.task: Packer task: initialize from command line() 
protocols.moves.MonteCarlo: MonteCarlo:: last_accepted_score,lowest_score: -1295.21 -1295.21
protocols.motifs.Motif: Res1 name is PHE
protocols.motifs.Motif: atom1 name is aroC
protocols.motifs.Motif: atom2 name is aroC
protocols.motifs.Motif: atom3 name is aroC
protocols.motifs.Motif: Res1 name is HIS
protocols.motifs.Motif: atom1 name is aroC
protocols.motifs.Motif: atom2 name is aroC
protocols.motifs.Motif: atom3 name is aroC
protocols.motifs.Motif: Res1 name is TYR
protocols.motifs.Motif: atom1 name is aroC
protocols.motifs.Motif: atom2 name is aroC
protocols.motifs.Motif: atom3 name is Cl
protocols.motifs.Motif: Res1 name is ARG
protocols.motifs.Motif: atom1 name is CH3
protocols.motifs.Motif: atom2 name is Ntrp
protocols.motifs.Motif: atom3 name is CH2
core.pack.task: Packer task: initialize from command line() 
core.pack.task: Packer task: initialize from command line() 
core.pack.task: Packer task: initialize from command line() 
protocols.moves.MonteCarlo: MonteCarlo:: last_accepted_score,lowest_score: -1295.6 -1295.99
protocols.motifs.Motif: Res1 name is PHE
protocols.motifs.Motif: atom1 name is aroC
protocols.motifs.Motif: atom2 name is aroC
protocols.motifs.Motif: atom3 name is Oaro
protocols.motifs.Motif: Res1 name is GLU
protocols.motifs.Motif: atom1 name is aroC
protocols.motifs.Motif: atom2 name is aroC
protocols.motifs.Motif: atom3 name is Cl
protocols.motifs.Motif: Res1 name is TYR
protocols.motifs.Motif: atom1 name is aroC
protocols.motifs.Motif: atom2 name is aroC
protocols.motifs.Motif: atom3 name is Cl
core.pack.task: Packer task: initialize from command line() 
core.pack.task: Packer task: initialize from command line() 
core.pack.task: Packer task: initialize from command line() 
protocols.moves.MonteCarlo: MonteCarlo:: last_accepted_score,lowest_score: -1301.14 -1301.14
protocols.motifs.Motif: Res1 name is PHE
protocols.motifs.Motif: atom1 name is aroC
protocols.motifs.Motif: atom2 name is aroC
protocols.motifs.Motif: atom3 name is aroC
protocols.motifs.Motif: Res1 name is GLU
protocols.motifs.Motif: atom1 name is aroC
protocols.motifs.Motif: atom2 name is aroC
protocols.motifs.Motif: atom3 name is OH
protocols.motifs.Motif: Res1 name is GLU
protocols.motifs.Motif: atom1 name is aroC
protocols.motifs.Motif: atom2 name is aroC
protocols.motifs.Motif: atom3 name is aroC
protocols.motifs.Motif: Res1 name is TYR
protocols.motifs.Motif: atom1 name is aroC
protocols.motifs.Motif: atom2 name is aroC
protocols.motifs.Motif: atom3 name is Oaro
protocols.motifs.Motif: Res1 name is HIS
protocols.motifs.Motif: atom1 name is CH1
protocols.motifs.Motif: atom2 name is CH2
protocols.motifs.Motif: atom3 name is Ntrp
protocols.motifs.Motif: Res1 name is MET
protocols.motifs.Motif: atom1 name is CH1
protocols.motifs.Motif: atom2 name is CH2
protocols.motifs.Motif: atom3 name is Ntrp
core.pack.task: Packer task: initialize from command line() 
core.pack.task: Packer task: initialize from command line() 
core.pack.task: Packer task: initialize from command line() 
protocols.moves.MonteCarlo: MonteCarlo:: last_accepted_score,lowest_score: -1293.81 -1293.81
protocols.motifs.Motif: Res1 name is PHE
protocols.motifs.Motif: atom1 name is aroC
protocols.motifs.Motif: atom2 name is aroC
protocols.motifs.Motif: atom3 name is aroC
protocols.motifs.Motif: Res1 name is TYR
protocols.motifs.Motif: atom1 name is aroC
protocols.motifs.Motif: atom2 name is aroC
protocols.motifs.Motif: atom3 name is Cl
protocols.motifs.Motif: Res1 name is ARG
protocols.motifs.Motif: atom1 name is CH3
protocols.motifs.Motif: atom2 name is Ntrp
protocols.motifs.Motif: atom3 name is CH2
core.pack.task: Packer task: initialize from command line() 
core.pack.task: Packer task: initialize from command line() 
core.pack.task: Packer task: initialize from command line() 
protocols.moves.MonteCarlo: MonteCarlo:: last_accepted_score,lowest_score: -1297.4 -1297.72
protocols.motifs.Motif: Res1 name is PHE
protocols.motifs.Motif: atom1 name is aroC
protocols.motifs.Motif: atom2 name is COO
protocols.motifs.Motif: atom3 name is OOC
protocols.motifs.Motif: Res1 name is TYR
protocols.motifs.Motif: atom1 name is CH1
protocols.motifs.Motif: atom2 name is CH1
protocols.motifs.Motif: atom3 name is OH
core.pack.task: Packer task: initialize from command line() 
core.pack.task: Packer task: initialize from command line() 
core.pack.task: Packer task: initialize from command line() 
protocols.moves.MonteCarlo: MonteCarlo:: last_accepted_score,lowest_score: -1299.48 -1299.48
protocols.motifs.Motif: Res1 name is PHE
protocols.motifs.Motif: atom1 name is aroC
protocols.motifs.Motif: atom2 name is COO
protocols.motifs.Motif: atom3 name is OOC
protocols.motifs.Motif: Res1 name is HIS
protocols.motifs.Motif: atom1 name is aroC
protocols.motifs.Motif: atom2 name is aroC
protocols.motifs.Motif: atom3 name is aroC
protocols.motifs.Motif: Res1 name is GLU
protocols.motifs.Motif: atom1 name is aroC
protocols.motifs.Motif: atom2 name is aroC
protocols.motifs.Motif: atom3 name is Cl
protocols.motifs.Motif: Res1 name is TYR
protocols.motifs.Motif: atom1 name is aroC
protocols.motifs.Motif: atom2 name is aroC
protocols.motifs.Motif: atom3 name is Cl
core.pack.task: Packer task: initialize from command line() 
core.pack.task: Packer task: initialize from command line() 
core.pack.task: Packer task: initialize from command line() 
protocols.moves.MonteCarlo: MonteCarlo:: last_accepted_score,lowest_score: -1294.02 -1294.06
protocols.motifs.Motif: Res1 name is PHE
protocols.motifs.Motif: atom1 name is aroC
protocols.motifs.Motif: atom2 name is COO
protocols.motifs.Motif: atom3 name is OOC
protocols.motifs.Motif: Res1 name is GLU
protocols.motifs.Motif: atom1 name is CH1
protocols.motifs.Motif: atom2 name is CH1
protocols.motifs.Motif: atom3 name is OH
protocols.motifs.Motif: Res1 name is TYR
protocols.motifs.Motif: atom1 name is aroC
protocols.motifs.Motif: atom2 name is aroC
protocols.motifs.Motif: atom3 name is aroC
core.pack.task: Packer task: initialize from command line() 
core.pack.task: Packer task: initialize from command line() 
core.pack.task: Packer task: initialize from command line() 
protocols.moves.MonteCarlo: MonteCarlo:: last_accepted_score,lowest_score: -1240.99 -1240.99
protocols.motifs.Motif: Res1 name is PHE
protocols.motifs.Motif: atom1 name is aroC
protocols.motifs.Motif: atom2 name is aroC
protocols.motifs.Motif: atom3 name is OH
protocols.motifs.Motif: Res1 name is HIS
protocols.motifs.Motif: atom1 name is aroC
protocols.motifs.Motif: atom2 name is aroC
protocols.motifs.Motif: atom3 name is aroC
protocols.motifs.Motif: Res1 name is GLU
protocols.motifs.Motif: atom1 name is aroC
protocols.motifs.Motif: atom2 name is aroC
protocols.motifs.Motif: atom3 name is Cl
protocols.motifs.Motif: Res1 name is TYR
protocols.motifs.Motif: atom1 name is aroC
protocols.motifs.Motif: atom2 name is aroC
protocols.motifs.Motif: atom3 name is aroC
core.pack.task: Packer task: initialize from command line() 
core.pack.task: Packer task: initialize from command line() 
core.pack.task: Packer task: initialize from command line() 
protocols.moves.MonteCarlo: MonteCarlo:: last_accepted_score,lowest_score: -1301.21 -1301.34
protocols.motifs.Motif: Res1 name is PHE
protocols.motifs.Motif: atom1 name is aroC
protocols.motifs.Motif: atom2 name is aroC
protocols.motifs.Motif: atom3 name is CH1
protocols.motifs.Motif: Res1 name is GLU
protocols.motifs.Motif: atom1 name is aroC
protocols.motifs.Motif: atom2 name is aroC
protocols.motifs.Motif: atom3 name is Cl
protocols.motifs.Motif: Res1 name is HIS
protocols.motifs.Motif: atom1 name is aroC
protocols.motifs.Motif: atom2 name is aroC
protocols.motifs.Motif: atom3 name is aroC
protocols.motifs.Motif: Res1 name is TYR
protocols.motifs.Motif: atom1 name is aroC
protocols.motifs.Motif: atom2 name is COO
protocols.motifs.Motif: atom3 name is OOC
protocols.motifs.Motif: Res1 name is ARG
protocols.motifs.Motif: atom1 name is aroC
protocols.motifs.Motif: atom2 name is aroC
protocols.motifs.Motif: atom3 name is Cl
core.pack.task: Packer task: initialize from command line() 
core.pack.task: Packer task: initialize from command line() 
core.pack.task: Packer task: initialize from command line() 
protocols.moves.MonteCarlo: MonteCarlo:: last_accepted_score,lowest_score: -1294.41 -1294.41
protocols.motifs.Motif: Res1 name is PHE
protocols.motifs.Motif: atom1 name is CH1
protocols.motifs.Motif: atom2 name is CH1
protocols.motifs.Motif: atom3 name is OH
protocols.motifs.Motif: Res1 name is GLU
protocols.motifs.Motif: atom1 name is aroC
protocols.motifs.Motif: atom2 name is COO
protocols.motifs.Motif: atom3 name is OOC
protocols.motifs.Motif: Res1 name is TYR
protocols.motifs.Motif: atom1 name is aroC
protocols.motifs.Motif: atom2 name is aroC
protocols.motifs.Motif: atom3 name is OH
core.pack.task: Packer task: initialize from command line() 
core.pack.task: Packer task: initialize from command line() 
core.pack.task: Packer task: initialize from command line() 
protocols.moves.MonteCarlo: MonteCarlo:: last_accepted_score,lowest_score: -1294.4 -1295.69
protocols.motifs.Motif: Res1 name is PHE
protocols.motifs.Motif: atom1 name is CH1
protocols.motifs.Motif: atom2 name is CH1
protocols.motifs.Motif: atom3 name is OH
protocols.motifs.Motif: Res1 name is GLU
protocols.motifs.Motif: atom1 name is aroC
protocols.motifs.Motif: atom2 name is COO
protocols.motifs.Motif: atom3 name is OOC
protocols.motifs.Motif: Res1 name is TYR
protocols.motifs.Motif: atom1 name is CH2
protocols.motifs.Motif: atom2 name is CH2
protocols.motifs.Motif: atom3 name is CH1
protocols.motifs.Motif: Res1 name is ARG
protocols.motifs.Motif: atom1 name is COO
protocols.motifs.Motif: atom2 name is aroC
protocols.motifs.Motif: atom3 name is aroC
core.pack.task: Packer task: initialize from command line() 
core.pack.task: Packer task: initialize from command line() 
core.pack.task: Packer task: initialize from command line() 
protocols.moves.MonteCarlo: MonteCarlo:: last_accepted_score,lowest_score: -1297.61 -1297.72
protocols.motifs.Motif: Res1 name is PHE
protocols.motifs.Motif: atom1 name is aroC
protocols.motifs.Motif: atom2 name is COO
protocols.motifs.Motif: atom3 name is OOC
protocols.motifs.Motif: Res1 name is TYR
protocols.motifs.Motif: atom1 name is CH1
protocols.motifs.Motif: atom2 name is CH1
protocols.motifs.Motif: atom3 name is OH
core.pack.task: Packer task: initialize from command line() 
core.pack.task: Packer task: initialize from command line() 
core.pack.task: Packer task: initialize from command line() 
protocols.moves.MonteCarlo: MonteCarlo:: last_accepted_score,lowest_score: -1298.05 -1298.05
protocols.motifs.Motif: Res1 name is PHE
protocols.motifs.Motif: atom1 name is aroC
protocols.motifs.Motif: atom2 name is COO
protocols.motifs.Motif: atom3 name is OOC
protocols.motifs.Motif: Res1 name is TYR
protocols.motifs.Motif: atom1 name is CH1
protocols.motifs.Motif: atom2 name is CH1
protocols.motifs.Motif: atom3 name is OH
core.pack.task: Packer task: initialize from command line() 
core.pack.task: Packer task: initialize from command line() 
core.pack.task: Packer task: initialize from command line() 
protocols.moves.MonteCarlo: MonteCarlo:: last_accepted_score,lowest_score: -1296.89 -1296.9
protocols.motifs.Motif: Res1 name is PHE
protocols.motifs.Motif: atom1 name is aroC
protocols.motifs.Motif: atom2 name is COO
protocols.motifs.Motif: atom3 name is OOC
protocols.motifs.Motif: Res1 name is TYR
protocols.motifs.Motif: atom1 name is aroC
protocols.motifs.Motif: atom2 name is aroC
protocols.motifs.Motif: atom3 name is aroC
core.pack.task: Packer task: initialize from command line() 
core.pack.task: Packer task: initialize from command line() 
core.pack.task: Packer task: initialize from command line() 
protocols.moves.MonteCarlo: MonteCarlo:: last_accepted_score,lowest_score: -1299.74 -1299.74
protocols.motifs.Motif: Res1 name is PHE
protocols.motifs.Motif: atom1 name is aroC
protocols.motifs.Motif: atom2 name is aroC
protocols.motifs.Motif: atom3 name is OH
protocols.motifs.Motif: Res1 name is GLU
protocols.motifs.Motif: atom1 name is CH2
protocols.motifs.Motif: atom2 name is CH2
protocols.motifs.Motif: atom3 name is CH1
protocols.motifs.Motif: Res1 name is GLU
protocols.motifs.Motif: atom1 name is CH1
protocols.motifs.Motif: atom2 name is CH1
protocols.motifs.Motif: atom3 name is OH
protocols.motifs.Motif: Res1 name is TYR
protocols.motifs.Motif: atom1 name is CH1
protocols.motifs.Motif: atom2 name is CH1
protocols.motifs.Motif: atom3 name is OH
protocols.motifs.Motif: Res1 name is ARG
protocols.motifs.Motif: atom1 name is CH1
protocols.motifs.Motif: atom2 name is CH2
protocols.motifs.Motif: atom3 name is Ntrp
core.pack.task: Packer task: initialize from command line() 
core.pack.task: Packer task: initialize from command line() 
core.pack.task: Packer task: initialize from command line() 
protocols.moves.MonteCarlo: MonteCarlo:: last_accepted_score,lowest_score: -1241.26 -1241.26
protocols.motifs.Motif: Res1 name is PHE
protocols.motifs.Motif: atom1 name is aroC
protocols.motifs.Motif: atom2 name is aroC
protocols.motifs.Motif: atom3 name is Cl
protocols.motifs.Motif: Res1 name is ALA
protocols.motifs.Motif: atom1 name is aroC
protocols.motifs.Motif: atom2 name is COO
protocols.motifs.Motif: atom3 name is OOC
protocols.motifs.Motif: Res1 name is TYR
protocols.motifs.Motif: atom1 name is aroC
protocols.motifs.Motif: atom2 name is aroC
protocols.motifs.Motif: atom3 name is aroC
core.pack.task: Packer task: initialize from command line() 
core.pack.task: Packer task: initialize from command line() 
core.pack.task: Packer task: initialize from command line() 
protocols.moves.MonteCarlo: MonteCarlo:: last_accepted_score,lowest_score: -1294.34 -1294.34
protocols.motifs.Motif: Res1 name is PHE
protocols.motifs.Motif: atom1 name is COO
protocols.motifs.Motif: atom2 name is aroC
protocols.motifs.Motif: atom3 name is aroC
protocols.motifs.Motif: Res1 name is TYR
protocols.motifs.Motif: atom1 name is aroC
protocols.motifs.Motif: atom2 name is aroC
protocols.motifs.Motif: atom3 name is aroC
core.pack.task: Packer task: initialize from command line() 
core.pack.task: Packer task: initialize from command line() 
core.pack.task: Packer task: initialize from command line() 
protocols.moves.MonteCarlo: MonteCarlo:: last_accepted_score,lowest_score: -1299.97 -1301.51
protocols.motifs.Motif: Res1 name is PHE
protocols.motifs.Motif: atom1 name is aroC
protocols.motifs.Motif: atom2 name is aroC
protocols.motifs.Motif: atom3 name is aroC
protocols.motifs.Motif: Res1 name is GLU
protocols.motifs.Motif: atom1 name is aroC
protocols.motifs.Motif: atom2 name is aroC
protocols.motifs.Motif: atom3 name is aroC
protocols.motifs.Motif: Res1 name is GLU
protocols.motifs.Motif: atom1 name is aroC
protocols.motifs.Motif: atom2 name is aroC
protocols.motifs.Motif: atom3 name is Cl
protocols.motifs.Motif: Res1 name is TYR
protocols.motifs.Motif: atom1 name is aroC
protocols.motifs.Motif: atom2 name is COO
protocols.motifs.Motif: atom3 name is OOC
protocols.motifs.Motif: Res1 name is PHE
protocols.motifs.Motif: atom1 name is aroC
protocols.motifs.Motif: atom2 name is aroC
protocols.motifs.Motif: atom3 name is aroC
core.pack.task: Packer task: initialize from command line() 
core.pack.task: Packer task: initialize from command line() 
core.pack.task: Packer task: initialize from command line() 
protocols.moves.MonteCarlo: MonteCarlo:: last_accepted_score,lowest_score: -1296.7 -1297.34
protocols.motifs.Motif: Res1 name is PHE
protocols.motifs.Motif: atom1 name is aroC
protocols.motifs.Motif: atom2 name is Oaro
protocols.motifs.Motif: atom3 name is aroC
protocols.motifs.Motif: Res1 name is GLU
protocols.motifs.Motif: atom1 name is aroC
protocols.motifs.Motif: atom2 name is aroC
protocols.motifs.Motif: atom3 name is OH
protocols.motifs.Motif: Res1 name is TYR
protocols.motifs.Motif: atom1 name is aroC
protocols.motifs.Motif: atom2 name is COO
protocols.motifs.Motif: atom3 name is OOC
protocols.motifs.Motif: Res1 name is ARG
protocols.motifs.Motif: atom1 name is aroC
protocols.motifs.Motif: atom2 name is aroC
protocols.motifs.Motif: atom3 name is OH
core.pack.task: Packer task: initialize from command line() 
core.pack.task: Packer task: initialize from command line() 
core.pack.task: Packer task: initialize from command line() 
protocols.moves.MonteCarlo: MonteCarlo:: last_accepted_score,lowest_score: -1293.01 -1293.01
protocols.motifs.Motif: Res1 name is PHE
protocols.motifs.Motif: atom1 name is aroC
protocols.motifs.Motif: atom2 name is aroC
protocols.motifs.Motif: atom3 name is aroC
protocols.motifs.Motif: Res1 name is TYR
protocols.motifs.Motif: atom1 name is aroC
protocols.motifs.Motif: atom2 name is aroC
protocols.motifs.Motif: atom3 name is Cl
core.pack.task: Packer task: initialize from command line() 
core.pack.task: Packer task: initialize from command line() 
core.pack.task: Packer task: initialize from command line() 
protocols.moves.MonteCarlo: MonteCarlo:: last_accepted_score,lowest_score: -1301.09 -1302.19
protocols.motifs.Motif: Res1 name is PHE
protocols.motifs.Motif: atom1 name is aroC
protocols.motifs.Motif: atom2 name is aroC
protocols.motifs.Motif: atom3 name is CH1
protocols.motifs.Motif: Res1 name is GLU
protocols.motifs.Motif: atom1 name is aroC
protocols.motifs.Motif: atom2 name is aroC
protocols.motifs.Motif: atom3 name is Cl
protocols.motifs.Motif: Res1 name is HIS
protocols.motifs.Motif: atom1 name is aroC
protocols.motifs.Motif: atom2 name is aroC
protocols.motifs.Motif: atom3 name is aroC
protocols.motifs.Motif: Res1 name is TYR
protocols.motifs.Motif: atom1 name is aroC
protocols.motifs.Motif: atom2 name is aroC
protocols.motifs.Motif: atom3 name is OH
core.pack.task: Packer task: initialize from command line() 
core.pack.task: Packer task: initialize from command line() 
core.pack.task: Packer task: initialize from command line() 
protocols.moves.MonteCarlo: MonteCarlo:: last_accepted_score,lowest_score: -1297.71 -1299.75
protocols.motifs.Motif: Res1 name is PHE
protocols.motifs.Motif: atom1 name is aroC
protocols.motifs.Motif: atom2 name is aroC
protocols.motifs.Motif: atom3 name is Oaro
protocols.motifs.Motif: Res1 name is GLU
protocols.motifs.Motif: atom1 name is aroC
protocols.motifs.Motif: atom2 name is aroC
protocols.motifs.Motif: atom3 name is aroC
protocols.motifs.Motif: Res1 name is TYR
protocols.motifs.Motif: atom1 name is aroC
protocols.motifs.Motif: atom2 name is aroC
protocols.motifs.Motif: atom3 name is Cl
core.pack.task: Packer task: initialize from command line() 
core.pack.task: Packer task: initialize from command line() 
core.pack.task: Packer task: initialize from command line() 
protocols.moves.MonteCarlo: MonteCarlo:: last_accepted_score,lowest_score: -1299.01 -1299.01
protocols.motifs.Motif: Res1 name is PHE
protocols.motifs.Motif: atom1 name is aroC
protocols.motifs.Motif: atom2 name is aroC
protocols.motifs.Motif: atom3 name is Oaro
protocols.motifs.Motif: Res1 name is GLU
protocols.motifs.Motif: atom1 name is aroC
protocols.motifs.Motif: atom2 name is aroC
protocols.motifs.Motif: atom3 name is Cl
protocols.motifs.Motif: Res1 name is HIS
protocols.motifs.Motif: atom1 name is aroC
protocols.motifs.Motif: atom2 name is aroC
protocols.motifs.Motif: atom3 name is aroC
protocols.motifs.Motif: Res1 name is TYR
protocols.motifs.Motif: atom1 name is aroC
protocols.motifs.Motif: atom2 name is COO
protocols.motifs.Motif: atom3 name is OOC
core.pack.task: Packer task: initialize from command line() 
core.pack.task: Packer task: initialize from command line() 
core.pack.task: Packer task: initialize from command line() 
protocols.moves.MonteCarlo: MonteCarlo:: last_accepted_score,lowest_score: -1297.23 -1297.56
protocols.motifs.Motif: Res1 name is PHE
protocols.motifs.Motif: atom1 name is aroC
protocols.motifs.Motif: atom2 name is aroC
protocols.motifs.Motif: atom3 name is CH1
protocols.motifs.Motif: Res1 name is GLU
protocols.motifs.Motif: atom1 name is aroC
protocols.motifs.Motif: atom2 name is aroC
protocols.motifs.Motif: atom3 name is OH
protocols.motifs.Motif: Res1 name is TYR
protocols.motifs.Motif: atom1 name is aroC
protocols.motifs.Motif: atom2 name is aroC
protocols.motifs.Motif: atom3 name is OH
core.pack.task: Packer task: initialize from command line() 
core.pack.task: Packer task: initialize from command line() 
core.pack.task: Packer task: initialize from command line() 
protocols.moves.MonteCarlo: MonteCarlo:: last_accepted_score,lowest_score: -1234.36 -1234.36
protocols.motifs.Motif: Res1 name is PHE
protocols.motifs.Motif: atom1 name is CH2
protocols.motifs.Motif: atom2 name is CH2
protocols.motifs.Motif: atom3 name is CH1
protocols.motifs.Motif: Res1 name is GLU
protocols.motifs.Motif: atom1 name is CH2
protocols.motifs.Motif: atom2 name is Ntrp
protocols.motifs.Motif: atom3 name is CH2
protocols.motifs.Motif: Res1 name is TYR
protocols.motifs.Motif: atom1 name is CH1
protocols.motifs.Motif: atom2 name is CH1
protocols.motifs.Motif: atom3 name is OH
protocols.motifs.Motif: Res1 name is ARG
protocols.motifs.Motif: atom1 name is CH3
protocols.motifs.Motif: atom2 name is Ntrp
protocols.motifs.Motif: atom3 name is CH2
core.pack.task: Packer task: initialize from command line() 
core.pack.task: Packer task: initialize from command line() 
core.pack.task: Packer task: initialize from command line() 
protocols.moves.MonteCarlo: MonteCarlo:: last_accepted_score,lowest_score: -1299.41 -1299.41
protocols.motifs.Motif: Res1 name is PHE
protocols.motifs.Motif: atom1 name is aroC
protocols.motifs.Motif: atom2 name is aroC
protocols.motifs.Motif: atom3 name is CH1
protocols.motifs.Motif: Res1 name is GLU
protocols.motifs.Motif: atom1 name is aroC
protocols.motifs.Motif: atom2 name is aroC
protocols.motifs.Motif: atom3 name is aroC
protocols.motifs.Motif: Res1 name is TYR
protocols.motifs.Motif: atom1 name is aroC
protocols.motifs.Motif: atom2 name is COO
protocols.motifs.Motif: atom3 name is OOC
core.pack.task: Packer task: initialize from command line() 
core.pack.task: Packer task: initialize from command line() 
core.pack.task: Packer task: initialize from command line() 
protocols.moves.MonteCarlo: MonteCarlo:: last_accepted_score,lowest_score: -1303.67 -1303.81
protocols.motifs.Motif: Res1 name is PHE
protocols.motifs.Motif: atom1 name is aroC
protocols.motifs.Motif: atom2 name is COO
protocols.motifs.Motif: atom3 name is OOC
protocols.motifs.Motif: Res1 name is GLU
protocols.motifs.Motif: atom1 name is aroC
protocols.motifs.Motif: atom2 name is aroC
protocols.motifs.Motif: atom3 name is aroC
protocols.motifs.Motif: Res1 name is TYR
protocols.motifs.Motif: atom1 name is aroC
protocols.motifs.Motif: atom2 name is aroC
protocols.motifs.Motif: atom3 name is Cl
core.pack.task: Packer task: initialize from command line() 
core.pack.task: Packer task: initialize from command line() 
core.pack.task: Packer task: initialize from command line() 
protocols.moves.MonteCarlo: MonteCarlo:: last_accepted_score,lowest_score: -1300.39 -1301.75
protocols.motifs.Motif: Res1 name is PHE
protocols.motifs.Motif: atom1 name is aroC
protocols.motifs.Motif: atom2 name is aroC
protocols.motifs.Motif: atom3 name is CH1
protocols.motifs.Motif: Res1 name is ILE
protocols.motifs.Motif: atom1 name is aroC
protocols.motifs.Motif: atom2 name is aroC
protocols.motifs.Motif: atom3 name is aroC
protocols.motifs.Motif: Res1 name is GLU
protocols.motifs.Motif: atom1 name is aroC
protocols.motifs.Motif: atom2 name is aroC
protocols.motifs.Motif: atom3 name is Cl
protocols.motifs.Motif: Res1 name is HIS
protocols.motifs.Motif: atom1 name is aroC
protocols.motifs.Motif: atom2 name is aroC
protocols.motifs.Motif: atom3 name is aroC
protocols.motifs.Motif: Res1 name is TYR
protocols.motifs.Motif: atom1 name is aroC
protocols.motifs.Motif: atom2 name is aroC
protocols.motifs.Motif: atom3 name is Cl
core.pack.task: Packer task: initialize from command line() 
core.pack.task: Packer task: initialize from command line() 
core.pack.task: Packer task: initialize from command line() 
protocols.moves.MonteCarlo: MonteCarlo:: last_accepted_score,lowest_score: -1296.34 -1296.36
protocols.motifs.Motif: Res1 name is PHE
protocols.motifs.Motif: atom1 name is aroC
protocols.motifs.Motif: atom2 name is COO
protocols.motifs.Motif: atom3 name is OOC
protocols.motifs.Motif: Res1 name is GLU
protocols.motifs.Motif: atom1 name is aroC
protocols.motifs.Motif: atom2 name is aroC
protocols.motifs.Motif: atom3 name is aroC
protocols.motifs.Motif: Res1 name is TYR
protocols.motifs.Motif: atom1 name is aroC
protocols.motifs.Motif: atom2 name is aroC
protocols.motifs.Motif: atom3 name is aroC
core.pack.task: Packer task: initialize from command line() 
core.pack.task: Packer task: initialize from command line() 
core.pack.task: Packer task: initialize from command line() 
protocols.moves.MonteCarlo: MonteCarlo:: last_accepted_score,lowest_score: -1297.03 -1297.03
protocols.motifs.Motif: Res1 name is PHE
protocols.motifs.Motif: atom1 name is aroC
protocols.motifs.Motif: atom2 name is aroC
protocols.motifs.Motif: atom3 name is CH1
protocols.motifs.Motif: Res1 name is GLU
protocols.motifs.Motif: atom1 name is aroC
protocols.motifs.Motif: atom2 name is aroC
protocols.motifs.Motif: atom3 name is aroC
protocols.motifs.Motif: Res1 name is TYR
protocols.motifs.Motif: atom1 name is aroC
protocols.motifs.Motif: atom2 name is aroC
protocols.motifs.Motif: atom3 name is OH
core.pack.task: Packer task: initialize from command line() 
core.pack.task: Packer task: initialize from command line() 
core.pack.task: Packer task: initialize from command line() 
protocols.moves.MonteCarlo: MonteCarlo:: last_accepted_score,lowest_score: -1299.33 -1299.94
protocols.motifs.Motif: Res1 name is PHE
protocols.motifs.Motif: atom1 name is aroC
protocols.motifs.Motif: atom2 name is COO
protocols.motifs.Motif: atom3 name is OOC
protocols.motifs.Motif: Res1 name is GLU
protocols.motifs.Motif: atom1 name is CH2
protocols.motifs.Motif: atom2 name is Ntrp
protocols.motifs.Motif: atom3 name is CH2
protocols.motifs.Motif: Res1 name is TYR
protocols.motifs.Motif: atom1 name is CH1
protocols.motifs.Motif: atom2 name is CH1
protocols.motifs.Motif: atom3 name is OH
protocols.motifs.Motif: Res1 name is ARG
protocols.motifs.Motif: atom1 name is CH3
protocols.motifs.Motif: atom2 name is Ntrp
protocols.motifs.Motif: atom3 name is CH2
core.pack.task: Packer task: initialize from command line() 
core.pack.task: Packer task: initialize from command line() 
core.pack.task: Packer task: initialize from command line() 
protocols.moves.MonteCarlo: MonteCarlo:: last_accepted_score,lowest_score: -1292.04 -1292.04
protocols.motifs.Motif: Res1 name is PHE
protocols.motifs.Motif: atom1 name is aroC
protocols.motifs.Motif: atom2 name is aroC
protocols.motifs.Motif: atom3 name is aroC
protocols.motifs.Motif: Res1 name is TYR
protocols.motifs.Motif: atom1 name is aroC
protocols.motifs.Motif: atom2 name is aroC
protocols.motifs.Motif: atom3 name is aroC
core.pack.task: Packer task: initialize from command line() 
core.pack.task: Packer task: initialize from command line() 
core.pack.task: Packer task: initialize from command line() 
protocols.moves.MonteCarlo: MonteCarlo:: last_accepted_score,lowest_score: -1294.99 -1294.99
protocols.motifs.Motif: Res1 name is PHE
protocols.motifs.Motif: atom1 name is aroC
protocols.motifs.Motif: atom2 name is aroC
protocols.motifs.Motif: atom3 name is aroC
protocols.motifs.Motif: Res1 name is TYR
protocols.motifs.Motif: atom1 name is aroC
protocols.motifs.Motif: atom2 name is COO
protocols.motifs.Motif: atom3 name is OOC
core.pack.task: Packer task: initialize from command line() 
core.pack.task: Packer task: initialize from command line() 
core.pack.task: Packer task: initialize from command line() 
protocols.moves.MonteCarlo: MonteCarlo:: last_accepted_score,lowest_score: -1235.16 -1235.16
protocols.motifs.Motif: Res1 name is PHE
protocols.motifs.Motif: atom1 name is COO
protocols.motifs.Motif: atom2 name is aroC
protocols.motifs.Motif: atom3 name is aroC
protocols.motifs.Motif: Res1 name is GLU
protocols.motifs.Motif: atom1 name is aroC
protocols.motifs.Motif: atom2 name is aroC
protocols.motifs.Motif: atom3 name is aroC
protocols.motifs.Motif: Res1 name is HIS
protocols.motifs.Motif: atom1 name is aroC
protocols.motifs.Motif: atom2 name is aroC
protocols.motifs.Motif: atom3 name is aroC
protocols.motifs.Motif: Res1 name is ALA
protocols.motifs.Motif: atom1 name is aroC
protocols.motifs.Motif: atom2 name is COO
protocols.motifs.Motif: atom3 name is OOC
protocols.motifs.Motif: Res1 name is TYR
protocols.motifs.Motif: atom1 name is aroC
protocols.motifs.Motif: atom2 name is aroC
protocols.motifs.Motif: atom3 name is Cl
core.pack.task: Packer task: initialize from command line() 
core.pack.task: Packer task: initialize from command line() 
core.pack.task: Packer task: initialize from command line() 
protocols.moves.MonteCarlo: MonteCarlo:: last_accepted_score,lowest_score: -1297.82 -1298.26
protocols.motifs.Motif: Res1 name is PHE
protocols.motifs.Motif: atom1 name is aroC
protocols.motifs.Motif: atom2 name is aroC
protocols.motifs.Motif: atom3 name is Oaro
protocols.motifs.Motif: Res1 name is GLU
protocols.motifs.Motif: atom1 name is aroC
protocols.motifs.Motif: atom2 name is aroC
protocols.motifs.Motif: atom3 name is Cl
protocols.motifs.Motif: Res1 name is TYR
protocols.motifs.Motif: atom1 name is aroC
protocols.motifs.Motif: atom2 name is COO
protocols.motifs.Motif: atom3 name is OOC
core.pack.task: Packer task: initialize from command line() 
core.pack.task: Packer task: initialize from command line() 
core.pack.task: Packer task: initialize from command line() 
protocols.moves.MonteCarlo: MonteCarlo:: last_accepted_score,lowest_score: -1295.66 -1296.28
protocols.motifs.Motif: Res1 name is PHE
protocols.motifs.Motif: atom1 name is aroC
protocols.motifs.Motif: atom2 name is aroC
protocols.motifs.Motif: atom3 name is OH
protocols.motifs.Motif: Res1 name is GLU
protocols.motifs.Motif: atom1 name is COO
protocols.motifs.Motif: atom2 name is aroC
protocols.motifs.Motif: atom3 name is aroC
protocols.motifs.Motif: Res1 name is TYR
protocols.motifs.Motif: atom1 name is aroC
protocols.motifs.Motif: atom2 name is aroC
protocols.motifs.Motif: atom3 name is OH
protocols.motifs.Motif: Res1 name is ARG
protocols.motifs.Motif: atom1 name is aroC
protocols.motifs.Motif: atom2 name is aroC
protocols.motifs.Motif: atom3 name is aroC
core.pack.task: Packer task: initialize from command line() 
core.pack.task: Packer task: initialize from command line() 
core.pack.task: Packer task: initialize from command line() 
protocols.moves.MonteCarlo: MonteCarlo:: last_accepted_score,lowest_score: -967.555 -967.555
protocols.motifs.Motif: Res1 name is PHE
protocols.motifs.Motif: atom1 name is aroC
protocols.motifs.Motif: atom2 name is COO
protocols.motifs.Motif: atom3 name is OOC
protocols.motifs.Motif: Res1 name is ILE
protocols.motifs.Motif: atom1 name is aroC
protocols.motifs.Motif: atom2 name is aroC
protocols.motifs.Motif: atom3 name is aroC
protocols.motifs.Motif: Res1 name is GLU
protocols.motifs.Motif: atom1 name is aroC
protocols.motifs.Motif: atom2 name is aroC
protocols.motifs.Motif: atom3 name is aroC
protocols.motifs.Motif: Res1 name is HIS
protocols.motifs.Motif: atom1 name is COO
protocols.motifs.Motif: atom2 name is aroC
protocols.motifs.Motif: atom3 name is aroC
protocols.motifs.Motif: Res1 name is TYR
protocols.motifs.Motif: atom1 name is aroC
protocols.motifs.Motif: atom2 name is aroC
protocols.motifs.Motif: atom3 name is Cl
protocols.motifs.Motif: Res1 name is ARG
protocols.motifs.Motif: atom1 name is CH3
protocols.motifs.Motif: atom2 name is Ntrp
protocols.motifs.Motif: atom3 name is CH2
core.pack.task: Packer task: initialize from command line() 
core.pack.task: Packer task: initialize from command line() 
core.pack.task: Packer task: initialize from command line() 
protocols.moves.MonteCarlo: MonteCarlo:: last_accepted_score,lowest_score: -1303.18 -1303.96
protocols.motifs.Motif: Res1 name is PHE
protocols.motifs.Motif: atom1 name is aroC
protocols.motifs.Motif: atom2 name is COO
protocols.motifs.Motif: atom3 name is OOC
protocols.motifs.Motif: Res1 name is GLU
protocols.motifs.Motif: atom1 name is aroC
protocols.motifs.Motif: atom2 name is aroC
protocols.motifs.Motif: atom3 name is aroC
protocols.motifs.Motif: Res1 name is HIS
protocols.motifs.Motif: atom1 name is aroC
protocols.motifs.Motif: atom2 name is aroC
protocols.motifs.Motif: atom3 name is aroC
protocols.motifs.Motif: Res1 name is TYR
protocols.motifs.Motif: atom1 name is aroC
protocols.motifs.Motif: atom2 name is aroC
protocols.motifs.Motif: atom3 name is Cl
core.pack.task: Packer task: initialize from command line() 
core.pack.task: Packer task: initialize from command line() 
core.pack.task: Packer task: initialize from command line() 
protocols.moves.MonteCarlo: MonteCarlo:: last_accepted_score,lowest_score: -1303.62 -1303.62
protocols.motifs.Motif: Res1 name is PHE
protocols.motifs.Motif: atom1 name is COO
protocols.motifs.Motif: atom2 name is aroC
protocols.motifs.Motif: atom3 name is aroC
protocols.motifs.Motif: Res1 name is GLU
protocols.motifs.Motif: atom1 name is aroC
protocols.motifs.Motif: atom2 name is aroC
protocols.motifs.Motif: atom3 name is aroC
protocols.motifs.Motif: Res1 name is HIS
protocols.motifs.Motif: atom1 name is aroC
protocols.motifs.Motif: atom2 name is aroC
protocols.motifs.Motif: atom3 name is aroC
protocols.motifs.Motif: Res1 name is TYR
protocols.motifs.Motif: atom1 name is aroC
protocols.motifs.Motif: atom2 name is aroC
protocols.motifs.Motif: atom3 name is Cl
protocols.motifs.Motif: Res1 name is ARG
protocols.motifs.Motif: atom1 name is aroC
protocols.motifs.Motif: atom2 name is aroC
protocols.motifs.Motif: atom3 name is Cl
core.pack.task: Packer task: initialize from command line() 
core.pack.task: Packer task: initialize from command line() 
core.pack.task: Packer task: initialize from command line() 
protocols.moves.MonteCarlo: MonteCarlo:: last_accepted_score,lowest_score: -1299.4 -1299.4
protocols.motifs.Motif: Res1 name is PHE
protocols.motifs.Motif: atom1 name is aroC
protocols.motifs.Motif: atom2 name is aroC
protocols.motifs.Motif: atom3 name is CH1
protocols.motifs.Motif: Res1 name is GLU
protocols.motifs.Motif: atom1 name is aroC
protocols.motifs.Motif: atom2 name is aroC
protocols.motifs.Motif: atom3 name is aroC
protocols.motifs.Motif: Res1 name is TYR
protocols.motifs.Motif: atom1 name is COO
protocols.motifs.Motif: atom2 name is aroC
protocols.motifs.Motif: atom3 name is aroC
core.pack.task: Packer task: initialize from command line() 
core.pack.task: Packer task: initialize from command line() 
core.pack.task: Packer task: initialize from command line() 
protocols.moves.MonteCarlo: MonteCarlo:: last_accepted_score,lowest_score: -863.903 -863.903
protocols.motifs.Motif: Res1 name is PHE
protocols.motifs.Motif: atom1 name is CH1
protocols.motifs.Motif: atom2 name is CH2
protocols.motifs.Motif: atom3 name is Ntrp
protocols.motifs.Motif: Res1 name is ILE
protocols.motifs.Motif: atom1 name is aroC
protocols.motifs.Motif: atom2 name is aroC
protocols.motifs.Motif: atom3 name is aroC
protocols.motifs.Motif: Res1 name is GLU
protocols.motifs.Motif: atom1 name is aroC
protocols.motifs.Motif: atom2 name is aroC
protocols.motifs.Motif: atom3 name is Cl
protocols.motifs.Motif: Res1 name is HIS
protocols.motifs.Motif: atom1 name is aroC
protocols.motifs.Motif: atom2 name is COO
protocols.motifs.Motif: atom3 name is OOC
protocols.motifs.Motif: Res1 name is TYR
protocols.motifs.Motif: atom1 name is aroC
protocols.motifs.Motif: atom2 name is aroC
protocols.motifs.Motif: atom3 name is aroC
protocols.motifs.Motif: Res1 name is TYR
protocols.motifs.Motif: atom1 name is aroC
protocols.motifs.Motif: atom2 name is aroC
protocols.motifs.Motif: atom3 name is Cl
protocols.motifs.Motif: Res1 name is ARG
protocols.motifs.Motif: atom1 name is aroC
protocols.motifs.Motif: atom2 name is aroC
protocols.motifs.Motif: atom3 name is Cl
protocols.motifs.Motif: Res1 name is PHE
protocols.motifs.Motif: atom1 name is aroC
protocols.motifs.Motif: atom2 name is aroC
protocols.motifs.Motif: atom3 name is Cl
core.pack.task: Packer task: initialize from command line() 
core.pack.task: Packer task: initialize from command line() 
core.pack.task: Packer task: initialize from command line() 
protocols.moves.MonteCarlo: MonteCarlo:: last_accepted_score,lowest_score: -1300.25 -1300.47
protocols.motifs.Motif: Res1 name is PHE
protocols.motifs.Motif: atom1 name is aroC
protocols.motifs.Motif: atom2 name is aroC
protocols.motifs.Motif: atom3 name is aroC
protocols.motifs.Motif: Res1 name is GLU
protocols.motifs.Motif: atom1 name is aroC
protocols.motifs.Motif: atom2 name is aroC
protocols.motifs.Motif: atom3 name is aroC
protocols.motifs.Motif: Res1 name is GLU
protocols.motifs.Motif: atom1 name is aroC
protocols.motifs.Motif: atom2 name is aroC
protocols.motifs.Motif: atom3 name is Cl
protocols.motifs.Motif: Res1 name is TYR
protocols.motifs.Motif: atom1 name is COO
protocols.motifs.Motif: atom2 name is aroC
protocols.motifs.Motif: atom3 name is aroC
protocols.motifs.Motif: Res1 name is ARG
protocols.motifs.Motif: atom1 name is aroC
protocols.motifs.Motif: atom2 name is aroC
protocols.motifs.Motif: atom3 name is aroC
core.pack.task: Packer task: initialize from command line() 
core.pack.task: Packer task: initialize from command line() 
core.pack.task: Packer task: initialize from command line() 
protocols.moves.MonteCarlo: MonteCarlo:: last_accepted_score,lowest_score: -1297.02 -1297.25
protocols.motifs.Motif: Res1 name is PHE
protocols.motifs.Motif: atom1 name is aroC
protocols.motifs.Motif: atom2 name is aroC
protocols.motifs.Motif: atom3 name is OH
protocols.motifs.Motif: Res1 name is GLU
protocols.motifs.Motif: atom1 name is CH1
protocols.motifs.Motif: atom2 name is CH2
protocols.motifs.Motif: atom3 name is Ntrp
protocols.motifs.Motif: Res1 name is TYR
protocols.motifs.Motif: atom1 name is aroC
protocols.motifs.Motif: atom2 name is aroC
protocols.motifs.Motif: atom3 name is OH
protocols.motifs.Motif: Res1 name is ARG
protocols.motifs.Motif: atom1 name is CH3
protocols.motifs.Motif: atom2 name is Ntrp
protocols.motifs.Motif: atom3 name is CH2
core.pack.task: Packer task: initialize from command line() 
core.pack.task: Packer task: initialize from command line() 
core.pack.task: Packer task: initialize from command line() 
protocols.moves.MonteCarlo: MonteCarlo:: last_accepted_score,lowest_score: -1295.72 -1295.72
protocols.motifs.Motif: Res1 name is PHE
protocols.motifs.Motif: atom1 name is aroC
protocols.motifs.Motif: atom2 name is aroC
protocols.motifs.Motif: atom3 name is OH
protocols.motifs.Motif: Res1 name is GLU
protocols.motifs.Motif: atom1 name is aroC
protocols.motifs.Motif: atom2 name is aroC
protocols.motifs.Motif: atom3 name is aroC
protocols.motifs.Motif: Res1 name is TYR
protocols.motifs.Motif: atom1 name is aroC
protocols.motifs.Motif: atom2 name is aroC
protocols.motifs.Motif: atom3 name is aroC
protocols.motifs.Motif: Res1 name is ARG
protocols.motifs.Motif: atom1 name is aroC
protocols.motifs.Motif: atom2 name is aroC
protocols.motifs.Motif: atom3 name is aroC
core.pack.task: Packer task: initialize from command line() 
core.pack.task: Packer task: initialize from command line() 
core.pack.task: Packer task: initialize from command line() 
protocols.moves.MonteCarlo: MonteCarlo:: last_accepted_score,lowest_score: -1293.76 -1293.76
protocols.motifs.Motif: Res1 name is PHE
protocols.motifs.Motif: atom1 name is CH1
protocols.motifs.Motif: atom2 name is CH1
protocols.motifs.Motif: atom3 name is OH
protocols.motifs.Motif: Res1 name is GLU
protocols.motifs.Motif: atom1 name is aroC
protocols.motifs.Motif: atom2 name is COO
protocols.motifs.Motif: atom3 name is OOC
protocols.motifs.Motif: Res1 name is TYR
protocols.motifs.Motif: atom1 name is aroC
protocols.motifs.Motif: atom2 name is aroC
protocols.motifs.Motif: atom3 name is OH
core.pack.task: Packer task: initialize from command line() 
core.pack.task: Packer task: initialize from command line() 
core.pack.task: Packer task: initialize from command line() 
protocols.moves.MonteCarlo: MonteCarlo:: last_accepted_score,lowest_score: -1300.11 -1300.11
protocols.motifs.Motif: Res1 name is PHE
protocols.motifs.Motif: atom1 name is aroC
protocols.motifs.Motif: atom2 name is aroC
protocols.motifs.Motif: atom3 name is OH
protocols.motifs.Motif: Res1 name is GLU
protocols.motifs.Motif: atom1 name is aroC
protocols.motifs.Motif: atom2 name is aroC
protocols.motifs.Motif: atom3 name is aroC
protocols.motifs.Motif: Res1 name is TYR
protocols.motifs.Motif: atom1 name is aroC
protocols.motifs.Motif: atom2 name is aroC
protocols.motifs.Motif: atom3 name is Cl
protocols.motifs.Motif: Res1 name is ARG
protocols.motifs.Motif: atom1 name is aroC
protocols.motifs.Motif: atom2 name is aroC
protocols.motifs.Motif: atom3 name is aroC
core.pack.task: Packer task: initialize from command line() 
core.pack.task: Packer task: initialize from command line() 
core.pack.task: Packer task: initialize from command line() 
protocols.moves.MonteCarlo: MonteCarlo:: last_accepted_score,lowest_score: -1294.19 -1294.19
protocols.motifs.Motif: Res1 name is PHE
protocols.motifs.Motif: atom1 name is aroC
protocols.motifs.Motif: atom2 name is aroC
protocols.motifs.Motif: atom3 name is Oaro
protocols.motifs.Motif: Res1 name is GLU
protocols.motifs.Motif: atom1 name is aroC
protocols.motifs.Motif: atom2 name is aroC
protocols.motifs.Motif: atom3 name is aroC
protocols.motifs.Motif: Res1 name is TYR
protocols.motifs.Motif: atom1 name is aroC
protocols.motifs.Motif: atom2 name is aroC
protocols.motifs.Motif: atom3 name is OH
core.pack.task: Packer task: initialize from command line() 
core.pack.task: Packer task: initialize from command line() 
core.pack.task: Packer task: initialize from command line() 
protocols.moves.MonteCarlo: MonteCarlo:: last_accepted_score,lowest_score: -1296.94 -1297.52
protocols.motifs.Motif: Res1 name is PHE
protocols.motifs.Motif: atom1 name is aroC
protocols.motifs.Motif: atom2 name is aroC
protocols.motifs.Motif: atom3 name is Oaro
protocols.motifs.Motif: Res1 name is GLU
protocols.motifs.Motif: atom1 name is aroC
protocols.motifs.Motif: atom2 name is aroC
protocols.motifs.Motif: atom3 name is aroC
protocols.motifs.Motif: Res1 name is TYR
protocols.motifs.Motif: atom1 name is aroC
protocols.motifs.Motif: atom2 name is aroC
protocols.motifs.Motif: atom3 name is OH
protocols.motifs.Motif: Res1 name is ARG
protocols.motifs.Motif: atom1 name is aroC
protocols.motifs.Motif: atom2 name is aroC
protocols.motifs.Motif: atom3 name is aroC
core.pack.task: Packer task: initialize from command line() 
core.pack.task: Packer task: initialize from command line() 
core.pack.task: Packer task: initialize from command line() 
protocols.moves.MonteCarlo: MonteCarlo:: last_accepted_score,lowest_score: -1301.62 -1301.62
protocols.motifs.Motif: Res1 name is PHE
protocols.motifs.Motif: atom1 name is aroC
protocols.motifs.Motif: atom2 name is aroC
protocols.motifs.Motif: atom3 name is CH1
protocols.motifs.Motif: Res1 name is GLU
protocols.motifs.Motif: atom1 name is aroC
protocols.motifs.Motif: atom2 name is aroC
protocols.motifs.Motif: atom3 name is aroC
protocols.motifs.Motif: Res1 name is TYR
protocols.motifs.Motif: atom1 name is COO
protocols.motifs.Motif: atom2 name is aroC
protocols.motifs.Motif: atom3 name is aroC
core.pack.task: Packer task: initialize from command line() 
core.pack.task: Packer task: initialize from command line() 
core.pack.task: Packer task: initialize from command line() 
protocols.moves.MonteCarlo: MonteCarlo:: last_accepted_score,lowest_score: -1298.52 -1298.52
protocols.motifs.Motif: Res1 name is PHE
protocols.motifs.Motif: atom1 name is aroC
protocols.motifs.Motif: atom2 name is aroC
protocols.motifs.Motif: atom3 name is Oaro
protocols.motifs.Motif: Res1 name is GLU
protocols.motifs.Motif: atom1 name is CH1
protocols.motifs.Motif: atom2 name is CH2
protocols.motifs.Motif: atom3 name is Ntrp
protocols.motifs.Motif: Res1 name is HIS
protocols.motifs.Motif: atom1 name is aroC
protocols.motifs.Motif: atom2 name is aroC
protocols.motifs.Motif: atom3 name is aroC
protocols.motifs.Motif: Res1 name is TYR
protocols.motifs.Motif: atom1 name is aroC
protocols.motifs.Motif: atom2 name is aroC
protocols.motifs.Motif: atom3 name is aroC
protocols.motifs.Motif: Res1 name is ARG
protocols.motifs.Motif: atom1 name is aroC
protocols.motifs.Motif: atom2 name is aroC
protocols.motifs.Motif: atom3 name is Cl
core.pack.task: Packer task: initialize from command line() 
core.pack.task: Packer task: initialize from command line() 
core.pack.task: Packer task: initialize from command line() 
protocols.moves.MonteCarlo: MonteCarlo:: last_accepted_score,lowest_score: -1297.56 -1297.63
protocols.motifs.Motif: Res1 name is PHE
protocols.motifs.Motif: atom1 name is aroC
protocols.motifs.Motif: atom2 name is COO
protocols.motifs.Motif: atom3 name is OOC
protocols.motifs.Motif: Res1 name is TYR
protocols.motifs.Motif: atom1 name is CH1
protocols.motifs.Motif: atom2 name is CH1
protocols.motifs.Motif: atom3 name is OH
core.pack.task: Packer task: initialize from command line() 
core.pack.task: Packer task: initialize from command line() 
core.pack.task: Packer task: initialize from command line() 
protocols.moves.MonteCarlo: MonteCarlo:: last_accepted_score,lowest_score: -1298.2 -1299.52
protocols.motifs.Motif: Res1 name is PHE
protocols.motifs.Motif: atom1 name is aroC
protocols.motifs.Motif: atom2 name is aroC
protocols.motifs.Motif: atom3 name is CH1
protocols.motifs.Motif: Res1 name is GLU
protocols.motifs.Motif: atom1 name is aroC
protocols.motifs.Motif: atom2 name is aroC
protocols.motifs.Motif: atom3 name is aroC
protocols.motifs.Motif: Res1 name is TYR
protocols.motifs.Motif: atom1 name is aroC
protocols.motifs.Motif: atom2 name is aroC
protocols.motifs.Motif: atom3 name is aroC
core.pack.task: Packer task: initialize from command line() 
core.pack.task: Packer task: initialize from command line() 
core.pack.task: Packer task: initialize from command line() 
protocols.moves.MonteCarlo: MonteCarlo:: last_accepted_score,lowest_score: -1292.18 -1292.18
protocols.motifs.Motif: Res1 name is PHE
protocols.motifs.Motif: atom1 name is aroC
protocols.motifs.Motif: atom2 name is aroC
protocols.motifs.Motif: atom3 name is aroC
protocols.motifs.Motif: Res1 name is TYR
protocols.motifs.Motif: atom1 name is aroC
protocols.motifs.Motif: atom2 name is aroC
protocols.motifs.Motif: atom3 name is aroC
core.pack.task: Packer task: initialize from command line() 
core.pack.task: Packer task: initialize from command line() 
core.pack.task: Packer task: initialize from command line() 
protocols.moves.MonteCarlo: MonteCarlo:: last_accepted_score,lowest_score: -1295.53 -1295.53
protocols.motifs.Motif: Res1 name is PHE
protocols.motifs.Motif: atom1 name is aroC
protocols.motifs.Motif: atom2 name is aroC
protocols.motifs.Motif: atom3 name is CH1
protocols.motifs.Motif: Res1 name is GLU
protocols.motifs.Motif: atom1 name is aroC
protocols.motifs.Motif: atom2 name is aroC
protocols.motifs.Motif: atom3 name is aroC
protocols.motifs.Motif: Res1 name is TYR
protocols.motifs.Motif: atom1 name is aroC
protocols.motifs.Motif: atom2 name is COO
protocols.motifs.Motif: atom3 name is OOC
core.pack.task: Packer task: initialize from command line() 
core.pack.task: Packer task: initialize from command line() 
core.pack.task: Packer task: initialize from command line() 
protocols.moves.MonteCarlo: MonteCarlo:: last_accepted_score,lowest_score: -1298.76 -1300.92
protocols.motifs.Motif: Res1 name is PHE
protocols.motifs.Motif: atom1 name is aroC
protocols.motifs.Motif: atom2 name is aroC
protocols.motifs.Motif: atom3 name is CH1
protocols.motifs.Motif: Res1 name is GLU
protocols.motifs.Motif: atom1 name is aroC
protocols.motifs.Motif: atom2 name is aroC
protocols.motifs.Motif: atom3 name is Cl
protocols.motifs.Motif: Res1 name is HIS
protocols.motifs.Motif: atom1 name is aroC
protocols.motifs.Motif: atom2 name is aroC
protocols.motifs.Motif: atom3 name is aroC
protocols.motifs.Motif: Res1 name is TYR
protocols.motifs.Motif: atom1 name is aroC
protocols.motifs.Motif: atom2 name is COO
protocols.motifs.Motif: atom3 name is OOC
protocols.motifs.Motif: Res1 name is ARG
protocols.motifs.Motif: atom1 name is aroC
protocols.motifs.Motif: atom2 name is aroC
protocols.motifs.Motif: atom3 name is Cl
core.pack.task: Packer task: initialize from command line() 
core.pack.task: Packer task: initialize from command line() 
core.pack.task: Packer task: initialize from command line() 
protocols.moves.MonteCarlo: MonteCarlo:: last_accepted_score,lowest_score: -1304.2 -1304.2
protocols.motifs.Motif: Res1 name is PHE
protocols.motifs.Motif: atom1 name is aroC
protocols.motifs.Motif: atom2 name is aroC
protocols.motifs.Motif: atom3 name is CH1
protocols.motifs.Motif: Res1 name is GLU
protocols.motifs.Motif: atom1 name is aroC
protocols.motifs.Motif: atom2 name is aroC
protocols.motifs.Motif: atom3 name is aroC
protocols.motifs.Motif: Res1 name is HIS
protocols.motifs.Motif: atom1 name is aroC
protocols.motifs.Motif: atom2 name is aroC
protocols.motifs.Motif: atom3 name is aroC
protocols.motifs.Motif: Res1 name is TYR
protocols.motifs.Motif: atom1 name is aroC
protocols.motifs.Motif: atom2 name is aroC
protocols.motifs.Motif: atom3 name is Cl
core.pack.task: Packer task: initialize from command line() 
core.pack.task: Packer task: initialize from command line() 
core.pack.task: Packer task: initialize from command line() 
protocols.moves.MonteCarlo: MonteCarlo:: last_accepted_score,lowest_score: -1300.58 -1300.58
protocols.motifs.Motif: Res1 name is PHE
protocols.motifs.Motif: atom1 name is aroC
protocols.motifs.Motif: atom2 name is aroC
protocols.motifs.Motif: atom3 name is Oaro
protocols.motifs.Motif: Res1 name is HIS
protocols.motifs.Motif: atom1 name is aroC
protocols.motifs.Motif: atom2 name is aroC
protocols.motifs.Motif: atom3 name is aroC
protocols.motifs.Motif: Res1 name is TYR
protocols.motifs.Motif: atom1 name is aroC
protocols.motifs.Motif: atom2 name is aroC
protocols.motifs.Motif: atom3 name is Cl
core.pack.task: Packer task: initialize from command line() 
core.pack.task: Packer task: initialize from command line() 
core.pack.task: Packer task: initialize from command line() 
protocols.moves.MonteCarlo: MonteCarlo:: last_accepted_score,lowest_score: -1293.79 -1294.24
protocols.motifs.Motif: Res1 name is PHE
protocols.motifs.Motif: atom1 name is CH1
protocols.motifs.Motif: atom2 name is CH1
protocols.motifs.Motif: atom3 name is OH
protocols.motifs.Motif: Res1 name is GLU
protocols.motifs.Motif: atom1 name is aroC
protocols.motifs.Motif: atom2 name is COO
protocols.motifs.Motif: atom3 name is OOC
protocols.motifs.Motif: Res1 name is TYR
protocols.motifs.Motif: atom1 name is aroC
protocols.motifs.Motif: atom2 name is aroC
protocols.motifs.Motif: atom3 name is OH
core.pack.task: Packer task: initialize from command line() 
core.pack.task: Packer task: initialize from command line() 
core.pack.task: Packer task: initialize from command line() 
protocols.moves.MonteCarlo: MonteCarlo:: last_accepted_score,lowest_score: -1295.18 -1296.54
protocols.motifs.Motif: Res1 name is PHE
protocols.motifs.Motif: atom1 name is aroC
protocols.motifs.Motif: atom2 name is aroC
protocols.motifs.Motif: atom3 name is Oaro
protocols.motifs.Motif: Res1 name is GLU
protocols.motifs.Motif: atom1 name is aroC
protocols.motifs.Motif: atom2 name is aroC
protocols.motifs.Motif: atom3 name is aroC
protocols.motifs.Motif: Res1 name is TYR
protocols.motifs.Motif: atom1 name is aroC
protocols.motifs.Motif: atom2 name is aroC
protocols.motifs.Motif: atom3 name is OH
core.pack.task: Packer task: initialize from command line() 
core.pack.task: Packer task: initialize from command line() 
core.pack.task: Packer task: initialize from command line() 
protocols.moves.MonteCarlo: MonteCarlo:: last_accepted_score,lowest_score: -1299.87 -1299.87
protocols.motifs.Motif: Res1 name is PHE
protocols.motifs.Motif: atom1 name is aroC
protocols.motifs.Motif: atom2 name is aroC
protocols.motifs.Motif: atom3 name is Oaro
protocols.motifs.Motif: Res1 name is GLU
protocols.motifs.Motif: atom1 name is CH1
protocols.motifs.Motif: atom2 name is CH2
protocols.motifs.Motif: atom3 name is Ntrp
protocols.motifs.Motif: Res1 name is HIS
protocols.motifs.Motif: atom1 name is aroC
protocols.motifs.Motif: atom2 name is aroC
protocols.motifs.Motif: atom3 name is aroC
protocols.motifs.Motif: Res1 name is TYR
protocols.motifs.Motif: atom1 name is aroC
protocols.motifs.Motif: atom2 name is aroC
protocols.motifs.Motif: atom3 name is Cl
protocols.motifs.Motif: Res1 name is ARG
protocols.motifs.Motif: atom1 name is CH3
protocols.motifs.Motif: atom2 name is Ntrp
protocols.motifs.Motif: atom3 name is CH2
core.pack.task: Packer task: initialize from command line() 
core.pack.task: Packer task: initialize from command line() 
core.pack.task: Packer task: initialize from command line() 
protocols.moves.MonteCarlo: MonteCarlo:: last_accepted_score,lowest_score: -1296.77 -1296.77
protocols.motifs.Motif: Res1 name is PHE
protocols.motifs.Motif: atom1 name is aroC
protocols.motifs.Motif: atom2 name is aroC
protocols.motifs.Motif: atom3 name is CH1
protocols.motifs.Motif: Res1 name is TYR
protocols.motifs.Motif: atom1 name is aroC
protocols.motifs.Motif: atom2 name is aroC
protocols.motifs.Motif: atom3 name is aroC
core.pack.task: Packer task: initialize from command line() 
core.pack.task: Packer task: initialize from command line() 
core.pack.task: Packer task: initialize from command line() 
protocols.moves.MonteCarlo: MonteCarlo:: last_accepted_score,lowest_score: -1303.13 -1303.13
protocols.motifs.Motif: Res1 name is PHE
protocols.motifs.Motif: atom1 name is aroC
protocols.motifs.Motif: atom2 name is Oaro
protocols.motifs.Motif: atom3 name is aroC
protocols.motifs.Motif: Res1 name is ILE
protocols.motifs.Motif: atom1 name is aroC
protocols.motifs.Motif: atom2 name is aroC
protocols.motifs.Motif: atom3 name is aroC
protocols.motifs.Motif: Res1 name is GLU
protocols.motifs.Motif: atom1 name is aroC
protocols.motifs.Motif: atom2 name is aroC
protocols.motifs.Motif: atom3 name is aroC
protocols.motifs.Motif: Res1 name is HIS
protocols.motifs.Motif: atom1 name is aroC
protocols.motifs.Motif: atom2 name is aroC
protocols.motifs.Motif: atom3 name is aroC
protocols.motifs.Motif: Res1 name is TYR
protocols.motifs.Motif: atom1 name is aroC
protocols.motifs.Motif: atom2 name is aroC
protocols.motifs.Motif: atom3 name is Cl
core.pack.task: Packer task: initialize from command line() 
core.pack.task: Packer task: initialize from command line() 
core.pack.task: Packer task: initialize from command line() 
protocols.moves.MonteCarlo: MonteCarlo:: last_accepted_score,lowest_score: -1300.71 -1302.16
protocols.motifs.Motif: Res1 name is PHE
protocols.motifs.Motif: atom1 name is aroC
protocols.motifs.Motif: atom2 name is aroC
protocols.motifs.Motif: atom3 name is CH1
protocols.motifs.Motif: Res1 name is GLU
protocols.motifs.Motif: atom1 name is aroC
protocols.motifs.Motif: atom2 name is aroC
protocols.motifs.Motif: atom3 name is aroC
protocols.motifs.Motif: Res1 name is HIS
protocols.motifs.Motif: atom1 name is aroC
protocols.motifs.Motif: atom2 name is aroC
protocols.motifs.Motif: atom3 name is aroC
protocols.motifs.Motif: Res1 name is TYR
protocols.motifs.Motif: atom1 name is aroC
protocols.motifs.Motif: atom2 name is aroC
protocols.motifs.Motif: atom3 name is Cl
core.pack.task: Packer task: initialize from command line() 
core.pack.task: Packer task: initialize from command line() 
core.pack.task: Packer task: initialize from command line() 
protocols.moves.MonteCarlo: MonteCarlo:: last_accepted_score,lowest_score: -1021.23 -1021.23
protocols.motifs.Motif: Res1 name is ASN
protocols.motifs.Motif: atom1 name is aroC
protocols.motifs.Motif: atom2 name is aroC
protocols.motifs.Motif: atom3 name is aroC
protocols.motifs.Motif: Res1 name is PHE
protocols.motifs.Motif: atom1 name is CH1
protocols.motifs.Motif: atom2 name is CH2
protocols.motifs.Motif: atom3 name is Ntrp
protocols.motifs.Motif: Res1 name is ILE
protocols.motifs.Motif: atom1 name is aroC
protocols.motifs.Motif: atom2 name is aroC
protocols.motifs.Motif: atom3 name is aroC
protocols.motifs.Motif: Res1 name is GLU
protocols.motifs.Motif: atom1 name is aroC
protocols.motifs.Motif: atom2 name is aroC
protocols.motifs.Motif: atom3 name is Cl
protocols.motifs.Motif: Res1 name is HIS
protocols.motifs.Motif: atom1 name is aroC
protocols.motifs.Motif: atom2 name is aroC
protocols.motifs.Motif: atom3 name is aroC
protocols.motifs.Motif: Res1 name is ALA
protocols.motifs.Motif: atom1 name is aroC
protocols.motifs.Motif: atom2 name is COO
protocols.motifs.Motif: atom3 name is OOC
protocols.motifs.Motif: Res1 name is TYR
protocols.motifs.Motif: atom1 name is aroC
protocols.motifs.Motif: atom2 name is aroC
protocols.motifs.Motif: atom3 name is OH
core.pack.task: Packer task: initialize from command line() 
core.pack.task: Packer task: initialize from command line() 
core.pack.task: Packer task: initialize from command line() 
protocols.moves.MonteCarlo: MonteCarlo:: last_accepted_score,lowest_score: -1297.53 -1297.53
protocols.motifs.Motif: Res1 name is PHE
protocols.motifs.Motif: atom1 name is aroC
protocols.motifs.Motif: atom2 name is aroC
protocols.motifs.Motif: atom3 name is CH1
protocols.motifs.Motif: Res1 name is GLU
protocols.motifs.Motif: atom1 name is aroC
protocols.motifs.Motif: atom2 name is aroC
protocols.motifs.Motif: atom3 name is aroC
protocols.motifs.Motif: Res1 name is TYR
protocols.motifs.Motif: atom1 name is aroC
protocols.motifs.Motif: atom2 name is aroC
protocols.motifs.Motif: atom3 name is Cl
core.pack.task: Packer task: initialize from command line() 
core.pack.task: Packer task: initialize from command line() 
core.pack.task: Packer task: initialize from command line() 
protocols.moves.MonteCarlo: MonteCarlo:: last_accepted_score,lowest_score: -1294.64 -1294.82
protocols.motifs.Motif: Res1 name is PHE
protocols.motifs.Motif: atom1 name is aroC
protocols.motifs.Motif: atom2 name is aroC
protocols.motifs.Motif: atom3 name is Oaro
protocols.motifs.Motif: Res1 name is TYR
protocols.motifs.Motif: atom1 name is aroC
protocols.motifs.Motif: atom2 name is aroC
protocols.motifs.Motif: atom3 name is aroC
core.pack.task: Packer task: initialize from command line() 
core.pack.task: Packer task: initialize from command line() 
core.pack.task: Packer task: initialize from command line() 
protocols.moves.MonteCarlo: MonteCarlo:: last_accepted_score,lowest_score: -1298.42 -1299.14
protocols.motifs.Motif: Res1 name is PHE
protocols.motifs.Motif: atom1 name is aroC
protocols.motifs.Motif: atom2 name is aroC
protocols.motifs.Motif: atom3 name is Oaro
protocols.motifs.Motif: Res1 name is GLU
protocols.motifs.Motif: atom1 name is aroC
protocols.motifs.Motif: atom2 name is aroC
protocols.motifs.Motif: atom3 name is Cl
protocols.motifs.Motif: Res1 name is TYR
protocols.motifs.Motif: atom1 name is aroC
protocols.motifs.Motif: atom2 name is COO
protocols.motifs.Motif: atom3 name is OOC
core.pack.task: Packer task: initialize from command line() 
core.pack.task: Packer task: initialize from command line() 
core.pack.task: Packer task: initialize from command line() 
protocols.moves.MonteCarlo: MonteCarlo:: last_accepted_score,lowest_score: -1301.27 -1301.27
protocols.motifs.Motif: Res1 name is PHE
protocols.motifs.Motif: atom1 name is aroC
protocols.motifs.Motif: atom2 name is COO
protocols.motifs.Motif: atom3 name is OOC
protocols.motifs.Motif: Res1 name is GLU
protocols.motifs.Motif: atom1 name is aroC
protocols.motifs.Motif: atom2 name is aroC
protocols.motifs.Motif: atom3 name is aroC
protocols.motifs.Motif: Res1 name is HIS
protocols.motifs.Motif: atom1 name is aroC
protocols.motifs.Motif: atom2 name is aroC
protocols.motifs.Motif: atom3 name is aroC
protocols.motifs.Motif: Res1 name is TYR
protocols.motifs.Motif: atom1 name is aroC
protocols.motifs.Motif: atom2 name is aroC
protocols.motifs.Motif: atom3 name is Cl
protocols.motifs.Motif: Res1 name is ARG
protocols.motifs.Motif: atom1 name is CH3
protocols.motifs.Motif: atom2 name is Ntrp
protocols.motifs.Motif: atom3 name is CH2
core.pack.task: Packer task: initialize from command line() 
core.pack.task: Packer task: initialize from command line() 
core.pack.task: Packer task: initialize from command line() 
protocols.moves.MonteCarlo: MonteCarlo:: last_accepted_score,lowest_score: -1293.83 -1295.45
protocols.motifs.Motif: Res1 name is PHE
protocols.motifs.Motif: atom1 name is aroC
protocols.motifs.Motif: atom2 name is aroC
protocols.motifs.Motif: atom3 name is Oaro
protocols.motifs.Motif: Res1 name is GLU
protocols.motifs.Motif: atom1 name is CH3
protocols.motifs.Motif: atom2 name is Ntrp
protocols.motifs.Motif: atom3 name is CH2
protocols.motifs.Motif: Res1 name is TYR
protocols.motifs.Motif: atom1 name is aroC
protocols.motifs.Motif: atom2 name is aroC
protocols.motifs.Motif: atom3 name is Cl
core.pack.task: Packer task: initialize from command line() 
core.pack.task: Packer task: initialize from command line() 
core.pack.task: Packer task: initialize from command line() 
protocols.moves.MonteCarlo: MonteCarlo:: last_accepted_score,lowest_score: -1296.59 -1296.59
protocols.motifs.Motif: Res1 name is PHE
protocols.motifs.Motif: atom1 name is aroC
protocols.motifs.Motif: atom2 name is COO
protocols.motifs.Motif: atom3 name is OOC
protocols.motifs.Motif: Res1 name is GLU
protocols.motifs.Motif: atom1 name is CH2
protocols.motifs.Motif: atom2 name is Ntrp
protocols.motifs.Motif: atom3 name is CH2
protocols.motifs.Motif: Res1 name is TYR
protocols.motifs.Motif: atom1 name is aroC
protocols.motifs.Motif: atom2 name is aroC
protocols.motifs.Motif: atom3 name is OH
core.pack.task: Packer task: initialize from command line() 
core.pack.task: Packer task: initialize from command line() 
core.pack.task: Packer task: initialize from command line() 
protocols.moves.MonteCarlo: MonteCarlo:: last_accepted_score,lowest_score: -1299.16 -1299.37
protocols.motifs.Motif: Res1 name is PHE
protocols.motifs.Motif: atom1 name is aroC
protocols.motifs.Motif: atom2 name is aroC
protocols.motifs.Motif: atom3 name is Oaro
protocols.motifs.Motif: Res1 name is GLU
protocols.motifs.Motif: atom1 name is aroC
protocols.motifs.Motif: atom2 name is aroC
protocols.motifs.Motif: atom3 name is aroC
protocols.motifs.Motif: Res1 name is TYR
protocols.motifs.Motif: atom1 name is aroC
protocols.motifs.Motif: atom2 name is COO
protocols.motifs.Motif: atom3 name is OOC
core.pack.task: Packer task: initialize from command line() 
core.pack.task: Packer task: initialize from command line() 
core.pack.task: Packer task: initialize from command line() 
protocols.moves.MonteCarlo: MonteCarlo:: last_accepted_score,lowest_score: -1297.63 -1299.08
protocols.motifs.Motif: Res1 name is PHE
protocols.motifs.Motif: atom1 name is aroC
protocols.motifs.Motif: atom2 name is aroC
protocols.motifs.Motif: atom3 name is CH1
protocols.motifs.Motif: Res1 name is GLU
protocols.motifs.Motif: atom1 name is aroC
protocols.motifs.Motif: atom2 name is aroC
protocols.motifs.Motif: atom3 name is Cl
protocols.motifs.Motif: Res1 name is HIS
protocols.motifs.Motif: atom1 name is aroC
protocols.motifs.Motif: atom2 name is aroC
protocols.motifs.Motif: atom3 name is aroC
protocols.motifs.Motif: Res1 name is TYR
protocols.motifs.Motif: atom1 name is aroC
protocols.motifs.Motif: atom2 name is COO
protocols.motifs.Motif: atom3 name is OOC
core.pack.task: Packer task: initialize from command line() 
core.pack.task: Packer task: initialize from command line() 
core.pack.task: Packer task: initialize from command line() 
protocols.moves.MonteCarlo: MonteCarlo:: last_accepted_score,lowest_score: -1296.58 -1296.58
protocols.motifs.Motif: Res1 name is PHE
protocols.motifs.Motif: atom1 name is aroC
protocols.motifs.Motif: atom2 name is aroC
protocols.motifs.Motif: atom3 name is OH
protocols.motifs.Motif: Res1 name is GLU
protocols.motifs.Motif: atom1 name is CH2
protocols.motifs.Motif: atom2 name is Ntrp
protocols.motifs.Motif: atom3 name is CH2
protocols.motifs.Motif: Res1 name is TYR
protocols.motifs.Motif: atom1 name is CH1
protocols.motifs.Motif: atom2 name is CH1
protocols.motifs.Motif: atom3 name is OH
core.pack.task: Packer task: initialize from command line() 
core.pack.task: Packer task: initialize from command line() 
core.pack.task: Packer task: initialize from command line() 
protocols.moves.MonteCarlo: MonteCarlo:: last_accepted_score,lowest_score: -1299.84 -1299.89
protocols.motifs.Motif: Res1 name is PHE
protocols.motifs.Motif: atom1 name is aroC
protocols.motifs.Motif: atom2 name is aroC
protocols.motifs.Motif: atom3 name is Oaro
protocols.motifs.Motif: Res1 name is GLU
protocols.motifs.Motif: atom1 name is aroC
protocols.motifs.Motif: atom2 name is aroC
protocols.motifs.Motif: atom3 name is aroC
protocols.motifs.Motif: Res1 name is HIS
protocols.motifs.Motif: atom1 name is aroC
protocols.motifs.Motif: atom2 name is aroC
protocols.motifs.Motif: atom3 name is aroC
protocols.motifs.Motif: Res1 name is TYR
protocols.motifs.Motif: atom1 name is aroC
protocols.motifs.Motif: atom2 name is aroC
protocols.motifs.Motif: atom3 name is Cl
protocols.motifs.Motif: Res1 name is ARG
protocols.motifs.Motif: atom1 name is CH3
protocols.motifs.Motif: atom2 name is Ntrp
protocols.motifs.Motif: atom3 name is CH2
core.pack.task: Packer task: initialize from command line() 
core.pack.task: Packer task: initialize from command line() 
core.pack.task: Packer task: initialize from command line() 
protocols.moves.MonteCarlo: MonteCarlo:: last_accepted_score,lowest_score: -1298.19 -1299.19
protocols.motifs.Motif: Res1 name is PHE
protocols.motifs.Motif: atom1 name is aroC
protocols.motifs.Motif: atom2 name is aroC
protocols.motifs.Motif: atom3 name is CH1
protocols.motifs.Motif: Res1 name is GLU
protocols.motifs.Motif: atom1 name is aroC
protocols.motifs.Motif: atom2 name is aroC
protocols.motifs.Motif: atom3 name is aroC
protocols.motifs.Motif: Res1 name is TYR
protocols.motifs.Motif: atom1 name is aroC
protocols.motifs.Motif: atom2 name is COO
protocols.motifs.Motif: atom3 name is OOC
core.pack.task: Packer task: initialize from command line() 
core.pack.task: Packer task: initialize from command line() 
core.pack.task: Packer task: initialize from command line() 
protocols.moves.MonteCarlo: MonteCarlo:: last_accepted_score,lowest_score: -1295.4 -1295.4
protocols.motifs.Motif: Res1 name is PHE
protocols.motifs.Motif: atom1 name is aroC
protocols.motifs.Motif: atom2 name is aroC
protocols.motifs.Motif: atom3 name is aroC
protocols.motifs.Motif: Res1 name is TYR
protocols.motifs.Motif: atom1 name is aroC
protocols.motifs.Motif: atom2 name is COO
protocols.motifs.Motif: atom3 name is OOC
core.pack.task: Packer task: initialize from command line() 
core.pack.task: Packer task: initialize from command line() 
core.pack.task: Packer task: initialize from command line() 
protocols.moves.MonteCarlo: MonteCarlo:: last_accepted_score,lowest_score: -1303.23 -1303.23
protocols.motifs.Motif: Res1 name is PHE
protocols.motifs.Motif: atom1 name is aroC
protocols.motifs.Motif: atom2 name is aroC
protocols.motifs.Motif: atom3 name is CH1
protocols.motifs.Motif: Res1 name is ILE
protocols.motifs.Motif: atom1 name is aroC
protocols.motifs.Motif: atom2 name is aroC
protocols.motifs.Motif: atom3 name is aroC
protocols.motifs.Motif: Res1 name is GLU
protocols.motifs.Motif: atom1 name is aroC
protocols.motifs.Motif: atom2 name is aroC
protocols.motifs.Motif: atom3 name is Cl
protocols.motifs.Motif: Res1 name is HIS
protocols.motifs.Motif: atom1 name is aroC
protocols.motifs.Motif: atom2 name is aroC
protocols.motifs.Motif: atom3 name is aroC
protocols.motifs.Motif: Res1 name is TYR
protocols.motifs.Motif: atom1 name is aroC
protocols.motifs.Motif: atom2 name is aroC
protocols.motifs.Motif: atom3 name is OH
core.pack.task: Packer task: initialize from command line() 
core.pack.task: Packer task: initialize from command line() 
core.pack.task: Packer task: initialize from command line() 
protocols.moves.MonteCarlo: MonteCarlo:: last_accepted_score,lowest_score: -1302.51 -1302.51
protocols.motifs.Motif: Res1 name is PHE
protocols.motifs.Motif: atom1 name is aroC
protocols.motifs.Motif: atom2 name is Oaro
protocols.motifs.Motif: atom3 name is aroC
protocols.motifs.Motif: Res1 name is ILE
protocols.motifs.Motif: atom1 name is aroC
protocols.motifs.Motif: atom2 name is aroC
protocols.motifs.Motif: atom3 name is aroC
protocols.motifs.Motif: Res1 name is GLU
protocols.motifs.Motif: atom1 name is aroC
protocols.motifs.Motif: atom2 name is aroC
protocols.motifs.Motif: atom3 name is aroC
protocols.motifs.Motif: Res1 name is HIS
protocols.motifs.Motif: atom1 name is aroC
protocols.motifs.Motif: atom2 name is aroC
protocols.motifs.Motif: atom3 name is aroC
protocols.motifs.Motif: Res1 name is TYR
protocols.motifs.Motif: atom1 name is aroC
protocols.motifs.Motif: atom2 name is aroC
protocols.motifs.Motif: atom3 name is Cl
core.pack.task: Packer task: initialize from command line() 
core.pack.task: Packer task: initialize from command line() 
core.pack.task: Packer task: initialize from command line() 
protocols.moves.MonteCarlo: MonteCarlo:: last_accepted_score,lowest_score: -1296.69 -1296.69
protocols.motifs.Motif: Res1 name is PHE
protocols.motifs.Motif: atom1 name is aroC
protocols.motifs.Motif: atom2 name is aroC
protocols.motifs.Motif: atom3 name is Oaro
protocols.motifs.Motif: Res1 name is GLU
protocols.motifs.Motif: atom1 name is aroC
protocols.motifs.Motif: atom2 name is aroC
protocols.motifs.Motif: atom3 name is aroC
protocols.motifs.Motif: Res1 name is TYR
protocols.motifs.Motif: atom1 name is aroC
protocols.motifs.Motif: atom2 name is COO
protocols.motifs.Motif: atom3 name is OOC
core.pack.task: Packer task: initialize from command line() 
core.pack.task: Packer task: initialize from command line() 
core.pack.task: Packer task: initialize from command line() 
protocols.moves.MonteCarlo: MonteCarlo:: last_accepted_score,lowest_score: -1299.58 -1299.87
protocols.motifs.Motif: Res1 name is PHE
protocols.motifs.Motif: atom1 name is aroC
protocols.motifs.Motif: atom2 name is aroC
protocols.motifs.Motif: atom3 name is CH1
protocols.motifs.Motif: Res1 name is ILE
protocols.motifs.Motif: atom1 name is aroC
protocols.motifs.Motif: atom2 name is aroC
protocols.motifs.Motif: atom3 name is aroC
protocols.motifs.Motif: Res1 name is GLU
protocols.motifs.Motif: atom1 name is aroC
protocols.motifs.Motif: atom2 name is aroC
protocols.motifs.Motif: atom3 name is Cl
protocols.motifs.Motif: Res1 name is HIS
protocols.motifs.Motif: atom1 name is aroC
protocols.motifs.Motif: atom2 name is aroC
protocols.motifs.Motif: atom3 name is aroC
protocols.motifs.Motif: Res1 name is TYR
protocols.motifs.Motif: atom1 name is aroC
protocols.motifs.Motif: atom2 name is COO
protocols.motifs.Motif: atom3 name is OOC
protocols.motifs.Motif: Res1 name is ARG
protocols.motifs.Motif: atom1 name is aroC
protocols.motifs.Motif: atom2 name is aroC
protocols.motifs.Motif: atom3 name is Cl
core.pack.task: Packer task: initialize from command line() 
core.pack.task: Packer task: initialize from command line() 
core.pack.task: Packer task: initialize from command line() 
protocols.moves.MonteCarlo: MonteCarlo:: last_accepted_score,lowest_score: -1293.62 -1293.65
protocols.motifs.Motif: Res1 name is PHE
protocols.motifs.Motif: atom1 name is aroC
protocols.motifs.Motif: atom2 name is aroC
protocols.motifs.Motif: atom3 name is Oaro
protocols.motifs.Motif: Res1 name is TYR
protocols.motifs.Motif: atom1 name is aroC
protocols.motifs.Motif: atom2 name is aroC
protocols.motifs.Motif: atom3 name is Cl
core.pack.task: Packer task: initialize from command line() 
core.pack.task: Packer task: initialize from command line() 
core.pack.task: Packer task: initialize from command line() 
protocols.moves.MonteCarlo: MonteCarlo:: last_accepted_score,lowest_score: -1301.91 -1301.91
protocols.motifs.Motif: Res1 name is PHE
protocols.motifs.Motif: atom1 name is aroC
protocols.motifs.Motif: atom2 name is aroC
protocols.motifs.Motif: atom3 name is Oaro
protocols.motifs.Motif: Res1 name is GLU
protocols.motifs.Motif: atom1 name is aroC
protocols.motifs.Motif: atom2 name is aroC
protocols.motifs.Motif: atom3 name is aroC
protocols.motifs.Motif: Res1 name is HIS
protocols.motifs.Motif: atom1 name is aroC
protocols.motifs.Motif: atom2 name is aroC
protocols.motifs.Motif: atom3 name is aroC
protocols.motifs.Motif: Res1 name is TYR
protocols.motifs.Motif: atom1 name is aroC
protocols.motifs.Motif: atom2 name is aroC
protocols.motifs.Motif: atom3 name is OH
core.pack.task: Packer task: initialize from command line() 
core.pack.task: Packer task: initialize from command line() 
core.pack.task: Packer task: initialize from command line() 
protocols.moves.MonteCarlo: MonteCarlo:: last_accepted_score,lowest_score: -1297.92 -1298.76
protocols.motifs.Motif: Res1 name is PHE
protocols.motifs.Motif: atom1 name is aroC
protocols.motifs.Motif: atom2 name is COO
protocols.motifs.Motif: atom3 name is OOC
protocols.motifs.Motif: Res1 name is GLU
protocols.motifs.Motif: atom1 name is aroC
protocols.motifs.Motif: atom2 name is aroC
protocols.motifs.Motif: atom3 name is aroC
protocols.motifs.Motif: Res1 name is HIS
protocols.motifs.Motif: atom1 name is aroC
protocols.motifs.Motif: atom2 name is aroC
protocols.motifs.Motif: atom3 name is aroC
protocols.motifs.Motif: Res1 name is GLU
protocols.motifs.Motif: atom1 name is aroC
protocols.motifs.Motif: atom2 name is aroC
protocols.motifs.Motif: atom3 name is Cl
protocols.motifs.Motif: Res1 name is TYR
protocols.motifs.Motif: atom1 name is aroC
protocols.motifs.Motif: atom2 name is aroC
protocols.motifs.Motif: atom3 name is aroC
protocols.motifs.Motif: Res1 name is ARG
protocols.motifs.Motif: atom1 name is aroC
protocols.motifs.Motif: atom2 name is aroC
protocols.motifs.Motif: atom3 name is Cl
protocols.motifs.Motif: Res1 name is PHE
protocols.motifs.Motif: atom1 name is aroC
protocols.motifs.Motif: atom2 name is aroC
protocols.motifs.Motif: atom3 name is Cl
core.pack.task: Packer task: initialize from command line() 
core.pack.task: Packer task: initialize from command line() 
core.pack.task: Packer task: initialize from command line() 
protocols.moves.MonteCarlo: MonteCarlo:: last_accepted_score,lowest_score: -1295.18 -1296.44
protocols.motifs.Motif: Res1 name is PHE
protocols.motifs.Motif: atom1 name is aroC
protocols.motifs.Motif: atom2 name is aroC
protocols.motifs.Motif: atom3 name is Oaro
protocols.motifs.Motif: Res1 name is GLU
protocols.motifs.Motif: atom1 name is aroC
protocols.motifs.Motif: atom2 name is aroC
protocols.motifs.Motif: atom3 name is aroC
protocols.motifs.Motif: Res1 name is TYR
protocols.motifs.Motif: atom1 name is aroC
protocols.motifs.Motif: atom2 name is aroC
protocols.motifs.Motif: atom3 name is OH
protocols.motifs.Motif: Res1 name is ARG
protocols.motifs.Motif: atom1 name is aroC
protocols.motifs.Motif: atom2 name is aroC
protocols.motifs.Motif: atom3 name is aroC
core.pack.task: Packer task: initialize from command line() 
core.pack.task: Packer task: initialize from command line() 
core.pack.task: Packer task: initialize from command line() 
protocols.moves.MonteCarlo: MonteCarlo:: last_accepted_score,lowest_score: -1301.21 -1302.39
protocols.motifs.Motif: Res1 name is PHE
protocols.motifs.Motif: atom1 name is aroC
protocols.motifs.Motif: atom2 name is aroC
protocols.motifs.Motif: atom3 name is CH1
protocols.motifs.Motif: Res1 name is GLU
protocols.motifs.Motif: atom1 name is aroC
protocols.motifs.Motif: atom2 name is aroC
protocols.motifs.Motif: atom3 name is aroC
protocols.motifs.Motif: Res1 name is HIS
protocols.motifs.Motif: atom1 name is aroC
protocols.motifs.Motif: atom2 name is aroC
protocols.motifs.Motif: atom3 name is aroC
protocols.motifs.Motif: Res1 name is TYR
protocols.motifs.Motif: atom1 name is aroC
protocols.motifs.Motif: atom2 name is aroC
protocols.motifs.Motif: atom3 name is Cl
core.pack.task: Packer task: initialize from command line() 
core.pack.task: Packer task: initialize from command line() 
core.pack.task: Packer task: initialize from command line() 
protocols.moves.MonteCarlo: MonteCarlo:: last_accepted_score,lowest_score: -1301.35 -1301.35
protocols.motifs.Motif: Res1 name is PHE
protocols.motifs.Motif: atom1 name is aroC
protocols.motifs.Motif: atom2 name is aroC
protocols.motifs.Motif: atom3 name is CH1
protocols.motifs.Motif: Res1 name is GLU
protocols.motifs.Motif: atom1 name is aroC
protocols.motifs.Motif: atom2 name is aroC
protocols.motifs.Motif: atom3 name is Cl
protocols.motifs.Motif: Res1 name is HIS
protocols.motifs.Motif: atom1 name is aroC
protocols.motifs.Motif: atom2 name is aroC
protocols.motifs.Motif: atom3 name is aroC
protocols.motifs.Motif: Res1 name is TYR
protocols.motifs.Motif: atom1 name is aroC
protocols.motifs.Motif: atom2 name is COO
protocols.motifs.Motif: atom3 name is OOC
protocols.motifs.Motif: Res1 name is ARG
protocols.motifs.Motif: atom1 name is aroC
protocols.motifs.Motif: atom2 name is aroC
protocols.motifs.Motif: atom3 name is Cl
core.pack.task: Packer task: initialize from command line() 
core.pack.task: Packer task: initialize from command line() 
core.pack.task: Packer task: initialize from command line() 
protocols.moves.MonteCarlo: MonteCarlo:: last_accepted_score,lowest_score: -1300.02 -1300.09
protocols.motifs.Motif: Res1 name is PHE
protocols.motifs.Motif: atom1 name is aroC
protocols.motifs.Motif: atom2 name is aroC
protocols.motifs.Motif: atom3 name is Oaro
protocols.motifs.Motif: Res1 name is GLU
protocols.motifs.Motif: atom1 name is aroC
protocols.motifs.Motif: atom2 name is aroC
protocols.motifs.Motif: atom3 name is aroC
protocols.motifs.Motif: Res1 name is TYR
protocols.motifs.Motif: atom1 name is aroC
protocols.motifs.Motif: atom2 name is aroC
protocols.motifs.Motif: atom3 name is aroC
core.pack.task: Packer task: initialize from command line() 
core.pack.task: Packer task: initialize from command line() 
core.pack.task: Packer task: initialize from command line() 
protocols.moves.MonteCarlo: MonteCarlo:: last_accepted_score,lowest_score: -1303.71 -1303.71
protocols.motifs.Motif: Res1 name is PHE
protocols.motifs.Motif: atom1 name is aroC
protocols.motifs.Motif: atom2 name is aroC
protocols.motifs.Motif: atom3 name is CH1
protocols.motifs.Motif: Res1 name is ILE
protocols.motifs.Motif: atom1 name is aroC
protocols.motifs.Motif: atom2 name is aroC
protocols.motifs.Motif: atom3 name is aroC
protocols.motifs.Motif: Res1 name is GLU
protocols.motifs.Motif: atom1 name is aroC
protocols.motifs.Motif: atom2 name is aroC
protocols.motifs.Motif: atom3 name is aroC
protocols.motifs.Motif: Res1 name is HIS
protocols.motifs.Motif: atom1 name is aroC
protocols.motifs.Motif: atom2 name is aroC
protocols.motifs.Motif: atom3 name is aroC
protocols.motifs.Motif: Res1 name is TYR
protocols.motifs.Motif: atom1 name is aroC
protocols.motifs.Motif: atom2 name is aroC
protocols.motifs.Motif: atom3 name is Cl
core.pack.task: Packer task: initialize from command line() 
core.pack.task: Packer task: initialize from command line() 
core.pack.task: Packer task: initialize from command line() 
protocols.moves.MonteCarlo: MonteCarlo:: last_accepted_score,lowest_score: -1297.31 -1299.3
protocols.motifs.Motif: Res1 name is PHE
protocols.motifs.Motif: atom1 name is aroC
protocols.motifs.Motif: atom2 name is COO
protocols.motifs.Motif: atom3 name is OOC
protocols.motifs.Motif: Res1 name is GLU
protocols.motifs.Motif: atom1 name is CH2
protocols.motifs.Motif: atom2 name is CH2
protocols.motifs.Motif: atom3 name is CH1
protocols.motifs.Motif: Res1 name is TYR
protocols.motifs.Motif: atom1 name is aroC
protocols.motifs.Motif: atom2 name is aroC
protocols.motifs.Motif: atom3 name is OH
protocols.motifs.Motif: Res1 name is ARG
protocols.motifs.Motif: atom1 name is CH1
protocols.motifs.Motif: atom2 name is CH2
protocols.motifs.Motif: atom3 name is Ntrp
core.pack.task: Packer task: initialize from command line() 
core.pack.task: Packer task: initialize from command line() 
core.pack.task: Packer task: initialize from command line() 
protocols.moves.MonteCarlo: MonteCarlo:: last_accepted_score,lowest_score: -1300.75 -1300.75
protocols.motifs.Motif: Res1 name is PHE
protocols.motifs.Motif: atom1 name is aroC
protocols.motifs.Motif: atom2 name is aroC
protocols.motifs.Motif: atom3 name is CH1
protocols.motifs.Motif: Res1 name is GLU
protocols.motifs.Motif: atom1 name is aroC
protocols.motifs.Motif: atom2 name is aroC
protocols.motifs.Motif: atom3 name is aroC
protocols.motifs.Motif: Res1 name is HIS
protocols.motifs.Motif: atom1 name is aroC
protocols.motifs.Motif: atom2 name is aroC
protocols.motifs.Motif: atom3 name is aroC
protocols.motifs.Motif: Res1 name is TYR
protocols.motifs.Motif: atom1 name is aroC
protocols.motifs.Motif: atom2 name is aroC
protocols.motifs.Motif: atom3 name is Cl
core.pack.task: Packer task: initialize from command line() 
core.pack.task: Packer task: initialize from command line() 
core.pack.task: Packer task: initialize from command line() 
protocols.moves.MonteCarlo: MonteCarlo:: last_accepted_score,lowest_score: -1301.68 -1301.68
protocols.motifs.Motif: Res1 name is PHE
protocols.motifs.Motif: atom1 name is aroC
protocols.motifs.Motif: atom2 name is aroC
protocols.motifs.Motif: atom3 name is CH1
protocols.motifs.Motif: Res1 name is GLU
protocols.motifs.Motif: atom1 name is aroC
protocols.motifs.Motif: atom2 name is aroC
protocols.motifs.Motif: atom3 name is aroC
protocols.motifs.Motif: Res1 name is HIS
protocols.motifs.Motif: atom1 name is aroC
protocols.motifs.Motif: atom2 name is aroC
protocols.motifs.Motif: atom3 name is aroC
protocols.motifs.Motif: Res1 name is TYR
protocols.motifs.Motif: atom1 name is aroC
protocols.motifs.Motif: atom2 name is aroC
protocols.motifs.Motif: atom3 name is OH
core.pack.task: Packer task: initialize from command line() 
core.pack.task: Packer task: initialize from command line() 
core.pack.task: Packer task: initialize from command line() 
protocols.moves.MonteCarlo: MonteCarlo:: last_accepted_score,lowest_score: -1303.62 -1303.62
protocols.motifs.Motif: Res1 name is PHE
protocols.motifs.Motif: atom1 name is aroC
protocols.motifs.Motif: atom2 name is aroC
protocols.motifs.Motif: atom3 name is CH1
protocols.motifs.Motif: Res1 name is ILE
protocols.motifs.Motif: atom1 name is aroC
protocols.motifs.Motif: atom2 name is aroC
protocols.motifs.Motif: atom3 name is aroC
protocols.motifs.Motif: Res1 name is GLU
protocols.motifs.Motif: atom1 name is aroC
protocols.motifs.Motif: atom2 name is aroC
protocols.motifs.Motif: atom3 name is aroC
protocols.motifs.Motif: Res1 name is HIS
protocols.motifs.Motif: atom1 name is aroC
protocols.motifs.Motif: atom2 name is aroC
protocols.motifs.Motif: atom3 name is aroC
protocols.motifs.Motif: Res1 name is TYR
protocols.motifs.Motif: atom1 name is aroC
protocols.motifs.Motif: atom2 name is aroC
protocols.motifs.Motif: atom3 name is OH
core.pack.task: Packer task: initialize from command line() 
core.pack.task: Packer task: initialize from command line() 
core.pack.task: Packer task: initialize from command line() 
protocols.moves.MonteCarlo: MonteCarlo:: last_accepted_score,lowest_score: -1302.42 -1302.42
protocols.motifs.Motif: Res1 name is PHE
protocols.motifs.Motif: atom1 name is aroC
protocols.motifs.Motif: atom2 name is Oaro
protocols.motifs.Motif: atom3 name is aroC
protocols.motifs.Motif: Res1 name is ILE
protocols.motifs.Motif: atom1 name is aroC
protocols.motifs.Motif: atom2 name is aroC
protocols.motifs.Motif: atom3 name is aroC
protocols.motifs.Motif: Res1 name is GLU
protocols.motifs.Motif: atom1 name is aroC
protocols.motifs.Motif: atom2 name is aroC
protocols.motifs.Motif: atom3 name is aroC
protocols.motifs.Motif: Res1 name is HIS
protocols.motifs.Motif: atom1 name is aroC
protocols.motifs.Motif: atom2 name is aroC
protocols.motifs.Motif: atom3 name is aroC
protocols.motifs.Motif: Res1 name is TYR
protocols.motifs.Motif: atom1 name is aroC
protocols.motifs.Motif: atom2 name is aroC
protocols.motifs.Motif: atom3 name is OH
core.pack.task: Packer task: initialize from command line() 
core.pack.task: Packer task: initialize from command line() 
core.pack.task: Packer task: initialize from command line() 
protocols.moves.MonteCarlo: MonteCarlo:: last_accepted_score,lowest_score: -1299.67 -1299.67
protocols.motifs.Motif: Res1 name is PHE
protocols.motifs.Motif: atom1 name is aroC
protocols.motifs.Motif: atom2 name is aroC
protocols.motifs.Motif: atom3 name is Oaro
protocols.motifs.Motif: Res1 name is GLU
protocols.motifs.Motif: atom1 name is aroC
protocols.motifs.Motif: atom2 name is aroC
protocols.motifs.Motif: atom3 name is Cl
protocols.motifs.Motif: Res1 name is HIS
protocols.motifs.Motif: atom1 name is aroC
protocols.motifs.Motif: atom2 name is aroC
protocols.motifs.Motif: atom3 name is aroC
protocols.motifs.Motif: Res1 name is TYR
protocols.motifs.Motif: atom1 name is aroC
protocols.motifs.Motif: atom2 name is COO
protocols.motifs.Motif: atom3 name is OOC
core.pack.task: Packer task: initialize from command line() 
core.pack.task: Packer task: initialize from command line() 
core.pack.task: Packer task: initialize from command line() 
protocols.moves.MonteCarlo: MonteCarlo:: last_accepted_score,lowest_score: -1299.26 -1299.71
protocols.motifs.Motif: Res1 name is PHE
protocols.motifs.Motif: atom1 name is aroC
protocols.motifs.Motif: atom2 name is aroC
protocols.motifs.Motif: atom3 name is OH
protocols.motifs.Motif: Res1 name is GLU
protocols.motifs.Motif: atom1 name is aroC
protocols.motifs.Motif: atom2 name is aroC
protocols.motifs.Motif: atom3 name is aroC
protocols.motifs.Motif: Res1 name is GLU
protocols.motifs.Motif: atom1 name is aroC
protocols.motifs.Motif: atom2 name is aroC
protocols.motifs.Motif: atom3 name is Cl
protocols.motifs.Motif: Res1 name is TYR
protocols.motifs.Motif: atom1 name is COO
protocols.motifs.Motif: atom2 name is aroC
protocols.motifs.Motif: atom3 name is aroC
core.pack.task: Packer task: initialize from command line() 
core.pack.task: Packer task: initialize from command line() 
core.pack.task: Packer task: initialize from command line() 
protocols.moves.MonteCarlo: MonteCarlo:: last_accepted_score,lowest_score: -1295.68 -1295.68
protocols.motifs.Motif: Res1 name is PHE
protocols.motifs.Motif: atom1 name is aroC
protocols.motifs.Motif: atom2 name is COO
protocols.motifs.Motif: atom3 name is OOC
protocols.motifs.Motif: Res1 name is TYR
protocols.motifs.Motif: atom1 name is aroC
protocols.motifs.Motif: atom2 name is aroC
protocols.motifs.Motif: atom3 name is OH
core.pack.task: Packer task: initialize from command line() 
core.pack.task: Packer task: initialize from command line() 
core.pack.task: Packer task: initialize from command line() 
protocols.moves.MonteCarlo: MonteCarlo:: last_accepted_score,lowest_score: -1298.45 -1299.06
protocols.motifs.Motif: Res1 name is PHE
protocols.motifs.Motif: atom1 name is aroC
protocols.motifs.Motif: atom2 name is aroC
protocols.motifs.Motif: atom3 name is Oaro
protocols.motifs.Motif: Res1 name is GLU
protocols.motifs.Motif: atom1 name is aroC
protocols.motifs.Motif: atom2 name is aroC
protocols.motifs.Motif: atom3 name is aroC
protocols.motifs.Motif: Res1 name is TYR
protocols.motifs.Motif: atom1 name is aroC
protocols.motifs.Motif: atom2 name is aroC
protocols.motifs.Motif: atom3 name is aroC
core.pack.task: Packer task: initialize from command line() 
core.pack.task: Packer task: initialize from command line() 
core.pack.task: Packer task: initialize from command line() 
protocols.moves.MonteCarlo: MonteCarlo:: last_accepted_score,lowest_score: -1301.89 -1302.44
protocols.motifs.Motif: Res1 name is PHE
protocols.motifs.Motif: atom1 name is aroC
protocols.motifs.Motif: atom2 name is COO
protocols.motifs.Motif: atom3 name is OOC
protocols.motifs.Motif: Res1 name is GLU
protocols.motifs.Motif: atom1 name is aroC
protocols.motifs.Motif: atom2 name is aroC
protocols.motifs.Motif: atom3 name is aroC
protocols.motifs.Motif: Res1 name is HIS
protocols.motifs.Motif: atom1 name is aroC
protocols.motifs.Motif: atom2 name is aroC
protocols.motifs.Motif: atom3 name is aroC
protocols.motifs.Motif: Res1 name is TYR
protocols.motifs.Motif: atom1 name is aroC
protocols.motifs.Motif: atom2 name is aroC
protocols.motifs.Motif: atom3 name is Cl
core.pack.task: Packer task: initialize from command line() 
core.pack.task: Packer task: initialize from command line() 
core.pack.task: Packer task: initialize from command line() 
protocols.moves.MonteCarlo: MonteCarlo:: last_accepted_score,lowest_score: -1229.91 -1229.91
protocols.motifs.Motif: Res1 name is PHE
protocols.motifs.Motif: atom1 name is CH1
protocols.motifs.Motif: atom2 name is CH2
protocols.motifs.Motif: atom3 name is Ntrp
protocols.motifs.Motif: Res1 name is HIS
protocols.motifs.Motif: atom1 name is aroC
protocols.motifs.Motif: atom2 name is aroC
protocols.motifs.Motif: atom3 name is aroC
protocols.motifs.Motif: Res1 name is TYR
protocols.motifs.Motif: atom1 name is aroC
protocols.motifs.Motif: atom2 name is aroC
protocols.motifs.Motif: atom3 name is aroC
protocols.motifs.Motif: Res1 name is TYR
protocols.motifs.Motif: atom1 name is aroC
protocols.motifs.Motif: atom2 name is aroC
protocols.motifs.Motif: atom3 name is Cl
core.pack.task: Packer task: initialize from command line() 
core.pack.task: Packer task: initialize from command line() 
core.pack.task: Packer task: initialize from command line() 
protocols.moves.MonteCarlo: MonteCarlo:: last_accepted_score,lowest_score: -1300.72 -1302.65
protocols.motifs.Motif: Res1 name is PHE
protocols.motifs.Motif: atom1 name is aroC
protocols.motifs.Motif: atom2 name is Oaro
protocols.motifs.Motif: atom3 name is aroC
protocols.motifs.Motif: Res1 name is ILE
protocols.motifs.Motif: atom1 name is aroC
protocols.motifs.Motif: atom2 name is aroC
protocols.motifs.Motif: atom3 name is aroC
protocols.motifs.Motif: Res1 name is GLU
protocols.motifs.Motif: atom1 name is aroC
protocols.motifs.Motif: atom2 name is aroC
protocols.motifs.Motif: atom3 name is aroC
protocols.motifs.Motif: Res1 name is HIS
protocols.motifs.Motif: atom1 name is aroC
protocols.motifs.Motif: atom2 name is aroC
protocols.motifs.Motif: atom3 name is aroC
protocols.motifs.Motif: Res1 name is TYR
protocols.motifs.Motif: atom1 name is aroC
protocols.motifs.Motif: atom2 name is aroC
protocols.motifs.Motif: atom3 name is Cl
core.pack.task: Packer task: initialize from command line() 
core.pack.task: Packer task: initialize from command line() 
core.pack.task: Packer task: initialize from command line() 
protocols.moves.MonteCarlo: MonteCarlo:: last_accepted_score,lowest_score: -1301.99 -1301.99
protocols.motifs.Motif: Res1 name is PHE
protocols.motifs.Motif: atom1 name is aroC
protocols.motifs.Motif: atom2 name is aroC
protocols.motifs.Motif: atom3 name is CH1
protocols.motifs.Motif: Res1 name is GLU
protocols.motifs.Motif: atom1 name is aroC
protocols.motifs.Motif: atom2 name is aroC
protocols.motifs.Motif: atom3 name is Cl
protocols.motifs.Motif: Res1 name is HIS
protocols.motifs.Motif: atom1 name is aroC
protocols.motifs.Motif: atom2 name is aroC
protocols.motifs.Motif: atom3 name is aroC
protocols.motifs.Motif: Res1 name is TYR
protocols.motifs.Motif: atom1 name is aroC
protocols.motifs.Motif: atom2 name is COO
protocols.motifs.Motif: atom3 name is OOC
protocols.motifs.Motif: Res1 name is ARG
protocols.motifs.Motif: atom1 name is aroC
protocols.motifs.Motif: atom2 name is aroC
protocols.motifs.Motif: atom3 name is Cl
core.pack.task: Packer task: initialize from command line() 
core.pack.task: Packer task: initialize from command line() 
core.pack.task: Packer task: initialize from command line() 
protocols.moves.MonteCarlo: MonteCarlo:: last_accepted_score,lowest_score: -1302.41 -1302.41
protocols.motifs.Motif: Res1 name is PHE
protocols.motifs.Motif: atom1 name is aroC
protocols.motifs.Motif: atom2 name is aroC
protocols.motifs.Motif: atom3 name is aroC
protocols.motifs.Motif: Res1 name is GLU
protocols.motifs.Motif: atom1 name is aroC
protocols.motifs.Motif: atom2 name is aroC
protocols.motifs.Motif: atom3 name is aroC
protocols.motifs.Motif: Res1 name is GLU
protocols.motifs.Motif: atom1 name is aroC
protocols.motifs.Motif: atom2 name is aroC
protocols.motifs.Motif: atom3 name is Cl
protocols.motifs.Motif: Res1 name is TYR
protocols.motifs.Motif: atom1 name is COO
protocols.motifs.Motif: atom2 name is aroC
protocols.motifs.Motif: atom3 name is aroC
protocols.motifs.Motif: Res1 name is PHE
protocols.motifs.Motif: atom1 name is aroC
protocols.motifs.Motif: atom2 name is aroC
protocols.motifs.Motif: atom3 name is aroC
core.pack.task: Packer task: initialize from command line() 
core.pack.task: Packer task: initialize from command line() 
core.pack.task: Packer task: initialize from command line() 
protocols.moves.MonteCarlo: MonteCarlo:: last_accepted_score,lowest_score: -1303.97 -1303.97
protocols.motifs.Motif: Res1 name is PHE
protocols.motifs.Motif: atom1 name is aroC
protocols.motifs.Motif: atom2 name is aroC
protocols.motifs.Motif: atom3 name is CH1
protocols.motifs.Motif: Res1 name is GLU
protocols.motifs.Motif: atom1 name is aroC
protocols.motifs.Motif: atom2 name is aroC
protocols.motifs.Motif: atom3 name is aroC
protocols.motifs.Motif: Res1 name is HIS
protocols.motifs.Motif: atom1 name is aroC
protocols.motifs.Motif: atom2 name is aroC
protocols.motifs.Motif: atom3 name is aroC
protocols.motifs.Motif: Res1 name is TYR
protocols.motifs.Motif: atom1 name is aroC
protocols.motifs.Motif: atom2 name is aroC
protocols.motifs.Motif: atom3 name is OH
core.pack.task: Packer task: initialize from command line() 
core.pack.task: Packer task: initialize from command line() 
core.pack.task: Packer task: initialize from command line() 
protocols.moves.MonteCarlo: MonteCarlo:: last_accepted_score,lowest_score: -1299.43 -1299.43
protocols.motifs.Motif: Res1 name is PHE
protocols.motifs.Motif: atom1 name is aroC
protocols.motifs.Motif: atom2 name is aroC
protocols.motifs.Motif: atom3 name is OH
protocols.motifs.Motif: Res1 name is GLU
protocols.motifs.Motif: atom1 name is CH1
protocols.motifs.Motif: atom2 name is CH2
protocols.motifs.Motif: atom3 name is Ntrp
protocols.motifs.Motif: Res1 name is TYR
protocols.motifs.Motif: atom1 name is aroC
protocols.motifs.Motif: atom2 name is COO
protocols.motifs.Motif: atom3 name is OOC
protocols.motifs.Motif: Res1 name is ARG
protocols.motifs.Motif: atom1 name is CH3
protocols.motifs.Motif: atom2 name is Ntrp
protocols.motifs.Motif: atom3 name is CH2
core.pack.task: Packer task: initialize from command line() 
core.pack.task: Packer task: initialize from command line() 
core.pack.task: Packer task: initialize from command line() 
protocols.moves.MonteCarlo: MonteCarlo:: last_accepted_score,lowest_score: -1295.28 -1296.16
protocols.motifs.Motif: Res1 name is PHE
protocols.motifs.Motif: atom1 name is aroC
protocols.motifs.Motif: atom2 name is aroC
protocols.motifs.Motif: atom3 name is Oaro
protocols.motifs.Motif: Res1 name is TYR
protocols.motifs.Motif: atom1 name is CH1
protocols.motifs.Motif: atom2 name is CH1
protocols.motifs.Motif: atom3 name is OH
core.pack.task: Packer task: initialize from command line() 
core.pack.task: Packer task: initialize from command line() 
core.pack.task: Packer task: initialize from command line() 
protocols.moves.MonteCarlo: MonteCarlo:: last_accepted_score,lowest_score: -1295.81 -1295.81
protocols.motifs.Motif: Res1 name is PHE
protocols.motifs.Motif: atom1 name is aroC
protocols.motifs.Motif: atom2 name is aroC
protocols.motifs.Motif: atom3 name is aroC
protocols.motifs.Motif: Res1 name is GLU
protocols.motifs.Motif: atom1 name is CH1
protocols.motifs.Motif: atom2 name is CH2
protocols.motifs.Motif: atom3 name is Ntrp
protocols.motifs.Motif: Res1 name is GLU
protocols.motifs.Motif: atom1 name is CH2
protocols.motifs.Motif: atom2 name is CH2
protocols.motifs.Motif: atom3 name is CH1
protocols.motifs.Motif: Res1 name is TYR
protocols.motifs.Motif: atom1 name is CH2
protocols.motifs.Motif: atom2 name is CH2
protocols.motifs.Motif: atom3 name is CH1
protocols.motifs.Motif: Res1 name is ARG
protocols.motifs.Motif: atom1 name is CH1
protocols.motifs.Motif: atom2 name is CH1
protocols.motifs.Motif: atom3 name is OH
protocols.motifs.Motif: Res1 name is PHE
protocols.motifs.Motif: atom1 name is CH1
protocols.motifs.Motif: atom2 name is CH1
protocols.motifs.Motif: atom3 name is OH
core.pack.task: Packer task: initialize from command line() 
core.pack.task: Packer task: initialize from command line() 
core.pack.task: Packer task: initialize from command line() 
protocols.moves.MonteCarlo: MonteCarlo:: last_accepted_score,lowest_score: -1293.78 -1293.78
protocols.motifs.Motif: Res1 name is PHE
protocols.motifs.Motif: atom1 name is aroC
protocols.motifs.Motif: atom2 name is aroC
protocols.motifs.Motif: atom3 name is aroC
protocols.motifs.Motif: Res1 name is GLU
protocols.motifs.Motif: atom1 name is CH3
protocols.motifs.Motif: atom2 name is Ntrp
protocols.motifs.Motif: atom3 name is CH2
protocols.motifs.Motif: Res1 name is TYR
protocols.motifs.Motif: atom1 name is aroC
protocols.motifs.Motif: atom2 name is aroC
protocols.motifs.Motif: atom3 name is Cl
core.pack.task: Packer task: initialize from command line() 
core.pack.task: Packer task: initialize from command line() 
core.pack.task: Packer task: initialize from command line() 
protocols.moves.MonteCarlo: MonteCarlo:: last_accepted_score,lowest_score: -1300.44 -1300.44
protocols.motifs.Motif: Res1 name is PHE
protocols.motifs.Motif: atom1 name is aroC
protocols.motifs.Motif: atom2 name is aroC
protocols.motifs.Motif: atom3 name is OH
protocols.motifs.Motif: Res1 name is GLU
protocols.motifs.Motif: atom1 name is aroC
protocols.motifs.Motif: atom2 name is aroC
protocols.motifs.Motif: atom3 name is aroC
protocols.motifs.Motif: Res1 name is GLU
protocols.motifs.Motif: atom1 name is aroC
protocols.motifs.Motif: atom2 name is aroC
protocols.motifs.Motif: atom3 name is Cl
protocols.motifs.Motif: Res1 name is TYR
protocols.motifs.Motif: atom1 name is COO
protocols.motifs.Motif: atom2 name is aroC
protocols.motifs.Motif: atom3 name is aroC
core.pack.task: Packer task: initialize from command line() 
core.pack.task: Packer task: initialize from command line() 
core.pack.task: Packer task: initialize from command line() 
protocols.moves.MonteCarlo: MonteCarlo:: last_accepted_score,lowest_score: -1299.49 -1299.49
protocols.motifs.Motif: Res1 name is PHE
protocols.motifs.Motif: atom1 name is aroC
protocols.motifs.Motif: atom2 name is COO
protocols.motifs.Motif: atom3 name is OOC
protocols.motifs.Motif: Res1 name is GLU
protocols.motifs.Motif: atom1 name is CH2
protocols.motifs.Motif: atom2 name is CH2
protocols.motifs.Motif: atom3 name is CH1
protocols.motifs.Motif: Res1 name is HIS
protocols.motifs.Motif: atom1 name is aroC
protocols.motifs.Motif: atom2 name is aroC
protocols.motifs.Motif: atom3 name is OH
protocols.motifs.Motif: Res1 name is GLU
protocols.motifs.Motif: atom1 name is CH1
protocols.motifs.Motif: atom2 name is CH1
protocols.motifs.Motif: atom3 name is OH
protocols.motifs.Motif: Res1 name is TYR
protocols.motifs.Motif: atom1 name is aroC
protocols.motifs.Motif: atom2 name is aroC
protocols.motifs.Motif: atom3 name is OH
protocols.motifs.Motif: Res1 name is ARG
protocols.motifs.Motif: atom1 name is CH1
protocols.motifs.Motif: atom2 name is CH2
protocols.motifs.Motif: atom3 name is Ntrp
core.pack.task: Packer task: initialize from command line() 
core.pack.task: Packer task: initialize from command line() 
core.pack.task: Packer task: initialize from command line() 
protocols.moves.MonteCarlo: MonteCarlo:: last_accepted_score,lowest_score: -1298.64 -1299.53
protocols.motifs.Motif: Res1 name is PHE
protocols.motifs.Motif: atom1 name is aroC
protocols.motifs.Motif: atom2 name is COO
protocols.motifs.Motif: atom3 name is OOC
protocols.motifs.Motif: Res1 name is GLU
protocols.motifs.Motif: atom1 name is CH2
protocols.motifs.Motif: atom2 name is CH2
protocols.motifs.Motif: atom3 name is CH1
protocols.motifs.Motif: Res1 name is TYR
protocols.motifs.Motif: atom1 name is aroC
protocols.motifs.Motif: atom2 name is aroC
protocols.motifs.Motif: atom3 name is OH
protocols.motifs.Motif: Res1 name is ARG
protocols.motifs.Motif: atom1 name is CH1
protocols.motifs.Motif: atom2 name is CH2
protocols.motifs.Motif: atom3 name is Ntrp
core.pack.task: Packer task: initialize from command line() 
core.pack.task: Packer task: initialize from command line() 
core.pack.task: Packer task: initialize from command line() 
protocols.moves.MonteCarlo: MonteCarlo:: last_accepted_score,lowest_score: -1302.88 -1303.22
protocols.motifs.Motif: Res1 name is PHE
protocols.motifs.Motif: atom1 name is aroC
protocols.motifs.Motif: atom2 name is aroC
protocols.motifs.Motif: atom3 name is CH1
protocols.motifs.Motif: Res1 name is GLU
protocols.motifs.Motif: atom1 name is aroC
protocols.motifs.Motif: atom2 name is aroC
protocols.motifs.Motif: atom3 name is aroC
protocols.motifs.Motif: Res1 name is HIS
protocols.motifs.Motif: atom1 name is aroC
protocols.motifs.Motif: atom2 name is aroC
protocols.motifs.Motif: atom3 name is aroC
protocols.motifs.Motif: Res1 name is TYR
protocols.motifs.Motif: atom1 name is aroC
protocols.motifs.Motif: atom2 name is aroC
protocols.motifs.Motif: atom3 name is Cl
core.pack.task: Packer task: initialize from command line() 
core.pack.task: Packer task: initialize from command line() 
core.pack.task: Packer task: initialize from command line() 
protocols.moves.MonteCarlo: MonteCarlo:: last_accepted_score,lowest_score: -1300.55 -1301.93
protocols.motifs.Motif: Res1 name is PHE
protocols.motifs.Motif: atom1 name is aroC
protocols.motifs.Motif: atom2 name is aroC
protocols.motifs.Motif: atom3 name is Oaro
protocols.motifs.Motif: Res1 name is GLU
protocols.motifs.Motif: atom1 name is aroC
protocols.motifs.Motif: atom2 name is aroC
protocols.motifs.Motif: atom3 name is aroC
protocols.motifs.Motif: Res1 name is HIS
protocols.motifs.Motif: atom1 name is aroC
protocols.motifs.Motif: atom2 name is aroC
protocols.motifs.Motif: atom3 name is aroC
protocols.motifs.Motif: Res1 name is TYR
protocols.motifs.Motif: atom1 name is aroC
protocols.motifs.Motif: atom2 name is aroC
protocols.motifs.Motif: atom3 name is Cl
core.pack.task: Packer task: initialize from command line() 
core.pack.task: Packer task: initialize from command line() 
core.pack.task: Packer task: initialize from command line() 
protocols.moves.MonteCarlo: MonteCarlo:: last_accepted_score,lowest_score: -1299.19 -1299.53
protocols.motifs.Motif: Res1 name is PHE
protocols.motifs.Motif: atom1 name is aroC
protocols.motifs.Motif: atom2 name is aroC
protocols.motifs.Motif: atom3 name is OH
protocols.motifs.Motif: Res1 name is TYR
protocols.motifs.Motif: atom1 name is aroC
protocols.motifs.Motif: atom2 name is COO
protocols.motifs.Motif: atom3 name is OOC
core.pack.task: Packer task: initialize from command line() 
core.pack.task: Packer task: initialize from command line() 
core.pack.task: Packer task: initialize from command line() 
protocols.moves.MonteCarlo: MonteCarlo:: last_accepted_score,lowest_score: -1302.58 -1302.58
protocols.motifs.Motif: Res1 name is PHE
protocols.motifs.Motif: atom1 name is aroC
protocols.motifs.Motif: atom2 name is aroC
protocols.motifs.Motif: atom3 name is Oaro
protocols.motifs.Motif: Res1 name is GLU
protocols.motifs.Motif: atom1 name is aroC
protocols.motifs.Motif: atom2 name is aroC
protocols.motifs.Motif: atom3 name is aroC
protocols.motifs.Motif: Res1 name is HIS
protocols.motifs.Motif: atom1 name is aroC
protocols.motifs.Motif: atom2 name is aroC
protocols.motifs.Motif: atom3 name is aroC
protocols.motifs.Motif: Res1 name is TYR
protocols.motifs.Motif: atom1 name is aroC
protocols.motifs.Motif: atom2 name is aroC
protocols.motifs.Motif: atom3 name is Cl
core.pack.task: Packer task: initialize from command line() 
core.pack.task: Packer task: initialize from command line() 
core.pack.task: Packer task: initialize from command line() 
protocols.moves.MonteCarlo: MonteCarlo:: last_accepted_score,lowest_score: -1299.92 -1299.92
protocols.motifs.Motif: Res1 name is PHE
protocols.motifs.Motif: atom1 name is aroC
protocols.motifs.Motif: atom2 name is aroC
protocols.motifs.Motif: atom3 name is CH1
protocols.motifs.Motif: Res1 name is GLU
protocols.motifs.Motif: atom1 name is aroC
protocols.motifs.Motif: atom2 name is aroC
protocols.motifs.Motif: atom3 name is aroC
protocols.motifs.Motif: Res1 name is TYR
protocols.motifs.Motif: atom1 name is aroC
protocols.motifs.Motif: atom2 name is aroC
protocols.motifs.Motif: atom3 name is aroC
core.pack.task: Packer task: initialize from command line() 
core.pack.task: Packer task: initialize from command line() 
core.pack.task: Packer task: initialize from command line() 
protocols.moves.MonteCarlo: MonteCarlo:: last_accepted_score,lowest_score: -1295.27 -1295.27
protocols.motifs.Motif: Res1 name is PHE
protocols.motifs.Motif: atom1 name is aroC
protocols.motifs.Motif: atom2 name is aroC
protocols.motifs.Motif: atom3 name is OH
protocols.motifs.Motif: Res1 name is ILE
protocols.motifs.Motif: atom1 name is CH3
protocols.motifs.Motif: atom2 name is Ntrp
protocols.motifs.Motif: atom3 name is CH2
protocols.motifs.Motif: Res1 name is GLU
protocols.motifs.Motif: atom1 name is CH2
protocols.motifs.Motif: atom2 name is Ntrp
protocols.motifs.Motif: atom3 name is CH2
protocols.motifs.Motif: Res1 name is HIS
protocols.motifs.Motif: atom1 name is CH1
protocols.motifs.Motif: atom2 name is CH1
protocols.motifs.Motif: atom3 name is OH
protocols.motifs.Motif: Res1 name is TYR
protocols.motifs.Motif: atom1 name is CH3
protocols.motifs.Motif: atom2 name is Ntrp
protocols.motifs.Motif: atom3 name is CH2
protocols.motifs.Motif: Res1 name is TYR
protocols.motifs.Motif: atom1 name is aroC
protocols.motifs.Motif: atom2 name is COO
protocols.motifs.Motif: atom3 name is OOC
protocols.motifs.Motif: Res1 name is PHE
protocols.motifs.Motif: atom1 name is CH3
protocols.motifs.Motif: atom2 name is Ntrp
protocols.motifs.Motif: atom3 name is CH2
LigandDiscoverySearch.discover: Done iterating all trios, moving to next ligand
LigandDiscoverySearch.discover: Total passing attempts for ligand is 321
LigandDiscoverySearch.discover: Total clashing attempts for ligand is 6547
