********  (C) Copyright Rosetta Commons Member Institutions.  ***************
* Use of Rosetta for commercial purposes may require purchase of a license. *
********  See LICENSE.md or email license@uw.edu for more details. **********
core.init: Checking for fconfig files in pwd and ./rosetta/flags 
core.init: Rosetta version: 2024.19.post.dev+283.updatedliganddiscoverysearchcodeagmay2024.10ed978 10ed97813f1920392b632603a23dedae0d4f102d https://github.com/RosettaCommons/rosetta.git 2024-10-15T12:35:46
core.init: Rosetta extras: []
core.init: command: /scratch/abgvg9/rosetta_may_for_checkin/rosetta//source/bin/ligand_discovery_search_protocol.linuxgccrelease @comt_res_134_0_args
basic.random.init_random_generator: Constant seed mode, seed=1111111 seed_offset=0 real_seed=1111111
basic.random.init_random_generator: RandomGenerator:init: Normal mode, seed=1111111 RG_type=mt19937
core.init: Resolved executable path: /scratch/abgvg9/rosetta_may_for_checkin/rosetta/source/build/src/release/linux/3.10/64/x86/gcc/8.2/default/ligand_discovery_search_protocol.default.linuxgccrelease
core.init: Looking for database based on location of executable: /scratch/abgvg9/rosetta_may_for_checkin/rosetta/database/
LDS_app: Making Pose of input pdb file(s)
protocols.motifs.motif_utils: Got filename
protocols.motifs.motif_utils: Made motiflibrary
core.chemical.GlobalResidueTypeSet: Finished initializing fa_standard residue type set.  Created 985 residue types
core.chemical.GlobalResidueTypeSet: Total time to initialize 0.82 seconds.
protocols.motifs.motif_utils: added motifs from file
LDS_app: Collected motifs library with 1649150 motifs. 
core.chemical.GlobalResidueTypeSet: For ResidueTypeSet fa_standard there is no exclude_pdb_component_list.txt file to list known PDB ids.
core.chemical.GlobalResidueTypeSet:     This will turn off PDB component loading for ResidueTypeSet fa_standard
core.chemical.GlobalResidueTypeSet:     Expected file: /data/user/abgvg9/benchmark/files/all/comt/test_params/exclude_pdb_component_list.txt
core.chemical.GlobalResidueTypeSet: Finished initializing fa_standard residue type set.  Created 1 residue types
core.chemical.GlobalResidueTypeSet: Total time to initialize 0.38 seconds.
core.import_pose.import_pose: File '/data/user/abgvg9/benchmark/files/all/comt/comt.pdb' automatically determined to be of type PDB
core.io.pose_from_sfr.PoseFromSFRBuilder: [ WARNING ] discarding 1 atoms at position 1 in file /data/user/abgvg9/benchmark/files/all/comt/comt.pdb. Best match rsd_type:  GLY:NtermProteinFull
core.io.pose_from_sfr.PoseFromSFRBuilder: [ WARNING ] discarding 1 atoms at position 2 in file /data/user/abgvg9/benchmark/files/all/comt/comt.pdb. Best match rsd_type:  ASP
core.io.pose_from_sfr.PoseFromSFRBuilder: [ WARNING ] discarding 2 atoms at position 3 in file /data/user/abgvg9/benchmark/files/all/comt/comt.pdb. Best match rsd_type:  THR
core.io.pose_from_sfr.PoseFromSFRBuilder: [ WARNING ] discarding 4 atoms at position 4 in file /data/user/abgvg9/benchmark/files/all/comt/comt.pdb. Best match rsd_type:  LYS
core.io.pose_from_sfr.PoseFromSFRBuilder: [ WARNING ] discarding 1 atoms at position 5 in file /data/user/abgvg9/benchmark/files/all/comt/comt.pdb. Best match rsd_type:  GLU
core.io.pose_from_sfr.PoseFromSFRBuilder: [ WARNING ] discarding 3 atoms at position 6 in file /data/user/abgvg9/benchmark/files/all/comt/comt.pdb. Best match rsd_type:  GLN
core.io.pose_from_sfr.PoseFromSFRBuilder: [ WARNING ] discarding 6 atoms at position 7 in file /data/user/abgvg9/benchmark/files/all/comt/comt.pdb. Best match rsd_type:  ARG
core.io.pose_from_sfr.PoseFromSFRBuilder: [ WARNING ] discarding 1 atoms at position 8 in file /data/user/abgvg9/benchmark/files/all/comt/comt.pdb. Best match rsd_type:  ILE
core.io.pose_from_sfr.PoseFromSFRBuilder: [ WARNING ] discarding 1 atoms at position 9 in file /data/user/abgvg9/benchmark/files/all/comt/comt.pdb. Best match rsd_type:  LEU
core.io.pose_from_sfr.PoseFromSFRBuilder: [ WARNING ] discarding 3 atoms at position 10 in file /data/user/abgvg9/benchmark/files/all/comt/comt.pdb. Best match rsd_type:  ASN
core.io.pose_from_sfr.PoseFromSFRBuilder: [ WARNING ] discarding 2 atoms at position 11 in file /data/user/abgvg9/benchmark/files/all/comt/comt.pdb. Best match rsd_type:  HIS
core.io.pose_from_sfr.PoseFromSFRBuilder: [ WARNING ] discarding 1 atoms at position 12 in file /data/user/abgvg9/benchmark/files/all/comt/comt.pdb. Best match rsd_type:  VAL
core.io.pose_from_sfr.PoseFromSFRBuilder: [ WARNING ] discarding 1 atoms at position 13 in file /data/user/abgvg9/benchmark/files/all/comt/comt.pdb. Best match rsd_type:  LEU
core.io.pose_from_sfr.PoseFromSFRBuilder: [ WARNING ] discarding 3 atoms at position 14 in file /data/user/abgvg9/benchmark/files/all/comt/comt.pdb. Best match rsd_type:  GLN
core.io.pose_from_sfr.PoseFromSFRBuilder: [ WARNING ] discarding 2 atoms at position 15 in file /data/user/abgvg9/benchmark/files/all/comt/comt.pdb. Best match rsd_type:  HIS
core.io.pose_from_sfr.PoseFromSFRBuilder: [ WARNING ] discarding 1 atoms at position 16 in file /data/user/abgvg9/benchmark/files/all/comt/comt.pdb. Best match rsd_type:  ALA
core.io.pose_from_sfr.PoseFromSFRBuilder: [ WARNING ] discarding 1 atoms at position 17 in file /data/user/abgvg9/benchmark/files/all/comt/comt.pdb. Best match rsd_type:  GLU
core.io.pose_from_sfr.PoseFromSFRBuilder: [ WARNING ] discarding 1 atoms at position 18 in file /data/user/abgvg9/benchmark/files/all/comt/comt.pdb. Best match rsd_type:  GLY
core.io.pose_from_sfr.PoseFromSFRBuilder: [ WARNING ] discarding 3 atoms at position 19 in file /data/user/abgvg9/benchmark/files/all/comt/comt.pdb. Best match rsd_type:  ASN
core.io.pose_from_sfr.PoseFromSFRBuilder: [ WARNING ] discarding 1 atoms at position 20 in file /data/user/abgvg9/benchmark/files/all/comt/comt.pdb. Best match rsd_type:  ALA
core.io.pose_from_sfr.PoseFromSFRBuilder: [ WARNING ] discarding 3 atoms at position 21 in file /data/user/abgvg9/benchmark/files/all/comt/comt.pdb. Best match rsd_type:  GLN
core.io.pose_from_sfr.PoseFromSFRBuilder: [ WARNING ] discarding 2 atoms at position 22 in file /data/user/abgvg9/benchmark/files/all/comt/comt.pdb. Best match rsd_type:  SER
core.io.pose_from_sfr.PoseFromSFRBuilder: [ WARNING ] discarding 1 atoms at position 23 in file /data/user/abgvg9/benchmark/files/all/comt/comt.pdb. Best match rsd_type:  VAL
core.io.pose_from_sfr.PoseFromSFRBuilder: [ WARNING ] discarding 1 atoms at position 24 in file /data/user/abgvg9/benchmark/files/all/comt/comt.pdb. Best match rsd_type:  LEU
core.io.pose_from_sfr.PoseFromSFRBuilder: [ WARNING ] discarding 1 atoms at position 25 in file /data/user/abgvg9/benchmark/files/all/comt/comt.pdb. Best match rsd_type:  GLU
core.io.pose_from_sfr.PoseFromSFRBuilder: [ WARNING ] discarding 1 atoms at position 26 in file /data/user/abgvg9/benchmark/files/all/comt/comt.pdb. Best match rsd_type:  ALA
core.io.pose_from_sfr.PoseFromSFRBuilder: [ WARNING ] discarding 1 atoms at position 27 in file /data/user/abgvg9/benchmark/files/all/comt/comt.pdb. Best match rsd_type:  ILE
core.io.pose_from_sfr.PoseFromSFRBuilder: [ WARNING ] discarding 1 atoms at position 28 in file /data/user/abgvg9/benchmark/files/all/comt/comt.pdb. Best match rsd_type:  ASP
core.io.pose_from_sfr.PoseFromSFRBuilder: [ WARNING ] discarding 2 atoms at position 29 in file /data/user/abgvg9/benchmark/files/all/comt/comt.pdb. Best match rsd_type:  THR
core.io.pose_from_sfr.PoseFromSFRBuilder: [ WARNING ] discarding 2 atoms at position 30 in file /data/user/abgvg9/benchmark/files/all/comt/comt.pdb. Best match rsd_type:  TYR
core.io.pose_from_sfr.PoseFromSFRBuilder: [ WARNING ] discarding 2 atoms at position 31 in file /data/user/abgvg9/benchmark/files/all/comt/comt.pdb. Best match rsd_type:  CYS
core.io.pose_from_sfr.PoseFromSFRBuilder: [ WARNING ] discarding 1 atoms at position 32 in file /data/user/abgvg9/benchmark/files/all/comt/comt.pdb. Best match rsd_type:  GLU
core.io.pose_from_sfr.PoseFromSFRBuilder: [ WARNING ] discarding 3 atoms at position 33 in file /data/user/abgvg9/benchmark/files/all/comt/comt.pdb. Best match rsd_type:  GLN
core.io.pose_from_sfr.PoseFromSFRBuilder: [ WARNING ] discarding 4 atoms at position 34 in file /data/user/abgvg9/benchmark/files/all/comt/comt.pdb. Best match rsd_type:  LYS
core.io.pose_from_sfr.PoseFromSFRBuilder: [ WARNING ] discarding 1 atoms at position 35 in file /data/user/abgvg9/benchmark/files/all/comt/comt.pdb. Best match rsd_type:  GLU
core.io.pose_from_sfr.PoseFromSFRBuilder: [ WARNING ] discarding 2 atoms at position 36 in file /data/user/abgvg9/benchmark/files/all/comt/comt.pdb. Best match rsd_type:  TRP
core.io.pose_from_sfr.PoseFromSFRBuilder: [ WARNING ] discarding 1 atoms at position 37 in file /data/user/abgvg9/benchmark/files/all/comt/comt.pdb. Best match rsd_type:  ALA
core.io.pose_from_sfr.PoseFromSFRBuilder: [ WARNING ] discarding 1 atoms at position 38 in file /data/user/abgvg9/benchmark/files/all/comt/comt.pdb. Best match rsd_type:  MET
core.io.pose_from_sfr.PoseFromSFRBuilder: [ WARNING ] discarding 3 atoms at position 39 in file /data/user/abgvg9/benchmark/files/all/comt/comt.pdb. Best match rsd_type:  ASN
core.io.pose_from_sfr.PoseFromSFRBuilder: [ WARNING ] discarding 1 atoms at position 40 in file /data/user/abgvg9/benchmark/files/all/comt/comt.pdb. Best match rsd_type:  VAL
core.io.pose_from_sfr.PoseFromSFRBuilder: [ WARNING ] discarding 1 atoms at position 41 in file /data/user/abgvg9/benchmark/files/all/comt/comt.pdb. Best match rsd_type:  GLY
core.io.pose_from_sfr.PoseFromSFRBuilder: [ WARNING ] discarding 1 atoms at position 42 in file /data/user/abgvg9/benchmark/files/all/comt/comt.pdb. Best match rsd_type:  ASP
core.io.pose_from_sfr.PoseFromSFRBuilder: [ WARNING ] discarding 4 atoms at position 43 in file /data/user/abgvg9/benchmark/files/all/comt/comt.pdb. Best match rsd_type:  LYS
core.io.pose_from_sfr.PoseFromSFRBuilder: [ WARNING ] discarding 4 atoms at position 44 in file /data/user/abgvg9/benchmark/files/all/comt/comt.pdb. Best match rsd_type:  LYS
core.io.pose_from_sfr.PoseFromSFRBuilder: [ WARNING ] discarding 1 atoms at position 45 in file /data/user/abgvg9/benchmark/files/all/comt/comt.pdb. Best match rsd_type:  GLY
core.io.pose_from_sfr.PoseFromSFRBuilder: [ WARNING ] discarding 4 atoms at position 46 in file /data/user/abgvg9/benchmark/files/all/comt/comt.pdb. Best match rsd_type:  LYS
core.io.pose_from_sfr.PoseFromSFRBuilder: [ WARNING ] discarding 1 atoms at position 47 in file /data/user/abgvg9/benchmark/files/all/comt/comt.pdb. Best match rsd_type:  ILE
core.io.pose_from_sfr.PoseFromSFRBuilder: [ WARNING ] discarding 1 atoms at position 48 in file /data/user/abgvg9/benchmark/files/all/comt/comt.pdb. Best match rsd_type:  VAL
core.io.pose_from_sfr.PoseFromSFRBuilder: [ WARNING ] discarding 1 atoms at position 49 in file /data/user/abgvg9/benchmark/files/all/comt/comt.pdb. Best match rsd_type:  ASP
core.io.pose_from_sfr.PoseFromSFRBuilder: [ WARNING ] discarding 1 atoms at position 50 in file /data/user/abgvg9/benchmark/files/all/comt/comt.pdb. Best match rsd_type:  ALA
core.io.pose_from_sfr.PoseFromSFRBuilder: [ WARNING ] discarding 1 atoms at position 51 in file /data/user/abgvg9/benchmark/files/all/comt/comt.pdb. Best match rsd_type:  VAL
core.io.pose_from_sfr.PoseFromSFRBuilder: [ WARNING ] discarding 1 atoms at position 52 in file /data/user/abgvg9/benchmark/files/all/comt/comt.pdb. Best match rsd_type:  ILE
core.io.pose_from_sfr.PoseFromSFRBuilder: [ WARNING ] discarding 3 atoms at position 53 in file /data/user/abgvg9/benchmark/files/all/comt/comt.pdb. Best match rsd_type:  GLN
core.io.pose_from_sfr.PoseFromSFRBuilder: [ WARNING ] discarding 1 atoms at position 54 in file /data/user/abgvg9/benchmark/files/all/comt/comt.pdb. Best match rsd_type:  GLU
core.io.pose_from_sfr.PoseFromSFRBuilder: [ WARNING ] discarding 2 atoms at position 55 in file /data/user/abgvg9/benchmark/files/all/comt/comt.pdb. Best match rsd_type:  HIS
core.io.pose_from_sfr.PoseFromSFRBuilder: [ WARNING ] discarding 3 atoms at position 56 in file /data/user/abgvg9/benchmark/files/all/comt/comt.pdb. Best match rsd_type:  GLN
core.io.pose_from_sfr.PoseFromSFRBuilder: [ WARNING ] discarding 2 atoms at position 58 in file /data/user/abgvg9/benchmark/files/all/comt/comt.pdb. Best match rsd_type:  SER
core.io.pose_from_sfr.PoseFromSFRBuilder: [ WARNING ] discarding 1 atoms at position 59 in file /data/user/abgvg9/benchmark/files/all/comt/comt.pdb. Best match rsd_type:  VAL
core.io.pose_from_sfr.PoseFromSFRBuilder: [ WARNING ] discarding 1 atoms at position 60 in file /data/user/abgvg9/benchmark/files/all/comt/comt.pdb. Best match rsd_type:  LEU
core.io.pose_from_sfr.PoseFromSFRBuilder: [ WARNING ] discarding 1 atoms at position 61 in file /data/user/abgvg9/benchmark/files/all/comt/comt.pdb. Best match rsd_type:  LEU
core.io.pose_from_sfr.PoseFromSFRBuilder: [ WARNING ] discarding 1 atoms at position 62 in file /data/user/abgvg9/benchmark/files/all/comt/comt.pdb. Best match rsd_type:  GLU
core.io.pose_from_sfr.PoseFromSFRBuilder: [ WARNING ] discarding 1 atoms at position 63 in file /data/user/abgvg9/benchmark/files/all/comt/comt.pdb. Best match rsd_type:  LEU
core.io.pose_from_sfr.PoseFromSFRBuilder: [ WARNING ] discarding 1 atoms at position 64 in file /data/user/abgvg9/benchmark/files/all/comt/comt.pdb. Best match rsd_type:  GLY
core.io.pose_from_sfr.PoseFromSFRBuilder: [ WARNING ] discarding 1 atoms at position 65 in file /data/user/abgvg9/benchmark/files/all/comt/comt.pdb. Best match rsd_type:  ALA
core.io.pose_from_sfr.PoseFromSFRBuilder: [ WARNING ] discarding 2 atoms at position 66 in file /data/user/abgvg9/benchmark/files/all/comt/comt.pdb. Best match rsd_type:  TYR
core.io.pose_from_sfr.PoseFromSFRBuilder: [ WARNING ] discarding 2 atoms at position 67 in file /data/user/abgvg9/benchmark/files/all/comt/comt.pdb. Best match rsd_type:  CYS
core.io.pose_from_sfr.PoseFromSFRBuilder: [ WARNING ] discarding 1 atoms at position 68 in file /data/user/abgvg9/benchmark/files/all/comt/comt.pdb. Best match rsd_type:  GLY
core.io.pose_from_sfr.PoseFromSFRBuilder: [ WARNING ] discarding 2 atoms at position 69 in file /data/user/abgvg9/benchmark/files/all/comt/comt.pdb. Best match rsd_type:  TYR
core.io.pose_from_sfr.PoseFromSFRBuilder: [ WARNING ] discarding 2 atoms at position 70 in file /data/user/abgvg9/benchmark/files/all/comt/comt.pdb. Best match rsd_type:  SER
core.io.pose_from_sfr.PoseFromSFRBuilder: [ WARNING ] discarding 1 atoms at position 71 in file /data/user/abgvg9/benchmark/files/all/comt/comt.pdb. Best match rsd_type:  ALA
core.io.pose_from_sfr.PoseFromSFRBuilder: [ WARNING ] discarding 1 atoms at position 72 in file /data/user/abgvg9/benchmark/files/all/comt/comt.pdb. Best match rsd_type:  VAL
core.io.pose_from_sfr.PoseFromSFRBuilder: [ WARNING ] discarding 6 atoms at position 73 in file /data/user/abgvg9/benchmark/files/all/comt/comt.pdb. Best match rsd_type:  ARG
core.io.pose_from_sfr.PoseFromSFRBuilder: [ WARNING ] discarding 1 atoms at position 74 in file /data/user/abgvg9/benchmark/files/all/comt/comt.pdb. Best match rsd_type:  MET
core.io.pose_from_sfr.PoseFromSFRBuilder: [ WARNING ] discarding 1 atoms at position 75 in file /data/user/abgvg9/benchmark/files/all/comt/comt.pdb. Best match rsd_type:  ALA
core.io.pose_from_sfr.PoseFromSFRBuilder: [ WARNING ] discarding 6 atoms at position 76 in file /data/user/abgvg9/benchmark/files/all/comt/comt.pdb. Best match rsd_type:  ARG
core.io.pose_from_sfr.PoseFromSFRBuilder: [ WARNING ] discarding 1 atoms at position 77 in file /data/user/abgvg9/benchmark/files/all/comt/comt.pdb. Best match rsd_type:  LEU
core.io.pose_from_sfr.PoseFromSFRBuilder: [ WARNING ] discarding 1 atoms at position 78 in file /data/user/abgvg9/benchmark/files/all/comt/comt.pdb. Best match rsd_type:  LEU
core.io.pose_from_sfr.PoseFromSFRBuilder: [ WARNING ] discarding 2 atoms at position 79 in file /data/user/abgvg9/benchmark/files/all/comt/comt.pdb. Best match rsd_type:  SER
core.io.pose_from_sfr.PoseFromSFRBuilder: [ WARNING ] discarding 1 atoms at position 80 in file /data/user/abgvg9/benchmark/files/all/comt/comt.pdb. Best match rsd_type:  ALA
core.io.pose_from_sfr.PoseFromSFRBuilder: [ WARNING ] discarding 6 atoms at position 81 in file /data/user/abgvg9/benchmark/files/all/comt/comt.pdb. Best match rsd_type:  ARG
core.io.pose_from_sfr.PoseFromSFRBuilder: [ WARNING ] discarding 1 atoms at position 82 in file /data/user/abgvg9/benchmark/files/all/comt/comt.pdb. Best match rsd_type:  LEU
core.io.pose_from_sfr.PoseFromSFRBuilder: [ WARNING ] discarding 1 atoms at position 83 in file /data/user/abgvg9/benchmark/files/all/comt/comt.pdb. Best match rsd_type:  ILE
core.io.pose_from_sfr.PoseFromSFRBuilder: [ WARNING ] discarding 2 atoms at position 84 in file /data/user/abgvg9/benchmark/files/all/comt/comt.pdb. Best match rsd_type:  THR
core.io.pose_from_sfr.PoseFromSFRBuilder: [ WARNING ] discarding 1 atoms at position 85 in file /data/user/abgvg9/benchmark/files/all/comt/comt.pdb. Best match rsd_type:  ILE
core.io.pose_from_sfr.PoseFromSFRBuilder: [ WARNING ] discarding 1 atoms at position 86 in file /data/user/abgvg9/benchmark/files/all/comt/comt.pdb. Best match rsd_type:  GLU
core.io.pose_from_sfr.PoseFromSFRBuilder: [ WARNING ] discarding 1 atoms at position 87 in file /data/user/abgvg9/benchmark/files/all/comt/comt.pdb. Best match rsd_type:  ILE
core.io.pose_from_sfr.PoseFromSFRBuilder: [ WARNING ] discarding 3 atoms at position 88 in file /data/user/abgvg9/benchmark/files/all/comt/comt.pdb. Best match rsd_type:  ASN
core.io.pose_from_sfr.PoseFromSFRBuilder: [ WARNING ] discarding 1 atoms at position 90 in file /data/user/abgvg9/benchmark/files/all/comt/comt.pdb. Best match rsd_type:  ASP
core.io.pose_from_sfr.PoseFromSFRBuilder: [ WARNING ] discarding 2 atoms at position 91 in file /data/user/abgvg9/benchmark/files/all/comt/comt.pdb. Best match rsd_type:  CYS
core.io.pose_from_sfr.PoseFromSFRBuilder: [ WARNING ] discarding 1 atoms at position 92 in file /data/user/abgvg9/benchmark/files/all/comt/comt.pdb. Best match rsd_type:  ALA
core.io.pose_from_sfr.PoseFromSFRBuilder: [ WARNING ] discarding 1 atoms at position 93 in file /data/user/abgvg9/benchmark/files/all/comt/comt.pdb. Best match rsd_type:  ALA
core.io.pose_from_sfr.PoseFromSFRBuilder: [ WARNING ] discarding 1 atoms at position 94 in file /data/user/abgvg9/benchmark/files/all/comt/comt.pdb. Best match rsd_type:  ILE
core.io.pose_from_sfr.PoseFromSFRBuilder: [ WARNING ] discarding 2 atoms at position 95 in file /data/user/abgvg9/benchmark/files/all/comt/comt.pdb. Best match rsd_type:  THR
core.io.pose_from_sfr.PoseFromSFRBuilder: [ WARNING ] discarding 3 atoms at position 96 in file /data/user/abgvg9/benchmark/files/all/comt/comt.pdb. Best match rsd_type:  GLN
core.io.pose_from_sfr.PoseFromSFRBuilder: [ WARNING ] discarding 6 atoms at position 97 in file /data/user/abgvg9/benchmark/files/all/comt/comt.pdb. Best match rsd_type:  ARG
core.io.pose_from_sfr.PoseFromSFRBuilder: [ WARNING ] discarding 1 atoms at position 98 in file /data/user/abgvg9/benchmark/files/all/comt/comt.pdb. Best match rsd_type:  MET
core.io.pose_from_sfr.PoseFromSFRBuilder: [ WARNING ] discarding 1 atoms at position 99 in file /data/user/abgvg9/benchmark/files/all/comt/comt.pdb. Best match rsd_type:  VAL
core.io.pose_from_sfr.PoseFromSFRBuilder: [ WARNING ] discarding 1 atoms at position 100 in file /data/user/abgvg9/benchmark/files/all/comt/comt.pdb. Best match rsd_type:  ASP
core.io.pose_from_sfr.PoseFromSFRBuilder: [ WARNING ] discarding 1 atoms at position 101 in file /data/user/abgvg9/benchmark/files/all/comt/comt.pdb. Best match rsd_type:  PHE
core.io.pose_from_sfr.PoseFromSFRBuilder: [ WARNING ] discarding 1 atoms at position 102 in file /data/user/abgvg9/benchmark/files/all/comt/comt.pdb. Best match rsd_type:  ALA
core.io.pose_from_sfr.PoseFromSFRBuilder: [ WARNING ] discarding 1 atoms at position 103 in file /data/user/abgvg9/benchmark/files/all/comt/comt.pdb. Best match rsd_type:  GLY
core.io.pose_from_sfr.PoseFromSFRBuilder: [ WARNING ] discarding 1 atoms at position 104 in file /data/user/abgvg9/benchmark/files/all/comt/comt.pdb. Best match rsd_type:  VAL
core.io.pose_from_sfr.PoseFromSFRBuilder: [ WARNING ] discarding 4 atoms at position 105 in file /data/user/abgvg9/benchmark/files/all/comt/comt.pdb. Best match rsd_type:  LYS
core.io.pose_from_sfr.PoseFromSFRBuilder: [ WARNING ] discarding 1 atoms at position 106 in file /data/user/abgvg9/benchmark/files/all/comt/comt.pdb. Best match rsd_type:  ASP
core.io.pose_from_sfr.PoseFromSFRBuilder: [ WARNING ] discarding 4 atoms at position 107 in file /data/user/abgvg9/benchmark/files/all/comt/comt.pdb. Best match rsd_type:  LYS
core.io.pose_from_sfr.PoseFromSFRBuilder: [ WARNING ] discarding 1 atoms at position 108 in file /data/user/abgvg9/benchmark/files/all/comt/comt.pdb. Best match rsd_type:  VAL
core.io.pose_from_sfr.PoseFromSFRBuilder: [ WARNING ] discarding 2 atoms at position 109 in file /data/user/abgvg9/benchmark/files/all/comt/comt.pdb. Best match rsd_type:  THR
core.io.pose_from_sfr.PoseFromSFRBuilder: [ WARNING ] discarding 1 atoms at position 110 in file /data/user/abgvg9/benchmark/files/all/comt/comt.pdb. Best match rsd_type:  LEU
core.io.pose_from_sfr.PoseFromSFRBuilder: [ WARNING ] discarding 1 atoms at position 111 in file /data/user/abgvg9/benchmark/files/all/comt/comt.pdb. Best match rsd_type:  VAL
core.io.pose_from_sfr.PoseFromSFRBuilder: [ WARNING ] discarding 1 atoms at position 112 in file /data/user/abgvg9/benchmark/files/all/comt/comt.pdb. Best match rsd_type:  VAL
core.io.pose_from_sfr.PoseFromSFRBuilder: [ WARNING ] discarding 1 atoms at position 113 in file /data/user/abgvg9/benchmark/files/all/comt/comt.pdb. Best match rsd_type:  GLY
core.io.pose_from_sfr.PoseFromSFRBuilder: [ WARNING ] discarding 1 atoms at position 114 in file /data/user/abgvg9/benchmark/files/all/comt/comt.pdb. Best match rsd_type:  ALA
core.io.pose_from_sfr.PoseFromSFRBuilder: [ WARNING ] discarding 2 atoms at position 115 in file /data/user/abgvg9/benchmark/files/all/comt/comt.pdb. Best match rsd_type:  SER
core.io.pose_from_sfr.PoseFromSFRBuilder: [ WARNING ] discarding 3 atoms at position 116 in file /data/user/abgvg9/benchmark/files/all/comt/comt.pdb. Best match rsd_type:  GLN
core.io.pose_from_sfr.PoseFromSFRBuilder: [ WARNING ] discarding 1 atoms at position 117 in file /data/user/abgvg9/benchmark/files/all/comt/comt.pdb. Best match rsd_type:  ASP
core.io.pose_from_sfr.PoseFromSFRBuilder: [ WARNING ] discarding 1 atoms at position 118 in file /data/user/abgvg9/benchmark/files/all/comt/comt.pdb. Best match rsd_type:  ILE
core.io.pose_from_sfr.PoseFromSFRBuilder: [ WARNING ] discarding 1 atoms at position 119 in file /data/user/abgvg9/benchmark/files/all/comt/comt.pdb. Best match rsd_type:  ILE
core.io.pose_from_sfr.PoseFromSFRBuilder: [ WARNING ] discarding 3 atoms at position 121 in file /data/user/abgvg9/benchmark/files/all/comt/comt.pdb. Best match rsd_type:  GLN
core.io.pose_from_sfr.PoseFromSFRBuilder: [ WARNING ] discarding 1 atoms at position 122 in file /data/user/abgvg9/benchmark/files/all/comt/comt.pdb. Best match rsd_type:  LEU
core.io.pose_from_sfr.PoseFromSFRBuilder: [ WARNING ] discarding 4 atoms at position 123 in file /data/user/abgvg9/benchmark/files/all/comt/comt.pdb. Best match rsd_type:  LYS
core.io.pose_from_sfr.PoseFromSFRBuilder: [ WARNING ] discarding 2 atoms at position 124 in file /data/user/abgvg9/benchmark/files/all/comt/comt.pdb. Best match rsd_type:  TYR
core.io.pose_from_sfr.PoseFromSFRBuilder: [ WARNING ] discarding 1 atoms at position 125 in file /data/user/abgvg9/benchmark/files/all/comt/comt.pdb. Best match rsd_type:  VAL
core.io.pose_from_sfr.PoseFromSFRBuilder: [ WARNING ] discarding 2 atoms at position 126 in file /data/user/abgvg9/benchmark/files/all/comt/comt.pdb. Best match rsd_type:  THR
core.io.pose_from_sfr.PoseFromSFRBuilder: [ WARNING ] discarding 1 atoms at position 127 in file /data/user/abgvg9/benchmark/files/all/comt/comt.pdb. Best match rsd_type:  LEU
core.io.pose_from_sfr.PoseFromSFRBuilder: [ WARNING ] discarding 1 atoms at position 128 in file /data/user/abgvg9/benchmark/files/all/comt/comt.pdb. Best match rsd_type:  ASP
core.io.pose_from_sfr.PoseFromSFRBuilder: [ WARNING ] discarding 1 atoms at position 129 in file /data/user/abgvg9/benchmark/files/all/comt/comt.pdb. Best match rsd_type:  MET
core.io.pose_from_sfr.PoseFromSFRBuilder: [ WARNING ] discarding 1 atoms at position 130 in file /data/user/abgvg9/benchmark/files/all/comt/comt.pdb. Best match rsd_type:  VAL
core.io.pose_from_sfr.PoseFromSFRBuilder: [ WARNING ] discarding 1 atoms at position 131 in file /data/user/abgvg9/benchmark/files/all/comt/comt.pdb. Best match rsd_type:  PHE
core.io.pose_from_sfr.PoseFromSFRBuilder: [ WARNING ] discarding 1 atoms at position 132 in file /data/user/abgvg9/benchmark/files/all/comt/comt.pdb. Best match rsd_type:  LEU
core.io.pose_from_sfr.PoseFromSFRBuilder: [ WARNING ] discarding 2 atoms at position 133 in file /data/user/abgvg9/benchmark/files/all/comt/comt.pdb. Best match rsd_type:  HIS
core.io.pose_from_sfr.PoseFromSFRBuilder: [ WARNING ] discarding 2 atoms at position 134 in file /data/user/abgvg9/benchmark/files/all/comt/comt.pdb. Best match rsd_type:  TRP
core.io.pose_from_sfr.PoseFromSFRBuilder: [ WARNING ] discarding 4 atoms at position 135 in file /data/user/abgvg9/benchmark/files/all/comt/comt.pdb. Best match rsd_type:  LYS
core.io.pose_from_sfr.PoseFromSFRBuilder: [ WARNING ] discarding 1 atoms at position 136 in file /data/user/abgvg9/benchmark/files/all/comt/comt.pdb. Best match rsd_type:  ASP
core.io.pose_from_sfr.PoseFromSFRBuilder: [ WARNING ] discarding 6 atoms at position 137 in file /data/user/abgvg9/benchmark/files/all/comt/comt.pdb. Best match rsd_type:  ARG
core.io.pose_from_sfr.PoseFromSFRBuilder: [ WARNING ] discarding 2 atoms at position 138 in file /data/user/abgvg9/benchmark/files/all/comt/comt.pdb. Best match rsd_type:  TYR
core.io.pose_from_sfr.PoseFromSFRBuilder: [ WARNING ] discarding 1 atoms at position 139 in file /data/user/abgvg9/benchmark/files/all/comt/comt.pdb. Best match rsd_type:  LEU
core.io.pose_from_sfr.PoseFromSFRBuilder: [ WARNING ] discarding 1 atoms at position 141 in file /data/user/abgvg9/benchmark/files/all/comt/comt.pdb. Best match rsd_type:  ASP
core.io.pose_from_sfr.PoseFromSFRBuilder: [ WARNING ] discarding 2 atoms at position 142 in file /data/user/abgvg9/benchmark/files/all/comt/comt.pdb. Best match rsd_type:  THR
core.io.pose_from_sfr.PoseFromSFRBuilder: [ WARNING ] discarding 1 atoms at position 143 in file /data/user/abgvg9/benchmark/files/all/comt/comt.pdb. Best match rsd_type:  LEU
core.io.pose_from_sfr.PoseFromSFRBuilder: [ WARNING ] discarding 1 atoms at position 144 in file /data/user/abgvg9/benchmark/files/all/comt/comt.pdb. Best match rsd_type:  LEU
core.io.pose_from_sfr.PoseFromSFRBuilder: [ WARNING ] discarding 1 atoms at position 145 in file /data/user/abgvg9/benchmark/files/all/comt/comt.pdb. Best match rsd_type:  LEU
core.io.pose_from_sfr.PoseFromSFRBuilder: [ WARNING ] discarding 1 atoms at position 146 in file /data/user/abgvg9/benchmark/files/all/comt/comt.pdb. Best match rsd_type:  GLU
core.io.pose_from_sfr.PoseFromSFRBuilder: [ WARNING ] discarding 1 atoms at position 147 in file /data/user/abgvg9/benchmark/files/all/comt/comt.pdb. Best match rsd_type:  GLU
core.io.pose_from_sfr.PoseFromSFRBuilder: [ WARNING ] discarding 2 atoms at position 148 in file /data/user/abgvg9/benchmark/files/all/comt/comt.pdb. Best match rsd_type:  CYS
core.io.pose_from_sfr.PoseFromSFRBuilder: [ WARNING ] discarding 1 atoms at position 149 in file /data/user/abgvg9/benchmark/files/all/comt/comt.pdb. Best match rsd_type:  GLY
core.io.pose_from_sfr.PoseFromSFRBuilder: [ WARNING ] discarding 1 atoms at position 150 in file /data/user/abgvg9/benchmark/files/all/comt/comt.pdb. Best match rsd_type:  LEU
core.io.pose_from_sfr.PoseFromSFRBuilder: [ WARNING ] discarding 1 atoms at position 151 in file /data/user/abgvg9/benchmark/files/all/comt/comt.pdb. Best match rsd_type:  LEU
core.io.pose_from_sfr.PoseFromSFRBuilder: [ WARNING ] discarding 6 atoms at position 152 in file /data/user/abgvg9/benchmark/files/all/comt/comt.pdb. Best match rsd_type:  ARG
core.io.pose_from_sfr.PoseFromSFRBuilder: [ WARNING ] discarding 1 atoms at position 153 in file /data/user/abgvg9/benchmark/files/all/comt/comt.pdb. Best match rsd_type:  GLY
core.io.pose_from_sfr.PoseFromSFRBuilder: [ WARNING ] discarding 2 atoms at position 154 in file /data/user/abgvg9/benchmark/files/all/comt/comt.pdb. Best match rsd_type:  THR
core.io.pose_from_sfr.PoseFromSFRBuilder: [ WARNING ] discarding 1 atoms at position 155 in file /data/user/abgvg9/benchmark/files/all/comt/comt.pdb. Best match rsd_type:  VAL
core.io.pose_from_sfr.PoseFromSFRBuilder: [ WARNING ] discarding 1 atoms at position 156 in file /data/user/abgvg9/benchmark/files/all/comt/comt.pdb. Best match rsd_type:  LEU
core.io.pose_from_sfr.PoseFromSFRBuilder: [ WARNING ] discarding 1 atoms at position 157 in file /data/user/abgvg9/benchmark/files/all/comt/comt.pdb. Best match rsd_type:  LEU
core.io.pose_from_sfr.PoseFromSFRBuilder: [ WARNING ] discarding 1 atoms at position 158 in file /data/user/abgvg9/benchmark/files/all/comt/comt.pdb. Best match rsd_type:  ALA
core.io.pose_from_sfr.PoseFromSFRBuilder: [ WARNING ] discarding 1 atoms at position 159 in file /data/user/abgvg9/benchmark/files/all/comt/comt.pdb. Best match rsd_type:  VAL
core.io.pose_from_sfr.PoseFromSFRBuilder: [ WARNING ] discarding 1 atoms at position 160 in file /data/user/abgvg9/benchmark/files/all/comt/comt.pdb. Best match rsd_type:  ILE
core.io.pose_from_sfr.PoseFromSFRBuilder: [ WARNING ] discarding 2 atoms at position 161 in file /data/user/abgvg9/benchmark/files/all/comt/comt.pdb. Best match rsd_type:  CYS
core.io.pose_from_sfr.PoseFromSFRBuilder: [ WARNING ] discarding 1 atoms at position 163 in file /data/user/abgvg9/benchmark/files/all/comt/comt.pdb. Best match rsd_type:  GLY
core.io.pose_from_sfr.PoseFromSFRBuilder: [ WARNING ] discarding 1 atoms at position 164 in file /data/user/abgvg9/benchmark/files/all/comt/comt.pdb. Best match rsd_type:  ALA
core.io.pose_from_sfr.PoseFromSFRBuilder: [ WARNING ] discarding 1 atoms at position 166 in file /data/user/abgvg9/benchmark/files/all/comt/comt.pdb. Best match rsd_type:  ASP
core.io.pose_from_sfr.PoseFromSFRBuilder: [ WARNING ] discarding 1 atoms at position 167 in file /data/user/abgvg9/benchmark/files/all/comt/comt.pdb. Best match rsd_type:  PHE
core.io.pose_from_sfr.PoseFromSFRBuilder: [ WARNING ] discarding 1 atoms at position 168 in file /data/user/abgvg9/benchmark/files/all/comt/comt.pdb. Best match rsd_type:  LEU
core.io.pose_from_sfr.PoseFromSFRBuilder: [ WARNING ] discarding 1 atoms at position 169 in file /data/user/abgvg9/benchmark/files/all/comt/comt.pdb. Best match rsd_type:  ALA
core.io.pose_from_sfr.PoseFromSFRBuilder: [ WARNING ] discarding 2 atoms at position 170 in file /data/user/abgvg9/benchmark/files/all/comt/comt.pdb. Best match rsd_type:  HIS
core.io.pose_from_sfr.PoseFromSFRBuilder: [ WARNING ] discarding 1 atoms at position 171 in file /data/user/abgvg9/benchmark/files/all/comt/comt.pdb. Best match rsd_type:  VAL
core.io.pose_from_sfr.PoseFromSFRBuilder: [ WARNING ] discarding 6 atoms at position 172 in file /data/user/abgvg9/benchmark/files/all/comt/comt.pdb. Best match rsd_type:  ARG
core.io.pose_from_sfr.PoseFromSFRBuilder: [ WARNING ] discarding 1 atoms at position 173 in file /data/user/abgvg9/benchmark/files/all/comt/comt.pdb. Best match rsd_type:  GLY
core.io.pose_from_sfr.PoseFromSFRBuilder: [ WARNING ] discarding 2 atoms at position 174 in file /data/user/abgvg9/benchmark/files/all/comt/comt.pdb. Best match rsd_type:  SER
core.io.pose_from_sfr.PoseFromSFRBuilder: [ WARNING ] discarding 2 atoms at position 175 in file /data/user/abgvg9/benchmark/files/all/comt/comt.pdb. Best match rsd_type:  CYS
core.io.pose_from_sfr.PoseFromSFRBuilder: [ WARNING ] discarding 1 atoms at position 176 in file /data/user/abgvg9/benchmark/files/all/comt/comt.pdb. Best match rsd_type:  PHE
core.io.pose_from_sfr.PoseFromSFRBuilder: [ WARNING ] discarding 1 atoms at position 177 in file /data/user/abgvg9/benchmark/files/all/comt/comt.pdb. Best match rsd_type:  GLU
core.io.pose_from_sfr.PoseFromSFRBuilder: [ WARNING ] discarding 2 atoms at position 178 in file /data/user/abgvg9/benchmark/files/all/comt/comt.pdb. Best match rsd_type:  CYS
core.io.pose_from_sfr.PoseFromSFRBuilder: [ WARNING ] discarding 2 atoms at position 179 in file /data/user/abgvg9/benchmark/files/all/comt/comt.pdb. Best match rsd_type:  THR
core.io.pose_from_sfr.PoseFromSFRBuilder: [ WARNING ] discarding 3 atoms at position 180 in file /data/user/abgvg9/benchmark/files/all/comt/comt.pdb. Best match rsd_type:  HIS
core.io.pose_from_sfr.PoseFromSFRBuilder: [ WARNING ] discarding 2 atoms at position 181 in file /data/user/abgvg9/benchmark/files/all/comt/comt.pdb. Best match rsd_type:  TYR
core.io.pose_from_sfr.PoseFromSFRBuilder: [ WARNING ] discarding 3 atoms at position 182 in file /data/user/abgvg9/benchmark/files/all/comt/comt.pdb. Best match rsd_type:  GLN
core.io.pose_from_sfr.PoseFromSFRBuilder: [ WARNING ] discarding 2 atoms at position 183 in file /data/user/abgvg9/benchmark/files/all/comt/comt.pdb. Best match rsd_type:  SER
core.io.pose_from_sfr.PoseFromSFRBuilder: [ WARNING ] discarding 1 atoms at position 184 in file /data/user/abgvg9/benchmark/files/all/comt/comt.pdb. Best match rsd_type:  PHE
core.io.pose_from_sfr.PoseFromSFRBuilder: [ WARNING ] discarding 1 atoms at position 185 in file /data/user/abgvg9/benchmark/files/all/comt/comt.pdb. Best match rsd_type:  LEU
core.io.pose_from_sfr.PoseFromSFRBuilder: [ WARNING ] discarding 1 atoms at position 186 in file /data/user/abgvg9/benchmark/files/all/comt/comt.pdb. Best match rsd_type:  GLU
core.io.pose_from_sfr.PoseFromSFRBuilder: [ WARNING ] discarding 2 atoms at position 187 in file /data/user/abgvg9/benchmark/files/all/comt/comt.pdb. Best match rsd_type:  TYR
core.io.pose_from_sfr.PoseFromSFRBuilder: [ WARNING ] discarding 6 atoms at position 188 in file /data/user/abgvg9/benchmark/files/all/comt/comt.pdb. Best match rsd_type:  ARG
core.io.pose_from_sfr.PoseFromSFRBuilder: [ WARNING ] discarding 1 atoms at position 189 in file /data/user/abgvg9/benchmark/files/all/comt/comt.pdb. Best match rsd_type:  GLU
core.io.pose_from_sfr.PoseFromSFRBuilder: [ WARNING ] discarding 1 atoms at position 190 in file /data/user/abgvg9/benchmark/files/all/comt/comt.pdb. Best match rsd_type:  VAL
core.io.pose_from_sfr.PoseFromSFRBuilder: [ WARNING ] discarding 1 atoms at position 191 in file /data/user/abgvg9/benchmark/files/all/comt/comt.pdb. Best match rsd_type:  VAL
core.io.pose_from_sfr.PoseFromSFRBuilder: [ WARNING ] discarding 1 atoms at position 192 in file /data/user/abgvg9/benchmark/files/all/comt/comt.pdb. Best match rsd_type:  ASP
core.io.pose_from_sfr.PoseFromSFRBuilder: [ WARNING ] discarding 1 atoms at position 193 in file /data/user/abgvg9/benchmark/files/all/comt/comt.pdb. Best match rsd_type:  GLY
core.io.pose_from_sfr.PoseFromSFRBuilder: [ WARNING ] discarding 1 atoms at position 194 in file /data/user/abgvg9/benchmark/files/all/comt/comt.pdb. Best match rsd_type:  LEU
core.io.pose_from_sfr.PoseFromSFRBuilder: [ WARNING ] discarding 1 atoms at position 195 in file /data/user/abgvg9/benchmark/files/all/comt/comt.pdb. Best match rsd_type:  GLU
core.io.pose_from_sfr.PoseFromSFRBuilder: [ WARNING ] discarding 4 atoms at position 196 in file /data/user/abgvg9/benchmark/files/all/comt/comt.pdb. Best match rsd_type:  LYS
core.io.pose_from_sfr.PoseFromSFRBuilder: [ WARNING ] discarding 1 atoms at position 197 in file /data/user/abgvg9/benchmark/files/all/comt/comt.pdb. Best match rsd_type:  ALA
core.io.pose_from_sfr.PoseFromSFRBuilder: [ WARNING ] discarding 1 atoms at position 198 in file /data/user/abgvg9/benchmark/files/all/comt/comt.pdb. Best match rsd_type:  ILE
core.io.pose_from_sfr.PoseFromSFRBuilder: [ WARNING ] discarding 2 atoms at position 199 in file /data/user/abgvg9/benchmark/files/all/comt/comt.pdb. Best match rsd_type:  TYR
core.io.pose_from_sfr.PoseFromSFRBuilder: [ WARNING ] discarding 4 atoms at position 200 in file /data/user/abgvg9/benchmark/files/all/comt/comt.pdb. Best match rsd_type:  LYS:CtermProteinFull
core.conformation.Conformation: [ WARNING ] missing heavyatom:  OXT on residue LYS:CtermProteinFull 200
LDS_app: Making LigandDiscoverySearch object
core.scoring.etable: Starting energy table calculation
core.scoring.etable: smooth_etable: changing atr/rep split to bottom of energy well
core.scoring.etable: smooth_etable: spline smoothing lj etables (maxdis = 6)
core.scoring.etable: smooth_etable: spline smoothing solvation etables (max_dis = 6)
core.scoring.etable: Finished calculating energy tables.
basic.io.database: Database file opened: scoring/score_functions/PairEPotential/pdb_pair_stats_fine
basic.io.database: Database file opened: scoring/score_functions/hbonds/ref2015_params/HBPoly1D.csv
basic.io.database: Database file opened: scoring/score_functions/hbonds/ref2015_params/HBFadeIntervals.csv
basic.io.database: Database file opened: scoring/score_functions/hbonds/ref2015_params/HBEval.csv
basic.io.database: Database file opened: scoring/score_functions/hbonds/ref2015_params/DonStrength.csv
basic.io.database: Database file opened: scoring/score_functions/hbonds/ref2015_params/AccStrength.csv
basic.io.database: Database file opened: scoring/score_functions/P_AA_pp/P_AA
basic.io.database: Database file opened: scoring/score_functions/P_AA_pp/P_AA_n
core.scoring.P_AA: shapovalov_lib::shap_p_aa_pp_smooth_level of 1( aka low_smooth ) got activated.
basic.io.database: Database file opened: scoring/score_functions/P_AA_pp/shapovalov/10deg/kappa131/a20.prop
basic.io.database: Database file opened: scoring/score_functions/omega/omega_ppdep.all.txt
basic.io.database: Database file opened: scoring/score_functions/omega/omega_ppdep.gly.txt
basic.io.database: Database file opened: scoring/score_functions/omega/omega_ppdep.pro.txt
basic.io.database: Database file opened: scoring/score_functions/omega/omega_ppdep.valile.txt
LDS_app: Running discovery for comt
protocols.ligand_docking.ligand_options.Protocol: Initializing options: 
protocols.ligand_docking.ligand_options.Protocol: allow_minimization_: 1
protocols.ligand_docking.ligand_options.Protocol: allow_repacking_: 1
protocols.ligand_docking.ligand_options.Protocol: all_residues_: 0
LigandDiscoverySearch.discover: Current anchor residue position: 134
LigandDiscoverySearch.create_protein_matrix_space_fill: binding_pocket_dimensions: 10,10,10
LigandDiscoverySearch.create_protein_matrix_space_fill: binding_pocket_dimensions: 1,3,3
LigandDiscoverySearch.create_protein_matrix_space_fill: Sub-region stats without placed region, bound by adjusted coordinates: x(27->29) y(16->22) z(16->22)
LigandDiscoverySearch.discover: Starting to iterate through all ligands
LigandDiscoverySearch.discover: On ligand +
basic.io.database: [ WARNING ] Unable to locate database file chemical/pdb_components/components.c.cif
basic.io.database: [ WARNING ] Unable to locate database file chemical/pdb_components/components.c.cif.gz
core.chemical.GlobalResidueTypeSet: [ WARNING ] Could not find: 'cry' in pdb components files! Skipping residue...
core.pack.task: Packer task: initialize from command line() 
core.pack.task: Packer task: initialize from command line() 
core.pack.task: Packer task: initialize from command line() 
protocols.moves.MonteCarlo: MonteCarlo:: last_accepted_score,lowest_score: -849.102 -849.191
basic.io.database: Database file opened: scoring/score_functions/elec_cp_reps.dat
core.scoring.elec.util: Read 40 countpair representative atoms
core.pack.dunbrack.RotamerLibrary: shapovalov_lib_fixes_enable option is true.
core.pack.dunbrack.RotamerLibrary: shapovalov_lib::shap_dun10_smooth_level of 1( aka lowest_smooth ) got activated.
core.pack.dunbrack.RotamerLibrary: Binary rotamer library selected: /scratch/abgvg9/rosetta_may_for_checkin/rosetta/database/rotamer/shapovalov/StpDwn_0-0-0/Dunbrack10.lib.bin
core.pack.dunbrack.RotamerLibrary: Using Dunbrack library binary file '/scratch/abgvg9/rosetta_may_for_checkin/rosetta/database/rotamer/shapovalov/StpDwn_0-0-0/Dunbrack10.lib.bin'.
core.pack.dunbrack.RotamerLibrary: Dunbrack 2010 library took 0.16 seconds to load from binary
protocols.motifs.Motif: Res1 name is MET
protocols.motifs.Motif: atom1 name is ONH2
protocols.motifs.Motif: atom2 name is Npro
protocols.motifs.Motif: atom3 name is ONH2
protocols.motifs.Motif: Res1 name is TRP
protocols.motifs.Motif: atom1 name is ONH2
protocols.motifs.Motif: atom2 name is Npro
protocols.motifs.Motif: atom3 name is ONH2
protocols.motifs.Motif: Res1 name is LYS
protocols.motifs.Motif: atom1 name is ONH2
protocols.motifs.Motif: atom2 name is Npro
protocols.motifs.Motif: atom3 name is ONH2
protocols.motifs.Motif: Res1 name is PRO
protocols.motifs.Motif: atom1 name is aroC
protocols.motifs.Motif: atom2 name is aroC
protocols.motifs.Motif: atom3 name is OH
core.pack.task: Packer task: initialize from command line() 
core.pack.task: Packer task: initialize from command line() 
core.pack.task: Packer task: initialize from command line() 
protocols.moves.MonteCarlo: MonteCarlo:: last_accepted_score,lowest_score: -847.749 -849.088
protocols.motifs.Motif: Res1 name is TRP
protocols.motifs.Motif: atom1 name is ONH2
protocols.motifs.Motif: atom2 name is Npro
protocols.motifs.Motif: atom3 name is ONH2
protocols.motifs.Motif: Res1 name is MET
protocols.motifs.Motif: atom1 name is ONH2
protocols.motifs.Motif: atom2 name is Npro
protocols.motifs.Motif: atom3 name is ONH2
protocols.motifs.Motif: Res1 name is TRP
protocols.motifs.Motif: atom1 name is ONH2
protocols.motifs.Motif: atom2 name is Npro
protocols.motifs.Motif: atom3 name is ONH2
protocols.motifs.Motif: Res1 name is LYS
protocols.motifs.Motif: atom1 name is aroC
protocols.motifs.Motif: atom2 name is aroC
protocols.motifs.Motif: atom3 name is OH
core.pack.task: Packer task: initialize from command line() 
core.pack.task: Packer task: initialize from command line() 
core.pack.task: Packer task: initialize from command line() 
protocols.moves.MonteCarlo: MonteCarlo:: last_accepted_score,lowest_score: -845.173 -845.703
protocols.motifs.Motif: Res1 name is TRP
protocols.motifs.Motif: atom1 name is ONH2
protocols.motifs.Motif: atom2 name is Npro
protocols.motifs.Motif: atom3 name is ONH2
protocols.motifs.Motif: Res1 name is LYS
protocols.motifs.Motif: atom1 name is ONH2
protocols.motifs.Motif: atom2 name is Npro
protocols.motifs.Motif: atom3 name is ONH2
protocols.motifs.Motif: Res1 name is PRO
protocols.motifs.Motif: atom1 name is aroC
protocols.motifs.Motif: atom2 name is aroC
protocols.motifs.Motif: atom3 name is aroC
core.pack.task: Packer task: initialize from command line() 
core.pack.task: Packer task: initialize from command line() 
core.pack.task: Packer task: initialize from command line() 
protocols.moves.MonteCarlo: MonteCarlo:: last_accepted_score,lowest_score: -846.667 -847.027
protocols.motifs.Motif: Res1 name is MET
protocols.motifs.Motif: atom1 name is ONH2
protocols.motifs.Motif: atom2 name is Npro
protocols.motifs.Motif: atom3 name is ONH2
protocols.motifs.Motif: Res1 name is TRP
protocols.motifs.Motif: atom1 name is aroC
protocols.motifs.Motif: atom2 name is aroC
protocols.motifs.Motif: atom3 name is aroC
protocols.motifs.Motif: Res1 name is LYS
protocols.motifs.Motif: atom1 name is ONH2
protocols.motifs.Motif: atom2 name is Npro
protocols.motifs.Motif: atom3 name is ONH2
protocols.motifs.Motif: Res1 name is PRO
protocols.motifs.Motif: atom1 name is ONH2
protocols.motifs.Motif: atom2 name is Npro
protocols.motifs.Motif: atom3 name is ONH2
core.pack.task: Packer task: initialize from command line() 
core.pack.task: Packer task: initialize from command line() 
core.pack.task: Packer task: initialize from command line() 
protocols.moves.MonteCarlo: MonteCarlo:: last_accepted_score,lowest_score: -850.629 -850.629
protocols.motifs.Motif: Res1 name is MET
protocols.motifs.Motif: atom1 name is aroC
protocols.motifs.Motif: atom2 name is aroC
protocols.motifs.Motif: atom3 name is OH
protocols.motifs.Motif: Res1 name is TRP
protocols.motifs.Motif: atom1 name is ONH2
protocols.motifs.Motif: atom2 name is Npro
protocols.motifs.Motif: atom3 name is ONH2
protocols.motifs.Motif: Res1 name is LYS
protocols.motifs.Motif: atom1 name is ONH2
protocols.motifs.Motif: atom2 name is Npro
protocols.motifs.Motif: atom3 name is ONH2
protocols.motifs.Motif: Res1 name is PRO
protocols.motifs.Motif: atom1 name is ONH2
protocols.motifs.Motif: atom2 name is Npro
protocols.motifs.Motif: atom3 name is ONH2
protocols.motifs.Motif: Res1 name is GLU
protocols.motifs.Motif: atom1 name is ONH2
protocols.motifs.Motif: atom2 name is Npro
protocols.motifs.Motif: atom3 name is ONH2
core.pack.task: Packer task: initialize from command line() 
core.pack.task: Packer task: initialize from command line() 
core.pack.task: Packer task: initialize from command line() 
protocols.moves.MonteCarlo: MonteCarlo:: last_accepted_score,lowest_score: -850.655 -850.824
protocols.motifs.Motif: Res1 name is MET
protocols.motifs.Motif: atom1 name is aroC
protocols.motifs.Motif: atom2 name is aroC
protocols.motifs.Motif: atom3 name is aroC
protocols.motifs.Motif: Res1 name is TRP
protocols.motifs.Motif: atom1 name is ONH2
protocols.motifs.Motif: atom2 name is Npro
protocols.motifs.Motif: atom3 name is ONH2
protocols.motifs.Motif: Res1 name is LYS
protocols.motifs.Motif: atom1 name is aroC
protocols.motifs.Motif: atom2 name is Npro
protocols.motifs.Motif: atom3 name is ONH2
protocols.motifs.Motif: Res1 name is PRO
protocols.motifs.Motif: atom1 name is ONH2
protocols.motifs.Motif: atom2 name is Npro
protocols.motifs.Motif: atom3 name is ONH2
protocols.motifs.Motif: Res1 name is GLU
protocols.motifs.Motif: atom1 name is aroC
protocols.motifs.Motif: atom2 name is aroC
protocols.motifs.Motif: atom3 name is OH
core.pack.task: Packer task: initialize from command line() 
core.pack.task: Packer task: initialize from command line() 
core.pack.task: Packer task: initialize from command line() 
protocols.moves.MonteCarlo: MonteCarlo:: last_accepted_score,lowest_score: -848.133 -848.133
protocols.motifs.Motif: Res1 name is MET
protocols.motifs.Motif: atom1 name is aroC
protocols.motifs.Motif: atom2 name is aroC
protocols.motifs.Motif: atom3 name is OH
protocols.motifs.Motif: Res1 name is TRP
protocols.motifs.Motif: atom1 name is aroC
protocols.motifs.Motif: atom2 name is aroC
protocols.motifs.Motif: atom3 name is aroC
protocols.motifs.Motif: Res1 name is LYS
protocols.motifs.Motif: atom1 name is aroC
protocols.motifs.Motif: atom2 name is aroC
protocols.motifs.Motif: atom3 name is OH
protocols.motifs.Motif: Res1 name is PRO
protocols.motifs.Motif: atom1 name is aroC
protocols.motifs.Motif: atom2 name is aroC
protocols.motifs.Motif: atom3 name is aroC
core.pack.task: Packer task: initialize from command line() 
core.pack.task: Packer task: initialize from command line() 
core.pack.task: Packer task: initialize from command line() 
protocols.moves.MonteCarlo: MonteCarlo:: last_accepted_score,lowest_score: -847.341 -847.526
protocols.motifs.Motif: Res1 name is MET
protocols.motifs.Motif: atom1 name is ONH2
protocols.motifs.Motif: atom2 name is Npro
protocols.motifs.Motif: atom3 name is ONH2
protocols.motifs.Motif: Res1 name is TRP
protocols.motifs.Motif: atom1 name is ONH2
protocols.motifs.Motif: atom2 name is Npro
protocols.motifs.Motif: atom3 name is ONH2
protocols.motifs.Motif: Res1 name is LYS
protocols.motifs.Motif: atom1 name is ONH2
protocols.motifs.Motif: atom2 name is Npro
protocols.motifs.Motif: atom3 name is ONH2
protocols.motifs.Motif: Res1 name is PRO
protocols.motifs.Motif: atom1 name is aroC
protocols.motifs.Motif: atom2 name is aroC
protocols.motifs.Motif: atom3 name is aroC
core.pack.task: Packer task: initialize from command line() 
core.pack.task: Packer task: initialize from command line() 
core.pack.task: Packer task: initialize from command line() 
protocols.moves.MonteCarlo: MonteCarlo:: last_accepted_score,lowest_score: -848.911 -849.111
protocols.motifs.Motif: Res1 name is TRP
protocols.motifs.Motif: atom1 name is ONH2
protocols.motifs.Motif: atom2 name is Npro
protocols.motifs.Motif: atom3 name is ONH2
protocols.motifs.Motif: Res1 name is MET
protocols.motifs.Motif: atom1 name is aroC
protocols.motifs.Motif: atom2 name is aroC
protocols.motifs.Motif: atom3 name is OH
protocols.motifs.Motif: Res1 name is LYS
protocols.motifs.Motif: atom1 name is ONH2
protocols.motifs.Motif: atom2 name is Npro
protocols.motifs.Motif: atom3 name is ONH2
protocols.motifs.Motif: Res1 name is PRO
protocols.motifs.Motif: atom1 name is aroC
protocols.motifs.Motif: atom2 name is aroC
protocols.motifs.Motif: atom3 name is aroC
protocols.motifs.Motif: Res1 name is LEU
protocols.motifs.Motif: atom1 name is ONH2
protocols.motifs.Motif: atom2 name is Npro
protocols.motifs.Motif: atom3 name is ONH2
core.pack.task: Packer task: initialize from command line() 
core.pack.task: Packer task: initialize from command line() 
core.pack.task: Packer task: initialize from command line() 
protocols.moves.MonteCarlo: MonteCarlo:: last_accepted_score,lowest_score: -849.569 -849.569
protocols.motifs.Motif: Res1 name is MET
protocols.motifs.Motif: atom1 name is aroC
protocols.motifs.Motif: atom2 name is aroC
protocols.motifs.Motif: atom3 name is OH
protocols.motifs.Motif: Res1 name is TRP
protocols.motifs.Motif: atom1 name is ONH2
protocols.motifs.Motif: atom2 name is Npro
protocols.motifs.Motif: atom3 name is ONH2
protocols.motifs.Motif: Res1 name is LYS
protocols.motifs.Motif: atom1 name is ONH2
protocols.motifs.Motif: atom2 name is Npro
protocols.motifs.Motif: atom3 name is ONH2
protocols.motifs.Motif: Res1 name is PRO
protocols.motifs.Motif: atom1 name is aroC
protocols.motifs.Motif: atom2 name is aroC
protocols.motifs.Motif: atom3 name is aroC
core.pack.task: Packer task: initialize from command line() 
core.pack.task: Packer task: initialize from command line() 
core.pack.task: Packer task: initialize from command line() 
protocols.moves.MonteCarlo: MonteCarlo:: last_accepted_score,lowest_score: -845.331 -845.331
protocols.motifs.Motif: Res1 name is TRP
protocols.motifs.Motif: atom1 name is ONH2
protocols.motifs.Motif: atom2 name is Npro
protocols.motifs.Motif: atom3 name is ONH2
protocols.motifs.Motif: Res1 name is MET
protocols.motifs.Motif: atom1 name is ONH2
protocols.motifs.Motif: atom2 name is Npro
protocols.motifs.Motif: atom3 name is ONH2
protocols.motifs.Motif: Res1 name is TRP
protocols.motifs.Motif: atom1 name is ONH2
protocols.motifs.Motif: atom2 name is Npro
protocols.motifs.Motif: atom3 name is ONH2
protocols.motifs.Motif: Res1 name is LYS
protocols.motifs.Motif: atom1 name is ONH2
protocols.motifs.Motif: atom2 name is Npro
protocols.motifs.Motif: atom3 name is ONH2
core.pack.task: Packer task: initialize from command line() 
core.pack.task: Packer task: initialize from command line() 
core.pack.task: Packer task: initialize from command line() 
protocols.moves.MonteCarlo: MonteCarlo:: last_accepted_score,lowest_score: -850.322 -850.339
protocols.motifs.Motif: Res1 name is MET
protocols.motifs.Motif: atom1 name is aroC
protocols.motifs.Motif: atom2 name is aroC
protocols.motifs.Motif: atom3 name is OH
protocols.motifs.Motif: Res1 name is TRP
protocols.motifs.Motif: atom1 name is ONH2
protocols.motifs.Motif: atom2 name is Npro
protocols.motifs.Motif: atom3 name is ONH2
protocols.motifs.Motif: Res1 name is LYS
protocols.motifs.Motif: atom1 name is ONH2
protocols.motifs.Motif: atom2 name is Npro
protocols.motifs.Motif: atom3 name is ONH2
protocols.motifs.Motif: Res1 name is PRO
protocols.motifs.Motif: atom1 name is ONH2
protocols.motifs.Motif: atom2 name is Npro
protocols.motifs.Motif: atom3 name is ONH2
protocols.motifs.Motif: Res1 name is GLU
protocols.motifs.Motif: atom1 name is ONH2
protocols.motifs.Motif: atom2 name is Npro
protocols.motifs.Motif: atom3 name is ONH2
core.pack.task: Packer task: initialize from command line() 
core.pack.task: Packer task: initialize from command line() 
core.pack.task: Packer task: initialize from command line() 
protocols.moves.MonteCarlo: MonteCarlo:: last_accepted_score,lowest_score: -849.257 -849.257
protocols.motifs.Motif: Res1 name is MET
protocols.motifs.Motif: atom1 name is aroC
protocols.motifs.Motif: atom2 name is aroC
protocols.motifs.Motif: atom3 name is OH
protocols.motifs.Motif: Res1 name is TRP
protocols.motifs.Motif: atom1 name is ONH2
protocols.motifs.Motif: atom2 name is Npro
protocols.motifs.Motif: atom3 name is ONH2
protocols.motifs.Motif: Res1 name is LYS
protocols.motifs.Motif: atom1 name is aroC
protocols.motifs.Motif: atom2 name is aroC
protocols.motifs.Motif: atom3 name is aroC
protocols.motifs.Motif: Res1 name is PRO
protocols.motifs.Motif: atom1 name is ONH2
protocols.motifs.Motif: atom2 name is Npro
protocols.motifs.Motif: atom3 name is ONH2
protocols.motifs.Motif: Res1 name is GLU
protocols.motifs.Motif: atom1 name is aroC
protocols.motifs.Motif: atom2 name is aroC
protocols.motifs.Motif: atom3 name is OH
core.pack.task: Packer task: initialize from command line() 
core.pack.task: Packer task: initialize from command line() 
core.pack.task: Packer task: initialize from command line() 
protocols.moves.MonteCarlo: MonteCarlo:: last_accepted_score,lowest_score: -849.258 -849.258
protocols.motifs.Motif: Res1 name is TRP
protocols.motifs.Motif: atom1 name is ONH2
protocols.motifs.Motif: atom2 name is Npro
protocols.motifs.Motif: atom3 name is ONH2
protocols.motifs.Motif: Res1 name is MET
protocols.motifs.Motif: atom1 name is ONH2
protocols.motifs.Motif: atom2 name is Npro
protocols.motifs.Motif: atom3 name is ONH2
protocols.motifs.Motif: Res1 name is TRP
protocols.motifs.Motif: atom1 name is aroC
protocols.motifs.Motif: atom2 name is aroC
protocols.motifs.Motif: atom3 name is OH
protocols.motifs.Motif: Res1 name is LYS
protocols.motifs.Motif: atom1 name is aroC
protocols.motifs.Motif: atom2 name is aroC
protocols.motifs.Motif: atom3 name is OH
protocols.motifs.Motif: Res1 name is PRO
protocols.motifs.Motif: atom1 name is aroC
protocols.motifs.Motif: atom2 name is aroC
protocols.motifs.Motif: atom3 name is aroC
core.pack.task: Packer task: initialize from command line() 
core.pack.task: Packer task: initialize from command line() 
core.pack.task: Packer task: initialize from command line() 
protocols.moves.MonteCarlo: MonteCarlo:: last_accepted_score,lowest_score: -849.719 -849.719
protocols.motifs.Motif: Res1 name is MET
protocols.motifs.Motif: atom1 name is ONH2
protocols.motifs.Motif: atom2 name is Npro
protocols.motifs.Motif: atom3 name is ONH2
protocols.motifs.Motif: Res1 name is TRP
protocols.motifs.Motif: atom1 name is aroC
protocols.motifs.Motif: atom2 name is aroC
protocols.motifs.Motif: atom3 name is aroC
protocols.motifs.Motif: Res1 name is LYS
protocols.motifs.Motif: atom1 name is ONH2
protocols.motifs.Motif: atom2 name is Npro
protocols.motifs.Motif: atom3 name is ONH2
protocols.motifs.Motif: Res1 name is PRO
protocols.motifs.Motif: atom1 name is aroC
protocols.motifs.Motif: atom2 name is aroC
protocols.motifs.Motif: atom3 name is OH
core.pack.task: Packer task: initialize from command line() 
core.pack.task: Packer task: initialize from command line() 
core.pack.task: Packer task: initialize from command line() 
protocols.moves.MonteCarlo: MonteCarlo:: last_accepted_score,lowest_score: -848.354 -848.512
protocols.motifs.Motif: Res1 name is MET
protocols.motifs.Motif: atom1 name is aroC
protocols.motifs.Motif: atom2 name is aroC
protocols.motifs.Motif: atom3 name is aroC
protocols.motifs.Motif: Res1 name is TRP
protocols.motifs.Motif: atom1 name is ONH2
protocols.motifs.Motif: atom2 name is Npro
protocols.motifs.Motif: atom3 name is ONH2
protocols.motifs.Motif: Res1 name is LYS
protocols.motifs.Motif: atom1 name is ONH2
protocols.motifs.Motif: atom2 name is Npro
protocols.motifs.Motif: atom3 name is ONH2
protocols.motifs.Motif: Res1 name is PRO
protocols.motifs.Motif: atom1 name is aroC
protocols.motifs.Motif: atom2 name is aroC
protocols.motifs.Motif: atom3 name is OH
core.pack.task: Packer task: initialize from command line() 
core.pack.task: Packer task: initialize from command line() 
core.pack.task: Packer task: initialize from command line() 
protocols.moves.MonteCarlo: MonteCarlo:: last_accepted_score,lowest_score: -849.756 -849.756
protocols.motifs.Motif: Res1 name is TRP
protocols.motifs.Motif: atom1 name is ONH2
protocols.motifs.Motif: atom2 name is Npro
protocols.motifs.Motif: atom3 name is ONH2
protocols.motifs.Motif: Res1 name is MET
protocols.motifs.Motif: atom1 name is ONH2
protocols.motifs.Motif: atom2 name is Npro
protocols.motifs.Motif: atom3 name is ONH2
protocols.motifs.Motif: Res1 name is TRP
protocols.motifs.Motif: atom1 name is aroC
protocols.motifs.Motif: atom2 name is aroC
protocols.motifs.Motif: atom3 name is OH
protocols.motifs.Motif: Res1 name is LYS
protocols.motifs.Motif: atom1 name is ONH2
protocols.motifs.Motif: atom2 name is Npro
protocols.motifs.Motif: atom3 name is ONH2
protocols.motifs.Motif: Res1 name is PRO
protocols.motifs.Motif: atom1 name is aroC
protocols.motifs.Motif: atom2 name is aroC
protocols.motifs.Motif: atom3 name is OH
core.pack.task: Packer task: initialize from command line() 
core.pack.task: Packer task: initialize from command line() 
core.pack.task: Packer task: initialize from command line() 
protocols.moves.MonteCarlo: MonteCarlo:: last_accepted_score,lowest_score: -846.836 -846.836
protocols.motifs.Motif: Res1 name is MET
protocols.motifs.Motif: atom1 name is aroC
protocols.motifs.Motif: atom2 name is aroC
protocols.motifs.Motif: atom3 name is aroC
protocols.motifs.Motif: Res1 name is TRP
protocols.motifs.Motif: atom1 name is ONH2
protocols.motifs.Motif: atom2 name is Npro
protocols.motifs.Motif: atom3 name is ONH2
protocols.motifs.Motif: Res1 name is LYS
protocols.motifs.Motif: atom1 name is ONH2
protocols.motifs.Motif: atom2 name is Npro
protocols.motifs.Motif: atom3 name is ONH2
core.pack.task: Packer task: initialize from command line() 
core.pack.task: Packer task: initialize from command line() 
core.pack.task: Packer task: initialize from command line() 
protocols.moves.MonteCarlo: MonteCarlo:: last_accepted_score,lowest_score: -846.502 -846.502
protocols.motifs.Motif: Res1 name is MET
protocols.motifs.Motif: atom1 name is aroC
protocols.motifs.Motif: atom2 name is aroC
protocols.motifs.Motif: atom3 name is aroC
protocols.motifs.Motif: Res1 name is TRP
protocols.motifs.Motif: atom1 name is ONH2
protocols.motifs.Motif: atom2 name is Npro
protocols.motifs.Motif: atom3 name is ONH2
protocols.motifs.Motif: Res1 name is LYS
protocols.motifs.Motif: atom1 name is ONH2
protocols.motifs.Motif: atom2 name is Npro
protocols.motifs.Motif: atom3 name is ONH2
core.pack.task: Packer task: initialize from command line() 
core.pack.task: Packer task: initialize from command line() 
core.pack.task: Packer task: initialize from command line() 
protocols.moves.MonteCarlo: MonteCarlo:: last_accepted_score,lowest_score: -850.666 -850.666
protocols.motifs.Motif: Res1 name is MET
protocols.motifs.Motif: atom1 name is aroC
protocols.motifs.Motif: atom2 name is aroC
protocols.motifs.Motif: atom3 name is OH
protocols.motifs.Motif: Res1 name is TRP
protocols.motifs.Motif: atom1 name is ONH2
protocols.motifs.Motif: atom2 name is Npro
protocols.motifs.Motif: atom3 name is ONH2
protocols.motifs.Motif: Res1 name is LYS
protocols.motifs.Motif: atom1 name is ONH2
protocols.motifs.Motif: atom2 name is Npro
protocols.motifs.Motif: atom3 name is ONH2
protocols.motifs.Motif: Res1 name is PRO
protocols.motifs.Motif: atom1 name is ONH2
protocols.motifs.Motif: atom2 name is Npro
protocols.motifs.Motif: atom3 name is ONH2
core.pack.task: Packer task: initialize from command line() 
core.pack.task: Packer task: initialize from command line() 
core.pack.task: Packer task: initialize from command line() 
protocols.moves.MonteCarlo: MonteCarlo:: last_accepted_score,lowest_score: -851.491 -851.62
protocols.motifs.Motif: Res1 name is MET
protocols.motifs.Motif: atom1 name is aroC
protocols.motifs.Motif: atom2 name is aroC
protocols.motifs.Motif: atom3 name is aroC
protocols.motifs.Motif: Res1 name is TRP
protocols.motifs.Motif: atom1 name is aroC
protocols.motifs.Motif: atom2 name is aroC
protocols.motifs.Motif: atom3 name is aroC
protocols.motifs.Motif: Res1 name is LYS
protocols.motifs.Motif: atom1 name is aroC
protocols.motifs.Motif: atom2 name is Npro
protocols.motifs.Motif: atom3 name is ONH2
protocols.motifs.Motif: Res1 name is PRO
protocols.motifs.Motif: atom1 name is aroC
protocols.motifs.Motif: atom2 name is aroC
protocols.motifs.Motif: atom3 name is OH
protocols.motifs.Motif: Res1 name is GLU
protocols.motifs.Motif: atom1 name is ONH2
protocols.motifs.Motif: atom2 name is Npro
protocols.motifs.Motif: atom3 name is ONH2
core.pack.task: Packer task: initialize from command line() 
core.pack.task: Packer task: initialize from command line() 
core.pack.task: Packer task: initialize from command line() 
protocols.moves.MonteCarlo: MonteCarlo:: last_accepted_score,lowest_score: -850.346 -850.361
protocols.motifs.Motif: Res1 name is TRP
protocols.motifs.Motif: atom1 name is ONH2
protocols.motifs.Motif: atom2 name is Npro
protocols.motifs.Motif: atom3 name is ONH2
protocols.motifs.Motif: Res1 name is MET
protocols.motifs.Motif: atom1 name is ONH2
protocols.motifs.Motif: atom2 name is Npro
protocols.motifs.Motif: atom3 name is ONH2
protocols.motifs.Motif: Res1 name is LYS
protocols.motifs.Motif: atom1 name is aroC
protocols.motifs.Motif: atom2 name is aroC
protocols.motifs.Motif: atom3 name is OH
protocols.motifs.Motif: Res1 name is PRO
protocols.motifs.Motif: atom1 name is aroC
protocols.motifs.Motif: atom2 name is Npro
protocols.motifs.Motif: atom3 name is ONH2
protocols.motifs.Motif: Res1 name is GLU
protocols.motifs.Motif: atom1 name is ONH2
protocols.motifs.Motif: atom2 name is Npro
protocols.motifs.Motif: atom3 name is ONH2
core.pack.task: Packer task: initialize from command line() 
core.pack.task: Packer task: initialize from command line() 
core.pack.task: Packer task: initialize from command line() 
protocols.moves.MonteCarlo: MonteCarlo:: last_accepted_score,lowest_score: -850.333 -851.238
protocols.motifs.Motif: Res1 name is MET
protocols.motifs.Motif: atom1 name is aroC
protocols.motifs.Motif: atom2 name is aroC
protocols.motifs.Motif: atom3 name is aroC
protocols.motifs.Motif: Res1 name is LYS
protocols.motifs.Motif: atom1 name is aroC
protocols.motifs.Motif: atom2 name is aroC
protocols.motifs.Motif: atom3 name is aroC
core.pack.task: Packer task: initialize from command line() 
core.pack.task: Packer task: initialize from command line() 
core.pack.task: Packer task: initialize from command line() 
protocols.moves.MonteCarlo: MonteCarlo:: last_accepted_score,lowest_score: -850.555 -851.761
protocols.motifs.Motif: Res1 name is MET
protocols.motifs.Motif: atom1 name is ONH2
protocols.motifs.Motif: atom2 name is Npro
protocols.motifs.Motif: atom3 name is ONH2
protocols.motifs.Motif: Res1 name is TRP
protocols.motifs.Motif: atom1 name is aroC
protocols.motifs.Motif: atom2 name is aroC
protocols.motifs.Motif: atom3 name is OH
protocols.motifs.Motif: Res1 name is LYS
protocols.motifs.Motif: atom1 name is aroC
protocols.motifs.Motif: atom2 name is aroC
protocols.motifs.Motif: atom3 name is OH
protocols.motifs.Motif: Res1 name is GLU
protocols.motifs.Motif: atom1 name is ONH2
protocols.motifs.Motif: atom2 name is Npro
protocols.motifs.Motif: atom3 name is ONH2
core.pack.task: Packer task: initialize from command line() 
core.pack.task: Packer task: initialize from command line() 
core.pack.task: Packer task: initialize from command line() 
protocols.moves.MonteCarlo: MonteCarlo:: last_accepted_score,lowest_score: -851.876 -852.128
protocols.motifs.Motif: Res1 name is MET
protocols.motifs.Motif: atom1 name is aroC
protocols.motifs.Motif: atom2 name is aroC
protocols.motifs.Motif: atom3 name is aroC
protocols.motifs.Motif: Res1 name is TRP
protocols.motifs.Motif: atom1 name is aroC
protocols.motifs.Motif: atom2 name is aroC
protocols.motifs.Motif: atom3 name is OH
protocols.motifs.Motif: Res1 name is LYS
protocols.motifs.Motif: atom1 name is aroC
protocols.motifs.Motif: atom2 name is aroC
protocols.motifs.Motif: atom3 name is aroC
protocols.motifs.Motif: Res1 name is GLU
protocols.motifs.Motif: atom1 name is ONH2
protocols.motifs.Motif: atom2 name is Npro
protocols.motifs.Motif: atom3 name is ONH2
core.pack.task: Packer task: initialize from command line() 
core.pack.task: Packer task: initialize from command line() 
core.pack.task: Packer task: initialize from command line() 
protocols.moves.MonteCarlo: MonteCarlo:: last_accepted_score,lowest_score: -851.347 -851.347
protocols.motifs.Motif: Res1 name is TRP
protocols.motifs.Motif: atom1 name is ONH2
protocols.motifs.Motif: atom2 name is Npro
protocols.motifs.Motif: atom3 name is ONH2
protocols.motifs.Motif: Res1 name is MET
protocols.motifs.Motif: atom1 name is aroC
protocols.motifs.Motif: atom2 name is aroC
protocols.motifs.Motif: atom3 name is aroC
protocols.motifs.Motif: Res1 name is TRP
protocols.motifs.Motif: atom1 name is aroC
protocols.motifs.Motif: atom2 name is aroC
protocols.motifs.Motif: atom3 name is OH
protocols.motifs.Motif: Res1 name is LYS
protocols.motifs.Motif: atom1 name is aroC
protocols.motifs.Motif: atom2 name is Npro
protocols.motifs.Motif: atom3 name is ONH2
protocols.motifs.Motif: Res1 name is PRO
protocols.motifs.Motif: atom1 name is aroC
protocols.motifs.Motif: atom2 name is aroC
protocols.motifs.Motif: atom3 name is OH
protocols.motifs.Motif: Res1 name is LEU
protocols.motifs.Motif: atom1 name is ONH2
protocols.motifs.Motif: atom2 name is Npro
protocols.motifs.Motif: atom3 name is ONH2
protocols.motifs.Motif: Res1 name is GLU
protocols.motifs.Motif: atom1 name is ONH2
protocols.motifs.Motif: atom2 name is Npro
protocols.motifs.Motif: atom3 name is ONH2
core.pack.task: Packer task: initialize from command line() 
core.pack.task: Packer task: initialize from command line() 
core.pack.task: Packer task: initialize from command line() 
protocols.moves.MonteCarlo: MonteCarlo:: last_accepted_score,lowest_score: -847.656 -849.765
protocols.motifs.Motif: Res1 name is MET
protocols.motifs.Motif: atom1 name is aroC
protocols.motifs.Motif: atom2 name is aroC
protocols.motifs.Motif: atom3 name is OH
protocols.motifs.Motif: Res1 name is TRP
protocols.motifs.Motif: atom1 name is ONH2
protocols.motifs.Motif: atom2 name is Npro
protocols.motifs.Motif: atom3 name is ONH2
protocols.motifs.Motif: Res1 name is LYS
protocols.motifs.Motif: atom1 name is aroC
protocols.motifs.Motif: atom2 name is aroC
protocols.motifs.Motif: atom3 name is OH
protocols.motifs.Motif: Res1 name is PRO
protocols.motifs.Motif: atom1 name is ONH2
protocols.motifs.Motif: atom2 name is Npro
protocols.motifs.Motif: atom3 name is ONH2
protocols.motifs.Motif: Res1 name is GLU
protocols.motifs.Motif: atom1 name is ONH2
protocols.motifs.Motif: atom2 name is Npro
protocols.motifs.Motif: atom3 name is ONH2
core.pack.task: Packer task: initialize from command line() 
core.pack.task: Packer task: initialize from command line() 
core.pack.task: Packer task: initialize from command line() 
protocols.moves.MonteCarlo: MonteCarlo:: last_accepted_score,lowest_score: -851.44 -851.989
protocols.motifs.Motif: Res1 name is MET
protocols.motifs.Motif: atom1 name is aroC
protocols.motifs.Motif: atom2 name is aroC
protocols.motifs.Motif: atom3 name is aroC
protocols.motifs.Motif: Res1 name is TRP
protocols.motifs.Motif: atom1 name is aroC
protocols.motifs.Motif: atom2 name is aroC
protocols.motifs.Motif: atom3 name is OH
protocols.motifs.Motif: Res1 name is LYS
protocols.motifs.Motif: atom1 name is aroC
protocols.motifs.Motif: atom2 name is Npro
protocols.motifs.Motif: atom3 name is ONH2
core.pack.task: Packer task: initialize from command line() 
core.pack.task: Packer task: initialize from command line() 
core.pack.task: Packer task: initialize from command line() 
protocols.moves.MonteCarlo: MonteCarlo:: last_accepted_score,lowest_score: -850.881 -852.146
protocols.motifs.Motif: Res1 name is MET
protocols.motifs.Motif: atom1 name is ONH2
protocols.motifs.Motif: atom2 name is Npro
protocols.motifs.Motif: atom3 name is ONH2
protocols.motifs.Motif: Res1 name is TRP
protocols.motifs.Motif: atom1 name is aroC
protocols.motifs.Motif: atom2 name is aroC
protocols.motifs.Motif: atom3 name is OH
protocols.motifs.Motif: Res1 name is LYS
protocols.motifs.Motif: atom1 name is aroC
protocols.motifs.Motif: atom2 name is aroC
protocols.motifs.Motif: atom3 name is aroC
protocols.motifs.Motif: Res1 name is PRO
protocols.motifs.Motif: atom1 name is ONH2
protocols.motifs.Motif: atom2 name is Npro
protocols.motifs.Motif: atom3 name is ONH2
protocols.motifs.Motif: Res1 name is GLU
protocols.motifs.Motif: atom1 name is ONH2
protocols.motifs.Motif: atom2 name is Npro
protocols.motifs.Motif: atom3 name is ONH2
core.pack.task: Packer task: initialize from command line() 
core.pack.task: Packer task: initialize from command line() 
core.pack.task: Packer task: initialize from command line() 
protocols.moves.MonteCarlo: MonteCarlo:: last_accepted_score,lowest_score: -846.05 -846.101
protocols.motifs.Motif: Res1 name is MET
protocols.motifs.Motif: atom1 name is ONH2
protocols.motifs.Motif: atom2 name is Npro
protocols.motifs.Motif: atom3 name is ONH2
protocols.motifs.Motif: Res1 name is TRP
protocols.motifs.Motif: atom1 name is aroC
protocols.motifs.Motif: atom2 name is aroC
protocols.motifs.Motif: atom3 name is OH
core.pack.task: Packer task: initialize from command line() 
core.pack.task: Packer task: initialize from command line() 
core.pack.task: Packer task: initialize from command line() 
protocols.moves.MonteCarlo: MonteCarlo:: last_accepted_score,lowest_score: -848.967 -849.37
protocols.motifs.Motif: Res1 name is MET
protocols.motifs.Motif: atom1 name is ONH2
protocols.motifs.Motif: atom2 name is Npro
protocols.motifs.Motif: atom3 name is ONH2
protocols.motifs.Motif: Res1 name is TRP
protocols.motifs.Motif: atom1 name is aroC
protocols.motifs.Motif: atom2 name is aroC
protocols.motifs.Motif: atom3 name is OH
protocols.motifs.Motif: Res1 name is LYS
protocols.motifs.Motif: atom1 name is aroC
protocols.motifs.Motif: atom2 name is aroC
protocols.motifs.Motif: atom3 name is OH
protocols.motifs.Motif: Res1 name is PRO
protocols.motifs.Motif: atom1 name is ONH2
protocols.motifs.Motif: atom2 name is Npro
protocols.motifs.Motif: atom3 name is ONH2
core.pack.task: Packer task: initialize from command line() 
core.pack.task: Packer task: initialize from command line() 
core.pack.task: Packer task: initialize from command line() 
protocols.moves.MonteCarlo: MonteCarlo:: last_accepted_score,lowest_score: -847.57 -847.662
protocols.motifs.Motif: Res1 name is MET
protocols.motifs.Motif: atom1 name is aroC
protocols.motifs.Motif: atom2 name is aroC
protocols.motifs.Motif: atom3 name is OH
protocols.motifs.Motif: Res1 name is TRP
protocols.motifs.Motif: atom1 name is ONH2
protocols.motifs.Motif: atom2 name is Npro
protocols.motifs.Motif: atom3 name is ONH2
protocols.motifs.Motif: Res1 name is LYS
protocols.motifs.Motif: atom1 name is ONH2
protocols.motifs.Motif: atom2 name is Npro
protocols.motifs.Motif: atom3 name is ONH2
core.pack.task: Packer task: initialize from command line() 
core.pack.task: Packer task: initialize from command line() 
core.pack.task: Packer task: initialize from command line() 
protocols.moves.MonteCarlo: MonteCarlo:: last_accepted_score,lowest_score: -850.803 -850.803
protocols.motifs.Motif: Res1 name is TRP
protocols.motifs.Motif: atom1 name is ONH2
protocols.motifs.Motif: atom2 name is Npro
protocols.motifs.Motif: atom3 name is ONH2
protocols.motifs.Motif: Res1 name is MET
protocols.motifs.Motif: atom1 name is ONH2
protocols.motifs.Motif: atom2 name is Npro
protocols.motifs.Motif: atom3 name is ONH2
protocols.motifs.Motif: Res1 name is TRP
protocols.motifs.Motif: atom1 name is ONH2
protocols.motifs.Motif: atom2 name is Npro
protocols.motifs.Motif: atom3 name is ONH2
protocols.motifs.Motif: Res1 name is LYS
protocols.motifs.Motif: atom1 name is ONH2
protocols.motifs.Motif: atom2 name is Npro
protocols.motifs.Motif: atom3 name is ONH2
protocols.motifs.Motif: Res1 name is PRO
protocols.motifs.Motif: atom1 name is aroC
protocols.motifs.Motif: atom2 name is aroC
protocols.motifs.Motif: atom3 name is OH
protocols.motifs.Motif: Res1 name is GLU
protocols.motifs.Motif: atom1 name is ONH2
protocols.motifs.Motif: atom2 name is Npro
protocols.motifs.Motif: atom3 name is ONH2
core.pack.task: Packer task: initialize from command line() 
core.pack.task: Packer task: initialize from command line() 
core.pack.task: Packer task: initialize from command line() 
protocols.moves.MonteCarlo: MonteCarlo:: last_accepted_score,lowest_score: -850.076 -850.076
protocols.motifs.Motif: Res1 name is MET
protocols.motifs.Motif: atom1 name is aroC
protocols.motifs.Motif: atom2 name is aroC
protocols.motifs.Motif: atom3 name is aroC
protocols.motifs.Motif: Res1 name is TRP
protocols.motifs.Motif: atom1 name is ONH2
protocols.motifs.Motif: atom2 name is Npro
protocols.motifs.Motif: atom3 name is ONH2
protocols.motifs.Motif: Res1 name is LYS
protocols.motifs.Motif: atom1 name is ONH2
protocols.motifs.Motif: atom2 name is Npro
protocols.motifs.Motif: atom3 name is ONH2
core.pack.task: Packer task: initialize from command line() 
core.pack.task: Packer task: initialize from command line() 
core.pack.task: Packer task: initialize from command line() 
protocols.moves.MonteCarlo: MonteCarlo:: last_accepted_score,lowest_score: -847.128 -847.128
protocols.motifs.Motif: Res1 name is MET
protocols.motifs.Motif: atom1 name is ONH2
protocols.motifs.Motif: atom2 name is Npro
protocols.motifs.Motif: atom3 name is ONH2
protocols.motifs.Motif: Res1 name is TRP
protocols.motifs.Motif: atom1 name is ONH2
protocols.motifs.Motif: atom2 name is Npro
protocols.motifs.Motif: atom3 name is ONH2
protocols.motifs.Motif: Res1 name is LYS
protocols.motifs.Motif: atom1 name is ONH2
protocols.motifs.Motif: atom2 name is Npro
protocols.motifs.Motif: atom3 name is ONH2
core.pack.task: Packer task: initialize from command line() 
core.pack.task: Packer task: initialize from command line() 
core.pack.task: Packer task: initialize from command line() 
protocols.moves.MonteCarlo: MonteCarlo:: last_accepted_score,lowest_score: -844.59 -845.351
protocols.motifs.Motif: Res1 name is TRP
protocols.motifs.Motif: atom1 name is ONH2
protocols.motifs.Motif: atom2 name is Npro
protocols.motifs.Motif: atom3 name is ONH2
protocols.motifs.Motif: Res1 name is LYS
protocols.motifs.Motif: atom1 name is ONH2
protocols.motifs.Motif: atom2 name is Npro
protocols.motifs.Motif: atom3 name is ONH2
protocols.motifs.Motif: Res1 name is PRO
protocols.motifs.Motif: atom1 name is ONH2
protocols.motifs.Motif: atom2 name is Npro
protocols.motifs.Motif: atom3 name is ONH2
core.pack.task: Packer task: initialize from command line() 
core.pack.task: Packer task: initialize from command line() 
core.pack.task: Packer task: initialize from command line() 
protocols.moves.MonteCarlo: MonteCarlo:: last_accepted_score,lowest_score: -847.103 -847.578
protocols.motifs.Motif: Res1 name is MET
protocols.motifs.Motif: atom1 name is ONH2
protocols.motifs.Motif: atom2 name is Npro
protocols.motifs.Motif: atom3 name is ONH2
protocols.motifs.Motif: Res1 name is TRP
protocols.motifs.Motif: atom1 name is ONH2
protocols.motifs.Motif: atom2 name is Npro
protocols.motifs.Motif: atom3 name is ONH2
protocols.motifs.Motif: Res1 name is LYS
protocols.motifs.Motif: atom1 name is ONH2
protocols.motifs.Motif: atom2 name is Npro
protocols.motifs.Motif: atom3 name is ONH2
protocols.motifs.Motif: Res1 name is PRO
protocols.motifs.Motif: atom1 name is aroC
protocols.motifs.Motif: atom2 name is aroC
protocols.motifs.Motif: atom3 name is OH
core.pack.task: Packer task: initialize from command line() 
core.pack.task: Packer task: initialize from command line() 
core.pack.task: Packer task: initialize from command line() 
protocols.moves.MonteCarlo: MonteCarlo:: last_accepted_score,lowest_score: -849.033 -849.033
protocols.motifs.Motif: Res1 name is TRP
protocols.motifs.Motif: atom1 name is aroC
protocols.motifs.Motif: atom2 name is aroC
protocols.motifs.Motif: atom3 name is OH
protocols.motifs.Motif: Res1 name is MET
protocols.motifs.Motif: atom1 name is aroC
protocols.motifs.Motif: atom2 name is aroC
protocols.motifs.Motif: atom3 name is aroC
protocols.motifs.Motif: Res1 name is TRP
protocols.motifs.Motif: atom1 name is ONH2
protocols.motifs.Motif: atom2 name is Npro
protocols.motifs.Motif: atom3 name is ONH2
protocols.motifs.Motif: Res1 name is LYS
protocols.motifs.Motif: atom1 name is ONH2
protocols.motifs.Motif: atom2 name is Npro
protocols.motifs.Motif: atom3 name is ONH2
core.pack.task: Packer task: initialize from command line() 
core.pack.task: Packer task: initialize from command line() 
core.pack.task: Packer task: initialize from command line() 
protocols.moves.MonteCarlo: MonteCarlo:: last_accepted_score,lowest_score: -848.05 -848.05
protocols.motifs.Motif: Res1 name is MET
protocols.motifs.Motif: atom1 name is ONH2
protocols.motifs.Motif: atom2 name is Npro
protocols.motifs.Motif: atom3 name is ONH2
protocols.motifs.Motif: Res1 name is TRP
protocols.motifs.Motif: atom1 name is ONH2
protocols.motifs.Motif: atom2 name is Npro
protocols.motifs.Motif: atom3 name is ONH2
protocols.motifs.Motif: Res1 name is LYS
protocols.motifs.Motif: atom1 name is ONH2
protocols.motifs.Motif: atom2 name is Npro
protocols.motifs.Motif: atom3 name is ONH2
protocols.motifs.Motif: Res1 name is PRO
protocols.motifs.Motif: atom1 name is ONH2
protocols.motifs.Motif: atom2 name is Npro
protocols.motifs.Motif: atom3 name is ONH2
core.pack.task: Packer task: initialize from command line() 
core.pack.task: Packer task: initialize from command line() 
core.pack.task: Packer task: initialize from command line() 
protocols.moves.MonteCarlo: MonteCarlo:: last_accepted_score,lowest_score: -846.877 -848.206
protocols.motifs.Motif: Res1 name is TRP
protocols.motifs.Motif: atom1 name is aroC
protocols.motifs.Motif: atom2 name is aroC
protocols.motifs.Motif: atom3 name is OH
protocols.motifs.Motif: Res1 name is MET
protocols.motifs.Motif: atom1 name is aroC
protocols.motifs.Motif: atom2 name is aroC
protocols.motifs.Motif: atom3 name is OH
protocols.motifs.Motif: Res1 name is TRP
protocols.motifs.Motif: atom1 name is ONH2
protocols.motifs.Motif: atom2 name is Npro
protocols.motifs.Motif: atom3 name is ONH2
protocols.motifs.Motif: Res1 name is LYS
protocols.motifs.Motif: atom1 name is ONH2
protocols.motifs.Motif: atom2 name is Npro
protocols.motifs.Motif: atom3 name is ONH2
protocols.motifs.Motif: Res1 name is PRO
protocols.motifs.Motif: atom1 name is aroC
protocols.motifs.Motif: atom2 name is aroC
protocols.motifs.Motif: atom3 name is Npro
core.pack.task: Packer task: initialize from command line() 
core.pack.task: Packer task: initialize from command line() 
core.pack.task: Packer task: initialize from command line() 
protocols.moves.MonteCarlo: MonteCarlo:: last_accepted_score,lowest_score: -849.267 -849.885
protocols.motifs.Motif: Res1 name is TRP
protocols.motifs.Motif: atom1 name is ONH2
protocols.motifs.Motif: atom2 name is Npro
protocols.motifs.Motif: atom3 name is ONH2
protocols.motifs.Motif: Res1 name is MET
protocols.motifs.Motif: atom1 name is aroC
protocols.motifs.Motif: atom2 name is aroC
protocols.motifs.Motif: atom3 name is aroC
protocols.motifs.Motif: Res1 name is TRP
protocols.motifs.Motif: atom1 name is aroC
protocols.motifs.Motif: atom2 name is aroC
protocols.motifs.Motif: atom3 name is aroC
protocols.motifs.Motif: Res1 name is LYS
protocols.motifs.Motif: atom1 name is aroC
protocols.motifs.Motif: atom2 name is aroC
protocols.motifs.Motif: atom3 name is OH
protocols.motifs.Motif: Res1 name is PRO
protocols.motifs.Motif: atom1 name is aroC
protocols.motifs.Motif: atom2 name is aroC
protocols.motifs.Motif: atom3 name is aroC
protocols.motifs.Motif: Res1 name is GLU
protocols.motifs.Motif: atom1 name is ONH2
protocols.motifs.Motif: atom2 name is Npro
protocols.motifs.Motif: atom3 name is ONH2
core.pack.task: Packer task: initialize from command line() 
core.pack.task: Packer task: initialize from command line() 
core.pack.task: Packer task: initialize from command line() 
protocols.moves.MonteCarlo: MonteCarlo:: last_accepted_score,lowest_score: -846.567 -846.567
protocols.motifs.Motif: Res1 name is TRP
protocols.motifs.Motif: atom1 name is ONH2
protocols.motifs.Motif: atom2 name is Npro
protocols.motifs.Motif: atom3 name is ONH2
protocols.motifs.Motif: Res1 name is MET
protocols.motifs.Motif: atom1 name is ONH2
protocols.motifs.Motif: atom2 name is Npro
protocols.motifs.Motif: atom3 name is ONH2
protocols.motifs.Motif: Res1 name is TRP
protocols.motifs.Motif: atom1 name is aroC
protocols.motifs.Motif: atom2 name is aroC
protocols.motifs.Motif: atom3 name is OH
protocols.motifs.Motif: Res1 name is LYS
protocols.motifs.Motif: atom1 name is aroC
protocols.motifs.Motif: atom2 name is aroC
protocols.motifs.Motif: atom3 name is OH
protocols.motifs.Motif: Res1 name is GLU
protocols.motifs.Motif: atom1 name is ONH2
protocols.motifs.Motif: atom2 name is Npro
protocols.motifs.Motif: atom3 name is ONH2
core.pack.task: Packer task: initialize from command line() 
core.pack.task: Packer task: initialize from command line() 
core.pack.task: Packer task: initialize from command line() 
protocols.moves.MonteCarlo: MonteCarlo:: last_accepted_score,lowest_score: -852.001 -852.005
protocols.motifs.Motif: Res1 name is MET
protocols.motifs.Motif: atom1 name is aroC
protocols.motifs.Motif: atom2 name is aroC
protocols.motifs.Motif: atom3 name is Npro
protocols.motifs.Motif: Res1 name is LYS
protocols.motifs.Motif: atom1 name is aroC
protocols.motifs.Motif: atom2 name is aroC
protocols.motifs.Motif: atom3 name is OH
protocols.motifs.Motif: Res1 name is GLU
protocols.motifs.Motif: atom1 name is ONH2
protocols.motifs.Motif: atom2 name is Npro
protocols.motifs.Motif: atom3 name is ONH2
core.pack.task: Packer task: initialize from command line() 
core.pack.task: Packer task: initialize from command line() 
core.pack.task: Packer task: initialize from command line() 
protocols.moves.MonteCarlo: MonteCarlo:: last_accepted_score,lowest_score: -851.285 -851.402
protocols.motifs.Motif: Res1 name is MET
protocols.motifs.Motif: atom1 name is ONH2
protocols.motifs.Motif: atom2 name is Npro
protocols.motifs.Motif: atom3 name is ONH2
protocols.motifs.Motif: Res1 name is LYS
protocols.motifs.Motif: atom1 name is ONH2
protocols.motifs.Motif: atom2 name is Npro
protocols.motifs.Motif: atom3 name is ONH2
protocols.motifs.Motif: Res1 name is PRO
protocols.motifs.Motif: atom1 name is ONH2
protocols.motifs.Motif: atom2 name is Npro
protocols.motifs.Motif: atom3 name is ONH2
core.pack.task: Packer task: initialize from command line() 
core.pack.task: Packer task: initialize from command line() 
core.pack.task: Packer task: initialize from command line() 
protocols.moves.MonteCarlo: MonteCarlo:: last_accepted_score,lowest_score: -849.566 -849.566
protocols.motifs.Motif: Res1 name is TRP
protocols.motifs.Motif: atom1 name is ONH2
protocols.motifs.Motif: atom2 name is Npro
protocols.motifs.Motif: atom3 name is ONH2
protocols.motifs.Motif: Res1 name is MET
protocols.motifs.Motif: atom1 name is ONH2
protocols.motifs.Motif: atom2 name is Npro
protocols.motifs.Motif: atom3 name is ONH2
protocols.motifs.Motif: Res1 name is LYS
protocols.motifs.Motif: atom1 name is aroC
protocols.motifs.Motif: atom2 name is aroC
protocols.motifs.Motif: atom3 name is OH
protocols.motifs.Motif: Res1 name is PRO
protocols.motifs.Motif: atom1 name is ONH2
protocols.motifs.Motif: atom2 name is Npro
protocols.motifs.Motif: atom3 name is ONH2
protocols.motifs.Motif: Res1 name is GLU
protocols.motifs.Motif: atom1 name is ONH2
protocols.motifs.Motif: atom2 name is Npro
protocols.motifs.Motif: atom3 name is ONH2
core.pack.task: Packer task: initialize from command line() 
core.pack.task: Packer task: initialize from command line() 
core.pack.task: Packer task: initialize from command line() 
protocols.moves.MonteCarlo: MonteCarlo:: last_accepted_score,lowest_score: -848.908 -849.637
protocols.motifs.Motif: Res1 name is TRP
protocols.motifs.Motif: atom1 name is ONH2
protocols.motifs.Motif: atom2 name is Npro
protocols.motifs.Motif: atom3 name is ONH2
protocols.motifs.Motif: Res1 name is MET
protocols.motifs.Motif: atom1 name is ONH2
protocols.motifs.Motif: atom2 name is Npro
protocols.motifs.Motif: atom3 name is ONH2
protocols.motifs.Motif: Res1 name is TRP
protocols.motifs.Motif: atom1 name is ONH2
protocols.motifs.Motif: atom2 name is Npro
protocols.motifs.Motif: atom3 name is ONH2
protocols.motifs.Motif: Res1 name is LYS
protocols.motifs.Motif: atom1 name is ONH2
protocols.motifs.Motif: atom2 name is Npro
protocols.motifs.Motif: atom3 name is ONH2
protocols.motifs.Motif: Res1 name is PRO
protocols.motifs.Motif: atom1 name is aroC
protocols.motifs.Motif: atom2 name is aroC
protocols.motifs.Motif: atom3 name is OH
protocols.motifs.Motif: Res1 name is GLU
protocols.motifs.Motif: atom1 name is ONH2
protocols.motifs.Motif: atom2 name is Npro
protocols.motifs.Motif: atom3 name is ONH2
core.pack.task: Packer task: initialize from command line() 
core.pack.task: Packer task: initialize from command line() 
core.pack.task: Packer task: initialize from command line() 
protocols.moves.MonteCarlo: MonteCarlo:: last_accepted_score,lowest_score: -850.123 -850.123
protocols.motifs.Motif: Res1 name is MET
protocols.motifs.Motif: atom1 name is aroC
protocols.motifs.Motif: atom2 name is aroC
protocols.motifs.Motif: atom3 name is aroC
protocols.motifs.Motif: Res1 name is TRP
protocols.motifs.Motif: atom1 name is ONH2
protocols.motifs.Motif: atom2 name is Npro
protocols.motifs.Motif: atom3 name is ONH2
protocols.motifs.Motif: Res1 name is LYS
protocols.motifs.Motif: atom1 name is ONH2
protocols.motifs.Motif: atom2 name is Npro
protocols.motifs.Motif: atom3 name is ONH2
protocols.motifs.Motif: Res1 name is PRO
protocols.motifs.Motif: atom1 name is ONH2
protocols.motifs.Motif: atom2 name is Npro
protocols.motifs.Motif: atom3 name is ONH2
core.pack.task: Packer task: initialize from command line() 
core.pack.task: Packer task: initialize from command line() 
core.pack.task: Packer task: initialize from command line() 
protocols.moves.MonteCarlo: MonteCarlo:: last_accepted_score,lowest_score: -846.656 -847.329
protocols.motifs.Motif: Res1 name is MET
protocols.motifs.Motif: atom1 name is ONH2
protocols.motifs.Motif: atom2 name is Npro
protocols.motifs.Motif: atom3 name is ONH2
protocols.motifs.Motif: Res1 name is TRP
protocols.motifs.Motif: atom1 name is aroC
protocols.motifs.Motif: atom2 name is aroC
protocols.motifs.Motif: atom3 name is aroC
protocols.motifs.Motif: Res1 name is PRO
protocols.motifs.Motif: atom1 name is ONH2
protocols.motifs.Motif: atom2 name is Npro
protocols.motifs.Motif: atom3 name is ONH2
core.pack.task: Packer task: initialize from command line() 
core.pack.task: Packer task: initialize from command line() 
core.pack.task: Packer task: initialize from command line() 
protocols.moves.MonteCarlo: MonteCarlo:: last_accepted_score,lowest_score: -847.359 -847.359
protocols.motifs.Motif: Res1 name is MET
protocols.motifs.Motif: atom1 name is ONH2
protocols.motifs.Motif: atom2 name is Npro
protocols.motifs.Motif: atom3 name is ONH2
protocols.motifs.Motif: Res1 name is TRP
protocols.motifs.Motif: atom1 name is ONH2
protocols.motifs.Motif: atom2 name is Npro
protocols.motifs.Motif: atom3 name is ONH2
protocols.motifs.Motif: Res1 name is LYS
protocols.motifs.Motif: atom1 name is ONH2
protocols.motifs.Motif: atom2 name is Npro
protocols.motifs.Motif: atom3 name is ONH2
core.pack.task: Packer task: initialize from command line() 
core.pack.task: Packer task: initialize from command line() 
core.pack.task: Packer task: initialize from command line() 
protocols.moves.MonteCarlo: MonteCarlo:: last_accepted_score,lowest_score: -853.284 -853.284
protocols.motifs.Motif: Res1 name is MET
protocols.motifs.Motif: atom1 name is aroC
protocols.motifs.Motif: atom2 name is Npro
protocols.motifs.Motif: atom3 name is ONH2
protocols.motifs.Motif: Res1 name is TYR
protocols.motifs.Motif: atom1 name is aroC
protocols.motifs.Motif: atom2 name is aroC
protocols.motifs.Motif: atom3 name is OH
protocols.motifs.Motif: Res1 name is TRP
protocols.motifs.Motif: atom1 name is ONH2
protocols.motifs.Motif: atom2 name is Npro
protocols.motifs.Motif: atom3 name is ONH2
protocols.motifs.Motif: Res1 name is LYS
protocols.motifs.Motif: atom1 name is ONH2
protocols.motifs.Motif: atom2 name is Npro
protocols.motifs.Motif: atom3 name is ONH2
core.pack.task: Packer task: initialize from command line() 
core.pack.task: Packer task: initialize from command line() 
core.pack.task: Packer task: initialize from command line() 
protocols.moves.MonteCarlo: MonteCarlo:: last_accepted_score,lowest_score: -848.32 -848.32
protocols.motifs.Motif: Res1 name is MET
protocols.motifs.Motif: atom1 name is aroC
protocols.motifs.Motif: atom2 name is Npro
protocols.motifs.Motif: atom3 name is ONH2
protocols.motifs.Motif: Res1 name is TRP
protocols.motifs.Motif: atom1 name is ONH2
protocols.motifs.Motif: atom2 name is Npro
protocols.motifs.Motif: atom3 name is ONH2
protocols.motifs.Motif: Res1 name is LYS
protocols.motifs.Motif: atom1 name is ONH2
protocols.motifs.Motif: atom2 name is Npro
protocols.motifs.Motif: atom3 name is ONH2
core.pack.task: Packer task: initialize from command line() 
core.pack.task: Packer task: initialize from command line() 
core.pack.task: Packer task: initialize from command line() 
protocols.moves.MonteCarlo: MonteCarlo:: last_accepted_score,lowest_score: -847.116 -847.389
protocols.motifs.Motif: Res1 name is MET
protocols.motifs.Motif: atom1 name is ONH2
protocols.motifs.Motif: atom2 name is Npro
protocols.motifs.Motif: atom3 name is ONH2
protocols.motifs.Motif: Res1 name is TRP
protocols.motifs.Motif: atom1 name is ONH2
protocols.motifs.Motif: atom2 name is Npro
protocols.motifs.Motif: atom3 name is ONH2
protocols.motifs.Motif: Res1 name is LYS
protocols.motifs.Motif: atom1 name is ONH2
protocols.motifs.Motif: atom2 name is Npro
protocols.motifs.Motif: atom3 name is ONH2
core.pack.task: Packer task: initialize from command line() 
core.pack.task: Packer task: initialize from command line() 
core.pack.task: Packer task: initialize from command line() 
protocols.moves.MonteCarlo: MonteCarlo:: last_accepted_score,lowest_score: -849.417 -849.448
protocols.motifs.Motif: Res1 name is TRP
protocols.motifs.Motif: atom1 name is aroC
protocols.motifs.Motif: atom2 name is aroC
protocols.motifs.Motif: atom3 name is aroC
protocols.motifs.Motif: Res1 name is MET
protocols.motifs.Motif: atom1 name is aroC
protocols.motifs.Motif: atom2 name is aroC
protocols.motifs.Motif: atom3 name is OH
protocols.motifs.Motif: Res1 name is TRP
protocols.motifs.Motif: atom1 name is ONH2
protocols.motifs.Motif: atom2 name is Npro
protocols.motifs.Motif: atom3 name is ONH2
protocols.motifs.Motif: Res1 name is LYS
protocols.motifs.Motif: atom1 name is aroC
protocols.motifs.Motif: atom2 name is aroC
protocols.motifs.Motif: atom3 name is OH
protocols.motifs.Motif: Res1 name is PRO
protocols.motifs.Motif: atom1 name is aroC
protocols.motifs.Motif: atom2 name is Npro
protocols.motifs.Motif: atom3 name is ONH2
core.pack.task: Packer task: initialize from command line() 
core.pack.task: Packer task: initialize from command line() 
core.pack.task: Packer task: initialize from command line() 
protocols.moves.MonteCarlo: MonteCarlo:: last_accepted_score,lowest_score: -849.13 -849.868
protocols.motifs.Motif: Res1 name is TRP
protocols.motifs.Motif: atom1 name is ONH2
protocols.motifs.Motif: atom2 name is Npro
protocols.motifs.Motif: atom3 name is ONH2
protocols.motifs.Motif: Res1 name is MET
protocols.motifs.Motif: atom1 name is aroC
protocols.motifs.Motif: atom2 name is aroC
protocols.motifs.Motif: atom3 name is OH
protocols.motifs.Motif: Res1 name is TRP
protocols.motifs.Motif: atom1 name is aroC
protocols.motifs.Motif: atom2 name is aroC
protocols.motifs.Motif: atom3 name is OH
protocols.motifs.Motif: Res1 name is LYS
protocols.motifs.Motif: atom1 name is aroC
protocols.motifs.Motif: atom2 name is aroC
protocols.motifs.Motif: atom3 name is OH
protocols.motifs.Motif: Res1 name is PRO
protocols.motifs.Motif: atom1 name is aroC
protocols.motifs.Motif: atom2 name is aroC
protocols.motifs.Motif: atom3 name is aroC
protocols.motifs.Motif: Res1 name is LEU
protocols.motifs.Motif: atom1 name is ONH2
protocols.motifs.Motif: atom2 name is Npro
protocols.motifs.Motif: atom3 name is ONH2
protocols.motifs.Motif: Res1 name is GLU
protocols.motifs.Motif: atom1 name is ONH2
protocols.motifs.Motif: atom2 name is Npro
protocols.motifs.Motif: atom3 name is ONH2
core.pack.task: Packer task: initialize from command line() 
core.pack.task: Packer task: initialize from command line() 
core.pack.task: Packer task: initialize from command line() 
protocols.moves.MonteCarlo: MonteCarlo:: last_accepted_score,lowest_score: -847.814 -848.217
protocols.motifs.Motif: Res1 name is TRP
protocols.motifs.Motif: atom1 name is ONH2
protocols.motifs.Motif: atom2 name is Npro
protocols.motifs.Motif: atom3 name is ONH2
protocols.motifs.Motif: Res1 name is MET
protocols.motifs.Motif: atom1 name is aroC
protocols.motifs.Motif: atom2 name is aroC
protocols.motifs.Motif: atom3 name is Npro
protocols.motifs.Motif: Res1 name is TRP
protocols.motifs.Motif: atom1 name is aroC
protocols.motifs.Motif: atom2 name is aroC
protocols.motifs.Motif: atom3 name is OH
protocols.motifs.Motif: Res1 name is LYS
protocols.motifs.Motif: atom1 name is aroC
protocols.motifs.Motif: atom2 name is aroC
protocols.motifs.Motif: atom3 name is OH
core.pack.task: Packer task: initialize from command line() 
core.pack.task: Packer task: initialize from command line() 
core.pack.task: Packer task: initialize from command line() 
protocols.moves.MonteCarlo: MonteCarlo:: last_accepted_score,lowest_score: -849.004 -849.555
protocols.motifs.Motif: Res1 name is MET
protocols.motifs.Motif: atom1 name is aroC
protocols.motifs.Motif: atom2 name is Npro
protocols.motifs.Motif: atom3 name is ONH2
protocols.motifs.Motif: Res1 name is LYS
protocols.motifs.Motif: atom1 name is aroC
protocols.motifs.Motif: atom2 name is aroC
protocols.motifs.Motif: atom3 name is OH
protocols.motifs.Motif: Res1 name is GLU
protocols.motifs.Motif: atom1 name is ONH2
protocols.motifs.Motif: atom2 name is Npro
protocols.motifs.Motif: atom3 name is ONH2
core.pack.task: Packer task: initialize from command line() 
core.pack.task: Packer task: initialize from command line() 
core.pack.task: Packer task: initialize from command line() 
protocols.moves.MonteCarlo: MonteCarlo:: last_accepted_score,lowest_score: -846.817 -846.817
protocols.motifs.Motif: Res1 name is MET
protocols.motifs.Motif: atom1 name is ONH2
protocols.motifs.Motif: atom2 name is Npro
protocols.motifs.Motif: atom3 name is ONH2
protocols.motifs.Motif: Res1 name is TRP
protocols.motifs.Motif: atom1 name is aroC
protocols.motifs.Motif: atom2 name is aroC
protocols.motifs.Motif: atom3 name is OH
protocols.motifs.Motif: Res1 name is LYS
protocols.motifs.Motif: atom1 name is ONH2
protocols.motifs.Motif: atom2 name is Npro
protocols.motifs.Motif: atom3 name is ONH2
protocols.motifs.Motif: Res1 name is PRO
protocols.motifs.Motif: atom1 name is ONH2
protocols.motifs.Motif: atom2 name is Npro
protocols.motifs.Motif: atom3 name is ONH2
core.pack.task: Packer task: initialize from command line() 
core.pack.task: Packer task: initialize from command line() 
core.pack.task: Packer task: initialize from command line() 
protocols.moves.MonteCarlo: MonteCarlo:: last_accepted_score,lowest_score: -845.692 -845.692
protocols.motifs.Motif: Res1 name is MET
protocols.motifs.Motif: atom1 name is ONH2
protocols.motifs.Motif: atom2 name is Npro
protocols.motifs.Motif: atom3 name is ONH2
protocols.motifs.Motif: Res1 name is TRP
protocols.motifs.Motif: atom1 name is aroC
protocols.motifs.Motif: atom2 name is aroC
protocols.motifs.Motif: atom3 name is OH
protocols.motifs.Motif: Res1 name is LYS
protocols.motifs.Motif: atom1 name is ONH2
protocols.motifs.Motif: atom2 name is Npro
protocols.motifs.Motif: atom3 name is ONH2
core.pack.task: Packer task: initialize from command line() 
core.pack.task: Packer task: initialize from command line() 
core.pack.task: Packer task: initialize from command line() 
protocols.moves.MonteCarlo: MonteCarlo:: last_accepted_score,lowest_score: -803.819 -803.819
protocols.motifs.Motif: Res1 name is MET
protocols.motifs.Motif: atom1 name is ONH2
protocols.motifs.Motif: atom2 name is Npro
protocols.motifs.Motif: atom3 name is ONH2
protocols.motifs.Motif: Res1 name is TRP
protocols.motifs.Motif: atom1 name is aroC
protocols.motifs.Motif: atom2 name is aroC
protocols.motifs.Motif: atom3 name is OH
protocols.motifs.Motif: Res1 name is LYS
protocols.motifs.Motif: atom1 name is aroC
protocols.motifs.Motif: atom2 name is aroC
protocols.motifs.Motif: atom3 name is OH
protocols.motifs.Motif: Res1 name is PRO
protocols.motifs.Motif: atom1 name is ONH2
protocols.motifs.Motif: atom2 name is Npro
protocols.motifs.Motif: atom3 name is ONH2
core.pack.task: Packer task: initialize from command line() 
core.pack.task: Packer task: initialize from command line() 
core.pack.task: Packer task: initialize from command line() 
protocols.moves.MonteCarlo: MonteCarlo:: last_accepted_score,lowest_score: -846.69 -847.109
protocols.motifs.Motif: Res1 name is TRP
protocols.motifs.Motif: atom1 name is ONH2
protocols.motifs.Motif: atom2 name is Npro
protocols.motifs.Motif: atom3 name is ONH2
protocols.motifs.Motif: Res1 name is MET
protocols.motifs.Motif: atom1 name is ONH2
protocols.motifs.Motif: atom2 name is Npro
protocols.motifs.Motif: atom3 name is ONH2
protocols.motifs.Motif: Res1 name is LYS
protocols.motifs.Motif: atom1 name is aroC
protocols.motifs.Motif: atom2 name is aroC
protocols.motifs.Motif: atom3 name is aroC
protocols.motifs.Motif: Res1 name is PRO
protocols.motifs.Motif: atom1 name is aroC
protocols.motifs.Motif: atom2 name is aroC
protocols.motifs.Motif: atom3 name is OH
core.pack.task: Packer task: initialize from command line() 
core.pack.task: Packer task: initialize from command line() 
core.pack.task: Packer task: initialize from command line() 
protocols.moves.MonteCarlo: MonteCarlo:: last_accepted_score,lowest_score: -848.593 -848.658
protocols.motifs.Motif: Res1 name is TRP
protocols.motifs.Motif: atom1 name is ONH2
protocols.motifs.Motif: atom2 name is Npro
protocols.motifs.Motif: atom3 name is ONH2
protocols.motifs.Motif: Res1 name is MET
protocols.motifs.Motif: atom1 name is ONH2
protocols.motifs.Motif: atom2 name is Npro
protocols.motifs.Motif: atom3 name is ONH2
protocols.motifs.Motif: Res1 name is TRP
protocols.motifs.Motif: atom1 name is aroC
protocols.motifs.Motif: atom2 name is aroC
protocols.motifs.Motif: atom3 name is OH
protocols.motifs.Motif: Res1 name is LYS
protocols.motifs.Motif: atom1 name is aroC
protocols.motifs.Motif: atom2 name is aroC
protocols.motifs.Motif: atom3 name is OH
protocols.motifs.Motif: Res1 name is PRO
protocols.motifs.Motif: atom1 name is aroC
protocols.motifs.Motif: atom2 name is aroC
protocols.motifs.Motif: atom3 name is Npro
protocols.motifs.Motif: Res1 name is GLU
protocols.motifs.Motif: atom1 name is ONH2
protocols.motifs.Motif: atom2 name is Npro
protocols.motifs.Motif: atom3 name is ONH2
core.pack.task: Packer task: initialize from command line() 
core.pack.task: Packer task: initialize from command line() 
core.pack.task: Packer task: initialize from command line() 
protocols.moves.MonteCarlo: MonteCarlo:: last_accepted_score,lowest_score: -850.756 -850.756
protocols.motifs.Motif: Res1 name is TRP
protocols.motifs.Motif: atom1 name is ONH2
protocols.motifs.Motif: atom2 name is Npro
protocols.motifs.Motif: atom3 name is ONH2
protocols.motifs.Motif: Res1 name is MET
protocols.motifs.Motif: atom1 name is aroC
protocols.motifs.Motif: atom2 name is Npro
protocols.motifs.Motif: atom3 name is ONH2
protocols.motifs.Motif: Res1 name is TRP
protocols.motifs.Motif: atom1 name is ONH2
protocols.motifs.Motif: atom2 name is Npro
protocols.motifs.Motif: atom3 name is ONH2
protocols.motifs.Motif: Res1 name is LYS
protocols.motifs.Motif: atom1 name is ONH2
protocols.motifs.Motif: atom2 name is Npro
protocols.motifs.Motif: atom3 name is ONH2
protocols.motifs.Motif: Res1 name is PRO
protocols.motifs.Motif: atom1 name is aroC
protocols.motifs.Motif: atom2 name is aroC
protocols.motifs.Motif: atom3 name is OH
protocols.motifs.Motif: Res1 name is GLU
protocols.motifs.Motif: atom1 name is ONH2
protocols.motifs.Motif: atom2 name is Npro
protocols.motifs.Motif: atom3 name is ONH2
core.pack.task: Packer task: initialize from command line() 
core.pack.task: Packer task: initialize from command line() 
core.pack.task: Packer task: initialize from command line() 
protocols.moves.MonteCarlo: MonteCarlo:: last_accepted_score,lowest_score: -851.177 -851.177
protocols.motifs.Motif: Res1 name is MET
protocols.motifs.Motif: atom1 name is ONH2
protocols.motifs.Motif: atom2 name is Npro
protocols.motifs.Motif: atom3 name is ONH2
protocols.motifs.Motif: Res1 name is TRP
protocols.motifs.Motif: atom1 name is ONH2
protocols.motifs.Motif: atom2 name is Npro
protocols.motifs.Motif: atom3 name is ONH2
protocols.motifs.Motif: Res1 name is LYS
protocols.motifs.Motif: atom1 name is aroC
protocols.motifs.Motif: atom2 name is Npro
protocols.motifs.Motif: atom3 name is ONH2
core.pack.task: Packer task: initialize from command line() 
core.pack.task: Packer task: initialize from command line() 
core.pack.task: Packer task: initialize from command line() 
protocols.moves.MonteCarlo: MonteCarlo:: last_accepted_score,lowest_score: -847.048 -847.489
protocols.motifs.Motif: Res1 name is MET
protocols.motifs.Motif: atom1 name is aroC
protocols.motifs.Motif: atom2 name is aroC
protocols.motifs.Motif: atom3 name is OH
protocols.motifs.Motif: Res1 name is TRP
protocols.motifs.Motif: atom1 name is ONH2
protocols.motifs.Motif: atom2 name is Npro
protocols.motifs.Motif: atom3 name is ONH2
protocols.motifs.Motif: Res1 name is LYS
protocols.motifs.Motif: atom1 name is ONH2
protocols.motifs.Motif: atom2 name is Npro
protocols.motifs.Motif: atom3 name is ONH2
core.pack.task: Packer task: initialize from command line() 
core.pack.task: Packer task: initialize from command line() 
core.pack.task: Packer task: initialize from command line() 
protocols.moves.MonteCarlo: MonteCarlo:: last_accepted_score,lowest_score: -848.88 -848.88
protocols.motifs.Motif: Res1 name is MET
protocols.motifs.Motif: atom1 name is aroC
protocols.motifs.Motif: atom2 name is aroC
protocols.motifs.Motif: atom3 name is aroC
protocols.motifs.Motif: Res1 name is TRP
protocols.motifs.Motif: atom1 name is aroC
protocols.motifs.Motif: atom2 name is aroC
protocols.motifs.Motif: atom3 name is OH
protocols.motifs.Motif: Res1 name is LYS
protocols.motifs.Motif: atom1 name is aroC
protocols.motifs.Motif: atom2 name is aroC
protocols.motifs.Motif: atom3 name is OH
protocols.motifs.Motif: Res1 name is PRO
protocols.motifs.Motif: atom1 name is ONH2
protocols.motifs.Motif: atom2 name is Npro
protocols.motifs.Motif: atom3 name is ONH2
protocols.motifs.Motif: Res1 name is GLU
protocols.motifs.Motif: atom1 name is ONH2
protocols.motifs.Motif: atom2 name is Npro
protocols.motifs.Motif: atom3 name is ONH2
core.pack.task: Packer task: initialize from command line() 
core.pack.task: Packer task: initialize from command line() 
core.pack.task: Packer task: initialize from command line() 
protocols.moves.MonteCarlo: MonteCarlo:: last_accepted_score,lowest_score: -852.395 -852.395
protocols.motifs.Motif: Res1 name is MET
protocols.motifs.Motif: atom1 name is aroC
protocols.motifs.Motif: atom2 name is Npro
protocols.motifs.Motif: atom3 name is ONH2
protocols.motifs.Motif: Res1 name is LYS
protocols.motifs.Motif: atom1 name is aroC
protocols.motifs.Motif: atom2 name is aroC
protocols.motifs.Motif: atom3 name is OH
protocols.motifs.Motif: Res1 name is GLU
protocols.motifs.Motif: atom1 name is ONH2
protocols.motifs.Motif: atom2 name is Npro
protocols.motifs.Motif: atom3 name is ONH2
core.pack.task: Packer task: initialize from command line() 
core.pack.task: Packer task: initialize from command line() 
core.pack.task: Packer task: initialize from command line() 
protocols.moves.MonteCarlo: MonteCarlo:: last_accepted_score,lowest_score: -850.98 -850.98
protocols.motifs.Motif: Res1 name is TRP
protocols.motifs.Motif: atom1 name is ONH2
protocols.motifs.Motif: atom2 name is Npro
protocols.motifs.Motif: atom3 name is ONH2
protocols.motifs.Motif: Res1 name is MET
protocols.motifs.Motif: atom1 name is aroC
protocols.motifs.Motif: atom2 name is aroC
protocols.motifs.Motif: atom3 name is aroC
protocols.motifs.Motif: Res1 name is TRP
protocols.motifs.Motif: atom1 name is ONH2
protocols.motifs.Motif: atom2 name is Npro
protocols.motifs.Motif: atom3 name is ONH2
protocols.motifs.Motif: Res1 name is LYS
protocols.motifs.Motif: atom1 name is ONH2
protocols.motifs.Motif: atom2 name is Npro
protocols.motifs.Motif: atom3 name is ONH2
protocols.motifs.Motif: Res1 name is PRO
protocols.motifs.Motif: atom1 name is aroC
protocols.motifs.Motif: atom2 name is aroC
protocols.motifs.Motif: atom3 name is OH
protocols.motifs.Motif: Res1 name is LEU
protocols.motifs.Motif: atom1 name is ONH2
protocols.motifs.Motif: atom2 name is Npro
protocols.motifs.Motif: atom3 name is ONH2
protocols.motifs.Motif: Res1 name is GLU
protocols.motifs.Motif: atom1 name is ONH2
protocols.motifs.Motif: atom2 name is Npro
protocols.motifs.Motif: atom3 name is ONH2
core.pack.task: Packer task: initialize from command line() 
core.pack.task: Packer task: initialize from command line() 
core.pack.task: Packer task: initialize from command line() 
protocols.moves.MonteCarlo: MonteCarlo:: last_accepted_score,lowest_score: -850.148 -851.365
protocols.motifs.Motif: Res1 name is MET
protocols.motifs.Motif: atom1 name is aroC
protocols.motifs.Motif: atom2 name is aroC
protocols.motifs.Motif: atom3 name is aroC
protocols.motifs.Motif: Res1 name is TRP
protocols.motifs.Motif: atom1 name is aroC
protocols.motifs.Motif: atom2 name is aroC
protocols.motifs.Motif: atom3 name is OH
protocols.motifs.Motif: Res1 name is LYS
protocols.motifs.Motif: atom1 name is aroC
protocols.motifs.Motif: atom2 name is Npro
protocols.motifs.Motif: atom3 name is ONH2
protocols.motifs.Motif: Res1 name is PRO
protocols.motifs.Motif: atom1 name is aroC
protocols.motifs.Motif: atom2 name is aroC
protocols.motifs.Motif: atom3 name is OH
protocols.motifs.Motif: Res1 name is GLU
protocols.motifs.Motif: atom1 name is ONH2
protocols.motifs.Motif: atom2 name is Npro
protocols.motifs.Motif: atom3 name is ONH2
core.pack.task: Packer task: initialize from command line() 
core.pack.task: Packer task: initialize from command line() 
core.pack.task: Packer task: initialize from command line() 
protocols.moves.MonteCarlo: MonteCarlo:: last_accepted_score,lowest_score: -844.971 -846.054
protocols.motifs.Motif: Res1 name is MET
protocols.motifs.Motif: atom1 name is ONH2
protocols.motifs.Motif: atom2 name is Npro
protocols.motifs.Motif: atom3 name is ONH2
protocols.motifs.Motif: Res1 name is TRP
protocols.motifs.Motif: atom1 name is aroC
protocols.motifs.Motif: atom2 name is aroC
protocols.motifs.Motif: atom3 name is aroC
protocols.motifs.Motif: Res1 name is LYS
protocols.motifs.Motif: atom1 name is ONH2
protocols.motifs.Motif: atom2 name is Npro
protocols.motifs.Motif: atom3 name is ONH2
core.pack.task: Packer task: initialize from command line() 
core.pack.task: Packer task: initialize from command line() 
core.pack.task: Packer task: initialize from command line() 
protocols.moves.MonteCarlo: MonteCarlo:: last_accepted_score,lowest_score: -850.595 -850.595
protocols.motifs.Motif: Res1 name is MET
protocols.motifs.Motif: atom1 name is aroC
protocols.motifs.Motif: atom2 name is aroC
protocols.motifs.Motif: atom3 name is aroC
protocols.motifs.Motif: Res1 name is TRP
protocols.motifs.Motif: atom1 name is aroC
protocols.motifs.Motif: atom2 name is aroC
protocols.motifs.Motif: atom3 name is OH
protocols.motifs.Motif: Res1 name is LYS
protocols.motifs.Motif: atom1 name is aroC
protocols.motifs.Motif: atom2 name is Npro
protocols.motifs.Motif: atom3 name is ONH2
protocols.motifs.Motif: Res1 name is GLU
protocols.motifs.Motif: atom1 name is ONH2
protocols.motifs.Motif: atom2 name is Npro
protocols.motifs.Motif: atom3 name is ONH2
core.pack.task: Packer task: initialize from command line() 
core.pack.task: Packer task: initialize from command line() 
core.pack.task: Packer task: initialize from command line() 
protocols.moves.MonteCarlo: MonteCarlo:: last_accepted_score,lowest_score: -849.841 -849.905
protocols.motifs.Motif: Res1 name is TRP
protocols.motifs.Motif: atom1 name is aroC
protocols.motifs.Motif: atom2 name is aroC
protocols.motifs.Motif: atom3 name is aroC
protocols.motifs.Motif: Res1 name is MET
protocols.motifs.Motif: atom1 name is ONH2
protocols.motifs.Motif: atom2 name is Npro
protocols.motifs.Motif: atom3 name is ONH2
protocols.motifs.Motif: Res1 name is TRP
protocols.motifs.Motif: atom1 name is ONH2
protocols.motifs.Motif: atom2 name is Npro
protocols.motifs.Motif: atom3 name is ONH2
protocols.motifs.Motif: Res1 name is LYS
protocols.motifs.Motif: atom1 name is ONH2
protocols.motifs.Motif: atom2 name is Npro
protocols.motifs.Motif: atom3 name is ONH2
protocols.motifs.Motif: Res1 name is PRO
protocols.motifs.Motif: atom1 name is aroC
protocols.motifs.Motif: atom2 name is Npro
protocols.motifs.Motif: atom3 name is ONH2
core.pack.task: Packer task: initialize from command line() 
core.pack.task: Packer task: initialize from command line() 
core.pack.task: Packer task: initialize from command line() 
protocols.moves.MonteCarlo: MonteCarlo:: last_accepted_score,lowest_score: -848.082 -848.082
protocols.motifs.Motif: Res1 name is TRP
protocols.motifs.Motif: atom1 name is ONH2
protocols.motifs.Motif: atom2 name is Npro
protocols.motifs.Motif: atom3 name is ONH2
protocols.motifs.Motif: Res1 name is MET
protocols.motifs.Motif: atom1 name is ONH2
protocols.motifs.Motif: atom2 name is Npro
protocols.motifs.Motif: atom3 name is ONH2
protocols.motifs.Motif: Res1 name is TRP
protocols.motifs.Motif: atom1 name is aroC
protocols.motifs.Motif: atom2 name is aroC
protocols.motifs.Motif: atom3 name is OH
protocols.motifs.Motif: Res1 name is LYS
protocols.motifs.Motif: atom1 name is aroC
protocols.motifs.Motif: atom2 name is aroC
protocols.motifs.Motif: atom3 name is OH
protocols.motifs.Motif: Res1 name is PRO
protocols.motifs.Motif: atom1 name is aroC
protocols.motifs.Motif: atom2 name is Npro
protocols.motifs.Motif: atom3 name is ONH2
protocols.motifs.Motif: Res1 name is GLU
protocols.motifs.Motif: atom1 name is ONH2
protocols.motifs.Motif: atom2 name is Npro
protocols.motifs.Motif: atom3 name is ONH2
core.pack.task: Packer task: initialize from command line() 
core.pack.task: Packer task: initialize from command line() 
core.pack.task: Packer task: initialize from command line() 
protocols.moves.MonteCarlo: MonteCarlo:: last_accepted_score,lowest_score: -851.699 -851.699
protocols.motifs.Motif: Res1 name is MET
protocols.motifs.Motif: atom1 name is ONH2
protocols.motifs.Motif: atom2 name is Npro
protocols.motifs.Motif: atom3 name is ONH2
protocols.motifs.Motif: Res1 name is TRP
protocols.motifs.Motif: atom1 name is aroC
protocols.motifs.Motif: atom2 name is aroC
protocols.motifs.Motif: atom3 name is OH
protocols.motifs.Motif: Res1 name is LYS
protocols.motifs.Motif: atom1 name is aroC
protocols.motifs.Motif: atom2 name is aroC
protocols.motifs.Motif: atom3 name is Npro
protocols.motifs.Motif: Res1 name is GLU
protocols.motifs.Motif: atom1 name is ONH2
protocols.motifs.Motif: atom2 name is Npro
protocols.motifs.Motif: atom3 name is ONH2
core.pack.task: Packer task: initialize from command line() 
core.pack.task: Packer task: initialize from command line() 
core.pack.task: Packer task: initialize from command line() 
protocols.moves.MonteCarlo: MonteCarlo:: last_accepted_score,lowest_score: -846.126 -846.706
protocols.motifs.Motif: Res1 name is MET
protocols.motifs.Motif: atom1 name is aroC
protocols.motifs.Motif: atom2 name is aroC
protocols.motifs.Motif: atom3 name is OH
protocols.motifs.Motif: Res1 name is TRP
protocols.motifs.Motif: atom1 name is ONH2
protocols.motifs.Motif: atom2 name is Npro
protocols.motifs.Motif: atom3 name is ONH2
protocols.motifs.Motif: Res1 name is LYS
protocols.motifs.Motif: atom1 name is aroC
protocols.motifs.Motif: atom2 name is aroC
protocols.motifs.Motif: atom3 name is OH
core.pack.task: Packer task: initialize from command line() 
core.pack.task: Packer task: initialize from command line() 
core.pack.task: Packer task: initialize from command line() 
protocols.moves.MonteCarlo: MonteCarlo:: last_accepted_score,lowest_score: -850.614 -850.614
protocols.motifs.Motif: Res1 name is MET
protocols.motifs.Motif: atom1 name is aroC
protocols.motifs.Motif: atom2 name is aroC
protocols.motifs.Motif: atom3 name is OH
protocols.motifs.Motif: Res1 name is TRP
protocols.motifs.Motif: atom1 name is aroC
protocols.motifs.Motif: atom2 name is aroC
protocols.motifs.Motif: atom3 name is OH
protocols.motifs.Motif: Res1 name is LYS
protocols.motifs.Motif: atom1 name is aroC
protocols.motifs.Motif: atom2 name is aroC
protocols.motifs.Motif: atom3 name is aroC
protocols.motifs.Motif: Res1 name is PRO
protocols.motifs.Motif: atom1 name is ONH2
protocols.motifs.Motif: atom2 name is Npro
protocols.motifs.Motif: atom3 name is ONH2
protocols.motifs.Motif: Res1 name is GLU
protocols.motifs.Motif: atom1 name is aroC
protocols.motifs.Motif: atom2 name is aroC
protocols.motifs.Motif: atom3 name is aroC
core.pack.task: Packer task: initialize from command line() 
core.pack.task: Packer task: initialize from command line() 
core.pack.task: Packer task: initialize from command line() 
protocols.moves.MonteCarlo: MonteCarlo:: last_accepted_score,lowest_score: -851.267 -851.744
protocols.motifs.Motif: Res1 name is MET
protocols.motifs.Motif: atom1 name is ONH2
protocols.motifs.Motif: atom2 name is Npro
protocols.motifs.Motif: atom3 name is ONH2
protocols.motifs.Motif: Res1 name is LYS
protocols.motifs.Motif: atom1 name is aroC
protocols.motifs.Motif: atom2 name is aroC
protocols.motifs.Motif: atom3 name is OH
protocols.motifs.Motif: Res1 name is GLU
protocols.motifs.Motif: atom1 name is ONH2
protocols.motifs.Motif: atom2 name is Npro
protocols.motifs.Motif: atom3 name is ONH2
core.pack.task: Packer task: initialize from command line() 
core.pack.task: Packer task: initialize from command line() 
core.pack.task: Packer task: initialize from command line() 
protocols.moves.MonteCarlo: MonteCarlo:: last_accepted_score,lowest_score: -851.105 -851.663
protocols.motifs.Motif: Res1 name is MET
protocols.motifs.Motif: atom1 name is ONH2
protocols.motifs.Motif: atom2 name is Npro
protocols.motifs.Motif: atom3 name is ONH2
protocols.motifs.Motif: Res1 name is TRP
protocols.motifs.Motif: atom1 name is aroC
protocols.motifs.Motif: atom2 name is aroC
protocols.motifs.Motif: atom3 name is OH
protocols.motifs.Motif: Res1 name is LYS
protocols.motifs.Motif: atom1 name is aroC
protocols.motifs.Motif: atom2 name is aroC
protocols.motifs.Motif: atom3 name is OH
protocols.motifs.Motif: Res1 name is PRO
protocols.motifs.Motif: atom1 name is ONH2
protocols.motifs.Motif: atom2 name is Npro
protocols.motifs.Motif: atom3 name is ONH2
protocols.motifs.Motif: Res1 name is GLU
protocols.motifs.Motif: atom1 name is ONH2
protocols.motifs.Motif: atom2 name is Npro
protocols.motifs.Motif: atom3 name is ONH2
core.pack.task: Packer task: initialize from command line() 
core.pack.task: Packer task: initialize from command line() 
core.pack.task: Packer task: initialize from command line() 
protocols.moves.MonteCarlo: MonteCarlo:: last_accepted_score,lowest_score: -844.176 -845.489
protocols.motifs.Motif: Res1 name is MET
protocols.motifs.Motif: atom1 name is ONH2
protocols.motifs.Motif: atom2 name is Npro
protocols.motifs.Motif: atom3 name is ONH2
protocols.motifs.Motif: Res1 name is TRP
protocols.motifs.Motif: atom1 name is aroC
protocols.motifs.Motif: atom2 name is aroC
protocols.motifs.Motif: atom3 name is OH
protocols.motifs.Motif: Res1 name is LYS
protocols.motifs.Motif: atom1 name is ONH2
protocols.motifs.Motif: atom2 name is Npro
protocols.motifs.Motif: atom3 name is ONH2
core.pack.task: Packer task: initialize from command line() 
core.pack.task: Packer task: initialize from command line() 
core.pack.task: Packer task: initialize from command line() 
protocols.moves.MonteCarlo: MonteCarlo:: last_accepted_score,lowest_score: -849.815 -851.197
protocols.motifs.Motif: Res1 name is MET
protocols.motifs.Motif: atom1 name is aroC
protocols.motifs.Motif: atom2 name is aroC
protocols.motifs.Motif: atom3 name is aroC
protocols.motifs.Motif: Res1 name is TRP
protocols.motifs.Motif: atom1 name is aroC
protocols.motifs.Motif: atom2 name is aroC
protocols.motifs.Motif: atom3 name is OH
protocols.motifs.Motif: Res1 name is LYS
protocols.motifs.Motif: atom1 name is aroC
protocols.motifs.Motif: atom2 name is aroC
protocols.motifs.Motif: atom3 name is OH
protocols.motifs.Motif: Res1 name is GLU
protocols.motifs.Motif: atom1 name is ONH2
protocols.motifs.Motif: atom2 name is Npro
protocols.motifs.Motif: atom3 name is ONH2
core.pack.task: Packer task: initialize from command line() 
core.pack.task: Packer task: initialize from command line() 
core.pack.task: Packer task: initialize from command line() 
protocols.moves.MonteCarlo: MonteCarlo:: last_accepted_score,lowest_score: -850.8 -850.8
protocols.motifs.Motif: Res1 name is MET
protocols.motifs.Motif: atom1 name is aroC
protocols.motifs.Motif: atom2 name is aroC
protocols.motifs.Motif: atom3 name is OH
protocols.motifs.Motif: Res1 name is TRP
protocols.motifs.Motif: atom1 name is aroC
protocols.motifs.Motif: atom2 name is aroC
protocols.motifs.Motif: atom3 name is OH
protocols.motifs.Motif: Res1 name is LYS
protocols.motifs.Motif: atom1 name is aroC
protocols.motifs.Motif: atom2 name is Npro
protocols.motifs.Motif: atom3 name is ONH2
protocols.motifs.Motif: Res1 name is PRO
protocols.motifs.Motif: atom1 name is aroC
protocols.motifs.Motif: atom2 name is aroC
protocols.motifs.Motif: atom3 name is OH
protocols.motifs.Motif: Res1 name is GLU
protocols.motifs.Motif: atom1 name is ONH2
protocols.motifs.Motif: atom2 name is Npro
protocols.motifs.Motif: atom3 name is ONH2
core.pack.task: Packer task: initialize from command line() 
core.pack.task: Packer task: initialize from command line() 
core.pack.task: Packer task: initialize from command line() 
protocols.moves.MonteCarlo: MonteCarlo:: last_accepted_score,lowest_score: -847.59 -847.59
protocols.motifs.Motif: Res1 name is MET
protocols.motifs.Motif: atom1 name is ONH2
protocols.motifs.Motif: atom2 name is Npro
protocols.motifs.Motif: atom3 name is ONH2
protocols.motifs.Motif: Res1 name is TRP
protocols.motifs.Motif: atom1 name is aroC
protocols.motifs.Motif: atom2 name is aroC
protocols.motifs.Motif: atom3 name is OH
protocols.motifs.Motif: Res1 name is LYS
protocols.motifs.Motif: atom1 name is aroC
protocols.motifs.Motif: atom2 name is aroC
protocols.motifs.Motif: atom3 name is OH
protocols.motifs.Motif: Res1 name is PRO
protocols.motifs.Motif: atom1 name is aroC
protocols.motifs.Motif: atom2 name is aroC
protocols.motifs.Motif: atom3 name is aroC
core.pack.task: Packer task: initialize from command line() 
core.pack.task: Packer task: initialize from command line() 
core.pack.task: Packer task: initialize from command line() 
protocols.moves.MonteCarlo: MonteCarlo:: last_accepted_score,lowest_score: -848.829 -849.01
protocols.motifs.Motif: Res1 name is TRP
protocols.motifs.Motif: atom1 name is aroC
protocols.motifs.Motif: atom2 name is aroC
protocols.motifs.Motif: atom3 name is OH
protocols.motifs.Motif: Res1 name is MET
protocols.motifs.Motif: atom1 name is aroC
protocols.motifs.Motif: atom2 name is aroC
protocols.motifs.Motif: atom3 name is aroC
protocols.motifs.Motif: Res1 name is TRP
protocols.motifs.Motif: atom1 name is ONH2
protocols.motifs.Motif: atom2 name is Npro
protocols.motifs.Motif: atom3 name is ONH2
protocols.motifs.Motif: Res1 name is LYS
protocols.motifs.Motif: atom1 name is ONH2
protocols.motifs.Motif: atom2 name is Npro
protocols.motifs.Motif: atom3 name is ONH2
protocols.motifs.Motif: Res1 name is PRO
protocols.motifs.Motif: atom1 name is aroC
protocols.motifs.Motif: atom2 name is aroC
protocols.motifs.Motif: atom3 name is OH
core.pack.task: Packer task: initialize from command line() 
core.pack.task: Packer task: initialize from command line() 
core.pack.task: Packer task: initialize from command line() 
protocols.moves.MonteCarlo: MonteCarlo:: last_accepted_score,lowest_score: -850.847 -850.893
protocols.motifs.Motif: Res1 name is TRP
protocols.motifs.Motif: atom1 name is ONH2
protocols.motifs.Motif: atom2 name is Npro
protocols.motifs.Motif: atom3 name is ONH2
protocols.motifs.Motif: Res1 name is MET
protocols.motifs.Motif: atom1 name is ONH2
protocols.motifs.Motif: atom2 name is Npro
protocols.motifs.Motif: atom3 name is ONH2
protocols.motifs.Motif: Res1 name is TRP
protocols.motifs.Motif: atom1 name is aroC
protocols.motifs.Motif: atom2 name is aroC
protocols.motifs.Motif: atom3 name is OH
protocols.motifs.Motif: Res1 name is LYS
protocols.motifs.Motif: atom1 name is ONH2
protocols.motifs.Motif: atom2 name is Npro
protocols.motifs.Motif: atom3 name is ONH2
protocols.motifs.Motif: Res1 name is PRO
protocols.motifs.Motif: atom1 name is aroC
protocols.motifs.Motif: atom2 name is aroC
protocols.motifs.Motif: atom3 name is aroC
protocols.motifs.Motif: Res1 name is LEU
protocols.motifs.Motif: atom1 name is ONH2
protocols.motifs.Motif: atom2 name is Npro
protocols.motifs.Motif: atom3 name is ONH2
protocols.motifs.Motif: Res1 name is GLU
protocols.motifs.Motif: atom1 name is ONH2
protocols.motifs.Motif: atom2 name is Npro
protocols.motifs.Motif: atom3 name is ONH2
core.pack.task: Packer task: initialize from command line() 
core.pack.task: Packer task: initialize from command line() 
core.pack.task: Packer task: initialize from command line() 
protocols.moves.MonteCarlo: MonteCarlo:: last_accepted_score,lowest_score: -847.496 -847.722
protocols.motifs.Motif: Res1 name is TRP
protocols.motifs.Motif: atom1 name is ONH2
protocols.motifs.Motif: atom2 name is Npro
protocols.motifs.Motif: atom3 name is ONH2
protocols.motifs.Motif: Res1 name is MET
protocols.motifs.Motif: atom1 name is ONH2
protocols.motifs.Motif: atom2 name is Npro
protocols.motifs.Motif: atom3 name is ONH2
protocols.motifs.Motif: Res1 name is TRP
protocols.motifs.Motif: atom1 name is aroC
protocols.motifs.Motif: atom2 name is aroC
protocols.motifs.Motif: atom3 name is OH
protocols.motifs.Motif: Res1 name is LYS
protocols.motifs.Motif: atom1 name is ONH2
protocols.motifs.Motif: atom2 name is Npro
protocols.motifs.Motif: atom3 name is ONH2
protocols.motifs.Motif: Res1 name is PRO
protocols.motifs.Motif: atom1 name is aroC
protocols.motifs.Motif: atom2 name is Npro
protocols.motifs.Motif: atom3 name is ONH2
core.pack.task: Packer task: initialize from command line() 
core.pack.task: Packer task: initialize from command line() 
core.pack.task: Packer task: initialize from command line() 
protocols.moves.MonteCarlo: MonteCarlo:: last_accepted_score,lowest_score: -846.22 -846.22
protocols.motifs.Motif: Res1 name is MET
protocols.motifs.Motif: atom1 name is aroC
protocols.motifs.Motif: atom2 name is aroC
protocols.motifs.Motif: atom3 name is OH
protocols.motifs.Motif: Res1 name is TRP
protocols.motifs.Motif: atom1 name is ONH2
protocols.motifs.Motif: atom2 name is Npro
protocols.motifs.Motif: atom3 name is ONH2
protocols.motifs.Motif: Res1 name is LYS
protocols.motifs.Motif: atom1 name is ONH2
protocols.motifs.Motif: atom2 name is Npro
protocols.motifs.Motif: atom3 name is ONH2
core.pack.task: Packer task: initialize from command line() 
core.pack.task: Packer task: initialize from command line() 
core.pack.task: Packer task: initialize from command line() 
protocols.moves.MonteCarlo: MonteCarlo:: last_accepted_score,lowest_score: -849.347 -849.825
protocols.motifs.Motif: Res1 name is MET
protocols.motifs.Motif: atom1 name is aroC
protocols.motifs.Motif: atom2 name is aroC
protocols.motifs.Motif: atom3 name is aroC
protocols.motifs.Motif: Res1 name is TRP
protocols.motifs.Motif: atom1 name is ONH2
protocols.motifs.Motif: atom2 name is Npro
protocols.motifs.Motif: atom3 name is ONH2
protocols.motifs.Motif: Res1 name is LYS
protocols.motifs.Motif: atom1 name is ONH2
protocols.motifs.Motif: atom2 name is Npro
protocols.motifs.Motif: atom3 name is ONH2
protocols.motifs.Motif: Res1 name is PRO
protocols.motifs.Motif: atom1 name is aroC
protocols.motifs.Motif: atom2 name is aroC
protocols.motifs.Motif: atom3 name is OH
core.pack.task: Packer task: initialize from command line() 
core.pack.task: Packer task: initialize from command line() 
core.pack.task: Packer task: initialize from command line() 
protocols.moves.MonteCarlo: MonteCarlo:: last_accepted_score,lowest_score: -852.195 -852.195
protocols.motifs.Motif: Res1 name is MET
protocols.motifs.Motif: atom1 name is ONH2
protocols.motifs.Motif: atom2 name is Npro
protocols.motifs.Motif: atom3 name is ONH2
protocols.motifs.Motif: Res1 name is LYS
protocols.motifs.Motif: atom1 name is aroC
protocols.motifs.Motif: atom2 name is aroC
protocols.motifs.Motif: atom3 name is OH
protocols.motifs.Motif: Res1 name is PRO
protocols.motifs.Motif: atom1 name is ONH2
protocols.motifs.Motif: atom2 name is Npro
protocols.motifs.Motif: atom3 name is ONH2
protocols.motifs.Motif: Res1 name is GLU
protocols.motifs.Motif: atom1 name is ONH2
protocols.motifs.Motif: atom2 name is Npro
protocols.motifs.Motif: atom3 name is ONH2
core.pack.task: Packer task: initialize from command line() 
core.pack.task: Packer task: initialize from command line() 
core.pack.task: Packer task: initialize from command line() 
protocols.moves.MonteCarlo: MonteCarlo:: last_accepted_score,lowest_score: -848.206 -848.206
protocols.motifs.Motif: Res1 name is MET
protocols.motifs.Motif: atom1 name is aroC
protocols.motifs.Motif: atom2 name is aroC
protocols.motifs.Motif: atom3 name is OH
protocols.motifs.Motif: Res1 name is TRP
protocols.motifs.Motif: atom1 name is aroC
protocols.motifs.Motif: atom2 name is aroC
protocols.motifs.Motif: atom3 name is OH
protocols.motifs.Motif: Res1 name is LYS
protocols.motifs.Motif: atom1 name is ONH2
protocols.motifs.Motif: atom2 name is Npro
protocols.motifs.Motif: atom3 name is ONH2
protocols.motifs.Motif: Res1 name is PRO
protocols.motifs.Motif: atom1 name is aroC
protocols.motifs.Motif: atom2 name is aroC
protocols.motifs.Motif: atom3 name is aroC
core.pack.task: Packer task: initialize from command line() 
core.pack.task: Packer task: initialize from command line() 
core.pack.task: Packer task: initialize from command line() 
protocols.moves.MonteCarlo: MonteCarlo:: last_accepted_score,lowest_score: -851.635 -851.635
protocols.motifs.Motif: Res1 name is MET
protocols.motifs.Motif: atom1 name is aroC
protocols.motifs.Motif: atom2 name is aroC
protocols.motifs.Motif: atom3 name is OH
protocols.motifs.Motif: Res1 name is VAL
protocols.motifs.Motif: atom1 name is ONH2
protocols.motifs.Motif: atom2 name is Npro
protocols.motifs.Motif: atom3 name is ONH2
protocols.motifs.Motif: Res1 name is LYS
protocols.motifs.Motif: atom1 name is aroC
protocols.motifs.Motif: atom2 name is aroC
protocols.motifs.Motif: atom3 name is OH
protocols.motifs.Motif: Res1 name is GLU
protocols.motifs.Motif: atom1 name is aroC
protocols.motifs.Motif: atom2 name is aroC
protocols.motifs.Motif: atom3 name is OH
core.pack.task: Packer task: initialize from command line() 
core.pack.task: Packer task: initialize from command line() 
core.pack.task: Packer task: initialize from command line() 
protocols.moves.MonteCarlo: MonteCarlo:: last_accepted_score,lowest_score: -849.376 -849.376
protocols.motifs.Motif: Res1 name is TRP
protocols.motifs.Motif: atom1 name is ONH2
protocols.motifs.Motif: atom2 name is Npro
protocols.motifs.Motif: atom3 name is ONH2
protocols.motifs.Motif: Res1 name is MET
protocols.motifs.Motif: atom1 name is aroC
protocols.motifs.Motif: atom2 name is aroC
protocols.motifs.Motif: atom3 name is aroC
protocols.motifs.Motif: Res1 name is TRP
protocols.motifs.Motif: atom1 name is aroC
protocols.motifs.Motif: atom2 name is aroC
protocols.motifs.Motif: atom3 name is OH
protocols.motifs.Motif: Res1 name is LYS
protocols.motifs.Motif: atom1 name is aroC
protocols.motifs.Motif: atom2 name is aroC
protocols.motifs.Motif: atom3 name is OH
protocols.motifs.Motif: Res1 name is PRO
protocols.motifs.Motif: atom1 name is ONH2
protocols.motifs.Motif: atom2 name is Npro
protocols.motifs.Motif: atom3 name is ONH2
protocols.motifs.Motif: Res1 name is LEU
protocols.motifs.Motif: atom1 name is ONH2
protocols.motifs.Motif: atom2 name is Npro
protocols.motifs.Motif: atom3 name is ONH2
core.pack.task: Packer task: initialize from command line() 
core.pack.task: Packer task: initialize from command line() 
core.pack.task: Packer task: initialize from command line() 
protocols.moves.MonteCarlo: MonteCarlo:: last_accepted_score,lowest_score: -851.398 -851.398
protocols.motifs.Motif: Res1 name is MET
protocols.motifs.Motif: atom1 name is ONH2
protocols.motifs.Motif: atom2 name is Npro
protocols.motifs.Motif: atom3 name is ONH2
protocols.motifs.Motif: Res1 name is TRP
protocols.motifs.Motif: atom1 name is aroC
protocols.motifs.Motif: atom2 name is aroC
protocols.motifs.Motif: atom3 name is OH
protocols.motifs.Motif: Res1 name is LYS
protocols.motifs.Motif: atom1 name is aroC
protocols.motifs.Motif: atom2 name is aroC
protocols.motifs.Motif: atom3 name is aroC
protocols.motifs.Motif: Res1 name is PRO
protocols.motifs.Motif: atom1 name is ONH2
protocols.motifs.Motif: atom2 name is Npro
protocols.motifs.Motif: atom3 name is ONH2
protocols.motifs.Motif: Res1 name is GLU
protocols.motifs.Motif: atom1 name is ONH2
protocols.motifs.Motif: atom2 name is Npro
protocols.motifs.Motif: atom3 name is ONH2
core.pack.task: Packer task: initialize from command line() 
core.pack.task: Packer task: initialize from command line() 
core.pack.task: Packer task: initialize from command line() 
protocols.moves.MonteCarlo: MonteCarlo:: last_accepted_score,lowest_score: -851.518 -851.518
protocols.motifs.Motif: Res1 name is MET
protocols.motifs.Motif: atom1 name is aroC
protocols.motifs.Motif: atom2 name is aroC
protocols.motifs.Motif: atom3 name is aroC
protocols.motifs.Motif: Res1 name is LYS
protocols.motifs.Motif: atom1 name is aroC
protocols.motifs.Motif: atom2 name is aroC
protocols.motifs.Motif: atom3 name is aroC
core.pack.task: Packer task: initialize from command line() 
core.pack.task: Packer task: initialize from command line() 
core.pack.task: Packer task: initialize from command line() 
protocols.moves.MonteCarlo: MonteCarlo:: last_accepted_score,lowest_score: -846.823 -846.899
protocols.motifs.Motif: Res1 name is MET
protocols.motifs.Motif: atom1 name is ONH2
protocols.motifs.Motif: atom2 name is Npro
protocols.motifs.Motif: atom3 name is ONH2
protocols.motifs.Motif: Res1 name is TRP
protocols.motifs.Motif: atom1 name is aroC
protocols.motifs.Motif: atom2 name is aroC
protocols.motifs.Motif: atom3 name is OH
protocols.motifs.Motif: Res1 name is LYS
protocols.motifs.Motif: atom1 name is ONH2
protocols.motifs.Motif: atom2 name is Npro
protocols.motifs.Motif: atom3 name is ONH2
protocols.motifs.Motif: Res1 name is PRO
protocols.motifs.Motif: atom1 name is ONH2
protocols.motifs.Motif: atom2 name is Npro
protocols.motifs.Motif: atom3 name is ONH2
core.pack.task: Packer task: initialize from command line() 
core.pack.task: Packer task: initialize from command line() 
core.pack.task: Packer task: initialize from command line() 
protocols.moves.MonteCarlo: MonteCarlo:: last_accepted_score,lowest_score: -851.232 -851.597
protocols.motifs.Motif: Res1 name is MET
protocols.motifs.Motif: atom1 name is aroC
protocols.motifs.Motif: atom2 name is aroC
protocols.motifs.Motif: atom3 name is aroC
protocols.motifs.Motif: Res1 name is TRP
protocols.motifs.Motif: atom1 name is aroC
protocols.motifs.Motif: atom2 name is aroC
protocols.motifs.Motif: atom3 name is OH
protocols.motifs.Motif: Res1 name is LYS
protocols.motifs.Motif: atom1 name is aroC
protocols.motifs.Motif: atom2 name is aroC
protocols.motifs.Motif: atom3 name is OH
protocols.motifs.Motif: Res1 name is GLU
protocols.motifs.Motif: atom1 name is ONH2
protocols.motifs.Motif: atom2 name is Npro
protocols.motifs.Motif: atom3 name is ONH2
core.pack.task: Packer task: initialize from command line() 
core.pack.task: Packer task: initialize from command line() 
core.pack.task: Packer task: initialize from command line() 
protocols.moves.MonteCarlo: MonteCarlo:: last_accepted_score,lowest_score: -851.581 -851.581
protocols.motifs.Motif: Res1 name is MET
protocols.motifs.Motif: atom1 name is ONH2
protocols.motifs.Motif: atom2 name is Npro
protocols.motifs.Motif: atom3 name is ONH2
protocols.motifs.Motif: Res1 name is TRP
protocols.motifs.Motif: atom1 name is aroC
protocols.motifs.Motif: atom2 name is aroC
protocols.motifs.Motif: atom3 name is OH
protocols.motifs.Motif: Res1 name is LYS
protocols.motifs.Motif: atom1 name is aroC
protocols.motifs.Motif: atom2 name is aroC
protocols.motifs.Motif: atom3 name is Npro
protocols.motifs.Motif: Res1 name is PRO
protocols.motifs.Motif: atom1 name is ONH2
protocols.motifs.Motif: atom2 name is Npro
protocols.motifs.Motif: atom3 name is ONH2
protocols.motifs.Motif: Res1 name is LEU
protocols.motifs.Motif: atom1 name is ONH2
protocols.motifs.Motif: atom2 name is Npro
protocols.motifs.Motif: atom3 name is ONH2
protocols.motifs.Motif: Res1 name is GLU
protocols.motifs.Motif: atom1 name is ONH2
protocols.motifs.Motif: atom2 name is Npro
protocols.motifs.Motif: atom3 name is ONH2
core.pack.task: Packer task: initialize from command line() 
core.pack.task: Packer task: initialize from command line() 
core.pack.task: Packer task: initialize from command line() 
protocols.moves.MonteCarlo: MonteCarlo:: last_accepted_score,lowest_score: -850.394 -850.394
protocols.motifs.Motif: Res1 name is MET
protocols.motifs.Motif: atom1 name is aroC
protocols.motifs.Motif: atom2 name is aroC
protocols.motifs.Motif: atom3 name is aroC
protocols.motifs.Motif: Res1 name is TRP
protocols.motifs.Motif: atom1 name is ONH2
protocols.motifs.Motif: atom2 name is Npro
protocols.motifs.Motif: atom3 name is ONH2
protocols.motifs.Motif: Res1 name is LYS
protocols.motifs.Motif: atom1 name is aroC
protocols.motifs.Motif: atom2 name is aroC
protocols.motifs.Motif: atom3 name is OH
protocols.motifs.Motif: Res1 name is PRO
protocols.motifs.Motif: atom1 name is ONH2
protocols.motifs.Motif: atom2 name is Npro
protocols.motifs.Motif: atom3 name is ONH2
protocols.motifs.Motif: Res1 name is GLU
protocols.motifs.Motif: atom1 name is ONH2
protocols.motifs.Motif: atom2 name is Npro
protocols.motifs.Motif: atom3 name is ONH2
core.pack.task: Packer task: initialize from command line() 
core.pack.task: Packer task: initialize from command line() 
core.pack.task: Packer task: initialize from command line() 
protocols.moves.MonteCarlo: MonteCarlo:: last_accepted_score,lowest_score: -851.359 -851.538
protocols.motifs.Motif: Res1 name is MET
protocols.motifs.Motif: atom1 name is aroC
protocols.motifs.Motif: atom2 name is aroC
protocols.motifs.Motif: atom3 name is aroC
protocols.motifs.Motif: Res1 name is TRP
protocols.motifs.Motif: atom1 name is aroC
protocols.motifs.Motif: atom2 name is aroC
protocols.motifs.Motif: atom3 name is OH
protocols.motifs.Motif: Res1 name is LYS
protocols.motifs.Motif: atom1 name is aroC
protocols.motifs.Motif: atom2 name is aroC
protocols.motifs.Motif: atom3 name is OH
core.pack.task: Packer task: initialize from command line() 
core.pack.task: Packer task: initialize from command line() 
core.pack.task: Packer task: initialize from command line() 
protocols.moves.MonteCarlo: MonteCarlo:: last_accepted_score,lowest_score: -850.53 -851.411
protocols.motifs.Motif: Res1 name is MET
protocols.motifs.Motif: atom1 name is ONH2
protocols.motifs.Motif: atom2 name is Npro
protocols.motifs.Motif: atom3 name is ONH2
protocols.motifs.Motif: Res1 name is TRP
protocols.motifs.Motif: atom1 name is aroC
protocols.motifs.Motif: atom2 name is aroC
protocols.motifs.Motif: atom3 name is OH
protocols.motifs.Motif: Res1 name is LYS
protocols.motifs.Motif: atom1 name is aroC
protocols.motifs.Motif: atom2 name is aroC
protocols.motifs.Motif: atom3 name is OH
protocols.motifs.Motif: Res1 name is PRO
protocols.motifs.Motif: atom1 name is ONH2
protocols.motifs.Motif: atom2 name is Npro
protocols.motifs.Motif: atom3 name is ONH2
protocols.motifs.Motif: Res1 name is GLU
protocols.motifs.Motif: atom1 name is ONH2
protocols.motifs.Motif: atom2 name is Npro
protocols.motifs.Motif: atom3 name is ONH2
core.pack.task: Packer task: initialize from command line() 
core.pack.task: Packer task: initialize from command line() 
core.pack.task: Packer task: initialize from command line() 
protocols.moves.MonteCarlo: MonteCarlo:: last_accepted_score,lowest_score: -851.421 -851.821
protocols.motifs.Motif: Res1 name is MET
protocols.motifs.Motif: atom1 name is ONH2
protocols.motifs.Motif: atom2 name is Npro
protocols.motifs.Motif: atom3 name is ONH2
protocols.motifs.Motif: Res1 name is TRP
protocols.motifs.Motif: atom1 name is aroC
protocols.motifs.Motif: atom2 name is aroC
protocols.motifs.Motif: atom3 name is OH
protocols.motifs.Motif: Res1 name is LYS
protocols.motifs.Motif: atom1 name is aroC
protocols.motifs.Motif: atom2 name is aroC
protocols.motifs.Motif: atom3 name is OH
protocols.motifs.Motif: Res1 name is GLU
protocols.motifs.Motif: atom1 name is ONH2
protocols.motifs.Motif: atom2 name is Npro
protocols.motifs.Motif: atom3 name is ONH2
LigandDiscoverySearch.discover: Done iterating all trios, moving to next ligand
LigandDiscoverySearch.discover: Total passing attempts for ligand is 99
LigandDiscoverySearch.discover: Total clashing attempts for ligand is 1226
