********  (C) Copyright Rosetta Commons Member Institutions.  ***************
* Use of Rosetta for commercial purposes may require purchase of a license. *
********  See LICENSE.md or email license@uw.edu for more details. **********
core.init: Checking for fconfig files in pwd and ./rosetta/flags 
core.init: Rosetta version: 2024.19.post.dev+283.updatedliganddiscoverysearchcodeagmay2024.10ed978 10ed97813f1920392b632603a23dedae0d4f102d https://github.com/RosettaCommons/rosetta.git 2024-10-15T12:35:46
core.init: Rosetta extras: []
core.init: command: /scratch/abgvg9/rosetta_may_for_checkin/rosetta//source/bin/ligand_discovery_search_protocol.linuxgccrelease @hs90a_res_123_0_args
basic.random.init_random_generator: Constant seed mode, seed=1111111 seed_offset=0 real_seed=1111111
basic.random.init_random_generator: RandomGenerator:init: Normal mode, seed=1111111 RG_type=mt19937
core.init: Resolved executable path: /scratch/abgvg9/rosetta_may_for_checkin/rosetta/source/build/src/release/linux/3.10/64/x86/gcc/8.2/default/ligand_discovery_search_protocol.default.linuxgccrelease
core.init: Looking for database based on location of executable: /scratch/abgvg9/rosetta_may_for_checkin/rosetta/database/
LDS_app: Making Pose of input pdb file(s)
protocols.motifs.motif_utils: Got filename
protocols.motifs.motif_utils: Made motiflibrary
core.chemical.GlobalResidueTypeSet: Finished initializing fa_standard residue type set.  Created 985 residue types
core.chemical.GlobalResidueTypeSet: Total time to initialize 0.83 seconds.
protocols.motifs.motif_utils: added motifs from file
LDS_app: Collected motifs library with 1646847 motifs. 
core.chemical.GlobalResidueTypeSet: For ResidueTypeSet fa_standard there is no exclude_pdb_component_list.txt file to list known PDB ids.
core.chemical.GlobalResidueTypeSet:     This will turn off PDB component loading for ResidueTypeSet fa_standard
core.chemical.GlobalResidueTypeSet:     Expected file: /data/user/abgvg9/benchmark/files/all/hs90a/test_params/exclude_pdb_component_list.txt
core.chemical.GlobalResidueTypeSet: Finished initializing fa_standard residue type set.  Created 1 residue types
core.chemical.GlobalResidueTypeSet: Total time to initialize 0.33 seconds.
core.import_pose.import_pose: File '/data/user/abgvg9/benchmark/files/all/hs90a/hs90a.pdb' automatically determined to be of type PDB
core.io.pose_from_sfr.PoseFromSFRBuilder: [ WARNING ] discarding 1 atoms at position 1 in file /data/user/abgvg9/benchmark/files/all/hs90a/hs90a.pdb. Best match rsd_type:  GLU:NtermProteinFull
core.io.pose_from_sfr.PoseFromSFRBuilder: [ WARNING ] discarding 1 atoms at position 2 in file /data/user/abgvg9/benchmark/files/all/hs90a/hs90a.pdb. Best match rsd_type:  VAL
core.io.pose_from_sfr.PoseFromSFRBuilder: [ WARNING ] discarding 1 atoms at position 3 in file /data/user/abgvg9/benchmark/files/all/hs90a/hs90a.pdb. Best match rsd_type:  GLU
core.io.pose_from_sfr.PoseFromSFRBuilder: [ WARNING ] discarding 2 atoms at position 4 in file /data/user/abgvg9/benchmark/files/all/hs90a/hs90a.pdb. Best match rsd_type:  THR
core.io.pose_from_sfr.PoseFromSFRBuilder: [ WARNING ] discarding 1 atoms at position 5 in file /data/user/abgvg9/benchmark/files/all/hs90a/hs90a.pdb. Best match rsd_type:  PHE
core.io.pose_from_sfr.PoseFromSFRBuilder: [ WARNING ] discarding 1 atoms at position 6 in file /data/user/abgvg9/benchmark/files/all/hs90a/hs90a.pdb. Best match rsd_type:  ALA
core.io.pose_from_sfr.PoseFromSFRBuilder: [ WARNING ] discarding 1 atoms at position 7 in file /data/user/abgvg9/benchmark/files/all/hs90a/hs90a.pdb. Best match rsd_type:  PHE
core.io.pose_from_sfr.PoseFromSFRBuilder: [ WARNING ] discarding 3 atoms at position 8 in file /data/user/abgvg9/benchmark/files/all/hs90a/hs90a.pdb. Best match rsd_type:  GLN
core.io.pose_from_sfr.PoseFromSFRBuilder: [ WARNING ] discarding 1 atoms at position 9 in file /data/user/abgvg9/benchmark/files/all/hs90a/hs90a.pdb. Best match rsd_type:  ALA
core.io.pose_from_sfr.PoseFromSFRBuilder: [ WARNING ] discarding 1 atoms at position 10 in file /data/user/abgvg9/benchmark/files/all/hs90a/hs90a.pdb. Best match rsd_type:  GLU
core.io.pose_from_sfr.PoseFromSFRBuilder: [ WARNING ] discarding 1 atoms at position 11 in file /data/user/abgvg9/benchmark/files/all/hs90a/hs90a.pdb. Best match rsd_type:  ILE
core.io.pose_from_sfr.PoseFromSFRBuilder: [ WARNING ] discarding 1 atoms at position 12 in file /data/user/abgvg9/benchmark/files/all/hs90a/hs90a.pdb. Best match rsd_type:  ALA
core.io.pose_from_sfr.PoseFromSFRBuilder: [ WARNING ] discarding 3 atoms at position 13 in file /data/user/abgvg9/benchmark/files/all/hs90a/hs90a.pdb. Best match rsd_type:  GLN
core.io.pose_from_sfr.PoseFromSFRBuilder: [ WARNING ] discarding 1 atoms at position 14 in file /data/user/abgvg9/benchmark/files/all/hs90a/hs90a.pdb. Best match rsd_type:  LEU
core.io.pose_from_sfr.PoseFromSFRBuilder: [ WARNING ] discarding 1 atoms at position 15 in file /data/user/abgvg9/benchmark/files/all/hs90a/hs90a.pdb. Best match rsd_type:  MET
core.io.pose_from_sfr.PoseFromSFRBuilder: [ WARNING ] discarding 2 atoms at position 16 in file /data/user/abgvg9/benchmark/files/all/hs90a/hs90a.pdb. Best match rsd_type:  SER
core.io.pose_from_sfr.PoseFromSFRBuilder: [ WARNING ] discarding 1 atoms at position 17 in file /data/user/abgvg9/benchmark/files/all/hs90a/hs90a.pdb. Best match rsd_type:  LEU
core.io.pose_from_sfr.PoseFromSFRBuilder: [ WARNING ] discarding 1 atoms at position 18 in file /data/user/abgvg9/benchmark/files/all/hs90a/hs90a.pdb. Best match rsd_type:  ILE
core.io.pose_from_sfr.PoseFromSFRBuilder: [ WARNING ] discarding 1 atoms at position 19 in file /data/user/abgvg9/benchmark/files/all/hs90a/hs90a.pdb. Best match rsd_type:  ILE
core.io.pose_from_sfr.PoseFromSFRBuilder: [ WARNING ] discarding 3 atoms at position 20 in file /data/user/abgvg9/benchmark/files/all/hs90a/hs90a.pdb. Best match rsd_type:  ASN
core.io.pose_from_sfr.PoseFromSFRBuilder: [ WARNING ] discarding 2 atoms at position 21 in file /data/user/abgvg9/benchmark/files/all/hs90a/hs90a.pdb. Best match rsd_type:  THR
core.io.pose_from_sfr.PoseFromSFRBuilder: [ WARNING ] discarding 1 atoms at position 22 in file /data/user/abgvg9/benchmark/files/all/hs90a/hs90a.pdb. Best match rsd_type:  PHE
core.io.pose_from_sfr.PoseFromSFRBuilder: [ WARNING ] discarding 2 atoms at position 23 in file /data/user/abgvg9/benchmark/files/all/hs90a/hs90a.pdb. Best match rsd_type:  TYR
core.io.pose_from_sfr.PoseFromSFRBuilder: [ WARNING ] discarding 2 atoms at position 24 in file /data/user/abgvg9/benchmark/files/all/hs90a/hs90a.pdb. Best match rsd_type:  SER
core.io.pose_from_sfr.PoseFromSFRBuilder: [ WARNING ] discarding 3 atoms at position 25 in file /data/user/abgvg9/benchmark/files/all/hs90a/hs90a.pdb. Best match rsd_type:  ASN
core.io.pose_from_sfr.PoseFromSFRBuilder: [ WARNING ] discarding 4 atoms at position 26 in file /data/user/abgvg9/benchmark/files/all/hs90a/hs90a.pdb. Best match rsd_type:  LYS
core.io.pose_from_sfr.PoseFromSFRBuilder: [ WARNING ] discarding 1 atoms at position 27 in file /data/user/abgvg9/benchmark/files/all/hs90a/hs90a.pdb. Best match rsd_type:  GLU
core.io.pose_from_sfr.PoseFromSFRBuilder: [ WARNING ] discarding 1 atoms at position 28 in file /data/user/abgvg9/benchmark/files/all/hs90a/hs90a.pdb. Best match rsd_type:  ILE
core.io.pose_from_sfr.PoseFromSFRBuilder: [ WARNING ] discarding 1 atoms at position 29 in file /data/user/abgvg9/benchmark/files/all/hs90a/hs90a.pdb. Best match rsd_type:  PHE
core.io.pose_from_sfr.PoseFromSFRBuilder: [ WARNING ] discarding 1 atoms at position 30 in file /data/user/abgvg9/benchmark/files/all/hs90a/hs90a.pdb. Best match rsd_type:  LEU
core.io.pose_from_sfr.PoseFromSFRBuilder: [ WARNING ] discarding 6 atoms at position 31 in file /data/user/abgvg9/benchmark/files/all/hs90a/hs90a.pdb. Best match rsd_type:  ARG
core.io.pose_from_sfr.PoseFromSFRBuilder: [ WARNING ] discarding 1 atoms at position 32 in file /data/user/abgvg9/benchmark/files/all/hs90a/hs90a.pdb. Best match rsd_type:  GLU
core.io.pose_from_sfr.PoseFromSFRBuilder: [ WARNING ] discarding 1 atoms at position 33 in file /data/user/abgvg9/benchmark/files/all/hs90a/hs90a.pdb. Best match rsd_type:  LEU
core.io.pose_from_sfr.PoseFromSFRBuilder: [ WARNING ] discarding 1 atoms at position 34 in file /data/user/abgvg9/benchmark/files/all/hs90a/hs90a.pdb. Best match rsd_type:  ILE
core.io.pose_from_sfr.PoseFromSFRBuilder: [ WARNING ] discarding 2 atoms at position 35 in file /data/user/abgvg9/benchmark/files/all/hs90a/hs90a.pdb. Best match rsd_type:  SER
core.io.pose_from_sfr.PoseFromSFRBuilder: [ WARNING ] discarding 3 atoms at position 36 in file /data/user/abgvg9/benchmark/files/all/hs90a/hs90a.pdb. Best match rsd_type:  ASN
core.io.pose_from_sfr.PoseFromSFRBuilder: [ WARNING ] discarding 2 atoms at position 37 in file /data/user/abgvg9/benchmark/files/all/hs90a/hs90a.pdb. Best match rsd_type:  SER
core.io.pose_from_sfr.PoseFromSFRBuilder: [ WARNING ] discarding 2 atoms at position 38 in file /data/user/abgvg9/benchmark/files/all/hs90a/hs90a.pdb. Best match rsd_type:  SER
core.io.pose_from_sfr.PoseFromSFRBuilder: [ WARNING ] discarding 1 atoms at position 39 in file /data/user/abgvg9/benchmark/files/all/hs90a/hs90a.pdb. Best match rsd_type:  ASP
core.io.pose_from_sfr.PoseFromSFRBuilder: [ WARNING ] discarding 1 atoms at position 40 in file /data/user/abgvg9/benchmark/files/all/hs90a/hs90a.pdb. Best match rsd_type:  ALA
core.io.pose_from_sfr.PoseFromSFRBuilder: [ WARNING ] discarding 1 atoms at position 41 in file /data/user/abgvg9/benchmark/files/all/hs90a/hs90a.pdb. Best match rsd_type:  LEU
core.io.pose_from_sfr.PoseFromSFRBuilder: [ WARNING ] discarding 1 atoms at position 42 in file /data/user/abgvg9/benchmark/files/all/hs90a/hs90a.pdb. Best match rsd_type:  ASP
core.io.pose_from_sfr.PoseFromSFRBuilder: [ WARNING ] discarding 4 atoms at position 43 in file /data/user/abgvg9/benchmark/files/all/hs90a/hs90a.pdb. Best match rsd_type:  LYS
core.io.pose_from_sfr.PoseFromSFRBuilder: [ WARNING ] discarding 1 atoms at position 44 in file /data/user/abgvg9/benchmark/files/all/hs90a/hs90a.pdb. Best match rsd_type:  ILE
core.io.pose_from_sfr.PoseFromSFRBuilder: [ WARNING ] discarding 6 atoms at position 45 in file /data/user/abgvg9/benchmark/files/all/hs90a/hs90a.pdb. Best match rsd_type:  ARG
core.io.pose_from_sfr.PoseFromSFRBuilder: [ WARNING ] discarding 2 atoms at position 46 in file /data/user/abgvg9/benchmark/files/all/hs90a/hs90a.pdb. Best match rsd_type:  TYR
core.io.pose_from_sfr.PoseFromSFRBuilder: [ WARNING ] discarding 1 atoms at position 47 in file /data/user/abgvg9/benchmark/files/all/hs90a/hs90a.pdb. Best match rsd_type:  GLU
core.io.pose_from_sfr.PoseFromSFRBuilder: [ WARNING ] discarding 2 atoms at position 48 in file /data/user/abgvg9/benchmark/files/all/hs90a/hs90a.pdb. Best match rsd_type:  SER
core.io.pose_from_sfr.PoseFromSFRBuilder: [ WARNING ] discarding 1 atoms at position 49 in file /data/user/abgvg9/benchmark/files/all/hs90a/hs90a.pdb. Best match rsd_type:  LEU
core.io.pose_from_sfr.PoseFromSFRBuilder: [ WARNING ] discarding 2 atoms at position 50 in file /data/user/abgvg9/benchmark/files/all/hs90a/hs90a.pdb. Best match rsd_type:  THR
core.io.pose_from_sfr.PoseFromSFRBuilder: [ WARNING ] discarding 1 atoms at position 51 in file /data/user/abgvg9/benchmark/files/all/hs90a/hs90a.pdb. Best match rsd_type:  ASP
core.io.pose_from_sfr.PoseFromSFRBuilder: [ WARNING ] discarding 2 atoms at position 53 in file /data/user/abgvg9/benchmark/files/all/hs90a/hs90a.pdb. Best match rsd_type:  SER
core.io.pose_from_sfr.PoseFromSFRBuilder: [ WARNING ] discarding 4 atoms at position 54 in file /data/user/abgvg9/benchmark/files/all/hs90a/hs90a.pdb. Best match rsd_type:  LYS
core.io.pose_from_sfr.PoseFromSFRBuilder: [ WARNING ] discarding 1 atoms at position 55 in file /data/user/abgvg9/benchmark/files/all/hs90a/hs90a.pdb. Best match rsd_type:  LEU
core.io.pose_from_sfr.PoseFromSFRBuilder: [ WARNING ] discarding 1 atoms at position 56 in file /data/user/abgvg9/benchmark/files/all/hs90a/hs90a.pdb. Best match rsd_type:  ASP
core.io.pose_from_sfr.PoseFromSFRBuilder: [ WARNING ] discarding 2 atoms at position 57 in file /data/user/abgvg9/benchmark/files/all/hs90a/hs90a.pdb. Best match rsd_type:  SER
core.io.pose_from_sfr.PoseFromSFRBuilder: [ WARNING ] discarding 1 atoms at position 58 in file /data/user/abgvg9/benchmark/files/all/hs90a/hs90a.pdb. Best match rsd_type:  GLY
core.io.pose_from_sfr.PoseFromSFRBuilder: [ WARNING ] discarding 4 atoms at position 59 in file /data/user/abgvg9/benchmark/files/all/hs90a/hs90a.pdb. Best match rsd_type:  LYS
core.io.pose_from_sfr.PoseFromSFRBuilder: [ WARNING ] discarding 1 atoms at position 60 in file /data/user/abgvg9/benchmark/files/all/hs90a/hs90a.pdb. Best match rsd_type:  GLU
core.io.pose_from_sfr.PoseFromSFRBuilder: [ WARNING ] discarding 1 atoms at position 61 in file /data/user/abgvg9/benchmark/files/all/hs90a/hs90a.pdb. Best match rsd_type:  LEU
core.io.pose_from_sfr.PoseFromSFRBuilder: [ WARNING ] discarding 2 atoms at position 62 in file /data/user/abgvg9/benchmark/files/all/hs90a/hs90a.pdb. Best match rsd_type:  HIS
core.io.pose_from_sfr.PoseFromSFRBuilder: [ WARNING ] discarding 1 atoms at position 63 in file /data/user/abgvg9/benchmark/files/all/hs90a/hs90a.pdb. Best match rsd_type:  ILE
core.io.pose_from_sfr.PoseFromSFRBuilder: [ WARNING ] discarding 3 atoms at position 64 in file /data/user/abgvg9/benchmark/files/all/hs90a/hs90a.pdb. Best match rsd_type:  ASN
core.io.pose_from_sfr.PoseFromSFRBuilder: [ WARNING ] discarding 1 atoms at position 65 in file /data/user/abgvg9/benchmark/files/all/hs90a/hs90a.pdb. Best match rsd_type:  LEU
core.io.pose_from_sfr.PoseFromSFRBuilder: [ WARNING ] discarding 1 atoms at position 66 in file /data/user/abgvg9/benchmark/files/all/hs90a/hs90a.pdb. Best match rsd_type:  ILE
core.io.pose_from_sfr.PoseFromSFRBuilder: [ WARNING ] discarding 3 atoms at position 68 in file /data/user/abgvg9/benchmark/files/all/hs90a/hs90a.pdb. Best match rsd_type:  ASN
core.io.pose_from_sfr.PoseFromSFRBuilder: [ WARNING ] discarding 4 atoms at position 69 in file /data/user/abgvg9/benchmark/files/all/hs90a/hs90a.pdb. Best match rsd_type:  LYS
core.io.pose_from_sfr.PoseFromSFRBuilder: [ WARNING ] discarding 3 atoms at position 70 in file /data/user/abgvg9/benchmark/files/all/hs90a/hs90a.pdb. Best match rsd_type:  GLN
core.io.pose_from_sfr.PoseFromSFRBuilder: [ WARNING ] discarding 1 atoms at position 71 in file /data/user/abgvg9/benchmark/files/all/hs90a/hs90a.pdb. Best match rsd_type:  ASP
core.io.pose_from_sfr.PoseFromSFRBuilder: [ WARNING ] discarding 6 atoms at position 72 in file /data/user/abgvg9/benchmark/files/all/hs90a/hs90a.pdb. Best match rsd_type:  ARG
core.io.pose_from_sfr.PoseFromSFRBuilder: [ WARNING ] discarding 2 atoms at position 73 in file /data/user/abgvg9/benchmark/files/all/hs90a/hs90a.pdb. Best match rsd_type:  THR
core.io.pose_from_sfr.PoseFromSFRBuilder: [ WARNING ] discarding 1 atoms at position 74 in file /data/user/abgvg9/benchmark/files/all/hs90a/hs90a.pdb. Best match rsd_type:  LEU
core.io.pose_from_sfr.PoseFromSFRBuilder: [ WARNING ] discarding 2 atoms at position 75 in file /data/user/abgvg9/benchmark/files/all/hs90a/hs90a.pdb. Best match rsd_type:  THR
core.io.pose_from_sfr.PoseFromSFRBuilder: [ WARNING ] discarding 1 atoms at position 76 in file /data/user/abgvg9/benchmark/files/all/hs90a/hs90a.pdb. Best match rsd_type:  ILE
core.io.pose_from_sfr.PoseFromSFRBuilder: [ WARNING ] discarding 1 atoms at position 77 in file /data/user/abgvg9/benchmark/files/all/hs90a/hs90a.pdb. Best match rsd_type:  VAL
core.io.pose_from_sfr.PoseFromSFRBuilder: [ WARNING ] discarding 1 atoms at position 78 in file /data/user/abgvg9/benchmark/files/all/hs90a/hs90a.pdb. Best match rsd_type:  ASP
core.io.pose_from_sfr.PoseFromSFRBuilder: [ WARNING ] discarding 2 atoms at position 79 in file /data/user/abgvg9/benchmark/files/all/hs90a/hs90a.pdb. Best match rsd_type:  THR
core.io.pose_from_sfr.PoseFromSFRBuilder: [ WARNING ] discarding 1 atoms at position 80 in file /data/user/abgvg9/benchmark/files/all/hs90a/hs90a.pdb. Best match rsd_type:  GLY
core.io.pose_from_sfr.PoseFromSFRBuilder: [ WARNING ] discarding 1 atoms at position 81 in file /data/user/abgvg9/benchmark/files/all/hs90a/hs90a.pdb. Best match rsd_type:  ILE
core.io.pose_from_sfr.PoseFromSFRBuilder: [ WARNING ] discarding 1 atoms at position 82 in file /data/user/abgvg9/benchmark/files/all/hs90a/hs90a.pdb. Best match rsd_type:  GLY
core.io.pose_from_sfr.PoseFromSFRBuilder: [ WARNING ] discarding 1 atoms at position 83 in file /data/user/abgvg9/benchmark/files/all/hs90a/hs90a.pdb. Best match rsd_type:  MET
core.io.pose_from_sfr.PoseFromSFRBuilder: [ WARNING ] discarding 2 atoms at position 84 in file /data/user/abgvg9/benchmark/files/all/hs90a/hs90a.pdb. Best match rsd_type:  THR
core.io.pose_from_sfr.PoseFromSFRBuilder: [ WARNING ] discarding 4 atoms at position 85 in file /data/user/abgvg9/benchmark/files/all/hs90a/hs90a.pdb. Best match rsd_type:  LYS
core.io.pose_from_sfr.PoseFromSFRBuilder: [ WARNING ] discarding 1 atoms at position 86 in file /data/user/abgvg9/benchmark/files/all/hs90a/hs90a.pdb. Best match rsd_type:  ALA
core.io.pose_from_sfr.PoseFromSFRBuilder: [ WARNING ] discarding 1 atoms at position 87 in file /data/user/abgvg9/benchmark/files/all/hs90a/hs90a.pdb. Best match rsd_type:  ASP
core.io.pose_from_sfr.PoseFromSFRBuilder: [ WARNING ] discarding 1 atoms at position 88 in file /data/user/abgvg9/benchmark/files/all/hs90a/hs90a.pdb. Best match rsd_type:  LEU
core.io.pose_from_sfr.PoseFromSFRBuilder: [ WARNING ] discarding 1 atoms at position 89 in file /data/user/abgvg9/benchmark/files/all/hs90a/hs90a.pdb. Best match rsd_type:  ILE
core.io.pose_from_sfr.PoseFromSFRBuilder: [ WARNING ] discarding 3 atoms at position 90 in file /data/user/abgvg9/benchmark/files/all/hs90a/hs90a.pdb. Best match rsd_type:  ASN
core.io.pose_from_sfr.PoseFromSFRBuilder: [ WARNING ] discarding 3 atoms at position 91 in file /data/user/abgvg9/benchmark/files/all/hs90a/hs90a.pdb. Best match rsd_type:  ASN
core.io.pose_from_sfr.PoseFromSFRBuilder: [ WARNING ] discarding 1 atoms at position 92 in file /data/user/abgvg9/benchmark/files/all/hs90a/hs90a.pdb. Best match rsd_type:  LEU
core.io.pose_from_sfr.PoseFromSFRBuilder: [ WARNING ] discarding 1 atoms at position 93 in file /data/user/abgvg9/benchmark/files/all/hs90a/hs90a.pdb. Best match rsd_type:  GLY
core.io.pose_from_sfr.PoseFromSFRBuilder: [ WARNING ] discarding 2 atoms at position 94 in file /data/user/abgvg9/benchmark/files/all/hs90a/hs90a.pdb. Best match rsd_type:  THR
core.io.pose_from_sfr.PoseFromSFRBuilder: [ WARNING ] discarding 1 atoms at position 95 in file /data/user/abgvg9/benchmark/files/all/hs90a/hs90a.pdb. Best match rsd_type:  ILE
core.io.pose_from_sfr.PoseFromSFRBuilder: [ WARNING ] discarding 1 atoms at position 96 in file /data/user/abgvg9/benchmark/files/all/hs90a/hs90a.pdb. Best match rsd_type:  ALA
core.io.pose_from_sfr.PoseFromSFRBuilder: [ WARNING ] discarding 4 atoms at position 97 in file /data/user/abgvg9/benchmark/files/all/hs90a/hs90a.pdb. Best match rsd_type:  LYS
core.io.pose_from_sfr.PoseFromSFRBuilder: [ WARNING ] discarding 2 atoms at position 98 in file /data/user/abgvg9/benchmark/files/all/hs90a/hs90a.pdb. Best match rsd_type:  SER
core.io.pose_from_sfr.PoseFromSFRBuilder: [ WARNING ] discarding 1 atoms at position 99 in file /data/user/abgvg9/benchmark/files/all/hs90a/hs90a.pdb. Best match rsd_type:  GLY
core.io.pose_from_sfr.PoseFromSFRBuilder: [ WARNING ] discarding 2 atoms at position 100 in file /data/user/abgvg9/benchmark/files/all/hs90a/hs90a.pdb. Best match rsd_type:  THR
core.io.pose_from_sfr.PoseFromSFRBuilder: [ WARNING ] discarding 4 atoms at position 101 in file /data/user/abgvg9/benchmark/files/all/hs90a/hs90a.pdb. Best match rsd_type:  LYS
core.io.pose_from_sfr.PoseFromSFRBuilder: [ WARNING ] discarding 1 atoms at position 102 in file /data/user/abgvg9/benchmark/files/all/hs90a/hs90a.pdb. Best match rsd_type:  ALA
core.io.pose_from_sfr.PoseFromSFRBuilder: [ WARNING ] discarding 1 atoms at position 103 in file /data/user/abgvg9/benchmark/files/all/hs90a/hs90a.pdb. Best match rsd_type:  PHE
core.io.pose_from_sfr.PoseFromSFRBuilder: [ WARNING ] discarding 1 atoms at position 104 in file /data/user/abgvg9/benchmark/files/all/hs90a/hs90a.pdb. Best match rsd_type:  MET
core.io.pose_from_sfr.PoseFromSFRBuilder: [ WARNING ] discarding 1 atoms at position 105 in file /data/user/abgvg9/benchmark/files/all/hs90a/hs90a.pdb. Best match rsd_type:  GLU
core.io.pose_from_sfr.PoseFromSFRBuilder: [ WARNING ] discarding 1 atoms at position 106 in file /data/user/abgvg9/benchmark/files/all/hs90a/hs90a.pdb. Best match rsd_type:  ALA
core.io.pose_from_sfr.PoseFromSFRBuilder: [ WARNING ] discarding 1 atoms at position 107 in file /data/user/abgvg9/benchmark/files/all/hs90a/hs90a.pdb. Best match rsd_type:  LEU
core.io.pose_from_sfr.PoseFromSFRBuilder: [ WARNING ] discarding 3 atoms at position 108 in file /data/user/abgvg9/benchmark/files/all/hs90a/hs90a.pdb. Best match rsd_type:  GLN
core.io.pose_from_sfr.PoseFromSFRBuilder: [ WARNING ] discarding 1 atoms at position 109 in file /data/user/abgvg9/benchmark/files/all/hs90a/hs90a.pdb. Best match rsd_type:  ALA
core.io.pose_from_sfr.PoseFromSFRBuilder: [ WARNING ] discarding 1 atoms at position 110 in file /data/user/abgvg9/benchmark/files/all/hs90a/hs90a.pdb. Best match rsd_type:  GLY
core.io.pose_from_sfr.PoseFromSFRBuilder: [ WARNING ] discarding 1 atoms at position 111 in file /data/user/abgvg9/benchmark/files/all/hs90a/hs90a.pdb. Best match rsd_type:  ALA
core.io.pose_from_sfr.PoseFromSFRBuilder: [ WARNING ] discarding 1 atoms at position 112 in file /data/user/abgvg9/benchmark/files/all/hs90a/hs90a.pdb. Best match rsd_type:  ASP
core.io.pose_from_sfr.PoseFromSFRBuilder: [ WARNING ] discarding 1 atoms at position 113 in file /data/user/abgvg9/benchmark/files/all/hs90a/hs90a.pdb. Best match rsd_type:  ILE
core.io.pose_from_sfr.PoseFromSFRBuilder: [ WARNING ] discarding 2 atoms at position 114 in file /data/user/abgvg9/benchmark/files/all/hs90a/hs90a.pdb. Best match rsd_type:  SER
core.io.pose_from_sfr.PoseFromSFRBuilder: [ WARNING ] discarding 1 atoms at position 115 in file /data/user/abgvg9/benchmark/files/all/hs90a/hs90a.pdb. Best match rsd_type:  MET
core.io.pose_from_sfr.PoseFromSFRBuilder: [ WARNING ] discarding 1 atoms at position 116 in file /data/user/abgvg9/benchmark/files/all/hs90a/hs90a.pdb. Best match rsd_type:  ILE
core.io.pose_from_sfr.PoseFromSFRBuilder: [ WARNING ] discarding 1 atoms at position 117 in file /data/user/abgvg9/benchmark/files/all/hs90a/hs90a.pdb. Best match rsd_type:  GLY
core.io.pose_from_sfr.PoseFromSFRBuilder: [ WARNING ] discarding 3 atoms at position 118 in file /data/user/abgvg9/benchmark/files/all/hs90a/hs90a.pdb. Best match rsd_type:  GLN
core.io.pose_from_sfr.PoseFromSFRBuilder: [ WARNING ] discarding 1 atoms at position 119 in file /data/user/abgvg9/benchmark/files/all/hs90a/hs90a.pdb. Best match rsd_type:  PHE
core.io.pose_from_sfr.PoseFromSFRBuilder: [ WARNING ] discarding 1 atoms at position 120 in file /data/user/abgvg9/benchmark/files/all/hs90a/hs90a.pdb. Best match rsd_type:  GLY
core.io.pose_from_sfr.PoseFromSFRBuilder: [ WARNING ] discarding 1 atoms at position 121 in file /data/user/abgvg9/benchmark/files/all/hs90a/hs90a.pdb. Best match rsd_type:  VAL
core.io.pose_from_sfr.PoseFromSFRBuilder: [ WARNING ] discarding 1 atoms at position 122 in file /data/user/abgvg9/benchmark/files/all/hs90a/hs90a.pdb. Best match rsd_type:  GLY
core.io.pose_from_sfr.PoseFromSFRBuilder: [ WARNING ] discarding 1 atoms at position 123 in file /data/user/abgvg9/benchmark/files/all/hs90a/hs90a.pdb. Best match rsd_type:  PHE
core.io.pose_from_sfr.PoseFromSFRBuilder: [ WARNING ] discarding 2 atoms at position 124 in file /data/user/abgvg9/benchmark/files/all/hs90a/hs90a.pdb. Best match rsd_type:  TYR
core.io.pose_from_sfr.PoseFromSFRBuilder: [ WARNING ] discarding 2 atoms at position 125 in file /data/user/abgvg9/benchmark/files/all/hs90a/hs90a.pdb. Best match rsd_type:  SER
core.io.pose_from_sfr.PoseFromSFRBuilder: [ WARNING ] discarding 1 atoms at position 126 in file /data/user/abgvg9/benchmark/files/all/hs90a/hs90a.pdb. Best match rsd_type:  ALA
core.io.pose_from_sfr.PoseFromSFRBuilder: [ WARNING ] discarding 2 atoms at position 127 in file /data/user/abgvg9/benchmark/files/all/hs90a/hs90a.pdb. Best match rsd_type:  TYR
core.io.pose_from_sfr.PoseFromSFRBuilder: [ WARNING ] discarding 1 atoms at position 128 in file /data/user/abgvg9/benchmark/files/all/hs90a/hs90a.pdb. Best match rsd_type:  LEU
core.io.pose_from_sfr.PoseFromSFRBuilder: [ WARNING ] discarding 1 atoms at position 129 in file /data/user/abgvg9/benchmark/files/all/hs90a/hs90a.pdb. Best match rsd_type:  VAL
core.io.pose_from_sfr.PoseFromSFRBuilder: [ WARNING ] discarding 1 atoms at position 130 in file /data/user/abgvg9/benchmark/files/all/hs90a/hs90a.pdb. Best match rsd_type:  ALA
core.io.pose_from_sfr.PoseFromSFRBuilder: [ WARNING ] discarding 1 atoms at position 131 in file /data/user/abgvg9/benchmark/files/all/hs90a/hs90a.pdb. Best match rsd_type:  GLU
core.io.pose_from_sfr.PoseFromSFRBuilder: [ WARNING ] discarding 4 atoms at position 132 in file /data/user/abgvg9/benchmark/files/all/hs90a/hs90a.pdb. Best match rsd_type:  LYS
core.io.pose_from_sfr.PoseFromSFRBuilder: [ WARNING ] discarding 1 atoms at position 133 in file /data/user/abgvg9/benchmark/files/all/hs90a/hs90a.pdb. Best match rsd_type:  VAL
core.io.pose_from_sfr.PoseFromSFRBuilder: [ WARNING ] discarding 2 atoms at position 134 in file /data/user/abgvg9/benchmark/files/all/hs90a/hs90a.pdb. Best match rsd_type:  THR
core.io.pose_from_sfr.PoseFromSFRBuilder: [ WARNING ] discarding 1 atoms at position 135 in file /data/user/abgvg9/benchmark/files/all/hs90a/hs90a.pdb. Best match rsd_type:  VAL
core.io.pose_from_sfr.PoseFromSFRBuilder: [ WARNING ] discarding 1 atoms at position 136 in file /data/user/abgvg9/benchmark/files/all/hs90a/hs90a.pdb. Best match rsd_type:  ILE
core.io.pose_from_sfr.PoseFromSFRBuilder: [ WARNING ] discarding 2 atoms at position 137 in file /data/user/abgvg9/benchmark/files/all/hs90a/hs90a.pdb. Best match rsd_type:  THR
core.io.pose_from_sfr.PoseFromSFRBuilder: [ WARNING ] discarding 4 atoms at position 138 in file /data/user/abgvg9/benchmark/files/all/hs90a/hs90a.pdb. Best match rsd_type:  LYS
core.io.pose_from_sfr.PoseFromSFRBuilder: [ WARNING ] discarding 2 atoms at position 139 in file /data/user/abgvg9/benchmark/files/all/hs90a/hs90a.pdb. Best match rsd_type:  HIS
core.io.pose_from_sfr.PoseFromSFRBuilder: [ WARNING ] discarding 3 atoms at position 140 in file /data/user/abgvg9/benchmark/files/all/hs90a/hs90a.pdb. Best match rsd_type:  ASN
core.io.pose_from_sfr.PoseFromSFRBuilder: [ WARNING ] discarding 1 atoms at position 141 in file /data/user/abgvg9/benchmark/files/all/hs90a/hs90a.pdb. Best match rsd_type:  ASP
core.io.pose_from_sfr.PoseFromSFRBuilder: [ WARNING ] discarding 1 atoms at position 142 in file /data/user/abgvg9/benchmark/files/all/hs90a/hs90a.pdb. Best match rsd_type:  ASP
core.io.pose_from_sfr.PoseFromSFRBuilder: [ WARNING ] discarding 1 atoms at position 143 in file /data/user/abgvg9/benchmark/files/all/hs90a/hs90a.pdb. Best match rsd_type:  GLU
core.io.pose_from_sfr.PoseFromSFRBuilder: [ WARNING ] discarding 3 atoms at position 144 in file /data/user/abgvg9/benchmark/files/all/hs90a/hs90a.pdb. Best match rsd_type:  GLN
core.io.pose_from_sfr.PoseFromSFRBuilder: [ WARNING ] discarding 2 atoms at position 145 in file /data/user/abgvg9/benchmark/files/all/hs90a/hs90a.pdb. Best match rsd_type:  TYR
core.io.pose_from_sfr.PoseFromSFRBuilder: [ WARNING ] discarding 1 atoms at position 146 in file /data/user/abgvg9/benchmark/files/all/hs90a/hs90a.pdb. Best match rsd_type:  ALA
core.io.pose_from_sfr.PoseFromSFRBuilder: [ WARNING ] discarding 2 atoms at position 147 in file /data/user/abgvg9/benchmark/files/all/hs90a/hs90a.pdb. Best match rsd_type:  TRP
core.io.pose_from_sfr.PoseFromSFRBuilder: [ WARNING ] discarding 1 atoms at position 148 in file /data/user/abgvg9/benchmark/files/all/hs90a/hs90a.pdb. Best match rsd_type:  GLU
core.io.pose_from_sfr.PoseFromSFRBuilder: [ WARNING ] discarding 2 atoms at position 149 in file /data/user/abgvg9/benchmark/files/all/hs90a/hs90a.pdb. Best match rsd_type:  SER
core.io.pose_from_sfr.PoseFromSFRBuilder: [ WARNING ] discarding 2 atoms at position 150 in file /data/user/abgvg9/benchmark/files/all/hs90a/hs90a.pdb. Best match rsd_type:  SER
core.io.pose_from_sfr.PoseFromSFRBuilder: [ WARNING ] discarding 1 atoms at position 151 in file /data/user/abgvg9/benchmark/files/all/hs90a/hs90a.pdb. Best match rsd_type:  ALA
core.io.pose_from_sfr.PoseFromSFRBuilder: [ WARNING ] discarding 1 atoms at position 152 in file /data/user/abgvg9/benchmark/files/all/hs90a/hs90a.pdb. Best match rsd_type:  GLY
core.io.pose_from_sfr.PoseFromSFRBuilder: [ WARNING ] discarding 1 atoms at position 153 in file /data/user/abgvg9/benchmark/files/all/hs90a/hs90a.pdb. Best match rsd_type:  GLY
core.io.pose_from_sfr.PoseFromSFRBuilder: [ WARNING ] discarding 2 atoms at position 154 in file /data/user/abgvg9/benchmark/files/all/hs90a/hs90a.pdb. Best match rsd_type:  SER
core.io.pose_from_sfr.PoseFromSFRBuilder: [ WARNING ] discarding 1 atoms at position 155 in file /data/user/abgvg9/benchmark/files/all/hs90a/hs90a.pdb. Best match rsd_type:  PHE
core.io.pose_from_sfr.PoseFromSFRBuilder: [ WARNING ] discarding 2 atoms at position 156 in file /data/user/abgvg9/benchmark/files/all/hs90a/hs90a.pdb. Best match rsd_type:  THR
core.io.pose_from_sfr.PoseFromSFRBuilder: [ WARNING ] discarding 1 atoms at position 157 in file /data/user/abgvg9/benchmark/files/all/hs90a/hs90a.pdb. Best match rsd_type:  VAL
core.io.pose_from_sfr.PoseFromSFRBuilder: [ WARNING ] discarding 6 atoms at position 158 in file /data/user/abgvg9/benchmark/files/all/hs90a/hs90a.pdb. Best match rsd_type:  ARG
core.io.pose_from_sfr.PoseFromSFRBuilder: [ WARNING ] discarding 2 atoms at position 159 in file /data/user/abgvg9/benchmark/files/all/hs90a/hs90a.pdb. Best match rsd_type:  THR
core.io.pose_from_sfr.PoseFromSFRBuilder: [ WARNING ] discarding 1 atoms at position 160 in file /data/user/abgvg9/benchmark/files/all/hs90a/hs90a.pdb. Best match rsd_type:  ASP
core.io.pose_from_sfr.PoseFromSFRBuilder: [ WARNING ] discarding 2 atoms at position 161 in file /data/user/abgvg9/benchmark/files/all/hs90a/hs90a.pdb. Best match rsd_type:  THR
core.io.pose_from_sfr.PoseFromSFRBuilder: [ WARNING ] discarding 1 atoms at position 162 in file /data/user/abgvg9/benchmark/files/all/hs90a/hs90a.pdb. Best match rsd_type:  GLY
core.io.pose_from_sfr.PoseFromSFRBuilder: [ WARNING ] discarding 1 atoms at position 163 in file /data/user/abgvg9/benchmark/files/all/hs90a/hs90a.pdb. Best match rsd_type:  GLU
core.io.pose_from_sfr.PoseFromSFRBuilder: [ WARNING ] discarding 1 atoms at position 165 in file /data/user/abgvg9/benchmark/files/all/hs90a/hs90a.pdb. Best match rsd_type:  MET
core.io.pose_from_sfr.PoseFromSFRBuilder: [ WARNING ] discarding 1 atoms at position 166 in file /data/user/abgvg9/benchmark/files/all/hs90a/hs90a.pdb. Best match rsd_type:  GLY
core.io.pose_from_sfr.PoseFromSFRBuilder: [ WARNING ] discarding 6 atoms at position 167 in file /data/user/abgvg9/benchmark/files/all/hs90a/hs90a.pdb. Best match rsd_type:  ARG
core.io.pose_from_sfr.PoseFromSFRBuilder: [ WARNING ] discarding 1 atoms at position 168 in file /data/user/abgvg9/benchmark/files/all/hs90a/hs90a.pdb. Best match rsd_type:  GLY
core.io.pose_from_sfr.PoseFromSFRBuilder: [ WARNING ] discarding 2 atoms at position 169 in file /data/user/abgvg9/benchmark/files/all/hs90a/hs90a.pdb. Best match rsd_type:  THR
core.io.pose_from_sfr.PoseFromSFRBuilder: [ WARNING ] discarding 4 atoms at position 170 in file /data/user/abgvg9/benchmark/files/all/hs90a/hs90a.pdb. Best match rsd_type:  LYS
core.io.pose_from_sfr.PoseFromSFRBuilder: [ WARNING ] discarding 1 atoms at position 171 in file /data/user/abgvg9/benchmark/files/all/hs90a/hs90a.pdb. Best match rsd_type:  VAL
core.io.pose_from_sfr.PoseFromSFRBuilder: [ WARNING ] discarding 1 atoms at position 172 in file /data/user/abgvg9/benchmark/files/all/hs90a/hs90a.pdb. Best match rsd_type:  ILE
core.io.pose_from_sfr.PoseFromSFRBuilder: [ WARNING ] discarding 1 atoms at position 173 in file /data/user/abgvg9/benchmark/files/all/hs90a/hs90a.pdb. Best match rsd_type:  LEU
core.io.pose_from_sfr.PoseFromSFRBuilder: [ WARNING ] discarding 2 atoms at position 174 in file /data/user/abgvg9/benchmark/files/all/hs90a/hs90a.pdb. Best match rsd_type:  HIS
core.io.pose_from_sfr.PoseFromSFRBuilder: [ WARNING ] discarding 1 atoms at position 175 in file /data/user/abgvg9/benchmark/files/all/hs90a/hs90a.pdb. Best match rsd_type:  LEU
core.io.pose_from_sfr.PoseFromSFRBuilder: [ WARNING ] discarding 4 atoms at position 176 in file /data/user/abgvg9/benchmark/files/all/hs90a/hs90a.pdb. Best match rsd_type:  LYS
core.io.pose_from_sfr.PoseFromSFRBuilder: [ WARNING ] discarding 1 atoms at position 177 in file /data/user/abgvg9/benchmark/files/all/hs90a/hs90a.pdb. Best match rsd_type:  GLU
core.io.pose_from_sfr.PoseFromSFRBuilder: [ WARNING ] discarding 1 atoms at position 178 in file /data/user/abgvg9/benchmark/files/all/hs90a/hs90a.pdb. Best match rsd_type:  ASP
core.io.pose_from_sfr.PoseFromSFRBuilder: [ WARNING ] discarding 3 atoms at position 179 in file /data/user/abgvg9/benchmark/files/all/hs90a/hs90a.pdb. Best match rsd_type:  GLN
core.io.pose_from_sfr.PoseFromSFRBuilder: [ WARNING ] discarding 2 atoms at position 180 in file /data/user/abgvg9/benchmark/files/all/hs90a/hs90a.pdb. Best match rsd_type:  THR
core.io.pose_from_sfr.PoseFromSFRBuilder: [ WARNING ] discarding 1 atoms at position 181 in file /data/user/abgvg9/benchmark/files/all/hs90a/hs90a.pdb. Best match rsd_type:  GLU
core.io.pose_from_sfr.PoseFromSFRBuilder: [ WARNING ] discarding 2 atoms at position 182 in file /data/user/abgvg9/benchmark/files/all/hs90a/hs90a.pdb. Best match rsd_type:  TYR
core.io.pose_from_sfr.PoseFromSFRBuilder: [ WARNING ] discarding 1 atoms at position 183 in file /data/user/abgvg9/benchmark/files/all/hs90a/hs90a.pdb. Best match rsd_type:  LEU
core.io.pose_from_sfr.PoseFromSFRBuilder: [ WARNING ] discarding 1 atoms at position 184 in file /data/user/abgvg9/benchmark/files/all/hs90a/hs90a.pdb. Best match rsd_type:  GLU
core.io.pose_from_sfr.PoseFromSFRBuilder: [ WARNING ] discarding 1 atoms at position 185 in file /data/user/abgvg9/benchmark/files/all/hs90a/hs90a.pdb. Best match rsd_type:  GLU
core.io.pose_from_sfr.PoseFromSFRBuilder: [ WARNING ] discarding 6 atoms at position 186 in file /data/user/abgvg9/benchmark/files/all/hs90a/hs90a.pdb. Best match rsd_type:  ARG
core.io.pose_from_sfr.PoseFromSFRBuilder: [ WARNING ] discarding 6 atoms at position 187 in file /data/user/abgvg9/benchmark/files/all/hs90a/hs90a.pdb. Best match rsd_type:  ARG
core.io.pose_from_sfr.PoseFromSFRBuilder: [ WARNING ] discarding 1 atoms at position 188 in file /data/user/abgvg9/benchmark/files/all/hs90a/hs90a.pdb. Best match rsd_type:  ILE
core.io.pose_from_sfr.PoseFromSFRBuilder: [ WARNING ] discarding 4 atoms at position 189 in file /data/user/abgvg9/benchmark/files/all/hs90a/hs90a.pdb. Best match rsd_type:  LYS
core.io.pose_from_sfr.PoseFromSFRBuilder: [ WARNING ] discarding 1 atoms at position 190 in file /data/user/abgvg9/benchmark/files/all/hs90a/hs90a.pdb. Best match rsd_type:  GLU
core.io.pose_from_sfr.PoseFromSFRBuilder: [ WARNING ] discarding 1 atoms at position 191 in file /data/user/abgvg9/benchmark/files/all/hs90a/hs90a.pdb. Best match rsd_type:  ILE
core.io.pose_from_sfr.PoseFromSFRBuilder: [ WARNING ] discarding 1 atoms at position 192 in file /data/user/abgvg9/benchmark/files/all/hs90a/hs90a.pdb. Best match rsd_type:  VAL
core.io.pose_from_sfr.PoseFromSFRBuilder: [ WARNING ] discarding 4 atoms at position 193 in file /data/user/abgvg9/benchmark/files/all/hs90a/hs90a.pdb. Best match rsd_type:  LYS
core.io.pose_from_sfr.PoseFromSFRBuilder: [ WARNING ] discarding 4 atoms at position 194 in file /data/user/abgvg9/benchmark/files/all/hs90a/hs90a.pdb. Best match rsd_type:  LYS
core.io.pose_from_sfr.PoseFromSFRBuilder: [ WARNING ] discarding 2 atoms at position 195 in file /data/user/abgvg9/benchmark/files/all/hs90a/hs90a.pdb. Best match rsd_type:  HIS
core.io.pose_from_sfr.PoseFromSFRBuilder: [ WARNING ] discarding 2 atoms at position 196 in file /data/user/abgvg9/benchmark/files/all/hs90a/hs90a.pdb. Best match rsd_type:  SER
core.io.pose_from_sfr.PoseFromSFRBuilder: [ WARNING ] discarding 3 atoms at position 197 in file /data/user/abgvg9/benchmark/files/all/hs90a/hs90a.pdb. Best match rsd_type:  GLN
core.io.pose_from_sfr.PoseFromSFRBuilder: [ WARNING ] discarding 1 atoms at position 198 in file /data/user/abgvg9/benchmark/files/all/hs90a/hs90a.pdb. Best match rsd_type:  PHE
core.io.pose_from_sfr.PoseFromSFRBuilder: [ WARNING ] discarding 1 atoms at position 199 in file /data/user/abgvg9/benchmark/files/all/hs90a/hs90a.pdb. Best match rsd_type:  ILE
core.io.pose_from_sfr.PoseFromSFRBuilder: [ WARNING ] discarding 1 atoms at position 200 in file /data/user/abgvg9/benchmark/files/all/hs90a/hs90a.pdb. Best match rsd_type:  GLY
core.io.pose_from_sfr.PoseFromSFRBuilder: [ WARNING ] discarding 2 atoms at position 201 in file /data/user/abgvg9/benchmark/files/all/hs90a/hs90a.pdb. Best match rsd_type:  TYR
core.io.pose_from_sfr.PoseFromSFRBuilder: [ WARNING ] discarding 1 atoms at position 203 in file /data/user/abgvg9/benchmark/files/all/hs90a/hs90a.pdb. Best match rsd_type:  ILE
core.io.pose_from_sfr.PoseFromSFRBuilder: [ WARNING ] discarding 2 atoms at position 204 in file /data/user/abgvg9/benchmark/files/all/hs90a/hs90a.pdb. Best match rsd_type:  THR
core.io.pose_from_sfr.PoseFromSFRBuilder: [ WARNING ] discarding 1 atoms at position 205 in file /data/user/abgvg9/benchmark/files/all/hs90a/hs90a.pdb. Best match rsd_type:  LEU
core.io.pose_from_sfr.PoseFromSFRBuilder: [ WARNING ] discarding 1 atoms at position 206 in file /data/user/abgvg9/benchmark/files/all/hs90a/hs90a.pdb. Best match rsd_type:  PHE
core.io.pose_from_sfr.PoseFromSFRBuilder: [ WARNING ] discarding 1 atoms at position 207 in file /data/user/abgvg9/benchmark/files/all/hs90a/hs90a.pdb. Best match rsd_type:  VAL
core.io.pose_from_sfr.PoseFromSFRBuilder: [ WARNING ] discarding 1 atoms at position 208 in file /data/user/abgvg9/benchmark/files/all/hs90a/hs90a.pdb. Best match rsd_type:  GLU:CtermProteinFull
core.conformation.Conformation: [ WARNING ] missing heavyatom:  OXT on residue GLU:CtermProteinFull 208
LDS_app: Making LigandDiscoverySearch object
core.scoring.etable: Starting energy table calculation
core.scoring.etable: smooth_etable: changing atr/rep split to bottom of energy well
core.scoring.etable: smooth_etable: spline smoothing lj etables (maxdis = 6)
core.scoring.etable: smooth_etable: spline smoothing solvation etables (max_dis = 6)
core.scoring.etable: Finished calculating energy tables.
basic.io.database: Database file opened: scoring/score_functions/PairEPotential/pdb_pair_stats_fine
basic.io.database: Database file opened: scoring/score_functions/hbonds/ref2015_params/HBPoly1D.csv
basic.io.database: Database file opened: scoring/score_functions/hbonds/ref2015_params/HBFadeIntervals.csv
basic.io.database: Database file opened: scoring/score_functions/hbonds/ref2015_params/HBEval.csv
basic.io.database: Database file opened: scoring/score_functions/hbonds/ref2015_params/DonStrength.csv
basic.io.database: Database file opened: scoring/score_functions/hbonds/ref2015_params/AccStrength.csv
basic.io.database: Database file opened: scoring/score_functions/P_AA_pp/P_AA
basic.io.database: Database file opened: scoring/score_functions/P_AA_pp/P_AA_n
core.scoring.P_AA: shapovalov_lib::shap_p_aa_pp_smooth_level of 1( aka low_smooth ) got activated.
basic.io.database: Database file opened: scoring/score_functions/P_AA_pp/shapovalov/10deg/kappa131/a20.prop
basic.io.database: Database file opened: scoring/score_functions/omega/omega_ppdep.all.txt
basic.io.database: Database file opened: scoring/score_functions/omega/omega_ppdep.gly.txt
basic.io.database: Database file opened: scoring/score_functions/omega/omega_ppdep.pro.txt
basic.io.database: Database file opened: scoring/score_functions/omega/omega_ppdep.valile.txt
LDS_app: Running discovery for hs90a
protocols.ligand_docking.ligand_options.Protocol: Initializing options: 
protocols.ligand_docking.ligand_options.Protocol: allow_minimization_: 1
protocols.ligand_docking.ligand_options.Protocol: allow_repacking_: 1
protocols.ligand_docking.ligand_options.Protocol: all_residues_: 0
LigandDiscoverySearch.discover: Current anchor residue position: 123
LigandDiscoverySearch.create_protein_matrix_space_fill: binding_pocket_dimensions: 10,10,10
LigandDiscoverySearch.create_protein_matrix_space_fill: binding_pocket_dimensions: 5,3,3
LigandDiscoverySearch.create_protein_matrix_space_fill: Sub-region stats without placed region, bound by adjusted coordinates: x(18->28) y(16->22) z(25->31)
LigandDiscoverySearch.discover: Starting to iterate through all ligands
LigandDiscoverySearch.discover: On ligand +
basic.io.database: [ WARNING ] Unable to locate database file chemical/pdb_components/components.c.cif
basic.io.database: [ WARNING ] Unable to locate database file chemical/pdb_components/components.c.cif.gz
core.chemical.GlobalResidueTypeSet: [ WARNING ] Could not find: 'cry' in pdb components files! Skipping residue...
core.pack.task: Packer task: initialize from command line() 
core.pack.task: Packer task: initialize from command line() 
core.pack.task: Packer task: initialize from command line() 
protocols.moves.MonteCarlo: MonteCarlo:: last_accepted_score,lowest_score: -760.958 -760.958
basic.io.database: Database file opened: scoring/score_functions/elec_cp_reps.dat
core.scoring.elec.util: Read 40 countpair representative atoms
core.pack.dunbrack.RotamerLibrary: shapovalov_lib_fixes_enable option is true.
core.pack.dunbrack.RotamerLibrary: shapovalov_lib::shap_dun10_smooth_level of 1( aka lowest_smooth ) got activated.
core.pack.dunbrack.RotamerLibrary: Binary rotamer library selected: /scratch/abgvg9/rosetta_may_for_checkin/rosetta/database/rotamer/shapovalov/StpDwn_0-0-0/Dunbrack10.lib.bin
core.pack.dunbrack.RotamerLibrary: Using Dunbrack library binary file '/scratch/abgvg9/rosetta_may_for_checkin/rosetta/database/rotamer/shapovalov/StpDwn_0-0-0/Dunbrack10.lib.bin'.
core.pack.dunbrack.RotamerLibrary: Dunbrack 2010 library took 0.14 seconds to load from binary
protocols.motifs.Motif: Res1 name is ASN
protocols.motifs.Motif: atom1 name is Ntrp
protocols.motifs.Motif: atom2 name is aroC
protocols.motifs.Motif: atom3 name is Nhis
protocols.motifs.Motif: Res1 name is MET
protocols.motifs.Motif: atom1 name is Nhis
protocols.motifs.Motif: atom2 name is aroC
protocols.motifs.Motif: atom3 name is F
protocols.motifs.Motif: Res1 name is LEU
protocols.motifs.Motif: atom1 name is aroC
protocols.motifs.Motif: atom2 name is aroC
protocols.motifs.Motif: atom3 name is aroC
protocols.motifs.Motif: Res1 name is PHE
protocols.motifs.Motif: atom1 name is aroC
protocols.motifs.Motif: atom2 name is aroC
protocols.motifs.Motif: atom3 name is OH
protocols.motifs.Motif: Res1 name is TYR
protocols.motifs.Motif: atom1 name is aroC
protocols.motifs.Motif: atom2 name is aroC
protocols.motifs.Motif: atom3 name is aroC
protocols.motifs.Motif: Res1 name is THR
protocols.motifs.Motif: atom1 name is Nhis
protocols.motifs.Motif: atom2 name is aroC
protocols.motifs.Motif: atom3 name is F
core.pack.task: Packer task: initialize from command line() 
core.pack.task: Packer task: initialize from command line() 
core.pack.task: Packer task: initialize from command line() 
protocols.moves.MonteCarlo: MonteCarlo:: last_accepted_score,lowest_score: -757.178 -757.178
protocols.motifs.Motif: Res1 name is ASN
protocols.motifs.Motif: atom1 name is Nhis
protocols.motifs.Motif: atom2 name is aroC
protocols.motifs.Motif: atom3 name is Nhis
protocols.motifs.Motif: Res1 name is MET
protocols.motifs.Motif: atom1 name is aroC
protocols.motifs.Motif: atom2 name is aroC
protocols.motifs.Motif: atom3 name is OH
protocols.motifs.Motif: Res1 name is LEU
protocols.motifs.Motif: atom1 name is aroC
protocols.motifs.Motif: atom2 name is aroC
protocols.motifs.Motif: atom3 name is aroC
protocols.motifs.Motif: Res1 name is PHE
protocols.motifs.Motif: atom1 name is aroC
protocols.motifs.Motif: atom2 name is aroC
protocols.motifs.Motif: atom3 name is OH
protocols.motifs.Motif: Res1 name is TYR
protocols.motifs.Motif: atom1 name is CH3
protocols.motifs.Motif: atom2 name is OH
protocols.motifs.Motif: atom3 name is aroC
protocols.motifs.Motif: Res1 name is VAL
protocols.motifs.Motif: atom1 name is CH3
protocols.motifs.Motif: atom2 name is OH
protocols.motifs.Motif: atom3 name is aroC
core.pack.task: Packer task: initialize from command line() 
core.pack.task: Packer task: initialize from command line() 
core.pack.task: Packer task: initialize from command line() 
protocols.moves.MonteCarlo: MonteCarlo:: last_accepted_score,lowest_score: -767.319 -767.319
protocols.motifs.Motif: Res1 name is ASN
protocols.motifs.Motif: atom1 name is NH2O
protocols.motifs.Motif: atom2 name is aroC
protocols.motifs.Motif: atom3 name is Nhis
protocols.motifs.Motif: Res1 name is ASP
protocols.motifs.Motif: atom1 name is NH2O
protocols.motifs.Motif: atom2 name is aroC
protocols.motifs.Motif: atom3 name is Nhis
protocols.motifs.Motif: Res1 name is MET
protocols.motifs.Motif: atom1 name is CH3
protocols.motifs.Motif: atom2 name is OH
protocols.motifs.Motif: atom3 name is aroC
protocols.motifs.Motif: Res1 name is LEU
protocols.motifs.Motif: atom1 name is aroC
protocols.motifs.Motif: atom2 name is aroC
protocols.motifs.Motif: atom3 name is OH
protocols.motifs.Motif: Res1 name is PHE
protocols.motifs.Motif: atom1 name is aroC
protocols.motifs.Motif: atom2 name is aroC
protocols.motifs.Motif: atom3 name is aroC
protocols.motifs.Motif: Res1 name is TYR
protocols.motifs.Motif: atom1 name is CH3
protocols.motifs.Motif: atom2 name is OH
protocols.motifs.Motif: atom3 name is aroC
core.pack.task: Packer task: initialize from command line() 
core.pack.task: Packer task: initialize from command line() 
core.pack.task: Packer task: initialize from command line() 
protocols.moves.MonteCarlo: MonteCarlo:: last_accepted_score,lowest_score: -758.029 -758.029
protocols.motifs.Motif: Res1 name is ASN
protocols.motifs.Motif: atom1 name is CH3
protocols.motifs.Motif: atom2 name is OH
protocols.motifs.Motif: atom3 name is aroC
protocols.motifs.Motif: Res1 name is LEU
protocols.motifs.Motif: atom1 name is Nhis
protocols.motifs.Motif: atom2 name is aroC
protocols.motifs.Motif: atom3 name is Nhis
protocols.motifs.Motif: Res1 name is ILE
protocols.motifs.Motif: atom1 name is Nhis
protocols.motifs.Motif: atom2 name is aroC
protocols.motifs.Motif: atom3 name is Nhis
protocols.motifs.Motif: Res1 name is PHE
protocols.motifs.Motif: atom1 name is aroC
protocols.motifs.Motif: atom2 name is aroC
protocols.motifs.Motif: atom3 name is aroC
protocols.motifs.Motif: Res1 name is TYR
protocols.motifs.Motif: atom1 name is CH3
protocols.motifs.Motif: atom2 name is OH
protocols.motifs.Motif: atom3 name is aroC
core.pack.task: Packer task: initialize from command line() 
core.pack.task: Packer task: initialize from command line() 
core.pack.task: Packer task: initialize from command line() 
protocols.moves.MonteCarlo: MonteCarlo:: last_accepted_score,lowest_score: -774.467 -774.467
protocols.motifs.Motif: Res1 name is ASN
protocols.motifs.Motif: atom1 name is aroC
protocols.motifs.Motif: atom2 name is CH2
protocols.motifs.Motif: atom3 name is aroC
protocols.motifs.Motif: Res1 name is ALA
protocols.motifs.Motif: atom1 name is Nhis
protocols.motifs.Motif: atom2 name is aroC
protocols.motifs.Motif: atom3 name is F
protocols.motifs.Motif: Res1 name is MET
protocols.motifs.Motif: atom1 name is Nhis
protocols.motifs.Motif: atom2 name is aroC
protocols.motifs.Motif: atom3 name is F
protocols.motifs.Motif: Res1 name is LEU
protocols.motifs.Motif: atom1 name is aroC
protocols.motifs.Motif: atom2 name is aroC
protocols.motifs.Motif: atom3 name is aroC
protocols.motifs.Motif: Res1 name is PHE
protocols.motifs.Motif: atom1 name is aroC
protocols.motifs.Motif: atom2 name is aroC
protocols.motifs.Motif: atom3 name is OH
protocols.motifs.Motif: Res1 name is TYR
protocols.motifs.Motif: atom1 name is CH3
protocols.motifs.Motif: atom2 name is OH
protocols.motifs.Motif: atom3 name is aroC
protocols.motifs.Motif: Res1 name is TRP
protocols.motifs.Motif: atom1 name is CH3
protocols.motifs.Motif: atom2 name is OH
protocols.motifs.Motif: atom3 name is aroC
protocols.motifs.Motif: Res1 name is THR
protocols.motifs.Motif: atom1 name is NH2O
protocols.motifs.Motif: atom2 name is aroC
protocols.motifs.Motif: atom3 name is Nhis
core.pack.task: Packer task: initialize from command line() 
core.pack.task: Packer task: initialize from command line() 
core.pack.task: Packer task: initialize from command line() 
protocols.moves.MonteCarlo: MonteCarlo:: last_accepted_score,lowest_score: -783.935 -783.935
protocols.motifs.Motif: Res1 name is ASN
protocols.motifs.Motif: atom1 name is Ntrp
protocols.motifs.Motif: atom2 name is aroC
protocols.motifs.Motif: atom3 name is Nhis
protocols.motifs.Motif: Res1 name is ALA
protocols.motifs.Motif: atom1 name is Nhis
protocols.motifs.Motif: atom2 name is aroC
protocols.motifs.Motif: atom3 name is F
protocols.motifs.Motif: Res1 name is ASP
protocols.motifs.Motif: atom1 name is NH2O
protocols.motifs.Motif: atom2 name is aroC
protocols.motifs.Motif: atom3 name is Nhis
protocols.motifs.Motif: Res1 name is MET
protocols.motifs.Motif: atom1 name is Nhis
protocols.motifs.Motif: atom2 name is aroC
protocols.motifs.Motif: atom3 name is F
protocols.motifs.Motif: Res1 name is LEU
protocols.motifs.Motif: atom1 name is aroC
protocols.motifs.Motif: atom2 name is aroC
protocols.motifs.Motif: atom3 name is aroC
protocols.motifs.Motif: Res1 name is PHE
protocols.motifs.Motif: atom1 name is aroC
protocols.motifs.Motif: atom2 name is aroC
protocols.motifs.Motif: atom3 name is OH
protocols.motifs.Motif: Res1 name is TYR
protocols.motifs.Motif: atom1 name is aroC
protocols.motifs.Motif: atom2 name is aroC
protocols.motifs.Motif: atom3 name is OH
protocols.motifs.Motif: Res1 name is TRP
protocols.motifs.Motif: atom1 name is CH3
protocols.motifs.Motif: atom2 name is OH
protocols.motifs.Motif: atom3 name is aroC
protocols.motifs.Motif: Res1 name is THR
protocols.motifs.Motif: atom1 name is Nhis
protocols.motifs.Motif: atom2 name is aroC
protocols.motifs.Motif: atom3 name is F
core.pack.task: Packer task: initialize from command line() 
core.pack.task: Packer task: initialize from command line() 
core.pack.task: Packer task: initialize from command line() 
protocols.moves.MonteCarlo: MonteCarlo:: last_accepted_score,lowest_score: -758.093 -758.219
protocols.motifs.Motif: Res1 name is ASN
protocols.motifs.Motif: atom1 name is NH2O
protocols.motifs.Motif: atom2 name is aroC
protocols.motifs.Motif: atom3 name is Nhis
protocols.motifs.Motif: Res1 name is MET
protocols.motifs.Motif: atom1 name is CH3
protocols.motifs.Motif: atom2 name is OH
protocols.motifs.Motif: atom3 name is aroC
protocols.motifs.Motif: Res1 name is LEU
protocols.motifs.Motif: atom1 name is aroC
protocols.motifs.Motif: atom2 name is aroC
protocols.motifs.Motif: atom3 name is OH
protocols.motifs.Motif: Res1 name is PHE
protocols.motifs.Motif: atom1 name is aroC
protocols.motifs.Motif: atom2 name is aroC
protocols.motifs.Motif: atom3 name is OH
core.pack.task: Packer task: initialize from command line() 
core.pack.task: Packer task: initialize from command line() 
core.pack.task: Packer task: initialize from command line() 
protocols.moves.MonteCarlo: MonteCarlo:: last_accepted_score,lowest_score: -766.748 -766.748
protocols.motifs.Motif: Res1 name is ASN
protocols.motifs.Motif: atom1 name is CH3
protocols.motifs.Motif: atom2 name is OH
protocols.motifs.Motif: atom3 name is aroC
protocols.motifs.Motif: Res1 name is MET
protocols.motifs.Motif: atom1 name is aroC
protocols.motifs.Motif: atom2 name is aroC
protocols.motifs.Motif: atom3 name is aroC
protocols.motifs.Motif: Res1 name is LEU
protocols.motifs.Motif: atom1 name is aroC
protocols.motifs.Motif: atom2 name is aroC
protocols.motifs.Motif: atom3 name is OH
protocols.motifs.Motif: Res1 name is PHE
protocols.motifs.Motif: atom1 name is aroC
protocols.motifs.Motif: atom2 name is aroC
protocols.motifs.Motif: atom3 name is aroC
protocols.motifs.Motif: Res1 name is THR
protocols.motifs.Motif: atom1 name is aroC
protocols.motifs.Motif: atom2 name is aroC
protocols.motifs.Motif: atom3 name is OH
protocols.motifs.Motif: Res1 name is VAL
protocols.motifs.Motif: atom1 name is aroC
protocols.motifs.Motif: atom2 name is aroC
protocols.motifs.Motif: atom3 name is OH
core.pack.task: Packer task: initialize from command line() 
core.pack.task: Packer task: initialize from command line() 
core.pack.task: Packer task: initialize from command line() 
protocols.moves.MonteCarlo: MonteCarlo:: last_accepted_score,lowest_score: -757.128 -757.314
protocols.motifs.Motif: Res1 name is ASN
protocols.motifs.Motif: atom1 name is NH2O
protocols.motifs.Motif: atom2 name is aroC
protocols.motifs.Motif: atom3 name is Nhis
protocols.motifs.Motif: Res1 name is ASP
protocols.motifs.Motif: atom1 name is NH2O
protocols.motifs.Motif: atom2 name is aroC
protocols.motifs.Motif: atom3 name is Nhis
protocols.motifs.Motif: Res1 name is LEU
protocols.motifs.Motif: atom1 name is aroC
protocols.motifs.Motif: atom2 name is aroC
protocols.motifs.Motif: atom3 name is OH
protocols.motifs.Motif: Res1 name is PHE
protocols.motifs.Motif: atom1 name is aroC
protocols.motifs.Motif: atom2 name is aroC
protocols.motifs.Motif: atom3 name is aroC
core.pack.task: Packer task: initialize from command line() 
core.pack.task: Packer task: initialize from command line() 
core.pack.task: Packer task: initialize from command line() 
protocols.moves.MonteCarlo: MonteCarlo:: last_accepted_score,lowest_score: -782.656 -782.656
protocols.motifs.Motif: Res1 name is ASN
protocols.motifs.Motif: atom1 name is Ntrp
protocols.motifs.Motif: atom2 name is aroC
protocols.motifs.Motif: atom3 name is Nhis
protocols.motifs.Motif: Res1 name is ALA
protocols.motifs.Motif: atom1 name is Nhis
protocols.motifs.Motif: atom2 name is aroC
protocols.motifs.Motif: atom3 name is F
protocols.motifs.Motif: Res1 name is ASP
protocols.motifs.Motif: atom1 name is NH2O
protocols.motifs.Motif: atom2 name is aroC
protocols.motifs.Motif: atom3 name is Nhis
protocols.motifs.Motif: Res1 name is MET
protocols.motifs.Motif: atom1 name is Nhis
protocols.motifs.Motif: atom2 name is aroC
protocols.motifs.Motif: atom3 name is F
protocols.motifs.Motif: Res1 name is LEU
protocols.motifs.Motif: atom1 name is aroC
protocols.motifs.Motif: atom2 name is aroC
protocols.motifs.Motif: atom3 name is aroC
protocols.motifs.Motif: Res1 name is PHE
protocols.motifs.Motif: atom1 name is aroC
protocols.motifs.Motif: atom2 name is aroC
protocols.motifs.Motif: atom3 name is OH
protocols.motifs.Motif: Res1 name is TYR
protocols.motifs.Motif: atom1 name is aroC
protocols.motifs.Motif: atom2 name is aroC
protocols.motifs.Motif: atom3 name is OH
protocols.motifs.Motif: Res1 name is TRP
protocols.motifs.Motif: atom1 name is CH3
protocols.motifs.Motif: atom2 name is OH
protocols.motifs.Motif: atom3 name is aroC
protocols.motifs.Motif: Res1 name is THR
protocols.motifs.Motif: atom1 name is Nhis
protocols.motifs.Motif: atom2 name is aroC
protocols.motifs.Motif: atom3 name is F
core.pack.task: Packer task: initialize from command line() 
core.pack.task: Packer task: initialize from command line() 
core.pack.task: Packer task: initialize from command line() 
protocols.moves.MonteCarlo: MonteCarlo:: last_accepted_score,lowest_score: -757.626 -757.922
protocols.motifs.Motif: Res1 name is LEU
protocols.motifs.Motif: atom1 name is Nhis
protocols.motifs.Motif: atom2 name is aroC
protocols.motifs.Motif: atom3 name is Nhis
protocols.motifs.Motif: Res1 name is ILE
protocols.motifs.Motif: atom1 name is Nhis
protocols.motifs.Motif: atom2 name is aroC
protocols.motifs.Motif: atom3 name is F
protocols.motifs.Motif: Res1 name is PHE
protocols.motifs.Motif: atom1 name is aroC
protocols.motifs.Motif: atom2 name is aroC
protocols.motifs.Motif: atom3 name is aroC
protocols.motifs.Motif: Res1 name is TYR
protocols.motifs.Motif: atom1 name is aroC
protocols.motifs.Motif: atom2 name is aroC
protocols.motifs.Motif: atom3 name is OH
core.pack.task: Packer task: initialize from command line() 
core.pack.task: Packer task: initialize from command line() 
core.pack.task: Packer task: initialize from command line() 
protocols.moves.MonteCarlo: MonteCarlo:: last_accepted_score,lowest_score: -771.967 -771.967
protocols.motifs.Motif: Res1 name is ASN
protocols.motifs.Motif: atom1 name is aroC
protocols.motifs.Motif: atom2 name is CH2
protocols.motifs.Motif: atom3 name is aroC
protocols.motifs.Motif: Res1 name is MET
protocols.motifs.Motif: atom1 name is Nhis
protocols.motifs.Motif: atom2 name is aroC
protocols.motifs.Motif: atom3 name is F
protocols.motifs.Motif: Res1 name is LEU
protocols.motifs.Motif: atom1 name is aroC
protocols.motifs.Motif: atom2 name is aroC
protocols.motifs.Motif: atom3 name is aroC
protocols.motifs.Motif: Res1 name is PHE
protocols.motifs.Motif: atom1 name is aroC
protocols.motifs.Motif: atom2 name is aroC
protocols.motifs.Motif: atom3 name is aroC
protocols.motifs.Motif: Res1 name is TYR
protocols.motifs.Motif: atom1 name is aroC
protocols.motifs.Motif: atom2 name is aroC
protocols.motifs.Motif: atom3 name is OH
protocols.motifs.Motif: Res1 name is TRP
protocols.motifs.Motif: atom1 name is CH3
protocols.motifs.Motif: atom2 name is OH
protocols.motifs.Motif: atom3 name is aroC
core.pack.task: Packer task: initialize from command line() 
core.pack.task: Packer task: initialize from command line() 
core.pack.task: Packer task: initialize from command line() 
protocols.moves.MonteCarlo: MonteCarlo:: last_accepted_score,lowest_score: -774.288 -774.288
protocols.motifs.Motif: Res1 name is ASN
protocols.motifs.Motif: atom1 name is Ntrp
protocols.motifs.Motif: atom2 name is aroC
protocols.motifs.Motif: atom3 name is Nhis
protocols.motifs.Motif: Res1 name is ALA
protocols.motifs.Motif: atom1 name is Nhis
protocols.motifs.Motif: atom2 name is aroC
protocols.motifs.Motif: atom3 name is F
protocols.motifs.Motif: Res1 name is ASP
protocols.motifs.Motif: atom1 name is NH2O
protocols.motifs.Motif: atom2 name is aroC
protocols.motifs.Motif: atom3 name is Nhis
protocols.motifs.Motif: Res1 name is MET
protocols.motifs.Motif: atom1 name is Nhis
protocols.motifs.Motif: atom2 name is aroC
protocols.motifs.Motif: atom3 name is F
protocols.motifs.Motif: Res1 name is LEU
protocols.motifs.Motif: atom1 name is aroC
protocols.motifs.Motif: atom2 name is aroC
protocols.motifs.Motif: atom3 name is aroC
protocols.motifs.Motif: Res1 name is PHE
protocols.motifs.Motif: atom1 name is aroC
protocols.motifs.Motif: atom2 name is aroC
protocols.motifs.Motif: atom3 name is OH
protocols.motifs.Motif: Res1 name is VAL
protocols.motifs.Motif: atom1 name is CH3
protocols.motifs.Motif: atom2 name is OH
protocols.motifs.Motif: atom3 name is aroC
protocols.motifs.Motif: Res1 name is TRP
protocols.motifs.Motif: atom1 name is CH3
protocols.motifs.Motif: atom2 name is OH
protocols.motifs.Motif: atom3 name is aroC
protocols.motifs.Motif: Res1 name is THR
protocols.motifs.Motif: atom1 name is Nhis
protocols.motifs.Motif: atom2 name is aroC
protocols.motifs.Motif: atom3 name is F
core.pack.task: Packer task: initialize from command line() 
core.pack.task: Packer task: initialize from command line() 
core.pack.task: Packer task: initialize from command line() 
protocols.moves.MonteCarlo: MonteCarlo:: last_accepted_score,lowest_score: -766.869 -766.869
protocols.motifs.Motif: Res1 name is ASN
protocols.motifs.Motif: atom1 name is NH2O
protocols.motifs.Motif: atom2 name is aroC
protocols.motifs.Motif: atom3 name is Nhis
protocols.motifs.Motif: Res1 name is MET
protocols.motifs.Motif: atom1 name is CH3
protocols.motifs.Motif: atom2 name is OH
protocols.motifs.Motif: atom3 name is aroC
protocols.motifs.Motif: Res1 name is LEU
protocols.motifs.Motif: atom1 name is aroC
protocols.motifs.Motif: atom2 name is aroC
protocols.motifs.Motif: atom3 name is OH
protocols.motifs.Motif: Res1 name is PHE
protocols.motifs.Motif: atom1 name is aroC
protocols.motifs.Motif: atom2 name is aroC
protocols.motifs.Motif: atom3 name is aroC
protocols.motifs.Motif: Res1 name is TYR
protocols.motifs.Motif: atom1 name is aroC
protocols.motifs.Motif: atom2 name is aroC
protocols.motifs.Motif: atom3 name is OH
core.pack.task: Packer task: initialize from command line() 
core.pack.task: Packer task: initialize from command line() 
core.pack.task: Packer task: initialize from command line() 
protocols.moves.MonteCarlo: MonteCarlo:: last_accepted_score,lowest_score: -761.936 -762.296
protocols.motifs.Motif: Res1 name is MET
protocols.motifs.Motif: atom1 name is CH3
protocols.motifs.Motif: atom2 name is OH
protocols.motifs.Motif: atom3 name is aroC
protocols.motifs.Motif: Res1 name is LEU
protocols.motifs.Motif: atom1 name is Nhis
protocols.motifs.Motif: atom2 name is aroC
protocols.motifs.Motif: atom3 name is Nhis
protocols.motifs.Motif: Res1 name is PHE
protocols.motifs.Motif: atom1 name is aroC
protocols.motifs.Motif: atom2 name is aroC
protocols.motifs.Motif: atom3 name is aroC
protocols.motifs.Motif: Res1 name is TYR
protocols.motifs.Motif: atom1 name is CH3
protocols.motifs.Motif: atom2 name is OH
protocols.motifs.Motif: atom3 name is aroC
core.pack.task: Packer task: initialize from command line() 
core.pack.task: Packer task: initialize from command line() 
core.pack.task: Packer task: initialize from command line() 
protocols.moves.MonteCarlo: MonteCarlo:: last_accepted_score,lowest_score: -711.617 -711.617
protocols.motifs.Motif: Res1 name is ASN
protocols.motifs.Motif: atom1 name is Ntrp
protocols.motifs.Motif: atom2 name is aroC
protocols.motifs.Motif: atom3 name is Nhis
protocols.motifs.Motif: Res1 name is SER
protocols.motifs.Motif: atom1 name is NH2O
protocols.motifs.Motif: atom2 name is aroC
protocols.motifs.Motif: atom3 name is Nhis
protocols.motifs.Motif: Res1 name is ILE
protocols.motifs.Motif: atom1 name is Nhis
protocols.motifs.Motif: atom2 name is aroC
protocols.motifs.Motif: atom3 name is F
protocols.motifs.Motif: Res1 name is ASP
protocols.motifs.Motif: atom1 name is Nhis
protocols.motifs.Motif: atom2 name is aroC
protocols.motifs.Motif: atom3 name is Nhis
protocols.motifs.Motif: Res1 name is MET
protocols.motifs.Motif: atom1 name is aroC
protocols.motifs.Motif: atom2 name is aroC
protocols.motifs.Motif: atom3 name is OH
protocols.motifs.Motif: Res1 name is LEU
protocols.motifs.Motif: atom1 name is aroC
protocols.motifs.Motif: atom2 name is aroC
protocols.motifs.Motif: atom3 name is aroC
protocols.motifs.Motif: Res1 name is PHE
protocols.motifs.Motif: atom1 name is CH3
protocols.motifs.Motif: atom2 name is OH
protocols.motifs.Motif: atom3 name is aroC
protocols.motifs.Motif: Res1 name is THR
protocols.motifs.Motif: atom1 name is Nhis
protocols.motifs.Motif: atom2 name is aroC
protocols.motifs.Motif: atom3 name is F
protocols.motifs.Motif: Res1 name is VAL
protocols.motifs.Motif: atom1 name is Nhis
protocols.motifs.Motif: atom2 name is aroC
protocols.motifs.Motif: atom3 name is F
core.pack.task: Packer task: initialize from command line() 
core.pack.task: Packer task: initialize from command line() 
core.pack.task: Packer task: initialize from command line() 
protocols.moves.MonteCarlo: MonteCarlo:: last_accepted_score,lowest_score: -757.763 -757.763
protocols.motifs.Motif: Res1 name is ASN
protocols.motifs.Motif: atom1 name is NH2O
protocols.motifs.Motif: atom2 name is aroC
protocols.motifs.Motif: atom3 name is Nhis
protocols.motifs.Motif: Res1 name is ASP
protocols.motifs.Motif: atom1 name is NH2O
protocols.motifs.Motif: atom2 name is aroC
protocols.motifs.Motif: atom3 name is Nhis
protocols.motifs.Motif: Res1 name is MET
protocols.motifs.Motif: atom1 name is CH3
protocols.motifs.Motif: atom2 name is OH
protocols.motifs.Motif: atom3 name is aroC
protocols.motifs.Motif: Res1 name is LEU
protocols.motifs.Motif: atom1 name is aroC
protocols.motifs.Motif: atom2 name is aroC
protocols.motifs.Motif: atom3 name is OH
protocols.motifs.Motif: Res1 name is PHE
protocols.motifs.Motif: atom1 name is aroC
protocols.motifs.Motif: atom2 name is aroC
protocols.motifs.Motif: atom3 name is aroC
protocols.motifs.Motif: Res1 name is TYR
protocols.motifs.Motif: atom1 name is CH3
protocols.motifs.Motif: atom2 name is OH
protocols.motifs.Motif: atom3 name is aroC
core.pack.task: Packer task: initialize from command line() 
core.pack.task: Packer task: initialize from command line() 
core.pack.task: Packer task: initialize from command line() 
protocols.moves.MonteCarlo: MonteCarlo:: last_accepted_score,lowest_score: -782.528 -782.528
protocols.motifs.Motif: Res1 name is ASN
protocols.motifs.Motif: atom1 name is Ntrp
protocols.motifs.Motif: atom2 name is aroC
protocols.motifs.Motif: atom3 name is Nhis
protocols.motifs.Motif: Res1 name is ALA
protocols.motifs.Motif: atom1 name is Nhis
protocols.motifs.Motif: atom2 name is aroC
protocols.motifs.Motif: atom3 name is F
protocols.motifs.Motif: Res1 name is ASP
protocols.motifs.Motif: atom1 name is NH2O
protocols.motifs.Motif: atom2 name is aroC
protocols.motifs.Motif: atom3 name is Nhis
protocols.motifs.Motif: Res1 name is MET
protocols.motifs.Motif: atom1 name is Nhis
protocols.motifs.Motif: atom2 name is aroC
protocols.motifs.Motif: atom3 name is F
protocols.motifs.Motif: Res1 name is LEU
protocols.motifs.Motif: atom1 name is aroC
protocols.motifs.Motif: atom2 name is aroC
protocols.motifs.Motif: atom3 name is aroC
protocols.motifs.Motif: Res1 name is PHE
protocols.motifs.Motif: atom1 name is aroC
protocols.motifs.Motif: atom2 name is aroC
protocols.motifs.Motif: atom3 name is OH
protocols.motifs.Motif: Res1 name is TYR
protocols.motifs.Motif: atom1 name is CH3
protocols.motifs.Motif: atom2 name is OH
protocols.motifs.Motif: atom3 name is aroC
protocols.motifs.Motif: Res1 name is VAL
protocols.motifs.Motif: atom1 name is CH3
protocols.motifs.Motif: atom2 name is OH
protocols.motifs.Motif: atom3 name is aroC
protocols.motifs.Motif: Res1 name is TRP
protocols.motifs.Motif: atom1 name is CH3
protocols.motifs.Motif: atom2 name is OH
protocols.motifs.Motif: atom3 name is aroC
protocols.motifs.Motif: Res1 name is THR
protocols.motifs.Motif: atom1 name is Nhis
protocols.motifs.Motif: atom2 name is aroC
protocols.motifs.Motif: atom3 name is F
core.pack.task: Packer task: initialize from command line() 
core.pack.task: Packer task: initialize from command line() 
core.pack.task: Packer task: initialize from command line() 
protocols.moves.MonteCarlo: MonteCarlo:: last_accepted_score,lowest_score: -782.867 -783.666
protocols.motifs.Motif: Res1 name is ASN
protocols.motifs.Motif: atom1 name is aroC
protocols.motifs.Motif: atom2 name is CH2
protocols.motifs.Motif: atom3 name is aroC
protocols.motifs.Motif: Res1 name is ALA
protocols.motifs.Motif: atom1 name is Nhis
protocols.motifs.Motif: atom2 name is aroC
protocols.motifs.Motif: atom3 name is F
protocols.motifs.Motif: Res1 name is ASP
protocols.motifs.Motif: atom1 name is NH2O
protocols.motifs.Motif: atom2 name is aroC
protocols.motifs.Motif: atom3 name is Nhis
protocols.motifs.Motif: Res1 name is MET
protocols.motifs.Motif: atom1 name is Nhis
protocols.motifs.Motif: atom2 name is aroC
protocols.motifs.Motif: atom3 name is F
protocols.motifs.Motif: Res1 name is LEU
protocols.motifs.Motif: atom1 name is aroC
protocols.motifs.Motif: atom2 name is aroC
protocols.motifs.Motif: atom3 name is aroC
protocols.motifs.Motif: Res1 name is PHE
protocols.motifs.Motif: atom1 name is aroC
protocols.motifs.Motif: atom2 name is aroC
protocols.motifs.Motif: atom3 name is OH
protocols.motifs.Motif: Res1 name is VAL
protocols.motifs.Motif: atom1 name is CH3
protocols.motifs.Motif: atom2 name is OH
protocols.motifs.Motif: atom3 name is aroC
protocols.motifs.Motif: Res1 name is TRP
protocols.motifs.Motif: atom1 name is CH3
protocols.motifs.Motif: atom2 name is OH
protocols.motifs.Motif: atom3 name is aroC
protocols.motifs.Motif: Res1 name is THR
protocols.motifs.Motif: atom1 name is Nhis
protocols.motifs.Motif: atom2 name is aroC
protocols.motifs.Motif: atom3 name is F
core.pack.task: Packer task: initialize from command line() 
core.pack.task: Packer task: initialize from command line() 
core.pack.task: Packer task: initialize from command line() 
protocols.moves.MonteCarlo: MonteCarlo:: last_accepted_score,lowest_score: -766.156 -767.214
protocols.motifs.Motif: Res1 name is ASN
protocols.motifs.Motif: atom1 name is Nhis
protocols.motifs.Motif: atom2 name is aroC
protocols.motifs.Motif: atom3 name is Nhis
protocols.motifs.Motif: Res1 name is ASP
protocols.motifs.Motif: atom1 name is Nhis
protocols.motifs.Motif: atom2 name is aroC
protocols.motifs.Motif: atom3 name is F
protocols.motifs.Motif: Res1 name is LYS
protocols.motifs.Motif: atom1 name is NH2O
protocols.motifs.Motif: atom2 name is aroC
protocols.motifs.Motif: atom3 name is Nhis
protocols.motifs.Motif: Res1 name is LEU
protocols.motifs.Motif: atom1 name is aroC
protocols.motifs.Motif: atom2 name is aroC
protocols.motifs.Motif: atom3 name is OH
protocols.motifs.Motif: Res1 name is PHE
protocols.motifs.Motif: atom1 name is aroC
protocols.motifs.Motif: atom2 name is aroC
protocols.motifs.Motif: atom3 name is aroC
core.pack.task: Packer task: initialize from command line() 
core.pack.task: Packer task: initialize from command line() 
core.pack.task: Packer task: initialize from command line() 
protocols.moves.MonteCarlo: MonteCarlo:: last_accepted_score,lowest_score: -758.415 -758.5
protocols.motifs.Motif: Res1 name is PHE
protocols.motifs.Motif: atom1 name is NH2O
protocols.motifs.Motif: atom2 name is aroC
protocols.motifs.Motif: atom3 name is Nhis
protocols.motifs.Motif: Res1 name is MET
protocols.motifs.Motif: atom1 name is CH3
protocols.motifs.Motif: atom2 name is OH
protocols.motifs.Motif: atom3 name is aroC
protocols.motifs.Motif: Res1 name is LEU
protocols.motifs.Motif: atom1 name is aroC
protocols.motifs.Motif: atom2 name is aroC
protocols.motifs.Motif: atom3 name is OH
protocols.motifs.Motif: Res1 name is PHE
protocols.motifs.Motif: atom1 name is aroC
protocols.motifs.Motif: atom2 name is aroC
protocols.motifs.Motif: atom3 name is OH
protocols.motifs.Motif: Res1 name is TYR
protocols.motifs.Motif: atom1 name is aroC
protocols.motifs.Motif: atom2 name is aroC
protocols.motifs.Motif: atom3 name is OH
protocols.motifs.Motif: Res1 name is TRP
protocols.motifs.Motif: atom1 name is Ntrp
protocols.motifs.Motif: atom2 name is aroC
protocols.motifs.Motif: atom3 name is Nhis
protocols.motifs.Motif: Res1 name is PHE
protocols.motifs.Motif: atom1 name is NH2O
protocols.motifs.Motif: atom2 name is aroC
protocols.motifs.Motif: atom3 name is Nhis
core.pack.task: Packer task: initialize from command line() 
core.pack.task: Packer task: initialize from command line() 
core.pack.task: Packer task: initialize from command line() 
protocols.moves.MonteCarlo: MonteCarlo:: last_accepted_score,lowest_score: -780.473 -781.387
protocols.motifs.Motif: Res1 name is ASN
protocols.motifs.Motif: atom1 name is NH2O
protocols.motifs.Motif: atom2 name is aroC
protocols.motifs.Motif: atom3 name is Nhis
protocols.motifs.Motif: Res1 name is MET
protocols.motifs.Motif: atom1 name is Nhis
protocols.motifs.Motif: atom2 name is aroC
protocols.motifs.Motif: atom3 name is F
protocols.motifs.Motif: Res1 name is LEU
protocols.motifs.Motif: atom1 name is aroC
protocols.motifs.Motif: atom2 name is aroC
protocols.motifs.Motif: atom3 name is aroC
protocols.motifs.Motif: Res1 name is PHE
protocols.motifs.Motif: atom1 name is aroC
protocols.motifs.Motif: atom2 name is aroC
protocols.motifs.Motif: atom3 name is aroC
protocols.motifs.Motif: Res1 name is TYR
protocols.motifs.Motif: atom1 name is CH3
protocols.motifs.Motif: atom2 name is OH
protocols.motifs.Motif: atom3 name is aroC
protocols.motifs.Motif: Res1 name is VAL
protocols.motifs.Motif: atom1 name is CH3
protocols.motifs.Motif: atom2 name is OH
protocols.motifs.Motif: atom3 name is aroC
protocols.motifs.Motif: Res1 name is TRP
protocols.motifs.Motif: atom1 name is CH3
protocols.motifs.Motif: atom2 name is OH
protocols.motifs.Motif: atom3 name is aroC
core.pack.task: Packer task: initialize from command line() 
core.pack.task: Packer task: initialize from command line() 
core.pack.task: Packer task: initialize from command line() 
protocols.moves.MonteCarlo: MonteCarlo:: last_accepted_score,lowest_score: -754.87 -756.518
protocols.motifs.Motif: Res1 name is ASN
protocols.motifs.Motif: atom1 name is aroC
protocols.motifs.Motif: atom2 name is aroC
protocols.motifs.Motif: atom3 name is OH
protocols.motifs.Motif: Res1 name is LEU
protocols.motifs.Motif: atom1 name is Nhis
protocols.motifs.Motif: atom2 name is aroC
protocols.motifs.Motif: atom3 name is Nhis
protocols.motifs.Motif: Res1 name is PHE
protocols.motifs.Motif: atom1 name is aroC
protocols.motifs.Motif: atom2 name is aroC
protocols.motifs.Motif: atom3 name is OH
protocols.motifs.Motif: Res1 name is TYR
protocols.motifs.Motif: atom1 name is CH3
protocols.motifs.Motif: atom2 name is OH
protocols.motifs.Motif: atom3 name is aroC
core.pack.task: Packer task: initialize from command line() 
core.pack.task: Packer task: initialize from command line() 
core.pack.task: Packer task: initialize from command line() 
protocols.moves.MonteCarlo: MonteCarlo:: last_accepted_score,lowest_score: -766.244 -766.382
protocols.motifs.Motif: Res1 name is ASN
protocols.motifs.Motif: atom1 name is Nhis
protocols.motifs.Motif: atom2 name is aroC
protocols.motifs.Motif: atom3 name is Nhis
protocols.motifs.Motif: Res1 name is ASP
protocols.motifs.Motif: atom1 name is Nhis
protocols.motifs.Motif: atom2 name is aroC
protocols.motifs.Motif: atom3 name is F
protocols.motifs.Motif: Res1 name is LEU
protocols.motifs.Motif: atom1 name is aroC
protocols.motifs.Motif: atom2 name is aroC
protocols.motifs.Motif: atom3 name is OH
protocols.motifs.Motif: Res1 name is PHE
protocols.motifs.Motif: atom1 name is aroC
protocols.motifs.Motif: atom2 name is aroC
protocols.motifs.Motif: atom3 name is aroC
core.pack.task: Packer task: initialize from command line() 
core.pack.task: Packer task: initialize from command line() 
core.pack.task: Packer task: initialize from command line() 
protocols.moves.MonteCarlo: MonteCarlo:: last_accepted_score,lowest_score: -682.33 -682.33
protocols.motifs.Motif: Res1 name is ASN
protocols.motifs.Motif: atom1 name is CH3
protocols.motifs.Motif: atom2 name is OH
protocols.motifs.Motif: atom3 name is aroC
protocols.motifs.Motif: Res1 name is MET
protocols.motifs.Motif: atom1 name is aroC
protocols.motifs.Motif: atom2 name is aroC
protocols.motifs.Motif: atom3 name is aroC
protocols.motifs.Motif: Res1 name is LEU
protocols.motifs.Motif: atom1 name is aroC
protocols.motifs.Motif: atom2 name is aroC
protocols.motifs.Motif: atom3 name is OH
protocols.motifs.Motif: Res1 name is PHE
protocols.motifs.Motif: atom1 name is aroC
protocols.motifs.Motif: atom2 name is aroC
protocols.motifs.Motif: atom3 name is OH
core.pack.task: Packer task: initialize from command line() 
core.pack.task: Packer task: initialize from command line() 
core.pack.task: Packer task: initialize from command line() 
protocols.moves.MonteCarlo: MonteCarlo:: last_accepted_score,lowest_score: -762.783 -762.783
protocols.motifs.Motif: Res1 name is ASN
protocols.motifs.Motif: atom1 name is aroC
protocols.motifs.Motif: atom2 name is aroC
protocols.motifs.Motif: atom3 name is OH
protocols.motifs.Motif: Res1 name is SER
protocols.motifs.Motif: atom1 name is Nhis
protocols.motifs.Motif: atom2 name is aroC
protocols.motifs.Motif: atom3 name is F
protocols.motifs.Motif: Res1 name is ASP
protocols.motifs.Motif: atom1 name is Nhis
protocols.motifs.Motif: atom2 name is aroC
protocols.motifs.Motif: atom3 name is F
protocols.motifs.Motif: Res1 name is MET
protocols.motifs.Motif: atom1 name is aroC
protocols.motifs.Motif: atom2 name is CH2
protocols.motifs.Motif: atom3 name is aroC
protocols.motifs.Motif: Res1 name is LEU
protocols.motifs.Motif: atom1 name is aroC
protocols.motifs.Motif: atom2 name is aroC
protocols.motifs.Motif: atom3 name is OH
protocols.motifs.Motif: Res1 name is PHE
protocols.motifs.Motif: atom1 name is Nhis
protocols.motifs.Motif: atom2 name is aroC
protocols.motifs.Motif: atom3 name is Nhis
protocols.motifs.Motif: Res1 name is TYR
protocols.motifs.Motif: atom1 name is CH3
protocols.motifs.Motif: atom2 name is OH
protocols.motifs.Motif: atom3 name is aroC
protocols.motifs.Motif: Res1 name is THR
protocols.motifs.Motif: atom1 name is NH2O
protocols.motifs.Motif: atom2 name is aroC
protocols.motifs.Motif: atom3 name is Nhis
protocols.motifs.Motif: Res1 name is VAL
protocols.motifs.Motif: atom1 name is Nhis
protocols.motifs.Motif: atom2 name is aroC
protocols.motifs.Motif: atom3 name is F
core.pack.task: Packer task: initialize from command line() 
core.pack.task: Packer task: initialize from command line() 
core.pack.task: Packer task: initialize from command line() 
protocols.moves.MonteCarlo: MonteCarlo:: last_accepted_score,lowest_score: -758.139 -758.139
protocols.motifs.Motif: Res1 name is ASN
protocols.motifs.Motif: atom1 name is CH3
protocols.motifs.Motif: atom2 name is OH
protocols.motifs.Motif: atom3 name is aroC
protocols.motifs.Motif: Res1 name is MET
protocols.motifs.Motif: atom1 name is aroC
protocols.motifs.Motif: atom2 name is aroC
protocols.motifs.Motif: atom3 name is OH
protocols.motifs.Motif: Res1 name is LEU
protocols.motifs.Motif: atom1 name is aroC
protocols.motifs.Motif: atom2 name is aroC
protocols.motifs.Motif: atom3 name is OH
protocols.motifs.Motif: Res1 name is PHE
protocols.motifs.Motif: atom1 name is aroC
protocols.motifs.Motif: atom2 name is aroC
protocols.motifs.Motif: atom3 name is aroC
protocols.motifs.Motif: Res1 name is THR
protocols.motifs.Motif: atom1 name is aroC
protocols.motifs.Motif: atom2 name is aroC
protocols.motifs.Motif: atom3 name is OH
protocols.motifs.Motif: Res1 name is VAL
protocols.motifs.Motif: atom1 name is aroC
protocols.motifs.Motif: atom2 name is aroC
protocols.motifs.Motif: atom3 name is OH
core.pack.task: Packer task: initialize from command line() 
core.pack.task: Packer task: initialize from command line() 
core.pack.task: Packer task: initialize from command line() 
protocols.moves.MonteCarlo: MonteCarlo:: last_accepted_score,lowest_score: -760.838 -760.838
protocols.motifs.Motif: Res1 name is ASN
protocols.motifs.Motif: atom1 name is Nhis
protocols.motifs.Motif: atom2 name is aroC
protocols.motifs.Motif: atom3 name is F
protocols.motifs.Motif: Res1 name is MET
protocols.motifs.Motif: atom1 name is Ntrp
protocols.motifs.Motif: atom2 name is aroC
protocols.motifs.Motif: atom3 name is Nhis
protocols.motifs.Motif: Res1 name is LEU
protocols.motifs.Motif: atom1 name is aroC
protocols.motifs.Motif: atom2 name is aroC
protocols.motifs.Motif: atom3 name is OH
protocols.motifs.Motif: Res1 name is PHE
protocols.motifs.Motif: atom1 name is Nhis
protocols.motifs.Motif: atom2 name is aroC
protocols.motifs.Motif: atom3 name is Nhis
protocols.motifs.Motif: Res1 name is TYR
protocols.motifs.Motif: atom1 name is aroC
protocols.motifs.Motif: atom2 name is aroC
protocols.motifs.Motif: atom3 name is OH
protocols.motifs.Motif: Res1 name is THR
protocols.motifs.Motif: atom1 name is NH2O
protocols.motifs.Motif: atom2 name is aroC
protocols.motifs.Motif: atom3 name is Nhis
protocols.motifs.Motif: Res1 name is VAL
protocols.motifs.Motif: atom1 name is Nhis
protocols.motifs.Motif: atom2 name is aroC
protocols.motifs.Motif: atom3 name is F
core.pack.task: Packer task: initialize from command line() 
core.pack.task: Packer task: initialize from command line() 
core.pack.task: Packer task: initialize from command line() 
protocols.moves.MonteCarlo: MonteCarlo:: last_accepted_score,lowest_score: -761.929 -761.929
protocols.motifs.Motif: Res1 name is PHE
protocols.motifs.Motif: atom1 name is NH2O
protocols.motifs.Motif: atom2 name is aroC
protocols.motifs.Motif: atom3 name is Nhis
protocols.motifs.Motif: Res1 name is MET
protocols.motifs.Motif: atom1 name is CH3
protocols.motifs.Motif: atom2 name is OH
protocols.motifs.Motif: atom3 name is aroC
protocols.motifs.Motif: Res1 name is LEU
protocols.motifs.Motif: atom1 name is Nhis
protocols.motifs.Motif: atom2 name is aroC
protocols.motifs.Motif: atom3 name is Nhis
protocols.motifs.Motif: Res1 name is PHE
protocols.motifs.Motif: atom1 name is aroC
protocols.motifs.Motif: atom2 name is aroC
protocols.motifs.Motif: atom3 name is OH
protocols.motifs.Motif: Res1 name is TYR
protocols.motifs.Motif: atom1 name is NH2O
protocols.motifs.Motif: atom2 name is aroC
protocols.motifs.Motif: atom3 name is Nhis
core.pack.task: Packer task: initialize from command line() 
core.pack.task: Packer task: initialize from command line() 
core.pack.task: Packer task: initialize from command line() 
protocols.moves.MonteCarlo: MonteCarlo:: last_accepted_score,lowest_score: -780.483 -780.483
protocols.motifs.Motif: Res1 name is ASN
protocols.motifs.Motif: atom1 name is aroC
protocols.motifs.Motif: atom2 name is CH2
protocols.motifs.Motif: atom3 name is aroC
protocols.motifs.Motif: Res1 name is ALA
protocols.motifs.Motif: atom1 name is Nhis
protocols.motifs.Motif: atom2 name is aroC
protocols.motifs.Motif: atom3 name is F
protocols.motifs.Motif: Res1 name is MET
protocols.motifs.Motif: atom1 name is Nhis
protocols.motifs.Motif: atom2 name is aroC
protocols.motifs.Motif: atom3 name is F
protocols.motifs.Motif: Res1 name is LEU
protocols.motifs.Motif: atom1 name is aroC
protocols.motifs.Motif: atom2 name is aroC
protocols.motifs.Motif: atom3 name is aroC
protocols.motifs.Motif: Res1 name is PHE
protocols.motifs.Motif: atom1 name is aroC
protocols.motifs.Motif: atom2 name is aroC
protocols.motifs.Motif: atom3 name is OH
protocols.motifs.Motif: Res1 name is TYR
protocols.motifs.Motif: atom1 name is CH3
protocols.motifs.Motif: atom2 name is OH
protocols.motifs.Motif: atom3 name is aroC
protocols.motifs.Motif: Res1 name is TRP
protocols.motifs.Motif: atom1 name is CH3
protocols.motifs.Motif: atom2 name is OH
protocols.motifs.Motif: atom3 name is aroC
core.pack.task: Packer task: initialize from command line() 
core.pack.task: Packer task: initialize from command line() 
core.pack.task: Packer task: initialize from command line() 
protocols.moves.MonteCarlo: MonteCarlo:: last_accepted_score,lowest_score: -767.693 -767.693
protocols.motifs.Motif: Res1 name is ASN
protocols.motifs.Motif: atom1 name is aroC
protocols.motifs.Motif: atom2 name is aroC
protocols.motifs.Motif: atom3 name is OH
protocols.motifs.Motif: Res1 name is MET
protocols.motifs.Motif: atom1 name is aroC
protocols.motifs.Motif: atom2 name is aroC
protocols.motifs.Motif: atom3 name is OH
protocols.motifs.Motif: Res1 name is LEU
protocols.motifs.Motif: atom1 name is aroC
protocols.motifs.Motif: atom2 name is aroC
protocols.motifs.Motif: atom3 name is OH
protocols.motifs.Motif: Res1 name is PHE
protocols.motifs.Motif: atom1 name is aroC
protocols.motifs.Motif: atom2 name is CH2
protocols.motifs.Motif: atom3 name is aroC
protocols.motifs.Motif: Res1 name is THR
protocols.motifs.Motif: atom1 name is CH3
protocols.motifs.Motif: atom2 name is OH
protocols.motifs.Motif: atom3 name is aroC
protocols.motifs.Motif: Res1 name is VAL
protocols.motifs.Motif: atom1 name is CH3
protocols.motifs.Motif: atom2 name is OH
protocols.motifs.Motif: atom3 name is aroC
core.pack.task: Packer task: initialize from command line() 
core.pack.task: Packer task: initialize from command line() 
core.pack.task: Packer task: initialize from command line() 
protocols.moves.MonteCarlo: MonteCarlo:: last_accepted_score,lowest_score: -754.478 -754.478
protocols.motifs.Motif: Res1 name is LEU
protocols.motifs.Motif: atom1 name is Nhis
protocols.motifs.Motif: atom2 name is aroC
protocols.motifs.Motif: atom3 name is Nhis
protocols.motifs.Motif: Res1 name is PHE
protocols.motifs.Motif: atom1 name is aroC
protocols.motifs.Motif: atom2 name is aroC
protocols.motifs.Motif: atom3 name is OH
core.pack.task: Packer task: initialize from command line() 
core.pack.task: Packer task: initialize from command line() 
core.pack.task: Packer task: initialize from command line() 
protocols.moves.MonteCarlo: MonteCarlo:: last_accepted_score,lowest_score: -755.949 -755.949
protocols.motifs.Motif: Res1 name is ASN
protocols.motifs.Motif: atom1 name is aroC
protocols.motifs.Motif: atom2 name is aroC
protocols.motifs.Motif: atom3 name is OH
protocols.motifs.Motif: Res1 name is LEU
protocols.motifs.Motif: atom1 name is Nhis
protocols.motifs.Motif: atom2 name is aroC
protocols.motifs.Motif: atom3 name is Nhis
protocols.motifs.Motif: Res1 name is PHE
protocols.motifs.Motif: atom1 name is aroC
protocols.motifs.Motif: atom2 name is aroC
protocols.motifs.Motif: atom3 name is OH
core.pack.task: Packer task: initialize from command line() 
core.pack.task: Packer task: initialize from command line() 
core.pack.task: Packer task: initialize from command line() 
protocols.moves.MonteCarlo: MonteCarlo:: last_accepted_score,lowest_score: -712.114 -712.114
protocols.motifs.Motif: Res1 name is ASN
protocols.motifs.Motif: atom1 name is NH2O
protocols.motifs.Motif: atom2 name is aroC
protocols.motifs.Motif: atom3 name is Nhis
protocols.motifs.Motif: Res1 name is MET
protocols.motifs.Motif: atom1 name is aroC
protocols.motifs.Motif: atom2 name is aroC
protocols.motifs.Motif: atom3 name is aroC
protocols.motifs.Motif: Res1 name is LEU
protocols.motifs.Motif: atom1 name is CH3
protocols.motifs.Motif: atom2 name is OH
protocols.motifs.Motif: atom3 name is aroC
protocols.motifs.Motif: Res1 name is PHE
protocols.motifs.Motif: atom1 name is aroC
protocols.motifs.Motif: atom2 name is CH2
protocols.motifs.Motif: atom3 name is aroC
core.pack.task: Packer task: initialize from command line() 
core.pack.task: Packer task: initialize from command line() 
core.pack.task: Packer task: initialize from command line() 
protocols.moves.MonteCarlo: MonteCarlo:: last_accepted_score,lowest_score: -767.712 -767.712
protocols.motifs.Motif: Res1 name is ASN
protocols.motifs.Motif: atom1 name is aroC
protocols.motifs.Motif: atom2 name is aroC
protocols.motifs.Motif: atom3 name is OH
protocols.motifs.Motif: Res1 name is MET
protocols.motifs.Motif: atom1 name is aroC
protocols.motifs.Motif: atom2 name is aroC
protocols.motifs.Motif: atom3 name is OH
protocols.motifs.Motif: Res1 name is LEU
protocols.motifs.Motif: atom1 name is aroC
protocols.motifs.Motif: atom2 name is aroC
protocols.motifs.Motif: atom3 name is OH
protocols.motifs.Motif: Res1 name is PHE
protocols.motifs.Motif: atom1 name is aroC
protocols.motifs.Motif: atom2 name is CH2
protocols.motifs.Motif: atom3 name is aroC
protocols.motifs.Motif: Res1 name is VAL
protocols.motifs.Motif: atom1 name is CH3
protocols.motifs.Motif: atom2 name is OH
protocols.motifs.Motif: atom3 name is aroC
core.pack.task: Packer task: initialize from command line() 
core.pack.task: Packer task: initialize from command line() 
core.pack.task: Packer task: initialize from command line() 
protocols.moves.MonteCarlo: MonteCarlo:: last_accepted_score,lowest_score: -768.186 -768.186
protocols.motifs.Motif: Res1 name is ASN
protocols.motifs.Motif: atom1 name is Nhis
protocols.motifs.Motif: atom2 name is aroC
protocols.motifs.Motif: atom3 name is F
protocols.motifs.Motif: Res1 name is MET
protocols.motifs.Motif: atom1 name is Ntrp
protocols.motifs.Motif: atom2 name is aroC
protocols.motifs.Motif: atom3 name is Nhis
protocols.motifs.Motif: Res1 name is LEU
protocols.motifs.Motif: atom1 name is aroC
protocols.motifs.Motif: atom2 name is aroC
protocols.motifs.Motif: atom3 name is OH
protocols.motifs.Motif: Res1 name is PHE
protocols.motifs.Motif: atom1 name is Nhis
protocols.motifs.Motif: atom2 name is aroC
protocols.motifs.Motif: atom3 name is Nhis
protocols.motifs.Motif: Res1 name is TYR
protocols.motifs.Motif: atom1 name is aroC
protocols.motifs.Motif: atom2 name is aroC
protocols.motifs.Motif: atom3 name is OH
protocols.motifs.Motif: Res1 name is THR
protocols.motifs.Motif: atom1 name is NH2O
protocols.motifs.Motif: atom2 name is aroC
protocols.motifs.Motif: atom3 name is Nhis
protocols.motifs.Motif: Res1 name is VAL
protocols.motifs.Motif: atom1 name is Nhis
protocols.motifs.Motif: atom2 name is aroC
protocols.motifs.Motif: atom3 name is F
core.pack.task: Packer task: initialize from command line() 
core.pack.task: Packer task: initialize from command line() 
core.pack.task: Packer task: initialize from command line() 
protocols.moves.MonteCarlo: MonteCarlo:: last_accepted_score,lowest_score: -757.685 -757.685
protocols.motifs.Motif: Res1 name is ASN
protocols.motifs.Motif: atom1 name is Nhis
protocols.motifs.Motif: atom2 name is aroC
protocols.motifs.Motif: atom3 name is Nhis
protocols.motifs.Motif: Res1 name is ASP
protocols.motifs.Motif: atom1 name is Nhis
protocols.motifs.Motif: atom2 name is aroC
protocols.motifs.Motif: atom3 name is F
protocols.motifs.Motif: Res1 name is MET
protocols.motifs.Motif: atom1 name is CH3
protocols.motifs.Motif: atom2 name is OH
protocols.motifs.Motif: atom3 name is aroC
protocols.motifs.Motif: Res1 name is LEU
protocols.motifs.Motif: atom1 name is aroC
protocols.motifs.Motif: atom2 name is aroC
protocols.motifs.Motif: atom3 name is aroC
protocols.motifs.Motif: Res1 name is PHE
protocols.motifs.Motif: atom1 name is aroC
protocols.motifs.Motif: atom2 name is aroC
protocols.motifs.Motif: atom3 name is aroC
protocols.motifs.Motif: Res1 name is TYR
protocols.motifs.Motif: atom1 name is CH3
protocols.motifs.Motif: atom2 name is OH
protocols.motifs.Motif: atom3 name is aroC
core.pack.task: Packer task: initialize from command line() 
core.pack.task: Packer task: initialize from command line() 
core.pack.task: Packer task: initialize from command line() 
protocols.moves.MonteCarlo: MonteCarlo:: last_accepted_score,lowest_score: -781.353 -781.353
protocols.motifs.Motif: Res1 name is ASN
protocols.motifs.Motif: atom1 name is NH2O
protocols.motifs.Motif: atom2 name is aroC
protocols.motifs.Motif: atom3 name is Nhis
protocols.motifs.Motif: Res1 name is MET
protocols.motifs.Motif: atom1 name is Nhis
protocols.motifs.Motif: atom2 name is aroC
protocols.motifs.Motif: atom3 name is F
protocols.motifs.Motif: Res1 name is LEU
protocols.motifs.Motif: atom1 name is aroC
protocols.motifs.Motif: atom2 name is aroC
protocols.motifs.Motif: atom3 name is aroC
protocols.motifs.Motif: Res1 name is PHE
protocols.motifs.Motif: atom1 name is aroC
protocols.motifs.Motif: atom2 name is aroC
protocols.motifs.Motif: atom3 name is aroC
protocols.motifs.Motif: Res1 name is TYR
protocols.motifs.Motif: atom1 name is aroC
protocols.motifs.Motif: atom2 name is aroC
protocols.motifs.Motif: atom3 name is OH
protocols.motifs.Motif: Res1 name is TRP
protocols.motifs.Motif: atom1 name is CH3
protocols.motifs.Motif: atom2 name is OH
protocols.motifs.Motif: atom3 name is aroC
core.pack.task: Packer task: initialize from command line() 
core.pack.task: Packer task: initialize from command line() 
core.pack.task: Packer task: initialize from command line() 
protocols.moves.MonteCarlo: MonteCarlo:: last_accepted_score,lowest_score: -771.953 -771.953
protocols.motifs.Motif: Res1 name is ASN
protocols.motifs.Motif: atom1 name is Ntrp
protocols.motifs.Motif: atom2 name is aroC
protocols.motifs.Motif: atom3 name is Nhis
protocols.motifs.Motif: Res1 name is ALA
protocols.motifs.Motif: atom1 name is Nhis
protocols.motifs.Motif: atom2 name is aroC
protocols.motifs.Motif: atom3 name is F
protocols.motifs.Motif: Res1 name is MET
protocols.motifs.Motif: atom1 name is Nhis
protocols.motifs.Motif: atom2 name is aroC
protocols.motifs.Motif: atom3 name is F
protocols.motifs.Motif: Res1 name is LEU
protocols.motifs.Motif: atom1 name is aroC
protocols.motifs.Motif: atom2 name is aroC
protocols.motifs.Motif: atom3 name is aroC
protocols.motifs.Motif: Res1 name is PHE
protocols.motifs.Motif: atom1 name is aroC
protocols.motifs.Motif: atom2 name is aroC
protocols.motifs.Motif: atom3 name is aroC
protocols.motifs.Motif: Res1 name is TYR
protocols.motifs.Motif: atom1 name is aroC
protocols.motifs.Motif: atom2 name is aroC
protocols.motifs.Motif: atom3 name is OH
protocols.motifs.Motif: Res1 name is TRP
protocols.motifs.Motif: atom1 name is CH3
protocols.motifs.Motif: atom2 name is OH
protocols.motifs.Motif: atom3 name is aroC
core.pack.task: Packer task: initialize from command line() 
core.pack.task: Packer task: initialize from command line() 
core.pack.task: Packer task: initialize from command line() 
protocols.moves.MonteCarlo: MonteCarlo:: last_accepted_score,lowest_score: -766.104 -766.78
protocols.motifs.Motif: Res1 name is ASN
protocols.motifs.Motif: atom1 name is NH2O
protocols.motifs.Motif: atom2 name is aroC
protocols.motifs.Motif: atom3 name is Nhis
protocols.motifs.Motif: Res1 name is MET
protocols.motifs.Motif: atom1 name is CH3
protocols.motifs.Motif: atom2 name is OH
protocols.motifs.Motif: atom3 name is aroC
protocols.motifs.Motif: Res1 name is LEU
protocols.motifs.Motif: atom1 name is aroC
protocols.motifs.Motif: atom2 name is aroC
protocols.motifs.Motif: atom3 name is OH
protocols.motifs.Motif: Res1 name is PHE
protocols.motifs.Motif: atom1 name is aroC
protocols.motifs.Motif: atom2 name is aroC
protocols.motifs.Motif: atom3 name is aroC
protocols.motifs.Motif: Res1 name is TYR
protocols.motifs.Motif: atom1 name is CH3
protocols.motifs.Motif: atom2 name is OH
protocols.motifs.Motif: atom3 name is aroC
core.pack.task: Packer task: initialize from command line() 
core.pack.task: Packer task: initialize from command line() 
core.pack.task: Packer task: initialize from command line() 
protocols.moves.MonteCarlo: MonteCarlo:: last_accepted_score,lowest_score: -759.148 -759.148
protocols.motifs.Motif: Res1 name is PHE
protocols.motifs.Motif: atom1 name is NH2O
protocols.motifs.Motif: atom2 name is aroC
protocols.motifs.Motif: atom3 name is Nhis
protocols.motifs.Motif: Res1 name is MET
protocols.motifs.Motif: atom1 name is CH3
protocols.motifs.Motif: atom2 name is OH
protocols.motifs.Motif: atom3 name is aroC
protocols.motifs.Motif: Res1 name is LEU
protocols.motifs.Motif: atom1 name is aroC
protocols.motifs.Motif: atom2 name is aroC
protocols.motifs.Motif: atom3 name is OH
protocols.motifs.Motif: Res1 name is PHE
protocols.motifs.Motif: atom1 name is aroC
protocols.motifs.Motif: atom2 name is aroC
protocols.motifs.Motif: atom3 name is OH
protocols.motifs.Motif: Res1 name is TYR
protocols.motifs.Motif: atom1 name is aroC
protocols.motifs.Motif: atom2 name is aroC
protocols.motifs.Motif: atom3 name is aroC
protocols.motifs.Motif: Res1 name is TRP
protocols.motifs.Motif: atom1 name is aroC
protocols.motifs.Motif: atom2 name is CH2
protocols.motifs.Motif: atom3 name is aroC
protocols.motifs.Motif: Res1 name is PHE
protocols.motifs.Motif: atom1 name is NH2O
protocols.motifs.Motif: atom2 name is aroC
protocols.motifs.Motif: atom3 name is Nhis
core.pack.task: Packer task: initialize from command line() 
core.pack.task: Packer task: initialize from command line() 
core.pack.task: Packer task: initialize from command line() 
protocols.moves.MonteCarlo: MonteCarlo:: last_accepted_score,lowest_score: -758.898 -758.898
protocols.motifs.Motif: Res1 name is ASN
protocols.motifs.Motif: atom1 name is NH2O
protocols.motifs.Motif: atom2 name is aroC
protocols.motifs.Motif: atom3 name is Nhis
protocols.motifs.Motif: Res1 name is MET
protocols.motifs.Motif: atom1 name is CH3
protocols.motifs.Motif: atom2 name is OH
protocols.motifs.Motif: atom3 name is aroC
protocols.motifs.Motif: Res1 name is LEU
protocols.motifs.Motif: atom1 name is aroC
protocols.motifs.Motif: atom2 name is aroC
protocols.motifs.Motif: atom3 name is OH
protocols.motifs.Motif: Res1 name is PHE
protocols.motifs.Motif: atom1 name is aroC
protocols.motifs.Motif: atom2 name is aroC
protocols.motifs.Motif: atom3 name is OH
protocols.motifs.Motif: Res1 name is TYR
protocols.motifs.Motif: atom1 name is CH3
protocols.motifs.Motif: atom2 name is OH
protocols.motifs.Motif: atom3 name is aroC
core.pack.task: Packer task: initialize from command line() 
core.pack.task: Packer task: initialize from command line() 
core.pack.task: Packer task: initialize from command line() 
protocols.moves.MonteCarlo: MonteCarlo:: last_accepted_score,lowest_score: -768.377 -768.377
protocols.motifs.Motif: Res1 name is ASN
protocols.motifs.Motif: atom1 name is NH2O
protocols.motifs.Motif: atom2 name is aroC
protocols.motifs.Motif: atom3 name is Nhis
protocols.motifs.Motif: Res1 name is MET
protocols.motifs.Motif: atom1 name is CH3
protocols.motifs.Motif: atom2 name is OH
protocols.motifs.Motif: atom3 name is aroC
protocols.motifs.Motif: Res1 name is LEU
protocols.motifs.Motif: atom1 name is aroC
protocols.motifs.Motif: atom2 name is aroC
protocols.motifs.Motif: atom3 name is OH
protocols.motifs.Motif: Res1 name is PHE
protocols.motifs.Motif: atom1 name is aroC
protocols.motifs.Motif: atom2 name is aroC
protocols.motifs.Motif: atom3 name is aroC
protocols.motifs.Motif: Res1 name is TYR
protocols.motifs.Motif: atom1 name is aroC
protocols.motifs.Motif: atom2 name is aroC
protocols.motifs.Motif: atom3 name is OH
core.pack.task: Packer task: initialize from command line() 
core.pack.task: Packer task: initialize from command line() 
core.pack.task: Packer task: initialize from command line() 
protocols.moves.MonteCarlo: MonteCarlo:: last_accepted_score,lowest_score: -757.09 -757.09
protocols.motifs.Motif: Res1 name is ASN
protocols.motifs.Motif: atom1 name is CH3
protocols.motifs.Motif: atom2 name is OH
protocols.motifs.Motif: atom3 name is aroC
protocols.motifs.Motif: Res1 name is MET
protocols.motifs.Motif: atom1 name is aroC
protocols.motifs.Motif: atom2 name is aroC
protocols.motifs.Motif: atom3 name is aroC
protocols.motifs.Motif: Res1 name is LEU
protocols.motifs.Motif: atom1 name is Nhis
protocols.motifs.Motif: atom2 name is aroC
protocols.motifs.Motif: atom3 name is Nhis
protocols.motifs.Motif: Res1 name is ILE
protocols.motifs.Motif: atom1 name is Nhis
protocols.motifs.Motif: atom2 name is aroC
protocols.motifs.Motif: atom3 name is F
protocols.motifs.Motif: Res1 name is PHE
protocols.motifs.Motif: atom1 name is aroC
protocols.motifs.Motif: atom2 name is aroC
protocols.motifs.Motif: atom3 name is OH
core.pack.task: Packer task: initialize from command line() 
core.pack.task: Packer task: initialize from command line() 
core.pack.task: Packer task: initialize from command line() 
protocols.moves.MonteCarlo: MonteCarlo:: last_accepted_score,lowest_score: -748.156 -748.156
protocols.motifs.Motif: Res1 name is PHE
protocols.motifs.Motif: atom1 name is aroC
protocols.motifs.Motif: atom2 name is aroC
protocols.motifs.Motif: atom3 name is OH
protocols.motifs.Motif: Res1 name is MET
protocols.motifs.Motif: atom1 name is CH3
protocols.motifs.Motif: atom2 name is OH
protocols.motifs.Motif: atom3 name is aroC
protocols.motifs.Motif: Res1 name is ASN
protocols.motifs.Motif: atom1 name is NH2O
protocols.motifs.Motif: atom2 name is aroC
protocols.motifs.Motif: atom3 name is Nhis
protocols.motifs.Motif: Res1 name is MET
protocols.motifs.Motif: atom1 name is Nhis
protocols.motifs.Motif: atom2 name is aroC
protocols.motifs.Motif: atom3 name is F
protocols.motifs.Motif: Res1 name is LEU
protocols.motifs.Motif: atom1 name is Nhis
protocols.motifs.Motif: atom2 name is aroC
protocols.motifs.Motif: atom3 name is Nhis
protocols.motifs.Motif: Res1 name is PHE
protocols.motifs.Motif: atom1 name is aroC
protocols.motifs.Motif: atom2 name is aroC
protocols.motifs.Motif: atom3 name is OH
protocols.motifs.Motif: Res1 name is TYR
protocols.motifs.Motif: atom1 name is aroC
protocols.motifs.Motif: atom2 name is aroC
protocols.motifs.Motif: atom3 name is aroC
protocols.motifs.Motif: Res1 name is TRP
protocols.motifs.Motif: atom1 name is aroC
protocols.motifs.Motif: atom2 name is aroC
protocols.motifs.Motif: atom3 name is aroC
protocols.motifs.Motif: Res1 name is PHE
protocols.motifs.Motif: atom1 name is CH3
protocols.motifs.Motif: atom2 name is OH
protocols.motifs.Motif: atom3 name is aroC
core.pack.task: Packer task: initialize from command line() 
core.pack.task: Packer task: initialize from command line() 
core.pack.task: Packer task: initialize from command line() 
protocols.moves.MonteCarlo: MonteCarlo:: last_accepted_score,lowest_score: -766.492 -766.492
protocols.motifs.Motif: Res1 name is PHE
protocols.motifs.Motif: atom1 name is NH2O
protocols.motifs.Motif: atom2 name is aroC
protocols.motifs.Motif: atom3 name is Nhis
protocols.motifs.Motif: Res1 name is MET
protocols.motifs.Motif: atom1 name is CH3
protocols.motifs.Motif: atom2 name is OH
protocols.motifs.Motif: atom3 name is aroC
protocols.motifs.Motif: Res1 name is LEU
protocols.motifs.Motif: atom1 name is aroC
protocols.motifs.Motif: atom2 name is aroC
protocols.motifs.Motif: atom3 name is OH
protocols.motifs.Motif: Res1 name is PHE
protocols.motifs.Motif: atom1 name is aroC
protocols.motifs.Motif: atom2 name is aroC
protocols.motifs.Motif: atom3 name is OH
protocols.motifs.Motif: Res1 name is TYR
protocols.motifs.Motif: atom1 name is aroC
protocols.motifs.Motif: atom2 name is aroC
protocols.motifs.Motif: atom3 name is OH
protocols.motifs.Motif: Res1 name is TRP
protocols.motifs.Motif: atom1 name is aroC
protocols.motifs.Motif: atom2 name is CH2
protocols.motifs.Motif: atom3 name is aroC
protocols.motifs.Motif: Res1 name is PHE
protocols.motifs.Motif: atom1 name is NH2O
protocols.motifs.Motif: atom2 name is aroC
protocols.motifs.Motif: atom3 name is Nhis
core.pack.task: Packer task: initialize from command line() 
core.pack.task: Packer task: initialize from command line() 
core.pack.task: Packer task: initialize from command line() 
protocols.moves.MonteCarlo: MonteCarlo:: last_accepted_score,lowest_score: -770.455 -770.455
protocols.motifs.Motif: Res1 name is ASN
protocols.motifs.Motif: atom1 name is aroC
protocols.motifs.Motif: atom2 name is aroC
protocols.motifs.Motif: atom3 name is OH
protocols.motifs.Motif: Res1 name is MET
protocols.motifs.Motif: atom1 name is Nhis
protocols.motifs.Motif: atom2 name is aroC
protocols.motifs.Motif: atom3 name is Nhis
protocols.motifs.Motif: Res1 name is LEU
protocols.motifs.Motif: atom1 name is Nhis
protocols.motifs.Motif: atom2 name is aroC
protocols.motifs.Motif: atom3 name is F
protocols.motifs.Motif: Res1 name is LEU
protocols.motifs.Motif: atom1 name is Nhis
protocols.motifs.Motif: atom2 name is aroC
protocols.motifs.Motif: atom3 name is Nhis
protocols.motifs.Motif: Res1 name is PHE
protocols.motifs.Motif: atom1 name is Ntrp
protocols.motifs.Motif: atom2 name is aroC
protocols.motifs.Motif: atom3 name is Nhis
protocols.motifs.Motif: Res1 name is TYR
protocols.motifs.Motif: atom1 name is NH2O
protocols.motifs.Motif: atom2 name is aroC
protocols.motifs.Motif: atom3 name is Nhis
protocols.motifs.Motif: Res1 name is TRP
protocols.motifs.Motif: atom1 name is Nhis
protocols.motifs.Motif: atom2 name is aroC
protocols.motifs.Motif: atom3 name is F
protocols.motifs.Motif: Res1 name is THR
protocols.motifs.Motif: atom1 name is CH3
protocols.motifs.Motif: atom2 name is OH
protocols.motifs.Motif: atom3 name is aroC
core.pack.task: Packer task: initialize from command line() 
core.pack.task: Packer task: initialize from command line() 
core.pack.task: Packer task: initialize from command line() 
protocols.moves.MonteCarlo: MonteCarlo:: last_accepted_score,lowest_score: -758.243 -758.243
protocols.motifs.Motif: Res1 name is LEU
protocols.motifs.Motif: atom1 name is Nhis
protocols.motifs.Motif: atom2 name is aroC
protocols.motifs.Motif: atom3 name is Nhis
protocols.motifs.Motif: Res1 name is ILE
protocols.motifs.Motif: atom1 name is Nhis
protocols.motifs.Motif: atom2 name is aroC
protocols.motifs.Motif: atom3 name is F
protocols.motifs.Motif: Res1 name is PHE
protocols.motifs.Motif: atom1 name is aroC
protocols.motifs.Motif: atom2 name is aroC
protocols.motifs.Motif: atom3 name is aroC
protocols.motifs.Motif: Res1 name is TYR
protocols.motifs.Motif: atom1 name is aroC
protocols.motifs.Motif: atom2 name is aroC
protocols.motifs.Motif: atom3 name is OH
core.pack.task: Packer task: initialize from command line() 
core.pack.task: Packer task: initialize from command line() 
core.pack.task: Packer task: initialize from command line() 
protocols.moves.MonteCarlo: MonteCarlo:: last_accepted_score,lowest_score: -760.975 -760.975
protocols.motifs.Motif: Res1 name is ASN
protocols.motifs.Motif: atom1 name is NH2O
protocols.motifs.Motif: atom2 name is aroC
protocols.motifs.Motif: atom3 name is Nhis
protocols.motifs.Motif: Res1 name is MET
protocols.motifs.Motif: atom1 name is CH3
protocols.motifs.Motif: atom2 name is OH
protocols.motifs.Motif: atom3 name is aroC
protocols.motifs.Motif: Res1 name is LEU
protocols.motifs.Motif: atom1 name is aroC
protocols.motifs.Motif: atom2 name is aroC
protocols.motifs.Motif: atom3 name is OH
protocols.motifs.Motif: Res1 name is PHE
protocols.motifs.Motif: atom1 name is aroC
protocols.motifs.Motif: atom2 name is aroC
protocols.motifs.Motif: atom3 name is OH
protocols.motifs.Motif: Res1 name is TYR
protocols.motifs.Motif: atom1 name is aroC
protocols.motifs.Motif: atom2 name is aroC
protocols.motifs.Motif: atom3 name is OH
protocols.motifs.Motif: Res1 name is VAL
protocols.motifs.Motif: atom1 name is CH3
protocols.motifs.Motif: atom2 name is OH
protocols.motifs.Motif: atom3 name is aroC
core.pack.task: Packer task: initialize from command line() 
core.pack.task: Packer task: initialize from command line() 
core.pack.task: Packer task: initialize from command line() 
protocols.moves.MonteCarlo: MonteCarlo:: last_accepted_score,lowest_score: -783.047 -783.047
protocols.motifs.Motif: Res1 name is ASN
protocols.motifs.Motif: atom1 name is aroC
protocols.motifs.Motif: atom2 name is CH2
protocols.motifs.Motif: atom3 name is aroC
protocols.motifs.Motif: Res1 name is ALA
protocols.motifs.Motif: atom1 name is Nhis
protocols.motifs.Motif: atom2 name is aroC
protocols.motifs.Motif: atom3 name is F
protocols.motifs.Motif: Res1 name is ASP
protocols.motifs.Motif: atom1 name is NH2O
protocols.motifs.Motif: atom2 name is aroC
protocols.motifs.Motif: atom3 name is Nhis
protocols.motifs.Motif: Res1 name is MET
protocols.motifs.Motif: atom1 name is Nhis
protocols.motifs.Motif: atom2 name is aroC
protocols.motifs.Motif: atom3 name is F
protocols.motifs.Motif: Res1 name is LEU
protocols.motifs.Motif: atom1 name is aroC
protocols.motifs.Motif: atom2 name is aroC
protocols.motifs.Motif: atom3 name is aroC
protocols.motifs.Motif: Res1 name is PHE
protocols.motifs.Motif: atom1 name is aroC
protocols.motifs.Motif: atom2 name is aroC
protocols.motifs.Motif: atom3 name is OH
protocols.motifs.Motif: Res1 name is TYR
protocols.motifs.Motif: atom1 name is CH3
protocols.motifs.Motif: atom2 name is OH
protocols.motifs.Motif: atom3 name is aroC
protocols.motifs.Motif: Res1 name is VAL
protocols.motifs.Motif: atom1 name is CH3
protocols.motifs.Motif: atom2 name is OH
protocols.motifs.Motif: atom3 name is aroC
protocols.motifs.Motif: Res1 name is TRP
protocols.motifs.Motif: atom1 name is CH3
protocols.motifs.Motif: atom2 name is OH
protocols.motifs.Motif: atom3 name is aroC
protocols.motifs.Motif: Res1 name is THR
protocols.motifs.Motif: atom1 name is Nhis
protocols.motifs.Motif: atom2 name is aroC
protocols.motifs.Motif: atom3 name is F
core.pack.task: Packer task: initialize from command line() 
core.pack.task: Packer task: initialize from command line() 
core.pack.task: Packer task: initialize from command line() 
protocols.moves.MonteCarlo: MonteCarlo:: last_accepted_score,lowest_score: -756.781 -756.781
protocols.motifs.Motif: Res1 name is ASN
protocols.motifs.Motif: atom1 name is aroC
protocols.motifs.Motif: atom2 name is aroC
protocols.motifs.Motif: atom3 name is OH
protocols.motifs.Motif: Res1 name is LEU
protocols.motifs.Motif: atom1 name is Nhis
protocols.motifs.Motif: atom2 name is aroC
protocols.motifs.Motif: atom3 name is Nhis
protocols.motifs.Motif: Res1 name is PHE
protocols.motifs.Motif: atom1 name is aroC
protocols.motifs.Motif: atom2 name is aroC
protocols.motifs.Motif: atom3 name is aroC
protocols.motifs.Motif: Res1 name is TYR
protocols.motifs.Motif: atom1 name is CH3
protocols.motifs.Motif: atom2 name is OH
protocols.motifs.Motif: atom3 name is aroC
core.pack.task: Packer task: initialize from command line() 
core.pack.task: Packer task: initialize from command line() 
core.pack.task: Packer task: initialize from command line() 
protocols.moves.MonteCarlo: MonteCarlo:: last_accepted_score,lowest_score: -775.591 -775.591
protocols.motifs.Motif: Res1 name is ASN
protocols.motifs.Motif: atom1 name is Ntrp
protocols.motifs.Motif: atom2 name is aroC
protocols.motifs.Motif: atom3 name is Nhis
protocols.motifs.Motif: Res1 name is ALA
protocols.motifs.Motif: atom1 name is Nhis
protocols.motifs.Motif: atom2 name is aroC
protocols.motifs.Motif: atom3 name is F
protocols.motifs.Motif: Res1 name is ASP
protocols.motifs.Motif: atom1 name is NH2O
protocols.motifs.Motif: atom2 name is aroC
protocols.motifs.Motif: atom3 name is Nhis
protocols.motifs.Motif: Res1 name is MET
protocols.motifs.Motif: atom1 name is Nhis
protocols.motifs.Motif: atom2 name is aroC
protocols.motifs.Motif: atom3 name is F
protocols.motifs.Motif: Res1 name is LEU
protocols.motifs.Motif: atom1 name is aroC
protocols.motifs.Motif: atom2 name is aroC
protocols.motifs.Motif: atom3 name is aroC
protocols.motifs.Motif: Res1 name is PHE
protocols.motifs.Motif: atom1 name is aroC
protocols.motifs.Motif: atom2 name is aroC
protocols.motifs.Motif: atom3 name is OH
protocols.motifs.Motif: Res1 name is TYR
protocols.motifs.Motif: atom1 name is CH3
protocols.motifs.Motif: atom2 name is OH
protocols.motifs.Motif: atom3 name is aroC
protocols.motifs.Motif: Res1 name is VAL
protocols.motifs.Motif: atom1 name is CH3
protocols.motifs.Motif: atom2 name is OH
protocols.motifs.Motif: atom3 name is aroC
protocols.motifs.Motif: Res1 name is TRP
protocols.motifs.Motif: atom1 name is CH3
protocols.motifs.Motif: atom2 name is OH
protocols.motifs.Motif: atom3 name is aroC
protocols.motifs.Motif: Res1 name is THR
protocols.motifs.Motif: atom1 name is Nhis
protocols.motifs.Motif: atom2 name is aroC
protocols.motifs.Motif: atom3 name is F
core.pack.task: Packer task: initialize from command line() 
core.pack.task: Packer task: initialize from command line() 
core.pack.task: Packer task: initialize from command line() 
protocols.moves.MonteCarlo: MonteCarlo:: last_accepted_score,lowest_score: -773.768 -773.768
protocols.motifs.Motif: Res1 name is ASN
protocols.motifs.Motif: atom1 name is Ntrp
protocols.motifs.Motif: atom2 name is aroC
protocols.motifs.Motif: atom3 name is Nhis
protocols.motifs.Motif: Res1 name is ALA
protocols.motifs.Motif: atom1 name is Nhis
protocols.motifs.Motif: atom2 name is aroC
protocols.motifs.Motif: atom3 name is F
protocols.motifs.Motif: Res1 name is MET
protocols.motifs.Motif: atom1 name is Nhis
protocols.motifs.Motif: atom2 name is aroC
protocols.motifs.Motif: atom3 name is F
protocols.motifs.Motif: Res1 name is LEU
protocols.motifs.Motif: atom1 name is aroC
protocols.motifs.Motif: atom2 name is aroC
protocols.motifs.Motif: atom3 name is aroC
protocols.motifs.Motif: Res1 name is PHE
protocols.motifs.Motif: atom1 name is aroC
protocols.motifs.Motif: atom2 name is aroC
protocols.motifs.Motif: atom3 name is OH
protocols.motifs.Motif: Res1 name is TYR
protocols.motifs.Motif: atom1 name is CH3
protocols.motifs.Motif: atom2 name is OH
protocols.motifs.Motif: atom3 name is aroC
protocols.motifs.Motif: Res1 name is VAL
protocols.motifs.Motif: atom1 name is CH3
protocols.motifs.Motif: atom2 name is OH
protocols.motifs.Motif: atom3 name is aroC
protocols.motifs.Motif: Res1 name is TRP
protocols.motifs.Motif: atom1 name is CH3
protocols.motifs.Motif: atom2 name is OH
protocols.motifs.Motif: atom3 name is aroC
protocols.motifs.Motif: Res1 name is THR
protocols.motifs.Motif: atom1 name is Nhis
protocols.motifs.Motif: atom2 name is aroC
protocols.motifs.Motif: atom3 name is F
core.pack.task: Packer task: initialize from command line() 
core.pack.task: Packer task: initialize from command line() 
core.pack.task: Packer task: initialize from command line() 
protocols.moves.MonteCarlo: MonteCarlo:: last_accepted_score,lowest_score: -759.293 -759.293
protocols.motifs.Motif: Res1 name is ASN
protocols.motifs.Motif: atom1 name is NH2O
protocols.motifs.Motif: atom2 name is aroC
protocols.motifs.Motif: atom3 name is Nhis
protocols.motifs.Motif: Res1 name is MET
protocols.motifs.Motif: atom1 name is CH3
protocols.motifs.Motif: atom2 name is OH
protocols.motifs.Motif: atom3 name is aroC
protocols.motifs.Motif: Res1 name is LEU
protocols.motifs.Motif: atom1 name is aroC
protocols.motifs.Motif: atom2 name is aroC
protocols.motifs.Motif: atom3 name is OH
protocols.motifs.Motif: Res1 name is PHE
protocols.motifs.Motif: atom1 name is aroC
protocols.motifs.Motif: atom2 name is aroC
protocols.motifs.Motif: atom3 name is aroC
protocols.motifs.Motif: Res1 name is TYR
protocols.motifs.Motif: atom1 name is aroC
protocols.motifs.Motif: atom2 name is aroC
protocols.motifs.Motif: atom3 name is OH
core.pack.task: Packer task: initialize from command line() 
core.pack.task: Packer task: initialize from command line() 
core.pack.task: Packer task: initialize from command line() 
protocols.moves.MonteCarlo: MonteCarlo:: last_accepted_score,lowest_score: -775.162 -775.162
protocols.motifs.Motif: Res1 name is ASN
protocols.motifs.Motif: atom1 name is Ntrp
protocols.motifs.Motif: atom2 name is aroC
protocols.motifs.Motif: atom3 name is Nhis
protocols.motifs.Motif: Res1 name is ASP
protocols.motifs.Motif: atom1 name is NH2O
protocols.motifs.Motif: atom2 name is aroC
protocols.motifs.Motif: atom3 name is Nhis
protocols.motifs.Motif: Res1 name is MET
protocols.motifs.Motif: atom1 name is Nhis
protocols.motifs.Motif: atom2 name is aroC
protocols.motifs.Motif: atom3 name is F
protocols.motifs.Motif: Res1 name is LEU
protocols.motifs.Motif: atom1 name is aroC
protocols.motifs.Motif: atom2 name is aroC
protocols.motifs.Motif: atom3 name is aroC
protocols.motifs.Motif: Res1 name is PHE
protocols.motifs.Motif: atom1 name is aroC
protocols.motifs.Motif: atom2 name is aroC
protocols.motifs.Motif: atom3 name is aroC
protocols.motifs.Motif: Res1 name is TYR
protocols.motifs.Motif: atom1 name is aroC
protocols.motifs.Motif: atom2 name is aroC
protocols.motifs.Motif: atom3 name is OH
protocols.motifs.Motif: Res1 name is TRP
protocols.motifs.Motif: atom1 name is CH3
protocols.motifs.Motif: atom2 name is OH
protocols.motifs.Motif: atom3 name is aroC
protocols.motifs.Motif: Res1 name is THR
protocols.motifs.Motif: atom1 name is Nhis
protocols.motifs.Motif: atom2 name is aroC
protocols.motifs.Motif: atom3 name is F
core.pack.task: Packer task: initialize from command line() 
core.pack.task: Packer task: initialize from command line() 
core.pack.task: Packer task: initialize from command line() 
protocols.moves.MonteCarlo: MonteCarlo:: last_accepted_score,lowest_score: -773.723 -774.748
protocols.motifs.Motif: Res1 name is ASN
protocols.motifs.Motif: atom1 name is Ntrp
protocols.motifs.Motif: atom2 name is aroC
protocols.motifs.Motif: atom3 name is Nhis
protocols.motifs.Motif: Res1 name is ASP
protocols.motifs.Motif: atom1 name is NH2O
protocols.motifs.Motif: atom2 name is aroC
protocols.motifs.Motif: atom3 name is Nhis
protocols.motifs.Motif: Res1 name is MET
protocols.motifs.Motif: atom1 name is Nhis
protocols.motifs.Motif: atom2 name is aroC
protocols.motifs.Motif: atom3 name is F
protocols.motifs.Motif: Res1 name is LEU
protocols.motifs.Motif: atom1 name is aroC
protocols.motifs.Motif: atom2 name is aroC
protocols.motifs.Motif: atom3 name is aroC
protocols.motifs.Motif: Res1 name is PHE
protocols.motifs.Motif: atom1 name is aroC
protocols.motifs.Motif: atom2 name is aroC
protocols.motifs.Motif: atom3 name is OH
protocols.motifs.Motif: Res1 name is TYR
protocols.motifs.Motif: atom1 name is aroC
protocols.motifs.Motif: atom2 name is aroC
protocols.motifs.Motif: atom3 name is OH
protocols.motifs.Motif: Res1 name is TRP
protocols.motifs.Motif: atom1 name is CH3
protocols.motifs.Motif: atom2 name is OH
protocols.motifs.Motif: atom3 name is aroC
protocols.motifs.Motif: Res1 name is THR
protocols.motifs.Motif: atom1 name is Nhis
protocols.motifs.Motif: atom2 name is aroC
protocols.motifs.Motif: atom3 name is F
core.pack.task: Packer task: initialize from command line() 
core.pack.task: Packer task: initialize from command line() 
core.pack.task: Packer task: initialize from command line() 
protocols.moves.MonteCarlo: MonteCarlo:: last_accepted_score,lowest_score: -768.455 -768.455
protocols.motifs.Motif: Res1 name is ASN
protocols.motifs.Motif: atom1 name is NH2O
protocols.motifs.Motif: atom2 name is aroC
protocols.motifs.Motif: atom3 name is Nhis
protocols.motifs.Motif: Res1 name is MET
protocols.motifs.Motif: atom1 name is CH3
protocols.motifs.Motif: atom2 name is OH
protocols.motifs.Motif: atom3 name is aroC
protocols.motifs.Motif: Res1 name is LEU
protocols.motifs.Motif: atom1 name is aroC
protocols.motifs.Motif: atom2 name is aroC
protocols.motifs.Motif: atom3 name is OH
protocols.motifs.Motif: Res1 name is PHE
protocols.motifs.Motif: atom1 name is aroC
protocols.motifs.Motif: atom2 name is aroC
protocols.motifs.Motif: atom3 name is aroC
core.pack.task: Packer task: initialize from command line() 
core.pack.task: Packer task: initialize from command line() 
core.pack.task: Packer task: initialize from command line() 
protocols.moves.MonteCarlo: MonteCarlo:: last_accepted_score,lowest_score: -756.885 -757.63
protocols.motifs.Motif: Res1 name is ASN
protocols.motifs.Motif: atom1 name is CH3
protocols.motifs.Motif: atom2 name is OH
protocols.motifs.Motif: atom3 name is aroC
protocols.motifs.Motif: Res1 name is LEU
protocols.motifs.Motif: atom1 name is Nhis
protocols.motifs.Motif: atom2 name is aroC
protocols.motifs.Motif: atom3 name is Nhis
protocols.motifs.Motif: Res1 name is ILE
protocols.motifs.Motif: atom1 name is Nhis
protocols.motifs.Motif: atom2 name is aroC
protocols.motifs.Motif: atom3 name is Nhis
protocols.motifs.Motif: Res1 name is PHE
protocols.motifs.Motif: atom1 name is aroC
protocols.motifs.Motif: atom2 name is aroC
protocols.motifs.Motif: atom3 name is aroC
protocols.motifs.Motif: Res1 name is TYR
protocols.motifs.Motif: atom1 name is CH3
protocols.motifs.Motif: atom2 name is OH
protocols.motifs.Motif: atom3 name is aroC
core.pack.task: Packer task: initialize from command line() 
core.pack.task: Packer task: initialize from command line() 
core.pack.task: Packer task: initialize from command line() 
protocols.moves.MonteCarlo: MonteCarlo:: last_accepted_score,lowest_score: -767.456 -767.456
protocols.motifs.Motif: Res1 name is ASN
protocols.motifs.Motif: atom1 name is aroC
protocols.motifs.Motif: atom2 name is aroC
protocols.motifs.Motif: atom3 name is OH
protocols.motifs.Motif: Res1 name is MET
protocols.motifs.Motif: atom1 name is aroC
protocols.motifs.Motif: atom2 name is aroC
protocols.motifs.Motif: atom3 name is OH
protocols.motifs.Motif: Res1 name is LEU
protocols.motifs.Motif: atom1 name is aroC
protocols.motifs.Motif: atom2 name is aroC
protocols.motifs.Motif: atom3 name is OH
protocols.motifs.Motif: Res1 name is PHE
protocols.motifs.Motif: atom1 name is aroC
protocols.motifs.Motif: atom2 name is aroC
protocols.motifs.Motif: atom3 name is OH
protocols.motifs.Motif: Res1 name is VAL
protocols.motifs.Motif: atom1 name is aroC
protocols.motifs.Motif: atom2 name is aroC
protocols.motifs.Motif: atom3 name is aroC
core.pack.task: Packer task: initialize from command line() 
core.pack.task: Packer task: initialize from command line() 
core.pack.task: Packer task: initialize from command line() 
protocols.moves.MonteCarlo: MonteCarlo:: last_accepted_score,lowest_score: -785.35 -785.35
protocols.motifs.Motif: Res1 name is ASN
protocols.motifs.Motif: atom1 name is Ntrp
protocols.motifs.Motif: atom2 name is aroC
protocols.motifs.Motif: atom3 name is Nhis
protocols.motifs.Motif: Res1 name is ALA
protocols.motifs.Motif: atom1 name is Nhis
protocols.motifs.Motif: atom2 name is aroC
protocols.motifs.Motif: atom3 name is F
protocols.motifs.Motif: Res1 name is ASP
protocols.motifs.Motif: atom1 name is NH2O
protocols.motifs.Motif: atom2 name is aroC
protocols.motifs.Motif: atom3 name is Nhis
protocols.motifs.Motif: Res1 name is MET
protocols.motifs.Motif: atom1 name is Nhis
protocols.motifs.Motif: atom2 name is aroC
protocols.motifs.Motif: atom3 name is F
protocols.motifs.Motif: Res1 name is LEU
protocols.motifs.Motif: atom1 name is aroC
protocols.motifs.Motif: atom2 name is aroC
protocols.motifs.Motif: atom3 name is aroC
protocols.motifs.Motif: Res1 name is PHE
protocols.motifs.Motif: atom1 name is aroC
protocols.motifs.Motif: atom2 name is aroC
protocols.motifs.Motif: atom3 name is OH
protocols.motifs.Motif: Res1 name is TYR
protocols.motifs.Motif: atom1 name is CH3
protocols.motifs.Motif: atom2 name is OH
protocols.motifs.Motif: atom3 name is aroC
protocols.motifs.Motif: Res1 name is VAL
protocols.motifs.Motif: atom1 name is CH3
protocols.motifs.Motif: atom2 name is OH
protocols.motifs.Motif: atom3 name is aroC
protocols.motifs.Motif: Res1 name is TRP
protocols.motifs.Motif: atom1 name is CH3
protocols.motifs.Motif: atom2 name is OH
protocols.motifs.Motif: atom3 name is aroC
protocols.motifs.Motif: Res1 name is THR
protocols.motifs.Motif: atom1 name is Nhis
protocols.motifs.Motif: atom2 name is aroC
protocols.motifs.Motif: atom3 name is F
core.pack.task: Packer task: initialize from command line() 
core.pack.task: Packer task: initialize from command line() 
core.pack.task: Packer task: initialize from command line() 
protocols.moves.MonteCarlo: MonteCarlo:: last_accepted_score,lowest_score: -758.384 -758.985
protocols.motifs.Motif: Res1 name is ASN
protocols.motifs.Motif: atom1 name is Nhis
protocols.motifs.Motif: atom2 name is aroC
protocols.motifs.Motif: atom3 name is F
protocols.motifs.Motif: Res1 name is MET
protocols.motifs.Motif: atom1 name is Ntrp
protocols.motifs.Motif: atom2 name is aroC
protocols.motifs.Motif: atom3 name is Nhis
protocols.motifs.Motif: Res1 name is LEU
protocols.motifs.Motif: atom1 name is aroC
protocols.motifs.Motif: atom2 name is aroC
protocols.motifs.Motif: atom3 name is OH
protocols.motifs.Motif: Res1 name is PHE
protocols.motifs.Motif: atom1 name is Nhis
protocols.motifs.Motif: atom2 name is aroC
protocols.motifs.Motif: atom3 name is Nhis
protocols.motifs.Motif: Res1 name is TYR
protocols.motifs.Motif: atom1 name is aroC
protocols.motifs.Motif: atom2 name is aroC
protocols.motifs.Motif: atom3 name is OH
protocols.motifs.Motif: Res1 name is THR
protocols.motifs.Motif: atom1 name is NH2O
protocols.motifs.Motif: atom2 name is aroC
protocols.motifs.Motif: atom3 name is Nhis
protocols.motifs.Motif: Res1 name is VAL
protocols.motifs.Motif: atom1 name is Nhis
protocols.motifs.Motif: atom2 name is aroC
protocols.motifs.Motif: atom3 name is F
core.pack.task: Packer task: initialize from command line() 
core.pack.task: Packer task: initialize from command line() 
core.pack.task: Packer task: initialize from command line() 
protocols.moves.MonteCarlo: MonteCarlo:: last_accepted_score,lowest_score: -773.496 -773.544
protocols.motifs.Motif: Res1 name is ASN
protocols.motifs.Motif: atom1 name is Ntrp
protocols.motifs.Motif: atom2 name is aroC
protocols.motifs.Motif: atom3 name is Nhis
protocols.motifs.Motif: Res1 name is MET
protocols.motifs.Motif: atom1 name is Nhis
protocols.motifs.Motif: atom2 name is aroC
protocols.motifs.Motif: atom3 name is F
protocols.motifs.Motif: Res1 name is LEU
protocols.motifs.Motif: atom1 name is aroC
protocols.motifs.Motif: atom2 name is aroC
protocols.motifs.Motif: atom3 name is aroC
protocols.motifs.Motif: Res1 name is PHE
protocols.motifs.Motif: atom1 name is aroC
protocols.motifs.Motif: atom2 name is aroC
protocols.motifs.Motif: atom3 name is aroC
protocols.motifs.Motif: Res1 name is TYR
protocols.motifs.Motif: atom1 name is aroC
protocols.motifs.Motif: atom2 name is aroC
protocols.motifs.Motif: atom3 name is OH
protocols.motifs.Motif: Res1 name is TRP
protocols.motifs.Motif: atom1 name is CH3
protocols.motifs.Motif: atom2 name is OH
protocols.motifs.Motif: atom3 name is aroC
protocols.motifs.Motif: Res1 name is THR
protocols.motifs.Motif: atom1 name is Nhis
protocols.motifs.Motif: atom2 name is aroC
protocols.motifs.Motif: atom3 name is F
core.pack.task: Packer task: initialize from command line() 
core.pack.task: Packer task: initialize from command line() 
core.pack.task: Packer task: initialize from command line() 
protocols.moves.MonteCarlo: MonteCarlo:: last_accepted_score,lowest_score: -767.618 -767.618
protocols.motifs.Motif: Res1 name is PHE
protocols.motifs.Motif: atom1 name is NH2O
protocols.motifs.Motif: atom2 name is aroC
protocols.motifs.Motif: atom3 name is Nhis
protocols.motifs.Motif: Res1 name is ILE
protocols.motifs.Motif: atom1 name is NH2O
protocols.motifs.Motif: atom2 name is aroC
protocols.motifs.Motif: atom3 name is Nhis
protocols.motifs.Motif: Res1 name is LEU
protocols.motifs.Motif: atom1 name is aroC
protocols.motifs.Motif: atom2 name is aroC
protocols.motifs.Motif: atom3 name is OH
protocols.motifs.Motif: Res1 name is PHE
protocols.motifs.Motif: atom1 name is aroC
protocols.motifs.Motif: atom2 name is aroC
protocols.motifs.Motif: atom3 name is OH
protocols.motifs.Motif: Res1 name is TYR
protocols.motifs.Motif: atom1 name is aroC
protocols.motifs.Motif: atom2 name is aroC
protocols.motifs.Motif: atom3 name is aroC
protocols.motifs.Motif: Res1 name is TRP
protocols.motifs.Motif: atom1 name is aroC
protocols.motifs.Motif: atom2 name is CH2
protocols.motifs.Motif: atom3 name is aroC
core.pack.task: Packer task: initialize from command line() 
core.pack.task: Packer task: initialize from command line() 
core.pack.task: Packer task: initialize from command line() 
protocols.moves.MonteCarlo: MonteCarlo:: last_accepted_score,lowest_score: -720.002 -720.002
protocols.motifs.Motif: Res1 name is ASN
protocols.motifs.Motif: atom1 name is NH2O
protocols.motifs.Motif: atom2 name is aroC
protocols.motifs.Motif: atom3 name is Nhis
protocols.motifs.Motif: Res1 name is MET
protocols.motifs.Motif: atom1 name is CH3
protocols.motifs.Motif: atom2 name is OH
protocols.motifs.Motif: atom3 name is aroC
protocols.motifs.Motif: Res1 name is LEU
protocols.motifs.Motif: atom1 name is aroC
protocols.motifs.Motif: atom2 name is aroC
protocols.motifs.Motif: atom3 name is aroC
protocols.motifs.Motif: Res1 name is PHE
protocols.motifs.Motif: atom1 name is aroC
protocols.motifs.Motif: atom2 name is aroC
protocols.motifs.Motif: atom3 name is OH
protocols.motifs.Motif: Res1 name is TYR
protocols.motifs.Motif: atom1 name is CH3
protocols.motifs.Motif: atom2 name is OH
protocols.motifs.Motif: atom3 name is aroC
core.pack.task: Packer task: initialize from command line() 
core.pack.task: Packer task: initialize from command line() 
core.pack.task: Packer task: initialize from command line() 
protocols.moves.MonteCarlo: MonteCarlo:: last_accepted_score,lowest_score: -758.452 -758.574
protocols.motifs.Motif: Res1 name is ASN
protocols.motifs.Motif: atom1 name is aroC
protocols.motifs.Motif: atom2 name is aroC
protocols.motifs.Motif: atom3 name is aroC
protocols.motifs.Motif: Res1 name is MET
protocols.motifs.Motif: atom1 name is CH3
protocols.motifs.Motif: atom2 name is OH
protocols.motifs.Motif: atom3 name is aroC
protocols.motifs.Motif: Res1 name is LEU
protocols.motifs.Motif: atom1 name is aroC
protocols.motifs.Motif: atom2 name is aroC
protocols.motifs.Motif: atom3 name is OH
protocols.motifs.Motif: Res1 name is PHE
protocols.motifs.Motif: atom1 name is aroC
protocols.motifs.Motif: atom2 name is aroC
protocols.motifs.Motif: atom3 name is OH
protocols.motifs.Motif: Res1 name is TYR
protocols.motifs.Motif: atom1 name is CH3
protocols.motifs.Motif: atom2 name is OH
protocols.motifs.Motif: atom3 name is aroC
core.pack.task: Packer task: initialize from command line() 
core.pack.task: Packer task: initialize from command line() 
core.pack.task: Packer task: initialize from command line() 
protocols.moves.MonteCarlo: MonteCarlo:: last_accepted_score,lowest_score: -784.059 -784.059
protocols.motifs.Motif: Res1 name is ASN
protocols.motifs.Motif: atom1 name is Ntrp
protocols.motifs.Motif: atom2 name is aroC
protocols.motifs.Motif: atom3 name is Nhis
protocols.motifs.Motif: Res1 name is ALA
protocols.motifs.Motif: atom1 name is Nhis
protocols.motifs.Motif: atom2 name is aroC
protocols.motifs.Motif: atom3 name is F
protocols.motifs.Motif: Res1 name is ASP
protocols.motifs.Motif: atom1 name is NH2O
protocols.motifs.Motif: atom2 name is aroC
protocols.motifs.Motif: atom3 name is Nhis
protocols.motifs.Motif: Res1 name is MET
protocols.motifs.Motif: atom1 name is Nhis
protocols.motifs.Motif: atom2 name is aroC
protocols.motifs.Motif: atom3 name is F
protocols.motifs.Motif: Res1 name is LEU
protocols.motifs.Motif: atom1 name is aroC
protocols.motifs.Motif: atom2 name is aroC
protocols.motifs.Motif: atom3 name is aroC
protocols.motifs.Motif: Res1 name is PHE
protocols.motifs.Motif: atom1 name is aroC
protocols.motifs.Motif: atom2 name is aroC
protocols.motifs.Motif: atom3 name is OH
protocols.motifs.Motif: Res1 name is TYR
protocols.motifs.Motif: atom1 name is CH3
protocols.motifs.Motif: atom2 name is OH
protocols.motifs.Motif: atom3 name is aroC
protocols.motifs.Motif: Res1 name is VAL
protocols.motifs.Motif: atom1 name is CH3
protocols.motifs.Motif: atom2 name is OH
protocols.motifs.Motif: atom3 name is aroC
protocols.motifs.Motif: Res1 name is TRP
protocols.motifs.Motif: atom1 name is CH3
protocols.motifs.Motif: atom2 name is OH
protocols.motifs.Motif: atom3 name is aroC
protocols.motifs.Motif: Res1 name is THR
protocols.motifs.Motif: atom1 name is Nhis
protocols.motifs.Motif: atom2 name is aroC
protocols.motifs.Motif: atom3 name is F
core.pack.task: Packer task: initialize from command line() 
core.pack.task: Packer task: initialize from command line() 
core.pack.task: Packer task: initialize from command line() 
protocols.moves.MonteCarlo: MonteCarlo:: last_accepted_score,lowest_score: -757.06 -757.06
protocols.motifs.Motif: Res1 name is ASN
protocols.motifs.Motif: atom1 name is Nhis
protocols.motifs.Motif: atom2 name is aroC
protocols.motifs.Motif: atom3 name is F
protocols.motifs.Motif: Res1 name is ASP
protocols.motifs.Motif: atom1 name is Nhis
protocols.motifs.Motif: atom2 name is aroC
protocols.motifs.Motif: atom3 name is F
protocols.motifs.Motif: Res1 name is MET
protocols.motifs.Motif: atom1 name is aroC
protocols.motifs.Motif: atom2 name is aroC
protocols.motifs.Motif: atom3 name is OH
protocols.motifs.Motif: Res1 name is LEU
protocols.motifs.Motif: atom1 name is aroC
protocols.motifs.Motif: atom2 name is aroC
protocols.motifs.Motif: atom3 name is aroC
protocols.motifs.Motif: Res1 name is PHE
protocols.motifs.Motif: atom1 name is aroC
protocols.motifs.Motif: atom2 name is aroC
protocols.motifs.Motif: atom3 name is aroC
protocols.motifs.Motif: Res1 name is TYR
protocols.motifs.Motif: atom1 name is CH3
protocols.motifs.Motif: atom2 name is OH
protocols.motifs.Motif: atom3 name is aroC
core.pack.task: Packer task: initialize from command line() 
core.pack.task: Packer task: initialize from command line() 
core.pack.task: Packer task: initialize from command line() 
protocols.moves.MonteCarlo: MonteCarlo:: last_accepted_score,lowest_score: -773.7 -774.007
protocols.motifs.Motif: Res1 name is ASN
protocols.motifs.Motif: atom1 name is Ntrp
protocols.motifs.Motif: atom2 name is aroC
protocols.motifs.Motif: atom3 name is Nhis
protocols.motifs.Motif: Res1 name is ALA
protocols.motifs.Motif: atom1 name is Nhis
protocols.motifs.Motif: atom2 name is aroC
protocols.motifs.Motif: atom3 name is F
protocols.motifs.Motif: Res1 name is ASP
protocols.motifs.Motif: atom1 name is NH2O
protocols.motifs.Motif: atom2 name is aroC
protocols.motifs.Motif: atom3 name is Nhis
protocols.motifs.Motif: Res1 name is MET
protocols.motifs.Motif: atom1 name is Nhis
protocols.motifs.Motif: atom2 name is aroC
protocols.motifs.Motif: atom3 name is F
protocols.motifs.Motif: Res1 name is LEU
protocols.motifs.Motif: atom1 name is aroC
protocols.motifs.Motif: atom2 name is aroC
protocols.motifs.Motif: atom3 name is aroC
protocols.motifs.Motif: Res1 name is PHE
protocols.motifs.Motif: atom1 name is aroC
protocols.motifs.Motif: atom2 name is aroC
protocols.motifs.Motif: atom3 name is aroC
protocols.motifs.Motif: Res1 name is TYR
protocols.motifs.Motif: atom1 name is CH3
protocols.motifs.Motif: atom2 name is OH
protocols.motifs.Motif: atom3 name is aroC
protocols.motifs.Motif: Res1 name is TRP
protocols.motifs.Motif: atom1 name is CH3
protocols.motifs.Motif: atom2 name is OH
protocols.motifs.Motif: atom3 name is aroC
protocols.motifs.Motif: Res1 name is THR
protocols.motifs.Motif: atom1 name is Nhis
protocols.motifs.Motif: atom2 name is aroC
protocols.motifs.Motif: atom3 name is F
core.pack.task: Packer task: initialize from command line() 
core.pack.task: Packer task: initialize from command line() 
core.pack.task: Packer task: initialize from command line() 
protocols.moves.MonteCarlo: MonteCarlo:: last_accepted_score,lowest_score: -770.891 -771.703
protocols.motifs.Motif: Res1 name is ASN
protocols.motifs.Motif: atom1 name is aroC
protocols.motifs.Motif: atom2 name is CH2
protocols.motifs.Motif: atom3 name is aroC
protocols.motifs.Motif: Res1 name is MET
protocols.motifs.Motif: atom1 name is Nhis
protocols.motifs.Motif: atom2 name is aroC
protocols.motifs.Motif: atom3 name is F
protocols.motifs.Motif: Res1 name is LEU
protocols.motifs.Motif: atom1 name is aroC
protocols.motifs.Motif: atom2 name is aroC
protocols.motifs.Motif: atom3 name is aroC
protocols.motifs.Motif: Res1 name is PHE
protocols.motifs.Motif: atom1 name is aroC
protocols.motifs.Motif: atom2 name is aroC
protocols.motifs.Motif: atom3 name is aroC
protocols.motifs.Motif: Res1 name is TYR
protocols.motifs.Motif: atom1 name is CH3
protocols.motifs.Motif: atom2 name is OH
protocols.motifs.Motif: atom3 name is aroC
protocols.motifs.Motif: Res1 name is TRP
protocols.motifs.Motif: atom1 name is CH3
protocols.motifs.Motif: atom2 name is OH
protocols.motifs.Motif: atom3 name is aroC
core.pack.task: Packer task: initialize from command line() 
core.pack.task: Packer task: initialize from command line() 
core.pack.task: Packer task: initialize from command line() 
protocols.moves.MonteCarlo: MonteCarlo:: last_accepted_score,lowest_score: -767.205 -767.556
protocols.motifs.Motif: Res1 name is PHE
protocols.motifs.Motif: atom1 name is NH2O
protocols.motifs.Motif: atom2 name is aroC
protocols.motifs.Motif: atom3 name is Nhis
protocols.motifs.Motif: Res1 name is ILE
protocols.motifs.Motif: atom1 name is NH2O
protocols.motifs.Motif: atom2 name is aroC
protocols.motifs.Motif: atom3 name is Nhis
protocols.motifs.Motif: Res1 name is LEU
protocols.motifs.Motif: atom1 name is aroC
protocols.motifs.Motif: atom2 name is aroC
protocols.motifs.Motif: atom3 name is OH
protocols.motifs.Motif: Res1 name is PHE
protocols.motifs.Motif: atom1 name is aroC
protocols.motifs.Motif: atom2 name is aroC
protocols.motifs.Motif: atom3 name is OH
protocols.motifs.Motif: Res1 name is TYR
protocols.motifs.Motif: atom1 name is aroC
protocols.motifs.Motif: atom2 name is aroC
protocols.motifs.Motif: atom3 name is aroC
protocols.motifs.Motif: Res1 name is TRP
protocols.motifs.Motif: atom1 name is aroC
protocols.motifs.Motif: atom2 name is CH2
protocols.motifs.Motif: atom3 name is aroC
protocols.motifs.Motif: Res1 name is PHE
protocols.motifs.Motif: atom1 name is aroC
protocols.motifs.Motif: atom2 name is aroC
protocols.motifs.Motif: atom3 name is Ntrp
core.pack.task: Packer task: initialize from command line() 
core.pack.task: Packer task: initialize from command line() 
core.pack.task: Packer task: initialize from command line() 
protocols.moves.MonteCarlo: MonteCarlo:: last_accepted_score,lowest_score: -775.491 -776.138
protocols.motifs.Motif: Res1 name is ASN
protocols.motifs.Motif: atom1 name is aroC
protocols.motifs.Motif: atom2 name is aroC
protocols.motifs.Motif: atom3 name is OH
protocols.motifs.Motif: Res1 name is ASP
protocols.motifs.Motif: atom1 name is NH2O
protocols.motifs.Motif: atom2 name is aroC
protocols.motifs.Motif: atom3 name is Nhis
protocols.motifs.Motif: Res1 name is MET
protocols.motifs.Motif: atom1 name is aroC
protocols.motifs.Motif: atom2 name is aroC
protocols.motifs.Motif: atom3 name is OH
protocols.motifs.Motif: Res1 name is LEU
protocols.motifs.Motif: atom1 name is aroC
protocols.motifs.Motif: atom2 name is aroC
protocols.motifs.Motif: atom3 name is OH
protocols.motifs.Motif: Res1 name is PHE
protocols.motifs.Motif: atom1 name is aroC
protocols.motifs.Motif: atom2 name is aroC
protocols.motifs.Motif: atom3 name is OH
protocols.motifs.Motif: Res1 name is THR
protocols.motifs.Motif: atom1 name is aroC
protocols.motifs.Motif: atom2 name is aroC
protocols.motifs.Motif: atom3 name is aroC
protocols.motifs.Motif: Res1 name is VAL
protocols.motifs.Motif: atom1 name is aroC
protocols.motifs.Motif: atom2 name is aroC
protocols.motifs.Motif: atom3 name is aroC
core.pack.task: Packer task: initialize from command line() 
core.pack.task: Packer task: initialize from command line() 
core.pack.task: Packer task: initialize from command line() 
protocols.moves.MonteCarlo: MonteCarlo:: last_accepted_score,lowest_score: -781.682 -783.16
protocols.motifs.Motif: Res1 name is ASN
protocols.motifs.Motif: atom1 name is Ntrp
protocols.motifs.Motif: atom2 name is aroC
protocols.motifs.Motif: atom3 name is Nhis
protocols.motifs.Motif: Res1 name is ALA
protocols.motifs.Motif: atom1 name is Nhis
protocols.motifs.Motif: atom2 name is aroC
protocols.motifs.Motif: atom3 name is F
protocols.motifs.Motif: Res1 name is ASP
protocols.motifs.Motif: atom1 name is NH2O
protocols.motifs.Motif: atom2 name is aroC
protocols.motifs.Motif: atom3 name is Nhis
protocols.motifs.Motif: Res1 name is MET
protocols.motifs.Motif: atom1 name is Nhis
protocols.motifs.Motif: atom2 name is aroC
protocols.motifs.Motif: atom3 name is F
protocols.motifs.Motif: Res1 name is LEU
protocols.motifs.Motif: atom1 name is aroC
protocols.motifs.Motif: atom2 name is aroC
protocols.motifs.Motif: atom3 name is aroC
protocols.motifs.Motif: Res1 name is PHE
protocols.motifs.Motif: atom1 name is aroC
protocols.motifs.Motif: atom2 name is aroC
protocols.motifs.Motif: atom3 name is aroC
protocols.motifs.Motif: Res1 name is TRP
protocols.motifs.Motif: atom1 name is CH3
protocols.motifs.Motif: atom2 name is OH
protocols.motifs.Motif: atom3 name is aroC
protocols.motifs.Motif: Res1 name is THR
protocols.motifs.Motif: atom1 name is Nhis
protocols.motifs.Motif: atom2 name is aroC
protocols.motifs.Motif: atom3 name is F
core.pack.task: Packer task: initialize from command line() 
core.pack.task: Packer task: initialize from command line() 
core.pack.task: Packer task: initialize from command line() 
protocols.moves.MonteCarlo: MonteCarlo:: last_accepted_score,lowest_score: -765.682 -765.682
protocols.motifs.Motif: Res1 name is LEU
protocols.motifs.Motif: atom1 name is Nhis
protocols.motifs.Motif: atom2 name is aroC
protocols.motifs.Motif: atom3 name is F
protocols.motifs.Motif: Res1 name is ASN
protocols.motifs.Motif: atom1 name is aroC
protocols.motifs.Motif: atom2 name is aroC
protocols.motifs.Motif: atom3 name is OH
protocols.motifs.Motif: Res1 name is SER
protocols.motifs.Motif: atom1 name is Nhis
protocols.motifs.Motif: atom2 name is aroC
protocols.motifs.Motif: atom3 name is F
protocols.motifs.Motif: Res1 name is ASP
protocols.motifs.Motif: atom1 name is Nhis
protocols.motifs.Motif: atom2 name is aroC
protocols.motifs.Motif: atom3 name is F
protocols.motifs.Motif: Res1 name is LEU
protocols.motifs.Motif: atom1 name is aroC
protocols.motifs.Motif: atom2 name is aroC
protocols.motifs.Motif: atom3 name is OH
protocols.motifs.Motif: Res1 name is PHE
protocols.motifs.Motif: atom1 name is Nhis
protocols.motifs.Motif: atom2 name is aroC
protocols.motifs.Motif: atom3 name is Nhis
protocols.motifs.Motif: Res1 name is THR
protocols.motifs.Motif: atom1 name is NH2O
protocols.motifs.Motif: atom2 name is aroC
protocols.motifs.Motif: atom3 name is Nhis
protocols.motifs.Motif: Res1 name is VAL
protocols.motifs.Motif: atom1 name is Nhis
protocols.motifs.Motif: atom2 name is aroC
protocols.motifs.Motif: atom3 name is F
core.pack.task: Packer task: initialize from command line() 
core.pack.task: Packer task: initialize from command line() 
core.pack.task: Packer task: initialize from command line() 
protocols.moves.MonteCarlo: MonteCarlo:: last_accepted_score,lowest_score: -758.141 -758.141
protocols.motifs.Motif: Res1 name is ASN
protocols.motifs.Motif: atom1 name is aroC
protocols.motifs.Motif: atom2 name is aroC
protocols.motifs.Motif: atom3 name is aroC
protocols.motifs.Motif: Res1 name is LEU
protocols.motifs.Motif: atom1 name is aroC
protocols.motifs.Motif: atom2 name is aroC
protocols.motifs.Motif: atom3 name is OH
protocols.motifs.Motif: Res1 name is PHE
protocols.motifs.Motif: atom1 name is aroC
protocols.motifs.Motif: atom2 name is aroC
protocols.motifs.Motif: atom3 name is OH
core.pack.task: Packer task: initialize from command line() 
core.pack.task: Packer task: initialize from command line() 
core.pack.task: Packer task: initialize from command line() 
protocols.moves.MonteCarlo: MonteCarlo:: last_accepted_score,lowest_score: -774.52 -774.52
protocols.motifs.Motif: Res1 name is ASN
protocols.motifs.Motif: atom1 name is Ntrp
protocols.motifs.Motif: atom2 name is aroC
protocols.motifs.Motif: atom3 name is Nhis
protocols.motifs.Motif: Res1 name is ALA
protocols.motifs.Motif: atom1 name is Nhis
protocols.motifs.Motif: atom2 name is aroC
protocols.motifs.Motif: atom3 name is F
protocols.motifs.Motif: Res1 name is ASP
protocols.motifs.Motif: atom1 name is NH2O
protocols.motifs.Motif: atom2 name is aroC
protocols.motifs.Motif: atom3 name is Nhis
protocols.motifs.Motif: Res1 name is MET
protocols.motifs.Motif: atom1 name is Nhis
protocols.motifs.Motif: atom2 name is aroC
protocols.motifs.Motif: atom3 name is F
protocols.motifs.Motif: Res1 name is LEU
protocols.motifs.Motif: atom1 name is aroC
protocols.motifs.Motif: atom2 name is aroC
protocols.motifs.Motif: atom3 name is aroC
protocols.motifs.Motif: Res1 name is PHE
protocols.motifs.Motif: atom1 name is aroC
protocols.motifs.Motif: atom2 name is aroC
protocols.motifs.Motif: atom3 name is OH
protocols.motifs.Motif: Res1 name is VAL
protocols.motifs.Motif: atom1 name is CH3
protocols.motifs.Motif: atom2 name is OH
protocols.motifs.Motif: atom3 name is aroC
protocols.motifs.Motif: Res1 name is TRP
protocols.motifs.Motif: atom1 name is CH3
protocols.motifs.Motif: atom2 name is OH
protocols.motifs.Motif: atom3 name is aroC
protocols.motifs.Motif: Res1 name is THR
protocols.motifs.Motif: atom1 name is Nhis
protocols.motifs.Motif: atom2 name is aroC
protocols.motifs.Motif: atom3 name is F
core.pack.task: Packer task: initialize from command line() 
core.pack.task: Packer task: initialize from command line() 
core.pack.task: Packer task: initialize from command line() 
protocols.moves.MonteCarlo: MonteCarlo:: last_accepted_score,lowest_score: -759.446 -759.446
protocols.motifs.Motif: Res1 name is ASN
protocols.motifs.Motif: atom1 name is NH2O
protocols.motifs.Motif: atom2 name is aroC
protocols.motifs.Motif: atom3 name is Nhis
protocols.motifs.Motif: Res1 name is MET
protocols.motifs.Motif: atom1 name is CH3
protocols.motifs.Motif: atom2 name is OH
protocols.motifs.Motif: atom3 name is aroC
protocols.motifs.Motif: Res1 name is LEU
protocols.motifs.Motif: atom1 name is aroC
protocols.motifs.Motif: atom2 name is aroC
protocols.motifs.Motif: atom3 name is OH
protocols.motifs.Motif: Res1 name is PHE
protocols.motifs.Motif: atom1 name is aroC
protocols.motifs.Motif: atom2 name is aroC
protocols.motifs.Motif: atom3 name is aroC
protocols.motifs.Motif: Res1 name is TYR
protocols.motifs.Motif: atom1 name is aroC
protocols.motifs.Motif: atom2 name is aroC
protocols.motifs.Motif: atom3 name is OH
core.pack.task: Packer task: initialize from command line() 
core.pack.task: Packer task: initialize from command line() 
core.pack.task: Packer task: initialize from command line() 
protocols.moves.MonteCarlo: MonteCarlo:: last_accepted_score,lowest_score: -765.055 -765.055
protocols.motifs.Motif: Res1 name is ASN
protocols.motifs.Motif: atom1 name is aroC
protocols.motifs.Motif: atom2 name is aroC
protocols.motifs.Motif: atom3 name is OH
protocols.motifs.Motif: Res1 name is SER
protocols.motifs.Motif: atom1 name is Nhis
protocols.motifs.Motif: atom2 name is aroC
protocols.motifs.Motif: atom3 name is F
protocols.motifs.Motif: Res1 name is ASP
protocols.motifs.Motif: atom1 name is Nhis
protocols.motifs.Motif: atom2 name is aroC
protocols.motifs.Motif: atom3 name is F
protocols.motifs.Motif: Res1 name is MET
protocols.motifs.Motif: atom1 name is Ntrp
protocols.motifs.Motif: atom2 name is aroC
protocols.motifs.Motif: atom3 name is Nhis
protocols.motifs.Motif: Res1 name is LEU
protocols.motifs.Motif: atom1 name is aroC
protocols.motifs.Motif: atom2 name is aroC
protocols.motifs.Motif: atom3 name is OH
protocols.motifs.Motif: Res1 name is PHE
protocols.motifs.Motif: atom1 name is Nhis
protocols.motifs.Motif: atom2 name is aroC
protocols.motifs.Motif: atom3 name is Nhis
protocols.motifs.Motif: Res1 name is TYR
protocols.motifs.Motif: atom1 name is CH3
protocols.motifs.Motif: atom2 name is OH
protocols.motifs.Motif: atom3 name is aroC
protocols.motifs.Motif: Res1 name is THR
protocols.motifs.Motif: atom1 name is NH2O
protocols.motifs.Motif: atom2 name is aroC
protocols.motifs.Motif: atom3 name is Nhis
protocols.motifs.Motif: Res1 name is VAL
protocols.motifs.Motif: atom1 name is Nhis
protocols.motifs.Motif: atom2 name is aroC
protocols.motifs.Motif: atom3 name is F
core.pack.task: Packer task: initialize from command line() 
core.pack.task: Packer task: initialize from command line() 
core.pack.task: Packer task: initialize from command line() 
protocols.moves.MonteCarlo: MonteCarlo:: last_accepted_score,lowest_score: -773.634 -773.634
protocols.motifs.Motif: Res1 name is ASN
protocols.motifs.Motif: atom1 name is Ntrp
protocols.motifs.Motif: atom2 name is aroC
protocols.motifs.Motif: atom3 name is Nhis
protocols.motifs.Motif: Res1 name is MET
protocols.motifs.Motif: atom1 name is Nhis
protocols.motifs.Motif: atom2 name is aroC
protocols.motifs.Motif: atom3 name is F
protocols.motifs.Motif: Res1 name is LEU
protocols.motifs.Motif: atom1 name is aroC
protocols.motifs.Motif: atom2 name is aroC
protocols.motifs.Motif: atom3 name is aroC
protocols.motifs.Motif: Res1 name is PHE
protocols.motifs.Motif: atom1 name is aroC
protocols.motifs.Motif: atom2 name is aroC
protocols.motifs.Motif: atom3 name is aroC
protocols.motifs.Motif: Res1 name is TYR
protocols.motifs.Motif: atom1 name is aroC
protocols.motifs.Motif: atom2 name is aroC
protocols.motifs.Motif: atom3 name is OH
protocols.motifs.Motif: Res1 name is TRP
protocols.motifs.Motif: atom1 name is CH3
protocols.motifs.Motif: atom2 name is OH
protocols.motifs.Motif: atom3 name is aroC
protocols.motifs.Motif: Res1 name is THR
protocols.motifs.Motif: atom1 name is Nhis
protocols.motifs.Motif: atom2 name is aroC
protocols.motifs.Motif: atom3 name is F
core.pack.task: Packer task: initialize from command line() 
core.pack.task: Packer task: initialize from command line() 
core.pack.task: Packer task: initialize from command line() 
protocols.moves.MonteCarlo: MonteCarlo:: last_accepted_score,lowest_score: -765.649 -765.649
protocols.motifs.Motif: Res1 name is PHE
protocols.motifs.Motif: atom1 name is NH2O
protocols.motifs.Motif: atom2 name is aroC
protocols.motifs.Motif: atom3 name is Nhis
protocols.motifs.Motif: Res1 name is MET
protocols.motifs.Motif: atom1 name is CH3
protocols.motifs.Motif: atom2 name is OH
protocols.motifs.Motif: atom3 name is aroC
protocols.motifs.Motif: Res1 name is LEU
protocols.motifs.Motif: atom1 name is Nhis
protocols.motifs.Motif: atom2 name is aroC
protocols.motifs.Motif: atom3 name is Nhis
protocols.motifs.Motif: Res1 name is PHE
protocols.motifs.Motif: atom1 name is aroC
protocols.motifs.Motif: atom2 name is aroC
protocols.motifs.Motif: atom3 name is aroC
protocols.motifs.Motif: Res1 name is TYR
protocols.motifs.Motif: atom1 name is aroC
protocols.motifs.Motif: atom2 name is aroC
protocols.motifs.Motif: atom3 name is OH
protocols.motifs.Motif: Res1 name is TRP
protocols.motifs.Motif: atom1 name is Ntrp
protocols.motifs.Motif: atom2 name is aroC
protocols.motifs.Motif: atom3 name is Nhis
protocols.motifs.Motif: Res1 name is PHE
protocols.motifs.Motif: atom1 name is NH2O
protocols.motifs.Motif: atom2 name is aroC
protocols.motifs.Motif: atom3 name is Nhis
core.pack.task: Packer task: initialize from command line() 
core.pack.task: Packer task: initialize from command line() 
core.pack.task: Packer task: initialize from command line() 
protocols.moves.MonteCarlo: MonteCarlo:: last_accepted_score,lowest_score: -753.921 -753.921
protocols.motifs.Motif: Res1 name is LEU
protocols.motifs.Motif: atom1 name is aroC
protocols.motifs.Motif: atom2 name is aroC
protocols.motifs.Motif: atom3 name is aroC
protocols.motifs.Motif: Res1 name is PHE
protocols.motifs.Motif: atom1 name is aroC
protocols.motifs.Motif: atom2 name is aroC
protocols.motifs.Motif: atom3 name is aroC
core.pack.task: Packer task: initialize from command line() 
core.pack.task: Packer task: initialize from command line() 
core.pack.task: Packer task: initialize from command line() 
protocols.moves.MonteCarlo: MonteCarlo:: last_accepted_score,lowest_score: -781.95 -781.95
protocols.motifs.Motif: Res1 name is ASN
protocols.motifs.Motif: atom1 name is aroC
protocols.motifs.Motif: atom2 name is CH2
protocols.motifs.Motif: atom3 name is aroC
protocols.motifs.Motif: Res1 name is ASP
protocols.motifs.Motif: atom1 name is NH2O
protocols.motifs.Motif: atom2 name is aroC
protocols.motifs.Motif: atom3 name is Nhis
protocols.motifs.Motif: Res1 name is MET
protocols.motifs.Motif: atom1 name is Nhis
protocols.motifs.Motif: atom2 name is aroC
protocols.motifs.Motif: atom3 name is F
protocols.motifs.Motif: Res1 name is LEU
protocols.motifs.Motif: atom1 name is aroC
protocols.motifs.Motif: atom2 name is aroC
protocols.motifs.Motif: atom3 name is aroC
protocols.motifs.Motif: Res1 name is PHE
protocols.motifs.Motif: atom1 name is aroC
protocols.motifs.Motif: atom2 name is aroC
protocols.motifs.Motif: atom3 name is OH
protocols.motifs.Motif: Res1 name is TYR
protocols.motifs.Motif: atom1 name is aroC
protocols.motifs.Motif: atom2 name is aroC
protocols.motifs.Motif: atom3 name is OH
protocols.motifs.Motif: Res1 name is TRP
protocols.motifs.Motif: atom1 name is CH3
protocols.motifs.Motif: atom2 name is OH
protocols.motifs.Motif: atom3 name is aroC
protocols.motifs.Motif: Res1 name is THR
protocols.motifs.Motif: atom1 name is Nhis
protocols.motifs.Motif: atom2 name is aroC
protocols.motifs.Motif: atom3 name is F
core.pack.task: Packer task: initialize from command line() 
core.pack.task: Packer task: initialize from command line() 
core.pack.task: Packer task: initialize from command line() 
protocols.moves.MonteCarlo: MonteCarlo:: last_accepted_score,lowest_score: -767.511 -767.566
protocols.motifs.Motif: Res1 name is ASN
protocols.motifs.Motif: atom1 name is aroC
protocols.motifs.Motif: atom2 name is aroC
protocols.motifs.Motif: atom3 name is OH
protocols.motifs.Motif: Res1 name is MET
protocols.motifs.Motif: atom1 name is aroC
protocols.motifs.Motif: atom2 name is aroC
protocols.motifs.Motif: atom3 name is OH
protocols.motifs.Motif: Res1 name is LEU
protocols.motifs.Motif: atom1 name is aroC
protocols.motifs.Motif: atom2 name is aroC
protocols.motifs.Motif: atom3 name is OH
protocols.motifs.Motif: Res1 name is PHE
protocols.motifs.Motif: atom1 name is aroC
protocols.motifs.Motif: atom2 name is CH2
protocols.motifs.Motif: atom3 name is aroC
core.pack.task: Packer task: initialize from command line() 
core.pack.task: Packer task: initialize from command line() 
core.pack.task: Packer task: initialize from command line() 
protocols.moves.MonteCarlo: MonteCarlo:: last_accepted_score,lowest_score: -771.207 -771.207
protocols.motifs.Motif: Res1 name is ASN
protocols.motifs.Motif: atom1 name is Nhis
protocols.motifs.Motif: atom2 name is aroC
protocols.motifs.Motif: atom3 name is F
protocols.motifs.Motif: Res1 name is MET
protocols.motifs.Motif: atom1 name is Ntrp
protocols.motifs.Motif: atom2 name is aroC
protocols.motifs.Motif: atom3 name is Nhis
protocols.motifs.Motif: Res1 name is LEU
protocols.motifs.Motif: atom1 name is aroC
protocols.motifs.Motif: atom2 name is aroC
protocols.motifs.Motif: atom3 name is OH
protocols.motifs.Motif: Res1 name is PHE
protocols.motifs.Motif: atom1 name is Nhis
protocols.motifs.Motif: atom2 name is aroC
protocols.motifs.Motif: atom3 name is Nhis
protocols.motifs.Motif: Res1 name is TYR
protocols.motifs.Motif: atom1 name is aroC
protocols.motifs.Motif: atom2 name is aroC
protocols.motifs.Motif: atom3 name is OH
protocols.motifs.Motif: Res1 name is TRP
protocols.motifs.Motif: atom1 name is CH3
protocols.motifs.Motif: atom2 name is OH
protocols.motifs.Motif: atom3 name is aroC
protocols.motifs.Motif: Res1 name is VAL
protocols.motifs.Motif: atom1 name is Nhis
protocols.motifs.Motif: atom2 name is aroC
protocols.motifs.Motif: atom3 name is F
core.pack.task: Packer task: initialize from command line() 
core.pack.task: Packer task: initialize from command line() 
core.pack.task: Packer task: initialize from command line() 
protocols.moves.MonteCarlo: MonteCarlo:: last_accepted_score,lowest_score: -766.797 -766.797
protocols.motifs.Motif: Res1 name is MET
protocols.motifs.Motif: atom1 name is CH3
protocols.motifs.Motif: atom2 name is OH
protocols.motifs.Motif: atom3 name is aroC
protocols.motifs.Motif: Res1 name is LEU
protocols.motifs.Motif: atom1 name is Nhis
protocols.motifs.Motif: atom2 name is aroC
protocols.motifs.Motif: atom3 name is Nhis
protocols.motifs.Motif: Res1 name is PHE
protocols.motifs.Motif: atom1 name is aroC
protocols.motifs.Motif: atom2 name is aroC
protocols.motifs.Motif: atom3 name is aroC
protocols.motifs.Motif: Res1 name is TYR
protocols.motifs.Motif: atom1 name is aroC
protocols.motifs.Motif: atom2 name is aroC
protocols.motifs.Motif: atom3 name is OH
core.pack.task: Packer task: initialize from command line() 
core.pack.task: Packer task: initialize from command line() 
core.pack.task: Packer task: initialize from command line() 
protocols.moves.MonteCarlo: MonteCarlo:: last_accepted_score,lowest_score: -763.387 -763.387
protocols.motifs.Motif: Res1 name is PHE
protocols.motifs.Motif: atom1 name is NH2O
protocols.motifs.Motif: atom2 name is aroC
protocols.motifs.Motif: atom3 name is Nhis
protocols.motifs.Motif: Res1 name is MET
protocols.motifs.Motif: atom1 name is CH3
protocols.motifs.Motif: atom2 name is OH
protocols.motifs.Motif: atom3 name is aroC
protocols.motifs.Motif: Res1 name is LEU
protocols.motifs.Motif: atom1 name is Nhis
protocols.motifs.Motif: atom2 name is aroC
protocols.motifs.Motif: atom3 name is Nhis
protocols.motifs.Motif: Res1 name is PHE
protocols.motifs.Motif: atom1 name is aroC
protocols.motifs.Motif: atom2 name is aroC
protocols.motifs.Motif: atom3 name is OH
protocols.motifs.Motif: Res1 name is TYR
protocols.motifs.Motif: atom1 name is NH2O
protocols.motifs.Motif: atom2 name is aroC
protocols.motifs.Motif: atom3 name is Nhis
core.pack.task: Packer task: initialize from command line() 
core.pack.task: Packer task: initialize from command line() 
core.pack.task: Packer task: initialize from command line() 
protocols.moves.MonteCarlo: MonteCarlo:: last_accepted_score,lowest_score: -770.765 -770.765
protocols.motifs.Motif: Res1 name is ASN
protocols.motifs.Motif: atom1 name is aroC
protocols.motifs.Motif: atom2 name is aroC
protocols.motifs.Motif: atom3 name is OH
protocols.motifs.Motif: Res1 name is ALA
protocols.motifs.Motif: atom1 name is aroC
protocols.motifs.Motif: atom2 name is aroC
protocols.motifs.Motif: atom3 name is OH
protocols.motifs.Motif: Res1 name is MET
protocols.motifs.Motif: atom1 name is aroC
protocols.motifs.Motif: atom2 name is aroC
protocols.motifs.Motif: atom3 name is aroC
protocols.motifs.Motif: Res1 name is LEU
protocols.motifs.Motif: atom1 name is aroC
protocols.motifs.Motif: atom2 name is aroC
protocols.motifs.Motif: atom3 name is OH
protocols.motifs.Motif: Res1 name is PHE
protocols.motifs.Motif: atom1 name is Ntrp
protocols.motifs.Motif: atom2 name is aroC
protocols.motifs.Motif: atom3 name is Nhis
protocols.motifs.Motif: Res1 name is TYR
protocols.motifs.Motif: atom1 name is Nhis
protocols.motifs.Motif: atom2 name is aroC
protocols.motifs.Motif: atom3 name is F
protocols.motifs.Motif: Res1 name is THR
protocols.motifs.Motif: atom1 name is CH3
protocols.motifs.Motif: atom2 name is OH
protocols.motifs.Motif: atom3 name is aroC
core.pack.task: Packer task: initialize from command line() 
core.pack.task: Packer task: initialize from command line() 
core.pack.task: Packer task: initialize from command line() 
protocols.moves.MonteCarlo: MonteCarlo:: last_accepted_score,lowest_score: -760.196 -760.196
protocols.motifs.Motif: Res1 name is ASN
protocols.motifs.Motif: atom1 name is aroC
protocols.motifs.Motif: atom2 name is CH2
protocols.motifs.Motif: atom3 name is aroC
protocols.motifs.Motif: Res1 name is MET
protocols.motifs.Motif: atom1 name is aroC
protocols.motifs.Motif: atom2 name is aroC
protocols.motifs.Motif: atom3 name is aroC
protocols.motifs.Motif: Res1 name is LEU
protocols.motifs.Motif: atom1 name is aroC
protocols.motifs.Motif: atom2 name is aroC
protocols.motifs.Motif: atom3 name is OH
protocols.motifs.Motif: Res1 name is PHE
protocols.motifs.Motif: atom1 name is aroC
protocols.motifs.Motif: atom2 name is aroC
protocols.motifs.Motif: atom3 name is Ntrp
protocols.motifs.Motif: Res1 name is TYR
protocols.motifs.Motif: atom1 name is Nhis
protocols.motifs.Motif: atom2 name is aroC
protocols.motifs.Motif: atom3 name is F
protocols.motifs.Motif: Res1 name is THR
protocols.motifs.Motif: atom1 name is CH3
protocols.motifs.Motif: atom2 name is OH
protocols.motifs.Motif: atom3 name is aroC
core.pack.task: Packer task: initialize from command line() 
core.pack.task: Packer task: initialize from command line() 
core.pack.task: Packer task: initialize from command line() 
protocols.moves.MonteCarlo: MonteCarlo:: last_accepted_score,lowest_score: -761.474 -762.193
protocols.motifs.Motif: Res1 name is ASN
protocols.motifs.Motif: atom1 name is aroC
protocols.motifs.Motif: atom2 name is aroC
protocols.motifs.Motif: atom3 name is OH
protocols.motifs.Motif: Res1 name is MET
protocols.motifs.Motif: atom1 name is aroC
protocols.motifs.Motif: atom2 name is aroC
protocols.motifs.Motif: atom3 name is aroC
protocols.motifs.Motif: Res1 name is LEU
protocols.motifs.Motif: atom1 name is Nhis
protocols.motifs.Motif: atom2 name is aroC
protocols.motifs.Motif: atom3 name is Nhis
protocols.motifs.Motif: Res1 name is PHE
protocols.motifs.Motif: atom1 name is Ntrp
protocols.motifs.Motif: atom2 name is aroC
protocols.motifs.Motif: atom3 name is Nhis
protocols.motifs.Motif: Res1 name is TYR
protocols.motifs.Motif: atom1 name is Nhis
protocols.motifs.Motif: atom2 name is aroC
protocols.motifs.Motif: atom3 name is F
protocols.motifs.Motif: Res1 name is THR
protocols.motifs.Motif: atom1 name is CH3
protocols.motifs.Motif: atom2 name is OH
protocols.motifs.Motif: atom3 name is aroC
core.pack.task: Packer task: initialize from command line() 
core.pack.task: Packer task: initialize from command line() 
core.pack.task: Packer task: initialize from command line() 
protocols.moves.MonteCarlo: MonteCarlo:: last_accepted_score,lowest_score: -770.348 -770.348
protocols.motifs.Motif: Res1 name is ASN
protocols.motifs.Motif: atom1 name is aroC
protocols.motifs.Motif: atom2 name is aroC
protocols.motifs.Motif: atom3 name is OH
protocols.motifs.Motif: Res1 name is MET
protocols.motifs.Motif: atom1 name is Nhis
protocols.motifs.Motif: atom2 name is aroC
protocols.motifs.Motif: atom3 name is Nhis
protocols.motifs.Motif: Res1 name is LEU
protocols.motifs.Motif: atom1 name is Nhis
protocols.motifs.Motif: atom2 name is aroC
protocols.motifs.Motif: atom3 name is F
protocols.motifs.Motif: Res1 name is LEU
protocols.motifs.Motif: atom1 name is Nhis
protocols.motifs.Motif: atom2 name is aroC
protocols.motifs.Motif: atom3 name is Nhis
protocols.motifs.Motif: Res1 name is PHE
protocols.motifs.Motif: atom1 name is Ntrp
protocols.motifs.Motif: atom2 name is aroC
protocols.motifs.Motif: atom3 name is Nhis
protocols.motifs.Motif: Res1 name is TYR
protocols.motifs.Motif: atom1 name is NH2O
protocols.motifs.Motif: atom2 name is aroC
protocols.motifs.Motif: atom3 name is Nhis
protocols.motifs.Motif: Res1 name is TRP
protocols.motifs.Motif: atom1 name is Nhis
protocols.motifs.Motif: atom2 name is aroC
protocols.motifs.Motif: atom3 name is F
protocols.motifs.Motif: Res1 name is THR
protocols.motifs.Motif: atom1 name is CH3
protocols.motifs.Motif: atom2 name is OH
protocols.motifs.Motif: atom3 name is aroC
core.pack.task: Packer task: initialize from command line() 
core.pack.task: Packer task: initialize from command line() 
core.pack.task: Packer task: initialize from command line() 
protocols.moves.MonteCarlo: MonteCarlo:: last_accepted_score,lowest_score: -765.112 -765.112
protocols.motifs.Motif: Res1 name is ASN
protocols.motifs.Motif: atom1 name is aroC
protocols.motifs.Motif: atom2 name is aroC
protocols.motifs.Motif: atom3 name is OH
protocols.motifs.Motif: Res1 name is MET
protocols.motifs.Motif: atom1 name is aroC
protocols.motifs.Motif: atom2 name is aroC
protocols.motifs.Motif: atom3 name is OH
protocols.motifs.Motif: Res1 name is LEU
protocols.motifs.Motif: atom1 name is aroC
protocols.motifs.Motif: atom2 name is aroC
protocols.motifs.Motif: atom3 name is Ntrp
protocols.motifs.Motif: Res1 name is PHE
protocols.motifs.Motif: atom1 name is Ntrp
protocols.motifs.Motif: atom2 name is aroC
protocols.motifs.Motif: atom3 name is Nhis
protocols.motifs.Motif: Res1 name is TYR
protocols.motifs.Motif: atom1 name is NH2O
protocols.motifs.Motif: atom2 name is aroC
protocols.motifs.Motif: atom3 name is Nhis
protocols.motifs.Motif: Res1 name is TRP
protocols.motifs.Motif: atom1 name is Nhis
protocols.motifs.Motif: atom2 name is aroC
protocols.motifs.Motif: atom3 name is F
protocols.motifs.Motif: Res1 name is THR
protocols.motifs.Motif: atom1 name is CH3
protocols.motifs.Motif: atom2 name is OH
protocols.motifs.Motif: atom3 name is aroC
core.pack.task: Packer task: initialize from command line() 
core.pack.task: Packer task: initialize from command line() 
core.pack.task: Packer task: initialize from command line() 
protocols.moves.MonteCarlo: MonteCarlo:: last_accepted_score,lowest_score: -771.561 -771.561
protocols.motifs.Motif: Res1 name is ASN
protocols.motifs.Motif: atom1 name is aroC
protocols.motifs.Motif: atom2 name is aroC
protocols.motifs.Motif: atom3 name is OH
protocols.motifs.Motif: Res1 name is MET
protocols.motifs.Motif: atom1 name is aroC
protocols.motifs.Motif: atom2 name is aroC
protocols.motifs.Motif: atom3 name is aroC
protocols.motifs.Motif: Res1 name is LEU
protocols.motifs.Motif: atom1 name is Nhis
protocols.motifs.Motif: atom2 name is aroC
protocols.motifs.Motif: atom3 name is Nhis
protocols.motifs.Motif: Res1 name is PHE
protocols.motifs.Motif: atom1 name is Ntrp
protocols.motifs.Motif: atom2 name is aroC
protocols.motifs.Motif: atom3 name is Nhis
protocols.motifs.Motif: Res1 name is TYR
protocols.motifs.Motif: atom1 name is Nhis
protocols.motifs.Motif: atom2 name is aroC
protocols.motifs.Motif: atom3 name is F
protocols.motifs.Motif: Res1 name is THR
protocols.motifs.Motif: atom1 name is CH3
protocols.motifs.Motif: atom2 name is OH
protocols.motifs.Motif: atom3 name is aroC
core.pack.task: Packer task: initialize from command line() 
core.pack.task: Packer task: initialize from command line() 
core.pack.task: Packer task: initialize from command line() 
protocols.moves.MonteCarlo: MonteCarlo:: last_accepted_score,lowest_score: -763.347 -763.347
protocols.motifs.Motif: Res1 name is ASN
protocols.motifs.Motif: atom1 name is CH3
protocols.motifs.Motif: atom2 name is OH
protocols.motifs.Motif: atom3 name is aroC
protocols.motifs.Motif: Res1 name is LEU
protocols.motifs.Motif: atom1 name is aroC
protocols.motifs.Motif: atom2 name is aroC
protocols.motifs.Motif: atom3 name is OH
protocols.motifs.Motif: Res1 name is PHE
protocols.motifs.Motif: atom1 name is Nhis
protocols.motifs.Motif: atom2 name is aroC
protocols.motifs.Motif: atom3 name is F
protocols.motifs.Motif: Res1 name is TYR
protocols.motifs.Motif: atom1 name is NH2O
protocols.motifs.Motif: atom2 name is aroC
protocols.motifs.Motif: atom3 name is Nhis
core.pack.task: Packer task: initialize from command line() 
core.pack.task: Packer task: initialize from command line() 
core.pack.task: Packer task: initialize from command line() 
protocols.moves.MonteCarlo: MonteCarlo:: last_accepted_score,lowest_score: -761.751 -761.767
protocols.motifs.Motif: Res1 name is ASN
protocols.motifs.Motif: atom1 name is aroC
protocols.motifs.Motif: atom2 name is CH2
protocols.motifs.Motif: atom3 name is aroC
protocols.motifs.Motif: Res1 name is ALA
protocols.motifs.Motif: atom1 name is aroC
protocols.motifs.Motif: atom2 name is aroC
protocols.motifs.Motif: atom3 name is OH
protocols.motifs.Motif: Res1 name is MET
protocols.motifs.Motif: atom1 name is aroC
protocols.motifs.Motif: atom2 name is aroC
protocols.motifs.Motif: atom3 name is aroC
protocols.motifs.Motif: Res1 name is LEU
protocols.motifs.Motif: atom1 name is aroC
protocols.motifs.Motif: atom2 name is aroC
protocols.motifs.Motif: atom3 name is OH
protocols.motifs.Motif: Res1 name is PHE
protocols.motifs.Motif: atom1 name is aroC
protocols.motifs.Motif: atom2 name is aroC
protocols.motifs.Motif: atom3 name is Ntrp
protocols.motifs.Motif: Res1 name is TYR
protocols.motifs.Motif: atom1 name is Nhis
protocols.motifs.Motif: atom2 name is aroC
protocols.motifs.Motif: atom3 name is F
protocols.motifs.Motif: Res1 name is THR
protocols.motifs.Motif: atom1 name is CH3
protocols.motifs.Motif: atom2 name is OH
protocols.motifs.Motif: atom3 name is aroC
core.pack.task: Packer task: initialize from command line() 
core.pack.task: Packer task: initialize from command line() 
core.pack.task: Packer task: initialize from command line() 
protocols.moves.MonteCarlo: MonteCarlo:: last_accepted_score,lowest_score: -762.596 -763.31
protocols.motifs.Motif: Res1 name is ASN
protocols.motifs.Motif: atom1 name is Ntrp
protocols.motifs.Motif: atom2 name is aroC
protocols.motifs.Motif: atom3 name is Nhis
protocols.motifs.Motif: Res1 name is ALA
protocols.motifs.Motif: atom1 name is CH3
protocols.motifs.Motif: atom2 name is OH
protocols.motifs.Motif: atom3 name is aroC
protocols.motifs.Motif: Res1 name is MET
protocols.motifs.Motif: atom1 name is aroC
protocols.motifs.Motif: atom2 name is aroC
protocols.motifs.Motif: atom3 name is OH
protocols.motifs.Motif: Res1 name is LEU
protocols.motifs.Motif: atom1 name is aroC
protocols.motifs.Motif: atom2 name is aroC
protocols.motifs.Motif: atom3 name is OH
protocols.motifs.Motif: Res1 name is PHE
protocols.motifs.Motif: atom1 name is Nhis
protocols.motifs.Motif: atom2 name is aroC
protocols.motifs.Motif: atom3 name is F
protocols.motifs.Motif: Res1 name is TYR
protocols.motifs.Motif: atom1 name is Nhis
protocols.motifs.Motif: atom2 name is aroC
protocols.motifs.Motif: atom3 name is F
core.pack.task: Packer task: initialize from command line() 
core.pack.task: Packer task: initialize from command line() 
core.pack.task: Packer task: initialize from command line() 
protocols.moves.MonteCarlo: MonteCarlo:: last_accepted_score,lowest_score: -771.546 -771.546
protocols.motifs.Motif: Res1 name is ASN
protocols.motifs.Motif: atom1 name is aroC
protocols.motifs.Motif: atom2 name is CH2
protocols.motifs.Motif: atom3 name is aroC
protocols.motifs.Motif: Res1 name is MET
protocols.motifs.Motif: atom1 name is aroC
protocols.motifs.Motif: atom2 name is aroC
protocols.motifs.Motif: atom3 name is aroC
protocols.motifs.Motif: Res1 name is LEU
protocols.motifs.Motif: atom1 name is aroC
protocols.motifs.Motif: atom2 name is aroC
protocols.motifs.Motif: atom3 name is OH
protocols.motifs.Motif: Res1 name is PHE
protocols.motifs.Motif: atom1 name is aroC
protocols.motifs.Motif: atom2 name is aroC
protocols.motifs.Motif: atom3 name is Ntrp
protocols.motifs.Motif: Res1 name is TYR
protocols.motifs.Motif: atom1 name is Nhis
protocols.motifs.Motif: atom2 name is aroC
protocols.motifs.Motif: atom3 name is F
protocols.motifs.Motif: Res1 name is THR
protocols.motifs.Motif: atom1 name is CH3
protocols.motifs.Motif: atom2 name is OH
protocols.motifs.Motif: atom3 name is aroC
core.pack.task: Packer task: initialize from command line() 
core.pack.task: Packer task: initialize from command line() 
core.pack.task: Packer task: initialize from command line() 
protocols.moves.MonteCarlo: MonteCarlo:: last_accepted_score,lowest_score: -771.759 -772.279
protocols.motifs.Motif: Res1 name is ASN
protocols.motifs.Motif: atom1 name is aroC
protocols.motifs.Motif: atom2 name is aroC
protocols.motifs.Motif: atom3 name is OH
protocols.motifs.Motif: Res1 name is MET
protocols.motifs.Motif: atom1 name is aroC
protocols.motifs.Motif: atom2 name is aroC
protocols.motifs.Motif: atom3 name is aroC
protocols.motifs.Motif: Res1 name is LEU
protocols.motifs.Motif: atom1 name is aroC
protocols.motifs.Motif: atom2 name is aroC
protocols.motifs.Motif: atom3 name is OH
protocols.motifs.Motif: Res1 name is PHE
protocols.motifs.Motif: atom1 name is Ntrp
protocols.motifs.Motif: atom2 name is aroC
protocols.motifs.Motif: atom3 name is Nhis
protocols.motifs.Motif: Res1 name is TYR
protocols.motifs.Motif: atom1 name is NH2O
protocols.motifs.Motif: atom2 name is aroC
protocols.motifs.Motif: atom3 name is Nhis
protocols.motifs.Motif: Res1 name is TRP
protocols.motifs.Motif: atom1 name is Nhis
protocols.motifs.Motif: atom2 name is aroC
protocols.motifs.Motif: atom3 name is F
protocols.motifs.Motif: Res1 name is THR
protocols.motifs.Motif: atom1 name is CH3
protocols.motifs.Motif: atom2 name is OH
protocols.motifs.Motif: atom3 name is aroC
core.pack.task: Packer task: initialize from command line() 
core.pack.task: Packer task: initialize from command line() 
core.pack.task: Packer task: initialize from command line() 
protocols.moves.MonteCarlo: MonteCarlo:: last_accepted_score,lowest_score: -759.785 -759.785
protocols.motifs.Motif: Res1 name is ASN
protocols.motifs.Motif: atom1 name is CH3
protocols.motifs.Motif: atom2 name is OH
protocols.motifs.Motif: atom3 name is aroC
protocols.motifs.Motif: Res1 name is LEU
protocols.motifs.Motif: atom1 name is aroC
protocols.motifs.Motif: atom2 name is aroC
protocols.motifs.Motif: atom3 name is OH
protocols.motifs.Motif: Res1 name is PHE
protocols.motifs.Motif: atom1 name is Nhis
protocols.motifs.Motif: atom2 name is aroC
protocols.motifs.Motif: atom3 name is F
protocols.motifs.Motif: Res1 name is TYR
protocols.motifs.Motif: atom1 name is NH2O
protocols.motifs.Motif: atom2 name is aroC
protocols.motifs.Motif: atom3 name is Nhis
core.pack.task: Packer task: initialize from command line() 
core.pack.task: Packer task: initialize from command line() 
core.pack.task: Packer task: initialize from command line() 
protocols.moves.MonteCarlo: MonteCarlo:: last_accepted_score,lowest_score: -772.476 -772.792
protocols.motifs.Motif: Res1 name is ASN
protocols.motifs.Motif: atom1 name is aroC
protocols.motifs.Motif: atom2 name is aroC
protocols.motifs.Motif: atom3 name is OH
protocols.motifs.Motif: Res1 name is MET
protocols.motifs.Motif: atom1 name is aroC
protocols.motifs.Motif: atom2 name is aroC
protocols.motifs.Motif: atom3 name is aroC
protocols.motifs.Motif: Res1 name is LEU
protocols.motifs.Motif: atom1 name is Nhis
protocols.motifs.Motif: atom2 name is aroC
protocols.motifs.Motif: atom3 name is Nhis
protocols.motifs.Motif: Res1 name is PHE
protocols.motifs.Motif: atom1 name is Ntrp
protocols.motifs.Motif: atom2 name is aroC
protocols.motifs.Motif: atom3 name is Nhis
protocols.motifs.Motif: Res1 name is TYR
protocols.motifs.Motif: atom1 name is NH2O
protocols.motifs.Motif: atom2 name is aroC
protocols.motifs.Motif: atom3 name is Nhis
protocols.motifs.Motif: Res1 name is TRP
protocols.motifs.Motif: atom1 name is Nhis
protocols.motifs.Motif: atom2 name is aroC
protocols.motifs.Motif: atom3 name is F
core.pack.task: Packer task: initialize from command line() 
core.pack.task: Packer task: initialize from command line() 
core.pack.task: Packer task: initialize from command line() 
protocols.moves.MonteCarlo: MonteCarlo:: last_accepted_score,lowest_score: -712.874 -712.874
protocols.motifs.Motif: Res1 name is ASN
protocols.motifs.Motif: atom1 name is CH3
protocols.motifs.Motif: atom2 name is OH
protocols.motifs.Motif: atom3 name is aroC
protocols.motifs.Motif: Res1 name is ALA
protocols.motifs.Motif: atom1 name is CH3
protocols.motifs.Motif: atom2 name is OH
protocols.motifs.Motif: atom3 name is aroC
protocols.motifs.Motif: Res1 name is MET
protocols.motifs.Motif: atom1 name is Nhis
protocols.motifs.Motif: atom2 name is aroC
protocols.motifs.Motif: atom3 name is Nhis
protocols.motifs.Motif: Res1 name is LEU
protocols.motifs.Motif: atom1 name is aroC
protocols.motifs.Motif: atom2 name is aroC
protocols.motifs.Motif: atom3 name is OH
protocols.motifs.Motif: Res1 name is PHE
protocols.motifs.Motif: atom1 name is Nhis
protocols.motifs.Motif: atom2 name is aroC
protocols.motifs.Motif: atom3 name is F
protocols.motifs.Motif: Res1 name is TYR
protocols.motifs.Motif: atom1 name is NH2O
protocols.motifs.Motif: atom2 name is aroC
protocols.motifs.Motif: atom3 name is Nhis
LigandDiscoverySearch.discover: Done iterating all trios, moving to next ligand
LigandDiscoverySearch.discover: Total passing attempts for ligand is 99
LigandDiscoverySearch.discover: Total clashing attempts for ligand is 4804
