********  (C) Copyright Rosetta Commons Member Institutions.  ***************
* Use of Rosetta for commercial purposes may require purchase of a license. *
********  See LICENSE.md or email license@uw.edu for more details. **********
core.init: Checking for fconfig files in pwd and ./rosetta/flags 
core.init: Rosetta version: 2024.19.post.dev+283.updatedliganddiscoverysearchcodeagmay2024.10ed978 10ed97813f1920392b632603a23dedae0d4f102d https://github.com/RosettaCommons/rosetta.git 2024-10-15T12:35:46
core.init: Rosetta extras: []
core.init: command: /scratch/abgvg9/rosetta_may_for_checkin/rosetta//source/bin/ligand_discovery_search_protocol.linuxgccrelease @cah2_res_92_0_args
basic.random.init_random_generator: Constant seed mode, seed=1111111 seed_offset=0 real_seed=1111111
basic.random.init_random_generator: RandomGenerator:init: Normal mode, seed=1111111 RG_type=mt19937
core.init: Resolved executable path: /scratch/abgvg9/rosetta_may_for_checkin/rosetta/source/build/src/release/linux/3.10/64/x86/gcc/8.2/default/ligand_discovery_search_protocol.default.linuxgccrelease
core.init: Looking for database based on location of executable: /scratch/abgvg9/rosetta_may_for_checkin/rosetta/database/
LDS_app: Making Pose of input pdb file(s)
protocols.motifs.motif_utils: Got filename
protocols.motifs.motif_utils: Made motiflibrary
core.chemical.GlobalResidueTypeSet: Finished initializing fa_standard residue type set.  Created 985 residue types
core.chemical.GlobalResidueTypeSet: Total time to initialize 0.87 seconds.
protocols.motifs.motif_utils: added motifs from file
LDS_app: Collected motifs library with 1645970 motifs. 
core.chemical.GlobalResidueTypeSet: For ResidueTypeSet fa_standard there is no exclude_pdb_component_list.txt file to list known PDB ids.
core.chemical.GlobalResidueTypeSet:     This will turn off PDB component loading for ResidueTypeSet fa_standard
core.chemical.GlobalResidueTypeSet:     Expected file: /data/user/abgvg9/benchmark/files/all/cah2/test_params/exclude_pdb_component_list.txt
core.chemical.GlobalResidueTypeSet: Finished initializing fa_standard residue type set.  Created 1 residue types
core.chemical.GlobalResidueTypeSet: Total time to initialize 0.35 seconds.
core.import_pose.import_pose: File '/data/user/abgvg9/benchmark/files/all/cah2/cah2.pdb' automatically determined to be of type PDB
core.io.pose_from_sfr.PoseFromSFRBuilder: [ WARNING ] discarding 2 atoms at position 1 in file /data/user/abgvg9/benchmark/files/all/cah2/cah2.pdb. Best match rsd_type:  HIS:NtermProteinFull
core.io.pose_from_sfr.PoseFromSFRBuilder: [ WARNING ] discarding 2 atoms at position 2 in file /data/user/abgvg9/benchmark/files/all/cah2/cah2.pdb. Best match rsd_type:  HIS
core.io.pose_from_sfr.PoseFromSFRBuilder: [ WARNING ] discarding 2 atoms at position 3 in file /data/user/abgvg9/benchmark/files/all/cah2/cah2.pdb. Best match rsd_type:  TRP
core.io.pose_from_sfr.PoseFromSFRBuilder: [ WARNING ] discarding 1 atoms at position 4 in file /data/user/abgvg9/benchmark/files/all/cah2/cah2.pdb. Best match rsd_type:  GLY
core.io.pose_from_sfr.PoseFromSFRBuilder: [ WARNING ] discarding 2 atoms at position 5 in file /data/user/abgvg9/benchmark/files/all/cah2/cah2.pdb. Best match rsd_type:  TYR
core.io.pose_from_sfr.PoseFromSFRBuilder: [ WARNING ] discarding 1 atoms at position 6 in file /data/user/abgvg9/benchmark/files/all/cah2/cah2.pdb. Best match rsd_type:  GLY
core.io.pose_from_sfr.PoseFromSFRBuilder: [ WARNING ] discarding 4 atoms at position 7 in file /data/user/abgvg9/benchmark/files/all/cah2/cah2.pdb. Best match rsd_type:  LYS
core.io.pose_from_sfr.PoseFromSFRBuilder: [ WARNING ] discarding 2 atoms at position 8 in file /data/user/abgvg9/benchmark/files/all/cah2/cah2.pdb. Best match rsd_type:  HIS
core.io.pose_from_sfr.PoseFromSFRBuilder: [ WARNING ] discarding 3 atoms at position 9 in file /data/user/abgvg9/benchmark/files/all/cah2/cah2.pdb. Best match rsd_type:  ASN
core.io.pose_from_sfr.PoseFromSFRBuilder: [ WARNING ] discarding 1 atoms at position 10 in file /data/user/abgvg9/benchmark/files/all/cah2/cah2.pdb. Best match rsd_type:  GLY
core.io.pose_from_sfr.PoseFromSFRBuilder: [ WARNING ] discarding 1 atoms at position 12 in file /data/user/abgvg9/benchmark/files/all/cah2/cah2.pdb. Best match rsd_type:  GLU
core.io.pose_from_sfr.PoseFromSFRBuilder: [ WARNING ] discarding 2 atoms at position 13 in file /data/user/abgvg9/benchmark/files/all/cah2/cah2.pdb. Best match rsd_type:  HIS
core.io.pose_from_sfr.PoseFromSFRBuilder: [ WARNING ] discarding 2 atoms at position 14 in file /data/user/abgvg9/benchmark/files/all/cah2/cah2.pdb. Best match rsd_type:  TRP
core.io.pose_from_sfr.PoseFromSFRBuilder: [ WARNING ] discarding 2 atoms at position 15 in file /data/user/abgvg9/benchmark/files/all/cah2/cah2.pdb. Best match rsd_type:  HIS
core.io.pose_from_sfr.PoseFromSFRBuilder: [ WARNING ] discarding 4 atoms at position 16 in file /data/user/abgvg9/benchmark/files/all/cah2/cah2.pdb. Best match rsd_type:  LYS
core.io.pose_from_sfr.PoseFromSFRBuilder: [ WARNING ] discarding 1 atoms at position 17 in file /data/user/abgvg9/benchmark/files/all/cah2/cah2.pdb. Best match rsd_type:  ASP
core.io.pose_from_sfr.PoseFromSFRBuilder: [ WARNING ] discarding 1 atoms at position 18 in file /data/user/abgvg9/benchmark/files/all/cah2/cah2.pdb. Best match rsd_type:  PHE
core.io.pose_from_sfr.PoseFromSFRBuilder: [ WARNING ] discarding 1 atoms at position 20 in file /data/user/abgvg9/benchmark/files/all/cah2/cah2.pdb. Best match rsd_type:  ILE
core.io.pose_from_sfr.PoseFromSFRBuilder: [ WARNING ] discarding 1 atoms at position 21 in file /data/user/abgvg9/benchmark/files/all/cah2/cah2.pdb. Best match rsd_type:  ALA
core.io.pose_from_sfr.PoseFromSFRBuilder: [ WARNING ] discarding 4 atoms at position 22 in file /data/user/abgvg9/benchmark/files/all/cah2/cah2.pdb. Best match rsd_type:  LYS
core.io.pose_from_sfr.PoseFromSFRBuilder: [ WARNING ] discarding 1 atoms at position 23 in file /data/user/abgvg9/benchmark/files/all/cah2/cah2.pdb. Best match rsd_type:  GLY
core.io.pose_from_sfr.PoseFromSFRBuilder: [ WARNING ] discarding 1 atoms at position 24 in file /data/user/abgvg9/benchmark/files/all/cah2/cah2.pdb. Best match rsd_type:  GLU
core.io.pose_from_sfr.PoseFromSFRBuilder: [ WARNING ] discarding 6 atoms at position 25 in file /data/user/abgvg9/benchmark/files/all/cah2/cah2.pdb. Best match rsd_type:  ARG
core.io.pose_from_sfr.PoseFromSFRBuilder: [ WARNING ] discarding 3 atoms at position 26 in file /data/user/abgvg9/benchmark/files/all/cah2/cah2.pdb. Best match rsd_type:  GLN
core.io.pose_from_sfr.PoseFromSFRBuilder: [ WARNING ] discarding 2 atoms at position 27 in file /data/user/abgvg9/benchmark/files/all/cah2/cah2.pdb. Best match rsd_type:  SER
core.io.pose_from_sfr.PoseFromSFRBuilder: [ WARNING ] discarding 1 atoms at position 29 in file /data/user/abgvg9/benchmark/files/all/cah2/cah2.pdb. Best match rsd_type:  VAL
core.io.pose_from_sfr.PoseFromSFRBuilder: [ WARNING ] discarding 1 atoms at position 30 in file /data/user/abgvg9/benchmark/files/all/cah2/cah2.pdb. Best match rsd_type:  ASP
core.io.pose_from_sfr.PoseFromSFRBuilder: [ WARNING ] discarding 1 atoms at position 31 in file /data/user/abgvg9/benchmark/files/all/cah2/cah2.pdb. Best match rsd_type:  ILE
core.io.pose_from_sfr.PoseFromSFRBuilder: [ WARNING ] discarding 1 atoms at position 32 in file /data/user/abgvg9/benchmark/files/all/cah2/cah2.pdb. Best match rsd_type:  ASP
core.io.pose_from_sfr.PoseFromSFRBuilder: [ WARNING ] discarding 2 atoms at position 33 in file /data/user/abgvg9/benchmark/files/all/cah2/cah2.pdb. Best match rsd_type:  THR
core.io.pose_from_sfr.PoseFromSFRBuilder: [ WARNING ] discarding 2 atoms at position 34 in file /data/user/abgvg9/benchmark/files/all/cah2/cah2.pdb. Best match rsd_type:  HIS
core.io.pose_from_sfr.PoseFromSFRBuilder: [ WARNING ] discarding 2 atoms at position 35 in file /data/user/abgvg9/benchmark/files/all/cah2/cah2.pdb. Best match rsd_type:  THR
core.io.pose_from_sfr.PoseFromSFRBuilder: [ WARNING ] discarding 1 atoms at position 36 in file /data/user/abgvg9/benchmark/files/all/cah2/cah2.pdb. Best match rsd_type:  ALA
core.io.pose_from_sfr.PoseFromSFRBuilder: [ WARNING ] discarding 4 atoms at position 37 in file /data/user/abgvg9/benchmark/files/all/cah2/cah2.pdb. Best match rsd_type:  LYS
core.io.pose_from_sfr.PoseFromSFRBuilder: [ WARNING ] discarding 2 atoms at position 38 in file /data/user/abgvg9/benchmark/files/all/cah2/cah2.pdb. Best match rsd_type:  TYR
core.io.pose_from_sfr.PoseFromSFRBuilder: [ WARNING ] discarding 1 atoms at position 39 in file /data/user/abgvg9/benchmark/files/all/cah2/cah2.pdb. Best match rsd_type:  ASP
core.io.pose_from_sfr.PoseFromSFRBuilder: [ WARNING ] discarding 2 atoms at position 41 in file /data/user/abgvg9/benchmark/files/all/cah2/cah2.pdb. Best match rsd_type:  SER
core.io.pose_from_sfr.PoseFromSFRBuilder: [ WARNING ] discarding 1 atoms at position 42 in file /data/user/abgvg9/benchmark/files/all/cah2/cah2.pdb. Best match rsd_type:  LEU
core.io.pose_from_sfr.PoseFromSFRBuilder: [ WARNING ] discarding 4 atoms at position 43 in file /data/user/abgvg9/benchmark/files/all/cah2/cah2.pdb. Best match rsd_type:  LYS
core.io.pose_from_sfr.PoseFromSFRBuilder: [ WARNING ] discarding 1 atoms at position 45 in file /data/user/abgvg9/benchmark/files/all/cah2/cah2.pdb. Best match rsd_type:  LEU
core.io.pose_from_sfr.PoseFromSFRBuilder: [ WARNING ] discarding 2 atoms at position 46 in file /data/user/abgvg9/benchmark/files/all/cah2/cah2.pdb. Best match rsd_type:  SER
core.io.pose_from_sfr.PoseFromSFRBuilder: [ WARNING ] discarding 1 atoms at position 47 in file /data/user/abgvg9/benchmark/files/all/cah2/cah2.pdb. Best match rsd_type:  VAL
core.io.pose_from_sfr.PoseFromSFRBuilder: [ WARNING ] discarding 2 atoms at position 48 in file /data/user/abgvg9/benchmark/files/all/cah2/cah2.pdb. Best match rsd_type:  SER
core.io.pose_from_sfr.PoseFromSFRBuilder: [ WARNING ] discarding 2 atoms at position 49 in file /data/user/abgvg9/benchmark/files/all/cah2/cah2.pdb. Best match rsd_type:  TYR
core.io.pose_from_sfr.PoseFromSFRBuilder: [ WARNING ] discarding 1 atoms at position 50 in file /data/user/abgvg9/benchmark/files/all/cah2/cah2.pdb. Best match rsd_type:  ASP
core.io.pose_from_sfr.PoseFromSFRBuilder: [ WARNING ] discarding 3 atoms at position 51 in file /data/user/abgvg9/benchmark/files/all/cah2/cah2.pdb. Best match rsd_type:  GLN
core.io.pose_from_sfr.PoseFromSFRBuilder: [ WARNING ] discarding 1 atoms at position 52 in file /data/user/abgvg9/benchmark/files/all/cah2/cah2.pdb. Best match rsd_type:  ALA
core.io.pose_from_sfr.PoseFromSFRBuilder: [ WARNING ] discarding 2 atoms at position 53 in file /data/user/abgvg9/benchmark/files/all/cah2/cah2.pdb. Best match rsd_type:  THR
core.io.pose_from_sfr.PoseFromSFRBuilder: [ WARNING ] discarding 2 atoms at position 54 in file /data/user/abgvg9/benchmark/files/all/cah2/cah2.pdb. Best match rsd_type:  SER
core.io.pose_from_sfr.PoseFromSFRBuilder: [ WARNING ] discarding 1 atoms at position 55 in file /data/user/abgvg9/benchmark/files/all/cah2/cah2.pdb. Best match rsd_type:  LEU
core.io.pose_from_sfr.PoseFromSFRBuilder: [ WARNING ] discarding 6 atoms at position 56 in file /data/user/abgvg9/benchmark/files/all/cah2/cah2.pdb. Best match rsd_type:  ARG
core.io.pose_from_sfr.PoseFromSFRBuilder: [ WARNING ] discarding 1 atoms at position 57 in file /data/user/abgvg9/benchmark/files/all/cah2/cah2.pdb. Best match rsd_type:  ILE
core.io.pose_from_sfr.PoseFromSFRBuilder: [ WARNING ] discarding 1 atoms at position 58 in file /data/user/abgvg9/benchmark/files/all/cah2/cah2.pdb. Best match rsd_type:  LEU
core.io.pose_from_sfr.PoseFromSFRBuilder: [ WARNING ] discarding 3 atoms at position 59 in file /data/user/abgvg9/benchmark/files/all/cah2/cah2.pdb. Best match rsd_type:  ASN
core.io.pose_from_sfr.PoseFromSFRBuilder: [ WARNING ] discarding 3 atoms at position 60 in file /data/user/abgvg9/benchmark/files/all/cah2/cah2.pdb. Best match rsd_type:  ASN
core.io.pose_from_sfr.PoseFromSFRBuilder: [ WARNING ] discarding 1 atoms at position 61 in file /data/user/abgvg9/benchmark/files/all/cah2/cah2.pdb. Best match rsd_type:  GLY
core.io.pose_from_sfr.PoseFromSFRBuilder: [ WARNING ] discarding 2 atoms at position 62 in file /data/user/abgvg9/benchmark/files/all/cah2/cah2.pdb. Best match rsd_type:  HIS
core.io.pose_from_sfr.PoseFromSFRBuilder: [ WARNING ] discarding 1 atoms at position 63 in file /data/user/abgvg9/benchmark/files/all/cah2/cah2.pdb. Best match rsd_type:  ALA
core.io.pose_from_sfr.PoseFromSFRBuilder: [ WARNING ] discarding 1 atoms at position 64 in file /data/user/abgvg9/benchmark/files/all/cah2/cah2.pdb. Best match rsd_type:  PHE
core.io.pose_from_sfr.PoseFromSFRBuilder: [ WARNING ] discarding 3 atoms at position 65 in file /data/user/abgvg9/benchmark/files/all/cah2/cah2.pdb. Best match rsd_type:  ASN
core.io.pose_from_sfr.PoseFromSFRBuilder: [ WARNING ] discarding 1 atoms at position 66 in file /data/user/abgvg9/benchmark/files/all/cah2/cah2.pdb. Best match rsd_type:  VAL
core.io.pose_from_sfr.PoseFromSFRBuilder: [ WARNING ] discarding 1 atoms at position 67 in file /data/user/abgvg9/benchmark/files/all/cah2/cah2.pdb. Best match rsd_type:  GLU
core.io.pose_from_sfr.PoseFromSFRBuilder: [ WARNING ] discarding 1 atoms at position 68 in file /data/user/abgvg9/benchmark/files/all/cah2/cah2.pdb. Best match rsd_type:  PHE
core.io.pose_from_sfr.PoseFromSFRBuilder: [ WARNING ] discarding 1 atoms at position 69 in file /data/user/abgvg9/benchmark/files/all/cah2/cah2.pdb. Best match rsd_type:  ASP
core.io.pose_from_sfr.PoseFromSFRBuilder: [ WARNING ] discarding 1 atoms at position 70 in file /data/user/abgvg9/benchmark/files/all/cah2/cah2.pdb. Best match rsd_type:  ASP
core.io.pose_from_sfr.PoseFromSFRBuilder: [ WARNING ] discarding 2 atoms at position 71 in file /data/user/abgvg9/benchmark/files/all/cah2/cah2.pdb. Best match rsd_type:  SER
core.io.pose_from_sfr.PoseFromSFRBuilder: [ WARNING ] discarding 3 atoms at position 72 in file /data/user/abgvg9/benchmark/files/all/cah2/cah2.pdb. Best match rsd_type:  GLN
core.io.pose_from_sfr.PoseFromSFRBuilder: [ WARNING ] discarding 1 atoms at position 73 in file /data/user/abgvg9/benchmark/files/all/cah2/cah2.pdb. Best match rsd_type:  ASP
core.io.pose_from_sfr.PoseFromSFRBuilder: [ WARNING ] discarding 4 atoms at position 74 in file /data/user/abgvg9/benchmark/files/all/cah2/cah2.pdb. Best match rsd_type:  LYS
core.io.pose_from_sfr.PoseFromSFRBuilder: [ WARNING ] discarding 1 atoms at position 75 in file /data/user/abgvg9/benchmark/files/all/cah2/cah2.pdb. Best match rsd_type:  ALA
core.io.pose_from_sfr.PoseFromSFRBuilder: [ WARNING ] discarding 1 atoms at position 76 in file /data/user/abgvg9/benchmark/files/all/cah2/cah2.pdb. Best match rsd_type:  VAL
core.io.pose_from_sfr.PoseFromSFRBuilder: [ WARNING ] discarding 1 atoms at position 77 in file /data/user/abgvg9/benchmark/files/all/cah2/cah2.pdb. Best match rsd_type:  LEU
core.io.pose_from_sfr.PoseFromSFRBuilder: [ WARNING ] discarding 4 atoms at position 78 in file /data/user/abgvg9/benchmark/files/all/cah2/cah2.pdb. Best match rsd_type:  LYS
core.io.pose_from_sfr.PoseFromSFRBuilder: [ WARNING ] discarding 1 atoms at position 79 in file /data/user/abgvg9/benchmark/files/all/cah2/cah2.pdb. Best match rsd_type:  GLY
core.io.pose_from_sfr.PoseFromSFRBuilder: [ WARNING ] discarding 1 atoms at position 80 in file /data/user/abgvg9/benchmark/files/all/cah2/cah2.pdb. Best match rsd_type:  GLY
core.io.pose_from_sfr.PoseFromSFRBuilder: [ WARNING ] discarding 1 atoms at position 82 in file /data/user/abgvg9/benchmark/files/all/cah2/cah2.pdb. Best match rsd_type:  LEU
core.io.pose_from_sfr.PoseFromSFRBuilder: [ WARNING ] discarding 1 atoms at position 83 in file /data/user/abgvg9/benchmark/files/all/cah2/cah2.pdb. Best match rsd_type:  ASP
core.io.pose_from_sfr.PoseFromSFRBuilder: [ WARNING ] discarding 1 atoms at position 84 in file /data/user/abgvg9/benchmark/files/all/cah2/cah2.pdb. Best match rsd_type:  GLY
core.io.pose_from_sfr.PoseFromSFRBuilder: [ WARNING ] discarding 2 atoms at position 85 in file /data/user/abgvg9/benchmark/files/all/cah2/cah2.pdb. Best match rsd_type:  THR
core.io.pose_from_sfr.PoseFromSFRBuilder: [ WARNING ] discarding 2 atoms at position 86 in file /data/user/abgvg9/benchmark/files/all/cah2/cah2.pdb. Best match rsd_type:  TYR
core.io.pose_from_sfr.PoseFromSFRBuilder: [ WARNING ] discarding 6 atoms at position 87 in file /data/user/abgvg9/benchmark/files/all/cah2/cah2.pdb. Best match rsd_type:  ARG
core.io.pose_from_sfr.PoseFromSFRBuilder: [ WARNING ] discarding 1 atoms at position 88 in file /data/user/abgvg9/benchmark/files/all/cah2/cah2.pdb. Best match rsd_type:  LEU
core.io.pose_from_sfr.PoseFromSFRBuilder: [ WARNING ] discarding 1 atoms at position 89 in file /data/user/abgvg9/benchmark/files/all/cah2/cah2.pdb. Best match rsd_type:  ILE
core.io.pose_from_sfr.PoseFromSFRBuilder: [ WARNING ] discarding 3 atoms at position 90 in file /data/user/abgvg9/benchmark/files/all/cah2/cah2.pdb. Best match rsd_type:  GLN
core.io.pose_from_sfr.PoseFromSFRBuilder: [ WARNING ] discarding 1 atoms at position 91 in file /data/user/abgvg9/benchmark/files/all/cah2/cah2.pdb. Best match rsd_type:  PHE
core.io.pose_from_sfr.PoseFromSFRBuilder: [ WARNING ] discarding 2 atoms at position 92 in file /data/user/abgvg9/benchmark/files/all/cah2/cah2.pdb. Best match rsd_type:  HIS
core.io.pose_from_sfr.PoseFromSFRBuilder: [ WARNING ] discarding 1 atoms at position 93 in file /data/user/abgvg9/benchmark/files/all/cah2/cah2.pdb. Best match rsd_type:  PHE
core.io.pose_from_sfr.PoseFromSFRBuilder: [ WARNING ] discarding 2 atoms at position 94 in file /data/user/abgvg9/benchmark/files/all/cah2/cah2.pdb. Best match rsd_type:  HIS
core.io.pose_from_sfr.PoseFromSFRBuilder: [ WARNING ] discarding 2 atoms at position 95 in file /data/user/abgvg9/benchmark/files/all/cah2/cah2.pdb. Best match rsd_type:  TRP
core.io.pose_from_sfr.PoseFromSFRBuilder: [ WARNING ] discarding 1 atoms at position 96 in file /data/user/abgvg9/benchmark/files/all/cah2/cah2.pdb. Best match rsd_type:  GLY
core.io.pose_from_sfr.PoseFromSFRBuilder: [ WARNING ] discarding 2 atoms at position 97 in file /data/user/abgvg9/benchmark/files/all/cah2/cah2.pdb. Best match rsd_type:  SER
core.io.pose_from_sfr.PoseFromSFRBuilder: [ WARNING ] discarding 1 atoms at position 98 in file /data/user/abgvg9/benchmark/files/all/cah2/cah2.pdb. Best match rsd_type:  LEU
core.io.pose_from_sfr.PoseFromSFRBuilder: [ WARNING ] discarding 1 atoms at position 99 in file /data/user/abgvg9/benchmark/files/all/cah2/cah2.pdb. Best match rsd_type:  ASP
core.io.pose_from_sfr.PoseFromSFRBuilder: [ WARNING ] discarding 1 atoms at position 100 in file /data/user/abgvg9/benchmark/files/all/cah2/cah2.pdb. Best match rsd_type:  GLY
core.io.pose_from_sfr.PoseFromSFRBuilder: [ WARNING ] discarding 3 atoms at position 101 in file /data/user/abgvg9/benchmark/files/all/cah2/cah2.pdb. Best match rsd_type:  GLN
core.io.pose_from_sfr.PoseFromSFRBuilder: [ WARNING ] discarding 1 atoms at position 102 in file /data/user/abgvg9/benchmark/files/all/cah2/cah2.pdb. Best match rsd_type:  GLY
core.io.pose_from_sfr.PoseFromSFRBuilder: [ WARNING ] discarding 2 atoms at position 103 in file /data/user/abgvg9/benchmark/files/all/cah2/cah2.pdb. Best match rsd_type:  SER
core.io.pose_from_sfr.PoseFromSFRBuilder: [ WARNING ] discarding 1 atoms at position 104 in file /data/user/abgvg9/benchmark/files/all/cah2/cah2.pdb. Best match rsd_type:  GLU
core.io.pose_from_sfr.PoseFromSFRBuilder: [ WARNING ] discarding 2 atoms at position 105 in file /data/user/abgvg9/benchmark/files/all/cah2/cah2.pdb. Best match rsd_type:  HIS
core.io.pose_from_sfr.PoseFromSFRBuilder: [ WARNING ] discarding 2 atoms at position 106 in file /data/user/abgvg9/benchmark/files/all/cah2/cah2.pdb. Best match rsd_type:  THR
core.io.pose_from_sfr.PoseFromSFRBuilder: [ WARNING ] discarding 1 atoms at position 107 in file /data/user/abgvg9/benchmark/files/all/cah2/cah2.pdb. Best match rsd_type:  VAL
core.io.pose_from_sfr.PoseFromSFRBuilder: [ WARNING ] discarding 1 atoms at position 108 in file /data/user/abgvg9/benchmark/files/all/cah2/cah2.pdb. Best match rsd_type:  ASP
core.io.pose_from_sfr.PoseFromSFRBuilder: [ WARNING ] discarding 4 atoms at position 109 in file /data/user/abgvg9/benchmark/files/all/cah2/cah2.pdb. Best match rsd_type:  LYS
core.io.pose_from_sfr.PoseFromSFRBuilder: [ WARNING ] discarding 4 atoms at position 110 in file /data/user/abgvg9/benchmark/files/all/cah2/cah2.pdb. Best match rsd_type:  LYS
core.io.pose_from_sfr.PoseFromSFRBuilder: [ WARNING ] discarding 4 atoms at position 111 in file /data/user/abgvg9/benchmark/files/all/cah2/cah2.pdb. Best match rsd_type:  LYS
core.io.pose_from_sfr.PoseFromSFRBuilder: [ WARNING ] discarding 2 atoms at position 112 in file /data/user/abgvg9/benchmark/files/all/cah2/cah2.pdb. Best match rsd_type:  TYR
core.io.pose_from_sfr.PoseFromSFRBuilder: [ WARNING ] discarding 1 atoms at position 113 in file /data/user/abgvg9/benchmark/files/all/cah2/cah2.pdb. Best match rsd_type:  ALA
core.io.pose_from_sfr.PoseFromSFRBuilder: [ WARNING ] discarding 1 atoms at position 114 in file /data/user/abgvg9/benchmark/files/all/cah2/cah2.pdb. Best match rsd_type:  ALA
core.io.pose_from_sfr.PoseFromSFRBuilder: [ WARNING ] discarding 1 atoms at position 115 in file /data/user/abgvg9/benchmark/files/all/cah2/cah2.pdb. Best match rsd_type:  GLU
core.io.pose_from_sfr.PoseFromSFRBuilder: [ WARNING ] discarding 1 atoms at position 116 in file /data/user/abgvg9/benchmark/files/all/cah2/cah2.pdb. Best match rsd_type:  LEU
core.io.pose_from_sfr.PoseFromSFRBuilder: [ WARNING ] discarding 2 atoms at position 117 in file /data/user/abgvg9/benchmark/files/all/cah2/cah2.pdb. Best match rsd_type:  HIS
core.io.pose_from_sfr.PoseFromSFRBuilder: [ WARNING ] discarding 1 atoms at position 118 in file /data/user/abgvg9/benchmark/files/all/cah2/cah2.pdb. Best match rsd_type:  LEU
core.io.pose_from_sfr.PoseFromSFRBuilder: [ WARNING ] discarding 1 atoms at position 119 in file /data/user/abgvg9/benchmark/files/all/cah2/cah2.pdb. Best match rsd_type:  VAL
core.io.pose_from_sfr.PoseFromSFRBuilder: [ WARNING ] discarding 2 atoms at position 120 in file /data/user/abgvg9/benchmark/files/all/cah2/cah2.pdb. Best match rsd_type:  HIS
core.io.pose_from_sfr.PoseFromSFRBuilder: [ WARNING ] discarding 2 atoms at position 121 in file /data/user/abgvg9/benchmark/files/all/cah2/cah2.pdb. Best match rsd_type:  TRP
core.io.pose_from_sfr.PoseFromSFRBuilder: [ WARNING ] discarding 3 atoms at position 122 in file /data/user/abgvg9/benchmark/files/all/cah2/cah2.pdb. Best match rsd_type:  ASN
core.io.pose_from_sfr.PoseFromSFRBuilder: [ WARNING ] discarding 2 atoms at position 123 in file /data/user/abgvg9/benchmark/files/all/cah2/cah2.pdb. Best match rsd_type:  THR
core.io.pose_from_sfr.PoseFromSFRBuilder: [ WARNING ] discarding 4 atoms at position 124 in file /data/user/abgvg9/benchmark/files/all/cah2/cah2.pdb. Best match rsd_type:  LYS
core.io.pose_from_sfr.PoseFromSFRBuilder: [ WARNING ] discarding 2 atoms at position 125 in file /data/user/abgvg9/benchmark/files/all/cah2/cah2.pdb. Best match rsd_type:  TYR
core.io.pose_from_sfr.PoseFromSFRBuilder: [ WARNING ] discarding 1 atoms at position 126 in file /data/user/abgvg9/benchmark/files/all/cah2/cah2.pdb. Best match rsd_type:  GLY
core.io.pose_from_sfr.PoseFromSFRBuilder: [ WARNING ] discarding 1 atoms at position 127 in file /data/user/abgvg9/benchmark/files/all/cah2/cah2.pdb. Best match rsd_type:  ASP
core.io.pose_from_sfr.PoseFromSFRBuilder: [ WARNING ] discarding 1 atoms at position 128 in file /data/user/abgvg9/benchmark/files/all/cah2/cah2.pdb. Best match rsd_type:  PHE
core.io.pose_from_sfr.PoseFromSFRBuilder: [ WARNING ] discarding 1 atoms at position 129 in file /data/user/abgvg9/benchmark/files/all/cah2/cah2.pdb. Best match rsd_type:  GLY
core.io.pose_from_sfr.PoseFromSFRBuilder: [ WARNING ] discarding 4 atoms at position 130 in file /data/user/abgvg9/benchmark/files/all/cah2/cah2.pdb. Best match rsd_type:  LYS
core.io.pose_from_sfr.PoseFromSFRBuilder: [ WARNING ] discarding 1 atoms at position 131 in file /data/user/abgvg9/benchmark/files/all/cah2/cah2.pdb. Best match rsd_type:  ALA
core.io.pose_from_sfr.PoseFromSFRBuilder: [ WARNING ] discarding 1 atoms at position 132 in file /data/user/abgvg9/benchmark/files/all/cah2/cah2.pdb. Best match rsd_type:  VAL
core.io.pose_from_sfr.PoseFromSFRBuilder: [ WARNING ] discarding 3 atoms at position 133 in file /data/user/abgvg9/benchmark/files/all/cah2/cah2.pdb. Best match rsd_type:  GLN
core.io.pose_from_sfr.PoseFromSFRBuilder: [ WARNING ] discarding 3 atoms at position 134 in file /data/user/abgvg9/benchmark/files/all/cah2/cah2.pdb. Best match rsd_type:  GLN
core.io.pose_from_sfr.PoseFromSFRBuilder: [ WARNING ] discarding 1 atoms at position 136 in file /data/user/abgvg9/benchmark/files/all/cah2/cah2.pdb. Best match rsd_type:  ASP
core.io.pose_from_sfr.PoseFromSFRBuilder: [ WARNING ] discarding 1 atoms at position 137 in file /data/user/abgvg9/benchmark/files/all/cah2/cah2.pdb. Best match rsd_type:  GLY
core.io.pose_from_sfr.PoseFromSFRBuilder: [ WARNING ] discarding 1 atoms at position 138 in file /data/user/abgvg9/benchmark/files/all/cah2/cah2.pdb. Best match rsd_type:  LEU
core.io.pose_from_sfr.PoseFromSFRBuilder: [ WARNING ] discarding 1 atoms at position 139 in file /data/user/abgvg9/benchmark/files/all/cah2/cah2.pdb. Best match rsd_type:  ALA
core.io.pose_from_sfr.PoseFromSFRBuilder: [ WARNING ] discarding 1 atoms at position 140 in file /data/user/abgvg9/benchmark/files/all/cah2/cah2.pdb. Best match rsd_type:  VAL
core.io.pose_from_sfr.PoseFromSFRBuilder: [ WARNING ] discarding 1 atoms at position 141 in file /data/user/abgvg9/benchmark/files/all/cah2/cah2.pdb. Best match rsd_type:  LEU
core.io.pose_from_sfr.PoseFromSFRBuilder: [ WARNING ] discarding 1 atoms at position 142 in file /data/user/abgvg9/benchmark/files/all/cah2/cah2.pdb. Best match rsd_type:  GLY
core.io.pose_from_sfr.PoseFromSFRBuilder: [ WARNING ] discarding 1 atoms at position 143 in file /data/user/abgvg9/benchmark/files/all/cah2/cah2.pdb. Best match rsd_type:  ILE
core.io.pose_from_sfr.PoseFromSFRBuilder: [ WARNING ] discarding 1 atoms at position 144 in file /data/user/abgvg9/benchmark/files/all/cah2/cah2.pdb. Best match rsd_type:  PHE
core.io.pose_from_sfr.PoseFromSFRBuilder: [ WARNING ] discarding 1 atoms at position 145 in file /data/user/abgvg9/benchmark/files/all/cah2/cah2.pdb. Best match rsd_type:  LEU
core.io.pose_from_sfr.PoseFromSFRBuilder: [ WARNING ] discarding 4 atoms at position 146 in file /data/user/abgvg9/benchmark/files/all/cah2/cah2.pdb. Best match rsd_type:  LYS
core.io.pose_from_sfr.PoseFromSFRBuilder: [ WARNING ] discarding 1 atoms at position 147 in file /data/user/abgvg9/benchmark/files/all/cah2/cah2.pdb. Best match rsd_type:  VAL
core.io.pose_from_sfr.PoseFromSFRBuilder: [ WARNING ] discarding 1 atoms at position 148 in file /data/user/abgvg9/benchmark/files/all/cah2/cah2.pdb. Best match rsd_type:  GLY
core.io.pose_from_sfr.PoseFromSFRBuilder: [ WARNING ] discarding 2 atoms at position 149 in file /data/user/abgvg9/benchmark/files/all/cah2/cah2.pdb. Best match rsd_type:  SER
core.io.pose_from_sfr.PoseFromSFRBuilder: [ WARNING ] discarding 1 atoms at position 150 in file /data/user/abgvg9/benchmark/files/all/cah2/cah2.pdb. Best match rsd_type:  ALA
core.io.pose_from_sfr.PoseFromSFRBuilder: [ WARNING ] discarding 4 atoms at position 151 in file /data/user/abgvg9/benchmark/files/all/cah2/cah2.pdb. Best match rsd_type:  LYS
core.io.pose_from_sfr.PoseFromSFRBuilder: [ WARNING ] discarding 1 atoms at position 153 in file /data/user/abgvg9/benchmark/files/all/cah2/cah2.pdb. Best match rsd_type:  GLY
core.io.pose_from_sfr.PoseFromSFRBuilder: [ WARNING ] discarding 1 atoms at position 154 in file /data/user/abgvg9/benchmark/files/all/cah2/cah2.pdb. Best match rsd_type:  LEU
core.io.pose_from_sfr.PoseFromSFRBuilder: [ WARNING ] discarding 3 atoms at position 155 in file /data/user/abgvg9/benchmark/files/all/cah2/cah2.pdb. Best match rsd_type:  GLN
core.io.pose_from_sfr.PoseFromSFRBuilder: [ WARNING ] discarding 4 atoms at position 156 in file /data/user/abgvg9/benchmark/files/all/cah2/cah2.pdb. Best match rsd_type:  LYS
core.io.pose_from_sfr.PoseFromSFRBuilder: [ WARNING ] discarding 1 atoms at position 157 in file /data/user/abgvg9/benchmark/files/all/cah2/cah2.pdb. Best match rsd_type:  VAL
core.io.pose_from_sfr.PoseFromSFRBuilder: [ WARNING ] discarding 1 atoms at position 158 in file /data/user/abgvg9/benchmark/files/all/cah2/cah2.pdb. Best match rsd_type:  VAL
core.io.pose_from_sfr.PoseFromSFRBuilder: [ WARNING ] discarding 1 atoms at position 159 in file /data/user/abgvg9/benchmark/files/all/cah2/cah2.pdb. Best match rsd_type:  ASP
core.io.pose_from_sfr.PoseFromSFRBuilder: [ WARNING ] discarding 1 atoms at position 160 in file /data/user/abgvg9/benchmark/files/all/cah2/cah2.pdb. Best match rsd_type:  VAL
core.io.pose_from_sfr.PoseFromSFRBuilder: [ WARNING ] discarding 1 atoms at position 161 in file /data/user/abgvg9/benchmark/files/all/cah2/cah2.pdb. Best match rsd_type:  LEU
core.io.pose_from_sfr.PoseFromSFRBuilder: [ WARNING ] discarding 1 atoms at position 162 in file /data/user/abgvg9/benchmark/files/all/cah2/cah2.pdb. Best match rsd_type:  ASP
core.io.pose_from_sfr.PoseFromSFRBuilder: [ WARNING ] discarding 2 atoms at position 163 in file /data/user/abgvg9/benchmark/files/all/cah2/cah2.pdb. Best match rsd_type:  SER
core.io.pose_from_sfr.PoseFromSFRBuilder: [ WARNING ] discarding 1 atoms at position 164 in file /data/user/abgvg9/benchmark/files/all/cah2/cah2.pdb. Best match rsd_type:  ILE
core.io.pose_from_sfr.PoseFromSFRBuilder: [ WARNING ] discarding 4 atoms at position 165 in file /data/user/abgvg9/benchmark/files/all/cah2/cah2.pdb. Best match rsd_type:  LYS
core.io.pose_from_sfr.PoseFromSFRBuilder: [ WARNING ] discarding 2 atoms at position 166 in file /data/user/abgvg9/benchmark/files/all/cah2/cah2.pdb. Best match rsd_type:  THR
core.io.pose_from_sfr.PoseFromSFRBuilder: [ WARNING ] discarding 4 atoms at position 167 in file /data/user/abgvg9/benchmark/files/all/cah2/cah2.pdb. Best match rsd_type:  LYS
core.io.pose_from_sfr.PoseFromSFRBuilder: [ WARNING ] discarding 1 atoms at position 168 in file /data/user/abgvg9/benchmark/files/all/cah2/cah2.pdb. Best match rsd_type:  GLY
core.io.pose_from_sfr.PoseFromSFRBuilder: [ WARNING ] discarding 4 atoms at position 169 in file /data/user/abgvg9/benchmark/files/all/cah2/cah2.pdb. Best match rsd_type:  LYS
core.io.pose_from_sfr.PoseFromSFRBuilder: [ WARNING ] discarding 2 atoms at position 170 in file /data/user/abgvg9/benchmark/files/all/cah2/cah2.pdb. Best match rsd_type:  SER
core.io.pose_from_sfr.PoseFromSFRBuilder: [ WARNING ] discarding 1 atoms at position 171 in file /data/user/abgvg9/benchmark/files/all/cah2/cah2.pdb. Best match rsd_type:  ALA
core.io.pose_from_sfr.PoseFromSFRBuilder: [ WARNING ] discarding 1 atoms at position 172 in file /data/user/abgvg9/benchmark/files/all/cah2/cah2.pdb. Best match rsd_type:  ASP
core.io.pose_from_sfr.PoseFromSFRBuilder: [ WARNING ] discarding 1 atoms at position 173 in file /data/user/abgvg9/benchmark/files/all/cah2/cah2.pdb. Best match rsd_type:  PHE
core.io.pose_from_sfr.PoseFromSFRBuilder: [ WARNING ] discarding 2 atoms at position 174 in file /data/user/abgvg9/benchmark/files/all/cah2/cah2.pdb. Best match rsd_type:  THR
core.io.pose_from_sfr.PoseFromSFRBuilder: [ WARNING ] discarding 3 atoms at position 175 in file /data/user/abgvg9/benchmark/files/all/cah2/cah2.pdb. Best match rsd_type:  ASN
core.io.pose_from_sfr.PoseFromSFRBuilder: [ WARNING ] discarding 1 atoms at position 176 in file /data/user/abgvg9/benchmark/files/all/cah2/cah2.pdb. Best match rsd_type:  PHE
core.io.pose_from_sfr.PoseFromSFRBuilder: [ WARNING ] discarding 1 atoms at position 177 in file /data/user/abgvg9/benchmark/files/all/cah2/cah2.pdb. Best match rsd_type:  ASP
core.io.pose_from_sfr.PoseFromSFRBuilder: [ WARNING ] discarding 6 atoms at position 179 in file /data/user/abgvg9/benchmark/files/all/cah2/cah2.pdb. Best match rsd_type:  ARG
core.io.pose_from_sfr.PoseFromSFRBuilder: [ WARNING ] discarding 1 atoms at position 180 in file /data/user/abgvg9/benchmark/files/all/cah2/cah2.pdb. Best match rsd_type:  GLY
core.io.pose_from_sfr.PoseFromSFRBuilder: [ WARNING ] discarding 1 atoms at position 181 in file /data/user/abgvg9/benchmark/files/all/cah2/cah2.pdb. Best match rsd_type:  LEU
core.io.pose_from_sfr.PoseFromSFRBuilder: [ WARNING ] discarding 1 atoms at position 182 in file /data/user/abgvg9/benchmark/files/all/cah2/cah2.pdb. Best match rsd_type:  LEU
core.io.pose_from_sfr.PoseFromSFRBuilder: [ WARNING ] discarding 1 atoms at position 184 in file /data/user/abgvg9/benchmark/files/all/cah2/cah2.pdb. Best match rsd_type:  GLU
core.io.pose_from_sfr.PoseFromSFRBuilder: [ WARNING ] discarding 2 atoms at position 185 in file /data/user/abgvg9/benchmark/files/all/cah2/cah2.pdb. Best match rsd_type:  SER
core.io.pose_from_sfr.PoseFromSFRBuilder: [ WARNING ] discarding 1 atoms at position 186 in file /data/user/abgvg9/benchmark/files/all/cah2/cah2.pdb. Best match rsd_type:  LEU
core.io.pose_from_sfr.PoseFromSFRBuilder: [ WARNING ] discarding 1 atoms at position 187 in file /data/user/abgvg9/benchmark/files/all/cah2/cah2.pdb. Best match rsd_type:  ASP
core.io.pose_from_sfr.PoseFromSFRBuilder: [ WARNING ] discarding 2 atoms at position 188 in file /data/user/abgvg9/benchmark/files/all/cah2/cah2.pdb. Best match rsd_type:  TYR
core.io.pose_from_sfr.PoseFromSFRBuilder: [ WARNING ] discarding 2 atoms at position 189 in file /data/user/abgvg9/benchmark/files/all/cah2/cah2.pdb. Best match rsd_type:  TRP
core.io.pose_from_sfr.PoseFromSFRBuilder: [ WARNING ] discarding 2 atoms at position 190 in file /data/user/abgvg9/benchmark/files/all/cah2/cah2.pdb. Best match rsd_type:  THR
core.io.pose_from_sfr.PoseFromSFRBuilder: [ WARNING ] discarding 2 atoms at position 191 in file /data/user/abgvg9/benchmark/files/all/cah2/cah2.pdb. Best match rsd_type:  TYR
core.io.pose_from_sfr.PoseFromSFRBuilder: [ WARNING ] discarding 1 atoms at position 193 in file /data/user/abgvg9/benchmark/files/all/cah2/cah2.pdb. Best match rsd_type:  GLY
core.io.pose_from_sfr.PoseFromSFRBuilder: [ WARNING ] discarding 2 atoms at position 194 in file /data/user/abgvg9/benchmark/files/all/cah2/cah2.pdb. Best match rsd_type:  SER
core.io.pose_from_sfr.PoseFromSFRBuilder: [ WARNING ] discarding 1 atoms at position 195 in file /data/user/abgvg9/benchmark/files/all/cah2/cah2.pdb. Best match rsd_type:  LEU
core.io.pose_from_sfr.PoseFromSFRBuilder: [ WARNING ] discarding 2 atoms at position 196 in file /data/user/abgvg9/benchmark/files/all/cah2/cah2.pdb. Best match rsd_type:  THR
core.io.pose_from_sfr.PoseFromSFRBuilder: [ WARNING ] discarding 2 atoms at position 197 in file /data/user/abgvg9/benchmark/files/all/cah2/cah2.pdb. Best match rsd_type:  THR
core.io.pose_from_sfr.PoseFromSFRBuilder: [ WARNING ] discarding 1 atoms at position 200 in file /data/user/abgvg9/benchmark/files/all/cah2/cah2.pdb. Best match rsd_type:  LEU
core.io.pose_from_sfr.PoseFromSFRBuilder: [ WARNING ] discarding 1 atoms at position 201 in file /data/user/abgvg9/benchmark/files/all/cah2/cah2.pdb. Best match rsd_type:  LEU
core.io.pose_from_sfr.PoseFromSFRBuilder: [ WARNING ] discarding 1 atoms at position 202 in file /data/user/abgvg9/benchmark/files/all/cah2/cah2.pdb. Best match rsd_type:  GLU
core.io.pose_from_sfr.PoseFromSFRBuilder: [ WARNING ] discarding 2 atoms at position 203 in file /data/user/abgvg9/benchmark/files/all/cah2/cah2.pdb. Best match rsd_type:  CYS
core.io.pose_from_sfr.PoseFromSFRBuilder: [ WARNING ] discarding 1 atoms at position 204 in file /data/user/abgvg9/benchmark/files/all/cah2/cah2.pdb. Best match rsd_type:  VAL
core.io.pose_from_sfr.PoseFromSFRBuilder: [ WARNING ] discarding 2 atoms at position 205 in file /data/user/abgvg9/benchmark/files/all/cah2/cah2.pdb. Best match rsd_type:  THR
core.io.pose_from_sfr.PoseFromSFRBuilder: [ WARNING ] discarding 2 atoms at position 206 in file /data/user/abgvg9/benchmark/files/all/cah2/cah2.pdb. Best match rsd_type:  TRP
core.io.pose_from_sfr.PoseFromSFRBuilder: [ WARNING ] discarding 1 atoms at position 207 in file /data/user/abgvg9/benchmark/files/all/cah2/cah2.pdb. Best match rsd_type:  ILE
core.io.pose_from_sfr.PoseFromSFRBuilder: [ WARNING ] discarding 1 atoms at position 208 in file /data/user/abgvg9/benchmark/files/all/cah2/cah2.pdb. Best match rsd_type:  VAL
core.io.pose_from_sfr.PoseFromSFRBuilder: [ WARNING ] discarding 1 atoms at position 209 in file /data/user/abgvg9/benchmark/files/all/cah2/cah2.pdb. Best match rsd_type:  LEU
core.io.pose_from_sfr.PoseFromSFRBuilder: [ WARNING ] discarding 4 atoms at position 210 in file /data/user/abgvg9/benchmark/files/all/cah2/cah2.pdb. Best match rsd_type:  LYS
core.io.pose_from_sfr.PoseFromSFRBuilder: [ WARNING ] discarding 1 atoms at position 211 in file /data/user/abgvg9/benchmark/files/all/cah2/cah2.pdb. Best match rsd_type:  GLU
core.io.pose_from_sfr.PoseFromSFRBuilder: [ WARNING ] discarding 1 atoms at position 213 in file /data/user/abgvg9/benchmark/files/all/cah2/cah2.pdb. Best match rsd_type:  ILE
core.io.pose_from_sfr.PoseFromSFRBuilder: [ WARNING ] discarding 2 atoms at position 214 in file /data/user/abgvg9/benchmark/files/all/cah2/cah2.pdb. Best match rsd_type:  SER
core.io.pose_from_sfr.PoseFromSFRBuilder: [ WARNING ] discarding 1 atoms at position 215 in file /data/user/abgvg9/benchmark/files/all/cah2/cah2.pdb. Best match rsd_type:  VAL
core.io.pose_from_sfr.PoseFromSFRBuilder: [ WARNING ] discarding 2 atoms at position 216 in file /data/user/abgvg9/benchmark/files/all/cah2/cah2.pdb. Best match rsd_type:  SER
core.io.pose_from_sfr.PoseFromSFRBuilder: [ WARNING ] discarding 2 atoms at position 217 in file /data/user/abgvg9/benchmark/files/all/cah2/cah2.pdb. Best match rsd_type:  SER
core.io.pose_from_sfr.PoseFromSFRBuilder: [ WARNING ] discarding 1 atoms at position 218 in file /data/user/abgvg9/benchmark/files/all/cah2/cah2.pdb. Best match rsd_type:  GLU
core.io.pose_from_sfr.PoseFromSFRBuilder: [ WARNING ] discarding 3 atoms at position 219 in file /data/user/abgvg9/benchmark/files/all/cah2/cah2.pdb. Best match rsd_type:  GLN
core.io.pose_from_sfr.PoseFromSFRBuilder: [ WARNING ] discarding 1 atoms at position 220 in file /data/user/abgvg9/benchmark/files/all/cah2/cah2.pdb. Best match rsd_type:  VAL
core.io.pose_from_sfr.PoseFromSFRBuilder: [ WARNING ] discarding 1 atoms at position 221 in file /data/user/abgvg9/benchmark/files/all/cah2/cah2.pdb. Best match rsd_type:  LEU
core.io.pose_from_sfr.PoseFromSFRBuilder: [ WARNING ] discarding 4 atoms at position 222 in file /data/user/abgvg9/benchmark/files/all/cah2/cah2.pdb. Best match rsd_type:  LYS
core.io.pose_from_sfr.PoseFromSFRBuilder: [ WARNING ] discarding 1 atoms at position 223 in file /data/user/abgvg9/benchmark/files/all/cah2/cah2.pdb. Best match rsd_type:  PHE
core.io.pose_from_sfr.PoseFromSFRBuilder: [ WARNING ] discarding 6 atoms at position 224 in file /data/user/abgvg9/benchmark/files/all/cah2/cah2.pdb. Best match rsd_type:  ARG
core.io.pose_from_sfr.PoseFromSFRBuilder: [ WARNING ] discarding 4 atoms at position 225 in file /data/user/abgvg9/benchmark/files/all/cah2/cah2.pdb. Best match rsd_type:  LYS
core.io.pose_from_sfr.PoseFromSFRBuilder: [ WARNING ] discarding 1 atoms at position 226 in file /data/user/abgvg9/benchmark/files/all/cah2/cah2.pdb. Best match rsd_type:  LEU
core.io.pose_from_sfr.PoseFromSFRBuilder: [ WARNING ] discarding 3 atoms at position 227 in file /data/user/abgvg9/benchmark/files/all/cah2/cah2.pdb. Best match rsd_type:  ASN
core.io.pose_from_sfr.PoseFromSFRBuilder: [ WARNING ] discarding 1 atoms at position 228 in file /data/user/abgvg9/benchmark/files/all/cah2/cah2.pdb. Best match rsd_type:  PHE
core.io.pose_from_sfr.PoseFromSFRBuilder: [ WARNING ] discarding 3 atoms at position 229 in file /data/user/abgvg9/benchmark/files/all/cah2/cah2.pdb. Best match rsd_type:  ASN
core.io.pose_from_sfr.PoseFromSFRBuilder: [ WARNING ] discarding 1 atoms at position 230 in file /data/user/abgvg9/benchmark/files/all/cah2/cah2.pdb. Best match rsd_type:  GLY
core.io.pose_from_sfr.PoseFromSFRBuilder: [ WARNING ] discarding 1 atoms at position 231 in file /data/user/abgvg9/benchmark/files/all/cah2/cah2.pdb. Best match rsd_type:  GLU
core.io.pose_from_sfr.PoseFromSFRBuilder: [ WARNING ] discarding 1 atoms at position 232 in file /data/user/abgvg9/benchmark/files/all/cah2/cah2.pdb. Best match rsd_type:  GLY
core.io.pose_from_sfr.PoseFromSFRBuilder: [ WARNING ] discarding 1 atoms at position 233 in file /data/user/abgvg9/benchmark/files/all/cah2/cah2.pdb. Best match rsd_type:  GLU
core.io.pose_from_sfr.PoseFromSFRBuilder: [ WARNING ] discarding 1 atoms at position 235 in file /data/user/abgvg9/benchmark/files/all/cah2/cah2.pdb. Best match rsd_type:  GLU
core.io.pose_from_sfr.PoseFromSFRBuilder: [ WARNING ] discarding 1 atoms at position 236 in file /data/user/abgvg9/benchmark/files/all/cah2/cah2.pdb. Best match rsd_type:  GLU
core.io.pose_from_sfr.PoseFromSFRBuilder: [ WARNING ] discarding 1 atoms at position 237 in file /data/user/abgvg9/benchmark/files/all/cah2/cah2.pdb. Best match rsd_type:  LEU
core.io.pose_from_sfr.PoseFromSFRBuilder: [ WARNING ] discarding 1 atoms at position 238 in file /data/user/abgvg9/benchmark/files/all/cah2/cah2.pdb. Best match rsd_type:  MET
core.io.pose_from_sfr.PoseFromSFRBuilder: [ WARNING ] discarding 1 atoms at position 239 in file /data/user/abgvg9/benchmark/files/all/cah2/cah2.pdb. Best match rsd_type:  VAL
core.io.pose_from_sfr.PoseFromSFRBuilder: [ WARNING ] discarding 1 atoms at position 240 in file /data/user/abgvg9/benchmark/files/all/cah2/cah2.pdb. Best match rsd_type:  ASP
core.io.pose_from_sfr.PoseFromSFRBuilder: [ WARNING ] discarding 3 atoms at position 241 in file /data/user/abgvg9/benchmark/files/all/cah2/cah2.pdb. Best match rsd_type:  ASN
core.io.pose_from_sfr.PoseFromSFRBuilder: [ WARNING ] discarding 2 atoms at position 242 in file /data/user/abgvg9/benchmark/files/all/cah2/cah2.pdb. Best match rsd_type:  TRP
core.io.pose_from_sfr.PoseFromSFRBuilder: [ WARNING ] discarding 6 atoms at position 243 in file /data/user/abgvg9/benchmark/files/all/cah2/cah2.pdb. Best match rsd_type:  ARG
core.io.pose_from_sfr.PoseFromSFRBuilder: [ WARNING ] discarding 1 atoms at position 245 in file /data/user/abgvg9/benchmark/files/all/cah2/cah2.pdb. Best match rsd_type:  ALA
core.io.pose_from_sfr.PoseFromSFRBuilder: [ WARNING ] discarding 3 atoms at position 246 in file /data/user/abgvg9/benchmark/files/all/cah2/cah2.pdb. Best match rsd_type:  GLN
core.io.pose_from_sfr.PoseFromSFRBuilder: [ WARNING ] discarding 1 atoms at position 248 in file /data/user/abgvg9/benchmark/files/all/cah2/cah2.pdb. Best match rsd_type:  LEU
core.io.pose_from_sfr.PoseFromSFRBuilder: [ WARNING ] discarding 4 atoms at position 249 in file /data/user/abgvg9/benchmark/files/all/cah2/cah2.pdb. Best match rsd_type:  LYS
core.io.pose_from_sfr.PoseFromSFRBuilder: [ WARNING ] discarding 3 atoms at position 250 in file /data/user/abgvg9/benchmark/files/all/cah2/cah2.pdb. Best match rsd_type:  ASN
core.io.pose_from_sfr.PoseFromSFRBuilder: [ WARNING ] discarding 6 atoms at position 251 in file /data/user/abgvg9/benchmark/files/all/cah2/cah2.pdb. Best match rsd_type:  ARG
core.io.pose_from_sfr.PoseFromSFRBuilder: [ WARNING ] discarding 3 atoms at position 252 in file /data/user/abgvg9/benchmark/files/all/cah2/cah2.pdb. Best match rsd_type:  GLN
core.io.pose_from_sfr.PoseFromSFRBuilder: [ WARNING ] discarding 1 atoms at position 253 in file /data/user/abgvg9/benchmark/files/all/cah2/cah2.pdb. Best match rsd_type:  ILE
core.io.pose_from_sfr.PoseFromSFRBuilder: [ WARNING ] discarding 4 atoms at position 254 in file /data/user/abgvg9/benchmark/files/all/cah2/cah2.pdb. Best match rsd_type:  LYS
core.io.pose_from_sfr.PoseFromSFRBuilder: [ WARNING ] discarding 1 atoms at position 255 in file /data/user/abgvg9/benchmark/files/all/cah2/cah2.pdb. Best match rsd_type:  ALA
core.io.pose_from_sfr.PoseFromSFRBuilder: [ WARNING ] discarding 2 atoms at position 256 in file /data/user/abgvg9/benchmark/files/all/cah2/cah2.pdb. Best match rsd_type:  SER
core.io.pose_from_sfr.PoseFromSFRBuilder: [ WARNING ] discarding 1 atoms at position 257 in file /data/user/abgvg9/benchmark/files/all/cah2/cah2.pdb. Best match rsd_type:  PHE
core.io.pose_from_sfr.PoseFromSFRBuilder: [ WARNING ] discarding 4 atoms at position 258 in file /data/user/abgvg9/benchmark/files/all/cah2/cah2.pdb. Best match rsd_type:  LYS:CtermProteinFull
LDS_app: Making LigandDiscoverySearch object
core.scoring.etable: Starting energy table calculation
core.scoring.etable: smooth_etable: changing atr/rep split to bottom of energy well
core.scoring.etable: smooth_etable: spline smoothing lj etables (maxdis = 6)
core.scoring.etable: smooth_etable: spline smoothing solvation etables (max_dis = 6)
core.scoring.etable: Finished calculating energy tables.
basic.io.database: Database file opened: scoring/score_functions/PairEPotential/pdb_pair_stats_fine
basic.io.database: Database file opened: scoring/score_functions/hbonds/ref2015_params/HBPoly1D.csv
basic.io.database: Database file opened: scoring/score_functions/hbonds/ref2015_params/HBFadeIntervals.csv
basic.io.database: Database file opened: scoring/score_functions/hbonds/ref2015_params/HBEval.csv
basic.io.database: Database file opened: scoring/score_functions/hbonds/ref2015_params/DonStrength.csv
basic.io.database: Database file opened: scoring/score_functions/hbonds/ref2015_params/AccStrength.csv
basic.io.database: Database file opened: scoring/score_functions/P_AA_pp/P_AA
basic.io.database: Database file opened: scoring/score_functions/P_AA_pp/P_AA_n
core.scoring.P_AA: shapovalov_lib::shap_p_aa_pp_smooth_level of 1( aka low_smooth ) got activated.
basic.io.database: Database file opened: scoring/score_functions/P_AA_pp/shapovalov/10deg/kappa131/a20.prop
basic.io.database: Database file opened: scoring/score_functions/omega/omega_ppdep.all.txt
basic.io.database: Database file opened: scoring/score_functions/omega/omega_ppdep.gly.txt
basic.io.database: Database file opened: scoring/score_functions/omega/omega_ppdep.pro.txt
basic.io.database: Database file opened: scoring/score_functions/omega/omega_ppdep.valile.txt
LDS_app: Running discovery for cah2
protocols.ligand_docking.ligand_options.Protocol: Initializing options: 
protocols.ligand_docking.ligand_options.Protocol: allow_minimization_: 1
protocols.ligand_docking.ligand_options.Protocol: allow_repacking_: 1
protocols.ligand_docking.ligand_options.Protocol: all_residues_: 0
LigandDiscoverySearch.discover: Current anchor residue position: 92
LigandDiscoverySearch.create_protein_matrix_space_fill: binding_pocket_dimensions: 10,10,10
LigandDiscoverySearch.create_protein_matrix_space_fill: binding_pocket_dimensions: 2,1,1
LigandDiscoverySearch.create_protein_matrix_space_fill: Sub-region stats without placed region, bound by adjusted coordinates: x(24->28) y(23->25) z(26->28)
LigandDiscoverySearch.discover: Starting to iterate through all ligands
LigandDiscoverySearch.discover: On ligand +
basic.io.database: [ WARNING ] Unable to locate database file chemical/pdb_components/components.c.cif
basic.io.database: [ WARNING ] Unable to locate database file chemical/pdb_components/components.c.cif.gz
core.chemical.GlobalResidueTypeSet: [ WARNING ] Could not find: 'cry' in pdb components files! Skipping residue...
core.pack.task: Packer task: initialize from command line() 
core.pack.task: Packer task: initialize from command line() 
core.pack.task: Packer task: initialize from command line() 
protocols.moves.MonteCarlo: MonteCarlo:: last_accepted_score,lowest_score: -927.162 -927.162
basic.io.database: Database file opened: scoring/score_functions/elec_cp_reps.dat
core.scoring.elec.util: Read 40 countpair representative atoms
core.pack.dunbrack.RotamerLibrary: shapovalov_lib_fixes_enable option is true.
core.pack.dunbrack.RotamerLibrary: shapovalov_lib::shap_dun10_smooth_level of 1( aka lowest_smooth ) got activated.
core.pack.dunbrack.RotamerLibrary: Binary rotamer library selected: /scratch/abgvg9/rosetta_may_for_checkin/rosetta/database/rotamer/shapovalov/StpDwn_0-0-0/Dunbrack10.lib.bin
core.pack.dunbrack.RotamerLibrary: Using Dunbrack library binary file '/scratch/abgvg9/rosetta_may_for_checkin/rosetta/database/rotamer/shapovalov/StpDwn_0-0-0/Dunbrack10.lib.bin'.
core.pack.dunbrack.RotamerLibrary: Dunbrack 2010 library took 0.15 seconds to load from binary
protocols.motifs.Motif: Res1 name is HIS
protocols.motifs.Motif: atom1 name is NH2O
protocols.motifs.Motif: atom2 name is S
protocols.motifs.Motif: atom3 name is OOC
protocols.motifs.Motif: Res1 name is HIS
protocols.motifs.Motif: atom1 name is NH2O
protocols.motifs.Motif: atom2 name is S
protocols.motifs.Motif: atom3 name is OOC
protocols.motifs.Motif: Res1 name is VAL
protocols.motifs.Motif: atom1 name is F
protocols.motifs.Motif: atom2 name is COO
protocols.motifs.Motif: atom3 name is S
protocols.motifs.Motif: Res1 name is LEU
protocols.motifs.Motif: atom1 name is F
protocols.motifs.Motif: atom2 name is COO
protocols.motifs.Motif: atom3 name is S
protocols.motifs.Motif: Res1 name is THR
protocols.motifs.Motif: atom1 name is OOC
protocols.motifs.Motif: atom2 name is S
protocols.motifs.Motif: atom3 name is OOC
protocols.motifs.Motif: Res1 name is TRP
protocols.motifs.Motif: atom1 name is F
protocols.motifs.Motif: atom2 name is COO
protocols.motifs.Motif: atom3 name is S
core.pack.task: Packer task: initialize from command line() 
core.pack.task: Packer task: initialize from command line() 
core.pack.task: Packer task: initialize from command line() 
protocols.moves.MonteCarlo: MonteCarlo:: last_accepted_score,lowest_score: -922.481 -922.755
protocols.motifs.Motif: Res1 name is HIS
protocols.motifs.Motif: atom1 name is NH2O
protocols.motifs.Motif: atom2 name is S
protocols.motifs.Motif: atom3 name is OOC
protocols.motifs.Motif: Res1 name is HIS
protocols.motifs.Motif: atom1 name is OOC
protocols.motifs.Motif: atom2 name is S
protocols.motifs.Motif: atom3 name is OOC
protocols.motifs.Motif: Res1 name is VAL
protocols.motifs.Motif: atom1 name is OOC
protocols.motifs.Motif: atom2 name is S
protocols.motifs.Motif: atom3 name is OOC
protocols.motifs.Motif: Res1 name is LEU
protocols.motifs.Motif: atom1 name is F
protocols.motifs.Motif: atom2 name is COO
protocols.motifs.Motif: atom3 name is S
protocols.motifs.Motif: Res1 name is THR
protocols.motifs.Motif: atom1 name is OOC
protocols.motifs.Motif: atom2 name is S
protocols.motifs.Motif: atom3 name is OOC
protocols.motifs.Motif: Res1 name is TRP
protocols.motifs.Motif: atom1 name is OOC
protocols.motifs.Motif: atom2 name is S
protocols.motifs.Motif: atom3 name is OOC
core.pack.task: Packer task: initialize from command line() 
core.pack.task: Packer task: initialize from command line() 
core.pack.task: Packer task: initialize from command line() 
protocols.moves.MonteCarlo: MonteCarlo:: last_accepted_score,lowest_score: -925.312 -925.312
protocols.motifs.Motif: Res1 name is HIS
protocols.motifs.Motif: atom1 name is OOC
protocols.motifs.Motif: atom2 name is S
protocols.motifs.Motif: atom3 name is OOC
protocols.motifs.Motif: Res1 name is HIS
protocols.motifs.Motif: atom1 name is NH2O
protocols.motifs.Motif: atom2 name is S
protocols.motifs.Motif: atom3 name is OOC
protocols.motifs.Motif: Res1 name is VAL
protocols.motifs.Motif: atom1 name is OOC
protocols.motifs.Motif: atom2 name is S
protocols.motifs.Motif: atom3 name is OOC
protocols.motifs.Motif: Res1 name is VAL
protocols.motifs.Motif: atom1 name is OOC
protocols.motifs.Motif: atom2 name is S
protocols.motifs.Motif: atom3 name is OOC
protocols.motifs.Motif: Res1 name is LEU
protocols.motifs.Motif: atom1 name is F
protocols.motifs.Motif: atom2 name is COO
protocols.motifs.Motif: atom3 name is S
protocols.motifs.Motif: Res1 name is TRP
protocols.motifs.Motif: atom1 name is F
protocols.motifs.Motif: atom2 name is COO
protocols.motifs.Motif: atom3 name is S
core.pack.task: Packer task: initialize from command line() 
core.pack.task: Packer task: initialize from command line() 
core.pack.task: Packer task: initialize from command line() 
protocols.moves.MonteCarlo: MonteCarlo:: last_accepted_score,lowest_score: -925.425 -925.425
protocols.motifs.Motif: Res1 name is HIS
protocols.motifs.Motif: atom1 name is OOC
protocols.motifs.Motif: atom2 name is S
protocols.motifs.Motif: atom3 name is OOC
protocols.motifs.Motif: Res1 name is HIS
protocols.motifs.Motif: atom1 name is NH2O
protocols.motifs.Motif: atom2 name is S
protocols.motifs.Motif: atom3 name is OOC
protocols.motifs.Motif: Res1 name is HIS
protocols.motifs.Motif: atom1 name is NH2O
protocols.motifs.Motif: atom2 name is S
protocols.motifs.Motif: atom3 name is OOC
protocols.motifs.Motif: Res1 name is LEU
protocols.motifs.Motif: atom1 name is F
protocols.motifs.Motif: atom2 name is COO
protocols.motifs.Motif: atom3 name is S
protocols.motifs.Motif: Res1 name is THR
protocols.motifs.Motif: atom1 name is F
protocols.motifs.Motif: atom2 name is COO
protocols.motifs.Motif: atom3 name is S
protocols.motifs.Motif: Res1 name is THR
protocols.motifs.Motif: atom1 name is F
protocols.motifs.Motif: atom2 name is COO
protocols.motifs.Motif: atom3 name is S
core.pack.task: Packer task: initialize from command line() 
core.pack.task: Packer task: initialize from command line() 
core.pack.task: Packer task: initialize from command line() 
protocols.moves.MonteCarlo: MonteCarlo:: last_accepted_score,lowest_score: -928.889 -928.889
protocols.motifs.Motif: Res1 name is HIS
protocols.motifs.Motif: atom1 name is NH2O
protocols.motifs.Motif: atom2 name is S
protocols.motifs.Motif: atom3 name is OOC
protocols.motifs.Motif: Res1 name is HIS
protocols.motifs.Motif: atom1 name is OOC
protocols.motifs.Motif: atom2 name is S
protocols.motifs.Motif: atom3 name is OOC
protocols.motifs.Motif: Res1 name is HIS
protocols.motifs.Motif: atom1 name is NH2O
protocols.motifs.Motif: atom2 name is S
protocols.motifs.Motif: atom3 name is OOC
protocols.motifs.Motif: Res1 name is LEU
protocols.motifs.Motif: atom1 name is F
protocols.motifs.Motif: atom2 name is COO
protocols.motifs.Motif: atom3 name is S
protocols.motifs.Motif: Res1 name is THR
protocols.motifs.Motif: atom1 name is OOC
protocols.motifs.Motif: atom2 name is S
protocols.motifs.Motif: atom3 name is OOC
protocols.motifs.Motif: Res1 name is THR
protocols.motifs.Motif: atom1 name is F
protocols.motifs.Motif: atom2 name is COO
protocols.motifs.Motif: atom3 name is S
protocols.motifs.Motif: Res1 name is TRP
protocols.motifs.Motif: atom1 name is OOC
protocols.motifs.Motif: atom2 name is S
protocols.motifs.Motif: atom3 name is OOC
core.pack.task: Packer task: initialize from command line() 
core.pack.task: Packer task: initialize from command line() 
core.pack.task: Packer task: initialize from command line() 
protocols.moves.MonteCarlo: MonteCarlo:: last_accepted_score,lowest_score: -929.808 -931.17
protocols.motifs.Motif: Res1 name is HIS
protocols.motifs.Motif: atom1 name is NH2O
protocols.motifs.Motif: atom2 name is S
protocols.motifs.Motif: atom3 name is OOC
protocols.motifs.Motif: Res1 name is HIS
protocols.motifs.Motif: atom1 name is F
protocols.motifs.Motif: atom2 name is COO
protocols.motifs.Motif: atom3 name is S
protocols.motifs.Motif: Res1 name is LEU
protocols.motifs.Motif: atom1 name is OOC
protocols.motifs.Motif: atom2 name is S
protocols.motifs.Motif: atom3 name is OOC
protocols.motifs.Motif: Res1 name is THR
protocols.motifs.Motif: atom1 name is F
protocols.motifs.Motif: atom2 name is COO
protocols.motifs.Motif: atom3 name is S
protocols.motifs.Motif: Res1 name is THR
protocols.motifs.Motif: atom1 name is OOC
protocols.motifs.Motif: atom2 name is S
protocols.motifs.Motif: atom3 name is OOC
core.pack.task: Packer task: initialize from command line() 
core.pack.task: Packer task: initialize from command line() 
core.pack.task: Packer task: initialize from command line() 
protocols.moves.MonteCarlo: MonteCarlo:: last_accepted_score,lowest_score: -928.62 -929.081
protocols.motifs.Motif: Res1 name is HIS
protocols.motifs.Motif: atom1 name is OOC
protocols.motifs.Motif: atom2 name is S
protocols.motifs.Motif: atom3 name is OOC
protocols.motifs.Motif: Res1 name is HIS
protocols.motifs.Motif: atom1 name is OOC
protocols.motifs.Motif: atom2 name is S
protocols.motifs.Motif: atom3 name is OOC
protocols.motifs.Motif: Res1 name is LEU
protocols.motifs.Motif: atom1 name is F
protocols.motifs.Motif: atom2 name is COO
protocols.motifs.Motif: atom3 name is S
protocols.motifs.Motif: Res1 name is THR
protocols.motifs.Motif: atom1 name is OOC
protocols.motifs.Motif: atom2 name is S
protocols.motifs.Motif: atom3 name is OOC
core.pack.task: Packer task: initialize from command line() 
core.pack.task: Packer task: initialize from command line() 
core.pack.task: Packer task: initialize from command line() 
protocols.moves.MonteCarlo: MonteCarlo:: last_accepted_score,lowest_score: -928.604 -928.604
protocols.motifs.Motif: Res1 name is HIS
protocols.motifs.Motif: atom1 name is F
protocols.motifs.Motif: atom2 name is COO
protocols.motifs.Motif: atom3 name is S
protocols.motifs.Motif: Res1 name is LEU
protocols.motifs.Motif: atom1 name is OOC
protocols.motifs.Motif: atom2 name is S
protocols.motifs.Motif: atom3 name is OOC
protocols.motifs.Motif: Res1 name is THR
protocols.motifs.Motif: atom1 name is NH2O
protocols.motifs.Motif: atom2 name is S
protocols.motifs.Motif: atom3 name is OOC
core.pack.task: Packer task: initialize from command line() 
core.pack.task: Packer task: initialize from command line() 
core.pack.task: Packer task: initialize from command line() 
protocols.moves.MonteCarlo: MonteCarlo:: last_accepted_score,lowest_score: -927.413 -927.413
protocols.motifs.Motif: Res1 name is HIS
protocols.motifs.Motif: atom1 name is OOC
protocols.motifs.Motif: atom2 name is S
protocols.motifs.Motif: atom3 name is OOC
protocols.motifs.Motif: Res1 name is HIS
protocols.motifs.Motif: atom1 name is OOC
protocols.motifs.Motif: atom2 name is S
protocols.motifs.Motif: atom3 name is OOC
protocols.motifs.Motif: Res1 name is HIS
protocols.motifs.Motif: atom1 name is OOC
protocols.motifs.Motif: atom2 name is S
protocols.motifs.Motif: atom3 name is OOC
protocols.motifs.Motif: Res1 name is LEU
protocols.motifs.Motif: atom1 name is F
protocols.motifs.Motif: atom2 name is COO
protocols.motifs.Motif: atom3 name is S
protocols.motifs.Motif: Res1 name is THR
protocols.motifs.Motif: atom1 name is NH2O
protocols.motifs.Motif: atom2 name is S
protocols.motifs.Motif: atom3 name is OOC
protocols.motifs.Motif: Res1 name is THR
protocols.motifs.Motif: atom1 name is F
protocols.motifs.Motif: atom2 name is COO
protocols.motifs.Motif: atom3 name is S
core.pack.task: Packer task: initialize from command line() 
core.pack.task: Packer task: initialize from command line() 
core.pack.task: Packer task: initialize from command line() 
protocols.moves.MonteCarlo: MonteCarlo:: last_accepted_score,lowest_score: -927.767 -927.767
protocols.motifs.Motif: Res1 name is HIS
protocols.motifs.Motif: atom1 name is OOC
protocols.motifs.Motif: atom2 name is S
protocols.motifs.Motif: atom3 name is OOC
protocols.motifs.Motif: Res1 name is HIS
protocols.motifs.Motif: atom1 name is OOC
protocols.motifs.Motif: atom2 name is S
protocols.motifs.Motif: atom3 name is OOC
protocols.motifs.Motif: Res1 name is LEU
protocols.motifs.Motif: atom1 name is F
protocols.motifs.Motif: atom2 name is COO
protocols.motifs.Motif: atom3 name is S
protocols.motifs.Motif: Res1 name is THR
protocols.motifs.Motif: atom1 name is F
protocols.motifs.Motif: atom2 name is COO
protocols.motifs.Motif: atom3 name is S
protocols.motifs.Motif: Res1 name is THR
protocols.motifs.Motif: atom1 name is F
protocols.motifs.Motif: atom2 name is COO
protocols.motifs.Motif: atom3 name is S
core.pack.task: Packer task: initialize from command line() 
core.pack.task: Packer task: initialize from command line() 
core.pack.task: Packer task: initialize from command line() 
protocols.moves.MonteCarlo: MonteCarlo:: last_accepted_score,lowest_score: -928.435 -928.618
protocols.motifs.Motif: Res1 name is HIS
protocols.motifs.Motif: atom1 name is OOC
protocols.motifs.Motif: atom2 name is S
protocols.motifs.Motif: atom3 name is OOC
protocols.motifs.Motif: Res1 name is LEU
protocols.motifs.Motif: atom1 name is F
protocols.motifs.Motif: atom2 name is COO
protocols.motifs.Motif: atom3 name is S
protocols.motifs.Motif: Res1 name is THR
protocols.motifs.Motif: atom1 name is NH2O
protocols.motifs.Motif: atom2 name is S
protocols.motifs.Motif: atom3 name is OOC
core.pack.task: Packer task: initialize from command line() 
core.pack.task: Packer task: initialize from command line() 
core.pack.task: Packer task: initialize from command line() 
protocols.moves.MonteCarlo: MonteCarlo:: last_accepted_score,lowest_score: -926.866 -927.058
protocols.motifs.Motif: Res1 name is HIS
protocols.motifs.Motif: atom1 name is OOC
protocols.motifs.Motif: atom2 name is S
protocols.motifs.Motif: atom3 name is OOC
protocols.motifs.Motif: Res1 name is HIS
protocols.motifs.Motif: atom1 name is OOC
protocols.motifs.Motif: atom2 name is S
protocols.motifs.Motif: atom3 name is OOC
protocols.motifs.Motif: Res1 name is VAL
protocols.motifs.Motif: atom1 name is F
protocols.motifs.Motif: atom2 name is COO
protocols.motifs.Motif: atom3 name is S
protocols.motifs.Motif: Res1 name is THR
protocols.motifs.Motif: atom1 name is NH2O
protocols.motifs.Motif: atom2 name is S
protocols.motifs.Motif: atom3 name is OOC
protocols.motifs.Motif: Res1 name is TRP
protocols.motifs.Motif: atom1 name is F
protocols.motifs.Motif: atom2 name is COO
protocols.motifs.Motif: atom3 name is S
core.pack.task: Packer task: initialize from command line() 
core.pack.task: Packer task: initialize from command line() 
core.pack.task: Packer task: initialize from command line() 
protocols.moves.MonteCarlo: MonteCarlo:: last_accepted_score,lowest_score: -924.706 -924.839
protocols.motifs.Motif: Res1 name is HIS
protocols.motifs.Motif: atom1 name is OOC
protocols.motifs.Motif: atom2 name is S
protocols.motifs.Motif: atom3 name is OOC
protocols.motifs.Motif: Res1 name is HIS
protocols.motifs.Motif: atom1 name is OOC
protocols.motifs.Motif: atom2 name is S
protocols.motifs.Motif: atom3 name is OOC
protocols.motifs.Motif: Res1 name is VAL
protocols.motifs.Motif: atom1 name is F
protocols.motifs.Motif: atom2 name is COO
protocols.motifs.Motif: atom3 name is S
protocols.motifs.Motif: Res1 name is LEU
protocols.motifs.Motif: atom1 name is F
protocols.motifs.Motif: atom2 name is COO
protocols.motifs.Motif: atom3 name is S
protocols.motifs.Motif: Res1 name is THR
protocols.motifs.Motif: atom1 name is F
protocols.motifs.Motif: atom2 name is COO
protocols.motifs.Motif: atom3 name is S
protocols.motifs.Motif: Res1 name is TRP
protocols.motifs.Motif: atom1 name is F
protocols.motifs.Motif: atom2 name is COO
protocols.motifs.Motif: atom3 name is S
core.pack.task: Packer task: initialize from command line() 
core.pack.task: Packer task: initialize from command line() 
core.pack.task: Packer task: initialize from command line() 
protocols.moves.MonteCarlo: MonteCarlo:: last_accepted_score,lowest_score: -928.123 -929.334
protocols.motifs.Motif: Res1 name is HIS
protocols.motifs.Motif: atom1 name is OOC
protocols.motifs.Motif: atom2 name is S
protocols.motifs.Motif: atom3 name is OOC
protocols.motifs.Motif: Res1 name is HIS
protocols.motifs.Motif: atom1 name is OOC
protocols.motifs.Motif: atom2 name is S
protocols.motifs.Motif: atom3 name is OOC
protocols.motifs.Motif: Res1 name is HIS
protocols.motifs.Motif: atom1 name is OOC
protocols.motifs.Motif: atom2 name is S
protocols.motifs.Motif: atom3 name is OOC
protocols.motifs.Motif: Res1 name is LEU
protocols.motifs.Motif: atom1 name is F
protocols.motifs.Motif: atom2 name is COO
protocols.motifs.Motif: atom3 name is S
protocols.motifs.Motif: Res1 name is THR
protocols.motifs.Motif: atom1 name is OOC
protocols.motifs.Motif: atom2 name is S
protocols.motifs.Motif: atom3 name is OOC
core.pack.task: Packer task: initialize from command line() 
core.pack.task: Packer task: initialize from command line() 
core.pack.task: Packer task: initialize from command line() 
protocols.moves.MonteCarlo: MonteCarlo:: last_accepted_score,lowest_score: -929.115 -929.855
protocols.motifs.Motif: Res1 name is HIS
protocols.motifs.Motif: atom1 name is OOC
protocols.motifs.Motif: atom2 name is S
protocols.motifs.Motif: atom3 name is OOC
protocols.motifs.Motif: Res1 name is HIS
protocols.motifs.Motif: atom1 name is F
protocols.motifs.Motif: atom2 name is COO
protocols.motifs.Motif: atom3 name is S
protocols.motifs.Motif: Res1 name is VAL
protocols.motifs.Motif: atom1 name is F
protocols.motifs.Motif: atom2 name is COO
protocols.motifs.Motif: atom3 name is S
protocols.motifs.Motif: Res1 name is LEU
protocols.motifs.Motif: atom1 name is F
protocols.motifs.Motif: atom2 name is COO
protocols.motifs.Motif: atom3 name is S
protocols.motifs.Motif: Res1 name is THR
protocols.motifs.Motif: atom1 name is OOC
protocols.motifs.Motif: atom2 name is S
protocols.motifs.Motif: atom3 name is OOC
protocols.motifs.Motif: Res1 name is TRP
protocols.motifs.Motif: atom1 name is F
protocols.motifs.Motif: atom2 name is COO
protocols.motifs.Motif: atom3 name is S
core.pack.task: Packer task: initialize from command line() 
core.pack.task: Packer task: initialize from command line() 
core.pack.task: Packer task: initialize from command line() 
protocols.moves.MonteCarlo: MonteCarlo:: last_accepted_score,lowest_score: -928.108 -928.108
protocols.motifs.Motif: Res1 name is HIS
protocols.motifs.Motif: atom1 name is OOC
protocols.motifs.Motif: atom2 name is S
protocols.motifs.Motif: atom3 name is OOC
protocols.motifs.Motif: Res1 name is HIS
protocols.motifs.Motif: atom1 name is OOC
protocols.motifs.Motif: atom2 name is S
protocols.motifs.Motif: atom3 name is OOC
protocols.motifs.Motif: Res1 name is HIS
protocols.motifs.Motif: atom1 name is OOC
protocols.motifs.Motif: atom2 name is S
protocols.motifs.Motif: atom3 name is OOC
protocols.motifs.Motif: Res1 name is LEU
protocols.motifs.Motif: atom1 name is F
protocols.motifs.Motif: atom2 name is COO
protocols.motifs.Motif: atom3 name is S
protocols.motifs.Motif: Res1 name is THR
protocols.motifs.Motif: atom1 name is OOC
protocols.motifs.Motif: atom2 name is S
protocols.motifs.Motif: atom3 name is OOC
protocols.motifs.Motif: Res1 name is THR
protocols.motifs.Motif: atom1 name is OOC
protocols.motifs.Motif: atom2 name is S
protocols.motifs.Motif: atom3 name is OOC
core.pack.task: Packer task: initialize from command line() 
core.pack.task: Packer task: initialize from command line() 
core.pack.task: Packer task: initialize from command line() 
protocols.moves.MonteCarlo: MonteCarlo:: last_accepted_score,lowest_score: -928.448 -928.506
protocols.motifs.Motif: Res1 name is HIS
protocols.motifs.Motif: atom1 name is OOC
protocols.motifs.Motif: atom2 name is S
protocols.motifs.Motif: atom3 name is OOC
protocols.motifs.Motif: Res1 name is HIS
protocols.motifs.Motif: atom1 name is OOC
protocols.motifs.Motif: atom2 name is S
protocols.motifs.Motif: atom3 name is OOC
protocols.motifs.Motif: Res1 name is HIS
protocols.motifs.Motif: atom1 name is NH2O
protocols.motifs.Motif: atom2 name is S
protocols.motifs.Motif: atom3 name is OOC
protocols.motifs.Motif: Res1 name is LEU
protocols.motifs.Motif: atom1 name is F
protocols.motifs.Motif: atom2 name is COO
protocols.motifs.Motif: atom3 name is S
protocols.motifs.Motif: Res1 name is THR
protocols.motifs.Motif: atom1 name is OOC
protocols.motifs.Motif: atom2 name is S
protocols.motifs.Motif: atom3 name is OOC
core.pack.task: Packer task: initialize from command line() 
core.pack.task: Packer task: initialize from command line() 
core.pack.task: Packer task: initialize from command line() 
protocols.moves.MonteCarlo: MonteCarlo:: last_accepted_score,lowest_score: -930.557 -930.557
protocols.motifs.Motif: Res1 name is HIS
protocols.motifs.Motif: atom1 name is OOC
protocols.motifs.Motif: atom2 name is S
protocols.motifs.Motif: atom3 name is OOC
protocols.motifs.Motif: Res1 name is HIS
protocols.motifs.Motif: atom1 name is F
protocols.motifs.Motif: atom2 name is COO
protocols.motifs.Motif: atom3 name is S
protocols.motifs.Motif: Res1 name is LEU
protocols.motifs.Motif: atom1 name is NH2O
protocols.motifs.Motif: atom2 name is S
protocols.motifs.Motif: atom3 name is OOC
protocols.motifs.Motif: Res1 name is THR
protocols.motifs.Motif: atom1 name is F
protocols.motifs.Motif: atom2 name is COO
protocols.motifs.Motif: atom3 name is S
protocols.motifs.Motif: Res1 name is THR
protocols.motifs.Motif: atom1 name is NH2O
protocols.motifs.Motif: atom2 name is S
protocols.motifs.Motif: atom3 name is OOC
core.pack.task: Packer task: initialize from command line() 
core.pack.task: Packer task: initialize from command line() 
core.pack.task: Packer task: initialize from command line() 
protocols.moves.MonteCarlo: MonteCarlo:: last_accepted_score,lowest_score: -928.055 -928.288
protocols.motifs.Motif: Res1 name is HIS
protocols.motifs.Motif: atom1 name is OOC
protocols.motifs.Motif: atom2 name is S
protocols.motifs.Motif: atom3 name is OOC
protocols.motifs.Motif: Res1 name is HIS
protocols.motifs.Motif: atom1 name is OOC
protocols.motifs.Motif: atom2 name is S
protocols.motifs.Motif: atom3 name is OOC
protocols.motifs.Motif: Res1 name is HIS
protocols.motifs.Motif: atom1 name is OOC
protocols.motifs.Motif: atom2 name is S
protocols.motifs.Motif: atom3 name is OOC
protocols.motifs.Motif: Res1 name is LEU
protocols.motifs.Motif: atom1 name is F
protocols.motifs.Motif: atom2 name is COO
protocols.motifs.Motif: atom3 name is S
protocols.motifs.Motif: Res1 name is THR
protocols.motifs.Motif: atom1 name is OOC
protocols.motifs.Motif: atom2 name is S
protocols.motifs.Motif: atom3 name is OOC
protocols.motifs.Motif: Res1 name is THR
protocols.motifs.Motif: atom1 name is OOC
protocols.motifs.Motif: atom2 name is S
protocols.motifs.Motif: atom3 name is OOC
core.pack.task: Packer task: initialize from command line() 
core.pack.task: Packer task: initialize from command line() 
core.pack.task: Packer task: initialize from command line() 
protocols.moves.MonteCarlo: MonteCarlo:: last_accepted_score,lowest_score: -926.823 -926.823
protocols.motifs.Motif: Res1 name is HIS
protocols.motifs.Motif: atom1 name is OOC
protocols.motifs.Motif: atom2 name is S
protocols.motifs.Motif: atom3 name is OOC
protocols.motifs.Motif: Res1 name is LEU
protocols.motifs.Motif: atom1 name is F
protocols.motifs.Motif: atom2 name is COO
protocols.motifs.Motif: atom3 name is S
protocols.motifs.Motif: Res1 name is THR
protocols.motifs.Motif: atom1 name is F
protocols.motifs.Motif: atom2 name is COO
protocols.motifs.Motif: atom3 name is S
core.pack.task: Packer task: initialize from command line() 
core.pack.task: Packer task: initialize from command line() 
core.pack.task: Packer task: initialize from command line() 
protocols.moves.MonteCarlo: MonteCarlo:: last_accepted_score,lowest_score: -928.823 -930.431
protocols.motifs.Motif: Res1 name is HIS
protocols.motifs.Motif: atom1 name is OOC
protocols.motifs.Motif: atom2 name is S
protocols.motifs.Motif: atom3 name is OOC
protocols.motifs.Motif: Res1 name is HIS
protocols.motifs.Motif: atom1 name is F
protocols.motifs.Motif: atom2 name is COO
protocols.motifs.Motif: atom3 name is S
protocols.motifs.Motif: Res1 name is THR
protocols.motifs.Motif: atom1 name is OOC
protocols.motifs.Motif: atom2 name is S
protocols.motifs.Motif: atom3 name is OOC
protocols.motifs.Motif: Res1 name is THR
protocols.motifs.Motif: atom1 name is OOC
protocols.motifs.Motif: atom2 name is S
protocols.motifs.Motif: atom3 name is OOC
protocols.motifs.Motif: Res1 name is TRP
protocols.motifs.Motif: atom1 name is F
protocols.motifs.Motif: atom2 name is COO
protocols.motifs.Motif: atom3 name is S
core.pack.task: Packer task: initialize from command line() 
core.pack.task: Packer task: initialize from command line() 
core.pack.task: Packer task: initialize from command line() 
protocols.moves.MonteCarlo: MonteCarlo:: last_accepted_score,lowest_score: -931.401 -931.846
protocols.motifs.Motif: Res1 name is HIS
protocols.motifs.Motif: atom1 name is F
protocols.motifs.Motif: atom2 name is COO
protocols.motifs.Motif: atom3 name is S
protocols.motifs.Motif: Res1 name is HIS
protocols.motifs.Motif: atom1 name is NH2O
protocols.motifs.Motif: atom2 name is S
protocols.motifs.Motif: atom3 name is OOC
protocols.motifs.Motif: Res1 name is LEU
protocols.motifs.Motif: atom1 name is F
protocols.motifs.Motif: atom2 name is COO
protocols.motifs.Motif: atom3 name is S
protocols.motifs.Motif: Res1 name is THR
protocols.motifs.Motif: atom1 name is OOC
protocols.motifs.Motif: atom2 name is S
protocols.motifs.Motif: atom3 name is OOC
protocols.motifs.Motif: Res1 name is THR
protocols.motifs.Motif: atom1 name is OOC
protocols.motifs.Motif: atom2 name is S
protocols.motifs.Motif: atom3 name is OOC
core.pack.task: Packer task: initialize from command line() 
core.pack.task: Packer task: initialize from command line() 
core.pack.task: Packer task: initialize from command line() 
protocols.moves.MonteCarlo: MonteCarlo:: last_accepted_score,lowest_score: -929.296 -929.831
protocols.motifs.Motif: Res1 name is HIS
protocols.motifs.Motif: atom1 name is OOC
protocols.motifs.Motif: atom2 name is S
protocols.motifs.Motif: atom3 name is OOC
protocols.motifs.Motif: Res1 name is HIS
protocols.motifs.Motif: atom1 name is F
protocols.motifs.Motif: atom2 name is COO
protocols.motifs.Motif: atom3 name is S
protocols.motifs.Motif: Res1 name is LEU
protocols.motifs.Motif: atom1 name is F
protocols.motifs.Motif: atom2 name is COO
protocols.motifs.Motif: atom3 name is S
protocols.motifs.Motif: Res1 name is THR
protocols.motifs.Motif: atom1 name is F
protocols.motifs.Motif: atom2 name is COO
protocols.motifs.Motif: atom3 name is S
protocols.motifs.Motif: Res1 name is TRP
protocols.motifs.Motif: atom1 name is F
protocols.motifs.Motif: atom2 name is COO
protocols.motifs.Motif: atom3 name is S
core.pack.task: Packer task: initialize from command line() 
core.pack.task: Packer task: initialize from command line() 
core.pack.task: Packer task: initialize from command line() 
protocols.moves.MonteCarlo: MonteCarlo:: last_accepted_score,lowest_score: -929.291 -929.291
protocols.motifs.Motif: Res1 name is HIS
protocols.motifs.Motif: atom1 name is OOC
protocols.motifs.Motif: atom2 name is S
protocols.motifs.Motif: atom3 name is OOC
protocols.motifs.Motif: Res1 name is HIS
protocols.motifs.Motif: atom1 name is OOC
protocols.motifs.Motif: atom2 name is S
protocols.motifs.Motif: atom3 name is OOC
protocols.motifs.Motif: Res1 name is HIS
protocols.motifs.Motif: atom1 name is OOC
protocols.motifs.Motif: atom2 name is S
protocols.motifs.Motif: atom3 name is OOC
protocols.motifs.Motif: Res1 name is LEU
protocols.motifs.Motif: atom1 name is F
protocols.motifs.Motif: atom2 name is COO
protocols.motifs.Motif: atom3 name is S
protocols.motifs.Motif: Res1 name is THR
protocols.motifs.Motif: atom1 name is OOC
protocols.motifs.Motif: atom2 name is S
protocols.motifs.Motif: atom3 name is OOC
protocols.motifs.Motif: Res1 name is THR
protocols.motifs.Motif: atom1 name is F
protocols.motifs.Motif: atom2 name is COO
protocols.motifs.Motif: atom3 name is S
core.pack.task: Packer task: initialize from command line() 
core.pack.task: Packer task: initialize from command line() 
core.pack.task: Packer task: initialize from command line() 
protocols.moves.MonteCarlo: MonteCarlo:: last_accepted_score,lowest_score: -922.71 -922.71
protocols.motifs.Motif: Res1 name is HIS
protocols.motifs.Motif: atom1 name is OOC
protocols.motifs.Motif: atom2 name is S
protocols.motifs.Motif: atom3 name is OOC
protocols.motifs.Motif: Res1 name is VAL
protocols.motifs.Motif: atom1 name is NH2O
protocols.motifs.Motif: atom2 name is S
protocols.motifs.Motif: atom3 name is OOC
protocols.motifs.Motif: Res1 name is LEU
protocols.motifs.Motif: atom1 name is F
protocols.motifs.Motif: atom2 name is COO
protocols.motifs.Motif: atom3 name is S
protocols.motifs.Motif: Res1 name is THR
protocols.motifs.Motif: atom1 name is F
protocols.motifs.Motif: atom2 name is COO
protocols.motifs.Motif: atom3 name is S
core.pack.task: Packer task: initialize from command line() 
core.pack.task: Packer task: initialize from command line() 
core.pack.task: Packer task: initialize from command line() 
protocols.moves.MonteCarlo: MonteCarlo:: last_accepted_score,lowest_score: -929.578 -931
protocols.motifs.Motif: Res1 name is HIS
protocols.motifs.Motif: atom1 name is OOC
protocols.motifs.Motif: atom2 name is S
protocols.motifs.Motif: atom3 name is OOC
protocols.motifs.Motif: Res1 name is HIS
protocols.motifs.Motif: atom1 name is F
protocols.motifs.Motif: atom2 name is COO
protocols.motifs.Motif: atom3 name is S
protocols.motifs.Motif: Res1 name is LEU
protocols.motifs.Motif: atom1 name is NH2O
protocols.motifs.Motif: atom2 name is S
protocols.motifs.Motif: atom3 name is OOC
protocols.motifs.Motif: Res1 name is THR
protocols.motifs.Motif: atom1 name is OOC
protocols.motifs.Motif: atom2 name is S
protocols.motifs.Motif: atom3 name is OOC
protocols.motifs.Motif: Res1 name is THR
protocols.motifs.Motif: atom1 name is NH2O
protocols.motifs.Motif: atom2 name is S
protocols.motifs.Motif: atom3 name is OOC
core.pack.task: Packer task: initialize from command line() 
core.pack.task: Packer task: initialize from command line() 
core.pack.task: Packer task: initialize from command line() 
protocols.moves.MonteCarlo: MonteCarlo:: last_accepted_score,lowest_score: -927.129 -929.491
protocols.motifs.Motif: Res1 name is HIS
protocols.motifs.Motif: atom1 name is OOC
protocols.motifs.Motif: atom2 name is S
protocols.motifs.Motif: atom3 name is OOC
protocols.motifs.Motif: Res1 name is HIS
protocols.motifs.Motif: atom1 name is F
protocols.motifs.Motif: atom2 name is COO
protocols.motifs.Motif: atom3 name is S
protocols.motifs.Motif: Res1 name is LEU
protocols.motifs.Motif: atom1 name is OOC
protocols.motifs.Motif: atom2 name is S
protocols.motifs.Motif: atom3 name is OOC
protocols.motifs.Motif: Res1 name is THR
protocols.motifs.Motif: atom1 name is OOC
protocols.motifs.Motif: atom2 name is S
protocols.motifs.Motif: atom3 name is OOC
protocols.motifs.Motif: Res1 name is THR
protocols.motifs.Motif: atom1 name is OOC
protocols.motifs.Motif: atom2 name is S
protocols.motifs.Motif: atom3 name is OOC
core.pack.task: Packer task: initialize from command line() 
core.pack.task: Packer task: initialize from command line() 
core.pack.task: Packer task: initialize from command line() 
protocols.moves.MonteCarlo: MonteCarlo:: last_accepted_score,lowest_score: -924.627 -924.627
protocols.motifs.Motif: Res1 name is HIS
protocols.motifs.Motif: atom1 name is OOC
protocols.motifs.Motif: atom2 name is S
protocols.motifs.Motif: atom3 name is OOC
protocols.motifs.Motif: Res1 name is HIS
protocols.motifs.Motif: atom1 name is OOC
protocols.motifs.Motif: atom2 name is S
protocols.motifs.Motif: atom3 name is OOC
protocols.motifs.Motif: Res1 name is VAL
protocols.motifs.Motif: atom1 name is NH2O
protocols.motifs.Motif: atom2 name is S
protocols.motifs.Motif: atom3 name is OOC
protocols.motifs.Motif: Res1 name is LEU
protocols.motifs.Motif: atom1 name is F
protocols.motifs.Motif: atom2 name is COO
protocols.motifs.Motif: atom3 name is S
protocols.motifs.Motif: Res1 name is THR
protocols.motifs.Motif: atom1 name is F
protocols.motifs.Motif: atom2 name is COO
protocols.motifs.Motif: atom3 name is S
core.pack.task: Packer task: initialize from command line() 
core.pack.task: Packer task: initialize from command line() 
core.pack.task: Packer task: initialize from command line() 
protocols.moves.MonteCarlo: MonteCarlo:: last_accepted_score,lowest_score: -927.273 -927.273
protocols.motifs.Motif: Res1 name is HIS
protocols.motifs.Motif: atom1 name is OOC
protocols.motifs.Motif: atom2 name is S
protocols.motifs.Motif: atom3 name is OOC
protocols.motifs.Motif: Res1 name is HIS
protocols.motifs.Motif: atom1 name is OOC
protocols.motifs.Motif: atom2 name is S
protocols.motifs.Motif: atom3 name is OOC
protocols.motifs.Motif: Res1 name is LEU
protocols.motifs.Motif: atom1 name is F
protocols.motifs.Motif: atom2 name is COO
protocols.motifs.Motif: atom3 name is S
protocols.motifs.Motif: Res1 name is THR
protocols.motifs.Motif: atom1 name is NH2O
protocols.motifs.Motif: atom2 name is S
protocols.motifs.Motif: atom3 name is OOC
core.pack.task: Packer task: initialize from command line() 
core.pack.task: Packer task: initialize from command line() 
core.pack.task: Packer task: initialize from command line() 
protocols.moves.MonteCarlo: MonteCarlo:: last_accepted_score,lowest_score: -931.623 -931.623
protocols.motifs.Motif: Res1 name is HIS
protocols.motifs.Motif: atom1 name is OOC
protocols.motifs.Motif: atom2 name is S
protocols.motifs.Motif: atom3 name is OOC
protocols.motifs.Motif: Res1 name is HIS
protocols.motifs.Motif: atom1 name is F
protocols.motifs.Motif: atom2 name is COO
protocols.motifs.Motif: atom3 name is S
protocols.motifs.Motif: Res1 name is LEU
protocols.motifs.Motif: atom1 name is F
protocols.motifs.Motif: atom2 name is COO
protocols.motifs.Motif: atom3 name is S
protocols.motifs.Motif: Res1 name is THR
protocols.motifs.Motif: atom1 name is OOC
protocols.motifs.Motif: atom2 name is S
protocols.motifs.Motif: atom3 name is OOC
protocols.motifs.Motif: Res1 name is THR
protocols.motifs.Motif: atom1 name is OOC
protocols.motifs.Motif: atom2 name is S
protocols.motifs.Motif: atom3 name is OOC
core.pack.task: Packer task: initialize from command line() 
core.pack.task: Packer task: initialize from command line() 
core.pack.task: Packer task: initialize from command line() 
protocols.moves.MonteCarlo: MonteCarlo:: last_accepted_score,lowest_score: -928.502 -928.935
protocols.motifs.Motif: Res1 name is HIS
protocols.motifs.Motif: atom1 name is OOC
protocols.motifs.Motif: atom2 name is S
protocols.motifs.Motif: atom3 name is OOC
protocols.motifs.Motif: Res1 name is HIS
protocols.motifs.Motif: atom1 name is F
protocols.motifs.Motif: atom2 name is COO
protocols.motifs.Motif: atom3 name is S
protocols.motifs.Motif: Res1 name is LEU
protocols.motifs.Motif: atom1 name is F
protocols.motifs.Motif: atom2 name is COO
protocols.motifs.Motif: atom3 name is S
protocols.motifs.Motif: Res1 name is THR
protocols.motifs.Motif: atom1 name is F
protocols.motifs.Motif: atom2 name is COO
protocols.motifs.Motif: atom3 name is S
protocols.motifs.Motif: Res1 name is THR
protocols.motifs.Motif: atom1 name is NH2O
protocols.motifs.Motif: atom2 name is S
protocols.motifs.Motif: atom3 name is OOC
core.pack.task: Packer task: initialize from command line() 
core.pack.task: Packer task: initialize from command line() 
core.pack.task: Packer task: initialize from command line() 
protocols.moves.MonteCarlo: MonteCarlo:: last_accepted_score,lowest_score: -930.659 -930.767
protocols.motifs.Motif: Res1 name is HIS
protocols.motifs.Motif: atom1 name is OOC
protocols.motifs.Motif: atom2 name is S
protocols.motifs.Motif: atom3 name is OOC
protocols.motifs.Motif: Res1 name is HIS
protocols.motifs.Motif: atom1 name is NH2O
protocols.motifs.Motif: atom2 name is S
protocols.motifs.Motif: atom3 name is OOC
protocols.motifs.Motif: Res1 name is HIS
protocols.motifs.Motif: atom1 name is NH2O
protocols.motifs.Motif: atom2 name is S
protocols.motifs.Motif: atom3 name is OOC
protocols.motifs.Motif: Res1 name is LEU
protocols.motifs.Motif: atom1 name is F
protocols.motifs.Motif: atom2 name is COO
protocols.motifs.Motif: atom3 name is S
protocols.motifs.Motif: Res1 name is THR
protocols.motifs.Motif: atom1 name is OOC
protocols.motifs.Motif: atom2 name is S
protocols.motifs.Motif: atom3 name is OOC
protocols.motifs.Motif: Res1 name is THR
protocols.motifs.Motif: atom1 name is OOC
protocols.motifs.Motif: atom2 name is S
protocols.motifs.Motif: atom3 name is OOC
core.pack.task: Packer task: initialize from command line() 
core.pack.task: Packer task: initialize from command line() 
core.pack.task: Packer task: initialize from command line() 
protocols.moves.MonteCarlo: MonteCarlo:: last_accepted_score,lowest_score: -925.079 -925.24
protocols.motifs.Motif: Res1 name is HIS
protocols.motifs.Motif: atom1 name is OOC
protocols.motifs.Motif: atom2 name is S
protocols.motifs.Motif: atom3 name is OOC
protocols.motifs.Motif: Res1 name is HIS
protocols.motifs.Motif: atom1 name is OOC
protocols.motifs.Motif: atom2 name is S
protocols.motifs.Motif: atom3 name is OOC
protocols.motifs.Motif: Res1 name is VAL
protocols.motifs.Motif: atom1 name is NH2O
protocols.motifs.Motif: atom2 name is S
protocols.motifs.Motif: atom3 name is OOC
protocols.motifs.Motif: Res1 name is VAL
protocols.motifs.Motif: atom1 name is NH2O
protocols.motifs.Motif: atom2 name is S
protocols.motifs.Motif: atom3 name is OOC
protocols.motifs.Motif: Res1 name is LEU
protocols.motifs.Motif: atom1 name is F
protocols.motifs.Motif: atom2 name is COO
protocols.motifs.Motif: atom3 name is S
protocols.motifs.Motif: Res1 name is THR
protocols.motifs.Motif: atom1 name is F
protocols.motifs.Motif: atom2 name is COO
protocols.motifs.Motif: atom3 name is S
core.pack.task: Packer task: initialize from command line() 
core.pack.task: Packer task: initialize from command line() 
core.pack.task: Packer task: initialize from command line() 
protocols.moves.MonteCarlo: MonteCarlo:: last_accepted_score,lowest_score: -924.259 -924.81
protocols.motifs.Motif: Res1 name is HIS
protocols.motifs.Motif: atom1 name is OOC
protocols.motifs.Motif: atom2 name is S
protocols.motifs.Motif: atom3 name is OOC
protocols.motifs.Motif: Res1 name is LEU
protocols.motifs.Motif: atom1 name is F
protocols.motifs.Motif: atom2 name is COO
protocols.motifs.Motif: atom3 name is S
protocols.motifs.Motif: Res1 name is THR
protocols.motifs.Motif: atom1 name is OOC
protocols.motifs.Motif: atom2 name is S
protocols.motifs.Motif: atom3 name is OOC
core.pack.task: Packer task: initialize from command line() 
core.pack.task: Packer task: initialize from command line() 
core.pack.task: Packer task: initialize from command line() 
protocols.moves.MonteCarlo: MonteCarlo:: last_accepted_score,lowest_score: -927.193 -927.193
protocols.motifs.Motif: Res1 name is HIS
protocols.motifs.Motif: atom1 name is OOC
protocols.motifs.Motif: atom2 name is S
protocols.motifs.Motif: atom3 name is OOC
protocols.motifs.Motif: Res1 name is HIS
protocols.motifs.Motif: atom1 name is OOC
protocols.motifs.Motif: atom2 name is S
protocols.motifs.Motif: atom3 name is OOC
protocols.motifs.Motif: Res1 name is VAL
protocols.motifs.Motif: atom1 name is NH2O
protocols.motifs.Motif: atom2 name is S
protocols.motifs.Motif: atom3 name is OOC
protocols.motifs.Motif: Res1 name is VAL
protocols.motifs.Motif: atom1 name is NH2O
protocols.motifs.Motif: atom2 name is S
protocols.motifs.Motif: atom3 name is OOC
protocols.motifs.Motif: Res1 name is LEU
protocols.motifs.Motif: atom1 name is F
protocols.motifs.Motif: atom2 name is COO
protocols.motifs.Motif: atom3 name is S
protocols.motifs.Motif: Res1 name is THR
protocols.motifs.Motif: atom1 name is F
protocols.motifs.Motif: atom2 name is COO
protocols.motifs.Motif: atom3 name is S
core.pack.task: Packer task: initialize from command line() 
core.pack.task: Packer task: initialize from command line() 
core.pack.task: Packer task: initialize from command line() 
protocols.moves.MonteCarlo: MonteCarlo:: last_accepted_score,lowest_score: -930.58 -930.58
protocols.motifs.Motif: Res1 name is HIS
protocols.motifs.Motif: atom1 name is OOC
protocols.motifs.Motif: atom2 name is S
protocols.motifs.Motif: atom3 name is OOC
protocols.motifs.Motif: Res1 name is HIS
protocols.motifs.Motif: atom1 name is OOC
protocols.motifs.Motif: atom2 name is S
protocols.motifs.Motif: atom3 name is OOC
protocols.motifs.Motif: Res1 name is HIS
protocols.motifs.Motif: atom1 name is OOC
protocols.motifs.Motif: atom2 name is S
protocols.motifs.Motif: atom3 name is OOC
protocols.motifs.Motif: Res1 name is LEU
protocols.motifs.Motif: atom1 name is F
protocols.motifs.Motif: atom2 name is COO
protocols.motifs.Motif: atom3 name is S
protocols.motifs.Motif: Res1 name is THR
protocols.motifs.Motif: atom1 name is OOC
protocols.motifs.Motif: atom2 name is S
protocols.motifs.Motif: atom3 name is OOC
protocols.motifs.Motif: Res1 name is THR
protocols.motifs.Motif: atom1 name is F
protocols.motifs.Motif: atom2 name is COO
protocols.motifs.Motif: atom3 name is S
core.pack.task: Packer task: initialize from command line() 
core.pack.task: Packer task: initialize from command line() 
core.pack.task: Packer task: initialize from command line() 
protocols.moves.MonteCarlo: MonteCarlo:: last_accepted_score,lowest_score: -931.02 -931.02
protocols.motifs.Motif: Res1 name is HIS
protocols.motifs.Motif: atom1 name is F
protocols.motifs.Motif: atom2 name is COO
protocols.motifs.Motif: atom3 name is S
protocols.motifs.Motif: Res1 name is HIS
protocols.motifs.Motif: atom1 name is OOC
protocols.motifs.Motif: atom2 name is S
protocols.motifs.Motif: atom3 name is OOC
protocols.motifs.Motif: Res1 name is LEU
protocols.motifs.Motif: atom1 name is OOC
protocols.motifs.Motif: atom2 name is S
protocols.motifs.Motif: atom3 name is OOC
protocols.motifs.Motif: Res1 name is THR
protocols.motifs.Motif: atom1 name is NH2O
protocols.motifs.Motif: atom2 name is S
protocols.motifs.Motif: atom3 name is OOC
protocols.motifs.Motif: Res1 name is THR
protocols.motifs.Motif: atom1 name is F
protocols.motifs.Motif: atom2 name is COO
protocols.motifs.Motif: atom3 name is S
core.pack.task: Packer task: initialize from command line() 
core.pack.task: Packer task: initialize from command line() 
core.pack.task: Packer task: initialize from command line() 
protocols.moves.MonteCarlo: MonteCarlo:: last_accepted_score,lowest_score: -930.655 -930.671
protocols.motifs.Motif: Res1 name is HIS
protocols.motifs.Motif: atom1 name is F
protocols.motifs.Motif: atom2 name is COO
protocols.motifs.Motif: atom3 name is S
protocols.motifs.Motif: Res1 name is HIS
protocols.motifs.Motif: atom1 name is F
protocols.motifs.Motif: atom2 name is COO
protocols.motifs.Motif: atom3 name is S
protocols.motifs.Motif: Res1 name is VAL
protocols.motifs.Motif: atom1 name is NH2O
protocols.motifs.Motif: atom2 name is S
protocols.motifs.Motif: atom3 name is OOC
protocols.motifs.Motif: Res1 name is VAL
protocols.motifs.Motif: atom1 name is NH2O
protocols.motifs.Motif: atom2 name is S
protocols.motifs.Motif: atom3 name is OOC
protocols.motifs.Motif: Res1 name is LEU
protocols.motifs.Motif: atom1 name is OOC
protocols.motifs.Motif: atom2 name is S
protocols.motifs.Motif: atom3 name is OOC
protocols.motifs.Motif: Res1 name is THR
protocols.motifs.Motif: atom1 name is F
protocols.motifs.Motif: atom2 name is COO
protocols.motifs.Motif: atom3 name is S
core.pack.task: Packer task: initialize from command line() 
core.pack.task: Packer task: initialize from command line() 
core.pack.task: Packer task: initialize from command line() 
protocols.moves.MonteCarlo: MonteCarlo:: last_accepted_score,lowest_score: -928.262 -929.325
protocols.motifs.Motif: Res1 name is HIS
protocols.motifs.Motif: atom1 name is OOC
protocols.motifs.Motif: atom2 name is S
protocols.motifs.Motif: atom3 name is OOC
protocols.motifs.Motif: Res1 name is HIS
protocols.motifs.Motif: atom1 name is NH2O
protocols.motifs.Motif: atom2 name is S
protocols.motifs.Motif: atom3 name is OOC
protocols.motifs.Motif: Res1 name is HIS
protocols.motifs.Motif: atom1 name is OOC
protocols.motifs.Motif: atom2 name is S
protocols.motifs.Motif: atom3 name is OOC
protocols.motifs.Motif: Res1 name is LEU
protocols.motifs.Motif: atom1 name is F
protocols.motifs.Motif: atom2 name is COO
protocols.motifs.Motif: atom3 name is S
protocols.motifs.Motif: Res1 name is THR
protocols.motifs.Motif: atom1 name is NH2O
protocols.motifs.Motif: atom2 name is S
protocols.motifs.Motif: atom3 name is OOC
core.pack.task: Packer task: initialize from command line() 
core.pack.task: Packer task: initialize from command line() 
core.pack.task: Packer task: initialize from command line() 
protocols.moves.MonteCarlo: MonteCarlo:: last_accepted_score,lowest_score: -928.133 -928.285
protocols.motifs.Motif: Res1 name is HIS
protocols.motifs.Motif: atom1 name is OOC
protocols.motifs.Motif: atom2 name is S
protocols.motifs.Motif: atom3 name is OOC
protocols.motifs.Motif: Res1 name is HIS
protocols.motifs.Motif: atom1 name is NH2O
protocols.motifs.Motif: atom2 name is S
protocols.motifs.Motif: atom3 name is OOC
protocols.motifs.Motif: Res1 name is HIS
protocols.motifs.Motif: atom1 name is OOC
protocols.motifs.Motif: atom2 name is S
protocols.motifs.Motif: atom3 name is OOC
protocols.motifs.Motif: Res1 name is LEU
protocols.motifs.Motif: atom1 name is F
protocols.motifs.Motif: atom2 name is COO
protocols.motifs.Motif: atom3 name is S
protocols.motifs.Motif: Res1 name is THR
protocols.motifs.Motif: atom1 name is NH2O
protocols.motifs.Motif: atom2 name is S
protocols.motifs.Motif: atom3 name is OOC
protocols.motifs.Motif: Res1 name is TRP
protocols.motifs.Motif: atom1 name is OOC
protocols.motifs.Motif: atom2 name is S
protocols.motifs.Motif: atom3 name is OOC
core.pack.task: Packer task: initialize from command line() 
core.pack.task: Packer task: initialize from command line() 
core.pack.task: Packer task: initialize from command line() 
protocols.moves.MonteCarlo: MonteCarlo:: last_accepted_score,lowest_score: -930.115 -930.757
protocols.motifs.Motif: Res1 name is HIS
protocols.motifs.Motif: atom1 name is OOC
protocols.motifs.Motif: atom2 name is S
protocols.motifs.Motif: atom3 name is OOC
protocols.motifs.Motif: Res1 name is HIS
protocols.motifs.Motif: atom1 name is F
protocols.motifs.Motif: atom2 name is COO
protocols.motifs.Motif: atom3 name is S
protocols.motifs.Motif: Res1 name is LEU
protocols.motifs.Motif: atom1 name is F
protocols.motifs.Motif: atom2 name is COO
protocols.motifs.Motif: atom3 name is S
protocols.motifs.Motif: Res1 name is THR
protocols.motifs.Motif: atom1 name is F
protocols.motifs.Motif: atom2 name is COO
protocols.motifs.Motif: atom3 name is S
protocols.motifs.Motif: Res1 name is THR
protocols.motifs.Motif: atom1 name is NH2O
protocols.motifs.Motif: atom2 name is S
protocols.motifs.Motif: atom3 name is OOC
protocols.motifs.Motif: Res1 name is TRP
protocols.motifs.Motif: atom1 name is F
protocols.motifs.Motif: atom2 name is COO
protocols.motifs.Motif: atom3 name is S
core.pack.task: Packer task: initialize from command line() 
core.pack.task: Packer task: initialize from command line() 
core.pack.task: Packer task: initialize from command line() 
protocols.moves.MonteCarlo: MonteCarlo:: last_accepted_score,lowest_score: -930.782 -930.782
protocols.motifs.Motif: Res1 name is HIS
protocols.motifs.Motif: atom1 name is OOC
protocols.motifs.Motif: atom2 name is S
protocols.motifs.Motif: atom3 name is OOC
protocols.motifs.Motif: Res1 name is HIS
protocols.motifs.Motif: atom1 name is OOC
protocols.motifs.Motif: atom2 name is S
protocols.motifs.Motif: atom3 name is OOC
protocols.motifs.Motif: Res1 name is HIS
protocols.motifs.Motif: atom1 name is OOC
protocols.motifs.Motif: atom2 name is S
protocols.motifs.Motif: atom3 name is OOC
protocols.motifs.Motif: Res1 name is LEU
protocols.motifs.Motif: atom1 name is F
protocols.motifs.Motif: atom2 name is COO
protocols.motifs.Motif: atom3 name is S
protocols.motifs.Motif: Res1 name is THR
protocols.motifs.Motif: atom1 name is OOC
protocols.motifs.Motif: atom2 name is S
protocols.motifs.Motif: atom3 name is OOC
core.pack.task: Packer task: initialize from command line() 
core.pack.task: Packer task: initialize from command line() 
core.pack.task: Packer task: initialize from command line() 
protocols.moves.MonteCarlo: MonteCarlo:: last_accepted_score,lowest_score: -929.279 -929.279
protocols.motifs.Motif: Res1 name is HIS
protocols.motifs.Motif: atom1 name is OOC
protocols.motifs.Motif: atom2 name is S
protocols.motifs.Motif: atom3 name is OOC
protocols.motifs.Motif: Res1 name is HIS
protocols.motifs.Motif: atom1 name is OOC
protocols.motifs.Motif: atom2 name is S
protocols.motifs.Motif: atom3 name is OOC
protocols.motifs.Motif: Res1 name is HIS
protocols.motifs.Motif: atom1 name is OOC
protocols.motifs.Motif: atom2 name is S
protocols.motifs.Motif: atom3 name is OOC
protocols.motifs.Motif: Res1 name is LEU
protocols.motifs.Motif: atom1 name is F
protocols.motifs.Motif: atom2 name is COO
protocols.motifs.Motif: atom3 name is S
protocols.motifs.Motif: Res1 name is THR
protocols.motifs.Motif: atom1 name is NH2O
protocols.motifs.Motif: atom2 name is S
protocols.motifs.Motif: atom3 name is OOC
protocols.motifs.Motif: Res1 name is THR
protocols.motifs.Motif: atom1 name is F
protocols.motifs.Motif: atom2 name is COO
protocols.motifs.Motif: atom3 name is S
core.pack.task: Packer task: initialize from command line() 
core.pack.task: Packer task: initialize from command line() 
core.pack.task: Packer task: initialize from command line() 
protocols.moves.MonteCarlo: MonteCarlo:: last_accepted_score,lowest_score: -927.341 -927.341
protocols.motifs.Motif: Res1 name is HIS
protocols.motifs.Motif: atom1 name is OOC
protocols.motifs.Motif: atom2 name is S
protocols.motifs.Motif: atom3 name is OOC
protocols.motifs.Motif: Res1 name is HIS
protocols.motifs.Motif: atom1 name is OOC
protocols.motifs.Motif: atom2 name is S
protocols.motifs.Motif: atom3 name is OOC
protocols.motifs.Motif: Res1 name is HIS
protocols.motifs.Motif: atom1 name is NH2O
protocols.motifs.Motif: atom2 name is S
protocols.motifs.Motif: atom3 name is OOC
protocols.motifs.Motif: Res1 name is LEU
protocols.motifs.Motif: atom1 name is F
protocols.motifs.Motif: atom2 name is COO
protocols.motifs.Motif: atom3 name is S
protocols.motifs.Motif: Res1 name is THR
protocols.motifs.Motif: atom1 name is F
protocols.motifs.Motif: atom2 name is COO
protocols.motifs.Motif: atom3 name is S
protocols.motifs.Motif: Res1 name is THR
protocols.motifs.Motif: atom1 name is F
protocols.motifs.Motif: atom2 name is COO
protocols.motifs.Motif: atom3 name is S
core.pack.task: Packer task: initialize from command line() 
core.pack.task: Packer task: initialize from command line() 
core.pack.task: Packer task: initialize from command line() 
protocols.moves.MonteCarlo: MonteCarlo:: last_accepted_score,lowest_score: -927.909 -929.558
protocols.motifs.Motif: Res1 name is HIS
protocols.motifs.Motif: atom1 name is OOC
protocols.motifs.Motif: atom2 name is S
protocols.motifs.Motif: atom3 name is OOC
protocols.motifs.Motif: Res1 name is HIS
protocols.motifs.Motif: atom1 name is OOC
protocols.motifs.Motif: atom2 name is S
protocols.motifs.Motif: atom3 name is OOC
protocols.motifs.Motif: Res1 name is HIS
protocols.motifs.Motif: atom1 name is OOC
protocols.motifs.Motif: atom2 name is S
protocols.motifs.Motif: atom3 name is OOC
protocols.motifs.Motif: Res1 name is LEU
protocols.motifs.Motif: atom1 name is F
protocols.motifs.Motif: atom2 name is COO
protocols.motifs.Motif: atom3 name is S
protocols.motifs.Motif: Res1 name is THR
protocols.motifs.Motif: atom1 name is F
protocols.motifs.Motif: atom2 name is COO
protocols.motifs.Motif: atom3 name is S
protocols.motifs.Motif: Res1 name is THR
protocols.motifs.Motif: atom1 name is F
protocols.motifs.Motif: atom2 name is COO
protocols.motifs.Motif: atom3 name is S
core.pack.task: Packer task: initialize from command line() 
core.pack.task: Packer task: initialize from command line() 
core.pack.task: Packer task: initialize from command line() 
protocols.moves.MonteCarlo: MonteCarlo:: last_accepted_score,lowest_score: -923.053 -923.053
protocols.motifs.Motif: Res1 name is HIS
protocols.motifs.Motif: atom1 name is OOC
protocols.motifs.Motif: atom2 name is S
protocols.motifs.Motif: atom3 name is OOC
protocols.motifs.Motif: Res1 name is HIS
protocols.motifs.Motif: atom1 name is F
protocols.motifs.Motif: atom2 name is COO
protocols.motifs.Motif: atom3 name is S
protocols.motifs.Motif: Res1 name is VAL
protocols.motifs.Motif: atom1 name is F
protocols.motifs.Motif: atom2 name is COO
protocols.motifs.Motif: atom3 name is S
protocols.motifs.Motif: Res1 name is THR
protocols.motifs.Motif: atom1 name is NH2O
protocols.motifs.Motif: atom2 name is S
protocols.motifs.Motif: atom3 name is OOC
protocols.motifs.Motif: Res1 name is TRP
protocols.motifs.Motif: atom1 name is F
protocols.motifs.Motif: atom2 name is COO
protocols.motifs.Motif: atom3 name is S
core.pack.task: Packer task: initialize from command line() 
core.pack.task: Packer task: initialize from command line() 
core.pack.task: Packer task: initialize from command line() 
protocols.moves.MonteCarlo: MonteCarlo:: last_accepted_score,lowest_score: -929.002 -929.98
protocols.motifs.Motif: Res1 name is HIS
protocols.motifs.Motif: atom1 name is OOC
protocols.motifs.Motif: atom2 name is S
protocols.motifs.Motif: atom3 name is OOC
protocols.motifs.Motif: Res1 name is HIS
protocols.motifs.Motif: atom1 name is OOC
protocols.motifs.Motif: atom2 name is S
protocols.motifs.Motif: atom3 name is OOC
protocols.motifs.Motif: Res1 name is HIS
protocols.motifs.Motif: atom1 name is OOC
protocols.motifs.Motif: atom2 name is S
protocols.motifs.Motif: atom3 name is OOC
protocols.motifs.Motif: Res1 name is LEU
protocols.motifs.Motif: atom1 name is F
protocols.motifs.Motif: atom2 name is COO
protocols.motifs.Motif: atom3 name is S
protocols.motifs.Motif: Res1 name is THR
protocols.motifs.Motif: atom1 name is F
protocols.motifs.Motif: atom2 name is COO
protocols.motifs.Motif: atom3 name is S
core.pack.task: Packer task: initialize from command line() 
core.pack.task: Packer task: initialize from command line() 
core.pack.task: Packer task: initialize from command line() 
protocols.moves.MonteCarlo: MonteCarlo:: last_accepted_score,lowest_score: -930.881 -930.881
protocols.motifs.Motif: Res1 name is HIS
protocols.motifs.Motif: atom1 name is OOC
protocols.motifs.Motif: atom2 name is S
protocols.motifs.Motif: atom3 name is OOC
protocols.motifs.Motif: Res1 name is HIS
protocols.motifs.Motif: atom1 name is OOC
protocols.motifs.Motif: atom2 name is S
protocols.motifs.Motif: atom3 name is OOC
protocols.motifs.Motif: Res1 name is HIS
protocols.motifs.Motif: atom1 name is OOC
protocols.motifs.Motif: atom2 name is S
protocols.motifs.Motif: atom3 name is OOC
protocols.motifs.Motif: Res1 name is THR
protocols.motifs.Motif: atom1 name is NH2O
protocols.motifs.Motif: atom2 name is S
protocols.motifs.Motif: atom3 name is OOC
protocols.motifs.Motif: Res1 name is TRP
protocols.motifs.Motif: atom1 name is OOC
protocols.motifs.Motif: atom2 name is S
protocols.motifs.Motif: atom3 name is OOC
core.pack.task: Packer task: initialize from command line() 
core.pack.task: Packer task: initialize from command line() 
core.pack.task: Packer task: initialize from command line() 
protocols.moves.MonteCarlo: MonteCarlo:: last_accepted_score,lowest_score: -741.3 -741.3
protocols.motifs.Motif: Res1 name is HIS
protocols.motifs.Motif: atom1 name is F
protocols.motifs.Motif: atom2 name is COO
protocols.motifs.Motif: atom3 name is S
protocols.motifs.Motif: Res1 name is HIS
protocols.motifs.Motif: atom1 name is NH2O
protocols.motifs.Motif: atom2 name is S
protocols.motifs.Motif: atom3 name is OOC
protocols.motifs.Motif: Res1 name is HIS
protocols.motifs.Motif: atom1 name is NH2O
protocols.motifs.Motif: atom2 name is S
protocols.motifs.Motif: atom3 name is OOC
protocols.motifs.Motif: Res1 name is THR
protocols.motifs.Motif: atom1 name is OOC
protocols.motifs.Motif: atom2 name is S
protocols.motifs.Motif: atom3 name is OOC
protocols.motifs.Motif: Res1 name is THR
protocols.motifs.Motif: atom1 name is OOC
protocols.motifs.Motif: atom2 name is S
protocols.motifs.Motif: atom3 name is OOC
core.pack.task: Packer task: initialize from command line() 
core.pack.task: Packer task: initialize from command line() 
core.pack.task: Packer task: initialize from command line() 
protocols.moves.MonteCarlo: MonteCarlo:: last_accepted_score,lowest_score: -921.924 -921.924
protocols.motifs.Motif: Res1 name is HIS
protocols.motifs.Motif: atom1 name is OOC
protocols.motifs.Motif: atom2 name is S
protocols.motifs.Motif: atom3 name is OOC
protocols.motifs.Motif: Res1 name is HIS
protocols.motifs.Motif: atom1 name is NH2O
protocols.motifs.Motif: atom2 name is S
protocols.motifs.Motif: atom3 name is OOC
protocols.motifs.Motif: Res1 name is VAL
protocols.motifs.Motif: atom1 name is OOC
protocols.motifs.Motif: atom2 name is S
protocols.motifs.Motif: atom3 name is OOC
protocols.motifs.Motif: Res1 name is VAL
protocols.motifs.Motif: atom1 name is NH2O
protocols.motifs.Motif: atom2 name is S
protocols.motifs.Motif: atom3 name is OOC
protocols.motifs.Motif: Res1 name is LEU
protocols.motifs.Motif: atom1 name is F
protocols.motifs.Motif: atom2 name is COO
protocols.motifs.Motif: atom3 name is S
protocols.motifs.Motif: Res1 name is TRP
protocols.motifs.Motif: atom1 name is NH2O
protocols.motifs.Motif: atom2 name is S
protocols.motifs.Motif: atom3 name is OOC
core.pack.task: Packer task: initialize from command line() 
core.pack.task: Packer task: initialize from command line() 
core.pack.task: Packer task: initialize from command line() 
protocols.moves.MonteCarlo: MonteCarlo:: last_accepted_score,lowest_score: -927.534 -927.654
protocols.motifs.Motif: Res1 name is HIS
protocols.motifs.Motif: atom1 name is OOC
protocols.motifs.Motif: atom2 name is S
protocols.motifs.Motif: atom3 name is OOC
protocols.motifs.Motif: Res1 name is HIS
protocols.motifs.Motif: atom1 name is OOC
protocols.motifs.Motif: atom2 name is S
protocols.motifs.Motif: atom3 name is OOC
protocols.motifs.Motif: Res1 name is HIS
protocols.motifs.Motif: atom1 name is NH2O
protocols.motifs.Motif: atom2 name is S
protocols.motifs.Motif: atom3 name is OOC
protocols.motifs.Motif: Res1 name is LEU
protocols.motifs.Motif: atom1 name is F
protocols.motifs.Motif: atom2 name is COO
protocols.motifs.Motif: atom3 name is S
protocols.motifs.Motif: Res1 name is THR
protocols.motifs.Motif: atom1 name is NH2O
protocols.motifs.Motif: atom2 name is S
protocols.motifs.Motif: atom3 name is OOC
protocols.motifs.Motif: Res1 name is THR
protocols.motifs.Motif: atom1 name is F
protocols.motifs.Motif: atom2 name is COO
protocols.motifs.Motif: atom3 name is S
core.pack.task: Packer task: initialize from command line() 
core.pack.task: Packer task: initialize from command line() 
core.pack.task: Packer task: initialize from command line() 
protocols.moves.MonteCarlo: MonteCarlo:: last_accepted_score,lowest_score: -922.528 -924.816
protocols.motifs.Motif: Res1 name is HIS
protocols.motifs.Motif: atom1 name is OOC
protocols.motifs.Motif: atom2 name is S
protocols.motifs.Motif: atom3 name is OOC
protocols.motifs.Motif: Res1 name is HIS
protocols.motifs.Motif: atom1 name is OOC
protocols.motifs.Motif: atom2 name is S
protocols.motifs.Motif: atom3 name is OOC
protocols.motifs.Motif: Res1 name is LEU
protocols.motifs.Motif: atom1 name is F
protocols.motifs.Motif: atom2 name is COO
protocols.motifs.Motif: atom3 name is S
protocols.motifs.Motif: Res1 name is THR
protocols.motifs.Motif: atom1 name is OOC
protocols.motifs.Motif: atom2 name is S
protocols.motifs.Motif: atom3 name is OOC
protocols.motifs.Motif: Res1 name is THR
protocols.motifs.Motif: atom1 name is OOC
protocols.motifs.Motif: atom2 name is S
protocols.motifs.Motif: atom3 name is OOC
core.pack.task: Packer task: initialize from command line() 
core.pack.task: Packer task: initialize from command line() 
core.pack.task: Packer task: initialize from command line() 
protocols.moves.MonteCarlo: MonteCarlo:: last_accepted_score,lowest_score: -928.791 -928.937
protocols.motifs.Motif: Res1 name is HIS
protocols.motifs.Motif: atom1 name is OOC
protocols.motifs.Motif: atom2 name is S
protocols.motifs.Motif: atom3 name is OOC
protocols.motifs.Motif: Res1 name is HIS
protocols.motifs.Motif: atom1 name is OOC
protocols.motifs.Motif: atom2 name is S
protocols.motifs.Motif: atom3 name is OOC
protocols.motifs.Motif: Res1 name is HIS
protocols.motifs.Motif: atom1 name is OOC
protocols.motifs.Motif: atom2 name is S
protocols.motifs.Motif: atom3 name is OOC
protocols.motifs.Motif: Res1 name is LEU
protocols.motifs.Motif: atom1 name is F
protocols.motifs.Motif: atom2 name is COO
protocols.motifs.Motif: atom3 name is S
protocols.motifs.Motif: Res1 name is THR
protocols.motifs.Motif: atom1 name is OOC
protocols.motifs.Motif: atom2 name is S
protocols.motifs.Motif: atom3 name is OOC
core.pack.task: Packer task: initialize from command line() 
core.pack.task: Packer task: initialize from command line() 
core.pack.task: Packer task: initialize from command line() 
protocols.moves.MonteCarlo: MonteCarlo:: last_accepted_score,lowest_score: -925.84 -925.84
protocols.motifs.Motif: Res1 name is HIS
protocols.motifs.Motif: atom1 name is OOC
protocols.motifs.Motif: atom2 name is S
protocols.motifs.Motif: atom3 name is OOC
protocols.motifs.Motif: Res1 name is VAL
protocols.motifs.Motif: atom1 name is OOC
protocols.motifs.Motif: atom2 name is S
protocols.motifs.Motif: atom3 name is OOC
protocols.motifs.Motif: Res1 name is LEU
protocols.motifs.Motif: atom1 name is F
protocols.motifs.Motif: atom2 name is COO
protocols.motifs.Motif: atom3 name is S
core.pack.task: Packer task: initialize from command line() 
core.pack.task: Packer task: initialize from command line() 
core.pack.task: Packer task: initialize from command line() 
protocols.moves.MonteCarlo: MonteCarlo:: last_accepted_score,lowest_score: -927.05 -927.33
protocols.motifs.Motif: Res1 name is HIS
protocols.motifs.Motif: atom1 name is NH2O
protocols.motifs.Motif: atom2 name is S
protocols.motifs.Motif: atom3 name is OOC
protocols.motifs.Motif: Res1 name is HIS
protocols.motifs.Motif: atom1 name is OOC
protocols.motifs.Motif: atom2 name is S
protocols.motifs.Motif: atom3 name is OOC
protocols.motifs.Motif: Res1 name is LEU
protocols.motifs.Motif: atom1 name is F
protocols.motifs.Motif: atom2 name is COO
protocols.motifs.Motif: atom3 name is S
protocols.motifs.Motif: Res1 name is THR
protocols.motifs.Motif: atom1 name is OOC
protocols.motifs.Motif: atom2 name is S
protocols.motifs.Motif: atom3 name is OOC
protocols.motifs.Motif: Res1 name is THR
protocols.motifs.Motif: atom1 name is OOC
protocols.motifs.Motif: atom2 name is S
protocols.motifs.Motif: atom3 name is OOC
core.pack.task: Packer task: initialize from command line() 
core.pack.task: Packer task: initialize from command line() 
core.pack.task: Packer task: initialize from command line() 
protocols.moves.MonteCarlo: MonteCarlo:: last_accepted_score,lowest_score: -926.485 -926.569
protocols.motifs.Motif: Res1 name is HIS
protocols.motifs.Motif: atom1 name is OOC
protocols.motifs.Motif: atom2 name is S
protocols.motifs.Motif: atom3 name is OOC
protocols.motifs.Motif: Res1 name is LEU
protocols.motifs.Motif: atom1 name is F
protocols.motifs.Motif: atom2 name is COO
protocols.motifs.Motif: atom3 name is S
protocols.motifs.Motif: Res1 name is THR
protocols.motifs.Motif: atom1 name is F
protocols.motifs.Motif: atom2 name is COO
protocols.motifs.Motif: atom3 name is S
core.pack.task: Packer task: initialize from command line() 
core.pack.task: Packer task: initialize from command line() 
core.pack.task: Packer task: initialize from command line() 
protocols.moves.MonteCarlo: MonteCarlo:: last_accepted_score,lowest_score: -923.263 -923.263
protocols.motifs.Motif: Res1 name is HIS
protocols.motifs.Motif: atom1 name is NH2O
protocols.motifs.Motif: atom2 name is S
protocols.motifs.Motif: atom3 name is OOC
protocols.motifs.Motif: Res1 name is HIS
protocols.motifs.Motif: atom1 name is NH2O
protocols.motifs.Motif: atom2 name is S
protocols.motifs.Motif: atom3 name is OOC
protocols.motifs.Motif: Res1 name is VAL
protocols.motifs.Motif: atom1 name is OOC
protocols.motifs.Motif: atom2 name is S
protocols.motifs.Motif: atom3 name is OOC
protocols.motifs.Motif: Res1 name is VAL
protocols.motifs.Motif: atom1 name is OOC
protocols.motifs.Motif: atom2 name is S
protocols.motifs.Motif: atom3 name is OOC
protocols.motifs.Motif: Res1 name is LEU
protocols.motifs.Motif: atom1 name is F
protocols.motifs.Motif: atom2 name is COO
protocols.motifs.Motif: atom3 name is S
protocols.motifs.Motif: Res1 name is THR
protocols.motifs.Motif: atom1 name is F
protocols.motifs.Motif: atom2 name is COO
protocols.motifs.Motif: atom3 name is S
protocols.motifs.Motif: Res1 name is TRP
protocols.motifs.Motif: atom1 name is F
protocols.motifs.Motif: atom2 name is COO
protocols.motifs.Motif: atom3 name is S
core.pack.task: Packer task: initialize from command line() 
core.pack.task: Packer task: initialize from command line() 
core.pack.task: Packer task: initialize from command line() 
protocols.moves.MonteCarlo: MonteCarlo:: last_accepted_score,lowest_score: -931.612 -931.859
protocols.motifs.Motif: Res1 name is HIS
protocols.motifs.Motif: atom1 name is OOC
protocols.motifs.Motif: atom2 name is S
protocols.motifs.Motif: atom3 name is OOC
protocols.motifs.Motif: Res1 name is HIS
protocols.motifs.Motif: atom1 name is F
protocols.motifs.Motif: atom2 name is COO
protocols.motifs.Motif: atom3 name is S
protocols.motifs.Motif: Res1 name is LEU
protocols.motifs.Motif: atom1 name is F
protocols.motifs.Motif: atom2 name is COO
protocols.motifs.Motif: atom3 name is S
protocols.motifs.Motif: Res1 name is THR
protocols.motifs.Motif: atom1 name is OOC
protocols.motifs.Motif: atom2 name is S
protocols.motifs.Motif: atom3 name is OOC
protocols.motifs.Motif: Res1 name is THR
protocols.motifs.Motif: atom1 name is NH2O
protocols.motifs.Motif: atom2 name is S
protocols.motifs.Motif: atom3 name is OOC
core.pack.task: Packer task: initialize from command line() 
core.pack.task: Packer task: initialize from command line() 
core.pack.task: Packer task: initialize from command line() 
protocols.moves.MonteCarlo: MonteCarlo:: last_accepted_score,lowest_score: -930.824 -930.824
protocols.motifs.Motif: Res1 name is HIS
protocols.motifs.Motif: atom1 name is OOC
protocols.motifs.Motif: atom2 name is S
protocols.motifs.Motif: atom3 name is OOC
protocols.motifs.Motif: Res1 name is HIS
protocols.motifs.Motif: atom1 name is OOC
protocols.motifs.Motif: atom2 name is S
protocols.motifs.Motif: atom3 name is OOC
protocols.motifs.Motif: Res1 name is HIS
protocols.motifs.Motif: atom1 name is OOC
protocols.motifs.Motif: atom2 name is S
protocols.motifs.Motif: atom3 name is OOC
protocols.motifs.Motif: Res1 name is LEU
protocols.motifs.Motif: atom1 name is F
protocols.motifs.Motif: atom2 name is COO
protocols.motifs.Motif: atom3 name is S
protocols.motifs.Motif: Res1 name is THR
protocols.motifs.Motif: atom1 name is F
protocols.motifs.Motif: atom2 name is COO
protocols.motifs.Motif: atom3 name is S
protocols.motifs.Motif: Res1 name is TRP
protocols.motifs.Motif: atom1 name is NH2O
protocols.motifs.Motif: atom2 name is S
protocols.motifs.Motif: atom3 name is OOC
core.pack.task: Packer task: initialize from command line() 
core.pack.task: Packer task: initialize from command line() 
core.pack.task: Packer task: initialize from command line() 
protocols.moves.MonteCarlo: MonteCarlo:: last_accepted_score,lowest_score: -931.244 -931.328
protocols.motifs.Motif: Res1 name is HIS
protocols.motifs.Motif: atom1 name is OOC
protocols.motifs.Motif: atom2 name is S
protocols.motifs.Motif: atom3 name is OOC
protocols.motifs.Motif: Res1 name is HIS
protocols.motifs.Motif: atom1 name is OOC
protocols.motifs.Motif: atom2 name is S
protocols.motifs.Motif: atom3 name is OOC
protocols.motifs.Motif: Res1 name is HIS
protocols.motifs.Motif: atom1 name is OOC
protocols.motifs.Motif: atom2 name is S
protocols.motifs.Motif: atom3 name is OOC
protocols.motifs.Motif: Res1 name is VAL
protocols.motifs.Motif: atom1 name is F
protocols.motifs.Motif: atom2 name is COO
protocols.motifs.Motif: atom3 name is S
protocols.motifs.Motif: Res1 name is LEU
protocols.motifs.Motif: atom1 name is F
protocols.motifs.Motif: atom2 name is COO
protocols.motifs.Motif: atom3 name is S
protocols.motifs.Motif: Res1 name is THR
protocols.motifs.Motif: atom1 name is OOC
protocols.motifs.Motif: atom2 name is S
protocols.motifs.Motif: atom3 name is OOC
core.pack.task: Packer task: initialize from command line() 
core.pack.task: Packer task: initialize from command line() 
core.pack.task: Packer task: initialize from command line() 
protocols.moves.MonteCarlo: MonteCarlo:: last_accepted_score,lowest_score: -927.502 -927.502
protocols.motifs.Motif: Res1 name is HIS
protocols.motifs.Motif: atom1 name is OOC
protocols.motifs.Motif: atom2 name is S
protocols.motifs.Motif: atom3 name is OOC
protocols.motifs.Motif: Res1 name is HIS
protocols.motifs.Motif: atom1 name is OOC
protocols.motifs.Motif: atom2 name is S
protocols.motifs.Motif: atom3 name is OOC
protocols.motifs.Motif: Res1 name is LEU
protocols.motifs.Motif: atom1 name is F
protocols.motifs.Motif: atom2 name is COO
protocols.motifs.Motif: atom3 name is S
protocols.motifs.Motif: Res1 name is THR
protocols.motifs.Motif: atom1 name is OOC
protocols.motifs.Motif: atom2 name is S
protocols.motifs.Motif: atom3 name is OOC
protocols.motifs.Motif: Res1 name is THR
protocols.motifs.Motif: atom1 name is OOC
protocols.motifs.Motif: atom2 name is S
protocols.motifs.Motif: atom3 name is OOC
core.pack.task: Packer task: initialize from command line() 
core.pack.task: Packer task: initialize from command line() 
core.pack.task: Packer task: initialize from command line() 
protocols.moves.MonteCarlo: MonteCarlo:: last_accepted_score,lowest_score: -927.728 -928.05
protocols.motifs.Motif: Res1 name is HIS
protocols.motifs.Motif: atom1 name is NH2O
protocols.motifs.Motif: atom2 name is S
protocols.motifs.Motif: atom3 name is OOC
protocols.motifs.Motif: Res1 name is HIS
protocols.motifs.Motif: atom1 name is NH2O
protocols.motifs.Motif: atom2 name is S
protocols.motifs.Motif: atom3 name is OOC
protocols.motifs.Motif: Res1 name is HIS
protocols.motifs.Motif: atom1 name is NH2O
protocols.motifs.Motif: atom2 name is S
protocols.motifs.Motif: atom3 name is OOC
protocols.motifs.Motif: Res1 name is LEU
protocols.motifs.Motif: atom1 name is F
protocols.motifs.Motif: atom2 name is COO
protocols.motifs.Motif: atom3 name is S
protocols.motifs.Motif: Res1 name is THR
protocols.motifs.Motif: atom1 name is OOC
protocols.motifs.Motif: atom2 name is S
protocols.motifs.Motif: atom3 name is OOC
core.pack.task: Packer task: initialize from command line() 
core.pack.task: Packer task: initialize from command line() 
core.pack.task: Packer task: initialize from command line() 
protocols.moves.MonteCarlo: MonteCarlo:: last_accepted_score,lowest_score: -931.333 -931.333
protocols.motifs.Motif: Res1 name is HIS
protocols.motifs.Motif: atom1 name is OOC
protocols.motifs.Motif: atom2 name is S
protocols.motifs.Motif: atom3 name is OOC
protocols.motifs.Motif: Res1 name is HIS
protocols.motifs.Motif: atom1 name is OOC
protocols.motifs.Motif: atom2 name is S
protocols.motifs.Motif: atom3 name is OOC
protocols.motifs.Motif: Res1 name is HIS
protocols.motifs.Motif: atom1 name is OOC
protocols.motifs.Motif: atom2 name is S
protocols.motifs.Motif: atom3 name is OOC
protocols.motifs.Motif: Res1 name is LEU
protocols.motifs.Motif: atom1 name is F
protocols.motifs.Motif: atom2 name is COO
protocols.motifs.Motif: atom3 name is S
protocols.motifs.Motif: Res1 name is THR
protocols.motifs.Motif: atom1 name is OOC
protocols.motifs.Motif: atom2 name is S
protocols.motifs.Motif: atom3 name is OOC
protocols.motifs.Motif: Res1 name is THR
protocols.motifs.Motif: atom1 name is F
protocols.motifs.Motif: atom2 name is COO
protocols.motifs.Motif: atom3 name is S
core.pack.task: Packer task: initialize from command line() 
core.pack.task: Packer task: initialize from command line() 
core.pack.task: Packer task: initialize from command line() 
protocols.moves.MonteCarlo: MonteCarlo:: last_accepted_score,lowest_score: -926.625 -926.625
protocols.motifs.Motif: Res1 name is HIS
protocols.motifs.Motif: atom1 name is OOC
protocols.motifs.Motif: atom2 name is S
protocols.motifs.Motif: atom3 name is OOC
protocols.motifs.Motif: Res1 name is LEU
protocols.motifs.Motif: atom1 name is F
protocols.motifs.Motif: atom2 name is COO
protocols.motifs.Motif: atom3 name is S
protocols.motifs.Motif: Res1 name is THR
protocols.motifs.Motif: atom1 name is F
protocols.motifs.Motif: atom2 name is COO
protocols.motifs.Motif: atom3 name is S
core.pack.task: Packer task: initialize from command line() 
core.pack.task: Packer task: initialize from command line() 
core.pack.task: Packer task: initialize from command line() 
protocols.moves.MonteCarlo: MonteCarlo:: last_accepted_score,lowest_score: -931.564 -931.564
protocols.motifs.Motif: Res1 name is HIS
protocols.motifs.Motif: atom1 name is OOC
protocols.motifs.Motif: atom2 name is S
protocols.motifs.Motif: atom3 name is OOC
protocols.motifs.Motif: Res1 name is HIS
protocols.motifs.Motif: atom1 name is NH2O
protocols.motifs.Motif: atom2 name is S
protocols.motifs.Motif: atom3 name is OOC
protocols.motifs.Motif: Res1 name is VAL
protocols.motifs.Motif: atom1 name is F
protocols.motifs.Motif: atom2 name is COO
protocols.motifs.Motif: atom3 name is S
protocols.motifs.Motif: Res1 name is VAL
protocols.motifs.Motif: atom1 name is OOC
protocols.motifs.Motif: atom2 name is S
protocols.motifs.Motif: atom3 name is OOC
protocols.motifs.Motif: Res1 name is LEU
protocols.motifs.Motif: atom1 name is F
protocols.motifs.Motif: atom2 name is COO
protocols.motifs.Motif: atom3 name is S
protocols.motifs.Motif: Res1 name is THR
protocols.motifs.Motif: atom1 name is NH2O
protocols.motifs.Motif: atom2 name is S
protocols.motifs.Motif: atom3 name is OOC
protocols.motifs.Motif: Res1 name is TRP
protocols.motifs.Motif: atom1 name is OOC
protocols.motifs.Motif: atom2 name is S
protocols.motifs.Motif: atom3 name is OOC
core.pack.task: Packer task: initialize from command line() 
core.pack.task: Packer task: initialize from command line() 
core.pack.task: Packer task: initialize from command line() 
protocols.moves.MonteCarlo: MonteCarlo:: last_accepted_score,lowest_score: -927.876 -927.876
protocols.motifs.Motif: Res1 name is HIS
protocols.motifs.Motif: atom1 name is OOC
protocols.motifs.Motif: atom2 name is S
protocols.motifs.Motif: atom3 name is OOC
protocols.motifs.Motif: Res1 name is HIS
protocols.motifs.Motif: atom1 name is OOC
protocols.motifs.Motif: atom2 name is S
protocols.motifs.Motif: atom3 name is OOC
protocols.motifs.Motif: Res1 name is LEU
protocols.motifs.Motif: atom1 name is F
protocols.motifs.Motif: atom2 name is COO
protocols.motifs.Motif: atom3 name is S
protocols.motifs.Motif: Res1 name is THR
protocols.motifs.Motif: atom1 name is NH2O
protocols.motifs.Motif: atom2 name is S
protocols.motifs.Motif: atom3 name is OOC
protocols.motifs.Motif: Res1 name is THR
protocols.motifs.Motif: atom1 name is NH2O
protocols.motifs.Motif: atom2 name is S
protocols.motifs.Motif: atom3 name is OOC
core.pack.task: Packer task: initialize from command line() 
core.pack.task: Packer task: initialize from command line() 
core.pack.task: Packer task: initialize from command line() 
protocols.moves.MonteCarlo: MonteCarlo:: last_accepted_score,lowest_score: -929.376 -929.376
protocols.motifs.Motif: Res1 name is HIS
protocols.motifs.Motif: atom1 name is F
protocols.motifs.Motif: atom2 name is COO
protocols.motifs.Motif: atom3 name is S
protocols.motifs.Motif: Res1 name is HIS
protocols.motifs.Motif: atom1 name is F
protocols.motifs.Motif: atom2 name is COO
protocols.motifs.Motif: atom3 name is S
protocols.motifs.Motif: Res1 name is VAL
protocols.motifs.Motif: atom1 name is F
protocols.motifs.Motif: atom2 name is COO
protocols.motifs.Motif: atom3 name is S
protocols.motifs.Motif: Res1 name is LEU
protocols.motifs.Motif: atom1 name is OOC
protocols.motifs.Motif: atom2 name is S
protocols.motifs.Motif: atom3 name is OOC
protocols.motifs.Motif: Res1 name is THR
protocols.motifs.Motif: atom1 name is F
protocols.motifs.Motif: atom2 name is COO
protocols.motifs.Motif: atom3 name is S
core.pack.task: Packer task: initialize from command line() 
core.pack.task: Packer task: initialize from command line() 
core.pack.task: Packer task: initialize from command line() 
protocols.moves.MonteCarlo: MonteCarlo:: last_accepted_score,lowest_score: -930.436 -930.436
protocols.motifs.Motif: Res1 name is HIS
protocols.motifs.Motif: atom1 name is NH2O
protocols.motifs.Motif: atom2 name is S
protocols.motifs.Motif: atom3 name is OOC
protocols.motifs.Motif: Res1 name is HIS
protocols.motifs.Motif: atom1 name is NH2O
protocols.motifs.Motif: atom2 name is S
protocols.motifs.Motif: atom3 name is OOC
protocols.motifs.Motif: Res1 name is VAL
protocols.motifs.Motif: atom1 name is OOC
protocols.motifs.Motif: atom2 name is S
protocols.motifs.Motif: atom3 name is OOC
protocols.motifs.Motif: Res1 name is VAL
protocols.motifs.Motif: atom1 name is OOC
protocols.motifs.Motif: atom2 name is S
protocols.motifs.Motif: atom3 name is OOC
protocols.motifs.Motif: Res1 name is LEU
protocols.motifs.Motif: atom1 name is F
protocols.motifs.Motif: atom2 name is COO
protocols.motifs.Motif: atom3 name is S
protocols.motifs.Motif: Res1 name is TRP
protocols.motifs.Motif: atom1 name is OOC
protocols.motifs.Motif: atom2 name is S
protocols.motifs.Motif: atom3 name is OOC
core.pack.task: Packer task: initialize from command line() 
core.pack.task: Packer task: initialize from command line() 
core.pack.task: Packer task: initialize from command line() 
protocols.moves.MonteCarlo: MonteCarlo:: last_accepted_score,lowest_score: -929.192 -929.645
protocols.motifs.Motif: Res1 name is HIS
protocols.motifs.Motif: atom1 name is OOC
protocols.motifs.Motif: atom2 name is S
protocols.motifs.Motif: atom3 name is OOC
protocols.motifs.Motif: Res1 name is HIS
protocols.motifs.Motif: atom1 name is NH2O
protocols.motifs.Motif: atom2 name is S
protocols.motifs.Motif: atom3 name is OOC
protocols.motifs.Motif: Res1 name is LEU
protocols.motifs.Motif: atom1 name is F
protocols.motifs.Motif: atom2 name is COO
protocols.motifs.Motif: atom3 name is S
protocols.motifs.Motif: Res1 name is THR
protocols.motifs.Motif: atom1 name is OOC
protocols.motifs.Motif: atom2 name is S
protocols.motifs.Motif: atom3 name is OOC
core.pack.task: Packer task: initialize from command line() 
core.pack.task: Packer task: initialize from command line() 
core.pack.task: Packer task: initialize from command line() 
protocols.moves.MonteCarlo: MonteCarlo:: last_accepted_score,lowest_score: -929.148 -929.245
protocols.motifs.Motif: Res1 name is HIS
protocols.motifs.Motif: atom1 name is F
protocols.motifs.Motif: atom2 name is COO
protocols.motifs.Motif: atom3 name is S
protocols.motifs.Motif: Res1 name is HIS
protocols.motifs.Motif: atom1 name is OOC
protocols.motifs.Motif: atom2 name is S
protocols.motifs.Motif: atom3 name is OOC
protocols.motifs.Motif: Res1 name is VAL
protocols.motifs.Motif: atom1 name is OOC
protocols.motifs.Motif: atom2 name is S
protocols.motifs.Motif: atom3 name is OOC
protocols.motifs.Motif: Res1 name is LEU
protocols.motifs.Motif: atom1 name is NH2O
protocols.motifs.Motif: atom2 name is S
protocols.motifs.Motif: atom3 name is OOC
protocols.motifs.Motif: Res1 name is THR
protocols.motifs.Motif: atom1 name is OOC
protocols.motifs.Motif: atom2 name is S
protocols.motifs.Motif: atom3 name is OOC
protocols.motifs.Motif: Res1 name is TRP
protocols.motifs.Motif: atom1 name is NH2O
protocols.motifs.Motif: atom2 name is S
protocols.motifs.Motif: atom3 name is OOC
core.pack.task: Packer task: initialize from command line() 
core.pack.task: Packer task: initialize from command line() 
core.pack.task: Packer task: initialize from command line() 
protocols.moves.MonteCarlo: MonteCarlo:: last_accepted_score,lowest_score: -928.93 -929.463
protocols.motifs.Motif: Res1 name is HIS
protocols.motifs.Motif: atom1 name is OOC
protocols.motifs.Motif: atom2 name is S
protocols.motifs.Motif: atom3 name is OOC
protocols.motifs.Motif: Res1 name is HIS
protocols.motifs.Motif: atom1 name is OOC
protocols.motifs.Motif: atom2 name is S
protocols.motifs.Motif: atom3 name is OOC
protocols.motifs.Motif: Res1 name is HIS
protocols.motifs.Motif: atom1 name is OOC
protocols.motifs.Motif: atom2 name is S
protocols.motifs.Motif: atom3 name is OOC
protocols.motifs.Motif: Res1 name is LEU
protocols.motifs.Motif: atom1 name is F
protocols.motifs.Motif: atom2 name is COO
protocols.motifs.Motif: atom3 name is S
protocols.motifs.Motif: Res1 name is THR
protocols.motifs.Motif: atom1 name is OOC
protocols.motifs.Motif: atom2 name is S
protocols.motifs.Motif: atom3 name is OOC
core.pack.task: Packer task: initialize from command line() 
core.pack.task: Packer task: initialize from command line() 
core.pack.task: Packer task: initialize from command line() 
protocols.moves.MonteCarlo: MonteCarlo:: last_accepted_score,lowest_score: -926.604 -926.604
protocols.motifs.Motif: Res1 name is HIS
protocols.motifs.Motif: atom1 name is OOC
protocols.motifs.Motif: atom2 name is S
protocols.motifs.Motif: atom3 name is OOC
protocols.motifs.Motif: Res1 name is HIS
protocols.motifs.Motif: atom1 name is NH2O
protocols.motifs.Motif: atom2 name is S
protocols.motifs.Motif: atom3 name is OOC
protocols.motifs.Motif: Res1 name is VAL
protocols.motifs.Motif: atom1 name is NH2O
protocols.motifs.Motif: atom2 name is S
protocols.motifs.Motif: atom3 name is OOC
protocols.motifs.Motif: Res1 name is VAL
protocols.motifs.Motif: atom1 name is NH2O
protocols.motifs.Motif: atom2 name is S
protocols.motifs.Motif: atom3 name is OOC
protocols.motifs.Motif: Res1 name is LEU
protocols.motifs.Motif: atom1 name is F
protocols.motifs.Motif: atom2 name is COO
protocols.motifs.Motif: atom3 name is S
protocols.motifs.Motif: Res1 name is THR
protocols.motifs.Motif: atom1 name is F
protocols.motifs.Motif: atom2 name is COO
protocols.motifs.Motif: atom3 name is S
protocols.motifs.Motif: Res1 name is TRP
protocols.motifs.Motif: atom1 name is F
protocols.motifs.Motif: atom2 name is COO
protocols.motifs.Motif: atom3 name is S
core.pack.task: Packer task: initialize from command line() 
core.pack.task: Packer task: initialize from command line() 
core.pack.task: Packer task: initialize from command line() 
protocols.moves.MonteCarlo: MonteCarlo:: last_accepted_score,lowest_score: -928.391 -930.247
protocols.motifs.Motif: Res1 name is HIS
protocols.motifs.Motif: atom1 name is OOC
protocols.motifs.Motif: atom2 name is S
protocols.motifs.Motif: atom3 name is OOC
protocols.motifs.Motif: Res1 name is HIS
protocols.motifs.Motif: atom1 name is F
protocols.motifs.Motif: atom2 name is COO
protocols.motifs.Motif: atom3 name is S
protocols.motifs.Motif: Res1 name is LEU
protocols.motifs.Motif: atom1 name is F
protocols.motifs.Motif: atom2 name is COO
protocols.motifs.Motif: atom3 name is S
protocols.motifs.Motif: Res1 name is THR
protocols.motifs.Motif: atom1 name is F
protocols.motifs.Motif: atom2 name is COO
protocols.motifs.Motif: atom3 name is S
protocols.motifs.Motif: Res1 name is THR
protocols.motifs.Motif: atom1 name is OOC
protocols.motifs.Motif: atom2 name is S
protocols.motifs.Motif: atom3 name is OOC
core.pack.task: Packer task: initialize from command line() 
core.pack.task: Packer task: initialize from command line() 
core.pack.task: Packer task: initialize from command line() 
protocols.moves.MonteCarlo: MonteCarlo:: last_accepted_score,lowest_score: -930.851 -930.851
protocols.motifs.Motif: Res1 name is HIS
protocols.motifs.Motif: atom1 name is OOC
protocols.motifs.Motif: atom2 name is S
protocols.motifs.Motif: atom3 name is OOC
protocols.motifs.Motif: Res1 name is HIS
protocols.motifs.Motif: atom1 name is OOC
protocols.motifs.Motif: atom2 name is S
protocols.motifs.Motif: atom3 name is OOC
protocols.motifs.Motif: Res1 name is VAL
protocols.motifs.Motif: atom1 name is F
protocols.motifs.Motif: atom2 name is COO
protocols.motifs.Motif: atom3 name is S
protocols.motifs.Motif: Res1 name is LEU
protocols.motifs.Motif: atom1 name is F
protocols.motifs.Motif: atom2 name is COO
protocols.motifs.Motif: atom3 name is S
protocols.motifs.Motif: Res1 name is THR
protocols.motifs.Motif: atom1 name is NH2O
protocols.motifs.Motif: atom2 name is S
protocols.motifs.Motif: atom3 name is OOC
protocols.motifs.Motif: Res1 name is THR
protocols.motifs.Motif: atom1 name is NH2O
protocols.motifs.Motif: atom2 name is S
protocols.motifs.Motif: atom3 name is OOC
core.pack.task: Packer task: initialize from command line() 
core.pack.task: Packer task: initialize from command line() 
core.pack.task: Packer task: initialize from command line() 
protocols.moves.MonteCarlo: MonteCarlo:: last_accepted_score,lowest_score: -930.374 -930.739
protocols.motifs.Motif: Res1 name is HIS
protocols.motifs.Motif: atom1 name is OOC
protocols.motifs.Motif: atom2 name is S
protocols.motifs.Motif: atom3 name is OOC
protocols.motifs.Motif: Res1 name is HIS
protocols.motifs.Motif: atom1 name is OOC
protocols.motifs.Motif: atom2 name is S
protocols.motifs.Motif: atom3 name is OOC
protocols.motifs.Motif: Res1 name is HIS
protocols.motifs.Motif: atom1 name is NH2O
protocols.motifs.Motif: atom2 name is S
protocols.motifs.Motif: atom3 name is OOC
protocols.motifs.Motif: Res1 name is LEU
protocols.motifs.Motif: atom1 name is F
protocols.motifs.Motif: atom2 name is COO
protocols.motifs.Motif: atom3 name is S
protocols.motifs.Motif: Res1 name is THR
protocols.motifs.Motif: atom1 name is OOC
protocols.motifs.Motif: atom2 name is S
protocols.motifs.Motif: atom3 name is OOC
protocols.motifs.Motif: Res1 name is THR
protocols.motifs.Motif: atom1 name is F
protocols.motifs.Motif: atom2 name is COO
protocols.motifs.Motif: atom3 name is S
core.pack.task: Packer task: initialize from command line() 
core.pack.task: Packer task: initialize from command line() 
core.pack.task: Packer task: initialize from command line() 
protocols.moves.MonteCarlo: MonteCarlo:: last_accepted_score,lowest_score: -928.304 -928.304
protocols.motifs.Motif: Res1 name is HIS
protocols.motifs.Motif: atom1 name is F
protocols.motifs.Motif: atom2 name is COO
protocols.motifs.Motif: atom3 name is S
protocols.motifs.Motif: Res1 name is HIS
protocols.motifs.Motif: atom1 name is F
protocols.motifs.Motif: atom2 name is COO
protocols.motifs.Motif: atom3 name is S
protocols.motifs.Motif: Res1 name is VAL
protocols.motifs.Motif: atom1 name is NH2O
protocols.motifs.Motif: atom2 name is S
protocols.motifs.Motif: atom3 name is OOC
protocols.motifs.Motif: Res1 name is LEU
protocols.motifs.Motif: atom1 name is OOC
protocols.motifs.Motif: atom2 name is S
protocols.motifs.Motif: atom3 name is OOC
protocols.motifs.Motif: Res1 name is THR
protocols.motifs.Motif: atom1 name is OOC
protocols.motifs.Motif: atom2 name is S
protocols.motifs.Motif: atom3 name is OOC
protocols.motifs.Motif: Res1 name is TRP
protocols.motifs.Motif: atom1 name is NH2O
protocols.motifs.Motif: atom2 name is S
protocols.motifs.Motif: atom3 name is OOC
core.pack.task: Packer task: initialize from command line() 
core.pack.task: Packer task: initialize from command line() 
core.pack.task: Packer task: initialize from command line() 
protocols.moves.MonteCarlo: MonteCarlo:: last_accepted_score,lowest_score: -930.251 -930.274
protocols.motifs.Motif: Res1 name is HIS
protocols.motifs.Motif: atom1 name is OOC
protocols.motifs.Motif: atom2 name is S
protocols.motifs.Motif: atom3 name is OOC
protocols.motifs.Motif: Res1 name is HIS
protocols.motifs.Motif: atom1 name is OOC
protocols.motifs.Motif: atom2 name is S
protocols.motifs.Motif: atom3 name is OOC
protocols.motifs.Motif: Res1 name is HIS
protocols.motifs.Motif: atom1 name is NH2O
protocols.motifs.Motif: atom2 name is S
protocols.motifs.Motif: atom3 name is OOC
protocols.motifs.Motif: Res1 name is LEU
protocols.motifs.Motif: atom1 name is F
protocols.motifs.Motif: atom2 name is COO
protocols.motifs.Motif: atom3 name is S
protocols.motifs.Motif: Res1 name is THR
protocols.motifs.Motif: atom1 name is F
protocols.motifs.Motif: atom2 name is COO
protocols.motifs.Motif: atom3 name is S
protocols.motifs.Motif: Res1 name is THR
protocols.motifs.Motif: atom1 name is F
protocols.motifs.Motif: atom2 name is COO
protocols.motifs.Motif: atom3 name is S
core.pack.task: Packer task: initialize from command line() 
core.pack.task: Packer task: initialize from command line() 
core.pack.task: Packer task: initialize from command line() 
protocols.moves.MonteCarlo: MonteCarlo:: last_accepted_score,lowest_score: -931.253 -931.253
protocols.motifs.Motif: Res1 name is HIS
protocols.motifs.Motif: atom1 name is OOC
protocols.motifs.Motif: atom2 name is S
protocols.motifs.Motif: atom3 name is OOC
protocols.motifs.Motif: Res1 name is HIS
protocols.motifs.Motif: atom1 name is OOC
protocols.motifs.Motif: atom2 name is S
protocols.motifs.Motif: atom3 name is OOC
protocols.motifs.Motif: Res1 name is LEU
protocols.motifs.Motif: atom1 name is F
protocols.motifs.Motif: atom2 name is COO
protocols.motifs.Motif: atom3 name is S
protocols.motifs.Motif: Res1 name is THR
protocols.motifs.Motif: atom1 name is NH2O
protocols.motifs.Motif: atom2 name is S
protocols.motifs.Motif: atom3 name is OOC
protocols.motifs.Motif: Res1 name is THR
protocols.motifs.Motif: atom1 name is F
protocols.motifs.Motif: atom2 name is COO
protocols.motifs.Motif: atom3 name is S
core.pack.task: Packer task: initialize from command line() 
core.pack.task: Packer task: initialize from command line() 
core.pack.task: Packer task: initialize from command line() 
protocols.moves.MonteCarlo: MonteCarlo:: last_accepted_score,lowest_score: -929.182 -929.639
protocols.motifs.Motif: Res1 name is HIS
protocols.motifs.Motif: atom1 name is OOC
protocols.motifs.Motif: atom2 name is S
protocols.motifs.Motif: atom3 name is OOC
protocols.motifs.Motif: Res1 name is HIS
protocols.motifs.Motif: atom1 name is NH2O
protocols.motifs.Motif: atom2 name is S
protocols.motifs.Motif: atom3 name is OOC
protocols.motifs.Motif: Res1 name is HIS
protocols.motifs.Motif: atom1 name is OOC
protocols.motifs.Motif: atom2 name is S
protocols.motifs.Motif: atom3 name is OOC
protocols.motifs.Motif: Res1 name is LEU
protocols.motifs.Motif: atom1 name is F
protocols.motifs.Motif: atom2 name is COO
protocols.motifs.Motif: atom3 name is S
protocols.motifs.Motif: Res1 name is THR
protocols.motifs.Motif: atom1 name is OOC
protocols.motifs.Motif: atom2 name is S
protocols.motifs.Motif: atom3 name is OOC
protocols.motifs.Motif: Res1 name is THR
protocols.motifs.Motif: atom1 name is F
protocols.motifs.Motif: atom2 name is COO
protocols.motifs.Motif: atom3 name is S
core.pack.task: Packer task: initialize from command line() 
core.pack.task: Packer task: initialize from command line() 
core.pack.task: Packer task: initialize from command line() 
protocols.moves.MonteCarlo: MonteCarlo:: last_accepted_score,lowest_score: -927.181 -927.181
protocols.motifs.Motif: Res1 name is HIS
protocols.motifs.Motif: atom1 name is OOC
protocols.motifs.Motif: atom2 name is S
protocols.motifs.Motif: atom3 name is OOC
protocols.motifs.Motif: Res1 name is HIS
protocols.motifs.Motif: atom1 name is OOC
protocols.motifs.Motif: atom2 name is S
protocols.motifs.Motif: atom3 name is OOC
protocols.motifs.Motif: Res1 name is HIS
protocols.motifs.Motif: atom1 name is OOC
protocols.motifs.Motif: atom2 name is S
protocols.motifs.Motif: atom3 name is OOC
protocols.motifs.Motif: Res1 name is VAL
protocols.motifs.Motif: atom1 name is F
protocols.motifs.Motif: atom2 name is COO
protocols.motifs.Motif: atom3 name is S
protocols.motifs.Motif: Res1 name is LEU
protocols.motifs.Motif: atom1 name is F
protocols.motifs.Motif: atom2 name is COO
protocols.motifs.Motif: atom3 name is S
protocols.motifs.Motif: Res1 name is THR
protocols.motifs.Motif: atom1 name is OOC
protocols.motifs.Motif: atom2 name is S
protocols.motifs.Motif: atom3 name is OOC
protocols.motifs.Motif: Res1 name is TRP
protocols.motifs.Motif: atom1 name is F
protocols.motifs.Motif: atom2 name is COO
protocols.motifs.Motif: atom3 name is S
core.pack.task: Packer task: initialize from command line() 
core.pack.task: Packer task: initialize from command line() 
core.pack.task: Packer task: initialize from command line() 
protocols.moves.MonteCarlo: MonteCarlo:: last_accepted_score,lowest_score: -931.262 -931.445
protocols.motifs.Motif: Res1 name is HIS
protocols.motifs.Motif: atom1 name is OOC
protocols.motifs.Motif: atom2 name is S
protocols.motifs.Motif: atom3 name is OOC
protocols.motifs.Motif: Res1 name is HIS
protocols.motifs.Motif: atom1 name is F
protocols.motifs.Motif: atom2 name is COO
protocols.motifs.Motif: atom3 name is S
protocols.motifs.Motif: Res1 name is LEU
protocols.motifs.Motif: atom1 name is F
protocols.motifs.Motif: atom2 name is COO
protocols.motifs.Motif: atom3 name is S
protocols.motifs.Motif: Res1 name is THR
protocols.motifs.Motif: atom1 name is OOC
protocols.motifs.Motif: atom2 name is S
protocols.motifs.Motif: atom3 name is OOC
protocols.motifs.Motif: Res1 name is THR
protocols.motifs.Motif: atom1 name is OOC
protocols.motifs.Motif: atom2 name is S
protocols.motifs.Motif: atom3 name is OOC
core.pack.task: Packer task: initialize from command line() 
core.pack.task: Packer task: initialize from command line() 
core.pack.task: Packer task: initialize from command line() 
protocols.moves.MonteCarlo: MonteCarlo:: last_accepted_score,lowest_score: -929.456 -929.456
protocols.motifs.Motif: Res1 name is HIS
protocols.motifs.Motif: atom1 name is OOC
protocols.motifs.Motif: atom2 name is S
protocols.motifs.Motif: atom3 name is OOC
protocols.motifs.Motif: Res1 name is HIS
protocols.motifs.Motif: atom1 name is OOC
protocols.motifs.Motif: atom2 name is S
protocols.motifs.Motif: atom3 name is OOC
protocols.motifs.Motif: Res1 name is HIS
protocols.motifs.Motif: atom1 name is OOC
protocols.motifs.Motif: atom2 name is S
protocols.motifs.Motif: atom3 name is OOC
protocols.motifs.Motif: Res1 name is VAL
protocols.motifs.Motif: atom1 name is F
protocols.motifs.Motif: atom2 name is COO
protocols.motifs.Motif: atom3 name is S
protocols.motifs.Motif: Res1 name is THR
protocols.motifs.Motif: atom1 name is NH2O
protocols.motifs.Motif: atom2 name is S
protocols.motifs.Motif: atom3 name is OOC
protocols.motifs.Motif: Res1 name is THR
protocols.motifs.Motif: atom1 name is NH2O
protocols.motifs.Motif: atom2 name is S
protocols.motifs.Motif: atom3 name is OOC
core.pack.task: Packer task: initialize from command line() 
core.pack.task: Packer task: initialize from command line() 
core.pack.task: Packer task: initialize from command line() 
protocols.moves.MonteCarlo: MonteCarlo:: last_accepted_score,lowest_score: -931.679 -931.679
protocols.motifs.Motif: Res1 name is HIS
protocols.motifs.Motif: atom1 name is OOC
protocols.motifs.Motif: atom2 name is S
protocols.motifs.Motif: atom3 name is OOC
protocols.motifs.Motif: Res1 name is HIS
protocols.motifs.Motif: atom1 name is F
protocols.motifs.Motif: atom2 name is COO
protocols.motifs.Motif: atom3 name is S
protocols.motifs.Motif: Res1 name is LEU
protocols.motifs.Motif: atom1 name is NH2O
protocols.motifs.Motif: atom2 name is S
protocols.motifs.Motif: atom3 name is OOC
protocols.motifs.Motif: Res1 name is THR
protocols.motifs.Motif: atom1 name is NH2O
protocols.motifs.Motif: atom2 name is S
protocols.motifs.Motif: atom3 name is OOC
protocols.motifs.Motif: Res1 name is THR
protocols.motifs.Motif: atom1 name is NH2O
protocols.motifs.Motif: atom2 name is S
protocols.motifs.Motif: atom3 name is OOC
core.pack.task: Packer task: initialize from command line() 
core.pack.task: Packer task: initialize from command line() 
core.pack.task: Packer task: initialize from command line() 
protocols.moves.MonteCarlo: MonteCarlo:: last_accepted_score,lowest_score: -928.868 -928.868
protocols.motifs.Motif: Res1 name is HIS
protocols.motifs.Motif: atom1 name is OOC
protocols.motifs.Motif: atom2 name is S
protocols.motifs.Motif: atom3 name is OOC
protocols.motifs.Motif: Res1 name is HIS
protocols.motifs.Motif: atom1 name is OOC
protocols.motifs.Motif: atom2 name is S
protocols.motifs.Motif: atom3 name is OOC
protocols.motifs.Motif: Res1 name is HIS
protocols.motifs.Motif: atom1 name is NH2O
protocols.motifs.Motif: atom2 name is S
protocols.motifs.Motif: atom3 name is OOC
protocols.motifs.Motif: Res1 name is LEU
protocols.motifs.Motif: atom1 name is F
protocols.motifs.Motif: atom2 name is COO
protocols.motifs.Motif: atom3 name is S
protocols.motifs.Motif: Res1 name is THR
protocols.motifs.Motif: atom1 name is NH2O
protocols.motifs.Motif: atom2 name is S
protocols.motifs.Motif: atom3 name is OOC
protocols.motifs.Motif: Res1 name is THR
protocols.motifs.Motif: atom1 name is F
protocols.motifs.Motif: atom2 name is COO
protocols.motifs.Motif: atom3 name is S
core.pack.task: Packer task: initialize from command line() 
core.pack.task: Packer task: initialize from command line() 
core.pack.task: Packer task: initialize from command line() 
protocols.moves.MonteCarlo: MonteCarlo:: last_accepted_score,lowest_score: -929.135 -929.384
protocols.motifs.Motif: Res1 name is HIS
protocols.motifs.Motif: atom1 name is OOC
protocols.motifs.Motif: atom2 name is S
protocols.motifs.Motif: atom3 name is OOC
protocols.motifs.Motif: Res1 name is HIS
protocols.motifs.Motif: atom1 name is NH2O
protocols.motifs.Motif: atom2 name is S
protocols.motifs.Motif: atom3 name is OOC
protocols.motifs.Motif: Res1 name is HIS
protocols.motifs.Motif: atom1 name is NH2O
protocols.motifs.Motif: atom2 name is S
protocols.motifs.Motif: atom3 name is OOC
protocols.motifs.Motif: Res1 name is LEU
protocols.motifs.Motif: atom1 name is F
protocols.motifs.Motif: atom2 name is COO
protocols.motifs.Motif: atom3 name is S
protocols.motifs.Motif: Res1 name is THR
protocols.motifs.Motif: atom1 name is NH2O
protocols.motifs.Motif: atom2 name is S
protocols.motifs.Motif: atom3 name is OOC
protocols.motifs.Motif: Res1 name is THR
protocols.motifs.Motif: atom1 name is F
protocols.motifs.Motif: atom2 name is COO
protocols.motifs.Motif: atom3 name is S
core.pack.task: Packer task: initialize from command line() 
core.pack.task: Packer task: initialize from command line() 
core.pack.task: Packer task: initialize from command line() 
protocols.moves.MonteCarlo: MonteCarlo:: last_accepted_score,lowest_score: -929.94 -929.94
protocols.motifs.Motif: Res1 name is HIS
protocols.motifs.Motif: atom1 name is OOC
protocols.motifs.Motif: atom2 name is S
protocols.motifs.Motif: atom3 name is OOC
protocols.motifs.Motif: Res1 name is HIS
protocols.motifs.Motif: atom1 name is OOC
protocols.motifs.Motif: atom2 name is S
protocols.motifs.Motif: atom3 name is OOC
protocols.motifs.Motif: Res1 name is HIS
protocols.motifs.Motif: atom1 name is OOC
protocols.motifs.Motif: atom2 name is S
protocols.motifs.Motif: atom3 name is OOC
protocols.motifs.Motif: Res1 name is LEU
protocols.motifs.Motif: atom1 name is F
protocols.motifs.Motif: atom2 name is COO
protocols.motifs.Motif: atom3 name is S
protocols.motifs.Motif: Res1 name is THR
protocols.motifs.Motif: atom1 name is OOC
protocols.motifs.Motif: atom2 name is S
protocols.motifs.Motif: atom3 name is OOC
protocols.motifs.Motif: Res1 name is THR
protocols.motifs.Motif: atom1 name is NH2O
protocols.motifs.Motif: atom2 name is S
protocols.motifs.Motif: atom3 name is OOC
core.pack.task: Packer task: initialize from command line() 
core.pack.task: Packer task: initialize from command line() 
core.pack.task: Packer task: initialize from command line() 
protocols.moves.MonteCarlo: MonteCarlo:: last_accepted_score,lowest_score: -930.016 -930.016
protocols.motifs.Motif: Res1 name is HIS
protocols.motifs.Motif: atom1 name is OOC
protocols.motifs.Motif: atom2 name is S
protocols.motifs.Motif: atom3 name is OOC
protocols.motifs.Motif: Res1 name is HIS
protocols.motifs.Motif: atom1 name is NH2O
protocols.motifs.Motif: atom2 name is S
protocols.motifs.Motif: atom3 name is OOC
protocols.motifs.Motif: Res1 name is HIS
protocols.motifs.Motif: atom1 name is NH2O
protocols.motifs.Motif: atom2 name is S
protocols.motifs.Motif: atom3 name is OOC
protocols.motifs.Motif: Res1 name is LEU
protocols.motifs.Motif: atom1 name is F
protocols.motifs.Motif: atom2 name is COO
protocols.motifs.Motif: atom3 name is S
protocols.motifs.Motif: Res1 name is THR
protocols.motifs.Motif: atom1 name is OOC
protocols.motifs.Motif: atom2 name is S
protocols.motifs.Motif: atom3 name is OOC
core.pack.task: Packer task: initialize from command line() 
core.pack.task: Packer task: initialize from command line() 
core.pack.task: Packer task: initialize from command line() 
protocols.moves.MonteCarlo: MonteCarlo:: last_accepted_score,lowest_score: -931.048 -931.127
protocols.motifs.Motif: Res1 name is HIS
protocols.motifs.Motif: atom1 name is OOC
protocols.motifs.Motif: atom2 name is S
protocols.motifs.Motif: atom3 name is OOC
protocols.motifs.Motif: Res1 name is HIS
protocols.motifs.Motif: atom1 name is OOC
protocols.motifs.Motif: atom2 name is S
protocols.motifs.Motif: atom3 name is OOC
protocols.motifs.Motif: Res1 name is VAL
protocols.motifs.Motif: atom1 name is OOC
protocols.motifs.Motif: atom2 name is S
protocols.motifs.Motif: atom3 name is OOC
protocols.motifs.Motif: Res1 name is LEU
protocols.motifs.Motif: atom1 name is F
protocols.motifs.Motif: atom2 name is COO
protocols.motifs.Motif: atom3 name is S
protocols.motifs.Motif: Res1 name is THR
protocols.motifs.Motif: atom1 name is F
protocols.motifs.Motif: atom2 name is COO
protocols.motifs.Motif: atom3 name is S
protocols.motifs.Motif: Res1 name is TRP
protocols.motifs.Motif: atom1 name is NH2O
protocols.motifs.Motif: atom2 name is S
protocols.motifs.Motif: atom3 name is OOC
core.pack.task: Packer task: initialize from command line() 
core.pack.task: Packer task: initialize from command line() 
core.pack.task: Packer task: initialize from command line() 
protocols.moves.MonteCarlo: MonteCarlo:: last_accepted_score,lowest_score: -932.113 -932.113
protocols.motifs.Motif: Res1 name is HIS
protocols.motifs.Motif: atom1 name is OOC
protocols.motifs.Motif: atom2 name is S
protocols.motifs.Motif: atom3 name is OOC
protocols.motifs.Motif: Res1 name is HIS
protocols.motifs.Motif: atom1 name is OOC
protocols.motifs.Motif: atom2 name is S
protocols.motifs.Motif: atom3 name is OOC
protocols.motifs.Motif: Res1 name is HIS
protocols.motifs.Motif: atom1 name is F
protocols.motifs.Motif: atom2 name is COO
protocols.motifs.Motif: atom3 name is S
protocols.motifs.Motif: Res1 name is THR
protocols.motifs.Motif: atom1 name is OOC
protocols.motifs.Motif: atom2 name is S
protocols.motifs.Motif: atom3 name is OOC
protocols.motifs.Motif: Res1 name is THR
protocols.motifs.Motif: atom1 name is NH2O
protocols.motifs.Motif: atom2 name is S
protocols.motifs.Motif: atom3 name is OOC
core.pack.task: Packer task: initialize from command line() 
core.pack.task: Packer task: initialize from command line() 
core.pack.task: Packer task: initialize from command line() 
protocols.moves.MonteCarlo: MonteCarlo:: last_accepted_score,lowest_score: -930.618 -930.618
protocols.motifs.Motif: Res1 name is HIS
protocols.motifs.Motif: atom1 name is OOC
protocols.motifs.Motif: atom2 name is S
protocols.motifs.Motif: atom3 name is OOC
protocols.motifs.Motif: Res1 name is HIS
protocols.motifs.Motif: atom1 name is F
protocols.motifs.Motif: atom2 name is COO
protocols.motifs.Motif: atom3 name is S
protocols.motifs.Motif: Res1 name is LEU
protocols.motifs.Motif: atom1 name is NH2O
protocols.motifs.Motif: atom2 name is S
protocols.motifs.Motif: atom3 name is OOC
protocols.motifs.Motif: Res1 name is THR
protocols.motifs.Motif: atom1 name is F
protocols.motifs.Motif: atom2 name is COO
protocols.motifs.Motif: atom3 name is S
protocols.motifs.Motif: Res1 name is THR
protocols.motifs.Motif: atom1 name is OOC
protocols.motifs.Motif: atom2 name is S
protocols.motifs.Motif: atom3 name is OOC
core.pack.task: Packer task: initialize from command line() 
core.pack.task: Packer task: initialize from command line() 
core.pack.task: Packer task: initialize from command line() 
protocols.moves.MonteCarlo: MonteCarlo:: last_accepted_score,lowest_score: -929.165 -929.165
protocols.motifs.Motif: Res1 name is HIS
protocols.motifs.Motif: atom1 name is OOC
protocols.motifs.Motif: atom2 name is S
protocols.motifs.Motif: atom3 name is OOC
protocols.motifs.Motif: Res1 name is HIS
protocols.motifs.Motif: atom1 name is OOC
protocols.motifs.Motif: atom2 name is S
protocols.motifs.Motif: atom3 name is OOC
protocols.motifs.Motif: Res1 name is HIS
protocols.motifs.Motif: atom1 name is OOC
protocols.motifs.Motif: atom2 name is S
protocols.motifs.Motif: atom3 name is OOC
protocols.motifs.Motif: Res1 name is LEU
protocols.motifs.Motif: atom1 name is F
protocols.motifs.Motif: atom2 name is COO
protocols.motifs.Motif: atom3 name is S
protocols.motifs.Motif: Res1 name is THR
protocols.motifs.Motif: atom1 name is OOC
protocols.motifs.Motif: atom2 name is S
protocols.motifs.Motif: atom3 name is OOC
protocols.motifs.Motif: Res1 name is THR
protocols.motifs.Motif: atom1 name is F
protocols.motifs.Motif: atom2 name is COO
protocols.motifs.Motif: atom3 name is S
core.pack.task: Packer task: initialize from command line() 
core.pack.task: Packer task: initialize from command line() 
core.pack.task: Packer task: initialize from command line() 
protocols.moves.MonteCarlo: MonteCarlo:: last_accepted_score,lowest_score: -929.617 -929.617
protocols.motifs.Motif: Res1 name is HIS
protocols.motifs.Motif: atom1 name is OOC
protocols.motifs.Motif: atom2 name is S
protocols.motifs.Motif: atom3 name is OOC
protocols.motifs.Motif: Res1 name is HIS
protocols.motifs.Motif: atom1 name is F
protocols.motifs.Motif: atom2 name is COO
protocols.motifs.Motif: atom3 name is S
protocols.motifs.Motif: Res1 name is VAL
protocols.motifs.Motif: atom1 name is F
protocols.motifs.Motif: atom2 name is COO
protocols.motifs.Motif: atom3 name is S
protocols.motifs.Motif: Res1 name is LEU
protocols.motifs.Motif: atom1 name is OOC
protocols.motifs.Motif: atom2 name is S
protocols.motifs.Motif: atom3 name is OOC
protocols.motifs.Motif: Res1 name is THR
protocols.motifs.Motif: atom1 name is OOC
protocols.motifs.Motif: atom2 name is S
protocols.motifs.Motif: atom3 name is OOC
protocols.motifs.Motif: Res1 name is THR
protocols.motifs.Motif: atom1 name is NH2O
protocols.motifs.Motif: atom2 name is S
protocols.motifs.Motif: atom3 name is OOC
protocols.motifs.Motif: Res1 name is TRP
protocols.motifs.Motif: atom1 name is F
protocols.motifs.Motif: atom2 name is COO
protocols.motifs.Motif: atom3 name is S
core.pack.task: Packer task: initialize from command line() 
core.pack.task: Packer task: initialize from command line() 
core.pack.task: Packer task: initialize from command line() 
protocols.moves.MonteCarlo: MonteCarlo:: last_accepted_score,lowest_score: -929.132 -930.306
protocols.motifs.Motif: Res1 name is HIS
protocols.motifs.Motif: atom1 name is OOC
protocols.motifs.Motif: atom2 name is S
protocols.motifs.Motif: atom3 name is OOC
protocols.motifs.Motif: Res1 name is HIS
protocols.motifs.Motif: atom1 name is NH2O
protocols.motifs.Motif: atom2 name is S
protocols.motifs.Motif: atom3 name is OOC
protocols.motifs.Motif: Res1 name is HIS
protocols.motifs.Motif: atom1 name is OOC
protocols.motifs.Motif: atom2 name is S
protocols.motifs.Motif: atom3 name is OOC
protocols.motifs.Motif: Res1 name is LEU
protocols.motifs.Motif: atom1 name is F
protocols.motifs.Motif: atom2 name is COO
protocols.motifs.Motif: atom3 name is S
protocols.motifs.Motif: Res1 name is THR
protocols.motifs.Motif: atom1 name is OOC
protocols.motifs.Motif: atom2 name is S
protocols.motifs.Motif: atom3 name is OOC
core.pack.task: Packer task: initialize from command line() 
core.pack.task: Packer task: initialize from command line() 
core.pack.task: Packer task: initialize from command line() 
protocols.moves.MonteCarlo: MonteCarlo:: last_accepted_score,lowest_score: -929.973 -929.973
protocols.motifs.Motif: Res1 name is HIS
protocols.motifs.Motif: atom1 name is OOC
protocols.motifs.Motif: atom2 name is S
protocols.motifs.Motif: atom3 name is OOC
protocols.motifs.Motif: Res1 name is HIS
protocols.motifs.Motif: atom1 name is OOC
protocols.motifs.Motif: atom2 name is S
protocols.motifs.Motif: atom3 name is OOC
protocols.motifs.Motif: Res1 name is LEU
protocols.motifs.Motif: atom1 name is F
protocols.motifs.Motif: atom2 name is COO
protocols.motifs.Motif: atom3 name is S
protocols.motifs.Motif: Res1 name is THR
protocols.motifs.Motif: atom1 name is NH2O
protocols.motifs.Motif: atom2 name is S
protocols.motifs.Motif: atom3 name is OOC
protocols.motifs.Motif: Res1 name is TRP
protocols.motifs.Motif: atom1 name is OOC
protocols.motifs.Motif: atom2 name is S
protocols.motifs.Motif: atom3 name is OOC
core.pack.task: Packer task: initialize from command line() 
core.pack.task: Packer task: initialize from command line() 
core.pack.task: Packer task: initialize from command line() 
protocols.moves.MonteCarlo: MonteCarlo:: last_accepted_score,lowest_score: -930.683 -930.955
protocols.motifs.Motif: Res1 name is HIS
protocols.motifs.Motif: atom1 name is OOC
protocols.motifs.Motif: atom2 name is S
protocols.motifs.Motif: atom3 name is OOC
protocols.motifs.Motif: Res1 name is HIS
protocols.motifs.Motif: atom1 name is OOC
protocols.motifs.Motif: atom2 name is S
protocols.motifs.Motif: atom3 name is OOC
protocols.motifs.Motif: Res1 name is HIS
protocols.motifs.Motif: atom1 name is OOC
protocols.motifs.Motif: atom2 name is S
protocols.motifs.Motif: atom3 name is OOC
protocols.motifs.Motif: Res1 name is VAL
protocols.motifs.Motif: atom1 name is F
protocols.motifs.Motif: atom2 name is COO
protocols.motifs.Motif: atom3 name is S
protocols.motifs.Motif: Res1 name is THR
protocols.motifs.Motif: atom1 name is OOC
protocols.motifs.Motif: atom2 name is S
protocols.motifs.Motif: atom3 name is OOC
core.pack.task: Packer task: initialize from command line() 
core.pack.task: Packer task: initialize from command line() 
core.pack.task: Packer task: initialize from command line() 
protocols.moves.MonteCarlo: MonteCarlo:: last_accepted_score,lowest_score: -928.334 -928.334
protocols.motifs.Motif: Res1 name is HIS
protocols.motifs.Motif: atom1 name is F
protocols.motifs.Motif: atom2 name is COO
protocols.motifs.Motif: atom3 name is S
protocols.motifs.Motif: Res1 name is HIS
protocols.motifs.Motif: atom1 name is F
protocols.motifs.Motif: atom2 name is COO
protocols.motifs.Motif: atom3 name is S
protocols.motifs.Motif: Res1 name is LEU
protocols.motifs.Motif: atom1 name is NH2O
protocols.motifs.Motif: atom2 name is S
protocols.motifs.Motif: atom3 name is OOC
protocols.motifs.Motif: Res1 name is THR
protocols.motifs.Motif: atom1 name is OOC
protocols.motifs.Motif: atom2 name is S
protocols.motifs.Motif: atom3 name is OOC
protocols.motifs.Motif: Res1 name is THR
protocols.motifs.Motif: atom1 name is OOC
protocols.motifs.Motif: atom2 name is S
protocols.motifs.Motif: atom3 name is OOC
core.pack.task: Packer task: initialize from command line() 
core.pack.task: Packer task: initialize from command line() 
core.pack.task: Packer task: initialize from command line() 
protocols.moves.MonteCarlo: MonteCarlo:: last_accepted_score,lowest_score: -927.304 -928.382
protocols.motifs.Motif: Res1 name is HIS
protocols.motifs.Motif: atom1 name is OOC
protocols.motifs.Motif: atom2 name is S
protocols.motifs.Motif: atom3 name is OOC
protocols.motifs.Motif: Res1 name is HIS
protocols.motifs.Motif: atom1 name is OOC
protocols.motifs.Motif: atom2 name is S
protocols.motifs.Motif: atom3 name is OOC
protocols.motifs.Motif: Res1 name is HIS
protocols.motifs.Motif: atom1 name is OOC
protocols.motifs.Motif: atom2 name is S
protocols.motifs.Motif: atom3 name is OOC
protocols.motifs.Motif: Res1 name is LEU
protocols.motifs.Motif: atom1 name is F
protocols.motifs.Motif: atom2 name is COO
protocols.motifs.Motif: atom3 name is S
protocols.motifs.Motif: Res1 name is THR
protocols.motifs.Motif: atom1 name is F
protocols.motifs.Motif: atom2 name is COO
protocols.motifs.Motif: atom3 name is S
protocols.motifs.Motif: Res1 name is THR
protocols.motifs.Motif: atom1 name is F
protocols.motifs.Motif: atom2 name is COO
protocols.motifs.Motif: atom3 name is S
core.pack.task: Packer task: initialize from command line() 
core.pack.task: Packer task: initialize from command line() 
core.pack.task: Packer task: initialize from command line() 
protocols.moves.MonteCarlo: MonteCarlo:: last_accepted_score,lowest_score: -927.608 -927.608
protocols.motifs.Motif: Res1 name is HIS
protocols.motifs.Motif: atom1 name is OOC
protocols.motifs.Motif: atom2 name is S
protocols.motifs.Motif: atom3 name is OOC
protocols.motifs.Motif: Res1 name is VAL
protocols.motifs.Motif: atom1 name is OOC
protocols.motifs.Motif: atom2 name is S
protocols.motifs.Motif: atom3 name is OOC
protocols.motifs.Motif: Res1 name is LEU
protocols.motifs.Motif: atom1 name is F
protocols.motifs.Motif: atom2 name is COO
protocols.motifs.Motif: atom3 name is S
protocols.motifs.Motif: Res1 name is THR
protocols.motifs.Motif: atom1 name is F
protocols.motifs.Motif: atom2 name is COO
protocols.motifs.Motif: atom3 name is S
core.pack.task: Packer task: initialize from command line() 
core.pack.task: Packer task: initialize from command line() 
core.pack.task: Packer task: initialize from command line() 
protocols.moves.MonteCarlo: MonteCarlo:: last_accepted_score,lowest_score: -929.683 -930.76
protocols.motifs.Motif: Res1 name is HIS
protocols.motifs.Motif: atom1 name is F
protocols.motifs.Motif: atom2 name is COO
protocols.motifs.Motif: atom3 name is S
protocols.motifs.Motif: Res1 name is HIS
protocols.motifs.Motif: atom1 name is NH2O
protocols.motifs.Motif: atom2 name is S
protocols.motifs.Motif: atom3 name is OOC
protocols.motifs.Motif: Res1 name is HIS
protocols.motifs.Motif: atom1 name is F
protocols.motifs.Motif: atom2 name is COO
protocols.motifs.Motif: atom3 name is S
protocols.motifs.Motif: Res1 name is LEU
protocols.motifs.Motif: atom1 name is OOC
protocols.motifs.Motif: atom2 name is S
protocols.motifs.Motif: atom3 name is OOC
protocols.motifs.Motif: Res1 name is THR
protocols.motifs.Motif: atom1 name is OOC
protocols.motifs.Motif: atom2 name is S
protocols.motifs.Motif: atom3 name is OOC
protocols.motifs.Motif: Res1 name is THR
protocols.motifs.Motif: atom1 name is OOC
protocols.motifs.Motif: atom2 name is S
protocols.motifs.Motif: atom3 name is OOC
core.pack.task: Packer task: initialize from command line() 
core.pack.task: Packer task: initialize from command line() 
core.pack.task: Packer task: initialize from command line() 
protocols.moves.MonteCarlo: MonteCarlo:: last_accepted_score,lowest_score: -928.98 -928.98
protocols.motifs.Motif: Res1 name is HIS
protocols.motifs.Motif: atom1 name is OOC
protocols.motifs.Motif: atom2 name is S
protocols.motifs.Motif: atom3 name is OOC
protocols.motifs.Motif: Res1 name is HIS
protocols.motifs.Motif: atom1 name is F
protocols.motifs.Motif: atom2 name is COO
protocols.motifs.Motif: atom3 name is S
protocols.motifs.Motif: Res1 name is LEU
protocols.motifs.Motif: atom1 name is NH2O
protocols.motifs.Motif: atom2 name is S
protocols.motifs.Motif: atom3 name is OOC
protocols.motifs.Motif: Res1 name is THR
protocols.motifs.Motif: atom1 name is OOC
protocols.motifs.Motif: atom2 name is S
protocols.motifs.Motif: atom3 name is OOC
protocols.motifs.Motif: Res1 name is THR
protocols.motifs.Motif: atom1 name is NH2O
protocols.motifs.Motif: atom2 name is S
protocols.motifs.Motif: atom3 name is OOC
core.pack.task: Packer task: initialize from command line() 
core.pack.task: Packer task: initialize from command line() 
core.pack.task: Packer task: initialize from command line() 
protocols.moves.MonteCarlo: MonteCarlo:: last_accepted_score,lowest_score: -930.041 -930.617
protocols.motifs.Motif: Res1 name is HIS
protocols.motifs.Motif: atom1 name is OOC
protocols.motifs.Motif: atom2 name is S
protocols.motifs.Motif: atom3 name is OOC
protocols.motifs.Motif: Res1 name is HIS
protocols.motifs.Motif: atom1 name is OOC
protocols.motifs.Motif: atom2 name is S
protocols.motifs.Motif: atom3 name is OOC
protocols.motifs.Motif: Res1 name is HIS
protocols.motifs.Motif: atom1 name is NH2O
protocols.motifs.Motif: atom2 name is S
protocols.motifs.Motif: atom3 name is OOC
protocols.motifs.Motif: Res1 name is LEU
protocols.motifs.Motif: atom1 name is F
protocols.motifs.Motif: atom2 name is COO
protocols.motifs.Motif: atom3 name is S
protocols.motifs.Motif: Res1 name is THR
protocols.motifs.Motif: atom1 name is OOC
protocols.motifs.Motif: atom2 name is S
protocols.motifs.Motif: atom3 name is OOC
protocols.motifs.Motif: Res1 name is THR
protocols.motifs.Motif: atom1 name is F
protocols.motifs.Motif: atom2 name is COO
protocols.motifs.Motif: atom3 name is S
core.pack.task: Packer task: initialize from command line() 
core.pack.task: Packer task: initialize from command line() 
core.pack.task: Packer task: initialize from command line() 
protocols.moves.MonteCarlo: MonteCarlo:: last_accepted_score,lowest_score: -931.203 -931.203
protocols.motifs.Motif: Res1 name is HIS
protocols.motifs.Motif: atom1 name is F
protocols.motifs.Motif: atom2 name is COO
protocols.motifs.Motif: atom3 name is S
protocols.motifs.Motif: Res1 name is HIS
protocols.motifs.Motif: atom1 name is OOC
protocols.motifs.Motif: atom2 name is S
protocols.motifs.Motif: atom3 name is OOC
protocols.motifs.Motif: Res1 name is LEU
protocols.motifs.Motif: atom1 name is F
protocols.motifs.Motif: atom2 name is COO
protocols.motifs.Motif: atom3 name is S
protocols.motifs.Motif: Res1 name is THR
protocols.motifs.Motif: atom1 name is OOC
protocols.motifs.Motif: atom2 name is S
protocols.motifs.Motif: atom3 name is OOC
protocols.motifs.Motif: Res1 name is THR
protocols.motifs.Motif: atom1 name is F
protocols.motifs.Motif: atom2 name is COO
protocols.motifs.Motif: atom3 name is S
protocols.motifs.Motif: Res1 name is TRP
protocols.motifs.Motif: atom1 name is NH2O
protocols.motifs.Motif: atom2 name is S
protocols.motifs.Motif: atom3 name is OOC
core.pack.task: Packer task: initialize from command line() 
core.pack.task: Packer task: initialize from command line() 
core.pack.task: Packer task: initialize from command line() 
protocols.moves.MonteCarlo: MonteCarlo:: last_accepted_score,lowest_score: -931.245 -931.245
protocols.motifs.Motif: Res1 name is HIS
protocols.motifs.Motif: atom1 name is OOC
protocols.motifs.Motif: atom2 name is S
protocols.motifs.Motif: atom3 name is OOC
protocols.motifs.Motif: Res1 name is HIS
protocols.motifs.Motif: atom1 name is OOC
protocols.motifs.Motif: atom2 name is S
protocols.motifs.Motif: atom3 name is OOC
protocols.motifs.Motif: Res1 name is LEU
protocols.motifs.Motif: atom1 name is F
protocols.motifs.Motif: atom2 name is COO
protocols.motifs.Motif: atom3 name is S
protocols.motifs.Motif: Res1 name is THR
protocols.motifs.Motif: atom1 name is NH2O
protocols.motifs.Motif: atom2 name is S
protocols.motifs.Motif: atom3 name is OOC
core.pack.task: Packer task: initialize from command line() 
core.pack.task: Packer task: initialize from command line() 
core.pack.task: Packer task: initialize from command line() 
protocols.moves.MonteCarlo: MonteCarlo:: last_accepted_score,lowest_score: -925.507 -925.507
protocols.motifs.Motif: Res1 name is HIS
protocols.motifs.Motif: atom1 name is OOC
protocols.motifs.Motif: atom2 name is S
protocols.motifs.Motif: atom3 name is OOC
protocols.motifs.Motif: Res1 name is HIS
protocols.motifs.Motif: atom1 name is OOC
protocols.motifs.Motif: atom2 name is S
protocols.motifs.Motif: atom3 name is OOC
protocols.motifs.Motif: Res1 name is LEU
protocols.motifs.Motif: atom1 name is F
protocols.motifs.Motif: atom2 name is COO
protocols.motifs.Motif: atom3 name is S
protocols.motifs.Motif: Res1 name is THR
protocols.motifs.Motif: atom1 name is F
protocols.motifs.Motif: atom2 name is COO
protocols.motifs.Motif: atom3 name is S
core.pack.task: Packer task: initialize from command line() 
core.pack.task: Packer task: initialize from command line() 
core.pack.task: Packer task: initialize from command line() 
protocols.moves.MonteCarlo: MonteCarlo:: last_accepted_score,lowest_score: -927.983 -928.215
protocols.motifs.Motif: Res1 name is HIS
protocols.motifs.Motif: atom1 name is OOC
protocols.motifs.Motif: atom2 name is S
protocols.motifs.Motif: atom3 name is OOC
protocols.motifs.Motif: Res1 name is VAL
protocols.motifs.Motif: atom1 name is OOC
protocols.motifs.Motif: atom2 name is S
protocols.motifs.Motif: atom3 name is OOC
protocols.motifs.Motif: Res1 name is LEU
protocols.motifs.Motif: atom1 name is NH2O
protocols.motifs.Motif: atom2 name is S
protocols.motifs.Motif: atom3 name is OOC
core.pack.task: Packer task: initialize from command line() 
core.pack.task: Packer task: initialize from command line() 
core.pack.task: Packer task: initialize from command line() 
protocols.moves.MonteCarlo: MonteCarlo:: last_accepted_score,lowest_score: -928.416 -929.132
protocols.motifs.Motif: Res1 name is HIS
protocols.motifs.Motif: atom1 name is OOC
protocols.motifs.Motif: atom2 name is S
protocols.motifs.Motif: atom3 name is OOC
protocols.motifs.Motif: Res1 name is HIS
protocols.motifs.Motif: atom1 name is OOC
protocols.motifs.Motif: atom2 name is S
protocols.motifs.Motif: atom3 name is OOC
protocols.motifs.Motif: Res1 name is HIS
protocols.motifs.Motif: atom1 name is OOC
protocols.motifs.Motif: atom2 name is S
protocols.motifs.Motif: atom3 name is OOC
protocols.motifs.Motif: Res1 name is LEU
protocols.motifs.Motif: atom1 name is F
protocols.motifs.Motif: atom2 name is COO
protocols.motifs.Motif: atom3 name is S
protocols.motifs.Motif: Res1 name is THR
protocols.motifs.Motif: atom1 name is OOC
protocols.motifs.Motif: atom2 name is S
protocols.motifs.Motif: atom3 name is OOC
protocols.motifs.Motif: Res1 name is THR
protocols.motifs.Motif: atom1 name is OOC
protocols.motifs.Motif: atom2 name is S
protocols.motifs.Motif: atom3 name is OOC
core.pack.task: Packer task: initialize from command line() 
core.pack.task: Packer task: initialize from command line() 
core.pack.task: Packer task: initialize from command line() 
protocols.moves.MonteCarlo: MonteCarlo:: last_accepted_score,lowest_score: -928.203 -928.854
protocols.motifs.Motif: Res1 name is HIS
protocols.motifs.Motif: atom1 name is OOC
protocols.motifs.Motif: atom2 name is S
protocols.motifs.Motif: atom3 name is OOC
protocols.motifs.Motif: Res1 name is HIS
protocols.motifs.Motif: atom1 name is NH2O
protocols.motifs.Motif: atom2 name is S
protocols.motifs.Motif: atom3 name is OOC
protocols.motifs.Motif: Res1 name is HIS
protocols.motifs.Motif: atom1 name is NH2O
protocols.motifs.Motif: atom2 name is S
protocols.motifs.Motif: atom3 name is OOC
protocols.motifs.Motif: Res1 name is VAL
protocols.motifs.Motif: atom1 name is F
protocols.motifs.Motif: atom2 name is COO
protocols.motifs.Motif: atom3 name is S
protocols.motifs.Motif: Res1 name is THR
protocols.motifs.Motif: atom1 name is NH2O
protocols.motifs.Motif: atom2 name is S
protocols.motifs.Motif: atom3 name is OOC
protocols.motifs.Motif: Res1 name is TRP
protocols.motifs.Motif: atom1 name is F
protocols.motifs.Motif: atom2 name is COO
protocols.motifs.Motif: atom3 name is S
core.pack.task: Packer task: initialize from command line() 
core.pack.task: Packer task: initialize from command line() 
core.pack.task: Packer task: initialize from command line() 
protocols.moves.MonteCarlo: MonteCarlo:: last_accepted_score,lowest_score: -881.538 -881.538
protocols.motifs.Motif: Res1 name is HIS
protocols.motifs.Motif: atom1 name is OOC
protocols.motifs.Motif: atom2 name is S
protocols.motifs.Motif: atom3 name is OOC
protocols.motifs.Motif: Res1 name is HIS
protocols.motifs.Motif: atom1 name is OOC
protocols.motifs.Motif: atom2 name is S
protocols.motifs.Motif: atom3 name is OOC
protocols.motifs.Motif: Res1 name is HIS
protocols.motifs.Motif: atom1 name is OOC
protocols.motifs.Motif: atom2 name is S
protocols.motifs.Motif: atom3 name is OOC
protocols.motifs.Motif: Res1 name is LEU
protocols.motifs.Motif: atom1 name is F
protocols.motifs.Motif: atom2 name is COO
protocols.motifs.Motif: atom3 name is S
protocols.motifs.Motif: Res1 name is THR
protocols.motifs.Motif: atom1 name is F
protocols.motifs.Motif: atom2 name is COO
protocols.motifs.Motif: atom3 name is S
protocols.motifs.Motif: Res1 name is THR
protocols.motifs.Motif: atom1 name is NH2O
protocols.motifs.Motif: atom2 name is S
protocols.motifs.Motif: atom3 name is OOC
protocols.motifs.Motif: Res1 name is TRP
protocols.motifs.Motif: atom1 name is F
protocols.motifs.Motif: atom2 name is COO
protocols.motifs.Motif: atom3 name is S
core.pack.task: Packer task: initialize from command line() 
core.pack.task: Packer task: initialize from command line() 
core.pack.task: Packer task: initialize from command line() 
protocols.moves.MonteCarlo: MonteCarlo:: last_accepted_score,lowest_score: -928.769 -929.327
protocols.motifs.Motif: Res1 name is HIS
protocols.motifs.Motif: atom1 name is F
protocols.motifs.Motif: atom2 name is COO
protocols.motifs.Motif: atom3 name is S
protocols.motifs.Motif: Res1 name is HIS
protocols.motifs.Motif: atom1 name is OOC
protocols.motifs.Motif: atom2 name is S
protocols.motifs.Motif: atom3 name is OOC
protocols.motifs.Motif: Res1 name is LEU
protocols.motifs.Motif: atom1 name is F
protocols.motifs.Motif: atom2 name is COO
protocols.motifs.Motif: atom3 name is S
protocols.motifs.Motif: Res1 name is THR
protocols.motifs.Motif: atom1 name is F
protocols.motifs.Motif: atom2 name is COO
protocols.motifs.Motif: atom3 name is S
protocols.motifs.Motif: Res1 name is THR
protocols.motifs.Motif: atom1 name is F
protocols.motifs.Motif: atom2 name is COO
protocols.motifs.Motif: atom3 name is S
core.pack.task: Packer task: initialize from command line() 
core.pack.task: Packer task: initialize from command line() 
core.pack.task: Packer task: initialize from command line() 
protocols.moves.MonteCarlo: MonteCarlo:: last_accepted_score,lowest_score: -926.487 -926.487
protocols.motifs.Motif: Res1 name is HIS
protocols.motifs.Motif: atom1 name is OOC
protocols.motifs.Motif: atom2 name is S
protocols.motifs.Motif: atom3 name is OOC
protocols.motifs.Motif: Res1 name is LEU
protocols.motifs.Motif: atom1 name is F
protocols.motifs.Motif: atom2 name is COO
protocols.motifs.Motif: atom3 name is S
protocols.motifs.Motif: Res1 name is THR
protocols.motifs.Motif: atom1 name is NH2O
protocols.motifs.Motif: atom2 name is S
protocols.motifs.Motif: atom3 name is OOC
core.pack.task: Packer task: initialize from command line() 
core.pack.task: Packer task: initialize from command line() 
core.pack.task: Packer task: initialize from command line() 
protocols.moves.MonteCarlo: MonteCarlo:: last_accepted_score,lowest_score: -930.948 -931.184
protocols.motifs.Motif: Res1 name is HIS
protocols.motifs.Motif: atom1 name is OOC
protocols.motifs.Motif: atom2 name is S
protocols.motifs.Motif: atom3 name is OOC
protocols.motifs.Motif: Res1 name is HIS
protocols.motifs.Motif: atom1 name is OOC
protocols.motifs.Motif: atom2 name is S
protocols.motifs.Motif: atom3 name is OOC
protocols.motifs.Motif: Res1 name is VAL
protocols.motifs.Motif: atom1 name is F
protocols.motifs.Motif: atom2 name is COO
protocols.motifs.Motif: atom3 name is S
protocols.motifs.Motif: Res1 name is VAL
protocols.motifs.Motif: atom1 name is F
protocols.motifs.Motif: atom2 name is COO
protocols.motifs.Motif: atom3 name is S
protocols.motifs.Motif: Res1 name is LEU
protocols.motifs.Motif: atom1 name is F
protocols.motifs.Motif: atom2 name is COO
protocols.motifs.Motif: atom3 name is S
protocols.motifs.Motif: Res1 name is THR
protocols.motifs.Motif: atom1 name is NH2O
protocols.motifs.Motif: atom2 name is S
protocols.motifs.Motif: atom3 name is OOC
protocols.motifs.Motif: Res1 name is TRP
protocols.motifs.Motif: atom1 name is OOC
protocols.motifs.Motif: atom2 name is S
protocols.motifs.Motif: atom3 name is OOC
core.pack.task: Packer task: initialize from command line() 
core.pack.task: Packer task: initialize from command line() 
core.pack.task: Packer task: initialize from command line() 
protocols.moves.MonteCarlo: MonteCarlo:: last_accepted_score,lowest_score: -928.339 -928.339
protocols.motifs.Motif: Res1 name is HIS
protocols.motifs.Motif: atom1 name is OOC
protocols.motifs.Motif: atom2 name is S
protocols.motifs.Motif: atom3 name is OOC
protocols.motifs.Motif: Res1 name is HIS
protocols.motifs.Motif: atom1 name is OOC
protocols.motifs.Motif: atom2 name is S
protocols.motifs.Motif: atom3 name is OOC
protocols.motifs.Motif: Res1 name is HIS
protocols.motifs.Motif: atom1 name is OOC
protocols.motifs.Motif: atom2 name is S
protocols.motifs.Motif: atom3 name is OOC
protocols.motifs.Motif: Res1 name is LEU
protocols.motifs.Motif: atom1 name is F
protocols.motifs.Motif: atom2 name is COO
protocols.motifs.Motif: atom3 name is S
protocols.motifs.Motif: Res1 name is THR
protocols.motifs.Motif: atom1 name is OOC
protocols.motifs.Motif: atom2 name is S
protocols.motifs.Motif: atom3 name is OOC
core.pack.task: Packer task: initialize from command line() 
core.pack.task: Packer task: initialize from command line() 
core.pack.task: Packer task: initialize from command line() 
protocols.moves.MonteCarlo: MonteCarlo:: last_accepted_score,lowest_score: -930.662 -930.662
protocols.motifs.Motif: Res1 name is HIS
protocols.motifs.Motif: atom1 name is OOC
protocols.motifs.Motif: atom2 name is S
protocols.motifs.Motif: atom3 name is OOC
protocols.motifs.Motif: Res1 name is HIS
protocols.motifs.Motif: atom1 name is NH2O
protocols.motifs.Motif: atom2 name is S
protocols.motifs.Motif: atom3 name is OOC
protocols.motifs.Motif: Res1 name is HIS
protocols.motifs.Motif: atom1 name is OOC
protocols.motifs.Motif: atom2 name is S
protocols.motifs.Motif: atom3 name is OOC
protocols.motifs.Motif: Res1 name is LEU
protocols.motifs.Motif: atom1 name is F
protocols.motifs.Motif: atom2 name is COO
protocols.motifs.Motif: atom3 name is S
protocols.motifs.Motif: Res1 name is THR
protocols.motifs.Motif: atom1 name is NH2O
protocols.motifs.Motif: atom2 name is S
protocols.motifs.Motif: atom3 name is OOC
protocols.motifs.Motif: Res1 name is THR
protocols.motifs.Motif: atom1 name is F
protocols.motifs.Motif: atom2 name is COO
protocols.motifs.Motif: atom3 name is S
core.pack.task: Packer task: initialize from command line() 
core.pack.task: Packer task: initialize from command line() 
core.pack.task: Packer task: initialize from command line() 
protocols.moves.MonteCarlo: MonteCarlo:: last_accepted_score,lowest_score: -928.575 -928.575
protocols.motifs.Motif: Res1 name is HIS
protocols.motifs.Motif: atom1 name is NH2O
protocols.motifs.Motif: atom2 name is S
protocols.motifs.Motif: atom3 name is OOC
protocols.motifs.Motif: Res1 name is HIS
protocols.motifs.Motif: atom1 name is NH2O
protocols.motifs.Motif: atom2 name is S
protocols.motifs.Motif: atom3 name is OOC
protocols.motifs.Motif: Res1 name is VAL
protocols.motifs.Motif: atom1 name is F
protocols.motifs.Motif: atom2 name is COO
protocols.motifs.Motif: atom3 name is S
protocols.motifs.Motif: Res1 name is LEU
protocols.motifs.Motif: atom1 name is F
protocols.motifs.Motif: atom2 name is COO
protocols.motifs.Motif: atom3 name is S
protocols.motifs.Motif: Res1 name is THR
protocols.motifs.Motif: atom1 name is F
protocols.motifs.Motif: atom2 name is COO
protocols.motifs.Motif: atom3 name is S
protocols.motifs.Motif: Res1 name is TRP
protocols.motifs.Motif: atom1 name is F
protocols.motifs.Motif: atom2 name is COO
protocols.motifs.Motif: atom3 name is S
core.pack.task: Packer task: initialize from command line() 
core.pack.task: Packer task: initialize from command line() 
core.pack.task: Packer task: initialize from command line() 
protocols.moves.MonteCarlo: MonteCarlo:: last_accepted_score,lowest_score: -928.478 -928.531
protocols.motifs.Motif: Res1 name is HIS
protocols.motifs.Motif: atom1 name is OOC
protocols.motifs.Motif: atom2 name is S
protocols.motifs.Motif: atom3 name is OOC
protocols.motifs.Motif: Res1 name is HIS
protocols.motifs.Motif: atom1 name is F
protocols.motifs.Motif: atom2 name is COO
protocols.motifs.Motif: atom3 name is S
protocols.motifs.Motif: Res1 name is LEU
protocols.motifs.Motif: atom1 name is OOC
protocols.motifs.Motif: atom2 name is S
protocols.motifs.Motif: atom3 name is OOC
protocols.motifs.Motif: Res1 name is THR
protocols.motifs.Motif: atom1 name is F
protocols.motifs.Motif: atom2 name is COO
protocols.motifs.Motif: atom3 name is S
protocols.motifs.Motif: Res1 name is THR
protocols.motifs.Motif: atom1 name is NH2O
protocols.motifs.Motif: atom2 name is S
protocols.motifs.Motif: atom3 name is OOC
core.pack.task: Packer task: initialize from command line() 
core.pack.task: Packer task: initialize from command line() 
core.pack.task: Packer task: initialize from command line() 
protocols.moves.MonteCarlo: MonteCarlo:: last_accepted_score,lowest_score: -931.706 -932.574
protocols.motifs.Motif: Res1 name is HIS
protocols.motifs.Motif: atom1 name is OOC
protocols.motifs.Motif: atom2 name is S
protocols.motifs.Motif: atom3 name is OOC
protocols.motifs.Motif: Res1 name is HIS
protocols.motifs.Motif: atom1 name is F
protocols.motifs.Motif: atom2 name is COO
protocols.motifs.Motif: atom3 name is S
protocols.motifs.Motif: Res1 name is VAL
protocols.motifs.Motif: atom1 name is F
protocols.motifs.Motif: atom2 name is COO
protocols.motifs.Motif: atom3 name is S
protocols.motifs.Motif: Res1 name is LEU
protocols.motifs.Motif: atom1 name is OOC
protocols.motifs.Motif: atom2 name is S
protocols.motifs.Motif: atom3 name is OOC
protocols.motifs.Motif: Res1 name is THR
protocols.motifs.Motif: atom1 name is NH2O
protocols.motifs.Motif: atom2 name is S
protocols.motifs.Motif: atom3 name is OOC
protocols.motifs.Motif: Res1 name is TRP
protocols.motifs.Motif: atom1 name is F
protocols.motifs.Motif: atom2 name is COO
protocols.motifs.Motif: atom3 name is S
core.pack.task: Packer task: initialize from command line() 
core.pack.task: Packer task: initialize from command line() 
core.pack.task: Packer task: initialize from command line() 
protocols.moves.MonteCarlo: MonteCarlo:: last_accepted_score,lowest_score: -929.47 -929.47
protocols.motifs.Motif: Res1 name is HIS
protocols.motifs.Motif: atom1 name is OOC
protocols.motifs.Motif: atom2 name is S
protocols.motifs.Motif: atom3 name is OOC
protocols.motifs.Motif: Res1 name is HIS
protocols.motifs.Motif: atom1 name is OOC
protocols.motifs.Motif: atom2 name is S
protocols.motifs.Motif: atom3 name is OOC
protocols.motifs.Motif: Res1 name is LEU
protocols.motifs.Motif: atom1 name is F
protocols.motifs.Motif: atom2 name is COO
protocols.motifs.Motif: atom3 name is S
protocols.motifs.Motif: Res1 name is THR
protocols.motifs.Motif: atom1 name is F
protocols.motifs.Motif: atom2 name is COO
protocols.motifs.Motif: atom3 name is S
protocols.motifs.Motif: Res1 name is THR
protocols.motifs.Motif: atom1 name is F
protocols.motifs.Motif: atom2 name is COO
protocols.motifs.Motif: atom3 name is S
core.pack.task: Packer task: initialize from command line() 
core.pack.task: Packer task: initialize from command line() 
core.pack.task: Packer task: initialize from command line() 
protocols.moves.MonteCarlo: MonteCarlo:: last_accepted_score,lowest_score: -931.459 -931.963
protocols.motifs.Motif: Res1 name is HIS
protocols.motifs.Motif: atom1 name is OOC
protocols.motifs.Motif: atom2 name is S
protocols.motifs.Motif: atom3 name is OOC
protocols.motifs.Motif: Res1 name is HIS
protocols.motifs.Motif: atom1 name is OOC
protocols.motifs.Motif: atom2 name is S
protocols.motifs.Motif: atom3 name is OOC
protocols.motifs.Motif: Res1 name is HIS
protocols.motifs.Motif: atom1 name is OOC
protocols.motifs.Motif: atom2 name is S
protocols.motifs.Motif: atom3 name is OOC
protocols.motifs.Motif: Res1 name is THR
protocols.motifs.Motif: atom1 name is OOC
protocols.motifs.Motif: atom2 name is S
protocols.motifs.Motif: atom3 name is OOC
protocols.motifs.Motif: Res1 name is THR
protocols.motifs.Motif: atom1 name is F
protocols.motifs.Motif: atom2 name is COO
protocols.motifs.Motif: atom3 name is S
protocols.motifs.Motif: Res1 name is TRP
protocols.motifs.Motif: atom1 name is NH2O
protocols.motifs.Motif: atom2 name is S
protocols.motifs.Motif: atom3 name is OOC
core.pack.task: Packer task: initialize from command line() 
core.pack.task: Packer task: initialize from command line() 
core.pack.task: Packer task: initialize from command line() 
protocols.moves.MonteCarlo: MonteCarlo:: last_accepted_score,lowest_score: -922.023 -924.099
protocols.motifs.Motif: Res1 name is HIS
protocols.motifs.Motif: atom1 name is OOC
protocols.motifs.Motif: atom2 name is S
protocols.motifs.Motif: atom3 name is OOC
protocols.motifs.Motif: Res1 name is LEU
protocols.motifs.Motif: atom1 name is F
protocols.motifs.Motif: atom2 name is COO
protocols.motifs.Motif: atom3 name is S
protocols.motifs.Motif: Res1 name is THR
protocols.motifs.Motif: atom1 name is F
protocols.motifs.Motif: atom2 name is COO
protocols.motifs.Motif: atom3 name is S
core.pack.task: Packer task: initialize from command line() 
core.pack.task: Packer task: initialize from command line() 
core.pack.task: Packer task: initialize from command line() 
protocols.moves.MonteCarlo: MonteCarlo:: last_accepted_score,lowest_score: -930.358 -931.603
protocols.motifs.Motif: Res1 name is HIS
protocols.motifs.Motif: atom1 name is OOC
protocols.motifs.Motif: atom2 name is S
protocols.motifs.Motif: atom3 name is OOC
protocols.motifs.Motif: Res1 name is HIS
protocols.motifs.Motif: atom1 name is OOC
protocols.motifs.Motif: atom2 name is S
protocols.motifs.Motif: atom3 name is OOC
protocols.motifs.Motif: Res1 name is HIS
protocols.motifs.Motif: atom1 name is NH2O
protocols.motifs.Motif: atom2 name is S
protocols.motifs.Motif: atom3 name is OOC
protocols.motifs.Motif: Res1 name is LEU
protocols.motifs.Motif: atom1 name is F
protocols.motifs.Motif: atom2 name is COO
protocols.motifs.Motif: atom3 name is S
protocols.motifs.Motif: Res1 name is THR
protocols.motifs.Motif: atom1 name is OOC
protocols.motifs.Motif: atom2 name is S
protocols.motifs.Motif: atom3 name is OOC
protocols.motifs.Motif: Res1 name is THR
protocols.motifs.Motif: atom1 name is F
protocols.motifs.Motif: atom2 name is COO
protocols.motifs.Motif: atom3 name is S
core.pack.task: Packer task: initialize from command line() 
core.pack.task: Packer task: initialize from command line() 
core.pack.task: Packer task: initialize from command line() 
protocols.moves.MonteCarlo: MonteCarlo:: last_accepted_score,lowest_score: -930.403 -930.933
protocols.motifs.Motif: Res1 name is HIS
protocols.motifs.Motif: atom1 name is OOC
protocols.motifs.Motif: atom2 name is S
protocols.motifs.Motif: atom3 name is OOC
protocols.motifs.Motif: Res1 name is HIS
protocols.motifs.Motif: atom1 name is NH2O
protocols.motifs.Motif: atom2 name is S
protocols.motifs.Motif: atom3 name is OOC
protocols.motifs.Motif: Res1 name is HIS
protocols.motifs.Motif: atom1 name is NH2O
protocols.motifs.Motif: atom2 name is S
protocols.motifs.Motif: atom3 name is OOC
protocols.motifs.Motif: Res1 name is LEU
protocols.motifs.Motif: atom1 name is F
protocols.motifs.Motif: atom2 name is COO
protocols.motifs.Motif: atom3 name is S
protocols.motifs.Motif: Res1 name is THR
protocols.motifs.Motif: atom1 name is NH2O
protocols.motifs.Motif: atom2 name is S
protocols.motifs.Motif: atom3 name is OOC
core.pack.task: Packer task: initialize from command line() 
core.pack.task: Packer task: initialize from command line() 
core.pack.task: Packer task: initialize from command line() 
protocols.moves.MonteCarlo: MonteCarlo:: last_accepted_score,lowest_score: -928.621 -929.797
protocols.motifs.Motif: Res1 name is HIS
protocols.motifs.Motif: atom1 name is OOC
protocols.motifs.Motif: atom2 name is S
protocols.motifs.Motif: atom3 name is OOC
protocols.motifs.Motif: Res1 name is HIS
protocols.motifs.Motif: atom1 name is OOC
protocols.motifs.Motif: atom2 name is S
protocols.motifs.Motif: atom3 name is OOC
protocols.motifs.Motif: Res1 name is HIS
protocols.motifs.Motif: atom1 name is OOC
protocols.motifs.Motif: atom2 name is S
protocols.motifs.Motif: atom3 name is OOC
protocols.motifs.Motif: Res1 name is LEU
protocols.motifs.Motif: atom1 name is F
protocols.motifs.Motif: atom2 name is COO
protocols.motifs.Motif: atom3 name is S
protocols.motifs.Motif: Res1 name is THR
protocols.motifs.Motif: atom1 name is OOC
protocols.motifs.Motif: atom2 name is S
protocols.motifs.Motif: atom3 name is OOC
core.pack.task: Packer task: initialize from command line() 
core.pack.task: Packer task: initialize from command line() 
core.pack.task: Packer task: initialize from command line() 
protocols.moves.MonteCarlo: MonteCarlo:: last_accepted_score,lowest_score: -930.984 -931.003
protocols.motifs.Motif: Res1 name is HIS
protocols.motifs.Motif: atom1 name is OOC
protocols.motifs.Motif: atom2 name is S
protocols.motifs.Motif: atom3 name is OOC
protocols.motifs.Motif: Res1 name is HIS
protocols.motifs.Motif: atom1 name is F
protocols.motifs.Motif: atom2 name is COO
protocols.motifs.Motif: atom3 name is S
protocols.motifs.Motif: Res1 name is LEU
protocols.motifs.Motif: atom1 name is F
protocols.motifs.Motif: atom2 name is COO
protocols.motifs.Motif: atom3 name is S
protocols.motifs.Motif: Res1 name is THR
protocols.motifs.Motif: atom1 name is OOC
protocols.motifs.Motif: atom2 name is S
protocols.motifs.Motif: atom3 name is OOC
protocols.motifs.Motif: Res1 name is THR
protocols.motifs.Motif: atom1 name is NH2O
protocols.motifs.Motif: atom2 name is S
protocols.motifs.Motif: atom3 name is OOC
core.pack.task: Packer task: initialize from command line() 
core.pack.task: Packer task: initialize from command line() 
core.pack.task: Packer task: initialize from command line() 
protocols.moves.MonteCarlo: MonteCarlo:: last_accepted_score,lowest_score: -930.307 -930.307
protocols.motifs.Motif: Res1 name is HIS
protocols.motifs.Motif: atom1 name is NH2O
protocols.motifs.Motif: atom2 name is S
protocols.motifs.Motif: atom3 name is OOC
protocols.motifs.Motif: Res1 name is HIS
protocols.motifs.Motif: atom1 name is F
protocols.motifs.Motif: atom2 name is COO
protocols.motifs.Motif: atom3 name is S
protocols.motifs.Motif: Res1 name is LEU
protocols.motifs.Motif: atom1 name is F
protocols.motifs.Motif: atom2 name is COO
protocols.motifs.Motif: atom3 name is S
protocols.motifs.Motif: Res1 name is THR
protocols.motifs.Motif: atom1 name is OOC
protocols.motifs.Motif: atom2 name is S
protocols.motifs.Motif: atom3 name is OOC
protocols.motifs.Motif: Res1 name is THR
protocols.motifs.Motif: atom1 name is OOC
protocols.motifs.Motif: atom2 name is S
protocols.motifs.Motif: atom3 name is OOC
core.pack.task: Packer task: initialize from command line() 
core.pack.task: Packer task: initialize from command line() 
core.pack.task: Packer task: initialize from command line() 
protocols.moves.MonteCarlo: MonteCarlo:: last_accepted_score,lowest_score: -930.896 -931.641
protocols.motifs.Motif: Res1 name is HIS
protocols.motifs.Motif: atom1 name is OOC
protocols.motifs.Motif: atom2 name is S
protocols.motifs.Motif: atom3 name is OOC
protocols.motifs.Motif: Res1 name is HIS
protocols.motifs.Motif: atom1 name is F
protocols.motifs.Motif: atom2 name is COO
protocols.motifs.Motif: atom3 name is S
protocols.motifs.Motif: Res1 name is LEU
protocols.motifs.Motif: atom1 name is F
protocols.motifs.Motif: atom2 name is COO
protocols.motifs.Motif: atom3 name is S
protocols.motifs.Motif: Res1 name is THR
protocols.motifs.Motif: atom1 name is OOC
protocols.motifs.Motif: atom2 name is S
protocols.motifs.Motif: atom3 name is OOC
protocols.motifs.Motif: Res1 name is THR
protocols.motifs.Motif: atom1 name is OOC
protocols.motifs.Motif: atom2 name is S
protocols.motifs.Motif: atom3 name is OOC
core.pack.task: Packer task: initialize from command line() 
core.pack.task: Packer task: initialize from command line() 
core.pack.task: Packer task: initialize from command line() 
protocols.moves.MonteCarlo: MonteCarlo:: last_accepted_score,lowest_score: -929.264 -929.264
protocols.motifs.Motif: Res1 name is HIS
protocols.motifs.Motif: atom1 name is OOC
protocols.motifs.Motif: atom2 name is S
protocols.motifs.Motif: atom3 name is OOC
protocols.motifs.Motif: Res1 name is HIS
protocols.motifs.Motif: atom1 name is NH2O
protocols.motifs.Motif: atom2 name is S
protocols.motifs.Motif: atom3 name is OOC
protocols.motifs.Motif: Res1 name is HIS
protocols.motifs.Motif: atom1 name is NH2O
protocols.motifs.Motif: atom2 name is S
protocols.motifs.Motif: atom3 name is OOC
protocols.motifs.Motif: Res1 name is LEU
protocols.motifs.Motif: atom1 name is F
protocols.motifs.Motif: atom2 name is COO
protocols.motifs.Motif: atom3 name is S
protocols.motifs.Motif: Res1 name is THR
protocols.motifs.Motif: atom1 name is NH2O
protocols.motifs.Motif: atom2 name is S
protocols.motifs.Motif: atom3 name is OOC
protocols.motifs.Motif: Res1 name is THR
protocols.motifs.Motif: atom1 name is F
protocols.motifs.Motif: atom2 name is COO
protocols.motifs.Motif: atom3 name is S
core.pack.task: Packer task: initialize from command line() 
core.pack.task: Packer task: initialize from command line() 
core.pack.task: Packer task: initialize from command line() 
protocols.moves.MonteCarlo: MonteCarlo:: last_accepted_score,lowest_score: -927.874 -928.599
protocols.motifs.Motif: Res1 name is HIS
protocols.motifs.Motif: atom1 name is OOC
protocols.motifs.Motif: atom2 name is S
protocols.motifs.Motif: atom3 name is OOC
protocols.motifs.Motif: Res1 name is HIS
protocols.motifs.Motif: atom1 name is F
protocols.motifs.Motif: atom2 name is COO
protocols.motifs.Motif: atom3 name is S
protocols.motifs.Motif: Res1 name is VAL
protocols.motifs.Motif: atom1 name is F
protocols.motifs.Motif: atom2 name is COO
protocols.motifs.Motif: atom3 name is S
protocols.motifs.Motif: Res1 name is VAL
protocols.motifs.Motif: atom1 name is F
protocols.motifs.Motif: atom2 name is COO
protocols.motifs.Motif: atom3 name is S
protocols.motifs.Motif: Res1 name is LEU
protocols.motifs.Motif: atom1 name is F
protocols.motifs.Motif: atom2 name is COO
protocols.motifs.Motif: atom3 name is S
protocols.motifs.Motif: Res1 name is THR
protocols.motifs.Motif: atom1 name is NH2O
protocols.motifs.Motif: atom2 name is S
protocols.motifs.Motif: atom3 name is OOC
core.pack.task: Packer task: initialize from command line() 
core.pack.task: Packer task: initialize from command line() 
core.pack.task: Packer task: initialize from command line() 
protocols.moves.MonteCarlo: MonteCarlo:: last_accepted_score,lowest_score: -929.23 -929.497
protocols.motifs.Motif: Res1 name is HIS
protocols.motifs.Motif: atom1 name is F
protocols.motifs.Motif: atom2 name is COO
protocols.motifs.Motif: atom3 name is S
protocols.motifs.Motif: Res1 name is HIS
protocols.motifs.Motif: atom1 name is F
protocols.motifs.Motif: atom2 name is COO
protocols.motifs.Motif: atom3 name is S
protocols.motifs.Motif: Res1 name is LEU
protocols.motifs.Motif: atom1 name is OOC
protocols.motifs.Motif: atom2 name is S
protocols.motifs.Motif: atom3 name is OOC
protocols.motifs.Motif: Res1 name is THR
protocols.motifs.Motif: atom1 name is F
protocols.motifs.Motif: atom2 name is COO
protocols.motifs.Motif: atom3 name is S
core.pack.task: Packer task: initialize from command line() 
core.pack.task: Packer task: initialize from command line() 
core.pack.task: Packer task: initialize from command line() 
protocols.moves.MonteCarlo: MonteCarlo:: last_accepted_score,lowest_score: -929.037 -929.037
protocols.motifs.Motif: Res1 name is HIS
protocols.motifs.Motif: atom1 name is OOC
protocols.motifs.Motif: atom2 name is S
protocols.motifs.Motif: atom3 name is OOC
protocols.motifs.Motif: Res1 name is HIS
protocols.motifs.Motif: atom1 name is OOC
protocols.motifs.Motif: atom2 name is S
protocols.motifs.Motif: atom3 name is OOC
protocols.motifs.Motif: Res1 name is VAL
protocols.motifs.Motif: atom1 name is OOC
protocols.motifs.Motif: atom2 name is S
protocols.motifs.Motif: atom3 name is OOC
protocols.motifs.Motif: Res1 name is LEU
protocols.motifs.Motif: atom1 name is F
protocols.motifs.Motif: atom2 name is COO
protocols.motifs.Motif: atom3 name is S
protocols.motifs.Motif: Res1 name is THR
protocols.motifs.Motif: atom1 name is F
protocols.motifs.Motif: atom2 name is COO
protocols.motifs.Motif: atom3 name is S
core.pack.task: Packer task: initialize from command line() 
core.pack.task: Packer task: initialize from command line() 
core.pack.task: Packer task: initialize from command line() 
protocols.moves.MonteCarlo: MonteCarlo:: last_accepted_score,lowest_score: -922.479 -922.538
protocols.motifs.Motif: Res1 name is HIS
protocols.motifs.Motif: atom1 name is OOC
protocols.motifs.Motif: atom2 name is S
protocols.motifs.Motif: atom3 name is OOC
protocols.motifs.Motif: Res1 name is LEU
protocols.motifs.Motif: atom1 name is F
protocols.motifs.Motif: atom2 name is COO
protocols.motifs.Motif: atom3 name is S
protocols.motifs.Motif: Res1 name is THR
protocols.motifs.Motif: atom1 name is F
protocols.motifs.Motif: atom2 name is COO
protocols.motifs.Motif: atom3 name is S
protocols.motifs.Motif: Res1 name is THR
protocols.motifs.Motif: atom1 name is F
protocols.motifs.Motif: atom2 name is COO
protocols.motifs.Motif: atom3 name is S
core.pack.task: Packer task: initialize from command line() 
core.pack.task: Packer task: initialize from command line() 
core.pack.task: Packer task: initialize from command line() 
protocols.moves.MonteCarlo: MonteCarlo:: last_accepted_score,lowest_score: -730.79 -730.79
protocols.motifs.Motif: Res1 name is HIS
protocols.motifs.Motif: atom1 name is OOC
protocols.motifs.Motif: atom2 name is S
protocols.motifs.Motif: atom3 name is OOC
protocols.motifs.Motif: Res1 name is HIS
protocols.motifs.Motif: atom1 name is NH2O
protocols.motifs.Motif: atom2 name is S
protocols.motifs.Motif: atom3 name is OOC
protocols.motifs.Motif: Res1 name is HIS
protocols.motifs.Motif: atom1 name is OOC
protocols.motifs.Motif: atom2 name is S
protocols.motifs.Motif: atom3 name is OOC
protocols.motifs.Motif: Res1 name is THR
protocols.motifs.Motif: atom1 name is NH2O
protocols.motifs.Motif: atom2 name is S
protocols.motifs.Motif: atom3 name is OOC
protocols.motifs.Motif: Res1 name is THR
protocols.motifs.Motif: atom1 name is F
protocols.motifs.Motif: atom2 name is COO
protocols.motifs.Motif: atom3 name is S
core.pack.task: Packer task: initialize from command line() 
core.pack.task: Packer task: initialize from command line() 
core.pack.task: Packer task: initialize from command line() 
protocols.moves.MonteCarlo: MonteCarlo:: last_accepted_score,lowest_score: -926.469 -926.469
protocols.motifs.Motif: Res1 name is HIS
protocols.motifs.Motif: atom1 name is OOC
protocols.motifs.Motif: atom2 name is S
protocols.motifs.Motif: atom3 name is OOC
protocols.motifs.Motif: Res1 name is LEU
protocols.motifs.Motif: atom1 name is F
protocols.motifs.Motif: atom2 name is COO
protocols.motifs.Motif: atom3 name is S
protocols.motifs.Motif: Res1 name is THR
protocols.motifs.Motif: atom1 name is F
protocols.motifs.Motif: atom2 name is COO
protocols.motifs.Motif: atom3 name is S
core.pack.task: Packer task: initialize from command line() 
core.pack.task: Packer task: initialize from command line() 
core.pack.task: Packer task: initialize from command line() 
protocols.moves.MonteCarlo: MonteCarlo:: last_accepted_score,lowest_score: -930.229 -930.669
protocols.motifs.Motif: Res1 name is HIS
protocols.motifs.Motif: atom1 name is OOC
protocols.motifs.Motif: atom2 name is S
protocols.motifs.Motif: atom3 name is OOC
protocols.motifs.Motif: Res1 name is HIS
protocols.motifs.Motif: atom1 name is OOC
protocols.motifs.Motif: atom2 name is S
protocols.motifs.Motif: atom3 name is OOC
protocols.motifs.Motif: Res1 name is LEU
protocols.motifs.Motif: atom1 name is F
protocols.motifs.Motif: atom2 name is COO
protocols.motifs.Motif: atom3 name is S
core.pack.task: Packer task: initialize from command line() 
core.pack.task: Packer task: initialize from command line() 
core.pack.task: Packer task: initialize from command line() 
protocols.moves.MonteCarlo: MonteCarlo:: last_accepted_score,lowest_score: -927.255 -928.808
protocols.motifs.Motif: Res1 name is HIS
protocols.motifs.Motif: atom1 name is OOC
protocols.motifs.Motif: atom2 name is S
protocols.motifs.Motif: atom3 name is OOC
protocols.motifs.Motif: Res1 name is HIS
protocols.motifs.Motif: atom1 name is OOC
protocols.motifs.Motif: atom2 name is S
protocols.motifs.Motif: atom3 name is OOC
protocols.motifs.Motif: Res1 name is VAL
protocols.motifs.Motif: atom1 name is F
protocols.motifs.Motif: atom2 name is COO
protocols.motifs.Motif: atom3 name is S
protocols.motifs.Motif: Res1 name is LEU
protocols.motifs.Motif: atom1 name is F
protocols.motifs.Motif: atom2 name is COO
protocols.motifs.Motif: atom3 name is S
protocols.motifs.Motif: Res1 name is TRP
protocols.motifs.Motif: atom1 name is F
protocols.motifs.Motif: atom2 name is COO
protocols.motifs.Motif: atom3 name is S
core.pack.task: Packer task: initialize from command line() 
core.pack.task: Packer task: initialize from command line() 
core.pack.task: Packer task: initialize from command line() 
protocols.moves.MonteCarlo: MonteCarlo:: last_accepted_score,lowest_score: -933.287 -933.452
protocols.motifs.Motif: Res1 name is HIS
protocols.motifs.Motif: atom1 name is NH2O
protocols.motifs.Motif: atom2 name is S
protocols.motifs.Motif: atom3 name is OOC
protocols.motifs.Motif: Res1 name is HIS
protocols.motifs.Motif: atom1 name is F
protocols.motifs.Motif: atom2 name is COO
protocols.motifs.Motif: atom3 name is S
protocols.motifs.Motif: Res1 name is LEU
protocols.motifs.Motif: atom1 name is F
protocols.motifs.Motif: atom2 name is COO
protocols.motifs.Motif: atom3 name is S
protocols.motifs.Motif: Res1 name is THR
protocols.motifs.Motif: atom1 name is OOC
protocols.motifs.Motif: atom2 name is S
protocols.motifs.Motif: atom3 name is OOC
protocols.motifs.Motif: Res1 name is THR
protocols.motifs.Motif: atom1 name is OOC
protocols.motifs.Motif: atom2 name is S
protocols.motifs.Motif: atom3 name is OOC
core.pack.task: Packer task: initialize from command line() 
core.pack.task: Packer task: initialize from command line() 
core.pack.task: Packer task: initialize from command line() 
protocols.moves.MonteCarlo: MonteCarlo:: last_accepted_score,lowest_score: -930.167 -930.443
protocols.motifs.Motif: Res1 name is HIS
protocols.motifs.Motif: atom1 name is OOC
protocols.motifs.Motif: atom2 name is S
protocols.motifs.Motif: atom3 name is OOC
protocols.motifs.Motif: Res1 name is HIS
protocols.motifs.Motif: atom1 name is NH2O
protocols.motifs.Motif: atom2 name is S
protocols.motifs.Motif: atom3 name is OOC
protocols.motifs.Motif: Res1 name is HIS
protocols.motifs.Motif: atom1 name is OOC
protocols.motifs.Motif: atom2 name is S
protocols.motifs.Motif: atom3 name is OOC
protocols.motifs.Motif: Res1 name is LEU
protocols.motifs.Motif: atom1 name is F
protocols.motifs.Motif: atom2 name is COO
protocols.motifs.Motif: atom3 name is S
protocols.motifs.Motif: Res1 name is THR
protocols.motifs.Motif: atom1 name is NH2O
protocols.motifs.Motif: atom2 name is S
protocols.motifs.Motif: atom3 name is OOC
core.pack.task: Packer task: initialize from command line() 
core.pack.task: Packer task: initialize from command line() 
core.pack.task: Packer task: initialize from command line() 
protocols.moves.MonteCarlo: MonteCarlo:: last_accepted_score,lowest_score: -928.69 -929.897
protocols.motifs.Motif: Res1 name is HIS
protocols.motifs.Motif: atom1 name is OOC
protocols.motifs.Motif: atom2 name is S
protocols.motifs.Motif: atom3 name is OOC
protocols.motifs.Motif: Res1 name is HIS
protocols.motifs.Motif: atom1 name is OOC
protocols.motifs.Motif: atom2 name is S
protocols.motifs.Motif: atom3 name is OOC
protocols.motifs.Motif: Res1 name is HIS
protocols.motifs.Motif: atom1 name is OOC
protocols.motifs.Motif: atom2 name is S
protocols.motifs.Motif: atom3 name is OOC
protocols.motifs.Motif: Res1 name is VAL
protocols.motifs.Motif: atom1 name is F
protocols.motifs.Motif: atom2 name is COO
protocols.motifs.Motif: atom3 name is S
protocols.motifs.Motif: Res1 name is THR
protocols.motifs.Motif: atom1 name is NH2O
protocols.motifs.Motif: atom2 name is S
protocols.motifs.Motif: atom3 name is OOC
core.pack.task: Packer task: initialize from command line() 
core.pack.task: Packer task: initialize from command line() 
core.pack.task: Packer task: initialize from command line() 
protocols.moves.MonteCarlo: MonteCarlo:: last_accepted_score,lowest_score: -929.381 -929.424
protocols.motifs.Motif: Res1 name is HIS
protocols.motifs.Motif: atom1 name is OOC
protocols.motifs.Motif: atom2 name is S
protocols.motifs.Motif: atom3 name is OOC
protocols.motifs.Motif: Res1 name is HIS
protocols.motifs.Motif: atom1 name is OOC
protocols.motifs.Motif: atom2 name is S
protocols.motifs.Motif: atom3 name is OOC
protocols.motifs.Motif: Res1 name is HIS
protocols.motifs.Motif: atom1 name is NH2O
protocols.motifs.Motif: atom2 name is S
protocols.motifs.Motif: atom3 name is OOC
protocols.motifs.Motif: Res1 name is LEU
protocols.motifs.Motif: atom1 name is F
protocols.motifs.Motif: atom2 name is COO
protocols.motifs.Motif: atom3 name is S
protocols.motifs.Motif: Res1 name is THR
protocols.motifs.Motif: atom1 name is OOC
protocols.motifs.Motif: atom2 name is S
protocols.motifs.Motif: atom3 name is OOC
protocols.motifs.Motif: Res1 name is THR
protocols.motifs.Motif: atom1 name is OOC
protocols.motifs.Motif: atom2 name is S
protocols.motifs.Motif: atom3 name is OOC
core.pack.task: Packer task: initialize from command line() 
core.pack.task: Packer task: initialize from command line() 
core.pack.task: Packer task: initialize from command line() 
protocols.moves.MonteCarlo: MonteCarlo:: last_accepted_score,lowest_score: -929.167 -929.167
protocols.motifs.Motif: Res1 name is HIS
protocols.motifs.Motif: atom1 name is OOC
protocols.motifs.Motif: atom2 name is S
protocols.motifs.Motif: atom3 name is OOC
protocols.motifs.Motif: Res1 name is HIS
protocols.motifs.Motif: atom1 name is OOC
protocols.motifs.Motif: atom2 name is S
protocols.motifs.Motif: atom3 name is OOC
protocols.motifs.Motif: Res1 name is HIS
protocols.motifs.Motif: atom1 name is NH2O
protocols.motifs.Motif: atom2 name is S
protocols.motifs.Motif: atom3 name is OOC
protocols.motifs.Motif: Res1 name is LEU
protocols.motifs.Motif: atom1 name is F
protocols.motifs.Motif: atom2 name is COO
protocols.motifs.Motif: atom3 name is S
protocols.motifs.Motif: Res1 name is THR
protocols.motifs.Motif: atom1 name is OOC
protocols.motifs.Motif: atom2 name is S
protocols.motifs.Motif: atom3 name is OOC
core.pack.task: Packer task: initialize from command line() 
core.pack.task: Packer task: initialize from command line() 
core.pack.task: Packer task: initialize from command line() 
protocols.moves.MonteCarlo: MonteCarlo:: last_accepted_score,lowest_score: -888.899 -888.899
protocols.motifs.Motif: Res1 name is HIS
protocols.motifs.Motif: atom1 name is OOC
protocols.motifs.Motif: atom2 name is S
protocols.motifs.Motif: atom3 name is OOC
protocols.motifs.Motif: Res1 name is LEU
protocols.motifs.Motif: atom1 name is F
protocols.motifs.Motif: atom2 name is COO
protocols.motifs.Motif: atom3 name is S
protocols.motifs.Motif: Res1 name is THR
protocols.motifs.Motif: atom1 name is F
protocols.motifs.Motif: atom2 name is COO
protocols.motifs.Motif: atom3 name is S
core.pack.task: Packer task: initialize from command line() 
core.pack.task: Packer task: initialize from command line() 
core.pack.task: Packer task: initialize from command line() 
protocols.moves.MonteCarlo: MonteCarlo:: last_accepted_score,lowest_score: -929.012 -929.862
protocols.motifs.Motif: Res1 name is HIS
protocols.motifs.Motif: atom1 name is F
protocols.motifs.Motif: atom2 name is COO
protocols.motifs.Motif: atom3 name is S
protocols.motifs.Motif: Res1 name is HIS
protocols.motifs.Motif: atom1 name is F
protocols.motifs.Motif: atom2 name is COO
protocols.motifs.Motif: atom3 name is S
protocols.motifs.Motif: Res1 name is VAL
protocols.motifs.Motif: atom1 name is F
protocols.motifs.Motif: atom2 name is COO
protocols.motifs.Motif: atom3 name is S
protocols.motifs.Motif: Res1 name is LEU
protocols.motifs.Motif: atom1 name is OOC
protocols.motifs.Motif: atom2 name is S
protocols.motifs.Motif: atom3 name is OOC
protocols.motifs.Motif: Res1 name is THR
protocols.motifs.Motif: atom1 name is NH2O
protocols.motifs.Motif: atom2 name is S
protocols.motifs.Motif: atom3 name is OOC
protocols.motifs.Motif: Res1 name is THR
protocols.motifs.Motif: atom1 name is NH2O
protocols.motifs.Motif: atom2 name is S
protocols.motifs.Motif: atom3 name is OOC
core.pack.task: Packer task: initialize from command line() 
core.pack.task: Packer task: initialize from command line() 
core.pack.task: Packer task: initialize from command line() 
protocols.moves.MonteCarlo: MonteCarlo:: last_accepted_score,lowest_score: -925.388 -926.063
protocols.motifs.Motif: Res1 name is HIS
protocols.motifs.Motif: atom1 name is OOC
protocols.motifs.Motif: atom2 name is S
protocols.motifs.Motif: atom3 name is OOC
protocols.motifs.Motif: Res1 name is LEU
protocols.motifs.Motif: atom1 name is F
protocols.motifs.Motif: atom2 name is COO
protocols.motifs.Motif: atom3 name is S
protocols.motifs.Motif: Res1 name is THR
protocols.motifs.Motif: atom1 name is NH2O
protocols.motifs.Motif: atom2 name is S
protocols.motifs.Motif: atom3 name is OOC
core.pack.task: Packer task: initialize from command line() 
core.pack.task: Packer task: initialize from command line() 
core.pack.task: Packer task: initialize from command line() 
protocols.moves.MonteCarlo: MonteCarlo:: last_accepted_score,lowest_score: -928.85 -929.009
protocols.motifs.Motif: Res1 name is HIS
protocols.motifs.Motif: atom1 name is OOC
protocols.motifs.Motif: atom2 name is S
protocols.motifs.Motif: atom3 name is OOC
protocols.motifs.Motif: Res1 name is HIS
protocols.motifs.Motif: atom1 name is F
protocols.motifs.Motif: atom2 name is COO
protocols.motifs.Motif: atom3 name is S
protocols.motifs.Motif: Res1 name is LEU
protocols.motifs.Motif: atom1 name is F
protocols.motifs.Motif: atom2 name is COO
protocols.motifs.Motif: atom3 name is S
protocols.motifs.Motif: Res1 name is THR
protocols.motifs.Motif: atom1 name is OOC
protocols.motifs.Motif: atom2 name is S
protocols.motifs.Motif: atom3 name is OOC
core.pack.task: Packer task: initialize from command line() 
core.pack.task: Packer task: initialize from command line() 
core.pack.task: Packer task: initialize from command line() 
protocols.moves.MonteCarlo: MonteCarlo:: last_accepted_score,lowest_score: -924.591 -924.596
protocols.motifs.Motif: Res1 name is HIS
protocols.motifs.Motif: atom1 name is OOC
protocols.motifs.Motif: atom2 name is S
protocols.motifs.Motif: atom3 name is OOC
protocols.motifs.Motif: Res1 name is HIS
protocols.motifs.Motif: atom1 name is OOC
protocols.motifs.Motif: atom2 name is S
protocols.motifs.Motif: atom3 name is OOC
protocols.motifs.Motif: Res1 name is VAL
protocols.motifs.Motif: atom1 name is NH2O
protocols.motifs.Motif: atom2 name is S
protocols.motifs.Motif: atom3 name is OOC
protocols.motifs.Motif: Res1 name is LEU
protocols.motifs.Motif: atom1 name is F
protocols.motifs.Motif: atom2 name is COO
protocols.motifs.Motif: atom3 name is S
protocols.motifs.Motif: Res1 name is THR
protocols.motifs.Motif: atom1 name is F
protocols.motifs.Motif: atom2 name is COO
protocols.motifs.Motif: atom3 name is S
core.pack.task: Packer task: initialize from command line() 
core.pack.task: Packer task: initialize from command line() 
core.pack.task: Packer task: initialize from command line() 
protocols.moves.MonteCarlo: MonteCarlo:: last_accepted_score,lowest_score: -925.817 -927.074
protocols.motifs.Motif: Res1 name is HIS
protocols.motifs.Motif: atom1 name is OOC
protocols.motifs.Motif: atom2 name is S
protocols.motifs.Motif: atom3 name is OOC
protocols.motifs.Motif: Res1 name is HIS
protocols.motifs.Motif: atom1 name is OOC
protocols.motifs.Motif: atom2 name is S
protocols.motifs.Motif: atom3 name is OOC
protocols.motifs.Motif: Res1 name is HIS
protocols.motifs.Motif: atom1 name is OOC
protocols.motifs.Motif: atom2 name is S
protocols.motifs.Motif: atom3 name is OOC
protocols.motifs.Motif: Res1 name is LEU
protocols.motifs.Motif: atom1 name is F
protocols.motifs.Motif: atom2 name is COO
protocols.motifs.Motif: atom3 name is S
protocols.motifs.Motif: Res1 name is THR
protocols.motifs.Motif: atom1 name is OOC
protocols.motifs.Motif: atom2 name is S
protocols.motifs.Motif: atom3 name is OOC
core.pack.task: Packer task: initialize from command line() 
core.pack.task: Packer task: initialize from command line() 
core.pack.task: Packer task: initialize from command line() 
protocols.moves.MonteCarlo: MonteCarlo:: last_accepted_score,lowest_score: -926.611 -926.611
protocols.motifs.Motif: Res1 name is HIS
protocols.motifs.Motif: atom1 name is OOC
protocols.motifs.Motif: atom2 name is S
protocols.motifs.Motif: atom3 name is OOC
protocols.motifs.Motif: Res1 name is HIS
protocols.motifs.Motif: atom1 name is OOC
protocols.motifs.Motif: atom2 name is S
protocols.motifs.Motif: atom3 name is OOC
protocols.motifs.Motif: Res1 name is LEU
protocols.motifs.Motif: atom1 name is F
protocols.motifs.Motif: atom2 name is COO
protocols.motifs.Motif: atom3 name is S
protocols.motifs.Motif: Res1 name is THR
protocols.motifs.Motif: atom1 name is NH2O
protocols.motifs.Motif: atom2 name is S
protocols.motifs.Motif: atom3 name is OOC
core.pack.task: Packer task: initialize from command line() 
core.pack.task: Packer task: initialize from command line() 
core.pack.task: Packer task: initialize from command line() 
protocols.moves.MonteCarlo: MonteCarlo:: last_accepted_score,lowest_score: -912.767 -912.767
protocols.motifs.Motif: Res1 name is HIS
protocols.motifs.Motif: atom1 name is F
protocols.motifs.Motif: atom2 name is COO
protocols.motifs.Motif: atom3 name is S
protocols.motifs.Motif: Res1 name is HIS
protocols.motifs.Motif: atom1 name is F
protocols.motifs.Motif: atom2 name is COO
protocols.motifs.Motif: atom3 name is S
protocols.motifs.Motif: Res1 name is HIS
protocols.motifs.Motif: atom1 name is NH2O
protocols.motifs.Motif: atom2 name is S
protocols.motifs.Motif: atom3 name is OOC
protocols.motifs.Motif: Res1 name is THR
protocols.motifs.Motif: atom1 name is NH2O
protocols.motifs.Motif: atom2 name is S
protocols.motifs.Motif: atom3 name is OOC
protocols.motifs.Motif: Res1 name is THR
protocols.motifs.Motif: atom1 name is OOC
protocols.motifs.Motif: atom2 name is S
protocols.motifs.Motif: atom3 name is OOC
core.pack.task: Packer task: initialize from command line() 
core.pack.task: Packer task: initialize from command line() 
core.pack.task: Packer task: initialize from command line() 
protocols.moves.MonteCarlo: MonteCarlo:: last_accepted_score,lowest_score: -929.682 -930.062
protocols.motifs.Motif: Res1 name is HIS
protocols.motifs.Motif: atom1 name is OOC
protocols.motifs.Motif: atom2 name is S
protocols.motifs.Motif: atom3 name is OOC
protocols.motifs.Motif: Res1 name is HIS
protocols.motifs.Motif: atom1 name is OOC
protocols.motifs.Motif: atom2 name is S
protocols.motifs.Motif: atom3 name is OOC
protocols.motifs.Motif: Res1 name is HIS
protocols.motifs.Motif: atom1 name is OOC
protocols.motifs.Motif: atom2 name is S
protocols.motifs.Motif: atom3 name is OOC
protocols.motifs.Motif: Res1 name is LEU
protocols.motifs.Motif: atom1 name is F
protocols.motifs.Motif: atom2 name is COO
protocols.motifs.Motif: atom3 name is S
protocols.motifs.Motif: Res1 name is THR
protocols.motifs.Motif: atom1 name is NH2O
protocols.motifs.Motif: atom2 name is S
protocols.motifs.Motif: atom3 name is OOC
protocols.motifs.Motif: Res1 name is THR
protocols.motifs.Motif: atom1 name is F
protocols.motifs.Motif: atom2 name is COO
protocols.motifs.Motif: atom3 name is S
core.pack.task: Packer task: initialize from command line() 
core.pack.task: Packer task: initialize from command line() 
core.pack.task: Packer task: initialize from command line() 
protocols.moves.MonteCarlo: MonteCarlo:: last_accepted_score,lowest_score: -929.988 -929.988
protocols.motifs.Motif: Res1 name is HIS
protocols.motifs.Motif: atom1 name is OOC
protocols.motifs.Motif: atom2 name is S
protocols.motifs.Motif: atom3 name is OOC
protocols.motifs.Motif: Res1 name is HIS
protocols.motifs.Motif: atom1 name is NH2O
protocols.motifs.Motif: atom2 name is S
protocols.motifs.Motif: atom3 name is OOC
protocols.motifs.Motif: Res1 name is LEU
protocols.motifs.Motif: atom1 name is F
protocols.motifs.Motif: atom2 name is COO
protocols.motifs.Motif: atom3 name is S
protocols.motifs.Motif: Res1 name is THR
protocols.motifs.Motif: atom1 name is OOC
protocols.motifs.Motif: atom2 name is S
protocols.motifs.Motif: atom3 name is OOC
core.pack.task: Packer task: initialize from command line() 
core.pack.task: Packer task: initialize from command line() 
core.pack.task: Packer task: initialize from command line() 
protocols.moves.MonteCarlo: MonteCarlo:: last_accepted_score,lowest_score: -931.641 -931.679
protocols.motifs.Motif: Res1 name is HIS
protocols.motifs.Motif: atom1 name is OOC
protocols.motifs.Motif: atom2 name is S
protocols.motifs.Motif: atom3 name is OOC
protocols.motifs.Motif: Res1 name is HIS
protocols.motifs.Motif: atom1 name is F
protocols.motifs.Motif: atom2 name is COO
protocols.motifs.Motif: atom3 name is S
protocols.motifs.Motif: Res1 name is LEU
protocols.motifs.Motif: atom1 name is F
protocols.motifs.Motif: atom2 name is COO
protocols.motifs.Motif: atom3 name is S
protocols.motifs.Motif: Res1 name is THR
protocols.motifs.Motif: atom1 name is OOC
protocols.motifs.Motif: atom2 name is S
protocols.motifs.Motif: atom3 name is OOC
protocols.motifs.Motif: Res1 name is THR
protocols.motifs.Motif: atom1 name is NH2O
protocols.motifs.Motif: atom2 name is S
protocols.motifs.Motif: atom3 name is OOC
core.pack.task: Packer task: initialize from command line() 
core.pack.task: Packer task: initialize from command line() 
core.pack.task: Packer task: initialize from command line() 
protocols.moves.MonteCarlo: MonteCarlo:: last_accepted_score,lowest_score: -927.087 -928.615
protocols.motifs.Motif: Res1 name is HIS
protocols.motifs.Motif: atom1 name is OOC
protocols.motifs.Motif: atom2 name is S
protocols.motifs.Motif: atom3 name is OOC
protocols.motifs.Motif: Res1 name is HIS
protocols.motifs.Motif: atom1 name is NH2O
protocols.motifs.Motif: atom2 name is S
protocols.motifs.Motif: atom3 name is OOC
protocols.motifs.Motif: Res1 name is LEU
protocols.motifs.Motif: atom1 name is F
protocols.motifs.Motif: atom2 name is COO
protocols.motifs.Motif: atom3 name is S
protocols.motifs.Motif: Res1 name is THR
protocols.motifs.Motif: atom1 name is NH2O
protocols.motifs.Motif: atom2 name is S
protocols.motifs.Motif: atom3 name is OOC
protocols.motifs.Motif: Res1 name is THR
protocols.motifs.Motif: atom1 name is F
protocols.motifs.Motif: atom2 name is COO
protocols.motifs.Motif: atom3 name is S
core.pack.task: Packer task: initialize from command line() 
core.pack.task: Packer task: initialize from command line() 
core.pack.task: Packer task: initialize from command line() 
protocols.moves.MonteCarlo: MonteCarlo:: last_accepted_score,lowest_score: -930.836 -931.093
protocols.motifs.Motif: Res1 name is HIS
protocols.motifs.Motif: atom1 name is OOC
protocols.motifs.Motif: atom2 name is S
protocols.motifs.Motif: atom3 name is OOC
protocols.motifs.Motif: Res1 name is HIS
protocols.motifs.Motif: atom1 name is OOC
protocols.motifs.Motif: atom2 name is S
protocols.motifs.Motif: atom3 name is OOC
protocols.motifs.Motif: Res1 name is HIS
protocols.motifs.Motif: atom1 name is OOC
protocols.motifs.Motif: atom2 name is S
protocols.motifs.Motif: atom3 name is OOC
protocols.motifs.Motif: Res1 name is LEU
protocols.motifs.Motif: atom1 name is F
protocols.motifs.Motif: atom2 name is COO
protocols.motifs.Motif: atom3 name is S
protocols.motifs.Motif: Res1 name is THR
protocols.motifs.Motif: atom1 name is OOC
protocols.motifs.Motif: atom2 name is S
protocols.motifs.Motif: atom3 name is OOC
protocols.motifs.Motif: Res1 name is TRP
protocols.motifs.Motif: atom1 name is OOC
protocols.motifs.Motif: atom2 name is S
protocols.motifs.Motif: atom3 name is OOC
core.pack.task: Packer task: initialize from command line() 
core.pack.task: Packer task: initialize from command line() 
core.pack.task: Packer task: initialize from command line() 
protocols.moves.MonteCarlo: MonteCarlo:: last_accepted_score,lowest_score: -928.894 -929.234
protocols.motifs.Motif: Res1 name is HIS
protocols.motifs.Motif: atom1 name is F
protocols.motifs.Motif: atom2 name is COO
protocols.motifs.Motif: atom3 name is S
protocols.motifs.Motif: Res1 name is VAL
protocols.motifs.Motif: atom1 name is OOC
protocols.motifs.Motif: atom2 name is S
protocols.motifs.Motif: atom3 name is OOC
protocols.motifs.Motif: Res1 name is LEU
protocols.motifs.Motif: atom1 name is NH2O
protocols.motifs.Motif: atom2 name is S
protocols.motifs.Motif: atom3 name is OOC
protocols.motifs.Motif: Res1 name is THR
protocols.motifs.Motif: atom1 name is F
protocols.motifs.Motif: atom2 name is COO
protocols.motifs.Motif: atom3 name is S
core.pack.task: Packer task: initialize from command line() 
core.pack.task: Packer task: initialize from command line() 
core.pack.task: Packer task: initialize from command line() 
protocols.moves.MonteCarlo: MonteCarlo:: last_accepted_score,lowest_score: -928.894 -928.929
protocols.motifs.Motif: Res1 name is HIS
protocols.motifs.Motif: atom1 name is OOC
protocols.motifs.Motif: atom2 name is S
protocols.motifs.Motif: atom3 name is OOC
protocols.motifs.Motif: Res1 name is HIS
protocols.motifs.Motif: atom1 name is F
protocols.motifs.Motif: atom2 name is COO
protocols.motifs.Motif: atom3 name is S
protocols.motifs.Motif: Res1 name is VAL
protocols.motifs.Motif: atom1 name is F
protocols.motifs.Motif: atom2 name is COO
protocols.motifs.Motif: atom3 name is S
protocols.motifs.Motif: Res1 name is LEU
protocols.motifs.Motif: atom1 name is F
protocols.motifs.Motif: atom2 name is COO
protocols.motifs.Motif: atom3 name is S
protocols.motifs.Motif: Res1 name is THR
protocols.motifs.Motif: atom1 name is F
protocols.motifs.Motif: atom2 name is COO
protocols.motifs.Motif: atom3 name is S
protocols.motifs.Motif: Res1 name is TRP
protocols.motifs.Motif: atom1 name is F
protocols.motifs.Motif: atom2 name is COO
protocols.motifs.Motif: atom3 name is S
core.pack.task: Packer task: initialize from command line() 
core.pack.task: Packer task: initialize from command line() 
core.pack.task: Packer task: initialize from command line() 
protocols.moves.MonteCarlo: MonteCarlo:: last_accepted_score,lowest_score: -930.379 -930.379
protocols.motifs.Motif: Res1 name is HIS
protocols.motifs.Motif: atom1 name is OOC
protocols.motifs.Motif: atom2 name is S
protocols.motifs.Motif: atom3 name is OOC
protocols.motifs.Motif: Res1 name is HIS
protocols.motifs.Motif: atom1 name is OOC
protocols.motifs.Motif: atom2 name is S
protocols.motifs.Motif: atom3 name is OOC
protocols.motifs.Motif: Res1 name is VAL
protocols.motifs.Motif: atom1 name is NH2O
protocols.motifs.Motif: atom2 name is S
protocols.motifs.Motif: atom3 name is OOC
protocols.motifs.Motif: Res1 name is LEU
protocols.motifs.Motif: atom1 name is F
protocols.motifs.Motif: atom2 name is COO
protocols.motifs.Motif: atom3 name is S
protocols.motifs.Motif: Res1 name is THR
protocols.motifs.Motif: atom1 name is OOC
protocols.motifs.Motif: atom2 name is S
protocols.motifs.Motif: atom3 name is OOC
protocols.motifs.Motif: Res1 name is TRP
protocols.motifs.Motif: atom1 name is NH2O
protocols.motifs.Motif: atom2 name is S
protocols.motifs.Motif: atom3 name is OOC
core.pack.task: Packer task: initialize from command line() 
core.pack.task: Packer task: initialize from command line() 
core.pack.task: Packer task: initialize from command line() 
protocols.moves.MonteCarlo: MonteCarlo:: last_accepted_score,lowest_score: -926.826 -926.826
protocols.motifs.Motif: Res1 name is HIS
protocols.motifs.Motif: atom1 name is OOC
protocols.motifs.Motif: atom2 name is S
protocols.motifs.Motif: atom3 name is OOC
protocols.motifs.Motif: Res1 name is HIS
protocols.motifs.Motif: atom1 name is OOC
protocols.motifs.Motif: atom2 name is S
protocols.motifs.Motif: atom3 name is OOC
protocols.motifs.Motif: Res1 name is VAL
protocols.motifs.Motif: atom1 name is OOC
protocols.motifs.Motif: atom2 name is S
protocols.motifs.Motif: atom3 name is OOC
protocols.motifs.Motif: Res1 name is VAL
protocols.motifs.Motif: atom1 name is OOC
protocols.motifs.Motif: atom2 name is S
protocols.motifs.Motif: atom3 name is OOC
protocols.motifs.Motif: Res1 name is LEU
protocols.motifs.Motif: atom1 name is F
protocols.motifs.Motif: atom2 name is COO
protocols.motifs.Motif: atom3 name is S
protocols.motifs.Motif: Res1 name is THR
protocols.motifs.Motif: atom1 name is F
protocols.motifs.Motif: atom2 name is COO
protocols.motifs.Motif: atom3 name is S
core.pack.task: Packer task: initialize from command line() 
core.pack.task: Packer task: initialize from command line() 
core.pack.task: Packer task: initialize from command line() 
protocols.moves.MonteCarlo: MonteCarlo:: last_accepted_score,lowest_score: -930.237 -930.426
protocols.motifs.Motif: Res1 name is HIS
protocols.motifs.Motif: atom1 name is OOC
protocols.motifs.Motif: atom2 name is S
protocols.motifs.Motif: atom3 name is OOC
protocols.motifs.Motif: Res1 name is VAL
protocols.motifs.Motif: atom1 name is F
protocols.motifs.Motif: atom2 name is COO
protocols.motifs.Motif: atom3 name is S
protocols.motifs.Motif: Res1 name is VAL
protocols.motifs.Motif: atom1 name is F
protocols.motifs.Motif: atom2 name is COO
protocols.motifs.Motif: atom3 name is S
protocols.motifs.Motif: Res1 name is LEU
protocols.motifs.Motif: atom1 name is OOC
protocols.motifs.Motif: atom2 name is S
protocols.motifs.Motif: atom3 name is OOC
protocols.motifs.Motif: Res1 name is THR
protocols.motifs.Motif: atom1 name is NH2O
protocols.motifs.Motif: atom2 name is S
protocols.motifs.Motif: atom3 name is OOC
core.pack.task: Packer task: initialize from command line() 
core.pack.task: Packer task: initialize from command line() 
core.pack.task: Packer task: initialize from command line() 
protocols.moves.MonteCarlo: MonteCarlo:: last_accepted_score,lowest_score: -929.078 -929.367
protocols.motifs.Motif: Res1 name is HIS
protocols.motifs.Motif: atom1 name is OOC
protocols.motifs.Motif: atom2 name is S
protocols.motifs.Motif: atom3 name is OOC
protocols.motifs.Motif: Res1 name is HIS
protocols.motifs.Motif: atom1 name is OOC
protocols.motifs.Motif: atom2 name is S
protocols.motifs.Motif: atom3 name is OOC
protocols.motifs.Motif: Res1 name is HIS
protocols.motifs.Motif: atom1 name is OOC
protocols.motifs.Motif: atom2 name is S
protocols.motifs.Motif: atom3 name is OOC
protocols.motifs.Motif: Res1 name is LEU
protocols.motifs.Motif: atom1 name is F
protocols.motifs.Motif: atom2 name is COO
protocols.motifs.Motif: atom3 name is S
protocols.motifs.Motif: Res1 name is THR
protocols.motifs.Motif: atom1 name is OOC
protocols.motifs.Motif: atom2 name is S
protocols.motifs.Motif: atom3 name is OOC
protocols.motifs.Motif: Res1 name is THR
protocols.motifs.Motif: atom1 name is NH2O
protocols.motifs.Motif: atom2 name is S
protocols.motifs.Motif: atom3 name is OOC
core.pack.task: Packer task: initialize from command line() 
core.pack.task: Packer task: initialize from command line() 
core.pack.task: Packer task: initialize from command line() 
protocols.moves.MonteCarlo: MonteCarlo:: last_accepted_score,lowest_score: -932.399 -932.601
protocols.motifs.Motif: Res1 name is HIS
protocols.motifs.Motif: atom1 name is OOC
protocols.motifs.Motif: atom2 name is S
protocols.motifs.Motif: atom3 name is OOC
protocols.motifs.Motif: Res1 name is HIS
protocols.motifs.Motif: atom1 name is NH2O
protocols.motifs.Motif: atom2 name is S
protocols.motifs.Motif: atom3 name is OOC
protocols.motifs.Motif: Res1 name is HIS
protocols.motifs.Motif: atom1 name is NH2O
protocols.motifs.Motif: atom2 name is S
protocols.motifs.Motif: atom3 name is OOC
protocols.motifs.Motif: Res1 name is VAL
protocols.motifs.Motif: atom1 name is F
protocols.motifs.Motif: atom2 name is COO
protocols.motifs.Motif: atom3 name is S
protocols.motifs.Motif: Res1 name is THR
protocols.motifs.Motif: atom1 name is NH2O
protocols.motifs.Motif: atom2 name is S
protocols.motifs.Motif: atom3 name is OOC
protocols.motifs.Motif: Res1 name is TRP
protocols.motifs.Motif: atom1 name is F
protocols.motifs.Motif: atom2 name is COO
protocols.motifs.Motif: atom3 name is S
core.pack.task: Packer task: initialize from command line() 
core.pack.task: Packer task: initialize from command line() 
core.pack.task: Packer task: initialize from command line() 
protocols.moves.MonteCarlo: MonteCarlo:: last_accepted_score,lowest_score: -931.209 -932.274
protocols.motifs.Motif: Res1 name is HIS
protocols.motifs.Motif: atom1 name is OOC
protocols.motifs.Motif: atom2 name is S
protocols.motifs.Motif: atom3 name is OOC
protocols.motifs.Motif: Res1 name is HIS
protocols.motifs.Motif: atom1 name is NH2O
protocols.motifs.Motif: atom2 name is S
protocols.motifs.Motif: atom3 name is OOC
protocols.motifs.Motif: Res1 name is VAL
protocols.motifs.Motif: atom1 name is F
protocols.motifs.Motif: atom2 name is COO
protocols.motifs.Motif: atom3 name is S
protocols.motifs.Motif: Res1 name is VAL
protocols.motifs.Motif: atom1 name is F
protocols.motifs.Motif: atom2 name is COO
protocols.motifs.Motif: atom3 name is S
protocols.motifs.Motif: Res1 name is LEU
protocols.motifs.Motif: atom1 name is OOC
protocols.motifs.Motif: atom2 name is S
protocols.motifs.Motif: atom3 name is OOC
protocols.motifs.Motif: Res1 name is THR
protocols.motifs.Motif: atom1 name is OOC
protocols.motifs.Motif: atom2 name is S
protocols.motifs.Motif: atom3 name is OOC
protocols.motifs.Motif: Res1 name is TRP
protocols.motifs.Motif: atom1 name is F
protocols.motifs.Motif: atom2 name is COO
protocols.motifs.Motif: atom3 name is S
core.pack.task: Packer task: initialize from command line() 
core.pack.task: Packer task: initialize from command line() 
core.pack.task: Packer task: initialize from command line() 
protocols.moves.MonteCarlo: MonteCarlo:: last_accepted_score,lowest_score: -927.39 -927.39
protocols.motifs.Motif: Res1 name is HIS
protocols.motifs.Motif: atom1 name is OOC
protocols.motifs.Motif: atom2 name is S
protocols.motifs.Motif: atom3 name is OOC
protocols.motifs.Motif: Res1 name is LEU
protocols.motifs.Motif: atom1 name is NH2O
protocols.motifs.Motif: atom2 name is S
protocols.motifs.Motif: atom3 name is OOC
protocols.motifs.Motif: Res1 name is THR
protocols.motifs.Motif: atom1 name is NH2O
protocols.motifs.Motif: atom2 name is S
protocols.motifs.Motif: atom3 name is OOC
protocols.motifs.Motif: Res1 name is THR
protocols.motifs.Motif: atom1 name is OOC
protocols.motifs.Motif: atom2 name is S
protocols.motifs.Motif: atom3 name is OOC
core.pack.task: Packer task: initialize from command line() 
core.pack.task: Packer task: initialize from command line() 
core.pack.task: Packer task: initialize from command line() 
protocols.moves.MonteCarlo: MonteCarlo:: last_accepted_score,lowest_score: -930.702 -930.702
protocols.motifs.Motif: Res1 name is HIS
protocols.motifs.Motif: atom1 name is OOC
protocols.motifs.Motif: atom2 name is S
protocols.motifs.Motif: atom3 name is OOC
protocols.motifs.Motif: Res1 name is HIS
protocols.motifs.Motif: atom1 name is NH2O
protocols.motifs.Motif: atom2 name is S
protocols.motifs.Motif: atom3 name is OOC
protocols.motifs.Motif: Res1 name is HIS
protocols.motifs.Motif: atom1 name is OOC
protocols.motifs.Motif: atom2 name is S
protocols.motifs.Motif: atom3 name is OOC
protocols.motifs.Motif: Res1 name is LEU
protocols.motifs.Motif: atom1 name is F
protocols.motifs.Motif: atom2 name is COO
protocols.motifs.Motif: atom3 name is S
protocols.motifs.Motif: Res1 name is THR
protocols.motifs.Motif: atom1 name is NH2O
protocols.motifs.Motif: atom2 name is S
protocols.motifs.Motif: atom3 name is OOC
protocols.motifs.Motif: Res1 name is THR
protocols.motifs.Motif: atom1 name is F
protocols.motifs.Motif: atom2 name is COO
protocols.motifs.Motif: atom3 name is S
core.pack.task: Packer task: initialize from command line() 
core.pack.task: Packer task: initialize from command line() 
core.pack.task: Packer task: initialize from command line() 
protocols.moves.MonteCarlo: MonteCarlo:: last_accepted_score,lowest_score: -921.673 -921.673
protocols.motifs.Motif: Res1 name is HIS
protocols.motifs.Motif: atom1 name is F
protocols.motifs.Motif: atom2 name is COO
protocols.motifs.Motif: atom3 name is S
protocols.motifs.Motif: Res1 name is HIS
protocols.motifs.Motif: atom1 name is F
protocols.motifs.Motif: atom2 name is COO
protocols.motifs.Motif: atom3 name is S
protocols.motifs.Motif: Res1 name is HIS
protocols.motifs.Motif: atom1 name is F
protocols.motifs.Motif: atom2 name is COO
protocols.motifs.Motif: atom3 name is S
protocols.motifs.Motif: Res1 name is LEU
protocols.motifs.Motif: atom1 name is NH2O
protocols.motifs.Motif: atom2 name is S
protocols.motifs.Motif: atom3 name is OOC
protocols.motifs.Motif: Res1 name is THR
protocols.motifs.Motif: atom1 name is F
protocols.motifs.Motif: atom2 name is COO
protocols.motifs.Motif: atom3 name is S
core.pack.task: Packer task: initialize from command line() 
core.pack.task: Packer task: initialize from command line() 
core.pack.task: Packer task: initialize from command line() 
protocols.moves.MonteCarlo: MonteCarlo:: last_accepted_score,lowest_score: -929.955 -930.351
protocols.motifs.Motif: Res1 name is HIS
protocols.motifs.Motif: atom1 name is F
protocols.motifs.Motif: atom2 name is COO
protocols.motifs.Motif: atom3 name is S
protocols.motifs.Motif: Res1 name is HIS
protocols.motifs.Motif: atom1 name is OOC
protocols.motifs.Motif: atom2 name is S
protocols.motifs.Motif: atom3 name is OOC
protocols.motifs.Motif: Res1 name is VAL
protocols.motifs.Motif: atom1 name is NH2O
protocols.motifs.Motif: atom2 name is S
protocols.motifs.Motif: atom3 name is OOC
protocols.motifs.Motif: Res1 name is LEU
protocols.motifs.Motif: atom1 name is NH2O
protocols.motifs.Motif: atom2 name is S
protocols.motifs.Motif: atom3 name is OOC
protocols.motifs.Motif: Res1 name is THR
protocols.motifs.Motif: atom1 name is F
protocols.motifs.Motif: atom2 name is COO
protocols.motifs.Motif: atom3 name is S
protocols.motifs.Motif: Res1 name is THR
protocols.motifs.Motif: atom1 name is F
protocols.motifs.Motif: atom2 name is COO
protocols.motifs.Motif: atom3 name is S
protocols.motifs.Motif: Res1 name is TRP
protocols.motifs.Motif: atom1 name is OOC
protocols.motifs.Motif: atom2 name is S
protocols.motifs.Motif: atom3 name is OOC
core.pack.task: Packer task: initialize from command line() 
core.pack.task: Packer task: initialize from command line() 
core.pack.task: Packer task: initialize from command line() 
protocols.moves.MonteCarlo: MonteCarlo:: last_accepted_score,lowest_score: -927.323 -928.103
protocols.motifs.Motif: Res1 name is HIS
protocols.motifs.Motif: atom1 name is OOC
protocols.motifs.Motif: atom2 name is S
protocols.motifs.Motif: atom3 name is OOC
protocols.motifs.Motif: Res1 name is HIS
protocols.motifs.Motif: atom1 name is OOC
protocols.motifs.Motif: atom2 name is S
protocols.motifs.Motif: atom3 name is OOC
protocols.motifs.Motif: Res1 name is HIS
protocols.motifs.Motif: atom1 name is NH2O
protocols.motifs.Motif: atom2 name is S
protocols.motifs.Motif: atom3 name is OOC
protocols.motifs.Motif: Res1 name is LEU
protocols.motifs.Motif: atom1 name is F
protocols.motifs.Motif: atom2 name is COO
protocols.motifs.Motif: atom3 name is S
protocols.motifs.Motif: Res1 name is THR
protocols.motifs.Motif: atom1 name is OOC
protocols.motifs.Motif: atom2 name is S
protocols.motifs.Motif: atom3 name is OOC
protocols.motifs.Motif: Res1 name is THR
protocols.motifs.Motif: atom1 name is F
protocols.motifs.Motif: atom2 name is COO
protocols.motifs.Motif: atom3 name is S
core.pack.task: Packer task: initialize from command line() 
core.pack.task: Packer task: initialize from command line() 
core.pack.task: Packer task: initialize from command line() 
protocols.moves.MonteCarlo: MonteCarlo:: last_accepted_score,lowest_score: -931.555 -931.586
protocols.motifs.Motif: Res1 name is HIS
protocols.motifs.Motif: atom1 name is OOC
protocols.motifs.Motif: atom2 name is S
protocols.motifs.Motif: atom3 name is OOC
protocols.motifs.Motif: Res1 name is HIS
protocols.motifs.Motif: atom1 name is OOC
protocols.motifs.Motif: atom2 name is S
protocols.motifs.Motif: atom3 name is OOC
protocols.motifs.Motif: Res1 name is HIS
protocols.motifs.Motif: atom1 name is F
protocols.motifs.Motif: atom2 name is COO
protocols.motifs.Motif: atom3 name is S
protocols.motifs.Motif: Res1 name is THR
protocols.motifs.Motif: atom1 name is OOC
protocols.motifs.Motif: atom2 name is S
protocols.motifs.Motif: atom3 name is OOC
protocols.motifs.Motif: Res1 name is THR
protocols.motifs.Motif: atom1 name is OOC
protocols.motifs.Motif: atom2 name is S
protocols.motifs.Motif: atom3 name is OOC
core.pack.task: Packer task: initialize from command line() 
core.pack.task: Packer task: initialize from command line() 
core.pack.task: Packer task: initialize from command line() 
protocols.moves.MonteCarlo: MonteCarlo:: last_accepted_score,lowest_score: -927.025 -927.025
protocols.motifs.Motif: Res1 name is HIS
protocols.motifs.Motif: atom1 name is OOC
protocols.motifs.Motif: atom2 name is S
protocols.motifs.Motif: atom3 name is OOC
protocols.motifs.Motif: Res1 name is HIS
protocols.motifs.Motif: atom1 name is F
protocols.motifs.Motif: atom2 name is COO
protocols.motifs.Motif: atom3 name is S
protocols.motifs.Motif: Res1 name is LEU
protocols.motifs.Motif: atom1 name is F
protocols.motifs.Motif: atom2 name is COO
protocols.motifs.Motif: atom3 name is S
protocols.motifs.Motif: Res1 name is THR
protocols.motifs.Motif: atom1 name is NH2O
protocols.motifs.Motif: atom2 name is S
protocols.motifs.Motif: atom3 name is OOC
protocols.motifs.Motif: Res1 name is THR
protocols.motifs.Motif: atom1 name is NH2O
protocols.motifs.Motif: atom2 name is S
protocols.motifs.Motif: atom3 name is OOC
core.pack.task: Packer task: initialize from command line() 
core.pack.task: Packer task: initialize from command line() 
core.pack.task: Packer task: initialize from command line() 
protocols.moves.MonteCarlo: MonteCarlo:: last_accepted_score,lowest_score: -798.424 -798.424
protocols.motifs.Motif: Res1 name is HIS
protocols.motifs.Motif: atom1 name is OOC
protocols.motifs.Motif: atom2 name is S
protocols.motifs.Motif: atom3 name is OOC
protocols.motifs.Motif: Res1 name is HIS
protocols.motifs.Motif: atom1 name is OOC
protocols.motifs.Motif: atom2 name is S
protocols.motifs.Motif: atom3 name is OOC
protocols.motifs.Motif: Res1 name is GLU
protocols.motifs.Motif: atom1 name is NH2O
protocols.motifs.Motif: atom2 name is S
protocols.motifs.Motif: atom3 name is OOC
protocols.motifs.Motif: Res1 name is HIS
protocols.motifs.Motif: atom1 name is NH2O
protocols.motifs.Motif: atom2 name is S
protocols.motifs.Motif: atom3 name is OOC
protocols.motifs.Motif: Res1 name is THR
protocols.motifs.Motif: atom1 name is NH2O
protocols.motifs.Motif: atom2 name is S
protocols.motifs.Motif: atom3 name is OOC
protocols.motifs.Motif: Res1 name is THR
protocols.motifs.Motif: atom1 name is OOC
protocols.motifs.Motif: atom2 name is S
protocols.motifs.Motif: atom3 name is OOC
core.pack.task: Packer task: initialize from command line() 
core.pack.task: Packer task: initialize from command line() 
core.pack.task: Packer task: initialize from command line() 
protocols.moves.MonteCarlo: MonteCarlo:: last_accepted_score,lowest_score: -930.501 -930.501
protocols.motifs.Motif: Res1 name is HIS
protocols.motifs.Motif: atom1 name is OOC
protocols.motifs.Motif: atom2 name is S
protocols.motifs.Motif: atom3 name is OOC
protocols.motifs.Motif: Res1 name is LEU
protocols.motifs.Motif: atom1 name is F
protocols.motifs.Motif: atom2 name is COO
protocols.motifs.Motif: atom3 name is S
protocols.motifs.Motif: Res1 name is THR
protocols.motifs.Motif: atom1 name is NH2O
protocols.motifs.Motif: atom2 name is S
protocols.motifs.Motif: atom3 name is OOC
core.pack.task: Packer task: initialize from command line() 
core.pack.task: Packer task: initialize from command line() 
core.pack.task: Packer task: initialize from command line() 
protocols.moves.MonteCarlo: MonteCarlo:: last_accepted_score,lowest_score: -928.987 -928.987
protocols.motifs.Motif: Res1 name is HIS
protocols.motifs.Motif: atom1 name is OOC
protocols.motifs.Motif: atom2 name is S
protocols.motifs.Motif: atom3 name is OOC
protocols.motifs.Motif: Res1 name is HIS
protocols.motifs.Motif: atom1 name is OOC
protocols.motifs.Motif: atom2 name is S
protocols.motifs.Motif: atom3 name is OOC
protocols.motifs.Motif: Res1 name is LEU
protocols.motifs.Motif: atom1 name is F
protocols.motifs.Motif: atom2 name is COO
protocols.motifs.Motif: atom3 name is S
protocols.motifs.Motif: Res1 name is THR
protocols.motifs.Motif: atom1 name is NH2O
protocols.motifs.Motif: atom2 name is S
protocols.motifs.Motif: atom3 name is OOC
protocols.motifs.Motif: Res1 name is THR
protocols.motifs.Motif: atom1 name is NH2O
protocols.motifs.Motif: atom2 name is S
protocols.motifs.Motif: atom3 name is OOC
core.pack.task: Packer task: initialize from command line() 
core.pack.task: Packer task: initialize from command line() 
core.pack.task: Packer task: initialize from command line() 
protocols.moves.MonteCarlo: MonteCarlo:: last_accepted_score,lowest_score: -927.112 -927.658
protocols.motifs.Motif: Res1 name is HIS
protocols.motifs.Motif: atom1 name is F
protocols.motifs.Motif: atom2 name is COO
protocols.motifs.Motif: atom3 name is S
protocols.motifs.Motif: Res1 name is LEU
protocols.motifs.Motif: atom1 name is F
protocols.motifs.Motif: atom2 name is COO
protocols.motifs.Motif: atom3 name is S
protocols.motifs.Motif: Res1 name is THR
protocols.motifs.Motif: atom1 name is F
protocols.motifs.Motif: atom2 name is COO
protocols.motifs.Motif: atom3 name is S
core.pack.task: Packer task: initialize from command line() 
core.pack.task: Packer task: initialize from command line() 
core.pack.task: Packer task: initialize from command line() 
protocols.moves.MonteCarlo: MonteCarlo:: last_accepted_score,lowest_score: -930.742 -930.742
protocols.motifs.Motif: Res1 name is HIS
protocols.motifs.Motif: atom1 name is OOC
protocols.motifs.Motif: atom2 name is S
protocols.motifs.Motif: atom3 name is OOC
protocols.motifs.Motif: Res1 name is HIS
protocols.motifs.Motif: atom1 name is OOC
protocols.motifs.Motif: atom2 name is S
protocols.motifs.Motif: atom3 name is OOC
protocols.motifs.Motif: Res1 name is HIS
protocols.motifs.Motif: atom1 name is NH2O
protocols.motifs.Motif: atom2 name is S
protocols.motifs.Motif: atom3 name is OOC
protocols.motifs.Motif: Res1 name is LEU
protocols.motifs.Motif: atom1 name is F
protocols.motifs.Motif: atom2 name is COO
protocols.motifs.Motif: atom3 name is S
protocols.motifs.Motif: Res1 name is THR
protocols.motifs.Motif: atom1 name is F
protocols.motifs.Motif: atom2 name is COO
protocols.motifs.Motif: atom3 name is S
protocols.motifs.Motif: Res1 name is THR
protocols.motifs.Motif: atom1 name is F
protocols.motifs.Motif: atom2 name is COO
protocols.motifs.Motif: atom3 name is S
core.pack.task: Packer task: initialize from command line() 
core.pack.task: Packer task: initialize from command line() 
core.pack.task: Packer task: initialize from command line() 
protocols.moves.MonteCarlo: MonteCarlo:: last_accepted_score,lowest_score: -929.209 -929.209
protocols.motifs.Motif: Res1 name is HIS
protocols.motifs.Motif: atom1 name is OOC
protocols.motifs.Motif: atom2 name is S
protocols.motifs.Motif: atom3 name is OOC
protocols.motifs.Motif: Res1 name is HIS
protocols.motifs.Motif: atom1 name is OOC
protocols.motifs.Motif: atom2 name is S
protocols.motifs.Motif: atom3 name is OOC
protocols.motifs.Motif: Res1 name is LEU
protocols.motifs.Motif: atom1 name is F
protocols.motifs.Motif: atom2 name is COO
protocols.motifs.Motif: atom3 name is S
protocols.motifs.Motif: Res1 name is THR
protocols.motifs.Motif: atom1 name is OOC
protocols.motifs.Motif: atom2 name is S
protocols.motifs.Motif: atom3 name is OOC
protocols.motifs.Motif: Res1 name is TRP
protocols.motifs.Motif: atom1 name is NH2O
protocols.motifs.Motif: atom2 name is S
protocols.motifs.Motif: atom3 name is OOC
core.pack.task: Packer task: initialize from command line() 
core.pack.task: Packer task: initialize from command line() 
core.pack.task: Packer task: initialize from command line() 
protocols.moves.MonteCarlo: MonteCarlo:: last_accepted_score,lowest_score: -931.002 -931.002
protocols.motifs.Motif: Res1 name is HIS
protocols.motifs.Motif: atom1 name is OOC
protocols.motifs.Motif: atom2 name is S
protocols.motifs.Motif: atom3 name is OOC
protocols.motifs.Motif: Res1 name is HIS
protocols.motifs.Motif: atom1 name is NH2O
protocols.motifs.Motif: atom2 name is S
protocols.motifs.Motif: atom3 name is OOC
protocols.motifs.Motif: Res1 name is VAL
protocols.motifs.Motif: atom1 name is OOC
protocols.motifs.Motif: atom2 name is S
protocols.motifs.Motif: atom3 name is OOC
protocols.motifs.Motif: Res1 name is VAL
protocols.motifs.Motif: atom1 name is OOC
protocols.motifs.Motif: atom2 name is S
protocols.motifs.Motif: atom3 name is OOC
protocols.motifs.Motif: Res1 name is LEU
protocols.motifs.Motif: atom1 name is F
protocols.motifs.Motif: atom2 name is COO
protocols.motifs.Motif: atom3 name is S
protocols.motifs.Motif: Res1 name is TRP
protocols.motifs.Motif: atom1 name is OOC
protocols.motifs.Motif: atom2 name is S
protocols.motifs.Motif: atom3 name is OOC
core.pack.task: Packer task: initialize from command line() 
core.pack.task: Packer task: initialize from command line() 
core.pack.task: Packer task: initialize from command line() 
protocols.moves.MonteCarlo: MonteCarlo:: last_accepted_score,lowest_score: -927.62 -928.808
protocols.motifs.Motif: Res1 name is HIS
protocols.motifs.Motif: atom1 name is OOC
protocols.motifs.Motif: atom2 name is S
protocols.motifs.Motif: atom3 name is OOC
protocols.motifs.Motif: Res1 name is HIS
protocols.motifs.Motif: atom1 name is NH2O
protocols.motifs.Motif: atom2 name is S
protocols.motifs.Motif: atom3 name is OOC
protocols.motifs.Motif: Res1 name is HIS
protocols.motifs.Motif: atom1 name is NH2O
protocols.motifs.Motif: atom2 name is S
protocols.motifs.Motif: atom3 name is OOC
protocols.motifs.Motif: Res1 name is LEU
protocols.motifs.Motif: atom1 name is F
protocols.motifs.Motif: atom2 name is COO
protocols.motifs.Motif: atom3 name is S
protocols.motifs.Motif: Res1 name is THR
protocols.motifs.Motif: atom1 name is OOC
protocols.motifs.Motif: atom2 name is S
protocols.motifs.Motif: atom3 name is OOC
protocols.motifs.Motif: Res1 name is THR
protocols.motifs.Motif: atom1 name is F
protocols.motifs.Motif: atom2 name is COO
protocols.motifs.Motif: atom3 name is S
core.pack.task: Packer task: initialize from command line() 
core.pack.task: Packer task: initialize from command line() 
core.pack.task: Packer task: initialize from command line() 
protocols.moves.MonteCarlo: MonteCarlo:: last_accepted_score,lowest_score: -924.038 -924.038
protocols.motifs.Motif: Res1 name is HIS
protocols.motifs.Motif: atom1 name is OOC
protocols.motifs.Motif: atom2 name is S
protocols.motifs.Motif: atom3 name is OOC
protocols.motifs.Motif: Res1 name is HIS
protocols.motifs.Motif: atom1 name is F
protocols.motifs.Motif: atom2 name is COO
protocols.motifs.Motif: atom3 name is S
protocols.motifs.Motif: Res1 name is LEU
protocols.motifs.Motif: atom1 name is F
protocols.motifs.Motif: atom2 name is COO
protocols.motifs.Motif: atom3 name is S
protocols.motifs.Motif: Res1 name is THR
protocols.motifs.Motif: atom1 name is F
protocols.motifs.Motif: atom2 name is COO
protocols.motifs.Motif: atom3 name is S
protocols.motifs.Motif: Res1 name is TRP
protocols.motifs.Motif: atom1 name is F
protocols.motifs.Motif: atom2 name is COO
protocols.motifs.Motif: atom3 name is S
core.pack.task: Packer task: initialize from command line() 
core.pack.task: Packer task: initialize from command line() 
core.pack.task: Packer task: initialize from command line() 
protocols.moves.MonteCarlo: MonteCarlo:: last_accepted_score,lowest_score: -929.365 -929.707
protocols.motifs.Motif: Res1 name is HIS
protocols.motifs.Motif: atom1 name is OOC
protocols.motifs.Motif: atom2 name is S
protocols.motifs.Motif: atom3 name is OOC
protocols.motifs.Motif: Res1 name is HIS
protocols.motifs.Motif: atom1 name is OOC
protocols.motifs.Motif: atom2 name is S
protocols.motifs.Motif: atom3 name is OOC
protocols.motifs.Motif: Res1 name is LEU
protocols.motifs.Motif: atom1 name is F
protocols.motifs.Motif: atom2 name is COO
protocols.motifs.Motif: atom3 name is S
protocols.motifs.Motif: Res1 name is THR
protocols.motifs.Motif: atom1 name is F
protocols.motifs.Motif: atom2 name is COO
protocols.motifs.Motif: atom3 name is S
protocols.motifs.Motif: Res1 name is THR
protocols.motifs.Motif: atom1 name is F
protocols.motifs.Motif: atom2 name is COO
protocols.motifs.Motif: atom3 name is S
core.pack.task: Packer task: initialize from command line() 
core.pack.task: Packer task: initialize from command line() 
core.pack.task: Packer task: initialize from command line() 
protocols.moves.MonteCarlo: MonteCarlo:: last_accepted_score,lowest_score: -924.046 -924.046
protocols.motifs.Motif: Res1 name is HIS
protocols.motifs.Motif: atom1 name is OOC
protocols.motifs.Motif: atom2 name is S
protocols.motifs.Motif: atom3 name is OOC
protocols.motifs.Motif: Res1 name is VAL
protocols.motifs.Motif: atom1 name is NH2O
protocols.motifs.Motif: atom2 name is S
protocols.motifs.Motif: atom3 name is OOC
protocols.motifs.Motif: Res1 name is LEU
protocols.motifs.Motif: atom1 name is F
protocols.motifs.Motif: atom2 name is COO
protocols.motifs.Motif: atom3 name is S
protocols.motifs.Motif: Res1 name is THR
protocols.motifs.Motif: atom1 name is F
protocols.motifs.Motif: atom2 name is COO
protocols.motifs.Motif: atom3 name is S
core.pack.task: Packer task: initialize from command line() 
core.pack.task: Packer task: initialize from command line() 
core.pack.task: Packer task: initialize from command line() 
protocols.moves.MonteCarlo: MonteCarlo:: last_accepted_score,lowest_score: -929.405 -930.225
protocols.motifs.Motif: Res1 name is HIS
protocols.motifs.Motif: atom1 name is OOC
protocols.motifs.Motif: atom2 name is S
protocols.motifs.Motif: atom3 name is OOC
protocols.motifs.Motif: Res1 name is HIS
protocols.motifs.Motif: atom1 name is F
protocols.motifs.Motif: atom2 name is COO
protocols.motifs.Motif: atom3 name is S
protocols.motifs.Motif: Res1 name is VAL
protocols.motifs.Motif: atom1 name is F
protocols.motifs.Motif: atom2 name is COO
protocols.motifs.Motif: atom3 name is S
protocols.motifs.Motif: Res1 name is LEU
protocols.motifs.Motif: atom1 name is OOC
protocols.motifs.Motif: atom2 name is S
protocols.motifs.Motif: atom3 name is OOC
protocols.motifs.Motif: Res1 name is THR
protocols.motifs.Motif: atom1 name is OOC
protocols.motifs.Motif: atom2 name is S
protocols.motifs.Motif: atom3 name is OOC
protocols.motifs.Motif: Res1 name is THR
protocols.motifs.Motif: atom1 name is NH2O
protocols.motifs.Motif: atom2 name is S
protocols.motifs.Motif: atom3 name is OOC
protocols.motifs.Motif: Res1 name is TRP
protocols.motifs.Motif: atom1 name is F
protocols.motifs.Motif: atom2 name is COO
protocols.motifs.Motif: atom3 name is S
core.pack.task: Packer task: initialize from command line() 
core.pack.task: Packer task: initialize from command line() 
core.pack.task: Packer task: initialize from command line() 
protocols.moves.MonteCarlo: MonteCarlo:: last_accepted_score,lowest_score: -929.064 -930.36
protocols.motifs.Motif: Res1 name is HIS
protocols.motifs.Motif: atom1 name is OOC
protocols.motifs.Motif: atom2 name is S
protocols.motifs.Motif: atom3 name is OOC
protocols.motifs.Motif: Res1 name is HIS
protocols.motifs.Motif: atom1 name is NH2O
protocols.motifs.Motif: atom2 name is S
protocols.motifs.Motif: atom3 name is OOC
protocols.motifs.Motif: Res1 name is HIS
protocols.motifs.Motif: atom1 name is OOC
protocols.motifs.Motif: atom2 name is S
protocols.motifs.Motif: atom3 name is OOC
protocols.motifs.Motif: Res1 name is LEU
protocols.motifs.Motif: atom1 name is F
protocols.motifs.Motif: atom2 name is COO
protocols.motifs.Motif: atom3 name is S
protocols.motifs.Motif: Res1 name is THR
protocols.motifs.Motif: atom1 name is NH2O
protocols.motifs.Motif: atom2 name is S
protocols.motifs.Motif: atom3 name is OOC
core.pack.task: Packer task: initialize from command line() 
core.pack.task: Packer task: initialize from command line() 
core.pack.task: Packer task: initialize from command line() 
protocols.moves.MonteCarlo: MonteCarlo:: last_accepted_score,lowest_score: -929.611 -929.961
protocols.motifs.Motif: Res1 name is HIS
protocols.motifs.Motif: atom1 name is OOC
protocols.motifs.Motif: atom2 name is S
protocols.motifs.Motif: atom3 name is OOC
protocols.motifs.Motif: Res1 name is HIS
protocols.motifs.Motif: atom1 name is OOC
protocols.motifs.Motif: atom2 name is S
protocols.motifs.Motif: atom3 name is OOC
protocols.motifs.Motif: Res1 name is VAL
protocols.motifs.Motif: atom1 name is F
protocols.motifs.Motif: atom2 name is COO
protocols.motifs.Motif: atom3 name is S
protocols.motifs.Motif: Res1 name is VAL
protocols.motifs.Motif: atom1 name is F
protocols.motifs.Motif: atom2 name is COO
protocols.motifs.Motif: atom3 name is S
protocols.motifs.Motif: Res1 name is LEU
protocols.motifs.Motif: atom1 name is F
protocols.motifs.Motif: atom2 name is COO
protocols.motifs.Motif: atom3 name is S
protocols.motifs.Motif: Res1 name is THR
protocols.motifs.Motif: atom1 name is NH2O
protocols.motifs.Motif: atom2 name is S
protocols.motifs.Motif: atom3 name is OOC
protocols.motifs.Motif: Res1 name is TRP
protocols.motifs.Motif: atom1 name is NH2O
protocols.motifs.Motif: atom2 name is S
protocols.motifs.Motif: atom3 name is OOC
core.pack.task: Packer task: initialize from command line() 
core.pack.task: Packer task: initialize from command line() 
core.pack.task: Packer task: initialize from command line() 
protocols.moves.MonteCarlo: MonteCarlo:: last_accepted_score,lowest_score: -864.906 -864.906
protocols.motifs.Motif: Res1 name is HIS
protocols.motifs.Motif: atom1 name is OOC
protocols.motifs.Motif: atom2 name is S
protocols.motifs.Motif: atom3 name is OOC
protocols.motifs.Motif: Res1 name is HIS
protocols.motifs.Motif: atom1 name is OOC
protocols.motifs.Motif: atom2 name is S
protocols.motifs.Motif: atom3 name is OOC
protocols.motifs.Motif: Res1 name is LEU
protocols.motifs.Motif: atom1 name is F
protocols.motifs.Motif: atom2 name is COO
protocols.motifs.Motif: atom3 name is S
protocols.motifs.Motif: Res1 name is THR
protocols.motifs.Motif: atom1 name is NH2O
protocols.motifs.Motif: atom2 name is S
protocols.motifs.Motif: atom3 name is OOC
protocols.motifs.Motif: Res1 name is THR
protocols.motifs.Motif: atom1 name is F
protocols.motifs.Motif: atom2 name is COO
protocols.motifs.Motif: atom3 name is S
core.pack.task: Packer task: initialize from command line() 
core.pack.task: Packer task: initialize from command line() 
core.pack.task: Packer task: initialize from command line() 
protocols.moves.MonteCarlo: MonteCarlo:: last_accepted_score,lowest_score: -925.01 -925.01
protocols.motifs.Motif: Res1 name is HIS
protocols.motifs.Motif: atom1 name is F
protocols.motifs.Motif: atom2 name is COO
protocols.motifs.Motif: atom3 name is S
protocols.motifs.Motif: Res1 name is LEU
protocols.motifs.Motif: atom1 name is OOC
protocols.motifs.Motif: atom2 name is S
protocols.motifs.Motif: atom3 name is OOC
protocols.motifs.Motif: Res1 name is THR
protocols.motifs.Motif: atom1 name is F
protocols.motifs.Motif: atom2 name is COO
protocols.motifs.Motif: atom3 name is S
core.pack.task: Packer task: initialize from command line() 
core.pack.task: Packer task: initialize from command line() 
core.pack.task: Packer task: initialize from command line() 
protocols.moves.MonteCarlo: MonteCarlo:: last_accepted_score,lowest_score: -929.947 -929.947
protocols.motifs.Motif: Res1 name is HIS
protocols.motifs.Motif: atom1 name is OOC
protocols.motifs.Motif: atom2 name is S
protocols.motifs.Motif: atom3 name is OOC
protocols.motifs.Motif: Res1 name is HIS
protocols.motifs.Motif: atom1 name is OOC
protocols.motifs.Motif: atom2 name is S
protocols.motifs.Motif: atom3 name is OOC
protocols.motifs.Motif: Res1 name is HIS
protocols.motifs.Motif: atom1 name is NH2O
protocols.motifs.Motif: atom2 name is S
protocols.motifs.Motif: atom3 name is OOC
protocols.motifs.Motif: Res1 name is LEU
protocols.motifs.Motif: atom1 name is F
protocols.motifs.Motif: atom2 name is COO
protocols.motifs.Motif: atom3 name is S
protocols.motifs.Motif: Res1 name is THR
protocols.motifs.Motif: atom1 name is OOC
protocols.motifs.Motif: atom2 name is S
protocols.motifs.Motif: atom3 name is OOC
protocols.motifs.Motif: Res1 name is THR
protocols.motifs.Motif: atom1 name is F
protocols.motifs.Motif: atom2 name is COO
protocols.motifs.Motif: atom3 name is S
core.pack.task: Packer task: initialize from command line() 
core.pack.task: Packer task: initialize from command line() 
core.pack.task: Packer task: initialize from command line() 
protocols.moves.MonteCarlo: MonteCarlo:: last_accepted_score,lowest_score: -928.156 -928.293
protocols.motifs.Motif: Res1 name is HIS
protocols.motifs.Motif: atom1 name is F
protocols.motifs.Motif: atom2 name is COO
protocols.motifs.Motif: atom3 name is S
protocols.motifs.Motif: Res1 name is HIS
protocols.motifs.Motif: atom1 name is F
protocols.motifs.Motif: atom2 name is COO
protocols.motifs.Motif: atom3 name is S
protocols.motifs.Motif: Res1 name is VAL
protocols.motifs.Motif: atom1 name is OOC
protocols.motifs.Motif: atom2 name is S
protocols.motifs.Motif: atom3 name is OOC
protocols.motifs.Motif: Res1 name is VAL
protocols.motifs.Motif: atom1 name is OOC
protocols.motifs.Motif: atom2 name is S
protocols.motifs.Motif: atom3 name is OOC
protocols.motifs.Motif: Res1 name is LEU
protocols.motifs.Motif: atom1 name is NH2O
protocols.motifs.Motif: atom2 name is S
protocols.motifs.Motif: atom3 name is OOC
protocols.motifs.Motif: Res1 name is THR
protocols.motifs.Motif: atom1 name is F
protocols.motifs.Motif: atom2 name is COO
protocols.motifs.Motif: atom3 name is S
protocols.motifs.Motif: Res1 name is TRP
protocols.motifs.Motif: atom1 name is OOC
protocols.motifs.Motif: atom2 name is S
protocols.motifs.Motif: atom3 name is OOC
core.pack.task: Packer task: initialize from command line() 
core.pack.task: Packer task: initialize from command line() 
core.pack.task: Packer task: initialize from command line() 
protocols.moves.MonteCarlo: MonteCarlo:: last_accepted_score,lowest_score: -932.004 -932.004
protocols.motifs.Motif: Res1 name is HIS
protocols.motifs.Motif: atom1 name is F
protocols.motifs.Motif: atom2 name is COO
protocols.motifs.Motif: atom3 name is S
protocols.motifs.Motif: Res1 name is HIS
protocols.motifs.Motif: atom1 name is F
protocols.motifs.Motif: atom2 name is COO
protocols.motifs.Motif: atom3 name is S
protocols.motifs.Motif: Res1 name is HIS
protocols.motifs.Motif: atom1 name is F
protocols.motifs.Motif: atom2 name is COO
protocols.motifs.Motif: atom3 name is S
protocols.motifs.Motif: Res1 name is LEU
protocols.motifs.Motif: atom1 name is OOC
protocols.motifs.Motif: atom2 name is S
protocols.motifs.Motif: atom3 name is OOC
protocols.motifs.Motif: Res1 name is THR
protocols.motifs.Motif: atom1 name is OOC
protocols.motifs.Motif: atom2 name is S
protocols.motifs.Motif: atom3 name is OOC
core.pack.task: Packer task: initialize from command line() 
core.pack.task: Packer task: initialize from command line() 
core.pack.task: Packer task: initialize from command line() 
protocols.moves.MonteCarlo: MonteCarlo:: last_accepted_score,lowest_score: -930.686 -931.39
protocols.motifs.Motif: Res1 name is HIS
protocols.motifs.Motif: atom1 name is OOC
protocols.motifs.Motif: atom2 name is S
protocols.motifs.Motif: atom3 name is OOC
protocols.motifs.Motif: Res1 name is HIS
protocols.motifs.Motif: atom1 name is OOC
protocols.motifs.Motif: atom2 name is S
protocols.motifs.Motif: atom3 name is OOC
protocols.motifs.Motif: Res1 name is VAL
protocols.motifs.Motif: atom1 name is F
protocols.motifs.Motif: atom2 name is COO
protocols.motifs.Motif: atom3 name is S
protocols.motifs.Motif: Res1 name is LEU
protocols.motifs.Motif: atom1 name is NH2O
protocols.motifs.Motif: atom2 name is S
protocols.motifs.Motif: atom3 name is OOC
protocols.motifs.Motif: Res1 name is THR
protocols.motifs.Motif: atom1 name is OOC
protocols.motifs.Motif: atom2 name is S
protocols.motifs.Motif: atom3 name is OOC
protocols.motifs.Motif: Res1 name is THR
protocols.motifs.Motif: atom1 name is NH2O
protocols.motifs.Motif: atom2 name is S
protocols.motifs.Motif: atom3 name is OOC
core.pack.task: Packer task: initialize from command line() 
core.pack.task: Packer task: initialize from command line() 
core.pack.task: Packer task: initialize from command line() 
protocols.moves.MonteCarlo: MonteCarlo:: last_accepted_score,lowest_score: -928.363 -928.938
protocols.motifs.Motif: Res1 name is HIS
protocols.motifs.Motif: atom1 name is OOC
protocols.motifs.Motif: atom2 name is S
protocols.motifs.Motif: atom3 name is OOC
protocols.motifs.Motif: Res1 name is HIS
protocols.motifs.Motif: atom1 name is OOC
protocols.motifs.Motif: atom2 name is S
protocols.motifs.Motif: atom3 name is OOC
protocols.motifs.Motif: Res1 name is VAL
protocols.motifs.Motif: atom1 name is F
protocols.motifs.Motif: atom2 name is COO
protocols.motifs.Motif: atom3 name is S
protocols.motifs.Motif: Res1 name is LEU
protocols.motifs.Motif: atom1 name is F
protocols.motifs.Motif: atom2 name is COO
protocols.motifs.Motif: atom3 name is S
protocols.motifs.Motif: Res1 name is THR
protocols.motifs.Motif: atom1 name is NH2O
protocols.motifs.Motif: atom2 name is S
protocols.motifs.Motif: atom3 name is OOC
core.pack.task: Packer task: initialize from command line() 
core.pack.task: Packer task: initialize from command line() 
core.pack.task: Packer task: initialize from command line() 
protocols.moves.MonteCarlo: MonteCarlo:: last_accepted_score,lowest_score: -928.672 -929.42
protocols.motifs.Motif: Res1 name is HIS
protocols.motifs.Motif: atom1 name is NH2O
protocols.motifs.Motif: atom2 name is S
protocols.motifs.Motif: atom3 name is OOC
protocols.motifs.Motif: Res1 name is HIS
protocols.motifs.Motif: atom1 name is OOC
protocols.motifs.Motif: atom2 name is S
protocols.motifs.Motif: atom3 name is OOC
protocols.motifs.Motif: Res1 name is LEU
protocols.motifs.Motif: atom1 name is F
protocols.motifs.Motif: atom2 name is COO
protocols.motifs.Motif: atom3 name is S
protocols.motifs.Motif: Res1 name is THR
protocols.motifs.Motif: atom1 name is OOC
protocols.motifs.Motif: atom2 name is S
protocols.motifs.Motif: atom3 name is OOC
protocols.motifs.Motif: Res1 name is THR
protocols.motifs.Motif: atom1 name is F
protocols.motifs.Motif: atom2 name is COO
protocols.motifs.Motif: atom3 name is S
core.pack.task: Packer task: initialize from command line() 
core.pack.task: Packer task: initialize from command line() 
core.pack.task: Packer task: initialize from command line() 
protocols.moves.MonteCarlo: MonteCarlo:: last_accepted_score,lowest_score: -929.094 -929.227
protocols.motifs.Motif: Res1 name is HIS
protocols.motifs.Motif: atom1 name is OOC
protocols.motifs.Motif: atom2 name is S
protocols.motifs.Motif: atom3 name is OOC
protocols.motifs.Motif: Res1 name is HIS
protocols.motifs.Motif: atom1 name is OOC
protocols.motifs.Motif: atom2 name is S
protocols.motifs.Motif: atom3 name is OOC
protocols.motifs.Motif: Res1 name is HIS
protocols.motifs.Motif: atom1 name is OOC
protocols.motifs.Motif: atom2 name is S
protocols.motifs.Motif: atom3 name is OOC
protocols.motifs.Motif: Res1 name is VAL
protocols.motifs.Motif: atom1 name is F
protocols.motifs.Motif: atom2 name is COO
protocols.motifs.Motif: atom3 name is S
protocols.motifs.Motif: Res1 name is THR
protocols.motifs.Motif: atom1 name is NH2O
protocols.motifs.Motif: atom2 name is S
protocols.motifs.Motif: atom3 name is OOC
core.pack.task: Packer task: initialize from command line() 
core.pack.task: Packer task: initialize from command line() 
core.pack.task: Packer task: initialize from command line() 
protocols.moves.MonteCarlo: MonteCarlo:: last_accepted_score,lowest_score: -929.445 -930.2
protocols.motifs.Motif: Res1 name is HIS
protocols.motifs.Motif: atom1 name is OOC
protocols.motifs.Motif: atom2 name is S
protocols.motifs.Motif: atom3 name is OOC
protocols.motifs.Motif: Res1 name is HIS
protocols.motifs.Motif: atom1 name is OOC
protocols.motifs.Motif: atom2 name is S
protocols.motifs.Motif: atom3 name is OOC
protocols.motifs.Motif: Res1 name is HIS
protocols.motifs.Motif: atom1 name is OOC
protocols.motifs.Motif: atom2 name is S
protocols.motifs.Motif: atom3 name is OOC
protocols.motifs.Motif: Res1 name is LEU
protocols.motifs.Motif: atom1 name is F
protocols.motifs.Motif: atom2 name is COO
protocols.motifs.Motif: atom3 name is S
protocols.motifs.Motif: Res1 name is THR
protocols.motifs.Motif: atom1 name is OOC
protocols.motifs.Motif: atom2 name is S
protocols.motifs.Motif: atom3 name is OOC
protocols.motifs.Motif: Res1 name is THR
protocols.motifs.Motif: atom1 name is F
protocols.motifs.Motif: atom2 name is COO
protocols.motifs.Motif: atom3 name is S
core.pack.task: Packer task: initialize from command line() 
core.pack.task: Packer task: initialize from command line() 
core.pack.task: Packer task: initialize from command line() 
protocols.moves.MonteCarlo: MonteCarlo:: last_accepted_score,lowest_score: -929.057 -930.298
protocols.motifs.Motif: Res1 name is HIS
protocols.motifs.Motif: atom1 name is OOC
protocols.motifs.Motif: atom2 name is S
protocols.motifs.Motif: atom3 name is OOC
protocols.motifs.Motif: Res1 name is HIS
protocols.motifs.Motif: atom1 name is OOC
protocols.motifs.Motif: atom2 name is S
protocols.motifs.Motif: atom3 name is OOC
protocols.motifs.Motif: Res1 name is LEU
protocols.motifs.Motif: atom1 name is F
protocols.motifs.Motif: atom2 name is COO
protocols.motifs.Motif: atom3 name is S
protocols.motifs.Motif: Res1 name is THR
protocols.motifs.Motif: atom1 name is NH2O
protocols.motifs.Motif: atom2 name is S
protocols.motifs.Motif: atom3 name is OOC
protocols.motifs.Motif: Res1 name is THR
protocols.motifs.Motif: atom1 name is NH2O
protocols.motifs.Motif: atom2 name is S
protocols.motifs.Motif: atom3 name is OOC
core.pack.task: Packer task: initialize from command line() 
core.pack.task: Packer task: initialize from command line() 
core.pack.task: Packer task: initialize from command line() 
protocols.moves.MonteCarlo: MonteCarlo:: last_accepted_score,lowest_score: -931.648 -931.819
protocols.motifs.Motif: Res1 name is HIS
protocols.motifs.Motif: atom1 name is OOC
protocols.motifs.Motif: atom2 name is S
protocols.motifs.Motif: atom3 name is OOC
protocols.motifs.Motif: Res1 name is HIS
protocols.motifs.Motif: atom1 name is OOC
protocols.motifs.Motif: atom2 name is S
protocols.motifs.Motif: atom3 name is OOC
protocols.motifs.Motif: Res1 name is HIS
protocols.motifs.Motif: atom1 name is NH2O
protocols.motifs.Motif: atom2 name is S
protocols.motifs.Motif: atom3 name is OOC
protocols.motifs.Motif: Res1 name is THR
protocols.motifs.Motif: atom1 name is NH2O
protocols.motifs.Motif: atom2 name is S
protocols.motifs.Motif: atom3 name is OOC
core.pack.task: Packer task: initialize from command line() 
core.pack.task: Packer task: initialize from command line() 
core.pack.task: Packer task: initialize from command line() 
protocols.moves.MonteCarlo: MonteCarlo:: last_accepted_score,lowest_score: -928.554 -929.011
protocols.motifs.Motif: Res1 name is HIS
protocols.motifs.Motif: atom1 name is OOC
protocols.motifs.Motif: atom2 name is S
protocols.motifs.Motif: atom3 name is OOC
protocols.motifs.Motif: Res1 name is HIS
protocols.motifs.Motif: atom1 name is NH2O
protocols.motifs.Motif: atom2 name is S
protocols.motifs.Motif: atom3 name is OOC
protocols.motifs.Motif: Res1 name is HIS
protocols.motifs.Motif: atom1 name is OOC
protocols.motifs.Motif: atom2 name is S
protocols.motifs.Motif: atom3 name is OOC
protocols.motifs.Motif: Res1 name is LEU
protocols.motifs.Motif: atom1 name is F
protocols.motifs.Motif: atom2 name is COO
protocols.motifs.Motif: atom3 name is S
protocols.motifs.Motif: Res1 name is THR
protocols.motifs.Motif: atom1 name is NH2O
protocols.motifs.Motif: atom2 name is S
protocols.motifs.Motif: atom3 name is OOC
LigandDiscoverySearch.discover: Done iterating all trios, moving to next ligand
LigandDiscoverySearch.discover: Total passing attempts for ligand is 194
LigandDiscoverySearch.discover: Total clashing attempts for ligand is 3468
