********  (C) Copyright Rosetta Commons Member Institutions.  ***************
* Use of Rosetta for commercial purposes may require purchase of a license. *
********  See LICENSE.md or email license@uw.edu for more details. **********
core.init: Checking for fconfig files in pwd and ./rosetta/flags 
core.init: Rosetta version: 2024.19.post.dev+283.updatedliganddiscoverysearchcodeagmay2024.10ed978 10ed97813f1920392b632603a23dedae0d4f102d https://github.com/RosettaCommons/rosetta.git 2024-10-15T12:35:46
core.init: Rosetta extras: []
core.init: command: /scratch/abgvg9/rosetta_may_for_checkin/rosetta//source/bin/ligand_discovery_search_protocol.linuxgccrelease @ampc_res_115_0_args
basic.random.init_random_generator: Constant seed mode, seed=1111111 seed_offset=0 real_seed=1111111
basic.random.init_random_generator: RandomGenerator:init: Normal mode, seed=1111111 RG_type=mt19937
core.init: Resolved executable path: /scratch/abgvg9/rosetta_may_for_checkin/rosetta/source/build/src/release/linux/3.10/64/x86/gcc/8.2/default/ligand_discovery_search_protocol.default.linuxgccrelease
core.init: Looking for database based on location of executable: /scratch/abgvg9/rosetta_may_for_checkin/rosetta/database/
LDS_app: Making Pose of input pdb file(s)
protocols.motifs.motif_utils: Got filename
protocols.motifs.motif_utils: Made motiflibrary
core.chemical.GlobalResidueTypeSet: Finished initializing fa_standard residue type set.  Created 985 residue types
core.chemical.GlobalResidueTypeSet: Total time to initialize 0.88 seconds.
protocols.motifs.motif_utils: added motifs from file
LDS_app: Collected motifs library with 1648916 motifs. 
core.chemical.GlobalResidueTypeSet: For ResidueTypeSet fa_standard there is no exclude_pdb_component_list.txt file to list known PDB ids.
core.chemical.GlobalResidueTypeSet:     This will turn off PDB component loading for ResidueTypeSet fa_standard
core.chemical.GlobalResidueTypeSet:     Expected file: /data/user/abgvg9/benchmark/files/all/ampc/test_params/exclude_pdb_component_list.txt
core.chemical.GlobalResidueTypeSet: Finished initializing fa_standard residue type set.  Created 1 residue types
core.chemical.GlobalResidueTypeSet: Total time to initialize 0.37 seconds.
core.import_pose.import_pose: File '/data/user/abgvg9/benchmark/files/all/ampc/ampc.pdb' automatically determined to be of type PDB
core.io.pose_from_sfr.PoseFromSFRBuilder: [ WARNING ] discarding 1 atoms at position 1 in file /data/user/abgvg9/benchmark/files/all/ampc/ampc.pdb. Best match rsd_type:  ALA:NtermProteinFull
core.io.pose_from_sfr.PoseFromSFRBuilder: [ WARNING ] discarding 3 atoms at position 3 in file /data/user/abgvg9/benchmark/files/all/ampc/ampc.pdb. Best match rsd_type:  GLN
core.io.pose_from_sfr.PoseFromSFRBuilder: [ WARNING ] discarding 3 atoms at position 4 in file /data/user/abgvg9/benchmark/files/all/ampc/ampc.pdb. Best match rsd_type:  GLN
core.io.pose_from_sfr.PoseFromSFRBuilder: [ WARNING ] discarding 1 atoms at position 5 in file /data/user/abgvg9/benchmark/files/all/ampc/ampc.pdb. Best match rsd_type:  ILE
core.io.pose_from_sfr.PoseFromSFRBuilder: [ WARNING ] discarding 3 atoms at position 6 in file /data/user/abgvg9/benchmark/files/all/ampc/ampc.pdb. Best match rsd_type:  ASN
core.io.pose_from_sfr.PoseFromSFRBuilder: [ WARNING ] discarding 1 atoms at position 7 in file /data/user/abgvg9/benchmark/files/all/ampc/ampc.pdb. Best match rsd_type:  ASP
core.io.pose_from_sfr.PoseFromSFRBuilder: [ WARNING ] discarding 1 atoms at position 8 in file /data/user/abgvg9/benchmark/files/all/ampc/ampc.pdb. Best match rsd_type:  ILE
core.io.pose_from_sfr.PoseFromSFRBuilder: [ WARNING ] discarding 1 atoms at position 9 in file /data/user/abgvg9/benchmark/files/all/ampc/ampc.pdb. Best match rsd_type:  VAL
core.io.pose_from_sfr.PoseFromSFRBuilder: [ WARNING ] discarding 2 atoms at position 10 in file /data/user/abgvg9/benchmark/files/all/ampc/ampc.pdb. Best match rsd_type:  HIS
core.io.pose_from_sfr.PoseFromSFRBuilder: [ WARNING ] discarding 6 atoms at position 11 in file /data/user/abgvg9/benchmark/files/all/ampc/ampc.pdb. Best match rsd_type:  ARG
core.io.pose_from_sfr.PoseFromSFRBuilder: [ WARNING ] discarding 2 atoms at position 12 in file /data/user/abgvg9/benchmark/files/all/ampc/ampc.pdb. Best match rsd_type:  THR
core.io.pose_from_sfr.PoseFromSFRBuilder: [ WARNING ] discarding 1 atoms at position 13 in file /data/user/abgvg9/benchmark/files/all/ampc/ampc.pdb. Best match rsd_type:  ILE
core.io.pose_from_sfr.PoseFromSFRBuilder: [ WARNING ] discarding 2 atoms at position 14 in file /data/user/abgvg9/benchmark/files/all/ampc/ampc.pdb. Best match rsd_type:  THR
core.io.pose_from_sfr.PoseFromSFRBuilder: [ WARNING ] discarding 1 atoms at position 16 in file /data/user/abgvg9/benchmark/files/all/ampc/ampc.pdb. Best match rsd_type:  LEU
core.io.pose_from_sfr.PoseFromSFRBuilder: [ WARNING ] discarding 1 atoms at position 17 in file /data/user/abgvg9/benchmark/files/all/ampc/ampc.pdb. Best match rsd_type:  ILE
core.io.pose_from_sfr.PoseFromSFRBuilder: [ WARNING ] discarding 1 atoms at position 18 in file /data/user/abgvg9/benchmark/files/all/ampc/ampc.pdb. Best match rsd_type:  GLU
core.io.pose_from_sfr.PoseFromSFRBuilder: [ WARNING ] discarding 3 atoms at position 19 in file /data/user/abgvg9/benchmark/files/all/ampc/ampc.pdb. Best match rsd_type:  GLN
core.io.pose_from_sfr.PoseFromSFRBuilder: [ WARNING ] discarding 3 atoms at position 20 in file /data/user/abgvg9/benchmark/files/all/ampc/ampc.pdb. Best match rsd_type:  GLN
core.io.pose_from_sfr.PoseFromSFRBuilder: [ WARNING ] discarding 4 atoms at position 21 in file /data/user/abgvg9/benchmark/files/all/ampc/ampc.pdb. Best match rsd_type:  LYS
core.io.pose_from_sfr.PoseFromSFRBuilder: [ WARNING ] discarding 1 atoms at position 22 in file /data/user/abgvg9/benchmark/files/all/ampc/ampc.pdb. Best match rsd_type:  ILE
core.io.pose_from_sfr.PoseFromSFRBuilder: [ WARNING ] discarding 1 atoms at position 24 in file /data/user/abgvg9/benchmark/files/all/ampc/ampc.pdb. Best match rsd_type:  GLY
core.io.pose_from_sfr.PoseFromSFRBuilder: [ WARNING ] discarding 1 atoms at position 25 in file /data/user/abgvg9/benchmark/files/all/ampc/ampc.pdb. Best match rsd_type:  MET
core.io.pose_from_sfr.PoseFromSFRBuilder: [ WARNING ] discarding 1 atoms at position 26 in file /data/user/abgvg9/benchmark/files/all/ampc/ampc.pdb. Best match rsd_type:  ALA
core.io.pose_from_sfr.PoseFromSFRBuilder: [ WARNING ] discarding 1 atoms at position 27 in file /data/user/abgvg9/benchmark/files/all/ampc/ampc.pdb. Best match rsd_type:  VAL
core.io.pose_from_sfr.PoseFromSFRBuilder: [ WARNING ] discarding 1 atoms at position 28 in file /data/user/abgvg9/benchmark/files/all/ampc/ampc.pdb. Best match rsd_type:  ALA
core.io.pose_from_sfr.PoseFromSFRBuilder: [ WARNING ] discarding 1 atoms at position 29 in file /data/user/abgvg9/benchmark/files/all/ampc/ampc.pdb. Best match rsd_type:  VAL
core.io.pose_from_sfr.PoseFromSFRBuilder: [ WARNING ] discarding 1 atoms at position 30 in file /data/user/abgvg9/benchmark/files/all/ampc/ampc.pdb. Best match rsd_type:  ILE
core.io.pose_from_sfr.PoseFromSFRBuilder: [ WARNING ] discarding 2 atoms at position 31 in file /data/user/abgvg9/benchmark/files/all/ampc/ampc.pdb. Best match rsd_type:  TYR
core.io.pose_from_sfr.PoseFromSFRBuilder: [ WARNING ] discarding 3 atoms at position 32 in file /data/user/abgvg9/benchmark/files/all/ampc/ampc.pdb. Best match rsd_type:  GLN
core.io.pose_from_sfr.PoseFromSFRBuilder: [ WARNING ] discarding 1 atoms at position 33 in file /data/user/abgvg9/benchmark/files/all/ampc/ampc.pdb. Best match rsd_type:  GLY
core.io.pose_from_sfr.PoseFromSFRBuilder: [ WARNING ] discarding 4 atoms at position 34 in file /data/user/abgvg9/benchmark/files/all/ampc/ampc.pdb. Best match rsd_type:  LYS
core.io.pose_from_sfr.PoseFromSFRBuilder: [ WARNING ] discarding 2 atoms at position 36 in file /data/user/abgvg9/benchmark/files/all/ampc/ampc.pdb. Best match rsd_type:  TYR
core.io.pose_from_sfr.PoseFromSFRBuilder: [ WARNING ] discarding 2 atoms at position 37 in file /data/user/abgvg9/benchmark/files/all/ampc/ampc.pdb. Best match rsd_type:  TYR
core.io.pose_from_sfr.PoseFromSFRBuilder: [ WARNING ] discarding 1 atoms at position 38 in file /data/user/abgvg9/benchmark/files/all/ampc/ampc.pdb. Best match rsd_type:  PHE
core.io.pose_from_sfr.PoseFromSFRBuilder: [ WARNING ] discarding 2 atoms at position 39 in file /data/user/abgvg9/benchmark/files/all/ampc/ampc.pdb. Best match rsd_type:  THR
core.io.pose_from_sfr.PoseFromSFRBuilder: [ WARNING ] discarding 2 atoms at position 40 in file /data/user/abgvg9/benchmark/files/all/ampc/ampc.pdb. Best match rsd_type:  TRP
core.io.pose_from_sfr.PoseFromSFRBuilder: [ WARNING ] discarding 1 atoms at position 41 in file /data/user/abgvg9/benchmark/files/all/ampc/ampc.pdb. Best match rsd_type:  GLY
core.io.pose_from_sfr.PoseFromSFRBuilder: [ WARNING ] discarding 2 atoms at position 42 in file /data/user/abgvg9/benchmark/files/all/ampc/ampc.pdb. Best match rsd_type:  TYR
core.io.pose_from_sfr.PoseFromSFRBuilder: [ WARNING ] discarding 1 atoms at position 43 in file /data/user/abgvg9/benchmark/files/all/ampc/ampc.pdb. Best match rsd_type:  ALA
core.io.pose_from_sfr.PoseFromSFRBuilder: [ WARNING ] discarding 1 atoms at position 44 in file /data/user/abgvg9/benchmark/files/all/ampc/ampc.pdb. Best match rsd_type:  ASP
core.io.pose_from_sfr.PoseFromSFRBuilder: [ WARNING ] discarding 1 atoms at position 45 in file /data/user/abgvg9/benchmark/files/all/ampc/ampc.pdb. Best match rsd_type:  ILE
core.io.pose_from_sfr.PoseFromSFRBuilder: [ WARNING ] discarding 1 atoms at position 46 in file /data/user/abgvg9/benchmark/files/all/ampc/ampc.pdb. Best match rsd_type:  ALA
core.io.pose_from_sfr.PoseFromSFRBuilder: [ WARNING ] discarding 4 atoms at position 47 in file /data/user/abgvg9/benchmark/files/all/ampc/ampc.pdb. Best match rsd_type:  LYS
core.io.pose_from_sfr.PoseFromSFRBuilder: [ WARNING ] discarding 4 atoms at position 48 in file /data/user/abgvg9/benchmark/files/all/ampc/ampc.pdb. Best match rsd_type:  LYS
core.io.pose_from_sfr.PoseFromSFRBuilder: [ WARNING ] discarding 3 atoms at position 49 in file /data/user/abgvg9/benchmark/files/all/ampc/ampc.pdb. Best match rsd_type:  GLN
core.io.pose_from_sfr.PoseFromSFRBuilder: [ WARNING ] discarding 1 atoms at position 51 in file /data/user/abgvg9/benchmark/files/all/ampc/ampc.pdb. Best match rsd_type:  VAL
core.io.pose_from_sfr.PoseFromSFRBuilder: [ WARNING ] discarding 2 atoms at position 52 in file /data/user/abgvg9/benchmark/files/all/ampc/ampc.pdb. Best match rsd_type:  THR
core.io.pose_from_sfr.PoseFromSFRBuilder: [ WARNING ] discarding 3 atoms at position 53 in file /data/user/abgvg9/benchmark/files/all/ampc/ampc.pdb. Best match rsd_type:  GLN
core.io.pose_from_sfr.PoseFromSFRBuilder: [ WARNING ] discarding 3 atoms at position 54 in file /data/user/abgvg9/benchmark/files/all/ampc/ampc.pdb. Best match rsd_type:  GLN
core.io.pose_from_sfr.PoseFromSFRBuilder: [ WARNING ] discarding 2 atoms at position 55 in file /data/user/abgvg9/benchmark/files/all/ampc/ampc.pdb. Best match rsd_type:  THR
core.io.pose_from_sfr.PoseFromSFRBuilder: [ WARNING ] discarding 1 atoms at position 56 in file /data/user/abgvg9/benchmark/files/all/ampc/ampc.pdb. Best match rsd_type:  LEU
core.io.pose_from_sfr.PoseFromSFRBuilder: [ WARNING ] discarding 1 atoms at position 57 in file /data/user/abgvg9/benchmark/files/all/ampc/ampc.pdb. Best match rsd_type:  PHE
core.io.pose_from_sfr.PoseFromSFRBuilder: [ WARNING ] discarding 1 atoms at position 58 in file /data/user/abgvg9/benchmark/files/all/ampc/ampc.pdb. Best match rsd_type:  GLU
core.io.pose_from_sfr.PoseFromSFRBuilder: [ WARNING ] discarding 1 atoms at position 59 in file /data/user/abgvg9/benchmark/files/all/ampc/ampc.pdb. Best match rsd_type:  LEU
core.io.pose_from_sfr.PoseFromSFRBuilder: [ WARNING ] discarding 1 atoms at position 60 in file /data/user/abgvg9/benchmark/files/all/ampc/ampc.pdb. Best match rsd_type:  GLY
core.io.pose_from_sfr.PoseFromSFRBuilder: [ WARNING ] discarding 1 atoms at position 61 in file /data/user/abgvg9/benchmark/files/all/ampc/ampc.pdb. Best match rsd_type:  VAL
core.io.pose_from_sfr.PoseFromSFRBuilder: [ WARNING ] discarding 2 atoms at position 62 in file /data/user/abgvg9/benchmark/files/all/ampc/ampc.pdb. Best match rsd_type:  SER
core.io.pose_from_sfr.PoseFromSFRBuilder: [ WARNING ] discarding 4 atoms at position 63 in file /data/user/abgvg9/benchmark/files/all/ampc/ampc.pdb. Best match rsd_type:  LYS
core.io.pose_from_sfr.PoseFromSFRBuilder: [ WARNING ] discarding 2 atoms at position 64 in file /data/user/abgvg9/benchmark/files/all/ampc/ampc.pdb. Best match rsd_type:  THR
core.io.pose_from_sfr.PoseFromSFRBuilder: [ WARNING ] discarding 1 atoms at position 65 in file /data/user/abgvg9/benchmark/files/all/ampc/ampc.pdb. Best match rsd_type:  PHE
core.io.pose_from_sfr.PoseFromSFRBuilder: [ WARNING ] discarding 2 atoms at position 66 in file /data/user/abgvg9/benchmark/files/all/ampc/ampc.pdb. Best match rsd_type:  THR
core.io.pose_from_sfr.PoseFromSFRBuilder: [ WARNING ] discarding 1 atoms at position 67 in file /data/user/abgvg9/benchmark/files/all/ampc/ampc.pdb. Best match rsd_type:  GLY
core.io.pose_from_sfr.PoseFromSFRBuilder: [ WARNING ] discarding 1 atoms at position 68 in file /data/user/abgvg9/benchmark/files/all/ampc/ampc.pdb. Best match rsd_type:  VAL
core.io.pose_from_sfr.PoseFromSFRBuilder: [ WARNING ] discarding 1 atoms at position 69 in file /data/user/abgvg9/benchmark/files/all/ampc/ampc.pdb. Best match rsd_type:  LEU
core.io.pose_from_sfr.PoseFromSFRBuilder: [ WARNING ] discarding 1 atoms at position 70 in file /data/user/abgvg9/benchmark/files/all/ampc/ampc.pdb. Best match rsd_type:  GLY
core.io.pose_from_sfr.PoseFromSFRBuilder: [ WARNING ] discarding 1 atoms at position 71 in file /data/user/abgvg9/benchmark/files/all/ampc/ampc.pdb. Best match rsd_type:  GLY
core.io.pose_from_sfr.PoseFromSFRBuilder: [ WARNING ] discarding 1 atoms at position 72 in file /data/user/abgvg9/benchmark/files/all/ampc/ampc.pdb. Best match rsd_type:  ASP
core.io.pose_from_sfr.PoseFromSFRBuilder: [ WARNING ] discarding 1 atoms at position 73 in file /data/user/abgvg9/benchmark/files/all/ampc/ampc.pdb. Best match rsd_type:  ALA
core.io.pose_from_sfr.PoseFromSFRBuilder: [ WARNING ] discarding 1 atoms at position 74 in file /data/user/abgvg9/benchmark/files/all/ampc/ampc.pdb. Best match rsd_type:  ILE
core.io.pose_from_sfr.PoseFromSFRBuilder: [ WARNING ] discarding 1 atoms at position 75 in file /data/user/abgvg9/benchmark/files/all/ampc/ampc.pdb. Best match rsd_type:  ALA
core.io.pose_from_sfr.PoseFromSFRBuilder: [ WARNING ] discarding 6 atoms at position 76 in file /data/user/abgvg9/benchmark/files/all/ampc/ampc.pdb. Best match rsd_type:  ARG
core.io.pose_from_sfr.PoseFromSFRBuilder: [ WARNING ] discarding 1 atoms at position 77 in file /data/user/abgvg9/benchmark/files/all/ampc/ampc.pdb. Best match rsd_type:  GLY
core.io.pose_from_sfr.PoseFromSFRBuilder: [ WARNING ] discarding 1 atoms at position 78 in file /data/user/abgvg9/benchmark/files/all/ampc/ampc.pdb. Best match rsd_type:  GLU
core.io.pose_from_sfr.PoseFromSFRBuilder: [ WARNING ] discarding 1 atoms at position 79 in file /data/user/abgvg9/benchmark/files/all/ampc/ampc.pdb. Best match rsd_type:  ILE
core.io.pose_from_sfr.PoseFromSFRBuilder: [ WARNING ] discarding 4 atoms at position 80 in file /data/user/abgvg9/benchmark/files/all/ampc/ampc.pdb. Best match rsd_type:  LYS
core.io.pose_from_sfr.PoseFromSFRBuilder: [ WARNING ] discarding 1 atoms at position 81 in file /data/user/abgvg9/benchmark/files/all/ampc/ampc.pdb. Best match rsd_type:  LEU
core.io.pose_from_sfr.PoseFromSFRBuilder: [ WARNING ] discarding 2 atoms at position 82 in file /data/user/abgvg9/benchmark/files/all/ampc/ampc.pdb. Best match rsd_type:  SER
core.io.pose_from_sfr.PoseFromSFRBuilder: [ WARNING ] discarding 1 atoms at position 83 in file /data/user/abgvg9/benchmark/files/all/ampc/ampc.pdb. Best match rsd_type:  ASP
core.io.pose_from_sfr.PoseFromSFRBuilder: [ WARNING ] discarding 2 atoms at position 85 in file /data/user/abgvg9/benchmark/files/all/ampc/ampc.pdb. Best match rsd_type:  THR
core.io.pose_from_sfr.PoseFromSFRBuilder: [ WARNING ] discarding 2 atoms at position 86 in file /data/user/abgvg9/benchmark/files/all/ampc/ampc.pdb. Best match rsd_type:  THR
core.io.pose_from_sfr.PoseFromSFRBuilder: [ WARNING ] discarding 4 atoms at position 87 in file /data/user/abgvg9/benchmark/files/all/ampc/ampc.pdb. Best match rsd_type:  LYS
core.io.pose_from_sfr.PoseFromSFRBuilder: [ WARNING ] discarding 2 atoms at position 88 in file /data/user/abgvg9/benchmark/files/all/ampc/ampc.pdb. Best match rsd_type:  TYR
core.io.pose_from_sfr.PoseFromSFRBuilder: [ WARNING ] discarding 2 atoms at position 89 in file /data/user/abgvg9/benchmark/files/all/ampc/ampc.pdb. Best match rsd_type:  TRP
core.io.pose_from_sfr.PoseFromSFRBuilder: [ WARNING ] discarding 1 atoms at position 91 in file /data/user/abgvg9/benchmark/files/all/ampc/ampc.pdb. Best match rsd_type:  GLU
core.io.pose_from_sfr.PoseFromSFRBuilder: [ WARNING ] discarding 1 atoms at position 92 in file /data/user/abgvg9/benchmark/files/all/ampc/ampc.pdb. Best match rsd_type:  LEU
core.io.pose_from_sfr.PoseFromSFRBuilder: [ WARNING ] discarding 2 atoms at position 93 in file /data/user/abgvg9/benchmark/files/all/ampc/ampc.pdb. Best match rsd_type:  THR
core.io.pose_from_sfr.PoseFromSFRBuilder: [ WARNING ] discarding 1 atoms at position 94 in file /data/user/abgvg9/benchmark/files/all/ampc/ampc.pdb. Best match rsd_type:  ALA
core.io.pose_from_sfr.PoseFromSFRBuilder: [ WARNING ] discarding 4 atoms at position 95 in file /data/user/abgvg9/benchmark/files/all/ampc/ampc.pdb. Best match rsd_type:  LYS
core.io.pose_from_sfr.PoseFromSFRBuilder: [ WARNING ] discarding 3 atoms at position 96 in file /data/user/abgvg9/benchmark/files/all/ampc/ampc.pdb. Best match rsd_type:  GLN
core.io.pose_from_sfr.PoseFromSFRBuilder: [ WARNING ] discarding 2 atoms at position 97 in file /data/user/abgvg9/benchmark/files/all/ampc/ampc.pdb. Best match rsd_type:  TRP
core.io.pose_from_sfr.PoseFromSFRBuilder: [ WARNING ] discarding 3 atoms at position 98 in file /data/user/abgvg9/benchmark/files/all/ampc/ampc.pdb. Best match rsd_type:  ASN
core.io.pose_from_sfr.PoseFromSFRBuilder: [ WARNING ] discarding 1 atoms at position 99 in file /data/user/abgvg9/benchmark/files/all/ampc/ampc.pdb. Best match rsd_type:  GLY
core.io.pose_from_sfr.PoseFromSFRBuilder: [ WARNING ] discarding 1 atoms at position 100 in file /data/user/abgvg9/benchmark/files/all/ampc/ampc.pdb. Best match rsd_type:  ILE
core.io.pose_from_sfr.PoseFromSFRBuilder: [ WARNING ] discarding 2 atoms at position 101 in file /data/user/abgvg9/benchmark/files/all/ampc/ampc.pdb. Best match rsd_type:  THR
core.io.pose_from_sfr.PoseFromSFRBuilder: [ WARNING ] discarding 1 atoms at position 102 in file /data/user/abgvg9/benchmark/files/all/ampc/ampc.pdb. Best match rsd_type:  LEU
core.io.pose_from_sfr.PoseFromSFRBuilder: [ WARNING ] discarding 1 atoms at position 103 in file /data/user/abgvg9/benchmark/files/all/ampc/ampc.pdb. Best match rsd_type:  LEU
core.io.pose_from_sfr.PoseFromSFRBuilder: [ WARNING ] discarding 2 atoms at position 104 in file /data/user/abgvg9/benchmark/files/all/ampc/ampc.pdb. Best match rsd_type:  HIS
core.io.pose_from_sfr.PoseFromSFRBuilder: [ WARNING ] discarding 1 atoms at position 105 in file /data/user/abgvg9/benchmark/files/all/ampc/ampc.pdb. Best match rsd_type:  LEU
core.io.pose_from_sfr.PoseFromSFRBuilder: [ WARNING ] discarding 1 atoms at position 106 in file /data/user/abgvg9/benchmark/files/all/ampc/ampc.pdb. Best match rsd_type:  ALA
core.io.pose_from_sfr.PoseFromSFRBuilder: [ WARNING ] discarding 2 atoms at position 107 in file /data/user/abgvg9/benchmark/files/all/ampc/ampc.pdb. Best match rsd_type:  THR
core.io.pose_from_sfr.PoseFromSFRBuilder: [ WARNING ] discarding 2 atoms at position 108 in file /data/user/abgvg9/benchmark/files/all/ampc/ampc.pdb. Best match rsd_type:  TYR
core.io.pose_from_sfr.PoseFromSFRBuilder: [ WARNING ] discarding 2 atoms at position 109 in file /data/user/abgvg9/benchmark/files/all/ampc/ampc.pdb. Best match rsd_type:  THR
core.io.pose_from_sfr.PoseFromSFRBuilder: [ WARNING ] discarding 1 atoms at position 110 in file /data/user/abgvg9/benchmark/files/all/ampc/ampc.pdb. Best match rsd_type:  ALA
core.io.pose_from_sfr.PoseFromSFRBuilder: [ WARNING ] discarding 1 atoms at position 111 in file /data/user/abgvg9/benchmark/files/all/ampc/ampc.pdb. Best match rsd_type:  GLY
core.io.pose_from_sfr.PoseFromSFRBuilder: [ WARNING ] discarding 1 atoms at position 112 in file /data/user/abgvg9/benchmark/files/all/ampc/ampc.pdb. Best match rsd_type:  GLY
core.io.pose_from_sfr.PoseFromSFRBuilder: [ WARNING ] discarding 1 atoms at position 113 in file /data/user/abgvg9/benchmark/files/all/ampc/ampc.pdb. Best match rsd_type:  LEU
core.io.pose_from_sfr.PoseFromSFRBuilder: [ WARNING ] discarding 1 atoms at position 115 in file /data/user/abgvg9/benchmark/files/all/ampc/ampc.pdb. Best match rsd_type:  LEU
core.io.pose_from_sfr.PoseFromSFRBuilder: [ WARNING ] discarding 3 atoms at position 116 in file /data/user/abgvg9/benchmark/files/all/ampc/ampc.pdb. Best match rsd_type:  GLN
core.io.pose_from_sfr.PoseFromSFRBuilder: [ WARNING ] discarding 1 atoms at position 117 in file /data/user/abgvg9/benchmark/files/all/ampc/ampc.pdb. Best match rsd_type:  VAL
core.io.pose_from_sfr.PoseFromSFRBuilder: [ WARNING ] discarding 1 atoms at position 119 in file /data/user/abgvg9/benchmark/files/all/ampc/ampc.pdb. Best match rsd_type:  ASP
core.io.pose_from_sfr.PoseFromSFRBuilder: [ WARNING ] discarding 1 atoms at position 120 in file /data/user/abgvg9/benchmark/files/all/ampc/ampc.pdb. Best match rsd_type:  GLU
core.io.pose_from_sfr.PoseFromSFRBuilder: [ WARNING ] discarding 1 atoms at position 121 in file /data/user/abgvg9/benchmark/files/all/ampc/ampc.pdb. Best match rsd_type:  VAL
core.io.pose_from_sfr.PoseFromSFRBuilder: [ WARNING ] discarding 4 atoms at position 122 in file /data/user/abgvg9/benchmark/files/all/ampc/ampc.pdb. Best match rsd_type:  LYS
core.io.pose_from_sfr.PoseFromSFRBuilder: [ WARNING ] discarding 2 atoms at position 123 in file /data/user/abgvg9/benchmark/files/all/ampc/ampc.pdb. Best match rsd_type:  SER
core.io.pose_from_sfr.PoseFromSFRBuilder: [ WARNING ] discarding 2 atoms at position 124 in file /data/user/abgvg9/benchmark/files/all/ampc/ampc.pdb. Best match rsd_type:  SER
core.io.pose_from_sfr.PoseFromSFRBuilder: [ WARNING ] discarding 2 atoms at position 125 in file /data/user/abgvg9/benchmark/files/all/ampc/ampc.pdb. Best match rsd_type:  SER
core.io.pose_from_sfr.PoseFromSFRBuilder: [ WARNING ] discarding 1 atoms at position 126 in file /data/user/abgvg9/benchmark/files/all/ampc/ampc.pdb. Best match rsd_type:  ASP
core.io.pose_from_sfr.PoseFromSFRBuilder: [ WARNING ] discarding 1 atoms at position 127 in file /data/user/abgvg9/benchmark/files/all/ampc/ampc.pdb. Best match rsd_type:  LEU
core.io.pose_from_sfr.PoseFromSFRBuilder: [ WARNING ] discarding 1 atoms at position 128 in file /data/user/abgvg9/benchmark/files/all/ampc/ampc.pdb. Best match rsd_type:  LEU
core.io.pose_from_sfr.PoseFromSFRBuilder: [ WARNING ] discarding 6 atoms at position 129 in file /data/user/abgvg9/benchmark/files/all/ampc/ampc.pdb. Best match rsd_type:  ARG
core.io.pose_from_sfr.PoseFromSFRBuilder: [ WARNING ] discarding 1 atoms at position 130 in file /data/user/abgvg9/benchmark/files/all/ampc/ampc.pdb. Best match rsd_type:  PHE
core.io.pose_from_sfr.PoseFromSFRBuilder: [ WARNING ] discarding 2 atoms at position 131 in file /data/user/abgvg9/benchmark/files/all/ampc/ampc.pdb. Best match rsd_type:  TYR
core.io.pose_from_sfr.PoseFromSFRBuilder: [ WARNING ] discarding 3 atoms at position 132 in file /data/user/abgvg9/benchmark/files/all/ampc/ampc.pdb. Best match rsd_type:  GLN
core.io.pose_from_sfr.PoseFromSFRBuilder: [ WARNING ] discarding 3 atoms at position 133 in file /data/user/abgvg9/benchmark/files/all/ampc/ampc.pdb. Best match rsd_type:  ASN
core.io.pose_from_sfr.PoseFromSFRBuilder: [ WARNING ] discarding 2 atoms at position 134 in file /data/user/abgvg9/benchmark/files/all/ampc/ampc.pdb. Best match rsd_type:  TRP
core.io.pose_from_sfr.PoseFromSFRBuilder: [ WARNING ] discarding 3 atoms at position 135 in file /data/user/abgvg9/benchmark/files/all/ampc/ampc.pdb. Best match rsd_type:  GLN
core.io.pose_from_sfr.PoseFromSFRBuilder: [ WARNING ] discarding 1 atoms at position 137 in file /data/user/abgvg9/benchmark/files/all/ampc/ampc.pdb. Best match rsd_type:  ALA
core.io.pose_from_sfr.PoseFromSFRBuilder: [ WARNING ] discarding 2 atoms at position 138 in file /data/user/abgvg9/benchmark/files/all/ampc/ampc.pdb. Best match rsd_type:  TRP
core.io.pose_from_sfr.PoseFromSFRBuilder: [ WARNING ] discarding 1 atoms at position 139 in file /data/user/abgvg9/benchmark/files/all/ampc/ampc.pdb. Best match rsd_type:  ALA
core.io.pose_from_sfr.PoseFromSFRBuilder: [ WARNING ] discarding 1 atoms at position 141 in file /data/user/abgvg9/benchmark/files/all/ampc/ampc.pdb. Best match rsd_type:  GLY
core.io.pose_from_sfr.PoseFromSFRBuilder: [ WARNING ] discarding 2 atoms at position 142 in file /data/user/abgvg9/benchmark/files/all/ampc/ampc.pdb. Best match rsd_type:  THR
core.io.pose_from_sfr.PoseFromSFRBuilder: [ WARNING ] discarding 3 atoms at position 143 in file /data/user/abgvg9/benchmark/files/all/ampc/ampc.pdb. Best match rsd_type:  GLN
core.io.pose_from_sfr.PoseFromSFRBuilder: [ WARNING ] discarding 6 atoms at position 144 in file /data/user/abgvg9/benchmark/files/all/ampc/ampc.pdb. Best match rsd_type:  ARG
core.io.pose_from_sfr.PoseFromSFRBuilder: [ WARNING ] discarding 1 atoms at position 145 in file /data/user/abgvg9/benchmark/files/all/ampc/ampc.pdb. Best match rsd_type:  LEU
core.io.pose_from_sfr.PoseFromSFRBuilder: [ WARNING ] discarding 1 atoms at position 146 in file /data/user/abgvg9/benchmark/files/all/ampc/ampc.pdb. Best match rsd_type:  ALA
core.io.pose_from_sfr.PoseFromSFRBuilder: [ WARNING ] discarding 2 atoms at position 147 in file /data/user/abgvg9/benchmark/files/all/ampc/ampc.pdb. Best match rsd_type:  SER
core.io.pose_from_sfr.PoseFromSFRBuilder: [ WARNING ] discarding 2 atoms at position 148 in file /data/user/abgvg9/benchmark/files/all/ampc/ampc.pdb. Best match rsd_type:  SER
core.io.pose_from_sfr.PoseFromSFRBuilder: [ WARNING ] discarding 1 atoms at position 149 in file /data/user/abgvg9/benchmark/files/all/ampc/ampc.pdb. Best match rsd_type:  ILE
core.io.pose_from_sfr.PoseFromSFRBuilder: [ WARNING ] discarding 1 atoms at position 150 in file /data/user/abgvg9/benchmark/files/all/ampc/ampc.pdb. Best match rsd_type:  GLY
core.io.pose_from_sfr.PoseFromSFRBuilder: [ WARNING ] discarding 1 atoms at position 151 in file /data/user/abgvg9/benchmark/files/all/ampc/ampc.pdb. Best match rsd_type:  LEU
core.io.pose_from_sfr.PoseFromSFRBuilder: [ WARNING ] discarding 1 atoms at position 152 in file /data/user/abgvg9/benchmark/files/all/ampc/ampc.pdb. Best match rsd_type:  PHE
core.io.pose_from_sfr.PoseFromSFRBuilder: [ WARNING ] discarding 1 atoms at position 153 in file /data/user/abgvg9/benchmark/files/all/ampc/ampc.pdb. Best match rsd_type:  GLY
core.io.pose_from_sfr.PoseFromSFRBuilder: [ WARNING ] discarding 1 atoms at position 154 in file /data/user/abgvg9/benchmark/files/all/ampc/ampc.pdb. Best match rsd_type:  ALA
core.io.pose_from_sfr.PoseFromSFRBuilder: [ WARNING ] discarding 1 atoms at position 155 in file /data/user/abgvg9/benchmark/files/all/ampc/ampc.pdb. Best match rsd_type:  LEU
core.io.pose_from_sfr.PoseFromSFRBuilder: [ WARNING ] discarding 1 atoms at position 156 in file /data/user/abgvg9/benchmark/files/all/ampc/ampc.pdb. Best match rsd_type:  ALA
core.io.pose_from_sfr.PoseFromSFRBuilder: [ WARNING ] discarding 1 atoms at position 157 in file /data/user/abgvg9/benchmark/files/all/ampc/ampc.pdb. Best match rsd_type:  VAL
core.io.pose_from_sfr.PoseFromSFRBuilder: [ WARNING ] discarding 4 atoms at position 158 in file /data/user/abgvg9/benchmark/files/all/ampc/ampc.pdb. Best match rsd_type:  LYS
core.io.pose_from_sfr.PoseFromSFRBuilder: [ WARNING ] discarding 2 atoms at position 160 in file /data/user/abgvg9/benchmark/files/all/ampc/ampc.pdb. Best match rsd_type:  SER
core.io.pose_from_sfr.PoseFromSFRBuilder: [ WARNING ] discarding 1 atoms at position 161 in file /data/user/abgvg9/benchmark/files/all/ampc/ampc.pdb. Best match rsd_type:  GLY
core.io.pose_from_sfr.PoseFromSFRBuilder: [ WARNING ] discarding 1 atoms at position 162 in file /data/user/abgvg9/benchmark/files/all/ampc/ampc.pdb. Best match rsd_type:  LEU
core.io.pose_from_sfr.PoseFromSFRBuilder: [ WARNING ] discarding 2 atoms at position 163 in file /data/user/abgvg9/benchmark/files/all/ampc/ampc.pdb. Best match rsd_type:  SER
core.io.pose_from_sfr.PoseFromSFRBuilder: [ WARNING ] discarding 1 atoms at position 164 in file /data/user/abgvg9/benchmark/files/all/ampc/ampc.pdb. Best match rsd_type:  PHE
core.io.pose_from_sfr.PoseFromSFRBuilder: [ WARNING ] discarding 1 atoms at position 165 in file /data/user/abgvg9/benchmark/files/all/ampc/ampc.pdb. Best match rsd_type:  GLU
core.io.pose_from_sfr.PoseFromSFRBuilder: [ WARNING ] discarding 3 atoms at position 166 in file /data/user/abgvg9/benchmark/files/all/ampc/ampc.pdb. Best match rsd_type:  GLN
core.io.pose_from_sfr.PoseFromSFRBuilder: [ WARNING ] discarding 1 atoms at position 167 in file /data/user/abgvg9/benchmark/files/all/ampc/ampc.pdb. Best match rsd_type:  ALA
core.io.pose_from_sfr.PoseFromSFRBuilder: [ WARNING ] discarding 1 atoms at position 168 in file /data/user/abgvg9/benchmark/files/all/ampc/ampc.pdb. Best match rsd_type:  MET
core.io.pose_from_sfr.PoseFromSFRBuilder: [ WARNING ] discarding 3 atoms at position 169 in file /data/user/abgvg9/benchmark/files/all/ampc/ampc.pdb. Best match rsd_type:  GLN
core.io.pose_from_sfr.PoseFromSFRBuilder: [ WARNING ] discarding 2 atoms at position 170 in file /data/user/abgvg9/benchmark/files/all/ampc/ampc.pdb. Best match rsd_type:  THR
core.io.pose_from_sfr.PoseFromSFRBuilder: [ WARNING ] discarding 6 atoms at position 171 in file /data/user/abgvg9/benchmark/files/all/ampc/ampc.pdb. Best match rsd_type:  ARG
core.io.pose_from_sfr.PoseFromSFRBuilder: [ WARNING ] discarding 1 atoms at position 172 in file /data/user/abgvg9/benchmark/files/all/ampc/ampc.pdb. Best match rsd_type:  VAL
core.io.pose_from_sfr.PoseFromSFRBuilder: [ WARNING ] discarding 1 atoms at position 173 in file /data/user/abgvg9/benchmark/files/all/ampc/ampc.pdb. Best match rsd_type:  PHE
core.io.pose_from_sfr.PoseFromSFRBuilder: [ WARNING ] discarding 3 atoms at position 174 in file /data/user/abgvg9/benchmark/files/all/ampc/ampc.pdb. Best match rsd_type:  GLN
core.io.pose_from_sfr.PoseFromSFRBuilder: [ WARNING ] discarding 1 atoms at position 176 in file /data/user/abgvg9/benchmark/files/all/ampc/ampc.pdb. Best match rsd_type:  LEU
core.io.pose_from_sfr.PoseFromSFRBuilder: [ WARNING ] discarding 4 atoms at position 177 in file /data/user/abgvg9/benchmark/files/all/ampc/ampc.pdb. Best match rsd_type:  LYS
core.io.pose_from_sfr.PoseFromSFRBuilder: [ WARNING ] discarding 1 atoms at position 178 in file /data/user/abgvg9/benchmark/files/all/ampc/ampc.pdb. Best match rsd_type:  LEU
core.io.pose_from_sfr.PoseFromSFRBuilder: [ WARNING ] discarding 3 atoms at position 179 in file /data/user/abgvg9/benchmark/files/all/ampc/ampc.pdb. Best match rsd_type:  ASN
core.io.pose_from_sfr.PoseFromSFRBuilder: [ WARNING ] discarding 2 atoms at position 180 in file /data/user/abgvg9/benchmark/files/all/ampc/ampc.pdb. Best match rsd_type:  HIS
core.io.pose_from_sfr.PoseFromSFRBuilder: [ WARNING ] discarding 2 atoms at position 181 in file /data/user/abgvg9/benchmark/files/all/ampc/ampc.pdb. Best match rsd_type:  THR
core.io.pose_from_sfr.PoseFromSFRBuilder: [ WARNING ] discarding 2 atoms at position 182 in file /data/user/abgvg9/benchmark/files/all/ampc/ampc.pdb. Best match rsd_type:  TRP
core.io.pose_from_sfr.PoseFromSFRBuilder: [ WARNING ] discarding 1 atoms at position 183 in file /data/user/abgvg9/benchmark/files/all/ampc/ampc.pdb. Best match rsd_type:  ILE
core.io.pose_from_sfr.PoseFromSFRBuilder: [ WARNING ] discarding 3 atoms at position 184 in file /data/user/abgvg9/benchmark/files/all/ampc/ampc.pdb. Best match rsd_type:  ASN
core.io.pose_from_sfr.PoseFromSFRBuilder: [ WARNING ] discarding 1 atoms at position 185 in file /data/user/abgvg9/benchmark/files/all/ampc/ampc.pdb. Best match rsd_type:  VAL
core.io.pose_from_sfr.PoseFromSFRBuilder: [ WARNING ] discarding 1 atoms at position 188 in file /data/user/abgvg9/benchmark/files/all/ampc/ampc.pdb. Best match rsd_type:  ALA
core.io.pose_from_sfr.PoseFromSFRBuilder: [ WARNING ] discarding 1 atoms at position 189 in file /data/user/abgvg9/benchmark/files/all/ampc/ampc.pdb. Best match rsd_type:  GLU
core.io.pose_from_sfr.PoseFromSFRBuilder: [ WARNING ] discarding 1 atoms at position 190 in file /data/user/abgvg9/benchmark/files/all/ampc/ampc.pdb. Best match rsd_type:  GLU
core.io.pose_from_sfr.PoseFromSFRBuilder: [ WARNING ] discarding 4 atoms at position 191 in file /data/user/abgvg9/benchmark/files/all/ampc/ampc.pdb. Best match rsd_type:  LYS
core.io.pose_from_sfr.PoseFromSFRBuilder: [ WARNING ] discarding 3 atoms at position 192 in file /data/user/abgvg9/benchmark/files/all/ampc/ampc.pdb. Best match rsd_type:  ASN
core.io.pose_from_sfr.PoseFromSFRBuilder: [ WARNING ] discarding 2 atoms at position 193 in file /data/user/abgvg9/benchmark/files/all/ampc/ampc.pdb. Best match rsd_type:  TYR
core.io.pose_from_sfr.PoseFromSFRBuilder: [ WARNING ] discarding 1 atoms at position 194 in file /data/user/abgvg9/benchmark/files/all/ampc/ampc.pdb. Best match rsd_type:  ALA
core.io.pose_from_sfr.PoseFromSFRBuilder: [ WARNING ] discarding 2 atoms at position 195 in file /data/user/abgvg9/benchmark/files/all/ampc/ampc.pdb. Best match rsd_type:  TRP
core.io.pose_from_sfr.PoseFromSFRBuilder: [ WARNING ] discarding 1 atoms at position 196 in file /data/user/abgvg9/benchmark/files/all/ampc/ampc.pdb. Best match rsd_type:  GLY
core.io.pose_from_sfr.PoseFromSFRBuilder: [ WARNING ] discarding 2 atoms at position 197 in file /data/user/abgvg9/benchmark/files/all/ampc/ampc.pdb. Best match rsd_type:  TYR
core.io.pose_from_sfr.PoseFromSFRBuilder: [ WARNING ] discarding 6 atoms at position 198 in file /data/user/abgvg9/benchmark/files/all/ampc/ampc.pdb. Best match rsd_type:  ARG
core.io.pose_from_sfr.PoseFromSFRBuilder: [ WARNING ] discarding 1 atoms at position 199 in file /data/user/abgvg9/benchmark/files/all/ampc/ampc.pdb. Best match rsd_type:  GLU
core.io.pose_from_sfr.PoseFromSFRBuilder: [ WARNING ] discarding 1 atoms at position 200 in file /data/user/abgvg9/benchmark/files/all/ampc/ampc.pdb. Best match rsd_type:  GLY
core.io.pose_from_sfr.PoseFromSFRBuilder: [ WARNING ] discarding 4 atoms at position 201 in file /data/user/abgvg9/benchmark/files/all/ampc/ampc.pdb. Best match rsd_type:  LYS
core.io.pose_from_sfr.PoseFromSFRBuilder: [ WARNING ] discarding 1 atoms at position 202 in file /data/user/abgvg9/benchmark/files/all/ampc/ampc.pdb. Best match rsd_type:  ALA
core.io.pose_from_sfr.PoseFromSFRBuilder: [ WARNING ] discarding 1 atoms at position 203 in file /data/user/abgvg9/benchmark/files/all/ampc/ampc.pdb. Best match rsd_type:  VAL
core.io.pose_from_sfr.PoseFromSFRBuilder: [ WARNING ] discarding 2 atoms at position 204 in file /data/user/abgvg9/benchmark/files/all/ampc/ampc.pdb. Best match rsd_type:  HIS
core.io.pose_from_sfr.PoseFromSFRBuilder: [ WARNING ] discarding 1 atoms at position 205 in file /data/user/abgvg9/benchmark/files/all/ampc/ampc.pdb. Best match rsd_type:  VAL
core.io.pose_from_sfr.PoseFromSFRBuilder: [ WARNING ] discarding 2 atoms at position 206 in file /data/user/abgvg9/benchmark/files/all/ampc/ampc.pdb. Best match rsd_type:  SER
core.io.pose_from_sfr.PoseFromSFRBuilder: [ WARNING ] discarding 1 atoms at position 208 in file /data/user/abgvg9/benchmark/files/all/ampc/ampc.pdb. Best match rsd_type:  GLY
core.io.pose_from_sfr.PoseFromSFRBuilder: [ WARNING ] discarding 1 atoms at position 209 in file /data/user/abgvg9/benchmark/files/all/ampc/ampc.pdb. Best match rsd_type:  ALA
core.io.pose_from_sfr.PoseFromSFRBuilder: [ WARNING ] discarding 1 atoms at position 210 in file /data/user/abgvg9/benchmark/files/all/ampc/ampc.pdb. Best match rsd_type:  LEU
core.io.pose_from_sfr.PoseFromSFRBuilder: [ WARNING ] discarding 1 atoms at position 211 in file /data/user/abgvg9/benchmark/files/all/ampc/ampc.pdb. Best match rsd_type:  ASP
core.io.pose_from_sfr.PoseFromSFRBuilder: [ WARNING ] discarding 1 atoms at position 212 in file /data/user/abgvg9/benchmark/files/all/ampc/ampc.pdb. Best match rsd_type:  ALA
core.io.pose_from_sfr.PoseFromSFRBuilder: [ WARNING ] discarding 1 atoms at position 213 in file /data/user/abgvg9/benchmark/files/all/ampc/ampc.pdb. Best match rsd_type:  GLU
core.io.pose_from_sfr.PoseFromSFRBuilder: [ WARNING ] discarding 1 atoms at position 214 in file /data/user/abgvg9/benchmark/files/all/ampc/ampc.pdb. Best match rsd_type:  ALA
core.io.pose_from_sfr.PoseFromSFRBuilder: [ WARNING ] discarding 2 atoms at position 215 in file /data/user/abgvg9/benchmark/files/all/ampc/ampc.pdb. Best match rsd_type:  TYR
core.io.pose_from_sfr.PoseFromSFRBuilder: [ WARNING ] discarding 1 atoms at position 216 in file /data/user/abgvg9/benchmark/files/all/ampc/ampc.pdb. Best match rsd_type:  GLY
core.io.pose_from_sfr.PoseFromSFRBuilder: [ WARNING ] discarding 1 atoms at position 217 in file /data/user/abgvg9/benchmark/files/all/ampc/ampc.pdb. Best match rsd_type:  VAL
core.io.pose_from_sfr.PoseFromSFRBuilder: [ WARNING ] discarding 4 atoms at position 218 in file /data/user/abgvg9/benchmark/files/all/ampc/ampc.pdb. Best match rsd_type:  LYS
core.io.pose_from_sfr.PoseFromSFRBuilder: [ WARNING ] discarding 2 atoms at position 219 in file /data/user/abgvg9/benchmark/files/all/ampc/ampc.pdb. Best match rsd_type:  SER
core.io.pose_from_sfr.PoseFromSFRBuilder: [ WARNING ] discarding 2 atoms at position 220 in file /data/user/abgvg9/benchmark/files/all/ampc/ampc.pdb. Best match rsd_type:  THR
core.io.pose_from_sfr.PoseFromSFRBuilder: [ WARNING ] discarding 1 atoms at position 221 in file /data/user/abgvg9/benchmark/files/all/ampc/ampc.pdb. Best match rsd_type:  ILE
core.io.pose_from_sfr.PoseFromSFRBuilder: [ WARNING ] discarding 1 atoms at position 222 in file /data/user/abgvg9/benchmark/files/all/ampc/ampc.pdb. Best match rsd_type:  GLU
core.io.pose_from_sfr.PoseFromSFRBuilder: [ WARNING ] discarding 1 atoms at position 223 in file /data/user/abgvg9/benchmark/files/all/ampc/ampc.pdb. Best match rsd_type:  ASP
core.io.pose_from_sfr.PoseFromSFRBuilder: [ WARNING ] discarding 1 atoms at position 224 in file /data/user/abgvg9/benchmark/files/all/ampc/ampc.pdb. Best match rsd_type:  MET
core.io.pose_from_sfr.PoseFromSFRBuilder: [ WARNING ] discarding 1 atoms at position 225 in file /data/user/abgvg9/benchmark/files/all/ampc/ampc.pdb. Best match rsd_type:  ALA
core.io.pose_from_sfr.PoseFromSFRBuilder: [ WARNING ] discarding 6 atoms at position 226 in file /data/user/abgvg9/benchmark/files/all/ampc/ampc.pdb. Best match rsd_type:  ARG
core.io.pose_from_sfr.PoseFromSFRBuilder: [ WARNING ] discarding 2 atoms at position 227 in file /data/user/abgvg9/benchmark/files/all/ampc/ampc.pdb. Best match rsd_type:  TRP
core.io.pose_from_sfr.PoseFromSFRBuilder: [ WARNING ] discarding 1 atoms at position 228 in file /data/user/abgvg9/benchmark/files/all/ampc/ampc.pdb. Best match rsd_type:  VAL
core.io.pose_from_sfr.PoseFromSFRBuilder: [ WARNING ] discarding 3 atoms at position 229 in file /data/user/abgvg9/benchmark/files/all/ampc/ampc.pdb. Best match rsd_type:  GLN
core.io.pose_from_sfr.PoseFromSFRBuilder: [ WARNING ] discarding 2 atoms at position 230 in file /data/user/abgvg9/benchmark/files/all/ampc/ampc.pdb. Best match rsd_type:  SER
core.io.pose_from_sfr.PoseFromSFRBuilder: [ WARNING ] discarding 3 atoms at position 231 in file /data/user/abgvg9/benchmark/files/all/ampc/ampc.pdb. Best match rsd_type:  ASN
core.io.pose_from_sfr.PoseFromSFRBuilder: [ WARNING ] discarding 1 atoms at position 232 in file /data/user/abgvg9/benchmark/files/all/ampc/ampc.pdb. Best match rsd_type:  LEU
core.io.pose_from_sfr.PoseFromSFRBuilder: [ WARNING ] discarding 4 atoms at position 233 in file /data/user/abgvg9/benchmark/files/all/ampc/ampc.pdb. Best match rsd_type:  LYS
core.io.pose_from_sfr.PoseFromSFRBuilder: [ WARNING ] discarding 1 atoms at position 235 in file /data/user/abgvg9/benchmark/files/all/ampc/ampc.pdb. Best match rsd_type:  LEU
core.io.pose_from_sfr.PoseFromSFRBuilder: [ WARNING ] discarding 1 atoms at position 236 in file /data/user/abgvg9/benchmark/files/all/ampc/ampc.pdb. Best match rsd_type:  ASP
core.io.pose_from_sfr.PoseFromSFRBuilder: [ WARNING ] discarding 1 atoms at position 237 in file /data/user/abgvg9/benchmark/files/all/ampc/ampc.pdb. Best match rsd_type:  ILE
core.io.pose_from_sfr.PoseFromSFRBuilder: [ WARNING ] discarding 3 atoms at position 238 in file /data/user/abgvg9/benchmark/files/all/ampc/ampc.pdb. Best match rsd_type:  ASN
core.io.pose_from_sfr.PoseFromSFRBuilder: [ WARNING ] discarding 1 atoms at position 239 in file /data/user/abgvg9/benchmark/files/all/ampc/ampc.pdb. Best match rsd_type:  GLU
core.io.pose_from_sfr.PoseFromSFRBuilder: [ WARNING ] discarding 4 atoms at position 240 in file /data/user/abgvg9/benchmark/files/all/ampc/ampc.pdb. Best match rsd_type:  LYS
core.io.pose_from_sfr.PoseFromSFRBuilder: [ WARNING ] discarding 2 atoms at position 241 in file /data/user/abgvg9/benchmark/files/all/ampc/ampc.pdb. Best match rsd_type:  THR
core.io.pose_from_sfr.PoseFromSFRBuilder: [ WARNING ] discarding 1 atoms at position 242 in file /data/user/abgvg9/benchmark/files/all/ampc/ampc.pdb. Best match rsd_type:  LEU
core.io.pose_from_sfr.PoseFromSFRBuilder: [ WARNING ] discarding 3 atoms at position 243 in file /data/user/abgvg9/benchmark/files/all/ampc/ampc.pdb. Best match rsd_type:  GLN
core.io.pose_from_sfr.PoseFromSFRBuilder: [ WARNING ] discarding 3 atoms at position 244 in file /data/user/abgvg9/benchmark/files/all/ampc/ampc.pdb. Best match rsd_type:  GLN
core.io.pose_from_sfr.PoseFromSFRBuilder: [ WARNING ] discarding 1 atoms at position 245 in file /data/user/abgvg9/benchmark/files/all/ampc/ampc.pdb. Best match rsd_type:  GLY
core.io.pose_from_sfr.PoseFromSFRBuilder: [ WARNING ] discarding 1 atoms at position 246 in file /data/user/abgvg9/benchmark/files/all/ampc/ampc.pdb. Best match rsd_type:  ILE
core.io.pose_from_sfr.PoseFromSFRBuilder: [ WARNING ] discarding 3 atoms at position 247 in file /data/user/abgvg9/benchmark/files/all/ampc/ampc.pdb. Best match rsd_type:  GLN
core.io.pose_from_sfr.PoseFromSFRBuilder: [ WARNING ] discarding 1 atoms at position 248 in file /data/user/abgvg9/benchmark/files/all/ampc/ampc.pdb. Best match rsd_type:  LEU
core.io.pose_from_sfr.PoseFromSFRBuilder: [ WARNING ] discarding 1 atoms at position 249 in file /data/user/abgvg9/benchmark/files/all/ampc/ampc.pdb. Best match rsd_type:  ALA
core.io.pose_from_sfr.PoseFromSFRBuilder: [ WARNING ] discarding 3 atoms at position 250 in file /data/user/abgvg9/benchmark/files/all/ampc/ampc.pdb. Best match rsd_type:  GLN
core.io.pose_from_sfr.PoseFromSFRBuilder: [ WARNING ] discarding 2 atoms at position 251 in file /data/user/abgvg9/benchmark/files/all/ampc/ampc.pdb. Best match rsd_type:  SER
core.io.pose_from_sfr.PoseFromSFRBuilder: [ WARNING ] discarding 6 atoms at position 252 in file /data/user/abgvg9/benchmark/files/all/ampc/ampc.pdb. Best match rsd_type:  ARG
core.io.pose_from_sfr.PoseFromSFRBuilder: [ WARNING ] discarding 2 atoms at position 253 in file /data/user/abgvg9/benchmark/files/all/ampc/ampc.pdb. Best match rsd_type:  TYR
core.io.pose_from_sfr.PoseFromSFRBuilder: [ WARNING ] discarding 2 atoms at position 254 in file /data/user/abgvg9/benchmark/files/all/ampc/ampc.pdb. Best match rsd_type:  TRP
core.io.pose_from_sfr.PoseFromSFRBuilder: [ WARNING ] discarding 3 atoms at position 255 in file /data/user/abgvg9/benchmark/files/all/ampc/ampc.pdb. Best match rsd_type:  GLN
core.io.pose_from_sfr.PoseFromSFRBuilder: [ WARNING ] discarding 2 atoms at position 256 in file /data/user/abgvg9/benchmark/files/all/ampc/ampc.pdb. Best match rsd_type:  THR
core.io.pose_from_sfr.PoseFromSFRBuilder: [ WARNING ] discarding 1 atoms at position 257 in file /data/user/abgvg9/benchmark/files/all/ampc/ampc.pdb. Best match rsd_type:  GLY
core.io.pose_from_sfr.PoseFromSFRBuilder: [ WARNING ] discarding 1 atoms at position 258 in file /data/user/abgvg9/benchmark/files/all/ampc/ampc.pdb. Best match rsd_type:  ASP
core.io.pose_from_sfr.PoseFromSFRBuilder: [ WARNING ] discarding 1 atoms at position 259 in file /data/user/abgvg9/benchmark/files/all/ampc/ampc.pdb. Best match rsd_type:  MET
core.io.pose_from_sfr.PoseFromSFRBuilder: [ WARNING ] discarding 2 atoms at position 260 in file /data/user/abgvg9/benchmark/files/all/ampc/ampc.pdb. Best match rsd_type:  TYR
core.io.pose_from_sfr.PoseFromSFRBuilder: [ WARNING ] discarding 3 atoms at position 261 in file /data/user/abgvg9/benchmark/files/all/ampc/ampc.pdb. Best match rsd_type:  GLN
core.io.pose_from_sfr.PoseFromSFRBuilder: [ WARNING ] discarding 1 atoms at position 262 in file /data/user/abgvg9/benchmark/files/all/ampc/ampc.pdb. Best match rsd_type:  GLY
core.io.pose_from_sfr.PoseFromSFRBuilder: [ WARNING ] discarding 1 atoms at position 263 in file /data/user/abgvg9/benchmark/files/all/ampc/ampc.pdb. Best match rsd_type:  LEU
core.io.pose_from_sfr.PoseFromSFRBuilder: [ WARNING ] discarding 1 atoms at position 264 in file /data/user/abgvg9/benchmark/files/all/ampc/ampc.pdb. Best match rsd_type:  GLY
core.io.pose_from_sfr.PoseFromSFRBuilder: [ WARNING ] discarding 2 atoms at position 265 in file /data/user/abgvg9/benchmark/files/all/ampc/ampc.pdb. Best match rsd_type:  TRP
core.io.pose_from_sfr.PoseFromSFRBuilder: [ WARNING ] discarding 1 atoms at position 266 in file /data/user/abgvg9/benchmark/files/all/ampc/ampc.pdb. Best match rsd_type:  GLU
core.io.pose_from_sfr.PoseFromSFRBuilder: [ WARNING ] discarding 1 atoms at position 267 in file /data/user/abgvg9/benchmark/files/all/ampc/ampc.pdb. Best match rsd_type:  MET
core.io.pose_from_sfr.PoseFromSFRBuilder: [ WARNING ] discarding 1 atoms at position 268 in file /data/user/abgvg9/benchmark/files/all/ampc/ampc.pdb. Best match rsd_type:  LEU
core.io.pose_from_sfr.PoseFromSFRBuilder: [ WARNING ] discarding 1 atoms at position 269 in file /data/user/abgvg9/benchmark/files/all/ampc/ampc.pdb. Best match rsd_type:  ASP
core.io.pose_from_sfr.PoseFromSFRBuilder: [ WARNING ] discarding 2 atoms at position 270 in file /data/user/abgvg9/benchmark/files/all/ampc/ampc.pdb. Best match rsd_type:  TRP
core.io.pose_from_sfr.PoseFromSFRBuilder: [ WARNING ] discarding 1 atoms at position 272 in file /data/user/abgvg9/benchmark/files/all/ampc/ampc.pdb. Best match rsd_type:  VAL
core.io.pose_from_sfr.PoseFromSFRBuilder: [ WARNING ] discarding 3 atoms at position 273 in file /data/user/abgvg9/benchmark/files/all/ampc/ampc.pdb. Best match rsd_type:  ASN
core.io.pose_from_sfr.PoseFromSFRBuilder: [ WARNING ] discarding 1 atoms at position 275 in file /data/user/abgvg9/benchmark/files/all/ampc/ampc.pdb. Best match rsd_type:  ASP
core.io.pose_from_sfr.PoseFromSFRBuilder: [ WARNING ] discarding 2 atoms at position 276 in file /data/user/abgvg9/benchmark/files/all/ampc/ampc.pdb. Best match rsd_type:  SER
core.io.pose_from_sfr.PoseFromSFRBuilder: [ WARNING ] discarding 1 atoms at position 277 in file /data/user/abgvg9/benchmark/files/all/ampc/ampc.pdb. Best match rsd_type:  ILE
core.io.pose_from_sfr.PoseFromSFRBuilder: [ WARNING ] discarding 1 atoms at position 278 in file /data/user/abgvg9/benchmark/files/all/ampc/ampc.pdb. Best match rsd_type:  ILE
core.io.pose_from_sfr.PoseFromSFRBuilder: [ WARNING ] discarding 3 atoms at position 279 in file /data/user/abgvg9/benchmark/files/all/ampc/ampc.pdb. Best match rsd_type:  ASN
core.io.pose_from_sfr.PoseFromSFRBuilder: [ WARNING ] discarding 1 atoms at position 280 in file /data/user/abgvg9/benchmark/files/all/ampc/ampc.pdb. Best match rsd_type:  GLY
core.io.pose_from_sfr.PoseFromSFRBuilder: [ WARNING ] discarding 2 atoms at position 281 in file /data/user/abgvg9/benchmark/files/all/ampc/ampc.pdb. Best match rsd_type:  SER
core.io.pose_from_sfr.PoseFromSFRBuilder: [ WARNING ] discarding 1 atoms at position 282 in file /data/user/abgvg9/benchmark/files/all/ampc/ampc.pdb. Best match rsd_type:  ASP
core.io.pose_from_sfr.PoseFromSFRBuilder: [ WARNING ] discarding 3 atoms at position 283 in file /data/user/abgvg9/benchmark/files/all/ampc/ampc.pdb. Best match rsd_type:  ASN
core.io.pose_from_sfr.PoseFromSFRBuilder: [ WARNING ] discarding 4 atoms at position 284 in file /data/user/abgvg9/benchmark/files/all/ampc/ampc.pdb. Best match rsd_type:  LYS
core.io.pose_from_sfr.PoseFromSFRBuilder: [ WARNING ] discarding 1 atoms at position 285 in file /data/user/abgvg9/benchmark/files/all/ampc/ampc.pdb. Best match rsd_type:  ILE
core.io.pose_from_sfr.PoseFromSFRBuilder: [ WARNING ] discarding 1 atoms at position 286 in file /data/user/abgvg9/benchmark/files/all/ampc/ampc.pdb. Best match rsd_type:  ALA
core.io.pose_from_sfr.PoseFromSFRBuilder: [ WARNING ] discarding 1 atoms at position 287 in file /data/user/abgvg9/benchmark/files/all/ampc/ampc.pdb. Best match rsd_type:  LEU
core.io.pose_from_sfr.PoseFromSFRBuilder: [ WARNING ] discarding 1 atoms at position 288 in file /data/user/abgvg9/benchmark/files/all/ampc/ampc.pdb. Best match rsd_type:  ALA
core.io.pose_from_sfr.PoseFromSFRBuilder: [ WARNING ] discarding 1 atoms at position 289 in file /data/user/abgvg9/benchmark/files/all/ampc/ampc.pdb. Best match rsd_type:  ALA
core.io.pose_from_sfr.PoseFromSFRBuilder: [ WARNING ] discarding 6 atoms at position 290 in file /data/user/abgvg9/benchmark/files/all/ampc/ampc.pdb. Best match rsd_type:  ARG
core.io.pose_from_sfr.PoseFromSFRBuilder: [ WARNING ] discarding 1 atoms at position 292 in file /data/user/abgvg9/benchmark/files/all/ampc/ampc.pdb. Best match rsd_type:  VAL
core.io.pose_from_sfr.PoseFromSFRBuilder: [ WARNING ] discarding 4 atoms at position 293 in file /data/user/abgvg9/benchmark/files/all/ampc/ampc.pdb. Best match rsd_type:  LYS
core.io.pose_from_sfr.PoseFromSFRBuilder: [ WARNING ] discarding 1 atoms at position 294 in file /data/user/abgvg9/benchmark/files/all/ampc/ampc.pdb. Best match rsd_type:  ALA
core.io.pose_from_sfr.PoseFromSFRBuilder: [ WARNING ] discarding 1 atoms at position 295 in file /data/user/abgvg9/benchmark/files/all/ampc/ampc.pdb. Best match rsd_type:  ILE
core.io.pose_from_sfr.PoseFromSFRBuilder: [ WARNING ] discarding 2 atoms at position 296 in file /data/user/abgvg9/benchmark/files/all/ampc/ampc.pdb. Best match rsd_type:  THR
core.io.pose_from_sfr.PoseFromSFRBuilder: [ WARNING ] discarding 2 atoms at position 299 in file /data/user/abgvg9/benchmark/files/all/ampc/ampc.pdb. Best match rsd_type:  THR
core.io.pose_from_sfr.PoseFromSFRBuilder: [ WARNING ] discarding 1 atoms at position 301 in file /data/user/abgvg9/benchmark/files/all/ampc/ampc.pdb. Best match rsd_type:  ALA
core.io.pose_from_sfr.PoseFromSFRBuilder: [ WARNING ] discarding 1 atoms at position 302 in file /data/user/abgvg9/benchmark/files/all/ampc/ampc.pdb. Best match rsd_type:  VAL
core.io.pose_from_sfr.PoseFromSFRBuilder: [ WARNING ] discarding 6 atoms at position 303 in file /data/user/abgvg9/benchmark/files/all/ampc/ampc.pdb. Best match rsd_type:  ARG
core.io.pose_from_sfr.PoseFromSFRBuilder: [ WARNING ] discarding 1 atoms at position 304 in file /data/user/abgvg9/benchmark/files/all/ampc/ampc.pdb. Best match rsd_type:  ALA
core.io.pose_from_sfr.PoseFromSFRBuilder: [ WARNING ] discarding 2 atoms at position 305 in file /data/user/abgvg9/benchmark/files/all/ampc/ampc.pdb. Best match rsd_type:  SER
core.io.pose_from_sfr.PoseFromSFRBuilder: [ WARNING ] discarding 2 atoms at position 306 in file /data/user/abgvg9/benchmark/files/all/ampc/ampc.pdb. Best match rsd_type:  TRP
core.io.pose_from_sfr.PoseFromSFRBuilder: [ WARNING ] discarding 1 atoms at position 307 in file /data/user/abgvg9/benchmark/files/all/ampc/ampc.pdb. Best match rsd_type:  VAL
core.io.pose_from_sfr.PoseFromSFRBuilder: [ WARNING ] discarding 2 atoms at position 308 in file /data/user/abgvg9/benchmark/files/all/ampc/ampc.pdb. Best match rsd_type:  HIS
core.io.pose_from_sfr.PoseFromSFRBuilder: [ WARNING ] discarding 4 atoms at position 309 in file /data/user/abgvg9/benchmark/files/all/ampc/ampc.pdb. Best match rsd_type:  LYS
core.io.pose_from_sfr.PoseFromSFRBuilder: [ WARNING ] discarding 2 atoms at position 310 in file /data/user/abgvg9/benchmark/files/all/ampc/ampc.pdb. Best match rsd_type:  THR
core.io.pose_from_sfr.PoseFromSFRBuilder: [ WARNING ] discarding 1 atoms at position 311 in file /data/user/abgvg9/benchmark/files/all/ampc/ampc.pdb. Best match rsd_type:  GLY
core.io.pose_from_sfr.PoseFromSFRBuilder: [ WARNING ] discarding 2 atoms at position 312 in file /data/user/abgvg9/benchmark/files/all/ampc/ampc.pdb. Best match rsd_type:  THR
core.io.pose_from_sfr.PoseFromSFRBuilder: [ WARNING ] discarding 1 atoms at position 313 in file /data/user/abgvg9/benchmark/files/all/ampc/ampc.pdb. Best match rsd_type:  GLY
core.io.pose_from_sfr.PoseFromSFRBuilder: [ WARNING ] discarding 1 atoms at position 314 in file /data/user/abgvg9/benchmark/files/all/ampc/ampc.pdb. Best match rsd_type:  GLY
core.io.pose_from_sfr.PoseFromSFRBuilder: [ WARNING ] discarding 1 atoms at position 315 in file /data/user/abgvg9/benchmark/files/all/ampc/ampc.pdb. Best match rsd_type:  PHE
core.io.pose_from_sfr.PoseFromSFRBuilder: [ WARNING ] discarding 1 atoms at position 316 in file /data/user/abgvg9/benchmark/files/all/ampc/ampc.pdb. Best match rsd_type:  GLY
core.io.pose_from_sfr.PoseFromSFRBuilder: [ WARNING ] discarding 2 atoms at position 317 in file /data/user/abgvg9/benchmark/files/all/ampc/ampc.pdb. Best match rsd_type:  SER
core.io.pose_from_sfr.PoseFromSFRBuilder: [ WARNING ] discarding 2 atoms at position 318 in file /data/user/abgvg9/benchmark/files/all/ampc/ampc.pdb. Best match rsd_type:  TYR
core.io.pose_from_sfr.PoseFromSFRBuilder: [ WARNING ] discarding 1 atoms at position 319 in file /data/user/abgvg9/benchmark/files/all/ampc/ampc.pdb. Best match rsd_type:  VAL
core.io.pose_from_sfr.PoseFromSFRBuilder: [ WARNING ] discarding 1 atoms at position 320 in file /data/user/abgvg9/benchmark/files/all/ampc/ampc.pdb. Best match rsd_type:  ALA
core.io.pose_from_sfr.PoseFromSFRBuilder: [ WARNING ] discarding 1 atoms at position 321 in file /data/user/abgvg9/benchmark/files/all/ampc/ampc.pdb. Best match rsd_type:  PHE
core.io.pose_from_sfr.PoseFromSFRBuilder: [ WARNING ] discarding 1 atoms at position 322 in file /data/user/abgvg9/benchmark/files/all/ampc/ampc.pdb. Best match rsd_type:  ILE
core.io.pose_from_sfr.PoseFromSFRBuilder: [ WARNING ] discarding 1 atoms at position 324 in file /data/user/abgvg9/benchmark/files/all/ampc/ampc.pdb. Best match rsd_type:  GLU
core.io.pose_from_sfr.PoseFromSFRBuilder: [ WARNING ] discarding 4 atoms at position 325 in file /data/user/abgvg9/benchmark/files/all/ampc/ampc.pdb. Best match rsd_type:  LYS
core.io.pose_from_sfr.PoseFromSFRBuilder: [ WARNING ] discarding 1 atoms at position 326 in file /data/user/abgvg9/benchmark/files/all/ampc/ampc.pdb. Best match rsd_type:  GLU
core.io.pose_from_sfr.PoseFromSFRBuilder: [ WARNING ] discarding 1 atoms at position 327 in file /data/user/abgvg9/benchmark/files/all/ampc/ampc.pdb. Best match rsd_type:  LEU
core.io.pose_from_sfr.PoseFromSFRBuilder: [ WARNING ] discarding 1 atoms at position 328 in file /data/user/abgvg9/benchmark/files/all/ampc/ampc.pdb. Best match rsd_type:  GLY
core.io.pose_from_sfr.PoseFromSFRBuilder: [ WARNING ] discarding 1 atoms at position 329 in file /data/user/abgvg9/benchmark/files/all/ampc/ampc.pdb. Best match rsd_type:  ILE
core.io.pose_from_sfr.PoseFromSFRBuilder: [ WARNING ] discarding 1 atoms at position 330 in file /data/user/abgvg9/benchmark/files/all/ampc/ampc.pdb. Best match rsd_type:  VAL
core.io.pose_from_sfr.PoseFromSFRBuilder: [ WARNING ] discarding 1 atoms at position 331 in file /data/user/abgvg9/benchmark/files/all/ampc/ampc.pdb. Best match rsd_type:  MET
core.io.pose_from_sfr.PoseFromSFRBuilder: [ WARNING ] discarding 1 atoms at position 332 in file /data/user/abgvg9/benchmark/files/all/ampc/ampc.pdb. Best match rsd_type:  LEU
core.io.pose_from_sfr.PoseFromSFRBuilder: [ WARNING ] discarding 1 atoms at position 333 in file /data/user/abgvg9/benchmark/files/all/ampc/ampc.pdb. Best match rsd_type:  ALA
core.io.pose_from_sfr.PoseFromSFRBuilder: [ WARNING ] discarding 3 atoms at position 334 in file /data/user/abgvg9/benchmark/files/all/ampc/ampc.pdb. Best match rsd_type:  ASN
core.io.pose_from_sfr.PoseFromSFRBuilder: [ WARNING ] discarding 4 atoms at position 335 in file /data/user/abgvg9/benchmark/files/all/ampc/ampc.pdb. Best match rsd_type:  LYS
core.io.pose_from_sfr.PoseFromSFRBuilder: [ WARNING ] discarding 3 atoms at position 336 in file /data/user/abgvg9/benchmark/files/all/ampc/ampc.pdb. Best match rsd_type:  ASN
core.io.pose_from_sfr.PoseFromSFRBuilder: [ WARNING ] discarding 2 atoms at position 337 in file /data/user/abgvg9/benchmark/files/all/ampc/ampc.pdb. Best match rsd_type:  TYR
core.io.pose_from_sfr.PoseFromSFRBuilder: [ WARNING ] discarding 3 atoms at position 339 in file /data/user/abgvg9/benchmark/files/all/ampc/ampc.pdb. Best match rsd_type:  ASN
core.io.pose_from_sfr.PoseFromSFRBuilder: [ WARNING ] discarding 1 atoms at position 341 in file /data/user/abgvg9/benchmark/files/all/ampc/ampc.pdb. Best match rsd_type:  ALA
core.io.pose_from_sfr.PoseFromSFRBuilder: [ WARNING ] discarding 6 atoms at position 342 in file /data/user/abgvg9/benchmark/files/all/ampc/ampc.pdb. Best match rsd_type:  ARG
core.io.pose_from_sfr.PoseFromSFRBuilder: [ WARNING ] discarding 1 atoms at position 343 in file /data/user/abgvg9/benchmark/files/all/ampc/ampc.pdb. Best match rsd_type:  VAL
core.io.pose_from_sfr.PoseFromSFRBuilder: [ WARNING ] discarding 1 atoms at position 344 in file /data/user/abgvg9/benchmark/files/all/ampc/ampc.pdb. Best match rsd_type:  ASP
core.io.pose_from_sfr.PoseFromSFRBuilder: [ WARNING ] discarding 1 atoms at position 345 in file /data/user/abgvg9/benchmark/files/all/ampc/ampc.pdb. Best match rsd_type:  ALA
core.io.pose_from_sfr.PoseFromSFRBuilder: [ WARNING ] discarding 1 atoms at position 346 in file /data/user/abgvg9/benchmark/files/all/ampc/ampc.pdb. Best match rsd_type:  ALA
core.io.pose_from_sfr.PoseFromSFRBuilder: [ WARNING ] discarding 2 atoms at position 347 in file /data/user/abgvg9/benchmark/files/all/ampc/ampc.pdb. Best match rsd_type:  TRP
core.io.pose_from_sfr.PoseFromSFRBuilder: [ WARNING ] discarding 3 atoms at position 348 in file /data/user/abgvg9/benchmark/files/all/ampc/ampc.pdb. Best match rsd_type:  GLN
core.io.pose_from_sfr.PoseFromSFRBuilder: [ WARNING ] discarding 1 atoms at position 349 in file /data/user/abgvg9/benchmark/files/all/ampc/ampc.pdb. Best match rsd_type:  ILE
core.io.pose_from_sfr.PoseFromSFRBuilder: [ WARNING ] discarding 1 atoms at position 350 in file /data/user/abgvg9/benchmark/files/all/ampc/ampc.pdb. Best match rsd_type:  LEU
core.io.pose_from_sfr.PoseFromSFRBuilder: [ WARNING ] discarding 3 atoms at position 351 in file /data/user/abgvg9/benchmark/files/all/ampc/ampc.pdb. Best match rsd_type:  ASN
core.io.pose_from_sfr.PoseFromSFRBuilder: [ WARNING ] discarding 1 atoms at position 352 in file /data/user/abgvg9/benchmark/files/all/ampc/ampc.pdb. Best match rsd_type:  ALA
core.io.pose_from_sfr.PoseFromSFRBuilder: [ WARNING ] discarding 1 atoms at position 353 in file /data/user/abgvg9/benchmark/files/all/ampc/ampc.pdb. Best match rsd_type:  LEU
core.io.pose_from_sfr.PoseFromSFRBuilder: [ WARNING ] discarding 3 atoms at position 354 in file /data/user/abgvg9/benchmark/files/all/ampc/ampc.pdb. Best match rsd_type:  GLN:CtermProteinFull
LDS_app: Making LigandDiscoverySearch object
core.scoring.etable: Starting energy table calculation
core.scoring.etable: smooth_etable: changing atr/rep split to bottom of energy well
core.scoring.etable: smooth_etable: spline smoothing lj etables (maxdis = 6)
core.scoring.etable: smooth_etable: spline smoothing solvation etables (max_dis = 6)
core.scoring.etable: Finished calculating energy tables.
basic.io.database: Database file opened: scoring/score_functions/PairEPotential/pdb_pair_stats_fine
basic.io.database: Database file opened: scoring/score_functions/hbonds/ref2015_params/HBPoly1D.csv
basic.io.database: Database file opened: scoring/score_functions/hbonds/ref2015_params/HBFadeIntervals.csv
basic.io.database: Database file opened: scoring/score_functions/hbonds/ref2015_params/HBEval.csv
basic.io.database: Database file opened: scoring/score_functions/hbonds/ref2015_params/DonStrength.csv
basic.io.database: Database file opened: scoring/score_functions/hbonds/ref2015_params/AccStrength.csv
basic.io.database: Database file opened: scoring/score_functions/P_AA_pp/P_AA
basic.io.database: Database file opened: scoring/score_functions/P_AA_pp/P_AA_n
core.scoring.P_AA: shapovalov_lib::shap_p_aa_pp_smooth_level of 1( aka low_smooth ) got activated.
basic.io.database: Database file opened: scoring/score_functions/P_AA_pp/shapovalov/10deg/kappa131/a20.prop
basic.io.database: Database file opened: scoring/score_functions/omega/omega_ppdep.all.txt
basic.io.database: Database file opened: scoring/score_functions/omega/omega_ppdep.gly.txt
basic.io.database: Database file opened: scoring/score_functions/omega/omega_ppdep.pro.txt
basic.io.database: Database file opened: scoring/score_functions/omega/omega_ppdep.valile.txt
LDS_app: Running discovery for ampc
protocols.ligand_docking.ligand_options.Protocol: Initializing options: 
protocols.ligand_docking.ligand_options.Protocol: allow_minimization_: 1
protocols.ligand_docking.ligand_options.Protocol: allow_repacking_: 1
protocols.ligand_docking.ligand_options.Protocol: all_residues_: 0
LigandDiscoverySearch.discover: Current anchor residue position: 115
LigandDiscoverySearch.create_protein_matrix_space_fill: binding_pocket_dimensions: 10,10,10
LigandDiscoverySearch.create_protein_matrix_space_fill: binding_pocket_dimensions: 3,3,5
LigandDiscoverySearch.create_protein_matrix_space_fill: Sub-region stats without placed region, bound by adjusted coordinates: x(77->83) y(29->35) z(26->36)
LigandDiscoverySearch.discover: Starting to iterate through all ligands
LigandDiscoverySearch.discover: On ligand +
basic.io.database: [ WARNING ] Unable to locate database file chemical/pdb_components/components.c.cif
basic.io.database: [ WARNING ] Unable to locate database file chemical/pdb_components/components.c.cif.gz
core.chemical.GlobalResidueTypeSet: [ WARNING ] Could not find: 'cry' in pdb components files! Skipping residue...
core.pack.task: Packer task: initialize from command line() 
core.pack.task: Packer task: initialize from command line() 
core.pack.task: Packer task: initialize from command line() 
protocols.moves.MonteCarlo: MonteCarlo:: last_accepted_score,lowest_score: -1368.97 -1368.97
basic.io.database: Database file opened: scoring/score_functions/elec_cp_reps.dat
core.scoring.elec.util: Read 40 countpair representative atoms
core.pack.dunbrack.RotamerLibrary: shapovalov_lib_fixes_enable option is true.
core.pack.dunbrack.RotamerLibrary: shapovalov_lib::shap_dun10_smooth_level of 1( aka lowest_smooth ) got activated.
core.pack.dunbrack.RotamerLibrary: Binary rotamer library selected: /scratch/abgvg9/rosetta_may_for_checkin/rosetta/database/rotamer/shapovalov/StpDwn_0-0-0/Dunbrack10.lib.bin
core.pack.dunbrack.RotamerLibrary: Using Dunbrack library binary file '/scratch/abgvg9/rosetta_may_for_checkin/rosetta/database/rotamer/shapovalov/StpDwn_0-0-0/Dunbrack10.lib.bin'.
core.pack.dunbrack.RotamerLibrary: Dunbrack 2010 library took 0.14 seconds to load from binary
protocols.motifs.Motif: Res1 name is GLN
protocols.motifs.Motif: atom1 name is aroC
protocols.motifs.Motif: atom2 name is aroC
protocols.motifs.Motif: atom3 name is aroC
protocols.motifs.Motif: Res1 name is ASN
protocols.motifs.Motif: atom1 name is OOC
protocols.motifs.Motif: atom2 name is S
protocols.motifs.Motif: atom3 name is aroC
protocols.motifs.Motif: Res1 name is LEU
protocols.motifs.Motif: atom1 name is OOC
protocols.motifs.Motif: atom2 name is COO
protocols.motifs.Motif: atom3 name is aroC
core.pack.task: Packer task: initialize from command line() 
core.pack.task: Packer task: initialize from command line() 
core.pack.task: Packer task: initialize from command line() 
protocols.moves.MonteCarlo: MonteCarlo:: last_accepted_score,lowest_score: -1369.99 -1369.99
protocols.motifs.Motif: Res1 name is LEU
protocols.motifs.Motif: atom1 name is OOC
protocols.motifs.Motif: atom2 name is COO
protocols.motifs.Motif: atom3 name is aroC
protocols.motifs.Motif: Res1 name is GLN
protocols.motifs.Motif: atom1 name is aroC
protocols.motifs.Motif: atom2 name is aroC
protocols.motifs.Motif: atom3 name is aroC
protocols.motifs.Motif: Res1 name is TYR
protocols.motifs.Motif: atom1 name is aroC
protocols.motifs.Motif: atom2 name is S
protocols.motifs.Motif: atom3 name is aroC
protocols.motifs.Motif: Res1 name is ASN
protocols.motifs.Motif: atom1 name is Nlys
protocols.motifs.Motif: atom2 name is CH1
protocols.motifs.Motif: atom3 name is aroC
protocols.motifs.Motif: Res1 name is LEU
protocols.motifs.Motif: atom1 name is aroC
protocols.motifs.Motif: atom2 name is aroC
protocols.motifs.Motif: atom3 name is aroC
core.pack.task: Packer task: initialize from command line() 
core.pack.task: Packer task: initialize from command line() 
core.pack.task: Packer task: initialize from command line() 
protocols.moves.MonteCarlo: MonteCarlo:: last_accepted_score,lowest_score: -1368.39 -1368.6
protocols.motifs.Motif: Res1 name is LEU
protocols.motifs.Motif: atom1 name is aroC
protocols.motifs.Motif: atom2 name is S
protocols.motifs.Motif: atom3 name is aroC
core.pack.task: Packer task: initialize from command line() 
core.pack.task: Packer task: initialize from command line() 
core.pack.task: Packer task: initialize from command line() 
protocols.moves.MonteCarlo: MonteCarlo:: last_accepted_score,lowest_score: -1371.15 -1371.15
protocols.motifs.Motif: Res1 name is LYS
protocols.motifs.Motif: atom1 name is OOC
protocols.motifs.Motif: atom2 name is COO
protocols.motifs.Motif: atom3 name is OOC
protocols.motifs.Motif: Res1 name is LEU
protocols.motifs.Motif: atom1 name is aroC
protocols.motifs.Motif: atom2 name is aroC
protocols.motifs.Motif: atom3 name is aroC
protocols.motifs.Motif: Res1 name is LEU
protocols.motifs.Motif: atom1 name is aroC
protocols.motifs.Motif: atom2 name is aroC
protocols.motifs.Motif: atom3 name is aroC
protocols.motifs.Motif: Res1 name is ASN
protocols.motifs.Motif: atom1 name is aroC
protocols.motifs.Motif: atom2 name is S
protocols.motifs.Motif: atom3 name is aroC
core.pack.task: Packer task: initialize from command line() 
core.pack.task: Packer task: initialize from command line() 
core.pack.task: Packer task: initialize from command line() 
protocols.moves.MonteCarlo: MonteCarlo:: last_accepted_score,lowest_score: -1369.18 -1369.27
protocols.motifs.Motif: Res1 name is LYS
protocols.motifs.Motif: atom1 name is OOC
protocols.motifs.Motif: atom2 name is COO
protocols.motifs.Motif: atom3 name is OOC
protocols.motifs.Motif: Res1 name is LEU
protocols.motifs.Motif: atom1 name is Nlys
protocols.motifs.Motif: atom2 name is CH1
protocols.motifs.Motif: atom3 name is aroC
protocols.motifs.Motif: Res1 name is GLN
protocols.motifs.Motif: atom1 name is aroC
protocols.motifs.Motif: atom2 name is aroC
protocols.motifs.Motif: atom3 name is aroC
protocols.motifs.Motif: Res1 name is LEU
protocols.motifs.Motif: atom1 name is Nlys
protocols.motifs.Motif: atom2 name is CH1
protocols.motifs.Motif: atom3 name is aroC
core.pack.task: Packer task: initialize from command line() 
core.pack.task: Packer task: initialize from command line() 
core.pack.task: Packer task: initialize from command line() 
protocols.moves.MonteCarlo: MonteCarlo:: last_accepted_score,lowest_score: -1370.87 -1370.87
protocols.motifs.Motif: Res1 name is LEU
protocols.motifs.Motif: atom1 name is aroC
protocols.motifs.Motif: atom2 name is aroC
protocols.motifs.Motif: atom3 name is aroC
protocols.motifs.Motif: Res1 name is GLN
protocols.motifs.Motif: atom1 name is aroC
protocols.motifs.Motif: atom2 name is aroC
protocols.motifs.Motif: atom3 name is aroC
protocols.motifs.Motif: Res1 name is TYR
protocols.motifs.Motif: atom1 name is aroC
protocols.motifs.Motif: atom2 name is S
protocols.motifs.Motif: atom3 name is aroC
protocols.motifs.Motif: Res1 name is ASN
protocols.motifs.Motif: atom1 name is COO
protocols.motifs.Motif: atom2 name is CH1
protocols.motifs.Motif: atom3 name is aroC
protocols.motifs.Motif: Res1 name is LEU
protocols.motifs.Motif: atom1 name is OOC
protocols.motifs.Motif: atom2 name is COO
protocols.motifs.Motif: atom3 name is OOC
core.pack.task: Packer task: initialize from command line() 
core.pack.task: Packer task: initialize from command line() 
core.pack.task: Packer task: initialize from command line() 
protocols.moves.MonteCarlo: MonteCarlo:: last_accepted_score,lowest_score: -1372.89 -1373.17
protocols.motifs.Motif: Res1 name is GLN
protocols.motifs.Motif: atom1 name is OOC
protocols.motifs.Motif: atom2 name is COO
protocols.motifs.Motif: atom3 name is aroC
protocols.motifs.Motif: Res1 name is ASN
protocols.motifs.Motif: atom1 name is aroC
protocols.motifs.Motif: atom2 name is aroC
protocols.motifs.Motif: atom3 name is aroC
protocols.motifs.Motif: Res1 name is LEU
protocols.motifs.Motif: atom1 name is OOC
protocols.motifs.Motif: atom2 name is COO
protocols.motifs.Motif: atom3 name is OOC
protocols.motifs.Motif: Res1 name is THR
protocols.motifs.Motif: atom1 name is OOC
protocols.motifs.Motif: atom2 name is COO
protocols.motifs.Motif: atom3 name is OOC
protocols.motifs.Motif: Res1 name is ASN
protocols.motifs.Motif: atom1 name is Nlys
protocols.motifs.Motif: atom2 name is CH1
protocols.motifs.Motif: atom3 name is aroC
core.pack.task: Packer task: initialize from command line() 
core.pack.task: Packer task: initialize from command line() 
core.pack.task: Packer task: initialize from command line() 
protocols.moves.MonteCarlo: MonteCarlo:: last_accepted_score,lowest_score: -1372.11 -1372.52
protocols.motifs.Motif: Res1 name is LEU
protocols.motifs.Motif: atom1 name is aroC
protocols.motifs.Motif: atom2 name is aroC
protocols.motifs.Motif: atom3 name is aroC
protocols.motifs.Motif: Res1 name is TYR
protocols.motifs.Motif: atom1 name is OOC
protocols.motifs.Motif: atom2 name is COO
protocols.motifs.Motif: atom3 name is aroC
protocols.motifs.Motif: Res1 name is LEU
protocols.motifs.Motif: atom1 name is OOC
protocols.motifs.Motif: atom2 name is COO
protocols.motifs.Motif: atom3 name is OOC
protocols.motifs.Motif: Res1 name is THR
protocols.motifs.Motif: atom1 name is OOC
protocols.motifs.Motif: atom2 name is S
protocols.motifs.Motif: atom3 name is aroC
core.pack.task: Packer task: initialize from command line() 
core.pack.task: Packer task: initialize from command line() 
core.pack.task: Packer task: initialize from command line() 
protocols.moves.MonteCarlo: MonteCarlo:: last_accepted_score,lowest_score: -1368.78 -1369.56
protocols.motifs.Motif: Res1 name is LEU
protocols.motifs.Motif: atom1 name is Nlys
protocols.motifs.Motif: atom2 name is CH1
protocols.motifs.Motif: atom3 name is aroC
protocols.motifs.Motif: Res1 name is GLN
protocols.motifs.Motif: atom1 name is OOC
protocols.motifs.Motif: atom2 name is S
protocols.motifs.Motif: atom3 name is aroC
core.pack.task: Packer task: initialize from command line() 
core.pack.task: Packer task: initialize from command line() 
core.pack.task: Packer task: initialize from command line() 
protocols.moves.MonteCarlo: MonteCarlo:: last_accepted_score,lowest_score: -1367.9 -1368.16
protocols.motifs.Motif: Res1 name is LEU
protocols.motifs.Motif: atom1 name is Nlys
protocols.motifs.Motif: atom2 name is CH1
protocols.motifs.Motif: atom3 name is aroC
protocols.motifs.Motif: Res1 name is GLN
protocols.motifs.Motif: atom1 name is OOC
protocols.motifs.Motif: atom2 name is S
protocols.motifs.Motif: atom3 name is aroC
core.pack.task: Packer task: initialize from command line() 
core.pack.task: Packer task: initialize from command line() 
core.pack.task: Packer task: initialize from command line() 
protocols.moves.MonteCarlo: MonteCarlo:: last_accepted_score,lowest_score: -1370.57 -1370.72
protocols.motifs.Motif: Res1 name is LEU
protocols.motifs.Motif: atom1 name is OOC
protocols.motifs.Motif: atom2 name is COO
protocols.motifs.Motif: atom3 name is OOC
protocols.motifs.Motif: Res1 name is GLN
protocols.motifs.Motif: atom1 name is OOC
protocols.motifs.Motif: atom2 name is COO
protocols.motifs.Motif: atom3 name is aroC
protocols.motifs.Motif: Res1 name is TYR
protocols.motifs.Motif: atom1 name is OOC
protocols.motifs.Motif: atom2 name is COO
protocols.motifs.Motif: atom3 name is aroC
protocols.motifs.Motif: Res1 name is LEU
protocols.motifs.Motif: atom1 name is COO
protocols.motifs.Motif: atom2 name is CH1
protocols.motifs.Motif: atom3 name is aroC
core.pack.task: Packer task: initialize from command line() 
core.pack.task: Packer task: initialize from command line() 
core.pack.task: Packer task: initialize from command line() 
protocols.moves.MonteCarlo: MonteCarlo:: last_accepted_score,lowest_score: -1372.86 -1372.86
protocols.motifs.Motif: Res1 name is LYS
protocols.motifs.Motif: atom1 name is OOC
protocols.motifs.Motif: atom2 name is COO
protocols.motifs.Motif: atom3 name is OOC
protocols.motifs.Motif: Res1 name is TYR
protocols.motifs.Motif: atom1 name is OOC
protocols.motifs.Motif: atom2 name is COO
protocols.motifs.Motif: atom3 name is OOC
protocols.motifs.Motif: Res1 name is LEU
protocols.motifs.Motif: atom1 name is aroC
protocols.motifs.Motif: atom2 name is aroC
protocols.motifs.Motif: atom3 name is aroC
protocols.motifs.Motif: Res1 name is LEU
protocols.motifs.Motif: atom1 name is Nlys
protocols.motifs.Motif: atom2 name is CH1
protocols.motifs.Motif: atom3 name is aroC
protocols.motifs.Motif: Res1 name is LYS
protocols.motifs.Motif: atom1 name is aroC
protocols.motifs.Motif: atom2 name is aroC
protocols.motifs.Motif: atom3 name is aroC
core.pack.task: Packer task: initialize from command line() 
core.pack.task: Packer task: initialize from command line() 
core.pack.task: Packer task: initialize from command line() 
protocols.moves.MonteCarlo: MonteCarlo:: last_accepted_score,lowest_score: -1370.8 -1370.8
protocols.motifs.Motif: Res1 name is LYS
protocols.motifs.Motif: atom1 name is aroC
protocols.motifs.Motif: atom2 name is aroC
protocols.motifs.Motif: atom3 name is aroC
protocols.motifs.Motif: Res1 name is LEU
protocols.motifs.Motif: atom1 name is Nlys
protocols.motifs.Motif: atom2 name is CH1
protocols.motifs.Motif: atom3 name is aroC
protocols.motifs.Motif: Res1 name is LEU
protocols.motifs.Motif: atom1 name is Nlys
protocols.motifs.Motif: atom2 name is CH1
protocols.motifs.Motif: atom3 name is aroC
protocols.motifs.Motif: Res1 name is LYS
protocols.motifs.Motif: atom1 name is OOC
protocols.motifs.Motif: atom2 name is COO
protocols.motifs.Motif: atom3 name is OOC
core.pack.task: Packer task: initialize from command line() 
core.pack.task: Packer task: initialize from command line() 
core.pack.task: Packer task: initialize from command line() 
protocols.moves.MonteCarlo: MonteCarlo:: last_accepted_score,lowest_score: -1370.43 -1370.77
protocols.motifs.Motif: Res1 name is LYS
protocols.motifs.Motif: atom1 name is aroC
protocols.motifs.Motif: atom2 name is aroC
protocols.motifs.Motif: atom3 name is aroC
protocols.motifs.Motif: Res1 name is LEU
protocols.motifs.Motif: atom1 name is aroC
protocols.motifs.Motif: atom2 name is aroC
protocols.motifs.Motif: atom3 name is aroC
protocols.motifs.Motif: Res1 name is GLN
protocols.motifs.Motif: atom1 name is aroC
protocols.motifs.Motif: atom2 name is aroC
protocols.motifs.Motif: atom3 name is aroC
protocols.motifs.Motif: Res1 name is TYR
protocols.motifs.Motif: atom1 name is OOC
protocols.motifs.Motif: atom2 name is S
protocols.motifs.Motif: atom3 name is aroC
protocols.motifs.Motif: Res1 name is LEU
protocols.motifs.Motif: atom1 name is aroC
protocols.motifs.Motif: atom2 name is aroC
protocols.motifs.Motif: atom3 name is aroC
core.pack.task: Packer task: initialize from command line() 
core.pack.task: Packer task: initialize from command line() 
core.pack.task: Packer task: initialize from command line() 
protocols.moves.MonteCarlo: MonteCarlo:: last_accepted_score,lowest_score: -1371.47 -1371.93
protocols.motifs.Motif: Res1 name is LYS
protocols.motifs.Motif: atom1 name is OOC
protocols.motifs.Motif: atom2 name is COO
protocols.motifs.Motif: atom3 name is OOC
protocols.motifs.Motif: Res1 name is LEU
protocols.motifs.Motif: atom1 name is Nlys
protocols.motifs.Motif: atom2 name is CH1
protocols.motifs.Motif: atom3 name is aroC
protocols.motifs.Motif: Res1 name is ASN
protocols.motifs.Motif: atom1 name is OOC
protocols.motifs.Motif: atom2 name is S
protocols.motifs.Motif: atom3 name is aroC
protocols.motifs.Motif: Res1 name is LEU
protocols.motifs.Motif: atom1 name is OOC
protocols.motifs.Motif: atom2 name is S
protocols.motifs.Motif: atom3 name is aroC
core.pack.task: Packer task: initialize from command line() 
core.pack.task: Packer task: initialize from command line() 
core.pack.task: Packer task: initialize from command line() 
protocols.moves.MonteCarlo: MonteCarlo:: last_accepted_score,lowest_score: -1370.36 -1370.59
protocols.motifs.Motif: Res1 name is GLN
protocols.motifs.Motif: atom1 name is aroC
protocols.motifs.Motif: atom2 name is aroC
protocols.motifs.Motif: atom3 name is aroC
protocols.motifs.Motif: Res1 name is TYR
protocols.motifs.Motif: atom1 name is OOC
protocols.motifs.Motif: atom2 name is COO
protocols.motifs.Motif: atom3 name is aroC
core.pack.task: Packer task: initialize from command line() 
core.pack.task: Packer task: initialize from command line() 
core.pack.task: Packer task: initialize from command line() 
protocols.moves.MonteCarlo: MonteCarlo:: last_accepted_score,lowest_score: -1370.83 -1370.83
protocols.motifs.Motif: Res1 name is LYS
protocols.motifs.Motif: atom1 name is OOC
protocols.motifs.Motif: atom2 name is COO
protocols.motifs.Motif: atom3 name is OOC
protocols.motifs.Motif: Res1 name is LEU
protocols.motifs.Motif: atom1 name is Nlys
protocols.motifs.Motif: atom2 name is CH1
protocols.motifs.Motif: atom3 name is aroC
protocols.motifs.Motif: Res1 name is GLN
protocols.motifs.Motif: atom1 name is aroC
protocols.motifs.Motif: atom2 name is aroC
protocols.motifs.Motif: atom3 name is aroC
protocols.motifs.Motif: Res1 name is TYR
protocols.motifs.Motif: atom1 name is OOC
protocols.motifs.Motif: atom2 name is COO
protocols.motifs.Motif: atom3 name is aroC
protocols.motifs.Motif: Res1 name is LEU
protocols.motifs.Motif: atom1 name is Nlys
protocols.motifs.Motif: atom2 name is CH1
protocols.motifs.Motif: atom3 name is aroC
core.pack.task: Packer task: initialize from command line() 
core.pack.task: Packer task: initialize from command line() 
core.pack.task: Packer task: initialize from command line() 
protocols.moves.MonteCarlo: MonteCarlo:: last_accepted_score,lowest_score: -1368.64 -1369.04
protocols.motifs.Motif: Res1 name is LEU
protocols.motifs.Motif: atom1 name is OOC
protocols.motifs.Motif: atom2 name is COO
protocols.motifs.Motif: atom3 name is OOC
protocols.motifs.Motif: Res1 name is GLN
protocols.motifs.Motif: atom1 name is Ntrp
protocols.motifs.Motif: atom2 name is aroC
protocols.motifs.Motif: atom3 name is aroC
protocols.motifs.Motif: Res1 name is LEU
protocols.motifs.Motif: atom1 name is OOC
protocols.motifs.Motif: atom2 name is COO
protocols.motifs.Motif: atom3 name is OOC
core.pack.task: Packer task: initialize from command line() 
core.pack.task: Packer task: initialize from command line() 
core.pack.task: Packer task: initialize from command line() 
protocols.moves.MonteCarlo: MonteCarlo:: last_accepted_score,lowest_score: -1370.91 -1370.91
protocols.motifs.Motif: Res1 name is LEU
protocols.motifs.Motif: atom1 name is OOC
protocols.motifs.Motif: atom2 name is COO
protocols.motifs.Motif: atom3 name is OOC
protocols.motifs.Motif: Res1 name is GLN
protocols.motifs.Motif: atom1 name is aroC
protocols.motifs.Motif: atom2 name is aroC
protocols.motifs.Motif: atom3 name is aroC
protocols.motifs.Motif: Res1 name is LEU
protocols.motifs.Motif: atom1 name is OOC
protocols.motifs.Motif: atom2 name is COO
protocols.motifs.Motif: atom3 name is OOC
core.pack.task: Packer task: initialize from command line() 
core.pack.task: Packer task: initialize from command line() 
core.pack.task: Packer task: initialize from command line() 
protocols.moves.MonteCarlo: MonteCarlo:: last_accepted_score,lowest_score: -1370.83 -1370.83
protocols.motifs.Motif: Res1 name is LYS
protocols.motifs.Motif: atom1 name is COO
protocols.motifs.Motif: atom2 name is CH1
protocols.motifs.Motif: atom3 name is aroC
protocols.motifs.Motif: Res1 name is LEU
protocols.motifs.Motif: atom1 name is OOC
protocols.motifs.Motif: atom2 name is COO
protocols.motifs.Motif: atom3 name is OOC
protocols.motifs.Motif: Res1 name is GLN
protocols.motifs.Motif: atom1 name is OOC
protocols.motifs.Motif: atom2 name is COO
protocols.motifs.Motif: atom3 name is aroC
protocols.motifs.Motif: Res1 name is TYR
protocols.motifs.Motif: atom1 name is OOC
protocols.motifs.Motif: atom2 name is S
protocols.motifs.Motif: atom3 name is aroC
protocols.motifs.Motif: Res1 name is LEU
protocols.motifs.Motif: atom1 name is aroC
protocols.motifs.Motif: atom2 name is aroC
protocols.motifs.Motif: atom3 name is aroC
core.pack.task: Packer task: initialize from command line() 
core.pack.task: Packer task: initialize from command line() 
core.pack.task: Packer task: initialize from command line() 
protocols.moves.MonteCarlo: MonteCarlo:: last_accepted_score,lowest_score: -1368.62 -1368.62
protocols.motifs.Motif: Res1 name is GLN
protocols.motifs.Motif: atom1 name is Nlys
protocols.motifs.Motif: atom2 name is CH1
protocols.motifs.Motif: atom3 name is aroC
protocols.motifs.Motif: Res1 name is ASN
protocols.motifs.Motif: atom1 name is OOC
protocols.motifs.Motif: atom2 name is COO
protocols.motifs.Motif: atom3 name is aroC
core.pack.task: Packer task: initialize from command line() 
core.pack.task: Packer task: initialize from command line() 
core.pack.task: Packer task: initialize from command line() 
protocols.moves.MonteCarlo: MonteCarlo:: last_accepted_score,lowest_score: -1369.89 -1369.89
protocols.motifs.Motif: Res1 name is LYS
protocols.motifs.Motif: atom1 name is aroC
protocols.motifs.Motif: atom2 name is aroC
protocols.motifs.Motif: atom3 name is aroC
protocols.motifs.Motif: Res1 name is LEU
protocols.motifs.Motif: atom1 name is OOC
protocols.motifs.Motif: atom2 name is COO
protocols.motifs.Motif: atom3 name is OOC
protocols.motifs.Motif: Res1 name is LEU
protocols.motifs.Motif: atom1 name is aroC
protocols.motifs.Motif: atom2 name is aroC
protocols.motifs.Motif: atom3 name is aroC
protocols.motifs.Motif: Res1 name is ASN
protocols.motifs.Motif: atom1 name is aroC
protocols.motifs.Motif: atom2 name is S
protocols.motifs.Motif: atom3 name is aroC
core.pack.task: Packer task: initialize from command line() 
core.pack.task: Packer task: initialize from command line() 
core.pack.task: Packer task: initialize from command line() 
protocols.moves.MonteCarlo: MonteCarlo:: last_accepted_score,lowest_score: -1367.76 -1367.76
protocols.motifs.Motif: Res1 name is LEU
protocols.motifs.Motif: atom1 name is Nlys
protocols.motifs.Motif: atom2 name is CH1
protocols.motifs.Motif: atom3 name is aroC
protocols.motifs.Motif: Res1 name is GLN
protocols.motifs.Motif: atom1 name is OOC
protocols.motifs.Motif: atom2 name is S
protocols.motifs.Motif: atom3 name is aroC
core.pack.task: Packer task: initialize from command line() 
core.pack.task: Packer task: initialize from command line() 
core.pack.task: Packer task: initialize from command line() 
protocols.moves.MonteCarlo: MonteCarlo:: last_accepted_score,lowest_score: -1369.92 -1370.03
protocols.motifs.Motif: Res1 name is LYS
protocols.motifs.Motif: atom1 name is COO
protocols.motifs.Motif: atom2 name is CH1
protocols.motifs.Motif: atom3 name is aroC
protocols.motifs.Motif: Res1 name is GLN
protocols.motifs.Motif: atom1 name is OOC
protocols.motifs.Motif: atom2 name is COO
protocols.motifs.Motif: atom3 name is aroC
protocols.motifs.Motif: Res1 name is LYS
protocols.motifs.Motif: atom1 name is OOC
protocols.motifs.Motif: atom2 name is COO
protocols.motifs.Motif: atom3 name is OOC
core.pack.task: Packer task: initialize from command line() 
core.pack.task: Packer task: initialize from command line() 
core.pack.task: Packer task: initialize from command line() 
protocols.moves.MonteCarlo: MonteCarlo:: last_accepted_score,lowest_score: -1372.28 -1372.78
protocols.motifs.Motif: Res1 name is LYS
protocols.motifs.Motif: atom1 name is OOC
protocols.motifs.Motif: atom2 name is COO
protocols.motifs.Motif: atom3 name is OOC
protocols.motifs.Motif: Res1 name is TYR
protocols.motifs.Motif: atom1 name is OOC
protocols.motifs.Motif: atom2 name is COO
protocols.motifs.Motif: atom3 name is OOC
protocols.motifs.Motif: Res1 name is LEU
protocols.motifs.Motif: atom1 name is aroC
protocols.motifs.Motif: atom2 name is aroC
protocols.motifs.Motif: atom3 name is aroC
protocols.motifs.Motif: Res1 name is LEU
protocols.motifs.Motif: atom1 name is Nlys
protocols.motifs.Motif: atom2 name is CH1
protocols.motifs.Motif: atom3 name is aroC
core.pack.task: Packer task: initialize from command line() 
core.pack.task: Packer task: initialize from command line() 
core.pack.task: Packer task: initialize from command line() 
protocols.moves.MonteCarlo: MonteCarlo:: last_accepted_score,lowest_score: -1370.33 -1370.33
protocols.motifs.Motif: Res1 name is LEU
protocols.motifs.Motif: atom1 name is Nlys
protocols.motifs.Motif: atom2 name is CH1
protocols.motifs.Motif: atom3 name is aroC
protocols.motifs.Motif: Res1 name is LEU
protocols.motifs.Motif: atom1 name is aroC
protocols.motifs.Motif: atom2 name is aroC
protocols.motifs.Motif: atom3 name is aroC
protocols.motifs.Motif: Res1 name is ASN
protocols.motifs.Motif: atom1 name is OOC
protocols.motifs.Motif: atom2 name is COO
protocols.motifs.Motif: atom3 name is aroC
core.pack.task: Packer task: initialize from command line() 
core.pack.task: Packer task: initialize from command line() 
core.pack.task: Packer task: initialize from command line() 
protocols.moves.MonteCarlo: MonteCarlo:: last_accepted_score,lowest_score: -1369.67 -1370.21
protocols.motifs.Motif: Res1 name is LYS
protocols.motifs.Motif: atom1 name is aroC
protocols.motifs.Motif: atom2 name is aroC
protocols.motifs.Motif: atom3 name is aroC
protocols.motifs.Motif: Res1 name is GLN
protocols.motifs.Motif: atom1 name is aroC
protocols.motifs.Motif: atom2 name is aroC
protocols.motifs.Motif: atom3 name is aroC
protocols.motifs.Motif: Res1 name is LEU
protocols.motifs.Motif: atom1 name is aroC
protocols.motifs.Motif: atom2 name is S
protocols.motifs.Motif: atom3 name is aroC
core.pack.task: Packer task: initialize from command line() 
core.pack.task: Packer task: initialize from command line() 
core.pack.task: Packer task: initialize from command line() 
protocols.moves.MonteCarlo: MonteCarlo:: last_accepted_score,lowest_score: -1370.5 -1370.5
protocols.motifs.Motif: Res1 name is LYS
protocols.motifs.Motif: atom1 name is OOC
protocols.motifs.Motif: atom2 name is COO
protocols.motifs.Motif: atom3 name is OOC
protocols.motifs.Motif: Res1 name is LEU
protocols.motifs.Motif: atom1 name is OOC
protocols.motifs.Motif: atom2 name is COO
protocols.motifs.Motif: atom3 name is OOC
protocols.motifs.Motif: Res1 name is GLN
protocols.motifs.Motif: atom1 name is OOC
protocols.motifs.Motif: atom2 name is COO
protocols.motifs.Motif: atom3 name is OOC
protocols.motifs.Motif: Res1 name is TYR
protocols.motifs.Motif: atom1 name is OOC
protocols.motifs.Motif: atom2 name is COO
protocols.motifs.Motif: atom3 name is OOC
protocols.motifs.Motif: Res1 name is ASN
protocols.motifs.Motif: atom1 name is aroC
protocols.motifs.Motif: atom2 name is S
protocols.motifs.Motif: atom3 name is aroC
protocols.motifs.Motif: Res1 name is ASN
protocols.motifs.Motif: atom1 name is aroC
protocols.motifs.Motif: atom2 name is aroC
protocols.motifs.Motif: atom3 name is aroC
core.pack.task: Packer task: initialize from command line() 
core.pack.task: Packer task: initialize from command line() 
core.pack.task: Packer task: initialize from command line() 
protocols.moves.MonteCarlo: MonteCarlo:: last_accepted_score,lowest_score: -1369.91 -1369.91
protocols.motifs.Motif: Res1 name is LYS
protocols.motifs.Motif: atom1 name is OOC
protocols.motifs.Motif: atom2 name is COO
protocols.motifs.Motif: atom3 name is OOC
protocols.motifs.Motif: Res1 name is LEU
protocols.motifs.Motif: atom1 name is OOC
protocols.motifs.Motif: atom2 name is COO
protocols.motifs.Motif: atom3 name is OOC
protocols.motifs.Motif: Res1 name is GLN
protocols.motifs.Motif: atom1 name is OOC
protocols.motifs.Motif: atom2 name is COO
protocols.motifs.Motif: atom3 name is OOC
protocols.motifs.Motif: Res1 name is TYR
protocols.motifs.Motif: atom1 name is OOC
protocols.motifs.Motif: atom2 name is COO
protocols.motifs.Motif: atom3 name is OOC
core.pack.task: Packer task: initialize from command line() 
core.pack.task: Packer task: initialize from command line() 
core.pack.task: Packer task: initialize from command line() 
protocols.moves.MonteCarlo: MonteCarlo:: last_accepted_score,lowest_score: -1368.14 -1368.14
protocols.motifs.Motif: Res1 name is LYS
protocols.motifs.Motif: atom1 name is OOC
protocols.motifs.Motif: atom2 name is COO
protocols.motifs.Motif: atom3 name is OOC
protocols.motifs.Motif: Res1 name is LEU
protocols.motifs.Motif: atom1 name is OOC
protocols.motifs.Motif: atom2 name is COO
protocols.motifs.Motif: atom3 name is OOC
protocols.motifs.Motif: Res1 name is GLN
protocols.motifs.Motif: atom1 name is aroC
protocols.motifs.Motif: atom2 name is aroC
protocols.motifs.Motif: atom3 name is aroC
protocols.motifs.Motif: Res1 name is LEU
protocols.motifs.Motif: atom1 name is aroC
protocols.motifs.Motif: atom2 name is aroC
protocols.motifs.Motif: atom3 name is aroC
core.pack.task: Packer task: initialize from command line() 
core.pack.task: Packer task: initialize from command line() 
core.pack.task: Packer task: initialize from command line() 
protocols.moves.MonteCarlo: MonteCarlo:: last_accepted_score,lowest_score: -1370.94 -1370.94
protocols.motifs.Motif: Res1 name is LYS
protocols.motifs.Motif: atom1 name is aroC
protocols.motifs.Motif: atom2 name is aroC
protocols.motifs.Motif: atom3 name is aroC
protocols.motifs.Motif: Res1 name is LEU
protocols.motifs.Motif: atom1 name is Nlys
protocols.motifs.Motif: atom2 name is CH1
protocols.motifs.Motif: atom3 name is aroC
protocols.motifs.Motif: Res1 name is LEU
protocols.motifs.Motif: atom1 name is Nlys
protocols.motifs.Motif: atom2 name is CH1
protocols.motifs.Motif: atom3 name is aroC
protocols.motifs.Motif: Res1 name is LYS
protocols.motifs.Motif: atom1 name is OOC
protocols.motifs.Motif: atom2 name is COO
protocols.motifs.Motif: atom3 name is OOC
core.pack.task: Packer task: initialize from command line() 
core.pack.task: Packer task: initialize from command line() 
core.pack.task: Packer task: initialize from command line() 
protocols.moves.MonteCarlo: MonteCarlo:: last_accepted_score,lowest_score: -1371.86 -1371.86
protocols.motifs.Motif: Res1 name is LYS
protocols.motifs.Motif: atom1 name is OOC
protocols.motifs.Motif: atom2 name is COO
protocols.motifs.Motif: atom3 name is OOC
protocols.motifs.Motif: Res1 name is LEU
protocols.motifs.Motif: atom1 name is Nlys
protocols.motifs.Motif: atom2 name is CH1
protocols.motifs.Motif: atom3 name is aroC
protocols.motifs.Motif: Res1 name is GLN
protocols.motifs.Motif: atom1 name is aroC
protocols.motifs.Motif: atom2 name is aroC
protocols.motifs.Motif: atom3 name is aroC
protocols.motifs.Motif: Res1 name is LEU
protocols.motifs.Motif: atom1 name is OOC
protocols.motifs.Motif: atom2 name is S
protocols.motifs.Motif: atom3 name is aroC
core.pack.task: Packer task: initialize from command line() 
core.pack.task: Packer task: initialize from command line() 
core.pack.task: Packer task: initialize from command line() 
protocols.moves.MonteCarlo: MonteCarlo:: last_accepted_score,lowest_score: -1371.12 -1371.12
protocols.motifs.Motif: Res1 name is LYS
protocols.motifs.Motif: atom1 name is Nlys
protocols.motifs.Motif: atom2 name is CH1
protocols.motifs.Motif: atom3 name is aroC
protocols.motifs.Motif: Res1 name is LEU
protocols.motifs.Motif: atom1 name is OOC
protocols.motifs.Motif: atom2 name is COO
protocols.motifs.Motif: atom3 name is OOC
protocols.motifs.Motif: Res1 name is GLN
protocols.motifs.Motif: atom1 name is Ntrp
protocols.motifs.Motif: atom2 name is aroC
protocols.motifs.Motif: atom3 name is aroC
protocols.motifs.Motif: Res1 name is LEU
protocols.motifs.Motif: atom1 name is aroC
protocols.motifs.Motif: atom2 name is aroC
protocols.motifs.Motif: atom3 name is aroC
protocols.motifs.Motif: Res1 name is ASN
protocols.motifs.Motif: atom1 name is aroC
protocols.motifs.Motif: atom2 name is S
protocols.motifs.Motif: atom3 name is aroC
core.pack.task: Packer task: initialize from command line() 
core.pack.task: Packer task: initialize from command line() 
core.pack.task: Packer task: initialize from command line() 
protocols.moves.MonteCarlo: MonteCarlo:: last_accepted_score,lowest_score: -1371.9 -1371.9
protocols.motifs.Motif: Res1 name is GLN
protocols.motifs.Motif: atom1 name is aroC
protocols.motifs.Motif: atom2 name is aroC
protocols.motifs.Motif: atom3 name is aroC
protocols.motifs.Motif: Res1 name is ASN
protocols.motifs.Motif: atom1 name is OOC
protocols.motifs.Motif: atom2 name is S
protocols.motifs.Motif: atom3 name is aroC
core.pack.task: Packer task: initialize from command line() 
core.pack.task: Packer task: initialize from command line() 
core.pack.task: Packer task: initialize from command line() 
protocols.moves.MonteCarlo: MonteCarlo:: last_accepted_score,lowest_score: -1369.81 -1369.81
protocols.motifs.Motif: Res1 name is LYS
protocols.motifs.Motif: atom1 name is aroC
protocols.motifs.Motif: atom2 name is S
protocols.motifs.Motif: atom3 name is aroC
protocols.motifs.Motif: Res1 name is LEU
protocols.motifs.Motif: atom1 name is aroC
protocols.motifs.Motif: atom2 name is S
protocols.motifs.Motif: atom3 name is aroC
protocols.motifs.Motif: Res1 name is GLN
protocols.motifs.Motif: atom1 name is OOC
protocols.motifs.Motif: atom2 name is S
protocols.motifs.Motif: atom3 name is aroC
core.pack.task: Packer task: initialize from command line() 
core.pack.task: Packer task: initialize from command line() 
core.pack.task: Packer task: initialize from command line() 
protocols.moves.MonteCarlo: MonteCarlo:: last_accepted_score,lowest_score: -1371.73 -1372.72
protocols.motifs.Motif: Res1 name is LYS
protocols.motifs.Motif: atom1 name is OOC
protocols.motifs.Motif: atom2 name is COO
protocols.motifs.Motif: atom3 name is OOC
protocols.motifs.Motif: Res1 name is LEU
protocols.motifs.Motif: atom1 name is Nlys
protocols.motifs.Motif: atom2 name is CH1
protocols.motifs.Motif: atom3 name is aroC
protocols.motifs.Motif: Res1 name is GLN
protocols.motifs.Motif: atom1 name is aroC
protocols.motifs.Motif: atom2 name is aroC
protocols.motifs.Motif: atom3 name is aroC
protocols.motifs.Motif: Res1 name is LEU
protocols.motifs.Motif: atom1 name is OOC
protocols.motifs.Motif: atom2 name is S
protocols.motifs.Motif: atom3 name is aroC
core.pack.task: Packer task: initialize from command line() 
core.pack.task: Packer task: initialize from command line() 
core.pack.task: Packer task: initialize from command line() 
protocols.moves.MonteCarlo: MonteCarlo:: last_accepted_score,lowest_score: -1368.67 -1368.67
protocols.motifs.Motif: Res1 name is LEU
protocols.motifs.Motif: atom1 name is Nlys
protocols.motifs.Motif: atom2 name is CH1
protocols.motifs.Motif: atom3 name is aroC
protocols.motifs.Motif: Res1 name is GLN
protocols.motifs.Motif: atom1 name is OOC
protocols.motifs.Motif: atom2 name is S
protocols.motifs.Motif: atom3 name is aroC
core.pack.task: Packer task: initialize from command line() 
core.pack.task: Packer task: initialize from command line() 
core.pack.task: Packer task: initialize from command line() 
protocols.moves.MonteCarlo: MonteCarlo:: last_accepted_score,lowest_score: -1369.2 -1369.28
protocols.motifs.Motif: Res1 name is LEU
protocols.motifs.Motif: atom1 name is aroC
protocols.motifs.Motif: atom2 name is aroC
protocols.motifs.Motif: atom3 name is aroC
protocols.motifs.Motif: Res1 name is GLN
protocols.motifs.Motif: atom1 name is OOC
protocols.motifs.Motif: atom2 name is COO
protocols.motifs.Motif: atom3 name is aroC
protocols.motifs.Motif: Res1 name is TYR
protocols.motifs.Motif: atom1 name is OOC
protocols.motifs.Motif: atom2 name is COO
protocols.motifs.Motif: atom3 name is aroC
core.pack.task: Packer task: initialize from command line() 
core.pack.task: Packer task: initialize from command line() 
core.pack.task: Packer task: initialize from command line() 
protocols.moves.MonteCarlo: MonteCarlo:: last_accepted_score,lowest_score: -1369.09 -1369.09
protocols.motifs.Motif: Res1 name is GLN
protocols.motifs.Motif: atom1 name is OOC
protocols.motifs.Motif: atom2 name is COO
protocols.motifs.Motif: atom3 name is aroC
protocols.motifs.Motif: Res1 name is TYR
protocols.motifs.Motif: atom1 name is OOC
protocols.motifs.Motif: atom2 name is COO
protocols.motifs.Motif: atom3 name is aroC
core.pack.task: Packer task: initialize from command line() 
core.pack.task: Packer task: initialize from command line() 
core.pack.task: Packer task: initialize from command line() 
protocols.moves.MonteCarlo: MonteCarlo:: last_accepted_score,lowest_score: -1370.69 -1370.69
protocols.motifs.Motif: Res1 name is LYS
protocols.motifs.Motif: atom1 name is OOC
protocols.motifs.Motif: atom2 name is COO
protocols.motifs.Motif: atom3 name is aroC
protocols.motifs.Motif: Res1 name is LEU
protocols.motifs.Motif: atom1 name is aroC
protocols.motifs.Motif: atom2 name is aroC
protocols.motifs.Motif: atom3 name is aroC
protocols.motifs.Motif: Res1 name is GLN
protocols.motifs.Motif: atom1 name is aroC
protocols.motifs.Motif: atom2 name is aroC
protocols.motifs.Motif: atom3 name is aroC
protocols.motifs.Motif: Res1 name is TYR
protocols.motifs.Motif: atom1 name is aroC
protocols.motifs.Motif: atom2 name is S
protocols.motifs.Motif: atom3 name is aroC
protocols.motifs.Motif: Res1 name is LEU
protocols.motifs.Motif: atom1 name is aroC
protocols.motifs.Motif: atom2 name is aroC
protocols.motifs.Motif: atom3 name is aroC
core.pack.task: Packer task: initialize from command line() 
core.pack.task: Packer task: initialize from command line() 
core.pack.task: Packer task: initialize from command line() 
protocols.moves.MonteCarlo: MonteCarlo:: last_accepted_score,lowest_score: -1369.34 -1369.42
protocols.motifs.Motif: Res1 name is LEU
protocols.motifs.Motif: atom1 name is aroC
protocols.motifs.Motif: atom2 name is aroC
protocols.motifs.Motif: atom3 name is aroC
protocols.motifs.Motif: Res1 name is GLN
protocols.motifs.Motif: atom1 name is aroC
protocols.motifs.Motif: atom2 name is aroC
protocols.motifs.Motif: atom3 name is aroC
protocols.motifs.Motif: Res1 name is LEU
protocols.motifs.Motif: atom1 name is OOC
protocols.motifs.Motif: atom2 name is S
protocols.motifs.Motif: atom3 name is aroC
core.pack.task: Packer task: initialize from command line() 
core.pack.task: Packer task: initialize from command line() 
core.pack.task: Packer task: initialize from command line() 
protocols.moves.MonteCarlo: MonteCarlo:: last_accepted_score,lowest_score: -1370.69 -1370.69
protocols.motifs.Motif: Res1 name is GLN
protocols.motifs.Motif: atom1 name is OOC
protocols.motifs.Motif: atom2 name is COO
protocols.motifs.Motif: atom3 name is aroC
protocols.motifs.Motif: Res1 name is TYR
protocols.motifs.Motif: atom1 name is OOC
protocols.motifs.Motif: atom2 name is COO
protocols.motifs.Motif: atom3 name is aroC
protocols.motifs.Motif: Res1 name is ASN
protocols.motifs.Motif: atom1 name is Nlys
protocols.motifs.Motif: atom2 name is CH1
protocols.motifs.Motif: atom3 name is aroC
protocols.motifs.Motif: Res1 name is LEU
protocols.motifs.Motif: atom1 name is OOC
protocols.motifs.Motif: atom2 name is COO
protocols.motifs.Motif: atom3 name is OOC
core.pack.task: Packer task: initialize from command line() 
core.pack.task: Packer task: initialize from command line() 
core.pack.task: Packer task: initialize from command line() 
protocols.moves.MonteCarlo: MonteCarlo:: last_accepted_score,lowest_score: -1370.13 -1370.46
protocols.motifs.Motif: Res1 name is LYS
protocols.motifs.Motif: atom1 name is COO
protocols.motifs.Motif: atom2 name is CH1
protocols.motifs.Motif: atom3 name is aroC
protocols.motifs.Motif: Res1 name is LEU
protocols.motifs.Motif: atom1 name is OOC
protocols.motifs.Motif: atom2 name is COO
protocols.motifs.Motif: atom3 name is OOC
protocols.motifs.Motif: Res1 name is GLN
protocols.motifs.Motif: atom1 name is Ntrp
protocols.motifs.Motif: atom2 name is aroC
protocols.motifs.Motif: atom3 name is aroC
protocols.motifs.Motif: Res1 name is TYR
protocols.motifs.Motif: atom1 name is OOC
protocols.motifs.Motif: atom2 name is S
protocols.motifs.Motif: atom3 name is aroC
protocols.motifs.Motif: Res1 name is LEU
protocols.motifs.Motif: atom1 name is aroC
protocols.motifs.Motif: atom2 name is aroC
protocols.motifs.Motif: atom3 name is aroC
core.pack.task: Packer task: initialize from command line() 
core.pack.task: Packer task: initialize from command line() 
core.pack.task: Packer task: initialize from command line() 
protocols.moves.MonteCarlo: MonteCarlo:: last_accepted_score,lowest_score: -1369.8 -1370.35
protocols.motifs.Motif: Res1 name is LEU
protocols.motifs.Motif: atom1 name is aroC
protocols.motifs.Motif: atom2 name is aroC
protocols.motifs.Motif: atom3 name is aroC
protocols.motifs.Motif: Res1 name is GLN
protocols.motifs.Motif: atom1 name is aroC
protocols.motifs.Motif: atom2 name is aroC
protocols.motifs.Motif: atom3 name is aroC
protocols.motifs.Motif: Res1 name is LEU
protocols.motifs.Motif: atom1 name is OOC
protocols.motifs.Motif: atom2 name is S
protocols.motifs.Motif: atom3 name is aroC
core.pack.task: Packer task: initialize from command line() 
core.pack.task: Packer task: initialize from command line() 
core.pack.task: Packer task: initialize from command line() 
protocols.moves.MonteCarlo: MonteCarlo:: last_accepted_score,lowest_score: -1369.33 -1369.58
protocols.motifs.Motif: Res1 name is LYS
protocols.motifs.Motif: atom1 name is aroC
protocols.motifs.Motif: atom2 name is aroC
protocols.motifs.Motif: atom3 name is aroC
protocols.motifs.Motif: Res1 name is LEU
protocols.motifs.Motif: atom1 name is OOC
protocols.motifs.Motif: atom2 name is S
protocols.motifs.Motif: atom3 name is aroC
protocols.motifs.Motif: Res1 name is GLN
protocols.motifs.Motif: atom1 name is aroC
protocols.motifs.Motif: atom2 name is aroC
protocols.motifs.Motif: atom3 name is aroC
protocols.motifs.Motif: Res1 name is LEU
protocols.motifs.Motif: atom1 name is Nlys
protocols.motifs.Motif: atom2 name is CH1
protocols.motifs.Motif: atom3 name is aroC
protocols.motifs.Motif: Res1 name is LYS
protocols.motifs.Motif: atom1 name is OOC
protocols.motifs.Motif: atom2 name is COO
protocols.motifs.Motif: atom3 name is OOC
core.pack.task: Packer task: initialize from command line() 
core.pack.task: Packer task: initialize from command line() 
core.pack.task: Packer task: initialize from command line() 
protocols.moves.MonteCarlo: MonteCarlo:: last_accepted_score,lowest_score: -1369.72 -1369.75
protocols.motifs.Motif: Res1 name is LEU
protocols.motifs.Motif: atom1 name is aroC
protocols.motifs.Motif: atom2 name is aroC
protocols.motifs.Motif: atom3 name is aroC
protocols.motifs.Motif: Res1 name is GLN
protocols.motifs.Motif: atom1 name is aroC
protocols.motifs.Motif: atom2 name is aroC
protocols.motifs.Motif: atom3 name is aroC
core.pack.task: Packer task: initialize from command line() 
core.pack.task: Packer task: initialize from command line() 
core.pack.task: Packer task: initialize from command line() 
protocols.moves.MonteCarlo: MonteCarlo:: last_accepted_score,lowest_score: -1369.97 -1370.25
protocols.motifs.Motif: Res1 name is LYS
protocols.motifs.Motif: atom1 name is aroC
protocols.motifs.Motif: atom2 name is aroC
protocols.motifs.Motif: atom3 name is aroC
protocols.motifs.Motif: Res1 name is LEU
protocols.motifs.Motif: atom1 name is OOC
protocols.motifs.Motif: atom2 name is COO
protocols.motifs.Motif: atom3 name is OOC
protocols.motifs.Motif: Res1 name is LEU
protocols.motifs.Motif: atom1 name is aroC
protocols.motifs.Motif: atom2 name is aroC
protocols.motifs.Motif: atom3 name is aroC
protocols.motifs.Motif: Res1 name is ASN
protocols.motifs.Motif: atom1 name is aroC
protocols.motifs.Motif: atom2 name is S
protocols.motifs.Motif: atom3 name is aroC
core.pack.task: Packer task: initialize from command line() 
core.pack.task: Packer task: initialize from command line() 
core.pack.task: Packer task: initialize from command line() 
protocols.moves.MonteCarlo: MonteCarlo:: last_accepted_score,lowest_score: -1369.97 -1369.97
protocols.motifs.Motif: Res1 name is LEU
protocols.motifs.Motif: atom1 name is OOC
protocols.motifs.Motif: atom2 name is COO
protocols.motifs.Motif: atom3 name is aroC
protocols.motifs.Motif: Res1 name is GLN
protocols.motifs.Motif: atom1 name is aroC
protocols.motifs.Motif: atom2 name is aroC
protocols.motifs.Motif: atom3 name is aroC
protocols.motifs.Motif: Res1 name is ASN
protocols.motifs.Motif: atom1 name is OOC
protocols.motifs.Motif: atom2 name is S
protocols.motifs.Motif: atom3 name is aroC
protocols.motifs.Motif: Res1 name is LEU
protocols.motifs.Motif: atom1 name is OOC
protocols.motifs.Motif: atom2 name is S
protocols.motifs.Motif: atom3 name is aroC
core.pack.task: Packer task: initialize from command line() 
core.pack.task: Packer task: initialize from command line() 
core.pack.task: Packer task: initialize from command line() 
protocols.moves.MonteCarlo: MonteCarlo:: last_accepted_score,lowest_score: -1366.15 -1368.23
protocols.motifs.Motif: Res1 name is LEU
protocols.motifs.Motif: atom1 name is aroC
protocols.motifs.Motif: atom2 name is aroC
protocols.motifs.Motif: atom3 name is aroC
protocols.motifs.Motif: Res1 name is GLN
protocols.motifs.Motif: atom1 name is OOC
protocols.motifs.Motif: atom2 name is COO
protocols.motifs.Motif: atom3 name is aroC
core.pack.task: Packer task: initialize from command line() 
core.pack.task: Packer task: initialize from command line() 
core.pack.task: Packer task: initialize from command line() 
protocols.moves.MonteCarlo: MonteCarlo:: last_accepted_score,lowest_score: -1375.74 -1375.74
protocols.motifs.Motif: Res1 name is LYS
protocols.motifs.Motif: atom1 name is OOC
protocols.motifs.Motif: atom2 name is S
protocols.motifs.Motif: atom3 name is aroC
protocols.motifs.Motif: Res1 name is TYR
protocols.motifs.Motif: atom1 name is Nlys
protocols.motifs.Motif: atom2 name is CH1
protocols.motifs.Motif: atom3 name is aroC
protocols.motifs.Motif: Res1 name is LEU
protocols.motifs.Motif: atom1 name is Ntrp
protocols.motifs.Motif: atom2 name is aroC
protocols.motifs.Motif: atom3 name is aroC
protocols.motifs.Motif: Res1 name is GLN
protocols.motifs.Motif: atom1 name is OOC
protocols.motifs.Motif: atom2 name is S
protocols.motifs.Motif: atom3 name is aroC
protocols.motifs.Motif: Res1 name is LEU
protocols.motifs.Motif: atom1 name is OOC
protocols.motifs.Motif: atom2 name is COO
protocols.motifs.Motif: atom3 name is OOC
protocols.motifs.Motif: Res1 name is LYS
protocols.motifs.Motif: atom1 name is Nlys
protocols.motifs.Motif: atom2 name is CH1
protocols.motifs.Motif: atom3 name is aroC
core.pack.task: Packer task: initialize from command line() 
core.pack.task: Packer task: initialize from command line() 
core.pack.task: Packer task: initialize from command line() 
protocols.moves.MonteCarlo: MonteCarlo:: last_accepted_score,lowest_score: -1368.78 -1370.85
protocols.motifs.Motif: Res1 name is LEU
protocols.motifs.Motif: atom1 name is OOC
protocols.motifs.Motif: atom2 name is COO
protocols.motifs.Motif: atom3 name is OOC
core.pack.task: Packer task: initialize from command line() 
core.pack.task: Packer task: initialize from command line() 
core.pack.task: Packer task: initialize from command line() 
protocols.moves.MonteCarlo: MonteCarlo:: last_accepted_score,lowest_score: -1368.02 -1368.75
protocols.motifs.Motif: Res1 name is LEU
protocols.motifs.Motif: atom1 name is aroC
protocols.motifs.Motif: atom2 name is aroC
protocols.motifs.Motif: atom3 name is aroC
protocols.motifs.Motif: Res1 name is GLN
protocols.motifs.Motif: atom1 name is OOC
protocols.motifs.Motif: atom2 name is COO
protocols.motifs.Motif: atom3 name is aroC
core.pack.task: Packer task: initialize from command line() 
core.pack.task: Packer task: initialize from command line() 
core.pack.task: Packer task: initialize from command line() 
protocols.moves.MonteCarlo: MonteCarlo:: last_accepted_score,lowest_score: -1369.66 -1369.66
protocols.motifs.Motif: Res1 name is LEU
protocols.motifs.Motif: atom1 name is OOC
protocols.motifs.Motif: atom2 name is COO
protocols.motifs.Motif: atom3 name is OOC
protocols.motifs.Motif: Res1 name is GLN
protocols.motifs.Motif: atom1 name is Ntrp
protocols.motifs.Motif: atom2 name is aroC
protocols.motifs.Motif: atom3 name is aroC
protocols.motifs.Motif: Res1 name is TYR
protocols.motifs.Motif: atom1 name is OOC
protocols.motifs.Motif: atom2 name is COO
protocols.motifs.Motif: atom3 name is aroC
core.pack.task: Packer task: initialize from command line() 
core.pack.task: Packer task: initialize from command line() 
core.pack.task: Packer task: initialize from command line() 
protocols.moves.MonteCarlo: MonteCarlo:: last_accepted_score,lowest_score: -1369.04 -1369.48
protocols.motifs.Motif: Res1 name is LEU
protocols.motifs.Motif: atom1 name is aroC
protocols.motifs.Motif: atom2 name is aroC
protocols.motifs.Motif: atom3 name is aroC
protocols.motifs.Motif: Res1 name is LEU
protocols.motifs.Motif: atom1 name is aroC
protocols.motifs.Motif: atom2 name is aroC
protocols.motifs.Motif: atom3 name is aroC
core.pack.task: Packer task: initialize from command line() 
core.pack.task: Packer task: initialize from command line() 
core.pack.task: Packer task: initialize from command line() 
protocols.moves.MonteCarlo: MonteCarlo:: last_accepted_score,lowest_score: -1371.37 -1371.37
protocols.motifs.Motif: Res1 name is LYS
protocols.motifs.Motif: atom1 name is OOC
protocols.motifs.Motif: atom2 name is COO
protocols.motifs.Motif: atom3 name is aroC
protocols.motifs.Motif: Res1 name is LEU
protocols.motifs.Motif: atom1 name is OOC
protocols.motifs.Motif: atom2 name is S
protocols.motifs.Motif: atom3 name is aroC
protocols.motifs.Motif: Res1 name is GLN
protocols.motifs.Motif: atom1 name is OOC
protocols.motifs.Motif: atom2 name is S
protocols.motifs.Motif: atom3 name is aroC
protocols.motifs.Motif: Res1 name is TYR
protocols.motifs.Motif: atom1 name is OOC
protocols.motifs.Motif: atom2 name is COO
protocols.motifs.Motif: atom3 name is OOC
protocols.motifs.Motif: Res1 name is LEU
protocols.motifs.Motif: atom1 name is aroC
protocols.motifs.Motif: atom2 name is aroC
protocols.motifs.Motif: atom3 name is aroC
core.pack.task: Packer task: initialize from command line() 
core.pack.task: Packer task: initialize from command line() 
core.pack.task: Packer task: initialize from command line() 
protocols.moves.MonteCarlo: MonteCarlo:: last_accepted_score,lowest_score: -1368.82 -1369.79
protocols.motifs.Motif: Res1 name is LEU
protocols.motifs.Motif: atom1 name is OOC
protocols.motifs.Motif: atom2 name is S
protocols.motifs.Motif: atom3 name is aroC
protocols.motifs.Motif: Res1 name is GLN
protocols.motifs.Motif: atom1 name is OOC
protocols.motifs.Motif: atom2 name is S
protocols.motifs.Motif: atom3 name is aroC
protocols.motifs.Motif: Res1 name is TYR
protocols.motifs.Motif: atom1 name is OOC
protocols.motifs.Motif: atom2 name is COO
protocols.motifs.Motif: atom3 name is OOC
protocols.motifs.Motif: Res1 name is ASN
protocols.motifs.Motif: atom1 name is aroC
protocols.motifs.Motif: atom2 name is S
protocols.motifs.Motif: atom3 name is aroC
core.pack.task: Packer task: initialize from command line() 
core.pack.task: Packer task: initialize from command line() 
core.pack.task: Packer task: initialize from command line() 
protocols.moves.MonteCarlo: MonteCarlo:: last_accepted_score,lowest_score: -1372.26 -1372.43
protocols.motifs.Motif: Res1 name is LEU
protocols.motifs.Motif: atom1 name is OOC
protocols.motifs.Motif: atom2 name is S
protocols.motifs.Motif: atom3 name is aroC
protocols.motifs.Motif: Res1 name is GLN
protocols.motifs.Motif: atom1 name is OOC
protocols.motifs.Motif: atom2 name is S
protocols.motifs.Motif: atom3 name is aroC
protocols.motifs.Motif: Res1 name is TYR
protocols.motifs.Motif: atom1 name is OOC
protocols.motifs.Motif: atom2 name is COO
protocols.motifs.Motif: atom3 name is OOC
protocols.motifs.Motif: Res1 name is ASN
protocols.motifs.Motif: atom1 name is aroC
protocols.motifs.Motif: atom2 name is S
protocols.motifs.Motif: atom3 name is aroC
protocols.motifs.Motif: Res1 name is LEU
protocols.motifs.Motif: atom1 name is aroC
protocols.motifs.Motif: atom2 name is S
protocols.motifs.Motif: atom3 name is aroC
core.pack.task: Packer task: initialize from command line() 
core.pack.task: Packer task: initialize from command line() 
core.pack.task: Packer task: initialize from command line() 
protocols.moves.MonteCarlo: MonteCarlo:: last_accepted_score,lowest_score: -1371.06 -1371.12
protocols.motifs.Motif: Res1 name is LYS
protocols.motifs.Motif: atom1 name is OOC
protocols.motifs.Motif: atom2 name is COO
protocols.motifs.Motif: atom3 name is aroC
protocols.motifs.Motif: Res1 name is LEU
protocols.motifs.Motif: atom1 name is OOC
protocols.motifs.Motif: atom2 name is S
protocols.motifs.Motif: atom3 name is aroC
protocols.motifs.Motif: Res1 name is GLN
protocols.motifs.Motif: atom1 name is OOC
protocols.motifs.Motif: atom2 name is S
protocols.motifs.Motif: atom3 name is aroC
protocols.motifs.Motif: Res1 name is ASN
protocols.motifs.Motif: atom1 name is aroC
protocols.motifs.Motif: atom2 name is S
protocols.motifs.Motif: atom3 name is aroC
protocols.motifs.Motif: Res1 name is LEU
protocols.motifs.Motif: atom1 name is aroC
protocols.motifs.Motif: atom2 name is S
protocols.motifs.Motif: atom3 name is aroC
core.pack.task: Packer task: initialize from command line() 
core.pack.task: Packer task: initialize from command line() 
core.pack.task: Packer task: initialize from command line() 
protocols.moves.MonteCarlo: MonteCarlo:: last_accepted_score,lowest_score: -1373.13 -1373.82
protocols.motifs.Motif: Res1 name is LYS
protocols.motifs.Motif: atom1 name is aroC
protocols.motifs.Motif: atom2 name is aroC
protocols.motifs.Motif: atom3 name is aroC
protocols.motifs.Motif: Res1 name is LEU
protocols.motifs.Motif: atom1 name is OOC
protocols.motifs.Motif: atom2 name is S
protocols.motifs.Motif: atom3 name is aroC
protocols.motifs.Motif: Res1 name is GLN
protocols.motifs.Motif: atom1 name is OOC
protocols.motifs.Motif: atom2 name is S
protocols.motifs.Motif: atom3 name is aroC
protocols.motifs.Motif: Res1 name is TYR
protocols.motifs.Motif: atom1 name is aroC
protocols.motifs.Motif: atom2 name is S
protocols.motifs.Motif: atom3 name is aroC
protocols.motifs.Motif: Res1 name is LEU
protocols.motifs.Motif: atom1 name is aroC
protocols.motifs.Motif: atom2 name is aroC
protocols.motifs.Motif: atom3 name is aroC
protocols.motifs.Motif: Res1 name is LYS
protocols.motifs.Motif: atom1 name is OOC
protocols.motifs.Motif: atom2 name is COO
protocols.motifs.Motif: atom3 name is OOC
core.pack.task: Packer task: initialize from command line() 
core.pack.task: Packer task: initialize from command line() 
core.pack.task: Packer task: initialize from command line() 
protocols.moves.MonteCarlo: MonteCarlo:: last_accepted_score,lowest_score: -1368.33 -1369.37
protocols.motifs.Motif: Res1 name is LEU
protocols.motifs.Motif: atom1 name is Nlys
protocols.motifs.Motif: atom2 name is CH1
protocols.motifs.Motif: atom3 name is aroC
protocols.motifs.Motif: Res1 name is GLN
protocols.motifs.Motif: atom1 name is OOC
protocols.motifs.Motif: atom2 name is S
protocols.motifs.Motif: atom3 name is aroC
protocols.motifs.Motif: Res1 name is LEU
protocols.motifs.Motif: atom1 name is COO
protocols.motifs.Motif: atom2 name is CH1
protocols.motifs.Motif: atom3 name is aroC
core.pack.task: Packer task: initialize from command line() 
core.pack.task: Packer task: initialize from command line() 
core.pack.task: Packer task: initialize from command line() 
protocols.moves.MonteCarlo: MonteCarlo:: last_accepted_score,lowest_score: -1373.61 -1373.61
protocols.motifs.Motif: Res1 name is LYS
protocols.motifs.Motif: atom1 name is OOC
protocols.motifs.Motif: atom2 name is COO
protocols.motifs.Motif: atom3 name is OOC
protocols.motifs.Motif: Res1 name is TYR
protocols.motifs.Motif: atom1 name is OOC
protocols.motifs.Motif: atom2 name is COO
protocols.motifs.Motif: atom3 name is OOC
protocols.motifs.Motif: Res1 name is LEU
protocols.motifs.Motif: atom1 name is aroC
protocols.motifs.Motif: atom2 name is aroC
protocols.motifs.Motif: atom3 name is aroC
protocols.motifs.Motif: Res1 name is GLN
protocols.motifs.Motif: atom1 name is aroC
protocols.motifs.Motif: atom2 name is S
protocols.motifs.Motif: atom3 name is aroC
protocols.motifs.Motif: Res1 name is LEU
protocols.motifs.Motif: atom1 name is OOC
protocols.motifs.Motif: atom2 name is S
protocols.motifs.Motif: atom3 name is aroC
core.pack.task: Packer task: initialize from command line() 
core.pack.task: Packer task: initialize from command line() 
core.pack.task: Packer task: initialize from command line() 
protocols.moves.MonteCarlo: MonteCarlo:: last_accepted_score,lowest_score: -1370.61 -1371.37
protocols.motifs.Motif: Res1 name is GLN
protocols.motifs.Motif: atom1 name is OOC
protocols.motifs.Motif: atom2 name is COO
protocols.motifs.Motif: atom3 name is aroC
protocols.motifs.Motif: Res1 name is TYR
protocols.motifs.Motif: atom1 name is OOC
protocols.motifs.Motif: atom2 name is COO
protocols.motifs.Motif: atom3 name is aroC
protocols.motifs.Motif: Res1 name is ASN
protocols.motifs.Motif: atom1 name is Nlys
protocols.motifs.Motif: atom2 name is CH1
protocols.motifs.Motif: atom3 name is aroC
protocols.motifs.Motif: Res1 name is LEU
protocols.motifs.Motif: atom1 name is COO
protocols.motifs.Motif: atom2 name is CH1
protocols.motifs.Motif: atom3 name is aroC
core.pack.task: Packer task: initialize from command line() 
core.pack.task: Packer task: initialize from command line() 
core.pack.task: Packer task: initialize from command line() 
protocols.moves.MonteCarlo: MonteCarlo:: last_accepted_score,lowest_score: -1373.2 -1373.92
protocols.motifs.Motif: Res1 name is LYS
protocols.motifs.Motif: atom1 name is OOC
protocols.motifs.Motif: atom2 name is COO
protocols.motifs.Motif: atom3 name is OOC
protocols.motifs.Motif: Res1 name is TYR
protocols.motifs.Motif: atom1 name is OOC
protocols.motifs.Motif: atom2 name is COO
protocols.motifs.Motif: atom3 name is OOC
protocols.motifs.Motif: Res1 name is LEU
protocols.motifs.Motif: atom1 name is aroC
protocols.motifs.Motif: atom2 name is aroC
protocols.motifs.Motif: atom3 name is aroC
protocols.motifs.Motif: Res1 name is GLN
protocols.motifs.Motif: atom1 name is aroC
protocols.motifs.Motif: atom2 name is S
protocols.motifs.Motif: atom3 name is aroC
protocols.motifs.Motif: Res1 name is LEU
protocols.motifs.Motif: atom1 name is OOC
protocols.motifs.Motif: atom2 name is S
protocols.motifs.Motif: atom3 name is aroC
core.pack.task: Packer task: initialize from command line() 
core.pack.task: Packer task: initialize from command line() 
core.pack.task: Packer task: initialize from command line() 
protocols.moves.MonteCarlo: MonteCarlo:: last_accepted_score,lowest_score: -1369.49 -1371.09
protocols.motifs.Motif: Res1 name is LYS
protocols.motifs.Motif: atom1 name is OOC
protocols.motifs.Motif: atom2 name is COO
protocols.motifs.Motif: atom3 name is OOC
protocols.motifs.Motif: Res1 name is GLN
protocols.motifs.Motif: atom1 name is OOC
protocols.motifs.Motif: atom2 name is COO
protocols.motifs.Motif: atom3 name is OOC
protocols.motifs.Motif: Res1 name is TYR
protocols.motifs.Motif: atom1 name is OOC
protocols.motifs.Motif: atom2 name is COO
protocols.motifs.Motif: atom3 name is OOC
protocols.motifs.Motif: Res1 name is ASN
protocols.motifs.Motif: atom1 name is aroC
protocols.motifs.Motif: atom2 name is S
protocols.motifs.Motif: atom3 name is aroC
protocols.motifs.Motif: Res1 name is ASN
protocols.motifs.Motif: atom1 name is OOC
protocols.motifs.Motif: atom2 name is S
protocols.motifs.Motif: atom3 name is aroC
core.pack.task: Packer task: initialize from command line() 
core.pack.task: Packer task: initialize from command line() 
core.pack.task: Packer task: initialize from command line() 
protocols.moves.MonteCarlo: MonteCarlo:: last_accepted_score,lowest_score: -1368.2 -1369.17
core.pack.task: Packer task: initialize from command line() 
core.pack.task: Packer task: initialize from command line() 
core.pack.task: Packer task: initialize from command line() 
protocols.moves.MonteCarlo: MonteCarlo:: last_accepted_score,lowest_score: -1368.41 -1369.15
protocols.motifs.Motif: Res1 name is GLN
protocols.motifs.Motif: atom1 name is aroC
protocols.motifs.Motif: atom2 name is aroC
protocols.motifs.Motif: atom3 name is aroC
protocols.motifs.Motif: Res1 name is TYR
protocols.motifs.Motif: atom1 name is aroC
protocols.motifs.Motif: atom2 name is S
protocols.motifs.Motif: atom3 name is aroC
protocols.motifs.Motif: Res1 name is LEU
protocols.motifs.Motif: atom1 name is aroC
protocols.motifs.Motif: atom2 name is aroC
protocols.motifs.Motif: atom3 name is aroC
core.pack.task: Packer task: initialize from command line() 
core.pack.task: Packer task: initialize from command line() 
core.pack.task: Packer task: initialize from command line() 
protocols.moves.MonteCarlo: MonteCarlo:: last_accepted_score,lowest_score: -1372.43 -1372.43
protocols.motifs.Motif: Res1 name is LEU
protocols.motifs.Motif: atom1 name is OOC
protocols.motifs.Motif: atom2 name is COO
protocols.motifs.Motif: atom3 name is OOC
protocols.motifs.Motif: Res1 name is GLN
protocols.motifs.Motif: atom1 name is aroC
protocols.motifs.Motif: atom2 name is aroC
protocols.motifs.Motif: atom3 name is aroC
protocols.motifs.Motif: Res1 name is TYR
protocols.motifs.Motif: atom1 name is OOC
protocols.motifs.Motif: atom2 name is S
protocols.motifs.Motif: atom3 name is aroC
protocols.motifs.Motif: Res1 name is LEU
protocols.motifs.Motif: atom1 name is aroC
protocols.motifs.Motif: atom2 name is aroC
protocols.motifs.Motif: atom3 name is aroC
core.pack.task: Packer task: initialize from command line() 
core.pack.task: Packer task: initialize from command line() 
core.pack.task: Packer task: initialize from command line() 
protocols.moves.MonteCarlo: MonteCarlo:: last_accepted_score,lowest_score: -1371.78 -1371.78
protocols.motifs.Motif: Res1 name is GLN
protocols.motifs.Motif: atom1 name is OOC
protocols.motifs.Motif: atom2 name is COO
protocols.motifs.Motif: atom3 name is aroC
protocols.motifs.Motif: Res1 name is TYR
protocols.motifs.Motif: atom1 name is OOC
protocols.motifs.Motif: atom2 name is COO
protocols.motifs.Motif: atom3 name is aroC
protocols.motifs.Motif: Res1 name is ASN
protocols.motifs.Motif: atom1 name is COO
protocols.motifs.Motif: atom2 name is CH1
protocols.motifs.Motif: atom3 name is aroC
protocols.motifs.Motif: Res1 name is LEU
protocols.motifs.Motif: atom1 name is OOC
protocols.motifs.Motif: atom2 name is COO
protocols.motifs.Motif: atom3 name is OOC
core.pack.task: Packer task: initialize from command line() 
core.pack.task: Packer task: initialize from command line() 
core.pack.task: Packer task: initialize from command line() 
protocols.moves.MonteCarlo: MonteCarlo:: last_accepted_score,lowest_score: -1370.26 -1370.26
protocols.motifs.Motif: Res1 name is LYS
protocols.motifs.Motif: atom1 name is Nlys
protocols.motifs.Motif: atom2 name is CH1
protocols.motifs.Motif: atom3 name is aroC
protocols.motifs.Motif: Res1 name is LEU
protocols.motifs.Motif: atom1 name is OOC
protocols.motifs.Motif: atom2 name is COO
protocols.motifs.Motif: atom3 name is OOC
protocols.motifs.Motif: Res1 name is TYR
protocols.motifs.Motif: atom1 name is OOC
protocols.motifs.Motif: atom2 name is S
protocols.motifs.Motif: atom3 name is aroC
protocols.motifs.Motif: Res1 name is LEU
protocols.motifs.Motif: atom1 name is aroC
protocols.motifs.Motif: atom2 name is aroC
protocols.motifs.Motif: atom3 name is aroC
protocols.motifs.Motif: Res1 name is ASN
protocols.motifs.Motif: atom1 name is aroC
protocols.motifs.Motif: atom2 name is S
protocols.motifs.Motif: atom3 name is aroC
core.pack.task: Packer task: initialize from command line() 
core.pack.task: Packer task: initialize from command line() 
core.pack.task: Packer task: initialize from command line() 
protocols.moves.MonteCarlo: MonteCarlo:: last_accepted_score,lowest_score: -1373.97 -1374.53
protocols.motifs.Motif: Res1 name is LYS
protocols.motifs.Motif: atom1 name is OOC
protocols.motifs.Motif: atom2 name is S
protocols.motifs.Motif: atom3 name is aroC
protocols.motifs.Motif: Res1 name is TYR
protocols.motifs.Motif: atom1 name is Nlys
protocols.motifs.Motif: atom2 name is CH1
protocols.motifs.Motif: atom3 name is aroC
protocols.motifs.Motif: Res1 name is LEU
protocols.motifs.Motif: atom1 name is aroC
protocols.motifs.Motif: atom2 name is aroC
protocols.motifs.Motif: atom3 name is aroC
protocols.motifs.Motif: Res1 name is GLN
protocols.motifs.Motif: atom1 name is OOC
protocols.motifs.Motif: atom2 name is COO
protocols.motifs.Motif: atom3 name is aroC
protocols.motifs.Motif: Res1 name is TYR
protocols.motifs.Motif: atom1 name is OOC
protocols.motifs.Motif: atom2 name is S
protocols.motifs.Motif: atom3 name is aroC
protocols.motifs.Motif: Res1 name is LEU
protocols.motifs.Motif: atom1 name is aroC
protocols.motifs.Motif: atom2 name is aroC
protocols.motifs.Motif: atom3 name is aroC
core.pack.task: Packer task: initialize from command line() 
core.pack.task: Packer task: initialize from command line() 
core.pack.task: Packer task: initialize from command line() 
protocols.moves.MonteCarlo: MonteCarlo:: last_accepted_score,lowest_score: -1370.96 -1370.96
protocols.motifs.Motif: Res1 name is LYS
protocols.motifs.Motif: atom1 name is OOC
protocols.motifs.Motif: atom2 name is COO
protocols.motifs.Motif: atom3 name is OOC
protocols.motifs.Motif: Res1 name is LEU
protocols.motifs.Motif: atom1 name is aroC
protocols.motifs.Motif: atom2 name is aroC
protocols.motifs.Motif: atom3 name is aroC
protocols.motifs.Motif: Res1 name is LEU
protocols.motifs.Motif: atom1 name is aroC
protocols.motifs.Motif: atom2 name is aroC
protocols.motifs.Motif: atom3 name is aroC
protocols.motifs.Motif: Res1 name is ASN
protocols.motifs.Motif: atom1 name is aroC
protocols.motifs.Motif: atom2 name is S
protocols.motifs.Motif: atom3 name is aroC
core.pack.task: Packer task: initialize from command line() 
core.pack.task: Packer task: initialize from command line() 
core.pack.task: Packer task: initialize from command line() 
protocols.moves.MonteCarlo: MonteCarlo:: last_accepted_score,lowest_score: -1370.67 -1370.87
protocols.motifs.Motif: Res1 name is LYS
protocols.motifs.Motif: atom1 name is COO
protocols.motifs.Motif: atom2 name is CH1
protocols.motifs.Motif: atom3 name is aroC
protocols.motifs.Motif: Res1 name is LEU
protocols.motifs.Motif: atom1 name is OOC
protocols.motifs.Motif: atom2 name is COO
protocols.motifs.Motif: atom3 name is OOC
protocols.motifs.Motif: Res1 name is GLN
protocols.motifs.Motif: atom1 name is Ntrp
protocols.motifs.Motif: atom2 name is aroC
protocols.motifs.Motif: atom3 name is aroC
protocols.motifs.Motif: Res1 name is TYR
protocols.motifs.Motif: atom1 name is OOC
protocols.motifs.Motif: atom2 name is S
protocols.motifs.Motif: atom3 name is aroC
protocols.motifs.Motif: Res1 name is LEU
protocols.motifs.Motif: atom1 name is aroC
protocols.motifs.Motif: atom2 name is aroC
protocols.motifs.Motif: atom3 name is aroC
core.pack.task: Packer task: initialize from command line() 
core.pack.task: Packer task: initialize from command line() 
core.pack.task: Packer task: initialize from command line() 
protocols.moves.MonteCarlo: MonteCarlo:: last_accepted_score,lowest_score: -1370.38 -1370.38
protocols.motifs.Motif: Res1 name is LYS
protocols.motifs.Motif: atom1 name is OOC
protocols.motifs.Motif: atom2 name is COO
protocols.motifs.Motif: atom3 name is aroC
protocols.motifs.Motif: Res1 name is LEU
protocols.motifs.Motif: atom1 name is aroC
protocols.motifs.Motif: atom2 name is aroC
protocols.motifs.Motif: atom3 name is aroC
protocols.motifs.Motif: Res1 name is GLN
protocols.motifs.Motif: atom1 name is aroC
protocols.motifs.Motif: atom2 name is aroC
protocols.motifs.Motif: atom3 name is aroC
protocols.motifs.Motif: Res1 name is TYR
protocols.motifs.Motif: atom1 name is aroC
protocols.motifs.Motif: atom2 name is S
protocols.motifs.Motif: atom3 name is aroC
protocols.motifs.Motif: Res1 name is LEU
protocols.motifs.Motif: atom1 name is aroC
protocols.motifs.Motif: atom2 name is aroC
protocols.motifs.Motif: atom3 name is aroC
core.pack.task: Packer task: initialize from command line() 
core.pack.task: Packer task: initialize from command line() 
core.pack.task: Packer task: initialize from command line() 
protocols.moves.MonteCarlo: MonteCarlo:: last_accepted_score,lowest_score: -1370.63 -1370.68
protocols.motifs.Motif: Res1 name is LEU
protocols.motifs.Motif: atom1 name is OOC
protocols.motifs.Motif: atom2 name is COO
protocols.motifs.Motif: atom3 name is OOC
protocols.motifs.Motif: Res1 name is GLN
protocols.motifs.Motif: atom1 name is aroC
protocols.motifs.Motif: atom2 name is aroC
protocols.motifs.Motif: atom3 name is aroC
protocols.motifs.Motif: Res1 name is ASN
protocols.motifs.Motif: atom1 name is OOC
protocols.motifs.Motif: atom2 name is S
protocols.motifs.Motif: atom3 name is aroC
protocols.motifs.Motif: Res1 name is LEU
protocols.motifs.Motif: atom1 name is aroC
protocols.motifs.Motif: atom2 name is aroC
protocols.motifs.Motif: atom3 name is aroC
core.pack.task: Packer task: initialize from command line() 
core.pack.task: Packer task: initialize from command line() 
core.pack.task: Packer task: initialize from command line() 
protocols.moves.MonteCarlo: MonteCarlo:: last_accepted_score,lowest_score: -1370.04 -1370.34
protocols.motifs.Motif: Res1 name is LYS
protocols.motifs.Motif: atom1 name is OOC
protocols.motifs.Motif: atom2 name is COO
protocols.motifs.Motif: atom3 name is aroC
protocols.motifs.Motif: Res1 name is LEU
protocols.motifs.Motif: atom1 name is OOC
protocols.motifs.Motif: atom2 name is COO
protocols.motifs.Motif: atom3 name is OOC
protocols.motifs.Motif: Res1 name is GLN
protocols.motifs.Motif: atom1 name is aroC
protocols.motifs.Motif: atom2 name is aroC
protocols.motifs.Motif: atom3 name is aroC
protocols.motifs.Motif: Res1 name is LEU
protocols.motifs.Motif: atom1 name is aroC
protocols.motifs.Motif: atom2 name is aroC
protocols.motifs.Motif: atom3 name is aroC
core.pack.task: Packer task: initialize from command line() 
core.pack.task: Packer task: initialize from command line() 
core.pack.task: Packer task: initialize from command line() 
protocols.moves.MonteCarlo: MonteCarlo:: last_accepted_score,lowest_score: -1371.19 -1371.19
protocols.motifs.Motif: Res1 name is LEU
protocols.motifs.Motif: atom1 name is aroC
protocols.motifs.Motif: atom2 name is aroC
protocols.motifs.Motif: atom3 name is aroC
protocols.motifs.Motif: Res1 name is GLN
protocols.motifs.Motif: atom1 name is aroC
protocols.motifs.Motif: atom2 name is aroC
protocols.motifs.Motif: atom3 name is aroC
protocols.motifs.Motif: Res1 name is ASN
protocols.motifs.Motif: atom1 name is OOC
protocols.motifs.Motif: atom2 name is COO
protocols.motifs.Motif: atom3 name is aroC
core.pack.task: Packer task: initialize from command line() 
core.pack.task: Packer task: initialize from command line() 
core.pack.task: Packer task: initialize from command line() 
protocols.moves.MonteCarlo: MonteCarlo:: last_accepted_score,lowest_score: -1374.38 -1374.38
protocols.motifs.Motif: Res1 name is LYS
protocols.motifs.Motif: atom1 name is OOC
protocols.motifs.Motif: atom2 name is COO
protocols.motifs.Motif: atom3 name is OOC
protocols.motifs.Motif: Res1 name is TYR
protocols.motifs.Motif: atom1 name is OOC
protocols.motifs.Motif: atom2 name is COO
protocols.motifs.Motif: atom3 name is OOC
protocols.motifs.Motif: Res1 name is LEU
protocols.motifs.Motif: atom1 name is aroC
protocols.motifs.Motif: atom2 name is aroC
protocols.motifs.Motif: atom3 name is aroC
protocols.motifs.Motif: Res1 name is GLN
protocols.motifs.Motif: atom1 name is aroC
protocols.motifs.Motif: atom2 name is S
protocols.motifs.Motif: atom3 name is aroC
protocols.motifs.Motif: Res1 name is LEU
protocols.motifs.Motif: atom1 name is OOC
protocols.motifs.Motif: atom2 name is S
protocols.motifs.Motif: atom3 name is aroC
core.pack.task: Packer task: initialize from command line() 
core.pack.task: Packer task: initialize from command line() 
core.pack.task: Packer task: initialize from command line() 
protocols.moves.MonteCarlo: MonteCarlo:: last_accepted_score,lowest_score: -1368.93 -1369.45
protocols.motifs.Motif: Res1 name is LEU
protocols.motifs.Motif: atom1 name is aroC
protocols.motifs.Motif: atom2 name is aroC
protocols.motifs.Motif: atom3 name is aroC
protocols.motifs.Motif: Res1 name is GLN
protocols.motifs.Motif: atom1 name is aroC
protocols.motifs.Motif: atom2 name is aroC
protocols.motifs.Motif: atom3 name is aroC
protocols.motifs.Motif: Res1 name is LEU
protocols.motifs.Motif: atom1 name is aroC
protocols.motifs.Motif: atom2 name is aroC
protocols.motifs.Motif: atom3 name is aroC
core.pack.task: Packer task: initialize from command line() 
core.pack.task: Packer task: initialize from command line() 
core.pack.task: Packer task: initialize from command line() 
protocols.moves.MonteCarlo: MonteCarlo:: last_accepted_score,lowest_score: -1369.55 -1370.1
protocols.motifs.Motif: Res1 name is LYS
protocols.motifs.Motif: atom1 name is OOC
protocols.motifs.Motif: atom2 name is COO
protocols.motifs.Motif: atom3 name is aroC
protocols.motifs.Motif: Res1 name is LEU
protocols.motifs.Motif: atom1 name is OOC
protocols.motifs.Motif: atom2 name is COO
protocols.motifs.Motif: atom3 name is aroC
protocols.motifs.Motif: Res1 name is GLN
protocols.motifs.Motif: atom1 name is aroC
protocols.motifs.Motif: atom2 name is aroC
protocols.motifs.Motif: atom3 name is aroC
protocols.motifs.Motif: Res1 name is TYR
protocols.motifs.Motif: atom1 name is aroC
protocols.motifs.Motif: atom2 name is S
protocols.motifs.Motif: atom3 name is aroC
protocols.motifs.Motif: Res1 name is LEU
protocols.motifs.Motif: atom1 name is aroC
protocols.motifs.Motif: atom2 name is aroC
protocols.motifs.Motif: atom3 name is aroC
core.pack.task: Packer task: initialize from command line() 
core.pack.task: Packer task: initialize from command line() 
core.pack.task: Packer task: initialize from command line() 
protocols.moves.MonteCarlo: MonteCarlo:: last_accepted_score,lowest_score: -1370.44 -1370.44
protocols.motifs.Motif: Res1 name is GLN
protocols.motifs.Motif: atom1 name is OOC
protocols.motifs.Motif: atom2 name is COO
protocols.motifs.Motif: atom3 name is aroC
protocols.motifs.Motif: Res1 name is TYR
protocols.motifs.Motif: atom1 name is OOC
protocols.motifs.Motif: atom2 name is COO
protocols.motifs.Motif: atom3 name is aroC
core.pack.task: Packer task: initialize from command line() 
core.pack.task: Packer task: initialize from command line() 
core.pack.task: Packer task: initialize from command line() 
protocols.moves.MonteCarlo: MonteCarlo:: last_accepted_score,lowest_score: -1369.54 -1369.54
protocols.motifs.Motif: Res1 name is LYS
protocols.motifs.Motif: atom1 name is Nlys
protocols.motifs.Motif: atom2 name is CH1
protocols.motifs.Motif: atom3 name is aroC
protocols.motifs.Motif: Res1 name is LEU
protocols.motifs.Motif: atom1 name is OOC
protocols.motifs.Motif: atom2 name is COO
protocols.motifs.Motif: atom3 name is OOC
protocols.motifs.Motif: Res1 name is LEU
protocols.motifs.Motif: atom1 name is aroC
protocols.motifs.Motif: atom2 name is aroC
protocols.motifs.Motif: atom3 name is aroC
protocols.motifs.Motif: Res1 name is ASN
protocols.motifs.Motif: atom1 name is aroC
protocols.motifs.Motif: atom2 name is S
protocols.motifs.Motif: atom3 name is aroC
core.pack.task: Packer task: initialize from command line() 
core.pack.task: Packer task: initialize from command line() 
core.pack.task: Packer task: initialize from command line() 
protocols.moves.MonteCarlo: MonteCarlo:: last_accepted_score,lowest_score: -1370.79 -1370.79
protocols.motifs.Motif: Res1 name is LYS
protocols.motifs.Motif: atom1 name is OOC
protocols.motifs.Motif: atom2 name is COO
protocols.motifs.Motif: atom3 name is OOC
protocols.motifs.Motif: Res1 name is LEU
protocols.motifs.Motif: atom1 name is Nlys
protocols.motifs.Motif: atom2 name is CH1
protocols.motifs.Motif: atom3 name is aroC
protocols.motifs.Motif: Res1 name is GLN
protocols.motifs.Motif: atom1 name is aroC
protocols.motifs.Motif: atom2 name is aroC
protocols.motifs.Motif: atom3 name is aroC
protocols.motifs.Motif: Res1 name is LEU
protocols.motifs.Motif: atom1 name is Nlys
protocols.motifs.Motif: atom2 name is CH1
protocols.motifs.Motif: atom3 name is aroC
core.pack.task: Packer task: initialize from command line() 
core.pack.task: Packer task: initialize from command line() 
core.pack.task: Packer task: initialize from command line() 
protocols.moves.MonteCarlo: MonteCarlo:: last_accepted_score,lowest_score: -1373.22 -1373.22
protocols.motifs.Motif: Res1 name is TYR
protocols.motifs.Motif: atom1 name is aroC
protocols.motifs.Motif: atom2 name is S
protocols.motifs.Motif: atom3 name is aroC
protocols.motifs.Motif: Res1 name is ASN
protocols.motifs.Motif: atom1 name is OOC
protocols.motifs.Motif: atom2 name is COO
protocols.motifs.Motif: atom3 name is OOC
protocols.motifs.Motif: Res1 name is LEU
protocols.motifs.Motif: atom1 name is OOC
protocols.motifs.Motif: atom2 name is COO
protocols.motifs.Motif: atom3 name is OOC
protocols.motifs.Motif: Res1 name is ASN
protocols.motifs.Motif: atom1 name is OOC
protocols.motifs.Motif: atom2 name is S
protocols.motifs.Motif: atom3 name is aroC
core.pack.task: Packer task: initialize from command line() 
core.pack.task: Packer task: initialize from command line() 
core.pack.task: Packer task: initialize from command line() 
protocols.moves.MonteCarlo: MonteCarlo:: last_accepted_score,lowest_score: -1371.11 -1371.11
protocols.motifs.Motif: Res1 name is GLN
protocols.motifs.Motif: atom1 name is aroC
protocols.motifs.Motif: atom2 name is aroC
protocols.motifs.Motif: atom3 name is aroC
protocols.motifs.Motif: Res1 name is TYR
protocols.motifs.Motif: atom1 name is aroC
protocols.motifs.Motif: atom2 name is aroC
protocols.motifs.Motif: atom3 name is aroC
core.pack.task: Packer task: initialize from command line() 
core.pack.task: Packer task: initialize from command line() 
core.pack.task: Packer task: initialize from command line() 
protocols.moves.MonteCarlo: MonteCarlo:: last_accepted_score,lowest_score: -1370.72 -1370.99
protocols.motifs.Motif: Res1 name is LEU
protocols.motifs.Motif: atom1 name is OOC
protocols.motifs.Motif: atom2 name is COO
protocols.motifs.Motif: atom3 name is OOC
protocols.motifs.Motif: Res1 name is GLN
protocols.motifs.Motif: atom1 name is aroC
protocols.motifs.Motif: atom2 name is aroC
protocols.motifs.Motif: atom3 name is aroC
protocols.motifs.Motif: Res1 name is TYR
protocols.motifs.Motif: atom1 name is OOC
protocols.motifs.Motif: atom2 name is COO
protocols.motifs.Motif: atom3 name is aroC
protocols.motifs.Motif: Res1 name is LEU
protocols.motifs.Motif: atom1 name is OOC
protocols.motifs.Motif: atom2 name is COO
protocols.motifs.Motif: atom3 name is OOC
core.pack.task: Packer task: initialize from command line() 
core.pack.task: Packer task: initialize from command line() 
core.pack.task: Packer task: initialize from command line() 
protocols.moves.MonteCarlo: MonteCarlo:: last_accepted_score,lowest_score: -1371.34 -1371.67
protocols.motifs.Motif: Res1 name is GLN
protocols.motifs.Motif: atom1 name is aroC
protocols.motifs.Motif: atom2 name is S
protocols.motifs.Motif: atom3 name is aroC
protocols.motifs.Motif: Res1 name is TYR
protocols.motifs.Motif: atom1 name is OOC
protocols.motifs.Motif: atom2 name is COO
protocols.motifs.Motif: atom3 name is aroC
protocols.motifs.Motif: Res1 name is LEU
protocols.motifs.Motif: atom1 name is Nlys
protocols.motifs.Motif: atom2 name is CH1
protocols.motifs.Motif: atom3 name is aroC
core.pack.task: Packer task: initialize from command line() 
core.pack.task: Packer task: initialize from command line() 
core.pack.task: Packer task: initialize from command line() 
protocols.moves.MonteCarlo: MonteCarlo:: last_accepted_score,lowest_score: -1369.86 -1370.42
protocols.motifs.Motif: Res1 name is LYS
protocols.motifs.Motif: atom1 name is OOC
protocols.motifs.Motif: atom2 name is COO
protocols.motifs.Motif: atom3 name is OOC
protocols.motifs.Motif: Res1 name is LEU
protocols.motifs.Motif: atom1 name is aroC
protocols.motifs.Motif: atom2 name is S
protocols.motifs.Motif: atom3 name is aroC
protocols.motifs.Motif: Res1 name is GLN
protocols.motifs.Motif: atom1 name is aroC
protocols.motifs.Motif: atom2 name is aroC
protocols.motifs.Motif: atom3 name is aroC
protocols.motifs.Motif: Res1 name is LEU
protocols.motifs.Motif: atom1 name is aroC
protocols.motifs.Motif: atom2 name is S
protocols.motifs.Motif: atom3 name is aroC
core.pack.task: Packer task: initialize from command line() 
core.pack.task: Packer task: initialize from command line() 
core.pack.task: Packer task: initialize from command line() 
protocols.moves.MonteCarlo: MonteCarlo:: last_accepted_score,lowest_score: -1373.63 -1373.63
protocols.motifs.Motif: Res1 name is LYS
protocols.motifs.Motif: atom1 name is aroC
protocols.motifs.Motif: atom2 name is aroC
protocols.motifs.Motif: atom3 name is aroC
protocols.motifs.Motif: Res1 name is TYR
protocols.motifs.Motif: atom1 name is OOC
protocols.motifs.Motif: atom2 name is COO
protocols.motifs.Motif: atom3 name is OOC
protocols.motifs.Motif: Res1 name is LEU
protocols.motifs.Motif: atom1 name is aroC
protocols.motifs.Motif: atom2 name is aroC
protocols.motifs.Motif: atom3 name is aroC
protocols.motifs.Motif: Res1 name is GLN
protocols.motifs.Motif: atom1 name is aroC
protocols.motifs.Motif: atom2 name is S
protocols.motifs.Motif: atom3 name is aroC
protocols.motifs.Motif: Res1 name is LEU
protocols.motifs.Motif: atom1 name is OOC
protocols.motifs.Motif: atom2 name is S
protocols.motifs.Motif: atom3 name is aroC
core.pack.task: Packer task: initialize from command line() 
core.pack.task: Packer task: initialize from command line() 
core.pack.task: Packer task: initialize from command line() 
protocols.moves.MonteCarlo: MonteCarlo:: last_accepted_score,lowest_score: -1372.68 -1372.68
protocols.motifs.Motif: Res1 name is LYS
protocols.motifs.Motif: atom1 name is OOC
protocols.motifs.Motif: atom2 name is COO
protocols.motifs.Motif: atom3 name is OOC
protocols.motifs.Motif: Res1 name is TYR
protocols.motifs.Motif: atom1 name is OOC
protocols.motifs.Motif: atom2 name is COO
protocols.motifs.Motif: atom3 name is OOC
protocols.motifs.Motif: Res1 name is LEU
protocols.motifs.Motif: atom1 name is Nlys
protocols.motifs.Motif: atom2 name is CH1
protocols.motifs.Motif: atom3 name is aroC
protocols.motifs.Motif: Res1 name is GLN
protocols.motifs.Motif: atom1 name is aroC
protocols.motifs.Motif: atom2 name is aroC
protocols.motifs.Motif: atom3 name is aroC
protocols.motifs.Motif: Res1 name is LEU
protocols.motifs.Motif: atom1 name is Nlys
protocols.motifs.Motif: atom2 name is CH1
protocols.motifs.Motif: atom3 name is aroC
core.pack.task: Packer task: initialize from command line() 
core.pack.task: Packer task: initialize from command line() 
core.pack.task: Packer task: initialize from command line() 
protocols.moves.MonteCarlo: MonteCarlo:: last_accepted_score,lowest_score: -1369.82 -1370.34
protocols.motifs.Motif: Res1 name is LEU
protocols.motifs.Motif: atom1 name is aroC
protocols.motifs.Motif: atom2 name is aroC
protocols.motifs.Motif: atom3 name is aroC
protocols.motifs.Motif: Res1 name is GLN
protocols.motifs.Motif: atom1 name is aroC
protocols.motifs.Motif: atom2 name is aroC
protocols.motifs.Motif: atom3 name is aroC
protocols.motifs.Motif: Res1 name is TYR
protocols.motifs.Motif: atom1 name is aroC
protocols.motifs.Motif: atom2 name is S
protocols.motifs.Motif: atom3 name is aroC
protocols.motifs.Motif: Res1 name is THR
protocols.motifs.Motif: atom1 name is OOC
protocols.motifs.Motif: atom2 name is S
protocols.motifs.Motif: atom3 name is aroC
core.pack.task: Packer task: initialize from command line() 
core.pack.task: Packer task: initialize from command line() 
core.pack.task: Packer task: initialize from command line() 
protocols.moves.MonteCarlo: MonteCarlo:: last_accepted_score,lowest_score: -1368.41 -1368.41
protocols.motifs.Motif: Res1 name is LYS
protocols.motifs.Motif: atom1 name is COO
protocols.motifs.Motif: atom2 name is CH1
protocols.motifs.Motif: atom3 name is aroC
protocols.motifs.Motif: Res1 name is LEU
protocols.motifs.Motif: atom1 name is aroC
protocols.motifs.Motif: atom2 name is aroC
protocols.motifs.Motif: atom3 name is aroC
protocols.motifs.Motif: Res1 name is LEU
protocols.motifs.Motif: atom1 name is aroC
protocols.motifs.Motif: atom2 name is aroC
protocols.motifs.Motif: atom3 name is aroC
protocols.motifs.Motif: Res1 name is ASN
protocols.motifs.Motif: atom1 name is aroC
protocols.motifs.Motif: atom2 name is S
protocols.motifs.Motif: atom3 name is aroC
core.pack.task: Packer task: initialize from command line() 
core.pack.task: Packer task: initialize from command line() 
core.pack.task: Packer task: initialize from command line() 
protocols.moves.MonteCarlo: MonteCarlo:: last_accepted_score,lowest_score: -1370.55 -1370.55
protocols.motifs.Motif: Res1 name is LEU
protocols.motifs.Motif: atom1 name is aroC
protocols.motifs.Motif: atom2 name is aroC
protocols.motifs.Motif: atom3 name is aroC
protocols.motifs.Motif: Res1 name is TYR
protocols.motifs.Motif: atom1 name is aroC
protocols.motifs.Motif: atom2 name is S
protocols.motifs.Motif: atom3 name is aroC
protocols.motifs.Motif: Res1 name is THR
protocols.motifs.Motif: atom1 name is OOC
protocols.motifs.Motif: atom2 name is S
protocols.motifs.Motif: atom3 name is aroC
core.pack.task: Packer task: initialize from command line() 
core.pack.task: Packer task: initialize from command line() 
core.pack.task: Packer task: initialize from command line() 
protocols.moves.MonteCarlo: MonteCarlo:: last_accepted_score,lowest_score: -1370.71 -1371.13
protocols.motifs.Motif: Res1 name is LEU
protocols.motifs.Motif: atom1 name is aroC
protocols.motifs.Motif: atom2 name is aroC
protocols.motifs.Motif: atom3 name is aroC
protocols.motifs.Motif: Res1 name is GLN
protocols.motifs.Motif: atom1 name is aroC
protocols.motifs.Motif: atom2 name is aroC
protocols.motifs.Motif: atom3 name is aroC
protocols.motifs.Motif: Res1 name is TYR
protocols.motifs.Motif: atom1 name is OOC
protocols.motifs.Motif: atom2 name is COO
protocols.motifs.Motif: atom3 name is aroC
protocols.motifs.Motif: Res1 name is ASN
protocols.motifs.Motif: atom1 name is COO
protocols.motifs.Motif: atom2 name is CH1
protocols.motifs.Motif: atom3 name is aroC
protocols.motifs.Motif: Res1 name is LEU
protocols.motifs.Motif: atom1 name is OOC
protocols.motifs.Motif: atom2 name is COO
protocols.motifs.Motif: atom3 name is OOC
core.pack.task: Packer task: initialize from command line() 
core.pack.task: Packer task: initialize from command line() 
core.pack.task: Packer task: initialize from command line() 
protocols.moves.MonteCarlo: MonteCarlo:: last_accepted_score,lowest_score: -1372.97 -1372.97
protocols.motifs.Motif: Res1 name is LYS
protocols.motifs.Motif: atom1 name is OOC
protocols.motifs.Motif: atom2 name is COO
protocols.motifs.Motif: atom3 name is OOC
protocols.motifs.Motif: Res1 name is GLN
protocols.motifs.Motif: atom1 name is aroC
protocols.motifs.Motif: atom2 name is aroC
protocols.motifs.Motif: atom3 name is aroC
protocols.motifs.Motif: Res1 name is TYR
protocols.motifs.Motif: atom1 name is OOC
protocols.motifs.Motif: atom2 name is COO
protocols.motifs.Motif: atom3 name is aroC
protocols.motifs.Motif: Res1 name is LYS
protocols.motifs.Motif: atom1 name is OOC
protocols.motifs.Motif: atom2 name is COO
protocols.motifs.Motif: atom3 name is OOC
protocols.motifs.Motif: Res1 name is THR
protocols.motifs.Motif: atom1 name is OOC
protocols.motifs.Motif: atom2 name is S
protocols.motifs.Motif: atom3 name is aroC
core.pack.task: Packer task: initialize from command line() 
core.pack.task: Packer task: initialize from command line() 
core.pack.task: Packer task: initialize from command line() 
protocols.moves.MonteCarlo: MonteCarlo:: last_accepted_score,lowest_score: -1371.67 -1372.54
protocols.motifs.Motif: Res1 name is LEU
protocols.motifs.Motif: atom1 name is aroC
protocols.motifs.Motif: atom2 name is aroC
protocols.motifs.Motif: atom3 name is aroC
protocols.motifs.Motif: Res1 name is GLN
protocols.motifs.Motif: atom1 name is aroC
protocols.motifs.Motif: atom2 name is aroC
protocols.motifs.Motif: atom3 name is aroC
protocols.motifs.Motif: Res1 name is TYR
protocols.motifs.Motif: atom1 name is OOC
protocols.motifs.Motif: atom2 name is COO
protocols.motifs.Motif: atom3 name is aroC
protocols.motifs.Motif: Res1 name is LEU
protocols.motifs.Motif: atom1 name is OOC
protocols.motifs.Motif: atom2 name is COO
protocols.motifs.Motif: atom3 name is OOC
core.pack.task: Packer task: initialize from command line() 
core.pack.task: Packer task: initialize from command line() 
core.pack.task: Packer task: initialize from command line() 
protocols.moves.MonteCarlo: MonteCarlo:: last_accepted_score,lowest_score: -1370.45 -1370.57
protocols.motifs.Motif: Res1 name is LEU
protocols.motifs.Motif: atom1 name is aroC
protocols.motifs.Motif: atom2 name is aroC
protocols.motifs.Motif: atom3 name is aroC
core.pack.task: Packer task: initialize from command line() 
core.pack.task: Packer task: initialize from command line() 
core.pack.task: Packer task: initialize from command line() 
protocols.moves.MonteCarlo: MonteCarlo:: last_accepted_score,lowest_score: -1369.25 -1369.9
protocols.motifs.Motif: Res1 name is GLN
protocols.motifs.Motif: atom1 name is aroC
protocols.motifs.Motif: atom2 name is aroC
protocols.motifs.Motif: atom3 name is aroC
protocols.motifs.Motif: Res1 name is TYR
protocols.motifs.Motif: atom1 name is aroC
protocols.motifs.Motif: atom2 name is S
protocols.motifs.Motif: atom3 name is aroC
core.pack.task: Packer task: initialize from command line() 
core.pack.task: Packer task: initialize from command line() 
core.pack.task: Packer task: initialize from command line() 
protocols.moves.MonteCarlo: MonteCarlo:: last_accepted_score,lowest_score: -1372.71 -1373.99
protocols.motifs.Motif: Res1 name is LYS
protocols.motifs.Motif: atom1 name is aroC
protocols.motifs.Motif: atom2 name is aroC
protocols.motifs.Motif: atom3 name is aroC
protocols.motifs.Motif: Res1 name is TYR
protocols.motifs.Motif: atom1 name is OOC
protocols.motifs.Motif: atom2 name is COO
protocols.motifs.Motif: atom3 name is OOC
protocols.motifs.Motif: Res1 name is LEU
protocols.motifs.Motif: atom1 name is aroC
protocols.motifs.Motif: atom2 name is aroC
protocols.motifs.Motif: atom3 name is aroC
protocols.motifs.Motif: Res1 name is GLN
protocols.motifs.Motif: atom1 name is aroC
protocols.motifs.Motif: atom2 name is S
protocols.motifs.Motif: atom3 name is aroC
protocols.motifs.Motif: Res1 name is LEU
protocols.motifs.Motif: atom1 name is OOC
protocols.motifs.Motif: atom2 name is S
protocols.motifs.Motif: atom3 name is aroC
core.pack.task: Packer task: initialize from command line() 
core.pack.task: Packer task: initialize from command line() 
core.pack.task: Packer task: initialize from command line() 
protocols.moves.MonteCarlo: MonteCarlo:: last_accepted_score,lowest_score: -1371.59 -1373.03
protocols.motifs.Motif: Res1 name is LYS
protocols.motifs.Motif: atom1 name is OOC
protocols.motifs.Motif: atom2 name is COO
protocols.motifs.Motif: atom3 name is OOC
protocols.motifs.Motif: Res1 name is LEU
protocols.motifs.Motif: atom1 name is Nlys
protocols.motifs.Motif: atom2 name is CH1
protocols.motifs.Motif: atom3 name is aroC
protocols.motifs.Motif: Res1 name is GLN
protocols.motifs.Motif: atom1 name is aroC
protocols.motifs.Motif: atom2 name is aroC
protocols.motifs.Motif: atom3 name is aroC
protocols.motifs.Motif: Res1 name is TYR
protocols.motifs.Motif: atom1 name is OOC
protocols.motifs.Motif: atom2 name is COO
protocols.motifs.Motif: atom3 name is aroC
core.pack.task: Packer task: initialize from command line() 
core.pack.task: Packer task: initialize from command line() 
core.pack.task: Packer task: initialize from command line() 
protocols.moves.MonteCarlo: MonteCarlo:: last_accepted_score,lowest_score: -1370.33 -1370.33
protocols.motifs.Motif: Res1 name is LEU
protocols.motifs.Motif: atom1 name is aroC
protocols.motifs.Motif: atom2 name is aroC
protocols.motifs.Motif: atom3 name is aroC
protocols.motifs.Motif: Res1 name is ASN
protocols.motifs.Motif: atom1 name is aroC
protocols.motifs.Motif: atom2 name is aroC
protocols.motifs.Motif: atom3 name is aroC
protocols.motifs.Motif: Res1 name is LEU
protocols.motifs.Motif: atom1 name is aroC
protocols.motifs.Motif: atom2 name is aroC
protocols.motifs.Motif: atom3 name is aroC
core.pack.task: Packer task: initialize from command line() 
core.pack.task: Packer task: initialize from command line() 
core.pack.task: Packer task: initialize from command line() 
protocols.moves.MonteCarlo: MonteCarlo:: last_accepted_score,lowest_score: -1370.02 -1370.11
protocols.motifs.Motif: Res1 name is LEU
protocols.motifs.Motif: atom1 name is aroC
protocols.motifs.Motif: atom2 name is aroC
protocols.motifs.Motif: atom3 name is aroC
protocols.motifs.Motif: Res1 name is GLN
protocols.motifs.Motif: atom1 name is aroC
protocols.motifs.Motif: atom2 name is aroC
protocols.motifs.Motif: atom3 name is aroC
core.pack.task: Packer task: initialize from command line() 
core.pack.task: Packer task: initialize from command line() 
core.pack.task: Packer task: initialize from command line() 
protocols.moves.MonteCarlo: MonteCarlo:: last_accepted_score,lowest_score: -1368.26 -1368.26
protocols.motifs.Motif: Res1 name is LEU
protocols.motifs.Motif: atom1 name is aroC
protocols.motifs.Motif: atom2 name is aroC
protocols.motifs.Motif: atom3 name is aroC
protocols.motifs.Motif: Res1 name is GLN
protocols.motifs.Motif: atom1 name is aroC
protocols.motifs.Motif: atom2 name is aroC
protocols.motifs.Motif: atom3 name is aroC
protocols.motifs.Motif: Res1 name is TYR
protocols.motifs.Motif: atom1 name is OOC
protocols.motifs.Motif: atom2 name is COO
protocols.motifs.Motif: atom3 name is aroC
core.pack.task: Packer task: initialize from command line() 
core.pack.task: Packer task: initialize from command line() 
core.pack.task: Packer task: initialize from command line() 
protocols.moves.MonteCarlo: MonteCarlo:: last_accepted_score,lowest_score: -1369.65 -1369.65
protocols.motifs.Motif: Res1 name is GLN
protocols.motifs.Motif: atom1 name is OOC
protocols.motifs.Motif: atom2 name is COO
protocols.motifs.Motif: atom3 name is aroC
protocols.motifs.Motif: Res1 name is LEU
protocols.motifs.Motif: atom1 name is aroC
protocols.motifs.Motif: atom2 name is aroC
protocols.motifs.Motif: atom3 name is aroC
core.pack.task: Packer task: initialize from command line() 
core.pack.task: Packer task: initialize from command line() 
core.pack.task: Packer task: initialize from command line() 
protocols.moves.MonteCarlo: MonteCarlo:: last_accepted_score,lowest_score: -1370.88 -1370.88
protocols.motifs.Motif: Res1 name is GLN
protocols.motifs.Motif: atom1 name is OOC
protocols.motifs.Motif: atom2 name is COO
protocols.motifs.Motif: atom3 name is aroC
protocols.motifs.Motif: Res1 name is TYR
protocols.motifs.Motif: atom1 name is OOC
protocols.motifs.Motif: atom2 name is COO
protocols.motifs.Motif: atom3 name is aroC
protocols.motifs.Motif: Res1 name is ASN
protocols.motifs.Motif: atom1 name is COO
protocols.motifs.Motif: atom2 name is CH1
protocols.motifs.Motif: atom3 name is aroC
protocols.motifs.Motif: Res1 name is LEU
protocols.motifs.Motif: atom1 name is OOC
protocols.motifs.Motif: atom2 name is COO
protocols.motifs.Motif: atom3 name is OOC
core.pack.task: Packer task: initialize from command line() 
core.pack.task: Packer task: initialize from command line() 
core.pack.task: Packer task: initialize from command line() 
protocols.moves.MonteCarlo: MonteCarlo:: last_accepted_score,lowest_score: -1367.6 -1369.68
protocols.motifs.Motif: Res1 name is ASN
protocols.motifs.Motif: atom1 name is aroC
protocols.motifs.Motif: atom2 name is aroC
protocols.motifs.Motif: atom3 name is aroC
protocols.motifs.Motif: Res1 name is LEU
protocols.motifs.Motif: atom1 name is OOC
protocols.motifs.Motif: atom2 name is COO
protocols.motifs.Motif: atom3 name is OOC
core.pack.task: Packer task: initialize from command line() 
core.pack.task: Packer task: initialize from command line() 
core.pack.task: Packer task: initialize from command line() 
protocols.moves.MonteCarlo: MonteCarlo:: last_accepted_score,lowest_score: -1371.32 -1371.32
protocols.motifs.Motif: Res1 name is GLN
protocols.motifs.Motif: atom1 name is aroC
protocols.motifs.Motif: atom2 name is S
protocols.motifs.Motif: atom3 name is aroC
protocols.motifs.Motif: Res1 name is TYR
protocols.motifs.Motif: atom1 name is aroC
protocols.motifs.Motif: atom2 name is S
protocols.motifs.Motif: atom3 name is aroC
protocols.motifs.Motif: Res1 name is ASN
protocols.motifs.Motif: atom1 name is OOC
protocols.motifs.Motif: atom2 name is COO
protocols.motifs.Motif: atom3 name is OOC
protocols.motifs.Motif: Res1 name is LEU
protocols.motifs.Motif: atom1 name is OOC
protocols.motifs.Motif: atom2 name is COO
protocols.motifs.Motif: atom3 name is OOC
core.pack.task: Packer task: initialize from command line() 
core.pack.task: Packer task: initialize from command line() 
core.pack.task: Packer task: initialize from command line() 
protocols.moves.MonteCarlo: MonteCarlo:: last_accepted_score,lowest_score: -1370.05 -1370.05
protocols.motifs.Motif: Res1 name is GLN
protocols.motifs.Motif: atom1 name is aroC
protocols.motifs.Motif: atom2 name is aroC
protocols.motifs.Motif: atom3 name is aroC
core.pack.task: Packer task: initialize from command line() 
core.pack.task: Packer task: initialize from command line() 
core.pack.task: Packer task: initialize from command line() 
protocols.moves.MonteCarlo: MonteCarlo:: last_accepted_score,lowest_score: -1339.42 -1339.42
protocols.motifs.Motif: Res1 name is LYS
protocols.motifs.Motif: atom1 name is OOC
protocols.motifs.Motif: atom2 name is S
protocols.motifs.Motif: atom3 name is aroC
protocols.motifs.Motif: Res1 name is LEU
protocols.motifs.Motif: atom1 name is aroC
protocols.motifs.Motif: atom2 name is S
protocols.motifs.Motif: atom3 name is aroC
protocols.motifs.Motif: Res1 name is GLN
protocols.motifs.Motif: atom1 name is Nlys
protocols.motifs.Motif: atom2 name is CH1
protocols.motifs.Motif: atom3 name is aroC
protocols.motifs.Motif: Res1 name is LEU
protocols.motifs.Motif: atom1 name is aroC
protocols.motifs.Motif: atom2 name is S
protocols.motifs.Motif: atom3 name is aroC
core.pack.task: Packer task: initialize from command line() 
core.pack.task: Packer task: initialize from command line() 
core.pack.task: Packer task: initialize from command line() 
protocols.moves.MonteCarlo: MonteCarlo:: last_accepted_score,lowest_score: -1368.29 -1369
protocols.motifs.Motif: Res1 name is LEU
protocols.motifs.Motif: atom1 name is OOC
protocols.motifs.Motif: atom2 name is COO
protocols.motifs.Motif: atom3 name is OOC
protocols.motifs.Motif: Res1 name is GLN
protocols.motifs.Motif: atom1 name is OOC
protocols.motifs.Motif: atom2 name is COO
protocols.motifs.Motif: atom3 name is aroC
protocols.motifs.Motif: Res1 name is TYR
protocols.motifs.Motif: atom1 name is OOC
protocols.motifs.Motif: atom2 name is COO
protocols.motifs.Motif: atom3 name is aroC
protocols.motifs.Motif: Res1 name is LEU
protocols.motifs.Motif: atom1 name is OOC
protocols.motifs.Motif: atom2 name is COO
protocols.motifs.Motif: atom3 name is OOC
core.pack.task: Packer task: initialize from command line() 
core.pack.task: Packer task: initialize from command line() 
core.pack.task: Packer task: initialize from command line() 
protocols.moves.MonteCarlo: MonteCarlo:: last_accepted_score,lowest_score: -1369.65 -1371.02
protocols.motifs.Motif: Res1 name is LYS
protocols.motifs.Motif: atom1 name is Nlys
protocols.motifs.Motif: atom2 name is CH1
protocols.motifs.Motif: atom3 name is aroC
protocols.motifs.Motif: Res1 name is LEU
protocols.motifs.Motif: atom1 name is OOC
protocols.motifs.Motif: atom2 name is COO
protocols.motifs.Motif: atom3 name is OOC
protocols.motifs.Motif: Res1 name is GLN
protocols.motifs.Motif: atom1 name is Ntrp
protocols.motifs.Motif: atom2 name is aroC
protocols.motifs.Motif: atom3 name is aroC
protocols.motifs.Motif: Res1 name is LEU
protocols.motifs.Motif: atom1 name is aroC
protocols.motifs.Motif: atom2 name is aroC
protocols.motifs.Motif: atom3 name is aroC
protocols.motifs.Motif: Res1 name is ASN
protocols.motifs.Motif: atom1 name is aroC
protocols.motifs.Motif: atom2 name is S
protocols.motifs.Motif: atom3 name is aroC
core.pack.task: Packer task: initialize from command line() 
core.pack.task: Packer task: initialize from command line() 
core.pack.task: Packer task: initialize from command line() 
protocols.moves.MonteCarlo: MonteCarlo:: last_accepted_score,lowest_score: -1371.05 -1371.05
protocols.motifs.Motif: Res1 name is LYS
protocols.motifs.Motif: atom1 name is aroC
protocols.motifs.Motif: atom2 name is aroC
protocols.motifs.Motif: atom3 name is aroC
protocols.motifs.Motif: Res1 name is TYR
protocols.motifs.Motif: atom1 name is OOC
protocols.motifs.Motif: atom2 name is COO
protocols.motifs.Motif: atom3 name is OOC
protocols.motifs.Motif: Res1 name is LEU
protocols.motifs.Motif: atom1 name is aroC
protocols.motifs.Motif: atom2 name is aroC
protocols.motifs.Motif: atom3 name is aroC
protocols.motifs.Motif: Res1 name is TYR
protocols.motifs.Motif: atom1 name is OOC
protocols.motifs.Motif: atom2 name is COO
protocols.motifs.Motif: atom3 name is aroC
protocols.motifs.Motif: Res1 name is LEU
protocols.motifs.Motif: atom1 name is aroC
protocols.motifs.Motif: atom2 name is aroC
protocols.motifs.Motif: atom3 name is aroC
protocols.motifs.Motif: Res1 name is LYS
protocols.motifs.Motif: atom1 name is Nlys
protocols.motifs.Motif: atom2 name is CH1
protocols.motifs.Motif: atom3 name is aroC
core.pack.task: Packer task: initialize from command line() 
core.pack.task: Packer task: initialize from command line() 
core.pack.task: Packer task: initialize from command line() 
protocols.moves.MonteCarlo: MonteCarlo:: last_accepted_score,lowest_score: -1369.8 -1369.98
protocols.motifs.Motif: Res1 name is LEU
protocols.motifs.Motif: atom1 name is aroC
protocols.motifs.Motif: atom2 name is aroC
protocols.motifs.Motif: atom3 name is aroC
protocols.motifs.Motif: Res1 name is TYR
protocols.motifs.Motif: atom1 name is aroC
protocols.motifs.Motif: atom2 name is S
protocols.motifs.Motif: atom3 name is aroC
protocols.motifs.Motif: Res1 name is ASN
protocols.motifs.Motif: atom1 name is aroC
protocols.motifs.Motif: atom2 name is aroC
protocols.motifs.Motif: atom3 name is aroC
protocols.motifs.Motif: Res1 name is LEU
protocols.motifs.Motif: atom1 name is OOC
protocols.motifs.Motif: atom2 name is COO
protocols.motifs.Motif: atom3 name is OOC
core.pack.task: Packer task: initialize from command line() 
core.pack.task: Packer task: initialize from command line() 
core.pack.task: Packer task: initialize from command line() 
protocols.moves.MonteCarlo: MonteCarlo:: last_accepted_score,lowest_score: -1370.16 -1370.16
protocols.motifs.Motif: Res1 name is LYS
protocols.motifs.Motif: atom1 name is aroC
protocols.motifs.Motif: atom2 name is S
protocols.motifs.Motif: atom3 name is aroC
protocols.motifs.Motif: Res1 name is GLN
protocols.motifs.Motif: atom1 name is OOC
protocols.motifs.Motif: atom2 name is S
protocols.motifs.Motif: atom3 name is aroC
protocols.motifs.Motif: Res1 name is TYR
protocols.motifs.Motif: atom1 name is aroC
protocols.motifs.Motif: atom2 name is aroC
protocols.motifs.Motif: atom3 name is aroC
core.pack.task: Packer task: initialize from command line() 
core.pack.task: Packer task: initialize from command line() 
core.pack.task: Packer task: initialize from command line() 
protocols.moves.MonteCarlo: MonteCarlo:: last_accepted_score,lowest_score: -1371.13 -1371.75
protocols.motifs.Motif: Res1 name is LYS
protocols.motifs.Motif: atom1 name is aroC
protocols.motifs.Motif: atom2 name is aroC
protocols.motifs.Motif: atom3 name is aroC
protocols.motifs.Motif: Res1 name is TYR
protocols.motifs.Motif: atom1 name is OOC
protocols.motifs.Motif: atom2 name is COO
protocols.motifs.Motif: atom3 name is OOC
protocols.motifs.Motif: Res1 name is LEU
protocols.motifs.Motif: atom1 name is aroC
protocols.motifs.Motif: atom2 name is aroC
protocols.motifs.Motif: atom3 name is aroC
protocols.motifs.Motif: Res1 name is LYS
protocols.motifs.Motif: atom1 name is Nlys
protocols.motifs.Motif: atom2 name is CH1
protocols.motifs.Motif: atom3 name is aroC
core.pack.task: Packer task: initialize from command line() 
core.pack.task: Packer task: initialize from command line() 
core.pack.task: Packer task: initialize from command line() 
protocols.moves.MonteCarlo: MonteCarlo:: last_accepted_score,lowest_score: -1368.06 -1368.06
protocols.motifs.Motif: Res1 name is LYS
protocols.motifs.Motif: atom1 name is OOC
protocols.motifs.Motif: atom2 name is COO
protocols.motifs.Motif: atom3 name is OOC
protocols.motifs.Motif: Res1 name is LEU
protocols.motifs.Motif: atom1 name is OOC
protocols.motifs.Motif: atom2 name is COO
protocols.motifs.Motif: atom3 name is OOC
protocols.motifs.Motif: Res1 name is GLN
protocols.motifs.Motif: atom1 name is aroC
protocols.motifs.Motif: atom2 name is aroC
protocols.motifs.Motif: atom3 name is aroC
protocols.motifs.Motif: Res1 name is LEU
protocols.motifs.Motif: atom1 name is aroC
protocols.motifs.Motif: atom2 name is aroC
protocols.motifs.Motif: atom3 name is aroC
core.pack.task: Packer task: initialize from command line() 
core.pack.task: Packer task: initialize from command line() 
core.pack.task: Packer task: initialize from command line() 
protocols.moves.MonteCarlo: MonteCarlo:: last_accepted_score,lowest_score: -1372.55 -1372.55
protocols.motifs.Motif: Res1 name is LYS
protocols.motifs.Motif: atom1 name is OOC
protocols.motifs.Motif: atom2 name is COO
protocols.motifs.Motif: atom3 name is OOC
protocols.motifs.Motif: Res1 name is LEU
protocols.motifs.Motif: atom1 name is Nlys
protocols.motifs.Motif: atom2 name is CH1
protocols.motifs.Motif: atom3 name is aroC
protocols.motifs.Motif: Res1 name is GLN
protocols.motifs.Motif: atom1 name is aroC
protocols.motifs.Motif: atom2 name is aroC
protocols.motifs.Motif: atom3 name is aroC
protocols.motifs.Motif: Res1 name is TYR
protocols.motifs.Motif: atom1 name is OOC
protocols.motifs.Motif: atom2 name is COO
protocols.motifs.Motif: atom3 name is aroC
core.pack.task: Packer task: initialize from command line() 
core.pack.task: Packer task: initialize from command line() 
core.pack.task: Packer task: initialize from command line() 
protocols.moves.MonteCarlo: MonteCarlo:: last_accepted_score,lowest_score: -1369.78 -1370.22
protocols.motifs.Motif: Res1 name is LEU
protocols.motifs.Motif: atom1 name is OOC
protocols.motifs.Motif: atom2 name is COO
protocols.motifs.Motif: atom3 name is OOC
protocols.motifs.Motif: Res1 name is GLN
protocols.motifs.Motif: atom1 name is aroC
protocols.motifs.Motif: atom2 name is aroC
protocols.motifs.Motif: atom3 name is aroC
protocols.motifs.Motif: Res1 name is ARG
protocols.motifs.Motif: atom1 name is aroC
protocols.motifs.Motif: atom2 name is S
protocols.motifs.Motif: atom3 name is aroC
core.pack.task: Packer task: initialize from command line() 
core.pack.task: Packer task: initialize from command line() 
core.pack.task: Packer task: initialize from command line() 
protocols.moves.MonteCarlo: MonteCarlo:: last_accepted_score,lowest_score: -1367.4 -1367.9
protocols.motifs.Motif: Res1 name is GLN
protocols.motifs.Motif: atom1 name is aroC
protocols.motifs.Motif: atom2 name is aroC
protocols.motifs.Motif: atom3 name is aroC
protocols.motifs.Motif: Res1 name is TYR
protocols.motifs.Motif: atom1 name is aroC
protocols.motifs.Motif: atom2 name is S
protocols.motifs.Motif: atom3 name is aroC
core.pack.task: Packer task: initialize from command line() 
core.pack.task: Packer task: initialize from command line() 
core.pack.task: Packer task: initialize from command line() 
protocols.moves.MonteCarlo: MonteCarlo:: last_accepted_score,lowest_score: -1369.1 -1369.22
protocols.motifs.Motif: Res1 name is LYS
protocols.motifs.Motif: atom1 name is COO
protocols.motifs.Motif: atom2 name is CH1
protocols.motifs.Motif: atom3 name is aroC
protocols.motifs.Motif: Res1 name is LEU
protocols.motifs.Motif: atom1 name is OOC
protocols.motifs.Motif: atom2 name is COO
protocols.motifs.Motif: atom3 name is OOC
protocols.motifs.Motif: Res1 name is TYR
protocols.motifs.Motif: atom1 name is OOC
protocols.motifs.Motif: atom2 name is S
protocols.motifs.Motif: atom3 name is aroC
protocols.motifs.Motif: Res1 name is LEU
protocols.motifs.Motif: atom1 name is aroC
protocols.motifs.Motif: atom2 name is aroC
protocols.motifs.Motif: atom3 name is aroC
protocols.motifs.Motif: Res1 name is ASN
protocols.motifs.Motif: atom1 name is aroC
protocols.motifs.Motif: atom2 name is S
protocols.motifs.Motif: atom3 name is aroC
core.pack.task: Packer task: initialize from command line() 
core.pack.task: Packer task: initialize from command line() 
core.pack.task: Packer task: initialize from command line() 
protocols.moves.MonteCarlo: MonteCarlo:: last_accepted_score,lowest_score: -1370.77 -1372.82
protocols.motifs.Motif: Res1 name is LYS
protocols.motifs.Motif: atom1 name is aroC
protocols.motifs.Motif: atom2 name is aroC
protocols.motifs.Motif: atom3 name is aroC
protocols.motifs.Motif: Res1 name is TYR
protocols.motifs.Motif: atom1 name is OOC
protocols.motifs.Motif: atom2 name is COO
protocols.motifs.Motif: atom3 name is OOC
protocols.motifs.Motif: Res1 name is LEU
protocols.motifs.Motif: atom1 name is Nlys
protocols.motifs.Motif: atom2 name is CH1
protocols.motifs.Motif: atom3 name is aroC
protocols.motifs.Motif: Res1 name is GLN
protocols.motifs.Motif: atom1 name is aroC
protocols.motifs.Motif: atom2 name is S
protocols.motifs.Motif: atom3 name is aroC
protocols.motifs.Motif: Res1 name is LEU
protocols.motifs.Motif: atom1 name is OOC
protocols.motifs.Motif: atom2 name is S
protocols.motifs.Motif: atom3 name is aroC
core.pack.task: Packer task: initialize from command line() 
core.pack.task: Packer task: initialize from command line() 
core.pack.task: Packer task: initialize from command line() 
protocols.moves.MonteCarlo: MonteCarlo:: last_accepted_score,lowest_score: -1369.49 -1369.49
protocols.motifs.Motif: Res1 name is LYS
protocols.motifs.Motif: atom1 name is aroC
protocols.motifs.Motif: atom2 name is aroC
protocols.motifs.Motif: atom3 name is aroC
protocols.motifs.Motif: Res1 name is TYR
protocols.motifs.Motif: atom1 name is OOC
protocols.motifs.Motif: atom2 name is COO
protocols.motifs.Motif: atom3 name is OOC
protocols.motifs.Motif: Res1 name is LEU
protocols.motifs.Motif: atom1 name is aroC
protocols.motifs.Motif: atom2 name is aroC
protocols.motifs.Motif: atom3 name is aroC
protocols.motifs.Motif: Res1 name is TYR
protocols.motifs.Motif: atom1 name is OOC
protocols.motifs.Motif: atom2 name is S
protocols.motifs.Motif: atom3 name is aroC
protocols.motifs.Motif: Res1 name is LEU
protocols.motifs.Motif: atom1 name is aroC
protocols.motifs.Motif: atom2 name is aroC
protocols.motifs.Motif: atom3 name is aroC
protocols.motifs.Motif: Res1 name is LYS
protocols.motifs.Motif: atom1 name is Nlys
protocols.motifs.Motif: atom2 name is CH1
protocols.motifs.Motif: atom3 name is aroC
core.pack.task: Packer task: initialize from command line() 
core.pack.task: Packer task: initialize from command line() 
core.pack.task: Packer task: initialize from command line() 
protocols.moves.MonteCarlo: MonteCarlo:: last_accepted_score,lowest_score: -1370.76 -1371.17
protocols.motifs.Motif: Res1 name is LEU
protocols.motifs.Motif: atom1 name is aroC
protocols.motifs.Motif: atom2 name is aroC
protocols.motifs.Motif: atom3 name is aroC
protocols.motifs.Motif: Res1 name is GLN
protocols.motifs.Motif: atom1 name is aroC
protocols.motifs.Motif: atom2 name is aroC
protocols.motifs.Motif: atom3 name is aroC
core.pack.task: Packer task: initialize from command line() 
core.pack.task: Packer task: initialize from command line() 
core.pack.task: Packer task: initialize from command line() 
protocols.moves.MonteCarlo: MonteCarlo:: last_accepted_score,lowest_score: -1371.2 -1371.85
protocols.motifs.Motif: Res1 name is LEU
protocols.motifs.Motif: atom1 name is aroC
protocols.motifs.Motif: atom2 name is aroC
protocols.motifs.Motif: atom3 name is aroC
protocols.motifs.Motif: Res1 name is ASN
protocols.motifs.Motif: atom1 name is aroC
protocols.motifs.Motif: atom2 name is aroC
protocols.motifs.Motif: atom3 name is aroC
protocols.motifs.Motif: Res1 name is LEU
protocols.motifs.Motif: atom1 name is OOC
protocols.motifs.Motif: atom2 name is COO
protocols.motifs.Motif: atom3 name is OOC
core.pack.task: Packer task: initialize from command line() 
core.pack.task: Packer task: initialize from command line() 
core.pack.task: Packer task: initialize from command line() 
protocols.moves.MonteCarlo: MonteCarlo:: last_accepted_score,lowest_score: -1370.5 -1370.5
protocols.motifs.Motif: Res1 name is GLN
protocols.motifs.Motif: atom1 name is aroC
protocols.motifs.Motif: atom2 name is S
protocols.motifs.Motif: atom3 name is aroC
protocols.motifs.Motif: Res1 name is TYR
protocols.motifs.Motif: atom1 name is aroC
protocols.motifs.Motif: atom2 name is S
protocols.motifs.Motif: atom3 name is aroC
protocols.motifs.Motif: Res1 name is ASN
protocols.motifs.Motif: atom1 name is OOC
protocols.motifs.Motif: atom2 name is COO
protocols.motifs.Motif: atom3 name is OOC
protocols.motifs.Motif: Res1 name is LEU
protocols.motifs.Motif: atom1 name is aroC
protocols.motifs.Motif: atom2 name is aroC
protocols.motifs.Motif: atom3 name is aroC
core.pack.task: Packer task: initialize from command line() 
core.pack.task: Packer task: initialize from command line() 
core.pack.task: Packer task: initialize from command line() 
protocols.moves.MonteCarlo: MonteCarlo:: last_accepted_score,lowest_score: -1372.92 -1372.92
protocols.motifs.Motif: Res1 name is GLN
protocols.motifs.Motif: atom1 name is aroC
protocols.motifs.Motif: atom2 name is S
protocols.motifs.Motif: atom3 name is aroC
protocols.motifs.Motif: Res1 name is TYR
protocols.motifs.Motif: atom1 name is OOC
protocols.motifs.Motif: atom2 name is COO
protocols.motifs.Motif: atom3 name is aroC
core.pack.task: Packer task: initialize from command line() 
core.pack.task: Packer task: initialize from command line() 
core.pack.task: Packer task: initialize from command line() 
protocols.moves.MonteCarlo: MonteCarlo:: last_accepted_score,lowest_score: -1375.15 -1375.15
protocols.motifs.Motif: Res1 name is LYS
protocols.motifs.Motif: atom1 name is Nlys
protocols.motifs.Motif: atom2 name is CH1
protocols.motifs.Motif: atom3 name is aroC
protocols.motifs.Motif: Res1 name is LEU
protocols.motifs.Motif: atom1 name is OOC
protocols.motifs.Motif: atom2 name is COO
protocols.motifs.Motif: atom3 name is OOC
protocols.motifs.Motif: Res1 name is GLN
protocols.motifs.Motif: atom1 name is aroC
protocols.motifs.Motif: atom2 name is aroC
protocols.motifs.Motif: atom3 name is aroC
protocols.motifs.Motif: Res1 name is TYR
protocols.motifs.Motif: atom1 name is OOC
protocols.motifs.Motif: atom2 name is COO
protocols.motifs.Motif: atom3 name is OOC
protocols.motifs.Motif: Res1 name is ASN
protocols.motifs.Motif: atom1 name is OOC
protocols.motifs.Motif: atom2 name is COO
protocols.motifs.Motif: atom3 name is aroC
core.pack.task: Packer task: initialize from command line() 
core.pack.task: Packer task: initialize from command line() 
core.pack.task: Packer task: initialize from command line() 
protocols.moves.MonteCarlo: MonteCarlo:: last_accepted_score,lowest_score: -1368.87 -1369.42
protocols.motifs.Motif: Res1 name is LEU
protocols.motifs.Motif: atom1 name is OOC
protocols.motifs.Motif: atom2 name is S
protocols.motifs.Motif: atom3 name is aroC
protocols.motifs.Motif: Res1 name is GLN
protocols.motifs.Motif: atom1 name is OOC
protocols.motifs.Motif: atom2 name is S
protocols.motifs.Motif: atom3 name is aroC
protocols.motifs.Motif: Res1 name is TYR
protocols.motifs.Motif: atom1 name is OOC
protocols.motifs.Motif: atom2 name is COO
protocols.motifs.Motif: atom3 name is OOC
core.pack.task: Packer task: initialize from command line() 
core.pack.task: Packer task: initialize from command line() 
core.pack.task: Packer task: initialize from command line() 
protocols.moves.MonteCarlo: MonteCarlo:: last_accepted_score,lowest_score: -1370.06 -1373.45
protocols.motifs.Motif: Res1 name is LYS
protocols.motifs.Motif: atom1 name is OOC
protocols.motifs.Motif: atom2 name is S
protocols.motifs.Motif: atom3 name is aroC
protocols.motifs.Motif: Res1 name is LEU
protocols.motifs.Motif: atom1 name is OOC
protocols.motifs.Motif: atom2 name is S
protocols.motifs.Motif: atom3 name is aroC
protocols.motifs.Motif: Res1 name is GLN
protocols.motifs.Motif: atom1 name is OOC
protocols.motifs.Motif: atom2 name is S
protocols.motifs.Motif: atom3 name is aroC
protocols.motifs.Motif: Res1 name is ARG
protocols.motifs.Motif: atom1 name is OOC
protocols.motifs.Motif: atom2 name is COO
protocols.motifs.Motif: atom3 name is OOC
protocols.motifs.Motif: Res1 name is LEU
protocols.motifs.Motif: atom1 name is aroC
protocols.motifs.Motif: atom2 name is aroC
protocols.motifs.Motif: atom3 name is aroC
protocols.motifs.Motif: Res1 name is LYS
protocols.motifs.Motif: atom1 name is Nlys
protocols.motifs.Motif: atom2 name is CH1
protocols.motifs.Motif: atom3 name is aroC
core.pack.task: Packer task: initialize from command line() 
core.pack.task: Packer task: initialize from command line() 
core.pack.task: Packer task: initialize from command line() 
protocols.moves.MonteCarlo: MonteCarlo:: last_accepted_score,lowest_score: -1366.26 -1366.26
protocols.motifs.Motif: Res1 name is ASN
protocols.motifs.Motif: atom1 name is OOC
protocols.motifs.Motif: atom2 name is COO
protocols.motifs.Motif: atom3 name is aroC
protocols.motifs.Motif: Res1 name is ASN
protocols.motifs.Motif: atom1 name is aroC
protocols.motifs.Motif: atom2 name is S
protocols.motifs.Motif: atom3 name is aroC
core.pack.task: Packer task: initialize from command line() 
core.pack.task: Packer task: initialize from command line() 
core.pack.task: Packer task: initialize from command line() 
protocols.moves.MonteCarlo: MonteCarlo:: last_accepted_score,lowest_score: -1367.76 -1369.29
protocols.motifs.Motif: Res1 name is GLN
protocols.motifs.Motif: atom1 name is OOC
protocols.motifs.Motif: atom2 name is S
protocols.motifs.Motif: atom3 name is aroC
protocols.motifs.Motif: Res1 name is ASN
protocols.motifs.Motif: atom1 name is aroC
protocols.motifs.Motif: atom2 name is S
protocols.motifs.Motif: atom3 name is aroC
protocols.motifs.Motif: Res1 name is LEU
protocols.motifs.Motif: atom1 name is aroC
protocols.motifs.Motif: atom2 name is S
protocols.motifs.Motif: atom3 name is aroC
core.pack.task: Packer task: initialize from command line() 
core.pack.task: Packer task: initialize from command line() 
core.pack.task: Packer task: initialize from command line() 
protocols.moves.MonteCarlo: MonteCarlo:: last_accepted_score,lowest_score: -1370.18 -1370.18
protocols.motifs.Motif: Res1 name is LEU
protocols.motifs.Motif: atom1 name is Nlys
protocols.motifs.Motif: atom2 name is CH1
protocols.motifs.Motif: atom3 name is aroC
protocols.motifs.Motif: Res1 name is GLN
protocols.motifs.Motif: atom1 name is OOC
protocols.motifs.Motif: atom2 name is S
protocols.motifs.Motif: atom3 name is aroC
protocols.motifs.Motif: Res1 name is TYR
protocols.motifs.Motif: atom1 name is OOC
protocols.motifs.Motif: atom2 name is S
protocols.motifs.Motif: atom3 name is aroC
core.pack.task: Packer task: initialize from command line() 
core.pack.task: Packer task: initialize from command line() 
core.pack.task: Packer task: initialize from command line() 
protocols.moves.MonteCarlo: MonteCarlo:: last_accepted_score,lowest_score: -1369.03 -1369.99
protocols.motifs.Motif: Res1 name is LEU
protocols.motifs.Motif: atom1 name is OOC
protocols.motifs.Motif: atom2 name is S
protocols.motifs.Motif: atom3 name is aroC
protocols.motifs.Motif: Res1 name is GLN
protocols.motifs.Motif: atom1 name is OOC
protocols.motifs.Motif: atom2 name is S
protocols.motifs.Motif: atom3 name is aroC
core.pack.task: Packer task: initialize from command line() 
core.pack.task: Packer task: initialize from command line() 
core.pack.task: Packer task: initialize from command line() 
protocols.moves.MonteCarlo: MonteCarlo:: last_accepted_score,lowest_score: -1370.28 -1370.41
protocols.motifs.Motif: Res1 name is LEU
protocols.motifs.Motif: atom1 name is OOC
protocols.motifs.Motif: atom2 name is S
protocols.motifs.Motif: atom3 name is aroC
protocols.motifs.Motif: Res1 name is GLN
protocols.motifs.Motif: atom1 name is aroC
protocols.motifs.Motif: atom2 name is aroC
protocols.motifs.Motif: atom3 name is aroC
protocols.motifs.Motif: Res1 name is LEU
protocols.motifs.Motif: atom1 name is OOC
protocols.motifs.Motif: atom2 name is S
protocols.motifs.Motif: atom3 name is aroC
core.pack.task: Packer task: initialize from command line() 
core.pack.task: Packer task: initialize from command line() 
core.pack.task: Packer task: initialize from command line() 
protocols.moves.MonteCarlo: MonteCarlo:: last_accepted_score,lowest_score: -1369.15 -1369.46
protocols.motifs.Motif: Res1 name is LEU
protocols.motifs.Motif: atom1 name is OOC
protocols.motifs.Motif: atom2 name is S
protocols.motifs.Motif: atom3 name is aroC
protocols.motifs.Motif: Res1 name is GLN
protocols.motifs.Motif: atom1 name is OOC
protocols.motifs.Motif: atom2 name is COO
protocols.motifs.Motif: atom3 name is aroC
protocols.motifs.Motif: Res1 name is TYR
protocols.motifs.Motif: atom1 name is OOC
protocols.motifs.Motif: atom2 name is COO
protocols.motifs.Motif: atom3 name is aroC
core.pack.task: Packer task: initialize from command line() 
core.pack.task: Packer task: initialize from command line() 
core.pack.task: Packer task: initialize from command line() 
protocols.moves.MonteCarlo: MonteCarlo:: last_accepted_score,lowest_score: -1370.29 -1370.29
protocols.motifs.Motif: Res1 name is LYS
protocols.motifs.Motif: atom1 name is aroC
protocols.motifs.Motif: atom2 name is S
protocols.motifs.Motif: atom3 name is aroC
protocols.motifs.Motif: Res1 name is LEU
protocols.motifs.Motif: atom1 name is Nlys
protocols.motifs.Motif: atom2 name is CH1
protocols.motifs.Motif: atom3 name is aroC
protocols.motifs.Motif: Res1 name is GLN
protocols.motifs.Motif: atom1 name is OOC
protocols.motifs.Motif: atom2 name is S
protocols.motifs.Motif: atom3 name is aroC
protocols.motifs.Motif: Res1 name is TYR
protocols.motifs.Motif: atom1 name is OOC
protocols.motifs.Motif: atom2 name is S
protocols.motifs.Motif: atom3 name is aroC
core.pack.task: Packer task: initialize from command line() 
core.pack.task: Packer task: initialize from command line() 
core.pack.task: Packer task: initialize from command line() 
protocols.moves.MonteCarlo: MonteCarlo:: last_accepted_score,lowest_score: -1369.91 -1371.57
protocols.motifs.Motif: Res1 name is LEU
protocols.motifs.Motif: atom1 name is Nlys
protocols.motifs.Motif: atom2 name is CH1
protocols.motifs.Motif: atom3 name is aroC
protocols.motifs.Motif: Res1 name is GLN
protocols.motifs.Motif: atom1 name is aroC
protocols.motifs.Motif: atom2 name is aroC
protocols.motifs.Motif: atom3 name is aroC
protocols.motifs.Motif: Res1 name is TYR
protocols.motifs.Motif: atom1 name is aroC
protocols.motifs.Motif: atom2 name is S
protocols.motifs.Motif: atom3 name is aroC
protocols.motifs.Motif: Res1 name is LEU
protocols.motifs.Motif: atom1 name is OOC
protocols.motifs.Motif: atom2 name is COO
protocols.motifs.Motif: atom3 name is OOC
core.pack.task: Packer task: initialize from command line() 
core.pack.task: Packer task: initialize from command line() 
core.pack.task: Packer task: initialize from command line() 
protocols.moves.MonteCarlo: MonteCarlo:: last_accepted_score,lowest_score: -1368.54 -1368.54
protocols.motifs.Motif: Res1 name is LYS
protocols.motifs.Motif: atom1 name is aroC
protocols.motifs.Motif: atom2 name is aroC
protocols.motifs.Motif: atom3 name is aroC
protocols.motifs.Motif: Res1 name is TYR
protocols.motifs.Motif: atom1 name is OOC
protocols.motifs.Motif: atom2 name is COO
protocols.motifs.Motif: atom3 name is OOC
protocols.motifs.Motif: Res1 name is GLN
protocols.motifs.Motif: atom1 name is aroC
protocols.motifs.Motif: atom2 name is S
protocols.motifs.Motif: atom3 name is aroC
protocols.motifs.Motif: Res1 name is TYR
protocols.motifs.Motif: atom1 name is OOC
protocols.motifs.Motif: atom2 name is COO
protocols.motifs.Motif: atom3 name is aroC
protocols.motifs.Motif: Res1 name is LYS
protocols.motifs.Motif: atom1 name is COO
protocols.motifs.Motif: atom2 name is CH1
protocols.motifs.Motif: atom3 name is aroC
core.pack.task: Packer task: initialize from command line() 
core.pack.task: Packer task: initialize from command line() 
core.pack.task: Packer task: initialize from command line() 
protocols.moves.MonteCarlo: MonteCarlo:: last_accepted_score,lowest_score: -1367.35 -1368.33
protocols.motifs.Motif: Res1 name is LEU
protocols.motifs.Motif: atom1 name is aroC
protocols.motifs.Motif: atom2 name is S
protocols.motifs.Motif: atom3 name is aroC
protocols.motifs.Motif: Res1 name is GLN
protocols.motifs.Motif: atom1 name is aroC
protocols.motifs.Motif: atom2 name is aroC
protocols.motifs.Motif: atom3 name is aroC
protocols.motifs.Motif: Res1 name is ASN
protocols.motifs.Motif: atom1 name is Nlys
protocols.motifs.Motif: atom2 name is CH1
protocols.motifs.Motif: atom3 name is aroC
core.pack.task: Packer task: initialize from command line() 
core.pack.task: Packer task: initialize from command line() 
core.pack.task: Packer task: initialize from command line() 
protocols.moves.MonteCarlo: MonteCarlo:: last_accepted_score,lowest_score: -1372.73 -1372.73
protocols.motifs.Motif: Res1 name is TYR
protocols.motifs.Motif: atom1 name is OOC
protocols.motifs.Motif: atom2 name is COO
protocols.motifs.Motif: atom3 name is aroC
protocols.motifs.Motif: Res1 name is LEU
protocols.motifs.Motif: atom1 name is aroC
protocols.motifs.Motif: atom2 name is aroC
protocols.motifs.Motif: atom3 name is aroC
protocols.motifs.Motif: Res1 name is LYS
protocols.motifs.Motif: atom1 name is COO
protocols.motifs.Motif: atom2 name is CH1
protocols.motifs.Motif: atom3 name is aroC
protocols.motifs.Motif: Res1 name is THR
protocols.motifs.Motif: atom1 name is OOC
protocols.motifs.Motif: atom2 name is S
protocols.motifs.Motif: atom3 name is aroC
core.pack.task: Packer task: initialize from command line() 
core.pack.task: Packer task: initialize from command line() 
core.pack.task: Packer task: initialize from command line() 
protocols.moves.MonteCarlo: MonteCarlo:: last_accepted_score,lowest_score: -1369.52 -1370.13
protocols.motifs.Motif: Res1 name is LEU
protocols.motifs.Motif: atom1 name is aroC
protocols.motifs.Motif: atom2 name is aroC
protocols.motifs.Motif: atom3 name is aroC
protocols.motifs.Motif: Res1 name is GLN
protocols.motifs.Motif: atom1 name is aroC
protocols.motifs.Motif: atom2 name is aroC
protocols.motifs.Motif: atom3 name is aroC
protocols.motifs.Motif: Res1 name is TYR
protocols.motifs.Motif: atom1 name is aroC
protocols.motifs.Motif: atom2 name is S
protocols.motifs.Motif: atom3 name is aroC
protocols.motifs.Motif: Res1 name is ASN
protocols.motifs.Motif: atom1 name is aroC
protocols.motifs.Motif: atom2 name is aroC
protocols.motifs.Motif: atom3 name is aroC
protocols.motifs.Motif: Res1 name is LEU
protocols.motifs.Motif: atom1 name is OOC
protocols.motifs.Motif: atom2 name is COO
protocols.motifs.Motif: atom3 name is OOC
core.pack.task: Packer task: initialize from command line() 
core.pack.task: Packer task: initialize from command line() 
core.pack.task: Packer task: initialize from command line() 
protocols.moves.MonteCarlo: MonteCarlo:: last_accepted_score,lowest_score: -1371.14 -1371.14
protocols.motifs.Motif: Res1 name is LYS
protocols.motifs.Motif: atom1 name is aroC
protocols.motifs.Motif: atom2 name is aroC
protocols.motifs.Motif: atom3 name is aroC
protocols.motifs.Motif: Res1 name is LEU
protocols.motifs.Motif: atom1 name is OOC
protocols.motifs.Motif: atom2 name is S
protocols.motifs.Motif: atom3 name is aroC
protocols.motifs.Motif: Res1 name is GLN
protocols.motifs.Motif: atom1 name is aroC
protocols.motifs.Motif: atom2 name is aroC
protocols.motifs.Motif: atom3 name is aroC
protocols.motifs.Motif: Res1 name is LEU
protocols.motifs.Motif: atom1 name is Nlys
protocols.motifs.Motif: atom2 name is CH1
protocols.motifs.Motif: atom3 name is aroC
protocols.motifs.Motif: Res1 name is LYS
protocols.motifs.Motif: atom1 name is OOC
protocols.motifs.Motif: atom2 name is COO
protocols.motifs.Motif: atom3 name is OOC
core.pack.task: Packer task: initialize from command line() 
core.pack.task: Packer task: initialize from command line() 
core.pack.task: Packer task: initialize from command line() 
protocols.moves.MonteCarlo: MonteCarlo:: last_accepted_score,lowest_score: -1369.5 -1369.5
protocols.motifs.Motif: Res1 name is LEU
protocols.motifs.Motif: atom1 name is OOC
protocols.motifs.Motif: atom2 name is COO
protocols.motifs.Motif: atom3 name is OOC
protocols.motifs.Motif: Res1 name is ARG
protocols.motifs.Motif: atom1 name is aroC
protocols.motifs.Motif: atom2 name is S
protocols.motifs.Motif: atom3 name is aroC
protocols.motifs.Motif: Res1 name is LEU
protocols.motifs.Motif: atom1 name is OOC
protocols.motifs.Motif: atom2 name is COO
protocols.motifs.Motif: atom3 name is OOC
protocols.motifs.Motif: Res1 name is ASN
protocols.motifs.Motif: atom1 name is OOC
protocols.motifs.Motif: atom2 name is S
protocols.motifs.Motif: atom3 name is aroC
core.pack.task: Packer task: initialize from command line() 
core.pack.task: Packer task: initialize from command line() 
core.pack.task: Packer task: initialize from command line() 
protocols.moves.MonteCarlo: MonteCarlo:: last_accepted_score,lowest_score: -1368.65 -1368.86
protocols.motifs.Motif: Res1 name is LEU
protocols.motifs.Motif: atom1 name is Nlys
protocols.motifs.Motif: atom2 name is CH1
protocols.motifs.Motif: atom3 name is aroC
protocols.motifs.Motif: Res1 name is GLN
protocols.motifs.Motif: atom1 name is OOC
protocols.motifs.Motif: atom2 name is S
protocols.motifs.Motif: atom3 name is aroC
core.pack.task: Packer task: initialize from command line() 
core.pack.task: Packer task: initialize from command line() 
core.pack.task: Packer task: initialize from command line() 
protocols.moves.MonteCarlo: MonteCarlo:: last_accepted_score,lowest_score: -1368.55 -1368.55
protocols.motifs.Motif: Res1 name is LYS
protocols.motifs.Motif: atom1 name is aroC
protocols.motifs.Motif: atom2 name is S
protocols.motifs.Motif: atom3 name is aroC
protocols.motifs.Motif: Res1 name is GLN
protocols.motifs.Motif: atom1 name is aroC
protocols.motifs.Motif: atom2 name is aroC
protocols.motifs.Motif: atom3 name is aroC
protocols.motifs.Motif: Res1 name is TYR
protocols.motifs.Motif: atom1 name is OOC
protocols.motifs.Motif: atom2 name is S
protocols.motifs.Motif: atom3 name is aroC
core.pack.task: Packer task: initialize from command line() 
core.pack.task: Packer task: initialize from command line() 
core.pack.task: Packer task: initialize from command line() 
protocols.moves.MonteCarlo: MonteCarlo:: last_accepted_score,lowest_score: -1370.46 -1370.57
protocols.motifs.Motif: Res1 name is LYS
protocols.motifs.Motif: atom1 name is Nlys
protocols.motifs.Motif: atom2 name is CH1
protocols.motifs.Motif: atom3 name is aroC
protocols.motifs.Motif: Res1 name is LEU
protocols.motifs.Motif: atom1 name is OOC
protocols.motifs.Motif: atom2 name is COO
protocols.motifs.Motif: atom3 name is OOC
protocols.motifs.Motif: Res1 name is GLN
protocols.motifs.Motif: atom1 name is Ntrp
protocols.motifs.Motif: atom2 name is aroC
protocols.motifs.Motif: atom3 name is aroC
protocols.motifs.Motif: Res1 name is LEU
protocols.motifs.Motif: atom1 name is aroC
protocols.motifs.Motif: atom2 name is aroC
protocols.motifs.Motif: atom3 name is aroC
protocols.motifs.Motif: Res1 name is ASN
protocols.motifs.Motif: atom1 name is aroC
protocols.motifs.Motif: atom2 name is S
protocols.motifs.Motif: atom3 name is aroC
core.pack.task: Packer task: initialize from command line() 
core.pack.task: Packer task: initialize from command line() 
core.pack.task: Packer task: initialize from command line() 
protocols.moves.MonteCarlo: MonteCarlo:: last_accepted_score,lowest_score: -1370.21 -1370.52
protocols.motifs.Motif: Res1 name is LEU
protocols.motifs.Motif: atom1 name is aroC
protocols.motifs.Motif: atom2 name is aroC
protocols.motifs.Motif: atom3 name is aroC
protocols.motifs.Motif: Res1 name is GLN
protocols.motifs.Motif: atom1 name is aroC
protocols.motifs.Motif: atom2 name is aroC
protocols.motifs.Motif: atom3 name is aroC
core.pack.task: Packer task: initialize from command line() 
core.pack.task: Packer task: initialize from command line() 
core.pack.task: Packer task: initialize from command line() 
protocols.moves.MonteCarlo: MonteCarlo:: last_accepted_score,lowest_score: -1373.18 -1373.18
protocols.motifs.Motif: Res1 name is LYS
protocols.motifs.Motif: atom1 name is OOC
protocols.motifs.Motif: atom2 name is COO
protocols.motifs.Motif: atom3 name is OOC
protocols.motifs.Motif: Res1 name is TYR
protocols.motifs.Motif: atom1 name is OOC
protocols.motifs.Motif: atom2 name is COO
protocols.motifs.Motif: atom3 name is aroC
protocols.motifs.Motif: Res1 name is LYS
protocols.motifs.Motif: atom1 name is OOC
protocols.motifs.Motif: atom2 name is COO
protocols.motifs.Motif: atom3 name is OOC
core.pack.task: Packer task: initialize from command line() 
core.pack.task: Packer task: initialize from command line() 
core.pack.task: Packer task: initialize from command line() 
protocols.moves.MonteCarlo: MonteCarlo:: last_accepted_score,lowest_score: -1373.55 -1373.55
protocols.motifs.Motif: Res1 name is LYS
protocols.motifs.Motif: atom1 name is aroC
protocols.motifs.Motif: atom2 name is aroC
protocols.motifs.Motif: atom3 name is aroC
protocols.motifs.Motif: Res1 name is TYR
protocols.motifs.Motif: atom1 name is OOC
protocols.motifs.Motif: atom2 name is COO
protocols.motifs.Motif: atom3 name is OOC
protocols.motifs.Motif: Res1 name is TYR
protocols.motifs.Motif: atom1 name is OOC
protocols.motifs.Motif: atom2 name is COO
protocols.motifs.Motif: atom3 name is aroC
protocols.motifs.Motif: Res1 name is LEU
protocols.motifs.Motif: atom1 name is Nlys
protocols.motifs.Motif: atom2 name is CH1
protocols.motifs.Motif: atom3 name is aroC
protocols.motifs.Motif: Res1 name is LYS
protocols.motifs.Motif: atom1 name is COO
protocols.motifs.Motif: atom2 name is CH1
protocols.motifs.Motif: atom3 name is aroC
core.pack.task: Packer task: initialize from command line() 
core.pack.task: Packer task: initialize from command line() 
core.pack.task: Packer task: initialize from command line() 
protocols.moves.MonteCarlo: MonteCarlo:: last_accepted_score,lowest_score: -1369.23 -1369.65
protocols.motifs.Motif: Res1 name is ASN
protocols.motifs.Motif: atom1 name is aroC
protocols.motifs.Motif: atom2 name is aroC
protocols.motifs.Motif: atom3 name is aroC
protocols.motifs.Motif: Res1 name is LEU
protocols.motifs.Motif: atom1 name is aroC
protocols.motifs.Motif: atom2 name is aroC
protocols.motifs.Motif: atom3 name is aroC
protocols.motifs.Motif: Res1 name is ASN
protocols.motifs.Motif: atom1 name is OOC
protocols.motifs.Motif: atom2 name is S
protocols.motifs.Motif: atom3 name is aroC
core.pack.task: Packer task: initialize from command line() 
core.pack.task: Packer task: initialize from command line() 
core.pack.task: Packer task: initialize from command line() 
protocols.moves.MonteCarlo: MonteCarlo:: last_accepted_score,lowest_score: -1370.71 -1370.81
protocols.motifs.Motif: Res1 name is ASN
protocols.motifs.Motif: atom1 name is OOC
protocols.motifs.Motif: atom2 name is COO
protocols.motifs.Motif: atom3 name is aroC
core.pack.task: Packer task: initialize from command line() 
core.pack.task: Packer task: initialize from command line() 
core.pack.task: Packer task: initialize from command line() 
protocols.moves.MonteCarlo: MonteCarlo:: last_accepted_score,lowest_score: -1370.54 -1371.45
protocols.motifs.Motif: Res1 name is LYS
protocols.motifs.Motif: atom1 name is aroC
protocols.motifs.Motif: atom2 name is aroC
protocols.motifs.Motif: atom3 name is aroC
protocols.motifs.Motif: Res1 name is LEU
protocols.motifs.Motif: atom1 name is Nlys
protocols.motifs.Motif: atom2 name is CH1
protocols.motifs.Motif: atom3 name is aroC
protocols.motifs.Motif: Res1 name is GLN
protocols.motifs.Motif: atom1 name is aroC
protocols.motifs.Motif: atom2 name is aroC
protocols.motifs.Motif: atom3 name is aroC
protocols.motifs.Motif: Res1 name is LEU
protocols.motifs.Motif: atom1 name is OOC
protocols.motifs.Motif: atom2 name is S
protocols.motifs.Motif: atom3 name is aroC
core.pack.task: Packer task: initialize from command line() 
core.pack.task: Packer task: initialize from command line() 
core.pack.task: Packer task: initialize from command line() 
protocols.moves.MonteCarlo: MonteCarlo:: last_accepted_score,lowest_score: -1370.98 -1371.17
protocols.motifs.Motif: Res1 name is GLN
protocols.motifs.Motif: atom1 name is OOC
protocols.motifs.Motif: atom2 name is COO
protocols.motifs.Motif: atom3 name is aroC
protocols.motifs.Motif: Res1 name is TYR
protocols.motifs.Motif: atom1 name is OOC
protocols.motifs.Motif: atom2 name is COO
protocols.motifs.Motif: atom3 name is aroC
protocols.motifs.Motif: Res1 name is LEU
protocols.motifs.Motif: atom1 name is OOC
protocols.motifs.Motif: atom2 name is COO
protocols.motifs.Motif: atom3 name is OOC
core.pack.task: Packer task: initialize from command line() 
core.pack.task: Packer task: initialize from command line() 
core.pack.task: Packer task: initialize from command line() 
protocols.moves.MonteCarlo: MonteCarlo:: last_accepted_score,lowest_score: -1372.4 -1372.56
protocols.motifs.Motif: Res1 name is ASN
protocols.motifs.Motif: atom1 name is OOC
protocols.motifs.Motif: atom2 name is S
protocols.motifs.Motif: atom3 name is aroC
protocols.motifs.Motif: Res1 name is LEU
protocols.motifs.Motif: atom1 name is aroC
protocols.motifs.Motif: atom2 name is aroC
protocols.motifs.Motif: atom3 name is aroC
protocols.motifs.Motif: Res1 name is LYS
protocols.motifs.Motif: atom1 name is OOC
protocols.motifs.Motif: atom2 name is COO
protocols.motifs.Motif: atom3 name is OOC
core.pack.task: Packer task: initialize from command line() 
core.pack.task: Packer task: initialize from command line() 
core.pack.task: Packer task: initialize from command line() 
protocols.moves.MonteCarlo: MonteCarlo:: last_accepted_score,lowest_score: -1370.84 -1370.84
protocols.motifs.Motif: Res1 name is GLN
protocols.motifs.Motif: atom1 name is OOC
protocols.motifs.Motif: atom2 name is S
protocols.motifs.Motif: atom3 name is aroC
protocols.motifs.Motif: Res1 name is TYR
protocols.motifs.Motif: atom1 name is aroC
protocols.motifs.Motif: atom2 name is S
protocols.motifs.Motif: atom3 name is aroC
core.pack.task: Packer task: initialize from command line() 
core.pack.task: Packer task: initialize from command line() 
core.pack.task: Packer task: initialize from command line() 
protocols.moves.MonteCarlo: MonteCarlo:: last_accepted_score,lowest_score: -1368.09 -1368.42
protocols.motifs.Motif: Res1 name is LEU
protocols.motifs.Motif: atom1 name is OOC
protocols.motifs.Motif: atom2 name is COO
protocols.motifs.Motif: atom3 name is OOC
protocols.motifs.Motif: Res1 name is GLN
protocols.motifs.Motif: atom1 name is aroC
protocols.motifs.Motif: atom2 name is aroC
protocols.motifs.Motif: atom3 name is aroC
protocols.motifs.Motif: Res1 name is TYR
protocols.motifs.Motif: atom1 name is OOC
protocols.motifs.Motif: atom2 name is COO
protocols.motifs.Motif: atom3 name is aroC
core.pack.task: Packer task: initialize from command line() 
core.pack.task: Packer task: initialize from command line() 
core.pack.task: Packer task: initialize from command line() 
protocols.moves.MonteCarlo: MonteCarlo:: last_accepted_score,lowest_score: -1371.57 -1371.57
protocols.motifs.Motif: Res1 name is LYS
protocols.motifs.Motif: atom1 name is OOC
protocols.motifs.Motif: atom2 name is COO
protocols.motifs.Motif: atom3 name is OOC
protocols.motifs.Motif: Res1 name is GLN
protocols.motifs.Motif: atom1 name is OOC
protocols.motifs.Motif: atom2 name is COO
protocols.motifs.Motif: atom3 name is aroC
protocols.motifs.Motif: Res1 name is LYS
protocols.motifs.Motif: atom1 name is OOC
protocols.motifs.Motif: atom2 name is COO
protocols.motifs.Motif: atom3 name is OOC
core.pack.task: Packer task: initialize from command line() 
core.pack.task: Packer task: initialize from command line() 
core.pack.task: Packer task: initialize from command line() 
protocols.moves.MonteCarlo: MonteCarlo:: last_accepted_score,lowest_score: -1372.33 -1372.33
protocols.motifs.Motif: Res1 name is TYR
protocols.motifs.Motif: atom1 name is OOC
protocols.motifs.Motif: atom2 name is COO
protocols.motifs.Motif: atom3 name is aroC
protocols.motifs.Motif: Res1 name is LEU
protocols.motifs.Motif: atom1 name is aroC
protocols.motifs.Motif: atom2 name is aroC
protocols.motifs.Motif: atom3 name is aroC
protocols.motifs.Motif: Res1 name is LYS
protocols.motifs.Motif: atom1 name is OOC
protocols.motifs.Motif: atom2 name is COO
protocols.motifs.Motif: atom3 name is OOC
protocols.motifs.Motif: Res1 name is THR
protocols.motifs.Motif: atom1 name is OOC
protocols.motifs.Motif: atom2 name is COO
protocols.motifs.Motif: atom3 name is OOC
core.pack.task: Packer task: initialize from command line() 
core.pack.task: Packer task: initialize from command line() 
core.pack.task: Packer task: initialize from command line() 
protocols.moves.MonteCarlo: MonteCarlo:: last_accepted_score,lowest_score: -1372.58 -1372.58
protocols.motifs.Motif: Res1 name is LYS
protocols.motifs.Motif: atom1 name is OOC
protocols.motifs.Motif: atom2 name is COO
protocols.motifs.Motif: atom3 name is OOC
protocols.motifs.Motif: Res1 name is TYR
protocols.motifs.Motif: atom1 name is OOC
protocols.motifs.Motif: atom2 name is COO
protocols.motifs.Motif: atom3 name is OOC
protocols.motifs.Motif: Res1 name is TYR
protocols.motifs.Motif: atom1 name is OOC
protocols.motifs.Motif: atom2 name is COO
protocols.motifs.Motif: atom3 name is aroC
protocols.motifs.Motif: Res1 name is LYS
protocols.motifs.Motif: atom1 name is Nlys
protocols.motifs.Motif: atom2 name is CH1
protocols.motifs.Motif: atom3 name is aroC
core.pack.task: Packer task: initialize from command line() 
core.pack.task: Packer task: initialize from command line() 
core.pack.task: Packer task: initialize from command line() 
protocols.moves.MonteCarlo: MonteCarlo:: last_accepted_score,lowest_score: -1369.05 -1369.05
protocols.motifs.Motif: Res1 name is LEU
protocols.motifs.Motif: atom1 name is Nlys
protocols.motifs.Motif: atom2 name is CH1
protocols.motifs.Motif: atom3 name is aroC
protocols.motifs.Motif: Res1 name is ASN
protocols.motifs.Motif: atom1 name is OOC
protocols.motifs.Motif: atom2 name is S
protocols.motifs.Motif: atom3 name is aroC
core.pack.task: Packer task: initialize from command line() 
core.pack.task: Packer task: initialize from command line() 
core.pack.task: Packer task: initialize from command line() 
protocols.moves.MonteCarlo: MonteCarlo:: last_accepted_score,lowest_score: -1371.75 -1371.75
protocols.motifs.Motif: Res1 name is LEU
protocols.motifs.Motif: atom1 name is aroC
protocols.motifs.Motif: atom2 name is aroC
protocols.motifs.Motif: atom3 name is aroC
protocols.motifs.Motif: Res1 name is ASN
protocols.motifs.Motif: atom1 name is aroC
protocols.motifs.Motif: atom2 name is aroC
protocols.motifs.Motif: atom3 name is aroC
protocols.motifs.Motif: Res1 name is LEU
protocols.motifs.Motif: atom1 name is OOC
protocols.motifs.Motif: atom2 name is COO
protocols.motifs.Motif: atom3 name is OOC
core.pack.task: Packer task: initialize from command line() 
core.pack.task: Packer task: initialize from command line() 
core.pack.task: Packer task: initialize from command line() 
protocols.moves.MonteCarlo: MonteCarlo:: last_accepted_score,lowest_score: -1370.71 -1370.71
protocols.motifs.Motif: Res1 name is LEU
protocols.motifs.Motif: atom1 name is aroC
protocols.motifs.Motif: atom2 name is aroC
protocols.motifs.Motif: atom3 name is aroC
protocols.motifs.Motif: Res1 name is GLN
protocols.motifs.Motif: atom1 name is Nlys
protocols.motifs.Motif: atom2 name is CH1
protocols.motifs.Motif: atom3 name is aroC
protocols.motifs.Motif: Res1 name is ASN
protocols.motifs.Motif: atom1 name is OOC
protocols.motifs.Motif: atom2 name is COO
protocols.motifs.Motif: atom3 name is aroC
core.pack.task: Packer task: initialize from command line() 
core.pack.task: Packer task: initialize from command line() 
core.pack.task: Packer task: initialize from command line() 
protocols.moves.MonteCarlo: MonteCarlo:: last_accepted_score,lowest_score: -1373.98 -1373.98
protocols.motifs.Motif: Res1 name is LYS
protocols.motifs.Motif: atom1 name is COO
protocols.motifs.Motif: atom2 name is CH1
protocols.motifs.Motif: atom3 name is aroC
protocols.motifs.Motif: Res1 name is GLN
protocols.motifs.Motif: atom1 name is OOC
protocols.motifs.Motif: atom2 name is COO
protocols.motifs.Motif: atom3 name is aroC
protocols.motifs.Motif: Res1 name is TYR
protocols.motifs.Motif: atom1 name is OOC
protocols.motifs.Motif: atom2 name is S
protocols.motifs.Motif: atom3 name is aroC
protocols.motifs.Motif: Res1 name is LYS
protocols.motifs.Motif: atom1 name is OOC
protocols.motifs.Motif: atom2 name is COO
protocols.motifs.Motif: atom3 name is OOC
core.pack.task: Packer task: initialize from command line() 
core.pack.task: Packer task: initialize from command line() 
core.pack.task: Packer task: initialize from command line() 
protocols.moves.MonteCarlo: MonteCarlo:: last_accepted_score,lowest_score: -1369.88 -1370.99
protocols.motifs.Motif: Res1 name is GLN
protocols.motifs.Motif: atom1 name is aroC
protocols.motifs.Motif: atom2 name is aroC
protocols.motifs.Motif: atom3 name is aroC
protocols.motifs.Motif: Res1 name is ASN
protocols.motifs.Motif: atom1 name is OOC
protocols.motifs.Motif: atom2 name is COO
protocols.motifs.Motif: atom3 name is aroC
core.pack.task: Packer task: initialize from command line() 
core.pack.task: Packer task: initialize from command line() 
core.pack.task: Packer task: initialize from command line() 
protocols.moves.MonteCarlo: MonteCarlo:: last_accepted_score,lowest_score: -1369.94 -1371.22
protocols.motifs.Motif: Res1 name is GLN
protocols.motifs.Motif: atom1 name is aroC
protocols.motifs.Motif: atom2 name is S
protocols.motifs.Motif: atom3 name is aroC
protocols.motifs.Motif: Res1 name is TYR
protocols.motifs.Motif: atom1 name is aroC
protocols.motifs.Motif: atom2 name is S
protocols.motifs.Motif: atom3 name is aroC
protocols.motifs.Motif: Res1 name is ASN
protocols.motifs.Motif: atom1 name is OOC
protocols.motifs.Motif: atom2 name is COO
protocols.motifs.Motif: atom3 name is OOC
protocols.motifs.Motif: Res1 name is LEU
protocols.motifs.Motif: atom1 name is aroC
protocols.motifs.Motif: atom2 name is aroC
protocols.motifs.Motif: atom3 name is aroC
core.pack.task: Packer task: initialize from command line() 
core.pack.task: Packer task: initialize from command line() 
core.pack.task: Packer task: initialize from command line() 
protocols.moves.MonteCarlo: MonteCarlo:: last_accepted_score,lowest_score: -1370.88 -1370.91
protocols.motifs.Motif: Res1 name is LEU
protocols.motifs.Motif: atom1 name is aroC
protocols.motifs.Motif: atom2 name is aroC
protocols.motifs.Motif: atom3 name is aroC
protocols.motifs.Motif: Res1 name is GLN
protocols.motifs.Motif: atom1 name is OOC
protocols.motifs.Motif: atom2 name is COO
protocols.motifs.Motif: atom3 name is aroC
protocols.motifs.Motif: Res1 name is TYR
protocols.motifs.Motif: atom1 name is OOC
protocols.motifs.Motif: atom2 name is COO
protocols.motifs.Motif: atom3 name is aroC
protocols.motifs.Motif: Res1 name is LEU
protocols.motifs.Motif: atom1 name is aroC
protocols.motifs.Motif: atom2 name is aroC
protocols.motifs.Motif: atom3 name is aroC
core.pack.task: Packer task: initialize from command line() 
core.pack.task: Packer task: initialize from command line() 
core.pack.task: Packer task: initialize from command line() 
protocols.moves.MonteCarlo: MonteCarlo:: last_accepted_score,lowest_score: -1371.13 -1371.13
protocols.motifs.Motif: Res1 name is LYS
protocols.motifs.Motif: atom1 name is OOC
protocols.motifs.Motif: atom2 name is COO
protocols.motifs.Motif: atom3 name is aroC
protocols.motifs.Motif: Res1 name is LEU
protocols.motifs.Motif: atom1 name is OOC
protocols.motifs.Motif: atom2 name is COO
protocols.motifs.Motif: atom3 name is aroC
protocols.motifs.Motif: Res1 name is GLN
protocols.motifs.Motif: atom1 name is aroC
protocols.motifs.Motif: atom2 name is aroC
protocols.motifs.Motif: atom3 name is aroC
protocols.motifs.Motif: Res1 name is TYR
protocols.motifs.Motif: atom1 name is aroC
protocols.motifs.Motif: atom2 name is S
protocols.motifs.Motif: atom3 name is aroC
protocols.motifs.Motif: Res1 name is ASN
protocols.motifs.Motif: atom1 name is COO
protocols.motifs.Motif: atom2 name is CH1
protocols.motifs.Motif: atom3 name is aroC
protocols.motifs.Motif: Res1 name is LEU
protocols.motifs.Motif: atom1 name is aroC
protocols.motifs.Motif: atom2 name is aroC
protocols.motifs.Motif: atom3 name is aroC
core.pack.task: Packer task: initialize from command line() 
core.pack.task: Packer task: initialize from command line() 
core.pack.task: Packer task: initialize from command line() 
protocols.moves.MonteCarlo: MonteCarlo:: last_accepted_score,lowest_score: -1368.34 -1368.44
protocols.motifs.Motif: Res1 name is LYS
protocols.motifs.Motif: atom1 name is OOC
protocols.motifs.Motif: atom2 name is COO
protocols.motifs.Motif: atom3 name is OOC
protocols.motifs.Motif: Res1 name is LEU
protocols.motifs.Motif: atom1 name is aroC
protocols.motifs.Motif: atom2 name is aroC
protocols.motifs.Motif: atom3 name is aroC
protocols.motifs.Motif: Res1 name is LEU
protocols.motifs.Motif: atom1 name is aroC
protocols.motifs.Motif: atom2 name is aroC
protocols.motifs.Motif: atom3 name is aroC
protocols.motifs.Motif: Res1 name is ASN
protocols.motifs.Motif: atom1 name is aroC
protocols.motifs.Motif: atom2 name is S
protocols.motifs.Motif: atom3 name is aroC
core.pack.task: Packer task: initialize from command line() 
core.pack.task: Packer task: initialize from command line() 
core.pack.task: Packer task: initialize from command line() 
protocols.moves.MonteCarlo: MonteCarlo:: last_accepted_score,lowest_score: -1368.69 -1368.69
protocols.motifs.Motif: Res1 name is GLN
protocols.motifs.Motif: atom1 name is aroC
protocols.motifs.Motif: atom2 name is aroC
protocols.motifs.Motif: atom3 name is aroC
protocols.motifs.Motif: Res1 name is TYR
protocols.motifs.Motif: atom1 name is OOC
protocols.motifs.Motif: atom2 name is COO
protocols.motifs.Motif: atom3 name is OOC
core.pack.task: Packer task: initialize from command line() 
core.pack.task: Packer task: initialize from command line() 
core.pack.task: Packer task: initialize from command line() 
protocols.moves.MonteCarlo: MonteCarlo:: last_accepted_score,lowest_score: -1373.52 -1373.67
protocols.motifs.Motif: Res1 name is LYS
protocols.motifs.Motif: atom1 name is aroC
protocols.motifs.Motif: atom2 name is aroC
protocols.motifs.Motif: atom3 name is aroC
protocols.motifs.Motif: Res1 name is GLN
protocols.motifs.Motif: atom1 name is OOC
protocols.motifs.Motif: atom2 name is COO
protocols.motifs.Motif: atom3 name is aroC
protocols.motifs.Motif: Res1 name is TYR
protocols.motifs.Motif: atom1 name is OOC
protocols.motifs.Motif: atom2 name is COO
protocols.motifs.Motif: atom3 name is aroC
protocols.motifs.Motif: Res1 name is LYS
protocols.motifs.Motif: atom1 name is OOC
protocols.motifs.Motif: atom2 name is COO
protocols.motifs.Motif: atom3 name is OOC
core.pack.task: Packer task: initialize from command line() 
core.pack.task: Packer task: initialize from command line() 
core.pack.task: Packer task: initialize from command line() 
protocols.moves.MonteCarlo: MonteCarlo:: last_accepted_score,lowest_score: -1371.11 -1371.21
protocols.motifs.Motif: Res1 name is LYS
protocols.motifs.Motif: atom1 name is COO
protocols.motifs.Motif: atom2 name is CH1
protocols.motifs.Motif: atom3 name is aroC
protocols.motifs.Motif: Res1 name is LEU
protocols.motifs.Motif: atom1 name is OOC
protocols.motifs.Motif: atom2 name is COO
protocols.motifs.Motif: atom3 name is OOC
protocols.motifs.Motif: Res1 name is GLN
protocols.motifs.Motif: atom1 name is Ntrp
protocols.motifs.Motif: atom2 name is aroC
protocols.motifs.Motif: atom3 name is aroC
protocols.motifs.Motif: Res1 name is TYR
protocols.motifs.Motif: atom1 name is OOC
protocols.motifs.Motif: atom2 name is S
protocols.motifs.Motif: atom3 name is aroC
protocols.motifs.Motif: Res1 name is LEU
protocols.motifs.Motif: atom1 name is OOC
protocols.motifs.Motif: atom2 name is COO
protocols.motifs.Motif: atom3 name is OOC
core.pack.task: Packer task: initialize from command line() 
core.pack.task: Packer task: initialize from command line() 
core.pack.task: Packer task: initialize from command line() 
protocols.moves.MonteCarlo: MonteCarlo:: last_accepted_score,lowest_score: -1296.98 -1296.98
protocols.motifs.Motif: Res1 name is LYS
protocols.motifs.Motif: atom1 name is OOC
protocols.motifs.Motif: atom2 name is COO
protocols.motifs.Motif: atom3 name is aroC
protocols.motifs.Motif: Res1 name is LEU
protocols.motifs.Motif: atom1 name is aroC
protocols.motifs.Motif: atom2 name is aroC
protocols.motifs.Motif: atom3 name is aroC
protocols.motifs.Motif: Res1 name is GLN
protocols.motifs.Motif: atom1 name is aroC
protocols.motifs.Motif: atom2 name is aroC
protocols.motifs.Motif: atom3 name is aroC
protocols.motifs.Motif: Res1 name is TYR
protocols.motifs.Motif: atom1 name is aroC
protocols.motifs.Motif: atom2 name is S
protocols.motifs.Motif: atom3 name is aroC
core.pack.task: Packer task: initialize from command line() 
core.pack.task: Packer task: initialize from command line() 
core.pack.task: Packer task: initialize from command line() 
protocols.moves.MonteCarlo: MonteCarlo:: last_accepted_score,lowest_score: -1369.55 -1369.69
protocols.motifs.Motif: Res1 name is LEU
protocols.motifs.Motif: atom1 name is aroC
protocols.motifs.Motif: atom2 name is aroC
protocols.motifs.Motif: atom3 name is aroC
protocols.motifs.Motif: Res1 name is GLN
protocols.motifs.Motif: atom1 name is aroC
protocols.motifs.Motif: atom2 name is aroC
protocols.motifs.Motif: atom3 name is aroC
protocols.motifs.Motif: Res1 name is TYR
protocols.motifs.Motif: atom1 name is OOC
protocols.motifs.Motif: atom2 name is COO
protocols.motifs.Motif: atom3 name is aroC
protocols.motifs.Motif: Res1 name is LEU
protocols.motifs.Motif: atom1 name is OOC
protocols.motifs.Motif: atom2 name is COO
protocols.motifs.Motif: atom3 name is OOC
core.pack.task: Packer task: initialize from command line() 
core.pack.task: Packer task: initialize from command line() 
core.pack.task: Packer task: initialize from command line() 
protocols.moves.MonteCarlo: MonteCarlo:: last_accepted_score,lowest_score: -1368.54 -1368.88
protocols.motifs.Motif: Res1 name is GLN
protocols.motifs.Motif: atom1 name is aroC
protocols.motifs.Motif: atom2 name is aroC
protocols.motifs.Motif: atom3 name is aroC
protocols.motifs.Motif: Res1 name is TYR
protocols.motifs.Motif: atom1 name is aroC
protocols.motifs.Motif: atom2 name is S
protocols.motifs.Motif: atom3 name is aroC
core.pack.task: Packer task: initialize from command line() 
core.pack.task: Packer task: initialize from command line() 
core.pack.task: Packer task: initialize from command line() 
protocols.moves.MonteCarlo: MonteCarlo:: last_accepted_score,lowest_score: -1368.72 -1368.72
protocols.motifs.Motif: Res1 name is GLN
protocols.motifs.Motif: atom1 name is aroC
protocols.motifs.Motif: atom2 name is aroC
protocols.motifs.Motif: atom3 name is aroC
protocols.motifs.Motif: Res1 name is TYR
protocols.motifs.Motif: atom1 name is OOC
protocols.motifs.Motif: atom2 name is COO
protocols.motifs.Motif: atom3 name is aroC
core.pack.task: Packer task: initialize from command line() 
core.pack.task: Packer task: initialize from command line() 
core.pack.task: Packer task: initialize from command line() 
protocols.moves.MonteCarlo: MonteCarlo:: last_accepted_score,lowest_score: -1370.93 -1371.04
protocols.motifs.Motif: Res1 name is LEU
protocols.motifs.Motif: atom1 name is aroC
protocols.motifs.Motif: atom2 name is aroC
protocols.motifs.Motif: atom3 name is aroC
protocols.motifs.Motif: Res1 name is GLN
protocols.motifs.Motif: atom1 name is OOC
protocols.motifs.Motif: atom2 name is S
protocols.motifs.Motif: atom3 name is aroC
protocols.motifs.Motif: Res1 name is TYR
protocols.motifs.Motif: atom1 name is aroC
protocols.motifs.Motif: atom2 name is S
protocols.motifs.Motif: atom3 name is aroC
core.pack.task: Packer task: initialize from command line() 
core.pack.task: Packer task: initialize from command line() 
core.pack.task: Packer task: initialize from command line() 
protocols.moves.MonteCarlo: MonteCarlo:: last_accepted_score,lowest_score: -1370.88 -1370.89
protocols.motifs.Motif: Res1 name is LEU
protocols.motifs.Motif: atom1 name is aroC
protocols.motifs.Motif: atom2 name is aroC
protocols.motifs.Motif: atom3 name is aroC
protocols.motifs.Motif: Res1 name is GLN
protocols.motifs.Motif: atom1 name is aroC
protocols.motifs.Motif: atom2 name is S
protocols.motifs.Motif: atom3 name is aroC
protocols.motifs.Motif: Res1 name is TYR
protocols.motifs.Motif: atom1 name is aroC
protocols.motifs.Motif: atom2 name is S
protocols.motifs.Motif: atom3 name is aroC
protocols.motifs.Motif: Res1 name is ASN
protocols.motifs.Motif: atom1 name is OOC
protocols.motifs.Motif: atom2 name is COO
protocols.motifs.Motif: atom3 name is OOC
protocols.motifs.Motif: Res1 name is LEU
protocols.motifs.Motif: atom1 name is OOC
protocols.motifs.Motif: atom2 name is COO
protocols.motifs.Motif: atom3 name is OOC
core.pack.task: Packer task: initialize from command line() 
core.pack.task: Packer task: initialize from command line() 
core.pack.task: Packer task: initialize from command line() 
protocols.moves.MonteCarlo: MonteCarlo:: last_accepted_score,lowest_score: -1370.33 -1370.33
protocols.motifs.Motif: Res1 name is LYS
protocols.motifs.Motif: atom1 name is OOC
protocols.motifs.Motif: atom2 name is COO
protocols.motifs.Motif: atom3 name is OOC
protocols.motifs.Motif: Res1 name is LEU
protocols.motifs.Motif: atom1 name is OOC
protocols.motifs.Motif: atom2 name is COO
protocols.motifs.Motif: atom3 name is OOC
protocols.motifs.Motif: Res1 name is GLN
protocols.motifs.Motif: atom1 name is OOC
protocols.motifs.Motif: atom2 name is COO
protocols.motifs.Motif: atom3 name is OOC
protocols.motifs.Motif: Res1 name is ASN
protocols.motifs.Motif: atom1 name is aroC
protocols.motifs.Motif: atom2 name is S
protocols.motifs.Motif: atom3 name is aroC
protocols.motifs.Motif: Res1 name is LEU
protocols.motifs.Motif: atom1 name is aroC
protocols.motifs.Motif: atom2 name is aroC
protocols.motifs.Motif: atom3 name is aroC
protocols.motifs.Motif: Res1 name is ASN
protocols.motifs.Motif: atom1 name is OOC
protocols.motifs.Motif: atom2 name is S
protocols.motifs.Motif: atom3 name is aroC
core.pack.task: Packer task: initialize from command line() 
core.pack.task: Packer task: initialize from command line() 
core.pack.task: Packer task: initialize from command line() 
protocols.moves.MonteCarlo: MonteCarlo:: last_accepted_score,lowest_score: -1369.65 -1369.77
protocols.motifs.Motif: Res1 name is GLN
protocols.motifs.Motif: atom1 name is aroC
protocols.motifs.Motif: atom2 name is aroC
protocols.motifs.Motif: atom3 name is aroC
protocols.motifs.Motif: Res1 name is TYR
protocols.motifs.Motif: atom1 name is aroC
protocols.motifs.Motif: atom2 name is S
protocols.motifs.Motif: atom3 name is aroC
protocols.motifs.Motif: Res1 name is ASN
protocols.motifs.Motif: atom1 name is OOC
protocols.motifs.Motif: atom2 name is COO
protocols.motifs.Motif: atom3 name is OOC
protocols.motifs.Motif: Res1 name is LEU
protocols.motifs.Motif: atom1 name is aroC
protocols.motifs.Motif: atom2 name is aroC
protocols.motifs.Motif: atom3 name is aroC
core.pack.task: Packer task: initialize from command line() 
core.pack.task: Packer task: initialize from command line() 
core.pack.task: Packer task: initialize from command line() 
protocols.moves.MonteCarlo: MonteCarlo:: last_accepted_score,lowest_score: -1370.09 -1370.09
protocols.motifs.Motif: Res1 name is LYS
protocols.motifs.Motif: atom1 name is OOC
protocols.motifs.Motif: atom2 name is COO
protocols.motifs.Motif: atom3 name is OOC
protocols.motifs.Motif: Res1 name is GLN
protocols.motifs.Motif: atom1 name is aroC
protocols.motifs.Motif: atom2 name is aroC
protocols.motifs.Motif: atom3 name is aroC
core.pack.task: Packer task: initialize from command line() 
core.pack.task: Packer task: initialize from command line() 
core.pack.task: Packer task: initialize from command line() 
protocols.moves.MonteCarlo: MonteCarlo:: last_accepted_score,lowest_score: -1369.25 -1369.41
protocols.motifs.Motif: Res1 name is LYS
protocols.motifs.Motif: atom1 name is aroC
protocols.motifs.Motif: atom2 name is S
protocols.motifs.Motif: atom3 name is aroC
protocols.motifs.Motif: Res1 name is GLN
protocols.motifs.Motif: atom1 name is OOC
protocols.motifs.Motif: atom2 name is S
protocols.motifs.Motif: atom3 name is aroC
protocols.motifs.Motif: Res1 name is TYR
protocols.motifs.Motif: atom1 name is OOC
protocols.motifs.Motif: atom2 name is S
protocols.motifs.Motif: atom3 name is aroC
core.pack.task: Packer task: initialize from command line() 
core.pack.task: Packer task: initialize from command line() 
core.pack.task: Packer task: initialize from command line() 
protocols.moves.MonteCarlo: MonteCarlo:: last_accepted_score,lowest_score: -1368.63 -1368.63
protocols.motifs.Motif: Res1 name is LEU
protocols.motifs.Motif: atom1 name is aroC
protocols.motifs.Motif: atom2 name is aroC
protocols.motifs.Motif: atom3 name is aroC
protocols.motifs.Motif: Res1 name is GLN
protocols.motifs.Motif: atom1 name is aroC
protocols.motifs.Motif: atom2 name is aroC
protocols.motifs.Motif: atom3 name is aroC
protocols.motifs.Motif: Res1 name is TYR
protocols.motifs.Motif: atom1 name is aroC
protocols.motifs.Motif: atom2 name is S
protocols.motifs.Motif: atom3 name is aroC
core.pack.task: Packer task: initialize from command line() 
core.pack.task: Packer task: initialize from command line() 
core.pack.task: Packer task: initialize from command line() 
protocols.moves.MonteCarlo: MonteCarlo:: last_accepted_score,lowest_score: -1369.3 -1370.66
protocols.motifs.Motif: Res1 name is LEU
protocols.motifs.Motif: atom1 name is aroC
protocols.motifs.Motif: atom2 name is aroC
protocols.motifs.Motif: atom3 name is aroC
protocols.motifs.Motif: Res1 name is GLN
protocols.motifs.Motif: atom1 name is aroC
protocols.motifs.Motif: atom2 name is aroC
protocols.motifs.Motif: atom3 name is aroC
protocols.motifs.Motif: Res1 name is TYR
protocols.motifs.Motif: atom1 name is aroC
protocols.motifs.Motif: atom2 name is S
protocols.motifs.Motif: atom3 name is aroC
protocols.motifs.Motif: Res1 name is ASN
protocols.motifs.Motif: atom1 name is aroC
protocols.motifs.Motif: atom2 name is aroC
protocols.motifs.Motif: atom3 name is aroC
protocols.motifs.Motif: Res1 name is LEU
protocols.motifs.Motif: atom1 name is OOC
protocols.motifs.Motif: atom2 name is COO
protocols.motifs.Motif: atom3 name is OOC
core.pack.task: Packer task: initialize from command line() 
core.pack.task: Packer task: initialize from command line() 
core.pack.task: Packer task: initialize from command line() 
protocols.moves.MonteCarlo: MonteCarlo:: last_accepted_score,lowest_score: -1369.57 -1369.87
protocols.motifs.Motif: Res1 name is LEU
protocols.motifs.Motif: atom1 name is OOC
protocols.motifs.Motif: atom2 name is COO
protocols.motifs.Motif: atom3 name is aroC
protocols.motifs.Motif: Res1 name is GLN
protocols.motifs.Motif: atom1 name is OOC
protocols.motifs.Motif: atom2 name is COO
protocols.motifs.Motif: atom3 name is aroC
core.pack.task: Packer task: initialize from command line() 
core.pack.task: Packer task: initialize from command line() 
core.pack.task: Packer task: initialize from command line() 
protocols.moves.MonteCarlo: MonteCarlo:: last_accepted_score,lowest_score: -1371.26 -1371.69
protocols.motifs.Motif: Res1 name is LYS
protocols.motifs.Motif: atom1 name is aroC
protocols.motifs.Motif: atom2 name is S
protocols.motifs.Motif: atom3 name is aroC
protocols.motifs.Motif: Res1 name is LYS
protocols.motifs.Motif: atom1 name is OOC
protocols.motifs.Motif: atom2 name is COO
protocols.motifs.Motif: atom3 name is aroC
core.pack.task: Packer task: initialize from command line() 
core.pack.task: Packer task: initialize from command line() 
core.pack.task: Packer task: initialize from command line() 
protocols.moves.MonteCarlo: MonteCarlo:: last_accepted_score,lowest_score: -1368.92 -1369.63
protocols.motifs.Motif: Res1 name is LEU
protocols.motifs.Motif: atom1 name is aroC
protocols.motifs.Motif: atom2 name is aroC
protocols.motifs.Motif: atom3 name is aroC
protocols.motifs.Motif: Res1 name is GLN
protocols.motifs.Motif: atom1 name is aroC
protocols.motifs.Motif: atom2 name is aroC
protocols.motifs.Motif: atom3 name is aroC
protocols.motifs.Motif: Res1 name is ASN
protocols.motifs.Motif: atom1 name is aroC
protocols.motifs.Motif: atom2 name is aroC
protocols.motifs.Motif: atom3 name is aroC
protocols.motifs.Motif: Res1 name is LEU
protocols.motifs.Motif: atom1 name is aroC
protocols.motifs.Motif: atom2 name is aroC
protocols.motifs.Motif: atom3 name is aroC
core.pack.task: Packer task: initialize from command line() 
core.pack.task: Packer task: initialize from command line() 
core.pack.task: Packer task: initialize from command line() 
protocols.moves.MonteCarlo: MonteCarlo:: last_accepted_score,lowest_score: -1371.56 -1371.56
protocols.motifs.Motif: Res1 name is TYR
protocols.motifs.Motif: atom1 name is aroC
protocols.motifs.Motif: atom2 name is S
protocols.motifs.Motif: atom3 name is aroC
protocols.motifs.Motif: Res1 name is ASN
protocols.motifs.Motif: atom1 name is OOC
protocols.motifs.Motif: atom2 name is COO
protocols.motifs.Motif: atom3 name is OOC
protocols.motifs.Motif: Res1 name is THR
protocols.motifs.Motif: atom1 name is OOC
protocols.motifs.Motif: atom2 name is S
protocols.motifs.Motif: atom3 name is aroC
core.pack.task: Packer task: initialize from command line() 
core.pack.task: Packer task: initialize from command line() 
core.pack.task: Packer task: initialize from command line() 
protocols.moves.MonteCarlo: MonteCarlo:: last_accepted_score,lowest_score: -1369.09 -1369.85
protocols.motifs.Motif: Res1 name is LEU
protocols.motifs.Motif: atom1 name is OOC
protocols.motifs.Motif: atom2 name is COO
protocols.motifs.Motif: atom3 name is aroC
protocols.motifs.Motif: Res1 name is GLN
protocols.motifs.Motif: atom1 name is OOC
protocols.motifs.Motif: atom2 name is COO
protocols.motifs.Motif: atom3 name is aroC
protocols.motifs.Motif: Res1 name is ASN
protocols.motifs.Motif: atom1 name is aroC
protocols.motifs.Motif: atom2 name is aroC
protocols.motifs.Motif: atom3 name is aroC
protocols.motifs.Motif: Res1 name is LEU
protocols.motifs.Motif: atom1 name is aroC
protocols.motifs.Motif: atom2 name is aroC
protocols.motifs.Motif: atom3 name is aroC
core.pack.task: Packer task: initialize from command line() 
core.pack.task: Packer task: initialize from command line() 
core.pack.task: Packer task: initialize from command line() 
protocols.moves.MonteCarlo: MonteCarlo:: last_accepted_score,lowest_score: -1368.89 -1369.18
protocols.motifs.Motif: Res1 name is LYS
protocols.motifs.Motif: atom1 name is aroC
protocols.motifs.Motif: atom2 name is aroC
protocols.motifs.Motif: atom3 name is aroC
protocols.motifs.Motif: Res1 name is LEU
protocols.motifs.Motif: atom1 name is aroC
protocols.motifs.Motif: atom2 name is S
protocols.motifs.Motif: atom3 name is aroC
protocols.motifs.Motif: Res1 name is GLN
protocols.motifs.Motif: atom1 name is aroC
protocols.motifs.Motif: atom2 name is aroC
protocols.motifs.Motif: atom3 name is aroC
protocols.motifs.Motif: Res1 name is LEU
protocols.motifs.Motif: atom1 name is OOC
protocols.motifs.Motif: atom2 name is COO
protocols.motifs.Motif: atom3 name is aroC
core.pack.task: Packer task: initialize from command line() 
core.pack.task: Packer task: initialize from command line() 
core.pack.task: Packer task: initialize from command line() 
protocols.moves.MonteCarlo: MonteCarlo:: last_accepted_score,lowest_score: -1299.6 -1299.6
protocols.motifs.Motif: Res1 name is LYS
protocols.motifs.Motif: atom1 name is OOC
protocols.motifs.Motif: atom2 name is COO
protocols.motifs.Motif: atom3 name is aroC
protocols.motifs.Motif: Res1 name is LEU
protocols.motifs.Motif: atom1 name is aroC
protocols.motifs.Motif: atom2 name is aroC
protocols.motifs.Motif: atom3 name is aroC
protocols.motifs.Motif: Res1 name is GLN
protocols.motifs.Motif: atom1 name is OOC
protocols.motifs.Motif: atom2 name is S
protocols.motifs.Motif: atom3 name is aroC
protocols.motifs.Motif: Res1 name is ALA
protocols.motifs.Motif: atom1 name is OOC
protocols.motifs.Motif: atom2 name is COO
protocols.motifs.Motif: atom3 name is aroC
protocols.motifs.Motif: Res1 name is TYR
protocols.motifs.Motif: atom1 name is aroC
protocols.motifs.Motif: atom2 name is aroC
protocols.motifs.Motif: atom3 name is aroC
core.pack.task: Packer task: initialize from command line() 
core.pack.task: Packer task: initialize from command line() 
core.pack.task: Packer task: initialize from command line() 
protocols.moves.MonteCarlo: MonteCarlo:: last_accepted_score,lowest_score: -1369.94 -1369.94
protocols.motifs.Motif: Res1 name is GLN
protocols.motifs.Motif: atom1 name is aroC
protocols.motifs.Motif: atom2 name is S
protocols.motifs.Motif: atom3 name is aroC
protocols.motifs.Motif: Res1 name is ASN
protocols.motifs.Motif: atom1 name is Nlys
protocols.motifs.Motif: atom2 name is CH1
protocols.motifs.Motif: atom3 name is aroC
protocols.motifs.Motif: Res1 name is LEU
protocols.motifs.Motif: atom1 name is Nlys
protocols.motifs.Motif: atom2 name is CH1
protocols.motifs.Motif: atom3 name is aroC
protocols.motifs.Motif: Res1 name is LYS
protocols.motifs.Motif: atom1 name is OOC
protocols.motifs.Motif: atom2 name is COO
protocols.motifs.Motif: atom3 name is OOC
core.pack.task: Packer task: initialize from command line() 
core.pack.task: Packer task: initialize from command line() 
core.pack.task: Packer task: initialize from command line() 
protocols.moves.MonteCarlo: MonteCarlo:: last_accepted_score,lowest_score: -1370.05 -1370.41
protocols.motifs.Motif: Res1 name is GLN
protocols.motifs.Motif: atom1 name is aroC
protocols.motifs.Motif: atom2 name is S
protocols.motifs.Motif: atom3 name is aroC
protocols.motifs.Motif: Res1 name is TYR
protocols.motifs.Motif: atom1 name is aroC
protocols.motifs.Motif: atom2 name is S
protocols.motifs.Motif: atom3 name is aroC
protocols.motifs.Motif: Res1 name is ASN
protocols.motifs.Motif: atom1 name is OOC
protocols.motifs.Motif: atom2 name is COO
protocols.motifs.Motif: atom3 name is OOC
core.pack.task: Packer task: initialize from command line() 
core.pack.task: Packer task: initialize from command line() 
core.pack.task: Packer task: initialize from command line() 
protocols.moves.MonteCarlo: MonteCarlo:: last_accepted_score,lowest_score: -1371.36 -1371.71
protocols.motifs.Motif: Res1 name is LYS
protocols.motifs.Motif: atom1 name is OOC
protocols.motifs.Motif: atom2 name is S
protocols.motifs.Motif: atom3 name is aroC
protocols.motifs.Motif: Res1 name is LEU
protocols.motifs.Motif: atom1 name is aroC
protocols.motifs.Motif: atom2 name is aroC
protocols.motifs.Motif: atom3 name is aroC
protocols.motifs.Motif: Res1 name is GLN
protocols.motifs.Motif: atom1 name is Nlys
protocols.motifs.Motif: atom2 name is CH1
protocols.motifs.Motif: atom3 name is aroC
protocols.motifs.Motif: Res1 name is LEU
protocols.motifs.Motif: atom1 name is aroC
protocols.motifs.Motif: atom2 name is aroC
protocols.motifs.Motif: atom3 name is aroC
protocols.motifs.Motif: Res1 name is LYS
protocols.motifs.Motif: atom1 name is aroC
protocols.motifs.Motif: atom2 name is S
protocols.motifs.Motif: atom3 name is aroC
core.pack.task: Packer task: initialize from command line() 
core.pack.task: Packer task: initialize from command line() 
core.pack.task: Packer task: initialize from command line() 
protocols.moves.MonteCarlo: MonteCarlo:: last_accepted_score,lowest_score: -1369.97 -1369.97
protocols.motifs.Motif: Res1 name is LYS
protocols.motifs.Motif: atom1 name is OOC
protocols.motifs.Motif: atom2 name is COO
protocols.motifs.Motif: atom3 name is OOC
protocols.motifs.Motif: Res1 name is LEU
protocols.motifs.Motif: atom1 name is OOC
protocols.motifs.Motif: atom2 name is COO
protocols.motifs.Motif: atom3 name is aroC
protocols.motifs.Motif: Res1 name is GLN
protocols.motifs.Motif: atom1 name is OOC
protocols.motifs.Motif: atom2 name is COO
protocols.motifs.Motif: atom3 name is aroC
core.pack.task: Packer task: initialize from command line() 
core.pack.task: Packer task: initialize from command line() 
core.pack.task: Packer task: initialize from command line() 
protocols.moves.MonteCarlo: MonteCarlo:: last_accepted_score,lowest_score: -1370.34 -1370.34
protocols.motifs.Motif: Res1 name is GLN
protocols.motifs.Motif: atom1 name is OOC
protocols.motifs.Motif: atom2 name is COO
protocols.motifs.Motif: atom3 name is aroC
core.pack.task: Packer task: initialize from command line() 
core.pack.task: Packer task: initialize from command line() 
core.pack.task: Packer task: initialize from command line() 
protocols.moves.MonteCarlo: MonteCarlo:: last_accepted_score,lowest_score: -1369.45 -1369.9
protocols.motifs.Motif: Res1 name is LEU
protocols.motifs.Motif: atom1 name is OOC
protocols.motifs.Motif: atom2 name is COO
protocols.motifs.Motif: atom3 name is OOC
protocols.motifs.Motif: Res1 name is GLN
protocols.motifs.Motif: atom1 name is OOC
protocols.motifs.Motif: atom2 name is COO
protocols.motifs.Motif: atom3 name is aroC
protocols.motifs.Motif: Res1 name is TYR
protocols.motifs.Motif: atom1 name is OOC
protocols.motifs.Motif: atom2 name is S
protocols.motifs.Motif: atom3 name is aroC
core.pack.task: Packer task: initialize from command line() 
core.pack.task: Packer task: initialize from command line() 
core.pack.task: Packer task: initialize from command line() 
protocols.moves.MonteCarlo: MonteCarlo:: last_accepted_score,lowest_score: -1372.33 -1374.36
protocols.motifs.Motif: Res1 name is LYS
protocols.motifs.Motif: atom1 name is OOC
protocols.motifs.Motif: atom2 name is S
protocols.motifs.Motif: atom3 name is aroC
protocols.motifs.Motif: Res1 name is GLN
protocols.motifs.Motif: atom1 name is Nlys
protocols.motifs.Motif: atom2 name is CH1
protocols.motifs.Motif: atom3 name is aroC
protocols.motifs.Motif: Res1 name is TYR
protocols.motifs.Motif: atom1 name is Nlys
protocols.motifs.Motif: atom2 name is CH1
protocols.motifs.Motif: atom3 name is aroC
protocols.motifs.Motif: Res1 name is LEU
protocols.motifs.Motif: atom1 name is aroC
protocols.motifs.Motif: atom2 name is S
protocols.motifs.Motif: atom3 name is aroC
protocols.motifs.Motif: Res1 name is LYS
protocols.motifs.Motif: atom1 name is OOC
protocols.motifs.Motif: atom2 name is S
protocols.motifs.Motif: atom3 name is aroC
protocols.motifs.Motif: Res1 name is THR
protocols.motifs.Motif: atom1 name is OOC
protocols.motifs.Motif: atom2 name is COO
protocols.motifs.Motif: atom3 name is aroC
core.pack.task: Packer task: initialize from command line() 
core.pack.task: Packer task: initialize from command line() 
core.pack.task: Packer task: initialize from command line() 
protocols.moves.MonteCarlo: MonteCarlo:: last_accepted_score,lowest_score: -1369.82 -1370.11
protocols.motifs.Motif: Res1 name is LYS
protocols.motifs.Motif: atom1 name is aroC
protocols.motifs.Motif: atom2 name is S
protocols.motifs.Motif: atom3 name is aroC
protocols.motifs.Motif: Res1 name is LEU
protocols.motifs.Motif: atom1 name is aroC
protocols.motifs.Motif: atom2 name is aroC
protocols.motifs.Motif: atom3 name is aroC
protocols.motifs.Motif: Res1 name is GLN
protocols.motifs.Motif: atom1 name is OOC
protocols.motifs.Motif: atom2 name is S
protocols.motifs.Motif: atom3 name is aroC
protocols.motifs.Motif: Res1 name is TYR
protocols.motifs.Motif: atom1 name is OOC
protocols.motifs.Motif: atom2 name is S
protocols.motifs.Motif: atom3 name is aroC
core.pack.task: Packer task: initialize from command line() 
core.pack.task: Packer task: initialize from command line() 
core.pack.task: Packer task: initialize from command line() 
protocols.moves.MonteCarlo: MonteCarlo:: last_accepted_score,lowest_score: -1373.62 -1373.98
protocols.motifs.Motif: Res1 name is LYS
protocols.motifs.Motif: atom1 name is OOC
protocols.motifs.Motif: atom2 name is COO
protocols.motifs.Motif: atom3 name is OOC
protocols.motifs.Motif: Res1 name is LEU
protocols.motifs.Motif: atom1 name is aroC
protocols.motifs.Motif: atom2 name is aroC
protocols.motifs.Motif: atom3 name is aroC
protocols.motifs.Motif: Res1 name is TYR
protocols.motifs.Motif: atom1 name is OOC
protocols.motifs.Motif: atom2 name is COO
protocols.motifs.Motif: atom3 name is aroC
protocols.motifs.Motif: Res1 name is LYS
protocols.motifs.Motif: atom1 name is Nlys
protocols.motifs.Motif: atom2 name is CH1
protocols.motifs.Motif: atom3 name is aroC
core.pack.task: Packer task: initialize from command line() 
core.pack.task: Packer task: initialize from command line() 
core.pack.task: Packer task: initialize from command line() 
protocols.moves.MonteCarlo: MonteCarlo:: last_accepted_score,lowest_score: -1368.19 -1368.19
protocols.motifs.Motif: Res1 name is GLN
protocols.motifs.Motif: atom1 name is aroC
protocols.motifs.Motif: atom2 name is S
protocols.motifs.Motif: atom3 name is aroC
protocols.motifs.Motif: Res1 name is TYR
protocols.motifs.Motif: atom1 name is aroC
protocols.motifs.Motif: atom2 name is S
protocols.motifs.Motif: atom3 name is aroC
core.pack.task: Packer task: initialize from command line() 
core.pack.task: Packer task: initialize from command line() 
core.pack.task: Packer task: initialize from command line() 
protocols.moves.MonteCarlo: MonteCarlo:: last_accepted_score,lowest_score: -1372.75 -1372.76
protocols.motifs.Motif: Res1 name is TYR
protocols.motifs.Motif: atom1 name is OOC
protocols.motifs.Motif: atom2 name is COO
protocols.motifs.Motif: atom3 name is aroC
protocols.motifs.Motif: Res1 name is LEU
protocols.motifs.Motif: atom1 name is Nlys
protocols.motifs.Motif: atom2 name is CH1
protocols.motifs.Motif: atom3 name is aroC
protocols.motifs.Motif: Res1 name is LYS
protocols.motifs.Motif: atom1 name is COO
protocols.motifs.Motif: atom2 name is CH1
protocols.motifs.Motif: atom3 name is aroC
core.pack.task: Packer task: initialize from command line() 
core.pack.task: Packer task: initialize from command line() 
core.pack.task: Packer task: initialize from command line() 
protocols.moves.MonteCarlo: MonteCarlo:: last_accepted_score,lowest_score: -1371.15 -1371.15
protocols.motifs.Motif: Res1 name is LYS
protocols.motifs.Motif: atom1 name is aroC
protocols.motifs.Motif: atom2 name is S
protocols.motifs.Motif: atom3 name is aroC
protocols.motifs.Motif: Res1 name is LEU
protocols.motifs.Motif: atom1 name is OOC
protocols.motifs.Motif: atom2 name is COO
protocols.motifs.Motif: atom3 name is aroC
protocols.motifs.Motif: Res1 name is GLN
protocols.motifs.Motif: atom1 name is aroC
protocols.motifs.Motif: atom2 name is S
protocols.motifs.Motif: atom3 name is aroC
protocols.motifs.Motif: Res1 name is TYR
protocols.motifs.Motif: atom1 name is aroC
protocols.motifs.Motif: atom2 name is S
protocols.motifs.Motif: atom3 name is aroC
core.pack.task: Packer task: initialize from command line() 
core.pack.task: Packer task: initialize from command line() 
core.pack.task: Packer task: initialize from command line() 
protocols.moves.MonteCarlo: MonteCarlo:: last_accepted_score,lowest_score: -1368.76 -1368.8
protocols.motifs.Motif: Res1 name is LYS
protocols.motifs.Motif: atom1 name is OOC
protocols.motifs.Motif: atom2 name is COO
protocols.motifs.Motif: atom3 name is aroC
protocols.motifs.Motif: Res1 name is GLN
protocols.motifs.Motif: atom1 name is aroC
protocols.motifs.Motif: atom2 name is S
protocols.motifs.Motif: atom3 name is aroC
protocols.motifs.Motif: Res1 name is TYR
protocols.motifs.Motif: atom1 name is aroC
protocols.motifs.Motif: atom2 name is S
protocols.motifs.Motif: atom3 name is aroC
core.pack.task: Packer task: initialize from command line() 
core.pack.task: Packer task: initialize from command line() 
core.pack.task: Packer task: initialize from command line() 
protocols.moves.MonteCarlo: MonteCarlo:: last_accepted_score,lowest_score: -1369.92 -1370.21
protocols.motifs.Motif: Res1 name is LEU
protocols.motifs.Motif: atom1 name is aroC
protocols.motifs.Motif: atom2 name is aroC
protocols.motifs.Motif: atom3 name is aroC
protocols.motifs.Motif: Res1 name is GLN
protocols.motifs.Motif: atom1 name is OOC
protocols.motifs.Motif: atom2 name is COO
protocols.motifs.Motif: atom3 name is aroC
protocols.motifs.Motif: Res1 name is TYR
protocols.motifs.Motif: atom1 name is aroC
protocols.motifs.Motif: atom2 name is S
protocols.motifs.Motif: atom3 name is aroC
protocols.motifs.Motif: Res1 name is ASN
protocols.motifs.Motif: atom1 name is COO
protocols.motifs.Motif: atom2 name is CH1
protocols.motifs.Motif: atom3 name is aroC
protocols.motifs.Motif: Res1 name is LEU
protocols.motifs.Motif: atom1 name is OOC
protocols.motifs.Motif: atom2 name is COO
protocols.motifs.Motif: atom3 name is OOC
core.pack.task: Packer task: initialize from command line() 
core.pack.task: Packer task: initialize from command line() 
core.pack.task: Packer task: initialize from command line() 
protocols.moves.MonteCarlo: MonteCarlo:: last_accepted_score,lowest_score: -1371.53 -1371.53
protocols.motifs.Motif: Res1 name is LYS
protocols.motifs.Motif: atom1 name is OOC
protocols.motifs.Motif: atom2 name is COO
protocols.motifs.Motif: atom3 name is OOC
protocols.motifs.Motif: Res1 name is GLN
protocols.motifs.Motif: atom1 name is aroC
protocols.motifs.Motif: atom2 name is aroC
protocols.motifs.Motif: atom3 name is aroC
protocols.motifs.Motif: Res1 name is TYR
protocols.motifs.Motif: atom1 name is OOC
protocols.motifs.Motif: atom2 name is COO
protocols.motifs.Motif: atom3 name is aroC
protocols.motifs.Motif: Res1 name is LYS
protocols.motifs.Motif: atom1 name is COO
protocols.motifs.Motif: atom2 name is CH1
protocols.motifs.Motif: atom3 name is aroC
core.pack.task: Packer task: initialize from command line() 
core.pack.task: Packer task: initialize from command line() 
core.pack.task: Packer task: initialize from command line() 
protocols.moves.MonteCarlo: MonteCarlo:: last_accepted_score,lowest_score: -1370.6 -1370.92
protocols.motifs.Motif: Res1 name is LYS
protocols.motifs.Motif: atom1 name is OOC
protocols.motifs.Motif: atom2 name is COO
protocols.motifs.Motif: atom3 name is aroC
protocols.motifs.Motif: Res1 name is LEU
protocols.motifs.Motif: atom1 name is OOC
protocols.motifs.Motif: atom2 name is COO
protocols.motifs.Motif: atom3 name is aroC
protocols.motifs.Motif: Res1 name is GLN
protocols.motifs.Motif: atom1 name is aroC
protocols.motifs.Motif: atom2 name is aroC
protocols.motifs.Motif: atom3 name is aroC
protocols.motifs.Motif: Res1 name is TYR
protocols.motifs.Motif: atom1 name is aroC
protocols.motifs.Motif: atom2 name is S
protocols.motifs.Motif: atom3 name is aroC
protocols.motifs.Motif: Res1 name is ASN
protocols.motifs.Motif: atom1 name is aroC
protocols.motifs.Motif: atom2 name is aroC
protocols.motifs.Motif: atom3 name is aroC
protocols.motifs.Motif: Res1 name is LEU
protocols.motifs.Motif: atom1 name is aroC
protocols.motifs.Motif: atom2 name is aroC
protocols.motifs.Motif: atom3 name is aroC
core.pack.task: Packer task: initialize from command line() 
core.pack.task: Packer task: initialize from command line() 
core.pack.task: Packer task: initialize from command line() 
protocols.moves.MonteCarlo: MonteCarlo:: last_accepted_score,lowest_score: -1371.38 -1371.38
protocols.motifs.Motif: Res1 name is GLN
protocols.motifs.Motif: atom1 name is aroC
protocols.motifs.Motif: atom2 name is S
protocols.motifs.Motif: atom3 name is aroC
protocols.motifs.Motif: Res1 name is TYR
protocols.motifs.Motif: atom1 name is OOC
protocols.motifs.Motif: atom2 name is COO
protocols.motifs.Motif: atom3 name is aroC
protocols.motifs.Motif: Res1 name is LEU
protocols.motifs.Motif: atom1 name is aroC
protocols.motifs.Motif: atom2 name is aroC
protocols.motifs.Motif: atom3 name is aroC
protocols.motifs.Motif: Res1 name is LYS
protocols.motifs.Motif: atom1 name is OOC
protocols.motifs.Motif: atom2 name is COO
protocols.motifs.Motif: atom3 name is OOC
core.pack.task: Packer task: initialize from command line() 
core.pack.task: Packer task: initialize from command line() 
core.pack.task: Packer task: initialize from command line() 
protocols.moves.MonteCarlo: MonteCarlo:: last_accepted_score,lowest_score: -1370.99 -1370.99
protocols.motifs.Motif: Res1 name is LYS
protocols.motifs.Motif: atom1 name is COO
protocols.motifs.Motif: atom2 name is CH1
protocols.motifs.Motif: atom3 name is aroC
protocols.motifs.Motif: Res1 name is LEU
protocols.motifs.Motif: atom1 name is OOC
protocols.motifs.Motif: atom2 name is COO
protocols.motifs.Motif: atom3 name is OOC
protocols.motifs.Motif: Res1 name is GLN
protocols.motifs.Motif: atom1 name is Ntrp
protocols.motifs.Motif: atom2 name is aroC
protocols.motifs.Motif: atom3 name is aroC
protocols.motifs.Motif: Res1 name is LEU
protocols.motifs.Motif: atom1 name is aroC
protocols.motifs.Motif: atom2 name is aroC
protocols.motifs.Motif: atom3 name is aroC
core.pack.task: Packer task: initialize from command line() 
core.pack.task: Packer task: initialize from command line() 
core.pack.task: Packer task: initialize from command line() 
protocols.moves.MonteCarlo: MonteCarlo:: last_accepted_score,lowest_score: -1370.09 -1370.09
protocols.motifs.Motif: Res1 name is LYS
protocols.motifs.Motif: atom1 name is OOC
protocols.motifs.Motif: atom2 name is COO
protocols.motifs.Motif: atom3 name is OOC
protocols.motifs.Motif: Res1 name is LEU
protocols.motifs.Motif: atom1 name is OOC
protocols.motifs.Motif: atom2 name is COO
protocols.motifs.Motif: atom3 name is OOC
protocols.motifs.Motif: Res1 name is GLN
protocols.motifs.Motif: atom1 name is OOC
protocols.motifs.Motif: atom2 name is COO
protocols.motifs.Motif: atom3 name is OOC
protocols.motifs.Motif: Res1 name is TYR
protocols.motifs.Motif: atom1 name is OOC
protocols.motifs.Motif: atom2 name is COO
protocols.motifs.Motif: atom3 name is OOC
protocols.motifs.Motif: Res1 name is ASN
protocols.motifs.Motif: atom1 name is aroC
protocols.motifs.Motif: atom2 name is S
protocols.motifs.Motif: atom3 name is aroC
protocols.motifs.Motif: Res1 name is ASN
protocols.motifs.Motif: atom1 name is aroC
protocols.motifs.Motif: atom2 name is aroC
protocols.motifs.Motif: atom3 name is aroC
core.pack.task: Packer task: initialize from command line() 
core.pack.task: Packer task: initialize from command line() 
core.pack.task: Packer task: initialize from command line() 
protocols.moves.MonteCarlo: MonteCarlo:: last_accepted_score,lowest_score: -1370.91 -1370.91
protocols.motifs.Motif: Res1 name is LEU
protocols.motifs.Motif: atom1 name is OOC
protocols.motifs.Motif: atom2 name is COO
protocols.motifs.Motif: atom3 name is aroC
protocols.motifs.Motif: Res1 name is GLN
protocols.motifs.Motif: atom1 name is OOC
protocols.motifs.Motif: atom2 name is COO
protocols.motifs.Motif: atom3 name is aroC
protocols.motifs.Motif: Res1 name is TYR
protocols.motifs.Motif: atom1 name is OOC
protocols.motifs.Motif: atom2 name is COO
protocols.motifs.Motif: atom3 name is aroC
protocols.motifs.Motif: Res1 name is LEU
protocols.motifs.Motif: atom1 name is aroC
protocols.motifs.Motif: atom2 name is aroC
protocols.motifs.Motif: atom3 name is aroC
core.pack.task: Packer task: initialize from command line() 
core.pack.task: Packer task: initialize from command line() 
core.pack.task: Packer task: initialize from command line() 
protocols.moves.MonteCarlo: MonteCarlo:: last_accepted_score,lowest_score: -1372.27 -1372.4
protocols.motifs.Motif: Res1 name is LYS
protocols.motifs.Motif: atom1 name is OOC
protocols.motifs.Motif: atom2 name is COO
protocols.motifs.Motif: atom3 name is aroC
protocols.motifs.Motif: Res1 name is LEU
protocols.motifs.Motif: atom1 name is aroC
protocols.motifs.Motif: atom2 name is aroC
protocols.motifs.Motif: atom3 name is aroC
protocols.motifs.Motif: Res1 name is ASN
protocols.motifs.Motif: atom1 name is aroC
protocols.motifs.Motif: atom2 name is aroC
protocols.motifs.Motif: atom3 name is aroC
protocols.motifs.Motif: Res1 name is LEU
protocols.motifs.Motif: atom1 name is OOC
protocols.motifs.Motif: atom2 name is COO
protocols.motifs.Motif: atom3 name is OOC
core.pack.task: Packer task: initialize from command line() 
core.pack.task: Packer task: initialize from command line() 
core.pack.task: Packer task: initialize from command line() 
protocols.moves.MonteCarlo: MonteCarlo:: last_accepted_score,lowest_score: -1371.62 -1372.14
protocols.motifs.Motif: Res1 name is LYS
protocols.motifs.Motif: atom1 name is aroC
protocols.motifs.Motif: atom2 name is S
protocols.motifs.Motif: atom3 name is aroC
protocols.motifs.Motif: Res1 name is ASN
protocols.motifs.Motif: atom1 name is OOC
protocols.motifs.Motif: atom2 name is COO
protocols.motifs.Motif: atom3 name is aroC
core.pack.task: Packer task: initialize from command line() 
core.pack.task: Packer task: initialize from command line() 
core.pack.task: Packer task: initialize from command line() 
protocols.moves.MonteCarlo: MonteCarlo:: last_accepted_score,lowest_score: -1373.86 -1373.99
protocols.motifs.Motif: Res1 name is LYS
protocols.motifs.Motif: atom1 name is OOC
protocols.motifs.Motif: atom2 name is COO
protocols.motifs.Motif: atom3 name is OOC
protocols.motifs.Motif: Res1 name is TYR
protocols.motifs.Motif: atom1 name is OOC
protocols.motifs.Motif: atom2 name is COO
protocols.motifs.Motif: atom3 name is OOC
protocols.motifs.Motif: Res1 name is LEU
protocols.motifs.Motif: atom1 name is Nlys
protocols.motifs.Motif: atom2 name is CH1
protocols.motifs.Motif: atom3 name is aroC
protocols.motifs.Motif: Res1 name is LYS
protocols.motifs.Motif: atom1 name is aroC
protocols.motifs.Motif: atom2 name is aroC
protocols.motifs.Motif: atom3 name is aroC
core.pack.task: Packer task: initialize from command line() 
core.pack.task: Packer task: initialize from command line() 
core.pack.task: Packer task: initialize from command line() 
protocols.moves.MonteCarlo: MonteCarlo:: last_accepted_score,lowest_score: -1368.86 -1368.86
protocols.motifs.Motif: Res1 name is GLN
protocols.motifs.Motif: atom1 name is aroC
protocols.motifs.Motif: atom2 name is aroC
protocols.motifs.Motif: atom3 name is aroC
protocols.motifs.Motif: Res1 name is TYR
protocols.motifs.Motif: atom1 name is OOC
protocols.motifs.Motif: atom2 name is COO
protocols.motifs.Motif: atom3 name is aroC
protocols.motifs.Motif: Res1 name is ASN
protocols.motifs.Motif: atom1 name is OOC
protocols.motifs.Motif: atom2 name is COO
protocols.motifs.Motif: atom3 name is OOC
core.pack.task: Packer task: initialize from command line() 
core.pack.task: Packer task: initialize from command line() 
core.pack.task: Packer task: initialize from command line() 
protocols.moves.MonteCarlo: MonteCarlo:: last_accepted_score,lowest_score: -1368.27 -1369.03
protocols.motifs.Motif: Res1 name is ASN
protocols.motifs.Motif: atom1 name is OOC
protocols.motifs.Motif: atom2 name is S
protocols.motifs.Motif: atom3 name is aroC
protocols.motifs.Motif: Res1 name is LEU
protocols.motifs.Motif: atom1 name is aroC
protocols.motifs.Motif: atom2 name is aroC
protocols.motifs.Motif: atom3 name is aroC
core.pack.task: Packer task: initialize from command line() 
core.pack.task: Packer task: initialize from command line() 
core.pack.task: Packer task: initialize from command line() 
protocols.moves.MonteCarlo: MonteCarlo:: last_accepted_score,lowest_score: -1369.72 -1370.18
protocols.motifs.Motif: Res1 name is LYS
protocols.motifs.Motif: atom1 name is COO
protocols.motifs.Motif: atom2 name is CH1
protocols.motifs.Motif: atom3 name is aroC
protocols.motifs.Motif: Res1 name is GLN
protocols.motifs.Motif: atom1 name is OOC
protocols.motifs.Motif: atom2 name is COO
protocols.motifs.Motif: atom3 name is aroC
protocols.motifs.Motif: Res1 name is LEU
protocols.motifs.Motif: atom1 name is aroC
protocols.motifs.Motif: atom2 name is aroC
protocols.motifs.Motif: atom3 name is aroC
protocols.motifs.Motif: Res1 name is LYS
protocols.motifs.Motif: atom1 name is OOC
protocols.motifs.Motif: atom2 name is COO
protocols.motifs.Motif: atom3 name is OOC
core.pack.task: Packer task: initialize from command line() 
core.pack.task: Packer task: initialize from command line() 
core.pack.task: Packer task: initialize from command line() 
protocols.moves.MonteCarlo: MonteCarlo:: last_accepted_score,lowest_score: -1370.72 -1370.72
protocols.motifs.Motif: Res1 name is LYS
protocols.motifs.Motif: atom1 name is OOC
protocols.motifs.Motif: atom2 name is COO
protocols.motifs.Motif: atom3 name is aroC
protocols.motifs.Motif: Res1 name is LEU
protocols.motifs.Motif: atom1 name is OOC
protocols.motifs.Motif: atom2 name is COO
protocols.motifs.Motif: atom3 name is aroC
protocols.motifs.Motif: Res1 name is GLN
protocols.motifs.Motif: atom1 name is aroC
protocols.motifs.Motif: atom2 name is aroC
protocols.motifs.Motif: atom3 name is aroC
protocols.motifs.Motif: Res1 name is TYR
protocols.motifs.Motif: atom1 name is aroC
protocols.motifs.Motif: atom2 name is S
protocols.motifs.Motif: atom3 name is aroC
protocols.motifs.Motif: Res1 name is ASN
protocols.motifs.Motif: atom1 name is aroC
protocols.motifs.Motif: atom2 name is aroC
protocols.motifs.Motif: atom3 name is aroC
protocols.motifs.Motif: Res1 name is LEU
protocols.motifs.Motif: atom1 name is aroC
protocols.motifs.Motif: atom2 name is aroC
protocols.motifs.Motif: atom3 name is aroC
core.pack.task: Packer task: initialize from command line() 
core.pack.task: Packer task: initialize from command line() 
core.pack.task: Packer task: initialize from command line() 
protocols.moves.MonteCarlo: MonteCarlo:: last_accepted_score,lowest_score: -1370.97 -1370.97
protocols.motifs.Motif: Res1 name is LYS
protocols.motifs.Motif: atom1 name is aroC
protocols.motifs.Motif: atom2 name is S
protocols.motifs.Motif: atom3 name is aroC
protocols.motifs.Motif: Res1 name is LEU
protocols.motifs.Motif: atom1 name is OOC
protocols.motifs.Motif: atom2 name is COO
protocols.motifs.Motif: atom3 name is aroC
protocols.motifs.Motif: Res1 name is GLN
protocols.motifs.Motif: atom1 name is aroC
protocols.motifs.Motif: atom2 name is aroC
protocols.motifs.Motif: atom3 name is aroC
protocols.motifs.Motif: Res1 name is LEU
protocols.motifs.Motif: atom1 name is OOC
protocols.motifs.Motif: atom2 name is COO
protocols.motifs.Motif: atom3 name is aroC
core.pack.task: Packer task: initialize from command line() 
core.pack.task: Packer task: initialize from command line() 
core.pack.task: Packer task: initialize from command line() 
protocols.moves.MonteCarlo: MonteCarlo:: last_accepted_score,lowest_score: -1371.03 -1371.03
protocols.motifs.Motif: Res1 name is LYS
protocols.motifs.Motif: atom1 name is OOC
protocols.motifs.Motif: atom2 name is COO
protocols.motifs.Motif: atom3 name is OOC
protocols.motifs.Motif: Res1 name is GLN
protocols.motifs.Motif: atom1 name is OOC
protocols.motifs.Motif: atom2 name is COO
protocols.motifs.Motif: atom3 name is OOC
protocols.motifs.Motif: Res1 name is TYR
protocols.motifs.Motif: atom1 name is OOC
protocols.motifs.Motif: atom2 name is COO
protocols.motifs.Motif: atom3 name is OOC
protocols.motifs.Motif: Res1 name is ASN
protocols.motifs.Motif: atom1 name is OOC
protocols.motifs.Motif: atom2 name is S
protocols.motifs.Motif: atom3 name is aroC
core.pack.task: Packer task: initialize from command line() 
core.pack.task: Packer task: initialize from command line() 
core.pack.task: Packer task: initialize from command line() 
protocols.moves.MonteCarlo: MonteCarlo:: last_accepted_score,lowest_score: -1370.82 -1370.82
protocols.motifs.Motif: Res1 name is GLN
protocols.motifs.Motif: atom1 name is aroC
protocols.motifs.Motif: atom2 name is aroC
protocols.motifs.Motif: atom3 name is aroC
protocols.motifs.Motif: Res1 name is TYR
protocols.motifs.Motif: atom1 name is aroC
protocols.motifs.Motif: atom2 name is S
protocols.motifs.Motif: atom3 name is aroC
core.pack.task: Packer task: initialize from command line() 
core.pack.task: Packer task: initialize from command line() 
core.pack.task: Packer task: initialize from command line() 
protocols.moves.MonteCarlo: MonteCarlo:: last_accepted_score,lowest_score: -1369.84 -1369.84
protocols.motifs.Motif: Res1 name is LEU
protocols.motifs.Motif: atom1 name is aroC
protocols.motifs.Motif: atom2 name is aroC
protocols.motifs.Motif: atom3 name is aroC
protocols.motifs.Motif: Res1 name is LEU
protocols.motifs.Motif: atom1 name is OOC
protocols.motifs.Motif: atom2 name is COO
protocols.motifs.Motif: atom3 name is OOC
core.pack.task: Packer task: initialize from command line() 
core.pack.task: Packer task: initialize from command line() 
core.pack.task: Packer task: initialize from command line() 
protocols.moves.MonteCarlo: MonteCarlo:: last_accepted_score,lowest_score: -1369.48 -1369.6
protocols.motifs.Motif: Res1 name is LYS
protocols.motifs.Motif: atom1 name is OOC
protocols.motifs.Motif: atom2 name is COO
protocols.motifs.Motif: atom3 name is aroC
protocols.motifs.Motif: Res1 name is LEU
protocols.motifs.Motif: atom1 name is OOC
protocols.motifs.Motif: atom2 name is COO
protocols.motifs.Motif: atom3 name is aroC
protocols.motifs.Motif: Res1 name is GLN
protocols.motifs.Motif: atom1 name is aroC
protocols.motifs.Motif: atom2 name is aroC
protocols.motifs.Motif: atom3 name is aroC
protocols.motifs.Motif: Res1 name is LEU
protocols.motifs.Motif: atom1 name is OOC
protocols.motifs.Motif: atom2 name is COO
protocols.motifs.Motif: atom3 name is aroC
core.pack.task: Packer task: initialize from command line() 
core.pack.task: Packer task: initialize from command line() 
core.pack.task: Packer task: initialize from command line() 
protocols.moves.MonteCarlo: MonteCarlo:: last_accepted_score,lowest_score: -1375.41 -1376.33
protocols.motifs.Motif: Res1 name is LYS
protocols.motifs.Motif: atom1 name is aroC
protocols.motifs.Motif: atom2 name is aroC
protocols.motifs.Motif: atom3 name is aroC
protocols.motifs.Motif: Res1 name is LEU
protocols.motifs.Motif: atom1 name is aroC
protocols.motifs.Motif: atom2 name is aroC
protocols.motifs.Motif: atom3 name is aroC
protocols.motifs.Motif: Res1 name is GLN
protocols.motifs.Motif: atom1 name is OOC
protocols.motifs.Motif: atom2 name is COO
protocols.motifs.Motif: atom3 name is OOC
protocols.motifs.Motif: Res1 name is ALA
protocols.motifs.Motif: atom1 name is Nlys
protocols.motifs.Motif: atom2 name is CH1
protocols.motifs.Motif: atom3 name is aroC
protocols.motifs.Motif: Res1 name is TYR
protocols.motifs.Motif: atom1 name is OOC
protocols.motifs.Motif: atom2 name is S
protocols.motifs.Motif: atom3 name is aroC
core.pack.task: Packer task: initialize from command line() 
core.pack.task: Packer task: initialize from command line() 
core.pack.task: Packer task: initialize from command line() 
protocols.moves.MonteCarlo: MonteCarlo:: last_accepted_score,lowest_score: -1369.29 -1369.62
protocols.motifs.Motif: Res1 name is LYS
protocols.motifs.Motif: atom1 name is OOC
protocols.motifs.Motif: atom2 name is COO
protocols.motifs.Motif: atom3 name is OOC
protocols.motifs.Motif: Res1 name is LEU
protocols.motifs.Motif: atom1 name is aroC
protocols.motifs.Motif: atom2 name is aroC
protocols.motifs.Motif: atom3 name is aroC
protocols.motifs.Motif: Res1 name is GLN
protocols.motifs.Motif: atom1 name is aroC
protocols.motifs.Motif: atom2 name is aroC
protocols.motifs.Motif: atom3 name is aroC
protocols.motifs.Motif: Res1 name is LYS
protocols.motifs.Motif: atom1 name is OOC
protocols.motifs.Motif: atom2 name is COO
protocols.motifs.Motif: atom3 name is OOC
core.pack.task: Packer task: initialize from command line() 
core.pack.task: Packer task: initialize from command line() 
core.pack.task: Packer task: initialize from command line() 
protocols.moves.MonteCarlo: MonteCarlo:: last_accepted_score,lowest_score: -1369.92 -1370.78
protocols.motifs.Motif: Res1 name is LYS
protocols.motifs.Motif: atom1 name is OOC
protocols.motifs.Motif: atom2 name is COO
protocols.motifs.Motif: atom3 name is OOC
protocols.motifs.Motif: Res1 name is LEU
protocols.motifs.Motif: atom1 name is aroC
protocols.motifs.Motif: atom2 name is S
protocols.motifs.Motif: atom3 name is aroC
protocols.motifs.Motif: Res1 name is GLN
protocols.motifs.Motif: atom1 name is aroC
protocols.motifs.Motif: atom2 name is aroC
protocols.motifs.Motif: atom3 name is aroC
core.pack.task: Packer task: initialize from command line() 
core.pack.task: Packer task: initialize from command line() 
core.pack.task: Packer task: initialize from command line() 
protocols.moves.MonteCarlo: MonteCarlo:: last_accepted_score,lowest_score: -1370.79 -1371.33
protocols.motifs.Motif: Res1 name is LYS
protocols.motifs.Motif: atom1 name is aroC
protocols.motifs.Motif: atom2 name is aroC
protocols.motifs.Motif: atom3 name is aroC
protocols.motifs.Motif: Res1 name is TYR
protocols.motifs.Motif: atom1 name is OOC
protocols.motifs.Motif: atom2 name is COO
protocols.motifs.Motif: atom3 name is OOC
protocols.motifs.Motif: Res1 name is TYR
protocols.motifs.Motif: atom1 name is OOC
protocols.motifs.Motif: atom2 name is COO
protocols.motifs.Motif: atom3 name is aroC
protocols.motifs.Motif: Res1 name is LEU
protocols.motifs.Motif: atom1 name is aroC
protocols.motifs.Motif: atom2 name is aroC
protocols.motifs.Motif: atom3 name is aroC
protocols.motifs.Motif: Res1 name is LYS
protocols.motifs.Motif: atom1 name is Nlys
protocols.motifs.Motif: atom2 name is CH1
protocols.motifs.Motif: atom3 name is aroC
core.pack.task: Packer task: initialize from command line() 
core.pack.task: Packer task: initialize from command line() 
core.pack.task: Packer task: initialize from command line() 
protocols.moves.MonteCarlo: MonteCarlo:: last_accepted_score,lowest_score: -1372.67 -1373.05
protocols.motifs.Motif: Res1 name is LYS
protocols.motifs.Motif: atom1 name is COO
protocols.motifs.Motif: atom2 name is CH1
protocols.motifs.Motif: atom3 name is aroC
protocols.motifs.Motif: Res1 name is LEU
protocols.motifs.Motif: atom1 name is aroC
protocols.motifs.Motif: atom2 name is aroC
protocols.motifs.Motif: atom3 name is aroC
protocols.motifs.Motif: Res1 name is GLN
protocols.motifs.Motif: atom1 name is aroC
protocols.motifs.Motif: atom2 name is aroC
protocols.motifs.Motif: atom3 name is aroC
protocols.motifs.Motif: Res1 name is TYR
protocols.motifs.Motif: atom1 name is OOC
protocols.motifs.Motif: atom2 name is S
protocols.motifs.Motif: atom3 name is aroC
protocols.motifs.Motif: Res1 name is LEU
protocols.motifs.Motif: atom1 name is aroC
protocols.motifs.Motif: atom2 name is aroC
protocols.motifs.Motif: atom3 name is aroC
core.pack.task: Packer task: initialize from command line() 
core.pack.task: Packer task: initialize from command line() 
core.pack.task: Packer task: initialize from command line() 
protocols.moves.MonteCarlo: MonteCarlo:: last_accepted_score,lowest_score: -1369.47 -1369.47
protocols.motifs.Motif: Res1 name is LYS
protocols.motifs.Motif: atom1 name is COO
protocols.motifs.Motif: atom2 name is CH1
protocols.motifs.Motif: atom3 name is aroC
protocols.motifs.Motif: Res1 name is LEU
protocols.motifs.Motif: atom1 name is OOC
protocols.motifs.Motif: atom2 name is COO
protocols.motifs.Motif: atom3 name is OOC
protocols.motifs.Motif: Res1 name is LEU
protocols.motifs.Motif: atom1 name is aroC
protocols.motifs.Motif: atom2 name is aroC
protocols.motifs.Motif: atom3 name is aroC
protocols.motifs.Motif: Res1 name is ASN
protocols.motifs.Motif: atom1 name is aroC
protocols.motifs.Motif: atom2 name is S
protocols.motifs.Motif: atom3 name is aroC
core.pack.task: Packer task: initialize from command line() 
core.pack.task: Packer task: initialize from command line() 
core.pack.task: Packer task: initialize from command line() 
protocols.moves.MonteCarlo: MonteCarlo:: last_accepted_score,lowest_score: -1376.15 -1376.15
protocols.motifs.Motif: Res1 name is LYS
protocols.motifs.Motif: atom1 name is OOC
protocols.motifs.Motif: atom2 name is S
protocols.motifs.Motif: atom3 name is aroC
protocols.motifs.Motif: Res1 name is LEU
protocols.motifs.Motif: atom1 name is OOC
protocols.motifs.Motif: atom2 name is COO
protocols.motifs.Motif: atom3 name is aroC
protocols.motifs.Motif: Res1 name is GLN
protocols.motifs.Motif: atom1 name is aroC
protocols.motifs.Motif: atom2 name is S
protocols.motifs.Motif: atom3 name is aroC
protocols.motifs.Motif: Res1 name is TYR
protocols.motifs.Motif: atom1 name is aroC
protocols.motifs.Motif: atom2 name is S
protocols.motifs.Motif: atom3 name is aroC
protocols.motifs.Motif: Res1 name is ASN
protocols.motifs.Motif: atom1 name is OOC
protocols.motifs.Motif: atom2 name is COO
protocols.motifs.Motif: atom3 name is OOC
protocols.motifs.Motif: Res1 name is ASN
protocols.motifs.Motif: atom1 name is OOC
protocols.motifs.Motif: atom2 name is COO
protocols.motifs.Motif: atom3 name is OOC
protocols.motifs.Motif: Res1 name is ASN
protocols.motifs.Motif: atom1 name is OOC
protocols.motifs.Motif: atom2 name is COO
protocols.motifs.Motif: atom3 name is OOC
protocols.motifs.Motif: Res1 name is ARG
protocols.motifs.Motif: atom1 name is OOC
protocols.motifs.Motif: atom2 name is COO
protocols.motifs.Motif: atom3 name is OOC
core.pack.task: Packer task: initialize from command line() 
core.pack.task: Packer task: initialize from command line() 
core.pack.task: Packer task: initialize from command line() 
protocols.moves.MonteCarlo: MonteCarlo:: last_accepted_score,lowest_score: -1338.61 -1338.61
protocols.motifs.Motif: Res1 name is LEU
protocols.motifs.Motif: atom1 name is Nlys
protocols.motifs.Motif: atom2 name is CH1
protocols.motifs.Motif: atom3 name is aroC
protocols.motifs.Motif: Res1 name is GLN
protocols.motifs.Motif: atom1 name is OOC
protocols.motifs.Motif: atom2 name is S
protocols.motifs.Motif: atom3 name is aroC
protocols.motifs.Motif: Res1 name is TYR
protocols.motifs.Motif: atom1 name is aroC
protocols.motifs.Motif: atom2 name is S
protocols.motifs.Motif: atom3 name is aroC
core.pack.task: Packer task: initialize from command line() 
core.pack.task: Packer task: initialize from command line() 
core.pack.task: Packer task: initialize from command line() 
protocols.moves.MonteCarlo: MonteCarlo:: last_accepted_score,lowest_score: -1369.99 -1370.34
protocols.motifs.Motif: Res1 name is GLN
protocols.motifs.Motif: atom1 name is OOC
protocols.motifs.Motif: atom2 name is S
protocols.motifs.Motif: atom3 name is aroC
protocols.motifs.Motif: Res1 name is TYR
protocols.motifs.Motif: atom1 name is aroC
protocols.motifs.Motif: atom2 name is S
protocols.motifs.Motif: atom3 name is aroC
core.pack.task: Packer task: initialize from command line() 
core.pack.task: Packer task: initialize from command line() 
core.pack.task: Packer task: initialize from command line() 
protocols.moves.MonteCarlo: MonteCarlo:: last_accepted_score,lowest_score: -1300.99 -1300.99
protocols.motifs.Motif: Res1 name is LEU
protocols.motifs.Motif: atom1 name is aroC
protocols.motifs.Motif: atom2 name is aroC
protocols.motifs.Motif: atom3 name is aroC
protocols.motifs.Motif: Res1 name is GLN
protocols.motifs.Motif: atom1 name is aroC
protocols.motifs.Motif: atom2 name is aroC
protocols.motifs.Motif: atom3 name is aroC
protocols.motifs.Motif: Res1 name is ASN
protocols.motifs.Motif: atom1 name is OOC
protocols.motifs.Motif: atom2 name is COO
protocols.motifs.Motif: atom3 name is aroC
protocols.motifs.Motif: Res1 name is ASN
protocols.motifs.Motif: atom1 name is OOC
protocols.motifs.Motif: atom2 name is S
protocols.motifs.Motif: atom3 name is aroC
protocols.motifs.Motif: Res1 name is ASN
protocols.motifs.Motif: atom1 name is OOC
protocols.motifs.Motif: atom2 name is COO
protocols.motifs.Motif: atom3 name is aroC
core.pack.task: Packer task: initialize from command line() 
core.pack.task: Packer task: initialize from command line() 
core.pack.task: Packer task: initialize from command line() 
protocols.moves.MonteCarlo: MonteCarlo:: last_accepted_score,lowest_score: -1370.14 -1370.14
protocols.motifs.Motif: Res1 name is LEU
protocols.motifs.Motif: atom1 name is OOC
protocols.motifs.Motif: atom2 name is COO
protocols.motifs.Motif: atom3 name is aroC
protocols.motifs.Motif: Res1 name is GLN
protocols.motifs.Motif: atom1 name is aroC
protocols.motifs.Motif: atom2 name is aroC
protocols.motifs.Motif: atom3 name is aroC
protocols.motifs.Motif: Res1 name is TYR
protocols.motifs.Motif: atom1 name is OOC
protocols.motifs.Motif: atom2 name is COO
protocols.motifs.Motif: atom3 name is OOC
protocols.motifs.Motif: Res1 name is ASN
protocols.motifs.Motif: atom1 name is aroC
protocols.motifs.Motif: atom2 name is S
protocols.motifs.Motif: atom3 name is aroC
protocols.motifs.Motif: Res1 name is LEU
protocols.motifs.Motif: atom1 name is aroC
protocols.motifs.Motif: atom2 name is S
protocols.motifs.Motif: atom3 name is aroC
core.pack.task: Packer task: initialize from command line() 
core.pack.task: Packer task: initialize from command line() 
core.pack.task: Packer task: initialize from command line() 
protocols.moves.MonteCarlo: MonteCarlo:: last_accepted_score,lowest_score: -1371.33 -1371.33
protocols.motifs.Motif: Res1 name is GLN
protocols.motifs.Motif: atom1 name is aroC
protocols.motifs.Motif: atom2 name is aroC
protocols.motifs.Motif: atom3 name is COO
protocols.motifs.Motif: Res1 name is TYR
protocols.motifs.Motif: atom1 name is OOC
protocols.motifs.Motif: atom2 name is COO
protocols.motifs.Motif: atom3 name is aroC
protocols.motifs.Motif: Res1 name is ASN
protocols.motifs.Motif: atom1 name is COO
protocols.motifs.Motif: atom2 name is CH1
protocols.motifs.Motif: atom3 name is aroC
protocols.motifs.Motif: Res1 name is LEU
protocols.motifs.Motif: atom1 name is OOC
protocols.motifs.Motif: atom2 name is COO
protocols.motifs.Motif: atom3 name is OOC
core.pack.task: Packer task: initialize from command line() 
core.pack.task: Packer task: initialize from command line() 
core.pack.task: Packer task: initialize from command line() 
protocols.moves.MonteCarlo: MonteCarlo:: last_accepted_score,lowest_score: -1372.89 -1373.48
protocols.motifs.Motif: Res1 name is LYS
protocols.motifs.Motif: atom1 name is OOC
protocols.motifs.Motif: atom2 name is S
protocols.motifs.Motif: atom3 name is aroC
protocols.motifs.Motif: Res1 name is GLN
protocols.motifs.Motif: atom1 name is Nlys
protocols.motifs.Motif: atom2 name is CH1
protocols.motifs.Motif: atom3 name is aroC
protocols.motifs.Motif: Res1 name is LEU
protocols.motifs.Motif: atom1 name is aroC
protocols.motifs.Motif: atom2 name is S
protocols.motifs.Motif: atom3 name is aroC
protocols.motifs.Motif: Res1 name is LYS
protocols.motifs.Motif: atom1 name is OOC
protocols.motifs.Motif: atom2 name is S
protocols.motifs.Motif: atom3 name is aroC
core.pack.task: Packer task: initialize from command line() 
core.pack.task: Packer task: initialize from command line() 
core.pack.task: Packer task: initialize from command line() 
protocols.moves.MonteCarlo: MonteCarlo:: last_accepted_score,lowest_score: -1370.91 -1372.41
protocols.motifs.Motif: Res1 name is LEU
protocols.motifs.Motif: atom1 name is aroC
protocols.motifs.Motif: atom2 name is aroC
protocols.motifs.Motif: atom3 name is aroC
protocols.motifs.Motif: Res1 name is ASN
protocols.motifs.Motif: atom1 name is aroC
protocols.motifs.Motif: atom2 name is aroC
protocols.motifs.Motif: atom3 name is aroC
protocols.motifs.Motif: Res1 name is LEU
protocols.motifs.Motif: atom1 name is OOC
protocols.motifs.Motif: atom2 name is COO
protocols.motifs.Motif: atom3 name is OOC
core.pack.task: Packer task: initialize from command line() 
core.pack.task: Packer task: initialize from command line() 
core.pack.task: Packer task: initialize from command line() 
protocols.moves.MonteCarlo: MonteCarlo:: last_accepted_score,lowest_score: -1371.1 -1371.1
protocols.motifs.Motif: Res1 name is LYS
protocols.motifs.Motif: atom1 name is aroC
protocols.motifs.Motif: atom2 name is aroC
protocols.motifs.Motif: atom3 name is aroC
protocols.motifs.Motif: Res1 name is LEU
protocols.motifs.Motif: atom1 name is OOC
protocols.motifs.Motif: atom2 name is COO
protocols.motifs.Motif: atom3 name is OOC
protocols.motifs.Motif: Res1 name is LEU
protocols.motifs.Motif: atom1 name is aroC
protocols.motifs.Motif: atom2 name is aroC
protocols.motifs.Motif: atom3 name is aroC
protocols.motifs.Motif: Res1 name is ASN
protocols.motifs.Motif: atom1 name is aroC
protocols.motifs.Motif: atom2 name is S
protocols.motifs.Motif: atom3 name is aroC
core.pack.task: Packer task: initialize from command line() 
core.pack.task: Packer task: initialize from command line() 
core.pack.task: Packer task: initialize from command line() 
protocols.moves.MonteCarlo: MonteCarlo:: last_accepted_score,lowest_score: -1370.54 -1370.97
protocols.motifs.Motif: Res1 name is LYS
protocols.motifs.Motif: atom1 name is OOC
protocols.motifs.Motif: atom2 name is COO
protocols.motifs.Motif: atom3 name is OOC
protocols.motifs.Motif: Res1 name is LEU
protocols.motifs.Motif: atom1 name is aroC
protocols.motifs.Motif: atom2 name is S
protocols.motifs.Motif: atom3 name is aroC
protocols.motifs.Motif: Res1 name is GLN
protocols.motifs.Motif: atom1 name is aroC
protocols.motifs.Motif: atom2 name is aroC
protocols.motifs.Motif: atom3 name is aroC
protocols.motifs.Motif: Res1 name is LYS
protocols.motifs.Motif: atom1 name is OOC
protocols.motifs.Motif: atom2 name is COO
protocols.motifs.Motif: atom3 name is OOC
core.pack.task: Packer task: initialize from command line() 
core.pack.task: Packer task: initialize from command line() 
core.pack.task: Packer task: initialize from command line() 
protocols.moves.MonteCarlo: MonteCarlo:: last_accepted_score,lowest_score: -1369.32 -1369.58
protocols.motifs.Motif: Res1 name is GLN
protocols.motifs.Motif: atom1 name is aroC
protocols.motifs.Motif: atom2 name is S
protocols.motifs.Motif: atom3 name is aroC
protocols.motifs.Motif: Res1 name is TYR
protocols.motifs.Motif: atom1 name is OOC
protocols.motifs.Motif: atom2 name is COO
protocols.motifs.Motif: atom3 name is aroC
protocols.motifs.Motif: Res1 name is ASN
protocols.motifs.Motif: atom1 name is OOC
protocols.motifs.Motif: atom2 name is COO
protocols.motifs.Motif: atom3 name is OOC
core.pack.task: Packer task: initialize from command line() 
core.pack.task: Packer task: initialize from command line() 
core.pack.task: Packer task: initialize from command line() 
protocols.moves.MonteCarlo: MonteCarlo:: last_accepted_score,lowest_score: -1305.92 -1305.92
protocols.motifs.Motif: Res1 name is LYS
protocols.motifs.Motif: atom1 name is OOC
protocols.motifs.Motif: atom2 name is S
protocols.motifs.Motif: atom3 name is aroC
protocols.motifs.Motif: Res1 name is LEU
protocols.motifs.Motif: atom1 name is OOC
protocols.motifs.Motif: atom2 name is COO
protocols.motifs.Motif: atom3 name is OOC
protocols.motifs.Motif: Res1 name is GLN
protocols.motifs.Motif: atom1 name is OOC
protocols.motifs.Motif: atom2 name is COO
protocols.motifs.Motif: atom3 name is aroC
protocols.motifs.Motif: Res1 name is TYR
protocols.motifs.Motif: atom1 name is OOC
protocols.motifs.Motif: atom2 name is S
protocols.motifs.Motif: atom3 name is aroC
protocols.motifs.Motif: Res1 name is LEU
protocols.motifs.Motif: atom1 name is OOC
protocols.motifs.Motif: atom2 name is COO
protocols.motifs.Motif: atom3 name is OOC
core.pack.task: Packer task: initialize from command line() 
core.pack.task: Packer task: initialize from command line() 
core.pack.task: Packer task: initialize from command line() 
protocols.moves.MonteCarlo: MonteCarlo:: last_accepted_score,lowest_score: -1370.99 -1370.99
protocols.motifs.Motif: Res1 name is LYS
protocols.motifs.Motif: atom1 name is COO
protocols.motifs.Motif: atom2 name is CH1
protocols.motifs.Motif: atom3 name is aroC
protocols.motifs.Motif: Res1 name is LEU
protocols.motifs.Motif: atom1 name is OOC
protocols.motifs.Motif: atom2 name is COO
protocols.motifs.Motif: atom3 name is OOC
protocols.motifs.Motif: Res1 name is GLN
protocols.motifs.Motif: atom1 name is OOC
protocols.motifs.Motif: atom2 name is COO
protocols.motifs.Motif: atom3 name is aroC
protocols.motifs.Motif: Res1 name is TYR
protocols.motifs.Motif: atom1 name is OOC
protocols.motifs.Motif: atom2 name is S
protocols.motifs.Motif: atom3 name is aroC
protocols.motifs.Motif: Res1 name is LEU
protocols.motifs.Motif: atom1 name is aroC
protocols.motifs.Motif: atom2 name is aroC
protocols.motifs.Motif: atom3 name is aroC
core.pack.task: Packer task: initialize from command line() 
core.pack.task: Packer task: initialize from command line() 
core.pack.task: Packer task: initialize from command line() 
protocols.moves.MonteCarlo: MonteCarlo:: last_accepted_score,lowest_score: -1369.87 -1369.87
protocols.motifs.Motif: Res1 name is LYS
protocols.motifs.Motif: atom1 name is Nlys
protocols.motifs.Motif: atom2 name is CH1
protocols.motifs.Motif: atom3 name is aroC
protocols.motifs.Motif: Res1 name is LEU
protocols.motifs.Motif: atom1 name is OOC
protocols.motifs.Motif: atom2 name is COO
protocols.motifs.Motif: atom3 name is OOC
protocols.motifs.Motif: Res1 name is LEU
protocols.motifs.Motif: atom1 name is aroC
protocols.motifs.Motif: atom2 name is aroC
protocols.motifs.Motif: atom3 name is aroC
protocols.motifs.Motif: Res1 name is ASN
protocols.motifs.Motif: atom1 name is aroC
protocols.motifs.Motif: atom2 name is S
protocols.motifs.Motif: atom3 name is aroC
core.pack.task: Packer task: initialize from command line() 
core.pack.task: Packer task: initialize from command line() 
core.pack.task: Packer task: initialize from command line() 
protocols.moves.MonteCarlo: MonteCarlo:: last_accepted_score,lowest_score: -1372.19 -1372.7
protocols.motifs.Motif: Res1 name is LYS
protocols.motifs.Motif: atom1 name is OOC
protocols.motifs.Motif: atom2 name is COO
protocols.motifs.Motif: atom3 name is OOC
protocols.motifs.Motif: Res1 name is GLN
protocols.motifs.Motif: atom1 name is OOC
protocols.motifs.Motif: atom2 name is COO
protocols.motifs.Motif: atom3 name is aroC
protocols.motifs.Motif: Res1 name is TYR
protocols.motifs.Motif: atom1 name is OOC
protocols.motifs.Motif: atom2 name is S
protocols.motifs.Motif: atom3 name is aroC
protocols.motifs.Motif: Res1 name is LYS
protocols.motifs.Motif: atom1 name is OOC
protocols.motifs.Motif: atom2 name is COO
protocols.motifs.Motif: atom3 name is OOC
core.pack.task: Packer task: initialize from command line() 
core.pack.task: Packer task: initialize from command line() 
core.pack.task: Packer task: initialize from command line() 
protocols.moves.MonteCarlo: MonteCarlo:: last_accepted_score,lowest_score: -1370.61 -1371.65
protocols.motifs.Motif: Res1 name is LYS
protocols.motifs.Motif: atom1 name is OOC
protocols.motifs.Motif: atom2 name is COO
protocols.motifs.Motif: atom3 name is OOC
protocols.motifs.Motif: Res1 name is GLN
protocols.motifs.Motif: atom1 name is aroC
protocols.motifs.Motif: atom2 name is S
protocols.motifs.Motif: atom3 name is aroC
protocols.motifs.Motif: Res1 name is TYR
protocols.motifs.Motif: atom1 name is OOC
protocols.motifs.Motif: atom2 name is COO
protocols.motifs.Motif: atom3 name is aroC
protocols.motifs.Motif: Res1 name is LYS
protocols.motifs.Motif: atom1 name is COO
protocols.motifs.Motif: atom2 name is CH1
protocols.motifs.Motif: atom3 name is aroC
core.pack.task: Packer task: initialize from command line() 
core.pack.task: Packer task: initialize from command line() 
core.pack.task: Packer task: initialize from command line() 
protocols.moves.MonteCarlo: MonteCarlo:: last_accepted_score,lowest_score: -1370.68 -1370.68
protocols.motifs.Motif: Res1 name is LYS
protocols.motifs.Motif: atom1 name is OOC
protocols.motifs.Motif: atom2 name is COO
protocols.motifs.Motif: atom3 name is OOC
protocols.motifs.Motif: Res1 name is LEU
protocols.motifs.Motif: atom1 name is aroC
protocols.motifs.Motif: atom2 name is aroC
protocols.motifs.Motif: atom3 name is aroC
protocols.motifs.Motif: Res1 name is LEU
protocols.motifs.Motif: atom1 name is aroC
protocols.motifs.Motif: atom2 name is aroC
protocols.motifs.Motif: atom3 name is aroC
protocols.motifs.Motif: Res1 name is LYS
protocols.motifs.Motif: atom1 name is Nlys
protocols.motifs.Motif: atom2 name is CH1
protocols.motifs.Motif: atom3 name is aroC
protocols.motifs.Motif: Res1 name is ASN
protocols.motifs.Motif: atom1 name is aroC
protocols.motifs.Motif: atom2 name is S
protocols.motifs.Motif: atom3 name is aroC
core.pack.task: Packer task: initialize from command line() 
core.pack.task: Packer task: initialize from command line() 
core.pack.task: Packer task: initialize from command line() 
protocols.moves.MonteCarlo: MonteCarlo:: last_accepted_score,lowest_score: -1371.9 -1372.06
protocols.motifs.Motif: Res1 name is LYS
protocols.motifs.Motif: atom1 name is OOC
protocols.motifs.Motif: atom2 name is COO
protocols.motifs.Motif: atom3 name is OOC
protocols.motifs.Motif: Res1 name is LEU
protocols.motifs.Motif: atom1 name is OOC
protocols.motifs.Motif: atom2 name is COO
protocols.motifs.Motif: atom3 name is OOC
protocols.motifs.Motif: Res1 name is GLN
protocols.motifs.Motif: atom1 name is OOC
protocols.motifs.Motif: atom2 name is COO
protocols.motifs.Motif: atom3 name is OOC
protocols.motifs.Motif: Res1 name is ASN
protocols.motifs.Motif: atom1 name is aroC
protocols.motifs.Motif: atom2 name is S
protocols.motifs.Motif: atom3 name is aroC
protocols.motifs.Motif: Res1 name is LEU
protocols.motifs.Motif: atom1 name is aroC
protocols.motifs.Motif: atom2 name is aroC
protocols.motifs.Motif: atom3 name is aroC
protocols.motifs.Motif: Res1 name is ASN
protocols.motifs.Motif: atom1 name is OOC
protocols.motifs.Motif: atom2 name is S
protocols.motifs.Motif: atom3 name is aroC
core.pack.task: Packer task: initialize from command line() 
core.pack.task: Packer task: initialize from command line() 
core.pack.task: Packer task: initialize from command line() 
protocols.moves.MonteCarlo: MonteCarlo:: last_accepted_score,lowest_score: -1367.74 -1368.9
protocols.motifs.Motif: Res1 name is LEU
protocols.motifs.Motif: atom1 name is aroC
protocols.motifs.Motif: atom2 name is S
protocols.motifs.Motif: atom3 name is aroC
protocols.motifs.Motif: Res1 name is GLN
protocols.motifs.Motif: atom1 name is OOC
protocols.motifs.Motif: atom2 name is S
protocols.motifs.Motif: atom3 name is aroC
core.pack.task: Packer task: initialize from command line() 
core.pack.task: Packer task: initialize from command line() 
core.pack.task: Packer task: initialize from command line() 
protocols.moves.MonteCarlo: MonteCarlo:: last_accepted_score,lowest_score: -1369.92 -1369.92
protocols.motifs.Motif: Res1 name is GLN
protocols.motifs.Motif: atom1 name is OOC
protocols.motifs.Motif: atom2 name is COO
protocols.motifs.Motif: atom3 name is OOC
protocols.motifs.Motif: Res1 name is TYR
protocols.motifs.Motif: atom1 name is OOC
protocols.motifs.Motif: atom2 name is COO
protocols.motifs.Motif: atom3 name is OOC
protocols.motifs.Motif: Res1 name is ASN
protocols.motifs.Motif: atom1 name is aroC
protocols.motifs.Motif: atom2 name is S
protocols.motifs.Motif: atom3 name is aroC
protocols.motifs.Motif: Res1 name is LEU
protocols.motifs.Motif: atom1 name is aroC
protocols.motifs.Motif: atom2 name is S
protocols.motifs.Motif: atom3 name is aroC
core.pack.task: Packer task: initialize from command line() 
core.pack.task: Packer task: initialize from command line() 
core.pack.task: Packer task: initialize from command line() 
protocols.moves.MonteCarlo: MonteCarlo:: last_accepted_score,lowest_score: -1372.32 -1372.33
protocols.motifs.Motif: Res1 name is TYR
protocols.motifs.Motif: atom1 name is OOC
protocols.motifs.Motif: atom2 name is COO
protocols.motifs.Motif: atom3 name is aroC
protocols.motifs.Motif: Res1 name is LEU
protocols.motifs.Motif: atom1 name is OOC
protocols.motifs.Motif: atom2 name is COO
protocols.motifs.Motif: atom3 name is OOC
protocols.motifs.Motif: Res1 name is THR
protocols.motifs.Motif: atom1 name is OOC
protocols.motifs.Motif: atom2 name is S
protocols.motifs.Motif: atom3 name is aroC
core.pack.task: Packer task: initialize from command line() 
core.pack.task: Packer task: initialize from command line() 
core.pack.task: Packer task: initialize from command line() 
protocols.moves.MonteCarlo: MonteCarlo:: last_accepted_score,lowest_score: -1369.21 -1369.63
protocols.motifs.Motif: Res1 name is LEU
protocols.motifs.Motif: atom1 name is aroC
protocols.motifs.Motif: atom2 name is aroC
protocols.motifs.Motif: atom3 name is aroC
protocols.motifs.Motif: Res1 name is GLN
protocols.motifs.Motif: atom1 name is OOC
protocols.motifs.Motif: atom2 name is S
protocols.motifs.Motif: atom3 name is aroC
core.pack.task: Packer task: initialize from command line() 
core.pack.task: Packer task: initialize from command line() 
core.pack.task: Packer task: initialize from command line() 
protocols.moves.MonteCarlo: MonteCarlo:: last_accepted_score,lowest_score: -1369.55 -1369.76
protocols.motifs.Motif: Res1 name is LEU
protocols.motifs.Motif: atom1 name is OOC
protocols.motifs.Motif: atom2 name is COO
protocols.motifs.Motif: atom3 name is aroC
protocols.motifs.Motif: Res1 name is GLN
protocols.motifs.Motif: atom1 name is OOC
protocols.motifs.Motif: atom2 name is COO
protocols.motifs.Motif: atom3 name is aroC
protocols.motifs.Motif: Res1 name is TYR
protocols.motifs.Motif: atom1 name is OOC
protocols.motifs.Motif: atom2 name is COO
protocols.motifs.Motif: atom3 name is aroC
protocols.motifs.Motif: Res1 name is LEU
protocols.motifs.Motif: atom1 name is aroC
protocols.motifs.Motif: atom2 name is aroC
protocols.motifs.Motif: atom3 name is aroC
core.pack.task: Packer task: initialize from command line() 
core.pack.task: Packer task: initialize from command line() 
core.pack.task: Packer task: initialize from command line() 
protocols.moves.MonteCarlo: MonteCarlo:: last_accepted_score,lowest_score: -1368.5 -1368.5
protocols.motifs.Motif: Res1 name is LEU
protocols.motifs.Motif: atom1 name is OOC
protocols.motifs.Motif: atom2 name is COO
protocols.motifs.Motif: atom3 name is aroC
protocols.motifs.Motif: Res1 name is GLN
protocols.motifs.Motif: atom1 name is OOC
protocols.motifs.Motif: atom2 name is COO
protocols.motifs.Motif: atom3 name is aroC
protocols.motifs.Motif: Res1 name is TYR
protocols.motifs.Motif: atom1 name is aroC
protocols.motifs.Motif: atom2 name is S
protocols.motifs.Motif: atom3 name is aroC
core.pack.task: Packer task: initialize from command line() 
core.pack.task: Packer task: initialize from command line() 
core.pack.task: Packer task: initialize from command line() 
protocols.moves.MonteCarlo: MonteCarlo:: last_accepted_score,lowest_score: -1369.8 -1370.76
protocols.motifs.Motif: Res1 name is LEU
protocols.motifs.Motif: atom1 name is aroC
protocols.motifs.Motif: atom2 name is aroC
protocols.motifs.Motif: atom3 name is aroC
protocols.motifs.Motif: Res1 name is ASN
protocols.motifs.Motif: atom1 name is OOC
protocols.motifs.Motif: atom2 name is S
protocols.motifs.Motif: atom3 name is aroC
protocols.motifs.Motif: Res1 name is LEU
protocols.motifs.Motif: atom1 name is aroC
protocols.motifs.Motif: atom2 name is aroC
protocols.motifs.Motif: atom3 name is aroC
protocols.motifs.Motif: Res1 name is ASN
protocols.motifs.Motif: atom1 name is aroC
protocols.motifs.Motif: atom2 name is S
protocols.motifs.Motif: atom3 name is aroC
core.pack.task: Packer task: initialize from command line() 
core.pack.task: Packer task: initialize from command line() 
core.pack.task: Packer task: initialize from command line() 
protocols.moves.MonteCarlo: MonteCarlo:: last_accepted_score,lowest_score: -1370.83 -1370.83
protocols.motifs.Motif: Res1 name is LYS
protocols.motifs.Motif: atom1 name is COO
protocols.motifs.Motif: atom2 name is CH1
protocols.motifs.Motif: atom3 name is aroC
protocols.motifs.Motif: Res1 name is LEU
protocols.motifs.Motif: atom1 name is OOC
protocols.motifs.Motif: atom2 name is COO
protocols.motifs.Motif: atom3 name is OOC
protocols.motifs.Motif: Res1 name is GLN
protocols.motifs.Motif: atom1 name is OOC
protocols.motifs.Motif: atom2 name is COO
protocols.motifs.Motif: atom3 name is aroC
protocols.motifs.Motif: Res1 name is LEU
protocols.motifs.Motif: atom1 name is aroC
protocols.motifs.Motif: atom2 name is aroC
protocols.motifs.Motif: atom3 name is aroC
core.pack.task: Packer task: initialize from command line() 
core.pack.task: Packer task: initialize from command line() 
core.pack.task: Packer task: initialize from command line() 
protocols.moves.MonteCarlo: MonteCarlo:: last_accepted_score,lowest_score: -1368.32 -1369.24
protocols.motifs.Motif: Res1 name is LEU
protocols.motifs.Motif: atom1 name is aroC
protocols.motifs.Motif: atom2 name is aroC
protocols.motifs.Motif: atom3 name is aroC
protocols.motifs.Motif: Res1 name is GLN
protocols.motifs.Motif: atom1 name is aroC
protocols.motifs.Motif: atom2 name is aroC
protocols.motifs.Motif: atom3 name is aroC
protocols.motifs.Motif: Res1 name is LEU
protocols.motifs.Motif: atom1 name is OOC
protocols.motifs.Motif: atom2 name is S
protocols.motifs.Motif: atom3 name is aroC
core.pack.task: Packer task: initialize from command line() 
core.pack.task: Packer task: initialize from command line() 
core.pack.task: Packer task: initialize from command line() 
protocols.moves.MonteCarlo: MonteCarlo:: last_accepted_score,lowest_score: -1370.7 -1371.07
protocols.motifs.Motif: Res1 name is LEU
protocols.motifs.Motif: atom1 name is aroC
protocols.motifs.Motif: atom2 name is aroC
protocols.motifs.Motif: atom3 name is aroC
protocols.motifs.Motif: Res1 name is GLN
protocols.motifs.Motif: atom1 name is aroC
protocols.motifs.Motif: atom2 name is aroC
protocols.motifs.Motif: atom3 name is aroC
protocols.motifs.Motif: Res1 name is TYR
protocols.motifs.Motif: atom1 name is aroC
protocols.motifs.Motif: atom2 name is S
protocols.motifs.Motif: atom3 name is aroC
protocols.motifs.Motif: Res1 name is ASN
protocols.motifs.Motif: atom1 name is COO
protocols.motifs.Motif: atom2 name is CH1
protocols.motifs.Motif: atom3 name is aroC
protocols.motifs.Motif: Res1 name is LEU
protocols.motifs.Motif: atom1 name is OOC
protocols.motifs.Motif: atom2 name is COO
protocols.motifs.Motif: atom3 name is OOC
core.pack.task: Packer task: initialize from command line() 
core.pack.task: Packer task: initialize from command line() 
core.pack.task: Packer task: initialize from command line() 
protocols.moves.MonteCarlo: MonteCarlo:: last_accepted_score,lowest_score: -1369.46 -1369.46
protocols.motifs.Motif: Res1 name is LEU
protocols.motifs.Motif: atom1 name is OOC
protocols.motifs.Motif: atom2 name is COO
protocols.motifs.Motif: atom3 name is aroC
protocols.motifs.Motif: Res1 name is GLN
protocols.motifs.Motif: atom1 name is OOC
protocols.motifs.Motif: atom2 name is COO
protocols.motifs.Motif: atom3 name is aroC
protocols.motifs.Motif: Res1 name is LEU
protocols.motifs.Motif: atom1 name is aroC
protocols.motifs.Motif: atom2 name is aroC
protocols.motifs.Motif: atom3 name is aroC
core.pack.task: Packer task: initialize from command line() 
core.pack.task: Packer task: initialize from command line() 
core.pack.task: Packer task: initialize from command line() 
protocols.moves.MonteCarlo: MonteCarlo:: last_accepted_score,lowest_score: -1366.97 -1368.39
protocols.motifs.Motif: Res1 name is GLN
protocols.motifs.Motif: atom1 name is aroC
protocols.motifs.Motif: atom2 name is aroC
protocols.motifs.Motif: atom3 name is aroC
protocols.motifs.Motif: Res1 name is TYR
protocols.motifs.Motif: atom1 name is aroC
protocols.motifs.Motif: atom2 name is S
protocols.motifs.Motif: atom3 name is aroC
core.pack.task: Packer task: initialize from command line() 
core.pack.task: Packer task: initialize from command line() 
core.pack.task: Packer task: initialize from command line() 
protocols.moves.MonteCarlo: MonteCarlo:: last_accepted_score,lowest_score: -1372.3 -1372.3
protocols.motifs.Motif: Res1 name is LYS
protocols.motifs.Motif: atom1 name is aroC
protocols.motifs.Motif: atom2 name is aroC
protocols.motifs.Motif: atom3 name is aroC
protocols.motifs.Motif: Res1 name is LEU
protocols.motifs.Motif: atom1 name is aroC
protocols.motifs.Motif: atom2 name is S
protocols.motifs.Motif: atom3 name is aroC
protocols.motifs.Motif: Res1 name is GLN
protocols.motifs.Motif: atom1 name is aroC
protocols.motifs.Motif: atom2 name is aroC
protocols.motifs.Motif: atom3 name is aroC
core.pack.task: Packer task: initialize from command line() 
core.pack.task: Packer task: initialize from command line() 
core.pack.task: Packer task: initialize from command line() 
protocols.moves.MonteCarlo: MonteCarlo:: last_accepted_score,lowest_score: -1373.86 -1373.86
protocols.motifs.Motif: Res1 name is LYS
protocols.motifs.Motif: atom1 name is OOC
protocols.motifs.Motif: atom2 name is COO
protocols.motifs.Motif: atom3 name is OOC
protocols.motifs.Motif: Res1 name is TYR
protocols.motifs.Motif: atom1 name is OOC
protocols.motifs.Motif: atom2 name is COO
protocols.motifs.Motif: atom3 name is OOC
protocols.motifs.Motif: Res1 name is LEU
protocols.motifs.Motif: atom1 name is aroC
protocols.motifs.Motif: atom2 name is aroC
protocols.motifs.Motif: atom3 name is aroC
protocols.motifs.Motif: Res1 name is LEU
protocols.motifs.Motif: atom1 name is Nlys
protocols.motifs.Motif: atom2 name is CH1
protocols.motifs.Motif: atom3 name is aroC
core.pack.task: Packer task: initialize from command line() 
core.pack.task: Packer task: initialize from command line() 
core.pack.task: Packer task: initialize from command line() 
protocols.moves.MonteCarlo: MonteCarlo:: last_accepted_score,lowest_score: -1374.07 -1374.07
protocols.motifs.Motif: Res1 name is LYS
protocols.motifs.Motif: atom1 name is aroC
protocols.motifs.Motif: atom2 name is aroC
protocols.motifs.Motif: atom3 name is aroC
protocols.motifs.Motif: Res1 name is TYR
protocols.motifs.Motif: atom1 name is OOC
protocols.motifs.Motif: atom2 name is COO
protocols.motifs.Motif: atom3 name is OOC
protocols.motifs.Motif: Res1 name is LEU
protocols.motifs.Motif: atom1 name is aroC
protocols.motifs.Motif: atom2 name is aroC
protocols.motifs.Motif: atom3 name is aroC
protocols.motifs.Motif: Res1 name is TYR
protocols.motifs.Motif: atom1 name is OOC
protocols.motifs.Motif: atom2 name is COO
protocols.motifs.Motif: atom3 name is aroC
core.pack.task: Packer task: initialize from command line() 
core.pack.task: Packer task: initialize from command line() 
core.pack.task: Packer task: initialize from command line() 
protocols.moves.MonteCarlo: MonteCarlo:: last_accepted_score,lowest_score: -1368.25 -1368.85
protocols.motifs.Motif: Res1 name is LYS
protocols.motifs.Motif: atom1 name is aroC
protocols.motifs.Motif: atom2 name is S
protocols.motifs.Motif: atom3 name is aroC
protocols.motifs.Motif: Res1 name is LEU
protocols.motifs.Motif: atom1 name is aroC
protocols.motifs.Motif: atom2 name is aroC
protocols.motifs.Motif: atom3 name is aroC
protocols.motifs.Motif: Res1 name is GLN
protocols.motifs.Motif: atom1 name is aroC
protocols.motifs.Motif: atom2 name is aroC
protocols.motifs.Motif: atom3 name is aroC
protocols.motifs.Motif: Res1 name is TYR
protocols.motifs.Motif: atom1 name is aroC
protocols.motifs.Motif: atom2 name is S
protocols.motifs.Motif: atom3 name is aroC
core.pack.task: Packer task: initialize from command line() 
core.pack.task: Packer task: initialize from command line() 
core.pack.task: Packer task: initialize from command line() 
protocols.moves.MonteCarlo: MonteCarlo:: last_accepted_score,lowest_score: -1374.4 -1374.4
protocols.motifs.Motif: Res1 name is LYS
protocols.motifs.Motif: atom1 name is OOC
protocols.motifs.Motif: atom2 name is S
protocols.motifs.Motif: atom3 name is aroC
protocols.motifs.Motif: Res1 name is TYR
protocols.motifs.Motif: atom1 name is OOC
protocols.motifs.Motif: atom2 name is COO
protocols.motifs.Motif: atom3 name is OOC
protocols.motifs.Motif: Res1 name is GLN
protocols.motifs.Motif: atom1 name is OOC
protocols.motifs.Motif: atom2 name is COO
protocols.motifs.Motif: atom3 name is aroC
protocols.motifs.Motif: Res1 name is TYR
protocols.motifs.Motif: atom1 name is OOC
protocols.motifs.Motif: atom2 name is S
protocols.motifs.Motif: atom3 name is aroC
protocols.motifs.Motif: Res1 name is LEU
protocols.motifs.Motif: atom1 name is aroC
protocols.motifs.Motif: atom2 name is aroC
protocols.motifs.Motif: atom3 name is aroC
protocols.motifs.Motif: Res1 name is LYS
protocols.motifs.Motif: atom1 name is Nlys
protocols.motifs.Motif: atom2 name is CH1
protocols.motifs.Motif: atom3 name is aroC
core.pack.task: Packer task: initialize from command line() 
core.pack.task: Packer task: initialize from command line() 
core.pack.task: Packer task: initialize from command line() 
protocols.moves.MonteCarlo: MonteCarlo:: last_accepted_score,lowest_score: -1369.56 -1370.14
protocols.motifs.Motif: Res1 name is LEU
protocols.motifs.Motif: atom1 name is OOC
protocols.motifs.Motif: atom2 name is COO
protocols.motifs.Motif: atom3 name is aroC
protocols.motifs.Motif: Res1 name is GLN
protocols.motifs.Motif: atom1 name is aroC
protocols.motifs.Motif: atom2 name is S
protocols.motifs.Motif: atom3 name is aroC
protocols.motifs.Motif: Res1 name is TYR
protocols.motifs.Motif: atom1 name is aroC
protocols.motifs.Motif: atom2 name is S
protocols.motifs.Motif: atom3 name is aroC
protocols.motifs.Motif: Res1 name is ASN
protocols.motifs.Motif: atom1 name is COO
protocols.motifs.Motif: atom2 name is CH1
protocols.motifs.Motif: atom3 name is aroC
protocols.motifs.Motif: Res1 name is LEU
protocols.motifs.Motif: atom1 name is OOC
protocols.motifs.Motif: atom2 name is COO
protocols.motifs.Motif: atom3 name is OOC
core.pack.task: Packer task: initialize from command line() 
core.pack.task: Packer task: initialize from command line() 
core.pack.task: Packer task: initialize from command line() 
protocols.moves.MonteCarlo: MonteCarlo:: last_accepted_score,lowest_score: -1370.25 -1370.35
protocols.motifs.Motif: Res1 name is LEU
protocols.motifs.Motif: atom1 name is Nlys
protocols.motifs.Motif: atom2 name is CH1
protocols.motifs.Motif: atom3 name is aroC
protocols.motifs.Motif: Res1 name is GLN
protocols.motifs.Motif: atom1 name is Nlys
protocols.motifs.Motif: atom2 name is CH1
protocols.motifs.Motif: atom3 name is aroC
protocols.motifs.Motif: Res1 name is ASN
protocols.motifs.Motif: atom1 name is OOC
protocols.motifs.Motif: atom2 name is COO
protocols.motifs.Motif: atom3 name is aroC
core.pack.task: Packer task: initialize from command line() 
core.pack.task: Packer task: initialize from command line() 
core.pack.task: Packer task: initialize from command line() 
protocols.moves.MonteCarlo: MonteCarlo:: last_accepted_score,lowest_score: -1369.35 -1370
protocols.motifs.Motif: Res1 name is GLN
protocols.motifs.Motif: atom1 name is aroC
protocols.motifs.Motif: atom2 name is S
protocols.motifs.Motif: atom3 name is aroC
protocols.motifs.Motif: Res1 name is TYR
protocols.motifs.Motif: atom1 name is OOC
protocols.motifs.Motif: atom2 name is COO
protocols.motifs.Motif: atom3 name is aroC
protocols.motifs.Motif: Res1 name is ASN
protocols.motifs.Motif: atom1 name is OOC
protocols.motifs.Motif: atom2 name is COO
protocols.motifs.Motif: atom3 name is OOC
core.pack.task: Packer task: initialize from command line() 
core.pack.task: Packer task: initialize from command line() 
core.pack.task: Packer task: initialize from command line() 
protocols.moves.MonteCarlo: MonteCarlo:: last_accepted_score,lowest_score: -1368.47 -1369.08
protocols.motifs.Motif: Res1 name is LYS
protocols.motifs.Motif: atom1 name is OOC
protocols.motifs.Motif: atom2 name is COO
protocols.motifs.Motif: atom3 name is OOC
protocols.motifs.Motif: Res1 name is LEU
protocols.motifs.Motif: atom1 name is OOC
protocols.motifs.Motif: atom2 name is COO
protocols.motifs.Motif: atom3 name is OOC
protocols.motifs.Motif: Res1 name is GLN
protocols.motifs.Motif: atom1 name is OOC
protocols.motifs.Motif: atom2 name is COO
protocols.motifs.Motif: atom3 name is OOC
protocols.motifs.Motif: Res1 name is TYR
protocols.motifs.Motif: atom1 name is OOC
protocols.motifs.Motif: atom2 name is COO
protocols.motifs.Motif: atom3 name is OOC
core.pack.task: Packer task: initialize from command line() 
core.pack.task: Packer task: initialize from command line() 
core.pack.task: Packer task: initialize from command line() 
protocols.moves.MonteCarlo: MonteCarlo:: last_accepted_score,lowest_score: -1370.36 -1370.36
protocols.motifs.Motif: Res1 name is LYS
protocols.motifs.Motif: atom1 name is COO
protocols.motifs.Motif: atom2 name is CH1
protocols.motifs.Motif: atom3 name is aroC
protocols.motifs.Motif: Res1 name is GLN
protocols.motifs.Motif: atom1 name is aroC
protocols.motifs.Motif: atom2 name is aroC
protocols.motifs.Motif: atom3 name is aroC
core.pack.task: Packer task: initialize from command line() 
core.pack.task: Packer task: initialize from command line() 
core.pack.task: Packer task: initialize from command line() 
protocols.moves.MonteCarlo: MonteCarlo:: last_accepted_score,lowest_score: -1372.39 -1372.39
protocols.motifs.Motif: Res1 name is LYS
protocols.motifs.Motif: atom1 name is aroC
protocols.motifs.Motif: atom2 name is aroC
protocols.motifs.Motif: atom3 name is aroC
protocols.motifs.Motif: Res1 name is ARG
protocols.motifs.Motif: atom1 name is OOC
protocols.motifs.Motif: atom2 name is COO
protocols.motifs.Motif: atom3 name is OOC
protocols.motifs.Motif: Res1 name is TYR
protocols.motifs.Motif: atom1 name is OOC
protocols.motifs.Motif: atom2 name is COO
protocols.motifs.Motif: atom3 name is aroC
protocols.motifs.Motif: Res1 name is LEU
protocols.motifs.Motif: atom1 name is Nlys
protocols.motifs.Motif: atom2 name is CH1
protocols.motifs.Motif: atom3 name is aroC
protocols.motifs.Motif: Res1 name is LYS
protocols.motifs.Motif: atom1 name is COO
protocols.motifs.Motif: atom2 name is CH1
protocols.motifs.Motif: atom3 name is aroC
core.pack.task: Packer task: initialize from command line() 
core.pack.task: Packer task: initialize from command line() 
core.pack.task: Packer task: initialize from command line() 
protocols.moves.MonteCarlo: MonteCarlo:: last_accepted_score,lowest_score: -1371.1 -1371.1
protocols.motifs.Motif: Res1 name is GLN
protocols.motifs.Motif: atom1 name is OOC
protocols.motifs.Motif: atom2 name is COO
protocols.motifs.Motif: atom3 name is aroC
protocols.motifs.Motif: Res1 name is TYR
protocols.motifs.Motif: atom1 name is OOC
protocols.motifs.Motif: atom2 name is COO
protocols.motifs.Motif: atom3 name is aroC
protocols.motifs.Motif: Res1 name is LEU
protocols.motifs.Motif: atom1 name is COO
protocols.motifs.Motif: atom2 name is CH1
protocols.motifs.Motif: atom3 name is aroC
core.pack.task: Packer task: initialize from command line() 
core.pack.task: Packer task: initialize from command line() 
core.pack.task: Packer task: initialize from command line() 
protocols.moves.MonteCarlo: MonteCarlo:: last_accepted_score,lowest_score: -1368.8 -1369
protocols.motifs.Motif: Res1 name is LEU
protocols.motifs.Motif: atom1 name is Nlys
protocols.motifs.Motif: atom2 name is CH1
protocols.motifs.Motif: atom3 name is aroC
protocols.motifs.Motif: Res1 name is GLN
protocols.motifs.Motif: atom1 name is OOC
protocols.motifs.Motif: atom2 name is S
protocols.motifs.Motif: atom3 name is aroC
protocols.motifs.Motif: Res1 name is ASN
protocols.motifs.Motif: atom1 name is aroC
protocols.motifs.Motif: atom2 name is aroC
protocols.motifs.Motif: atom3 name is aroC
protocols.motifs.Motif: Res1 name is LEU
protocols.motifs.Motif: atom1 name is Nlys
protocols.motifs.Motif: atom2 name is CH1
protocols.motifs.Motif: atom3 name is aroC
core.pack.task: Packer task: initialize from command line() 
core.pack.task: Packer task: initialize from command line() 
core.pack.task: Packer task: initialize from command line() 
protocols.moves.MonteCarlo: MonteCarlo:: last_accepted_score,lowest_score: -1369.97 -1369.97
protocols.motifs.Motif: Res1 name is LEU
protocols.motifs.Motif: atom1 name is aroC
protocols.motifs.Motif: atom2 name is aroC
protocols.motifs.Motif: atom3 name is aroC
protocols.motifs.Motif: Res1 name is GLN
protocols.motifs.Motif: atom1 name is aroC
protocols.motifs.Motif: atom2 name is aroC
protocols.motifs.Motif: atom3 name is aroC
protocols.motifs.Motif: Res1 name is LEU
protocols.motifs.Motif: atom1 name is OOC
protocols.motifs.Motif: atom2 name is S
protocols.motifs.Motif: atom3 name is aroC
core.pack.task: Packer task: initialize from command line() 
core.pack.task: Packer task: initialize from command line() 
core.pack.task: Packer task: initialize from command line() 
protocols.moves.MonteCarlo: MonteCarlo:: last_accepted_score,lowest_score: -1369.99 -1369.99
protocols.motifs.Motif: Res1 name is LEU
protocols.motifs.Motif: atom1 name is OOC
protocols.motifs.Motif: atom2 name is COO
protocols.motifs.Motif: atom3 name is aroC
protocols.motifs.Motif: Res1 name is GLN
protocols.motifs.Motif: atom1 name is aroC
protocols.motifs.Motif: atom2 name is aroC
protocols.motifs.Motif: atom3 name is aroC
protocols.motifs.Motif: Res1 name is TYR
protocols.motifs.Motif: atom1 name is aroC
protocols.motifs.Motif: atom2 name is S
protocols.motifs.Motif: atom3 name is aroC
protocols.motifs.Motif: Res1 name is LEU
protocols.motifs.Motif: atom1 name is aroC
protocols.motifs.Motif: atom2 name is aroC
protocols.motifs.Motif: atom3 name is aroC
core.pack.task: Packer task: initialize from command line() 
core.pack.task: Packer task: initialize from command line() 
core.pack.task: Packer task: initialize from command line() 
protocols.moves.MonteCarlo: MonteCarlo:: last_accepted_score,lowest_score: -1369.61 -1369.61
protocols.motifs.Motif: Res1 name is LYS
protocols.motifs.Motif: atom1 name is OOC
protocols.motifs.Motif: atom2 name is COO
protocols.motifs.Motif: atom3 name is OOC
protocols.motifs.Motif: Res1 name is LEU
protocols.motifs.Motif: atom1 name is Nlys
protocols.motifs.Motif: atom2 name is CH1
protocols.motifs.Motif: atom3 name is aroC
protocols.motifs.Motif: Res1 name is GLN
protocols.motifs.Motif: atom1 name is OOC
protocols.motifs.Motif: atom2 name is S
protocols.motifs.Motif: atom3 name is aroC
protocols.motifs.Motif: Res1 name is ARG
protocols.motifs.Motif: atom1 name is aroC
protocols.motifs.Motif: atom2 name is S
protocols.motifs.Motif: atom3 name is aroC
core.pack.task: Packer task: initialize from command line() 
core.pack.task: Packer task: initialize from command line() 
core.pack.task: Packer task: initialize from command line() 
protocols.moves.MonteCarlo: MonteCarlo:: last_accepted_score,lowest_score: -1371.13 -1371.13
protocols.motifs.Motif: Res1 name is GLN
protocols.motifs.Motif: atom1 name is aroC
protocols.motifs.Motif: atom2 name is aroC
protocols.motifs.Motif: atom3 name is aroC
protocols.motifs.Motif: Res1 name is TYR
protocols.motifs.Motif: atom1 name is OOC
protocols.motifs.Motif: atom2 name is COO
protocols.motifs.Motif: atom3 name is aroC
protocols.motifs.Motif: Res1 name is ASN
protocols.motifs.Motif: atom1 name is Nlys
protocols.motifs.Motif: atom2 name is CH1
protocols.motifs.Motif: atom3 name is aroC
protocols.motifs.Motif: Res1 name is LEU
protocols.motifs.Motif: atom1 name is OOC
protocols.motifs.Motif: atom2 name is COO
protocols.motifs.Motif: atom3 name is OOC
core.pack.task: Packer task: initialize from command line() 
core.pack.task: Packer task: initialize from command line() 
core.pack.task: Packer task: initialize from command line() 
protocols.moves.MonteCarlo: MonteCarlo:: last_accepted_score,lowest_score: -1370.38 -1370.38
protocols.motifs.Motif: Res1 name is LEU
protocols.motifs.Motif: atom1 name is aroC
protocols.motifs.Motif: atom2 name is aroC
protocols.motifs.Motif: atom3 name is aroC
protocols.motifs.Motif: Res1 name is GLN
protocols.motifs.Motif: atom1 name is aroC
protocols.motifs.Motif: atom2 name is aroC
protocols.motifs.Motif: atom3 name is aroC
protocols.motifs.Motif: Res1 name is LEU
protocols.motifs.Motif: atom1 name is OOC
protocols.motifs.Motif: atom2 name is S
protocols.motifs.Motif: atom3 name is aroC
core.pack.task: Packer task: initialize from command line() 
core.pack.task: Packer task: initialize from command line() 
core.pack.task: Packer task: initialize from command line() 
protocols.moves.MonteCarlo: MonteCarlo:: last_accepted_score,lowest_score: -1370.77 -1370.77
protocols.motifs.Motif: Res1 name is LEU
protocols.motifs.Motif: atom1 name is aroC
protocols.motifs.Motif: atom2 name is aroC
protocols.motifs.Motif: atom3 name is aroC
protocols.motifs.Motif: Res1 name is GLN
protocols.motifs.Motif: atom1 name is aroC
protocols.motifs.Motif: atom2 name is aroC
protocols.motifs.Motif: atom3 name is aroC
protocols.motifs.Motif: Res1 name is TYR
protocols.motifs.Motif: atom1 name is OOC
protocols.motifs.Motif: atom2 name is COO
protocols.motifs.Motif: atom3 name is aroC
core.pack.task: Packer task: initialize from command line() 
core.pack.task: Packer task: initialize from command line() 
core.pack.task: Packer task: initialize from command line() 
protocols.moves.MonteCarlo: MonteCarlo:: last_accepted_score,lowest_score: -1370.99 -1370.99
protocols.motifs.Motif: Res1 name is LEU
protocols.motifs.Motif: atom1 name is aroC
protocols.motifs.Motif: atom2 name is aroC
protocols.motifs.Motif: atom3 name is aroC
protocols.motifs.Motif: Res1 name is GLN
protocols.motifs.Motif: atom1 name is OOC
protocols.motifs.Motif: atom2 name is COO
protocols.motifs.Motif: atom3 name is OOC
protocols.motifs.Motif: Res1 name is ASN
protocols.motifs.Motif: atom1 name is OOC
protocols.motifs.Motif: atom2 name is S
protocols.motifs.Motif: atom3 name is aroC
protocols.motifs.Motif: Res1 name is LEU
protocols.motifs.Motif: atom1 name is OOC
protocols.motifs.Motif: atom2 name is S
protocols.motifs.Motif: atom3 name is aroC
core.pack.task: Packer task: initialize from command line() 
core.pack.task: Packer task: initialize from command line() 
core.pack.task: Packer task: initialize from command line() 
protocols.moves.MonteCarlo: MonteCarlo:: last_accepted_score,lowest_score: -1368.63 -1368.99
protocols.motifs.Motif: Res1 name is GLN
protocols.motifs.Motif: atom1 name is OOC
protocols.motifs.Motif: atom2 name is COO
protocols.motifs.Motif: atom3 name is aroC
protocols.motifs.Motif: Res1 name is TYR
protocols.motifs.Motif: atom1 name is OOC
protocols.motifs.Motif: atom2 name is COO
protocols.motifs.Motif: atom3 name is aroC
core.pack.task: Packer task: initialize from command line() 
core.pack.task: Packer task: initialize from command line() 
core.pack.task: Packer task: initialize from command line() 
protocols.moves.MonteCarlo: MonteCarlo:: last_accepted_score,lowest_score: -1368.14 -1369.1
protocols.motifs.Motif: Res1 name is LEU
protocols.motifs.Motif: atom1 name is OOC
protocols.motifs.Motif: atom2 name is COO
protocols.motifs.Motif: atom3 name is OOC
protocols.motifs.Motif: Res1 name is GLN
protocols.motifs.Motif: atom1 name is aroC
protocols.motifs.Motif: atom2 name is aroC
protocols.motifs.Motif: atom3 name is aroC
protocols.motifs.Motif: Res1 name is TYR
protocols.motifs.Motif: atom1 name is OOC
protocols.motifs.Motif: atom2 name is COO
protocols.motifs.Motif: atom3 name is aroC
core.pack.task: Packer task: initialize from command line() 
core.pack.task: Packer task: initialize from command line() 
core.pack.task: Packer task: initialize from command line() 
protocols.moves.MonteCarlo: MonteCarlo:: last_accepted_score,lowest_score: -1369.28 -1369.56
protocols.motifs.Motif: Res1 name is LEU
protocols.motifs.Motif: atom1 name is aroC
protocols.motifs.Motif: atom2 name is aroC
protocols.motifs.Motif: atom3 name is aroC
protocols.motifs.Motif: Res1 name is GLN
protocols.motifs.Motif: atom1 name is aroC
protocols.motifs.Motif: atom2 name is aroC
protocols.motifs.Motif: atom3 name is aroC
protocols.motifs.Motif: Res1 name is ASN
protocols.motifs.Motif: atom1 name is OOC
protocols.motifs.Motif: atom2 name is S
protocols.motifs.Motif: atom3 name is aroC
protocols.motifs.Motif: Res1 name is LEU
protocols.motifs.Motif: atom1 name is OOC
protocols.motifs.Motif: atom2 name is S
protocols.motifs.Motif: atom3 name is aroC
core.pack.task: Packer task: initialize from command line() 
core.pack.task: Packer task: initialize from command line() 
core.pack.task: Packer task: initialize from command line() 
protocols.moves.MonteCarlo: MonteCarlo:: last_accepted_score,lowest_score: -1368.83 -1369.56
protocols.motifs.Motif: Res1 name is LEU
protocols.motifs.Motif: atom1 name is aroC
protocols.motifs.Motif: atom2 name is aroC
protocols.motifs.Motif: atom3 name is aroC
protocols.motifs.Motif: Res1 name is GLN
protocols.motifs.Motif: atom1 name is OOC
protocols.motifs.Motif: atom2 name is S
protocols.motifs.Motif: atom3 name is aroC
protocols.motifs.Motif: Res1 name is ASN
protocols.motifs.Motif: atom1 name is OOC
protocols.motifs.Motif: atom2 name is COO
protocols.motifs.Motif: atom3 name is OOC
core.pack.task: Packer task: initialize from command line() 
core.pack.task: Packer task: initialize from command line() 
core.pack.task: Packer task: initialize from command line() 
protocols.moves.MonteCarlo: MonteCarlo:: last_accepted_score,lowest_score: -1371.97 -1371.97
protocols.motifs.Motif: Res1 name is LYS
protocols.motifs.Motif: atom1 name is aroC
protocols.motifs.Motif: atom2 name is S
protocols.motifs.Motif: atom3 name is aroC
protocols.motifs.Motif: Res1 name is LEU
protocols.motifs.Motif: atom1 name is aroC
protocols.motifs.Motif: atom2 name is S
protocols.motifs.Motif: atom3 name is aroC
protocols.motifs.Motif: Res1 name is GLN
protocols.motifs.Motif: atom1 name is aroC
protocols.motifs.Motif: atom2 name is aroC
protocols.motifs.Motif: atom3 name is aroC
protocols.motifs.Motif: Res1 name is LEU
protocols.motifs.Motif: atom1 name is aroC
protocols.motifs.Motif: atom2 name is aroC
protocols.motifs.Motif: atom3 name is aroC
protocols.motifs.Motif: Res1 name is ASN
protocols.motifs.Motif: atom1 name is OOC
protocols.motifs.Motif: atom2 name is COO
protocols.motifs.Motif: atom3 name is OOC
core.pack.task: Packer task: initialize from command line() 
core.pack.task: Packer task: initialize from command line() 
core.pack.task: Packer task: initialize from command line() 
protocols.moves.MonteCarlo: MonteCarlo:: last_accepted_score,lowest_score: -1360.19 -1360.19
protocols.motifs.Motif: Res1 name is LYS
protocols.motifs.Motif: atom1 name is aroC
protocols.motifs.Motif: atom2 name is S
protocols.motifs.Motif: atom3 name is aroC
protocols.motifs.Motif: Res1 name is LEU
protocols.motifs.Motif: atom1 name is aroC
protocols.motifs.Motif: atom2 name is aroC
protocols.motifs.Motif: atom3 name is aroC
protocols.motifs.Motif: Res1 name is GLN
protocols.motifs.Motif: atom1 name is OOC
protocols.motifs.Motif: atom2 name is S
protocols.motifs.Motif: atom3 name is aroC
protocols.motifs.Motif: Res1 name is TYR
protocols.motifs.Motif: atom1 name is OOC
protocols.motifs.Motif: atom2 name is COO
protocols.motifs.Motif: atom3 name is aroC
protocols.motifs.Motif: Res1 name is ASN
protocols.motifs.Motif: atom1 name is Nlys
protocols.motifs.Motif: atom2 name is CH1
protocols.motifs.Motif: atom3 name is aroC
protocols.motifs.Motif: Res1 name is ASN
protocols.motifs.Motif: atom1 name is OOC
protocols.motifs.Motif: atom2 name is COO
protocols.motifs.Motif: atom3 name is OOC
protocols.motifs.Motif: Res1 name is ASN
protocols.motifs.Motif: atom1 name is OOC
protocols.motifs.Motif: atom2 name is COO
protocols.motifs.Motif: atom3 name is OOC
protocols.motifs.Motif: Res1 name is ARG
protocols.motifs.Motif: atom1 name is OOC
protocols.motifs.Motif: atom2 name is COO
protocols.motifs.Motif: atom3 name is OOC
core.pack.task: Packer task: initialize from command line() 
core.pack.task: Packer task: initialize from command line() 
core.pack.task: Packer task: initialize from command line() 
protocols.moves.MonteCarlo: MonteCarlo:: last_accepted_score,lowest_score: -1380.13 -1380.38
protocols.motifs.Motif: Res1 name is LEU
protocols.motifs.Motif: atom1 name is aroC
protocols.motifs.Motif: atom2 name is S
protocols.motifs.Motif: atom3 name is aroC
protocols.motifs.Motif: Res1 name is ASN
protocols.motifs.Motif: atom1 name is aroC
protocols.motifs.Motif: atom2 name is aroC
protocols.motifs.Motif: atom3 name is aroC
protocols.motifs.Motif: Res1 name is LEU
protocols.motifs.Motif: atom1 name is aroC
protocols.motifs.Motif: atom2 name is aroC
protocols.motifs.Motif: atom3 name is aroC
protocols.motifs.Motif: Res1 name is ASN
protocols.motifs.Motif: atom1 name is OOC
protocols.motifs.Motif: atom2 name is COO
protocols.motifs.Motif: atom3 name is OOC
protocols.motifs.Motif: Res1 name is ASN
protocols.motifs.Motif: atom1 name is aroC
protocols.motifs.Motif: atom2 name is aroC
protocols.motifs.Motif: atom3 name is aroC
protocols.motifs.Motif: Res1 name is ARG
protocols.motifs.Motif: atom1 name is aroC
protocols.motifs.Motif: atom2 name is aroC
protocols.motifs.Motif: atom3 name is aroC
core.pack.task: Packer task: initialize from command line() 
core.pack.task: Packer task: initialize from command line() 
core.pack.task: Packer task: initialize from command line() 
protocols.moves.MonteCarlo: MonteCarlo:: last_accepted_score,lowest_score: -1371.62 -1371.62
protocols.motifs.Motif: Res1 name is LYS
protocols.motifs.Motif: atom1 name is aroC
protocols.motifs.Motif: atom2 name is aroC
protocols.motifs.Motif: atom3 name is aroC
protocols.motifs.Motif: Res1 name is GLN
protocols.motifs.Motif: atom1 name is aroC
protocols.motifs.Motif: atom2 name is aroC
protocols.motifs.Motif: atom3 name is aroC
protocols.motifs.Motif: Res1 name is TYR
protocols.motifs.Motif: atom1 name is OOC
protocols.motifs.Motif: atom2 name is S
protocols.motifs.Motif: atom3 name is aroC
core.pack.task: Packer task: initialize from command line() 
core.pack.task: Packer task: initialize from command line() 
core.pack.task: Packer task: initialize from command line() 
protocols.moves.MonteCarlo: MonteCarlo:: last_accepted_score,lowest_score: -1375.21 -1375.21
protocols.motifs.Motif: Res1 name is LYS
protocols.motifs.Motif: atom1 name is aroC
protocols.motifs.Motif: atom2 name is S
protocols.motifs.Motif: atom3 name is aroC
protocols.motifs.Motif: Res1 name is LEU
protocols.motifs.Motif: atom1 name is aroC
protocols.motifs.Motif: atom2 name is S
protocols.motifs.Motif: atom3 name is aroC
protocols.motifs.Motif: Res1 name is GLN
protocols.motifs.Motif: atom1 name is aroC
protocols.motifs.Motif: atom2 name is aroC
protocols.motifs.Motif: atom3 name is aroC
protocols.motifs.Motif: Res1 name is TYR
protocols.motifs.Motif: atom1 name is OOC
protocols.motifs.Motif: atom2 name is S
protocols.motifs.Motif: atom3 name is aroC
core.pack.task: Packer task: initialize from command line() 
core.pack.task: Packer task: initialize from command line() 
core.pack.task: Packer task: initialize from command line() 
protocols.moves.MonteCarlo: MonteCarlo:: last_accepted_score,lowest_score: -1369.9 -1370.13
protocols.motifs.Motif: Res1 name is LEU
protocols.motifs.Motif: atom1 name is aroC
protocols.motifs.Motif: atom2 name is aroC
protocols.motifs.Motif: atom3 name is aroC
protocols.motifs.Motif: Res1 name is GLN
protocols.motifs.Motif: atom1 name is OOC
protocols.motifs.Motif: atom2 name is S
protocols.motifs.Motif: atom3 name is aroC
protocols.motifs.Motif: Res1 name is ASN
protocols.motifs.Motif: atom1 name is aroC
protocols.motifs.Motif: atom2 name is aroC
protocols.motifs.Motif: atom3 name is aroC
protocols.motifs.Motif: Res1 name is LEU
protocols.motifs.Motif: atom1 name is aroC
protocols.motifs.Motif: atom2 name is aroC
protocols.motifs.Motif: atom3 name is aroC
protocols.motifs.Motif: Res1 name is ASN
protocols.motifs.Motif: atom1 name is OOC
protocols.motifs.Motif: atom2 name is COO
protocols.motifs.Motif: atom3 name is OOC
core.pack.task: Packer task: initialize from command line() 
core.pack.task: Packer task: initialize from command line() 
core.pack.task: Packer task: initialize from command line() 
protocols.moves.MonteCarlo: MonteCarlo:: last_accepted_score,lowest_score: -1368.14 -1368.22
protocols.motifs.Motif: Res1 name is LEU
protocols.motifs.Motif: atom1 name is OOC
protocols.motifs.Motif: atom2 name is S
protocols.motifs.Motif: atom3 name is aroC
protocols.motifs.Motif: Res1 name is GLN
protocols.motifs.Motif: atom1 name is OOC
protocols.motifs.Motif: atom2 name is S
protocols.motifs.Motif: atom3 name is aroC
protocols.motifs.Motif: Res1 name is ASN
protocols.motifs.Motif: atom1 name is aroC
protocols.motifs.Motif: atom2 name is S
protocols.motifs.Motif: atom3 name is aroC
protocols.motifs.Motif: Res1 name is LEU
protocols.motifs.Motif: atom1 name is aroC
protocols.motifs.Motif: atom2 name is S
protocols.motifs.Motif: atom3 name is aroC
core.pack.task: Packer task: initialize from command line() 
core.pack.task: Packer task: initialize from command line() 
core.pack.task: Packer task: initialize from command line() 
protocols.moves.MonteCarlo: MonteCarlo:: last_accepted_score,lowest_score: -1368.83 -1369.04
protocols.motifs.Motif: Res1 name is LYS
protocols.motifs.Motif: atom1 name is OOC
protocols.motifs.Motif: atom2 name is COO
protocols.motifs.Motif: atom3 name is OOC
protocols.motifs.Motif: Res1 name is ASN
protocols.motifs.Motif: atom1 name is OOC
protocols.motifs.Motif: atom2 name is S
protocols.motifs.Motif: atom3 name is aroC
core.pack.task: Packer task: initialize from command line() 
core.pack.task: Packer task: initialize from command line() 
core.pack.task: Packer task: initialize from command line() 
protocols.moves.MonteCarlo: MonteCarlo:: last_accepted_score,lowest_score: -1372.31 -1372.31
protocols.motifs.Motif: Res1 name is LYS
protocols.motifs.Motif: atom1 name is aroC
protocols.motifs.Motif: atom2 name is S
protocols.motifs.Motif: atom3 name is aroC
protocols.motifs.Motif: Res1 name is LEU
protocols.motifs.Motif: atom1 name is aroC
protocols.motifs.Motif: atom2 name is S
protocols.motifs.Motif: atom3 name is aroC
protocols.motifs.Motif: Res1 name is GLN
protocols.motifs.Motif: atom1 name is aroC
protocols.motifs.Motif: atom2 name is aroC
protocols.motifs.Motif: atom3 name is aroC
protocols.motifs.Motif: Res1 name is TYR
protocols.motifs.Motif: atom1 name is OOC
protocols.motifs.Motif: atom2 name is S
protocols.motifs.Motif: atom3 name is aroC
core.pack.task: Packer task: initialize from command line() 
core.pack.task: Packer task: initialize from command line() 
core.pack.task: Packer task: initialize from command line() 
protocols.moves.MonteCarlo: MonteCarlo:: last_accepted_score,lowest_score: -1368.81 -1370.99
protocols.motifs.Motif: Res1 name is LEU
protocols.motifs.Motif: atom1 name is OOC
protocols.motifs.Motif: atom2 name is S
protocols.motifs.Motif: atom3 name is aroC
protocols.motifs.Motif: Res1 name is GLN
protocols.motifs.Motif: atom1 name is OOC
protocols.motifs.Motif: atom2 name is S
protocols.motifs.Motif: atom3 name is aroC
protocols.motifs.Motif: Res1 name is ASN
protocols.motifs.Motif: atom1 name is OOC
protocols.motifs.Motif: atom2 name is COO
protocols.motifs.Motif: atom3 name is aroC
protocols.motifs.Motif: Res1 name is LEU
protocols.motifs.Motif: atom1 name is aroC
protocols.motifs.Motif: atom2 name is S
protocols.motifs.Motif: atom3 name is aroC
core.pack.task: Packer task: initialize from command line() 
core.pack.task: Packer task: initialize from command line() 
core.pack.task: Packer task: initialize from command line() 
protocols.moves.MonteCarlo: MonteCarlo:: last_accepted_score,lowest_score: -1370.7 -1370.7
protocols.motifs.Motif: Res1 name is LEU
protocols.motifs.Motif: atom1 name is OOC
protocols.motifs.Motif: atom2 name is S
protocols.motifs.Motif: atom3 name is aroC
protocols.motifs.Motif: Res1 name is GLN
protocols.motifs.Motif: atom1 name is OOC
protocols.motifs.Motif: atom2 name is S
protocols.motifs.Motif: atom3 name is aroC
protocols.motifs.Motif: Res1 name is ASN
protocols.motifs.Motif: atom1 name is OOC
protocols.motifs.Motif: atom2 name is COO
protocols.motifs.Motif: atom3 name is aroC
protocols.motifs.Motif: Res1 name is LEU
protocols.motifs.Motif: atom1 name is OOC
protocols.motifs.Motif: atom2 name is COO
protocols.motifs.Motif: atom3 name is aroC
core.pack.task: Packer task: initialize from command line() 
core.pack.task: Packer task: initialize from command line() 
core.pack.task: Packer task: initialize from command line() 
protocols.moves.MonteCarlo: MonteCarlo:: last_accepted_score,lowest_score: -1368.31 -1368.31
protocols.motifs.Motif: Res1 name is LEU
protocols.motifs.Motif: atom1 name is aroC
protocols.motifs.Motif: atom2 name is S
protocols.motifs.Motif: atom3 name is aroC
protocols.motifs.Motif: Res1 name is GLN
protocols.motifs.Motif: atom1 name is aroC
protocols.motifs.Motif: atom2 name is aroC
protocols.motifs.Motif: atom3 name is aroC
protocols.motifs.Motif: Res1 name is LEU
protocols.motifs.Motif: atom1 name is aroC
protocols.motifs.Motif: atom2 name is S
protocols.motifs.Motif: atom3 name is aroC
core.pack.task: Packer task: initialize from command line() 
core.pack.task: Packer task: initialize from command line() 
core.pack.task: Packer task: initialize from command line() 
protocols.moves.MonteCarlo: MonteCarlo:: last_accepted_score,lowest_score: -1368.84 -1368.84
protocols.motifs.Motif: Res1 name is LEU
protocols.motifs.Motif: atom1 name is aroC
protocols.motifs.Motif: atom2 name is S
protocols.motifs.Motif: atom3 name is aroC
protocols.motifs.Motif: Res1 name is GLN
protocols.motifs.Motif: atom1 name is aroC
protocols.motifs.Motif: atom2 name is aroC
protocols.motifs.Motif: atom3 name is aroC
core.pack.task: Packer task: initialize from command line() 
core.pack.task: Packer task: initialize from command line() 
core.pack.task: Packer task: initialize from command line() 
protocols.moves.MonteCarlo: MonteCarlo:: last_accepted_score,lowest_score: -1371.57 -1371.67
protocols.motifs.Motif: Res1 name is LYS
protocols.motifs.Motif: atom1 name is aroC
protocols.motifs.Motif: atom2 name is S
protocols.motifs.Motif: atom3 name is aroC
protocols.motifs.Motif: Res1 name is GLN
protocols.motifs.Motif: atom1 name is OOC
protocols.motifs.Motif: atom2 name is S
protocols.motifs.Motif: atom3 name is aroC
protocols.motifs.Motif: Res1 name is ARG
protocols.motifs.Motif: atom1 name is OOC
protocols.motifs.Motif: atom2 name is COO
protocols.motifs.Motif: atom3 name is OOC
protocols.motifs.Motif: Res1 name is TYR
protocols.motifs.Motif: atom1 name is OOC
protocols.motifs.Motif: atom2 name is COO
protocols.motifs.Motif: atom3 name is aroC
protocols.motifs.Motif: Res1 name is ASN
protocols.motifs.Motif: atom1 name is OOC
protocols.motifs.Motif: atom2 name is COO
protocols.motifs.Motif: atom3 name is OOC
core.pack.task: Packer task: initialize from command line() 
core.pack.task: Packer task: initialize from command line() 
core.pack.task: Packer task: initialize from command line() 
protocols.moves.MonteCarlo: MonteCarlo:: last_accepted_score,lowest_score: -1369.83 -1369.83
protocols.motifs.Motif: Res1 name is LEU
protocols.motifs.Motif: atom1 name is OOC
protocols.motifs.Motif: atom2 name is S
protocols.motifs.Motif: atom3 name is aroC
protocols.motifs.Motif: Res1 name is GLN
protocols.motifs.Motif: atom1 name is OOC
protocols.motifs.Motif: atom2 name is S
protocols.motifs.Motif: atom3 name is aroC
protocols.motifs.Motif: Res1 name is ASN
protocols.motifs.Motif: atom1 name is OOC
protocols.motifs.Motif: atom2 name is COO
protocols.motifs.Motif: atom3 name is aroC
core.pack.task: Packer task: initialize from command line() 
core.pack.task: Packer task: initialize from command line() 
core.pack.task: Packer task: initialize from command line() 
protocols.moves.MonteCarlo: MonteCarlo:: last_accepted_score,lowest_score: -1369.82 -1369.89
protocols.motifs.Motif: Res1 name is LEU
protocols.motifs.Motif: atom1 name is OOC
protocols.motifs.Motif: atom2 name is S
protocols.motifs.Motif: atom3 name is aroC
protocols.motifs.Motif: Res1 name is GLN
protocols.motifs.Motif: atom1 name is OOC
protocols.motifs.Motif: atom2 name is S
protocols.motifs.Motif: atom3 name is aroC
protocols.motifs.Motif: Res1 name is ASN
protocols.motifs.Motif: atom1 name is Nlys
protocols.motifs.Motif: atom2 name is CH1
protocols.motifs.Motif: atom3 name is aroC
protocols.motifs.Motif: Res1 name is LEU
protocols.motifs.Motif: atom1 name is OOC
protocols.motifs.Motif: atom2 name is S
protocols.motifs.Motif: atom3 name is aroC
protocols.motifs.Motif: Res1 name is ASN
protocols.motifs.Motif: atom1 name is OOC
protocols.motifs.Motif: atom2 name is COO
protocols.motifs.Motif: atom3 name is OOC
core.pack.task: Packer task: initialize from command line() 
core.pack.task: Packer task: initialize from command line() 
core.pack.task: Packer task: initialize from command line() 
protocols.moves.MonteCarlo: MonteCarlo:: last_accepted_score,lowest_score: -1368.04 -1369.62
protocols.motifs.Motif: Res1 name is LYS
protocols.motifs.Motif: atom1 name is OOC
protocols.motifs.Motif: atom2 name is COO
protocols.motifs.Motif: atom3 name is OOC
protocols.motifs.Motif: Res1 name is LEU
protocols.motifs.Motif: atom1 name is OOC
protocols.motifs.Motif: atom2 name is S
protocols.motifs.Motif: atom3 name is aroC
protocols.motifs.Motif: Res1 name is GLN
protocols.motifs.Motif: atom1 name is aroC
protocols.motifs.Motif: atom2 name is S
protocols.motifs.Motif: atom3 name is aroC
core.pack.task: Packer task: initialize from command line() 
core.pack.task: Packer task: initialize from command line() 
core.pack.task: Packer task: initialize from command line() 
protocols.moves.MonteCarlo: MonteCarlo:: last_accepted_score,lowest_score: -1367.59 -1367.59
protocols.motifs.Motif: Res1 name is LYS
protocols.motifs.Motif: atom1 name is aroC
protocols.motifs.Motif: atom2 name is S
protocols.motifs.Motif: atom3 name is aroC
protocols.motifs.Motif: Res1 name is LEU
protocols.motifs.Motif: atom1 name is OOC
protocols.motifs.Motif: atom2 name is S
protocols.motifs.Motif: atom3 name is aroC
protocols.motifs.Motif: Res1 name is GLN
protocols.motifs.Motif: atom1 name is OOC
protocols.motifs.Motif: atom2 name is S
protocols.motifs.Motif: atom3 name is aroC
protocols.motifs.Motif: Res1 name is TYR
protocols.motifs.Motif: atom1 name is OOC
protocols.motifs.Motif: atom2 name is COO
protocols.motifs.Motif: atom3 name is aroC
protocols.motifs.Motif: Res1 name is ASN
protocols.motifs.Motif: atom1 name is Nlys
protocols.motifs.Motif: atom2 name is CH1
protocols.motifs.Motif: atom3 name is aroC
protocols.motifs.Motif: Res1 name is THR
protocols.motifs.Motif: atom1 name is OOC
protocols.motifs.Motif: atom2 name is COO
protocols.motifs.Motif: atom3 name is OOC
protocols.motifs.Motif: Res1 name is ASN
protocols.motifs.Motif: atom1 name is OOC
protocols.motifs.Motif: atom2 name is COO
protocols.motifs.Motif: atom3 name is OOC
core.pack.task: Packer task: initialize from command line() 
core.pack.task: Packer task: initialize from command line() 
core.pack.task: Packer task: initialize from command line() 
protocols.moves.MonteCarlo: MonteCarlo:: last_accepted_score,lowest_score: -1370.06 -1371.19
protocols.motifs.Motif: Res1 name is LYS
protocols.motifs.Motif: atom1 name is OOC
protocols.motifs.Motif: atom2 name is COO
protocols.motifs.Motif: atom3 name is aroC
protocols.motifs.Motif: Res1 name is LEU
protocols.motifs.Motif: atom1 name is OOC
protocols.motifs.Motif: atom2 name is S
protocols.motifs.Motif: atom3 name is aroC
protocols.motifs.Motif: Res1 name is GLN
protocols.motifs.Motif: atom1 name is OOC
protocols.motifs.Motif: atom2 name is S
protocols.motifs.Motif: atom3 name is aroC
protocols.motifs.Motif: Res1 name is LEU
protocols.motifs.Motif: atom1 name is aroC
protocols.motifs.Motif: atom2 name is S
protocols.motifs.Motif: atom3 name is aroC
core.pack.task: Packer task: initialize from command line() 
core.pack.task: Packer task: initialize from command line() 
core.pack.task: Packer task: initialize from command line() 
protocols.moves.MonteCarlo: MonteCarlo:: last_accepted_score,lowest_score: -1369.96 -1370.73
protocols.motifs.Motif: Res1 name is LEU
protocols.motifs.Motif: atom1 name is OOC
protocols.motifs.Motif: atom2 name is S
protocols.motifs.Motif: atom3 name is aroC
protocols.motifs.Motif: Res1 name is GLN
protocols.motifs.Motif: atom1 name is OOC
protocols.motifs.Motif: atom2 name is S
protocols.motifs.Motif: atom3 name is aroC
protocols.motifs.Motif: Res1 name is TYR
protocols.motifs.Motif: atom1 name is OOC
protocols.motifs.Motif: atom2 name is COO
protocols.motifs.Motif: atom3 name is OOC
protocols.motifs.Motif: Res1 name is ASN
protocols.motifs.Motif: atom1 name is OOC
protocols.motifs.Motif: atom2 name is COO
protocols.motifs.Motif: atom3 name is aroC
protocols.motifs.Motif: Res1 name is LEU
protocols.motifs.Motif: atom1 name is OOC
protocols.motifs.Motif: atom2 name is S
protocols.motifs.Motif: atom3 name is aroC
core.pack.task: Packer task: initialize from command line() 
core.pack.task: Packer task: initialize from command line() 
core.pack.task: Packer task: initialize from command line() 
protocols.moves.MonteCarlo: MonteCarlo:: last_accepted_score,lowest_score: -1373.61 -1373.62
protocols.motifs.Motif: Res1 name is GLN
protocols.motifs.Motif: atom1 name is OOC
protocols.motifs.Motif: atom2 name is S
protocols.motifs.Motif: atom3 name is aroC
protocols.motifs.Motif: Res1 name is VAL
protocols.motifs.Motif: atom1 name is OOC
protocols.motifs.Motif: atom2 name is COO
protocols.motifs.Motif: atom3 name is OOC
protocols.motifs.Motif: Res1 name is TYR
protocols.motifs.Motif: atom1 name is OOC
protocols.motifs.Motif: atom2 name is S
protocols.motifs.Motif: atom3 name is aroC
protocols.motifs.Motif: Res1 name is LEU
protocols.motifs.Motif: atom1 name is aroC
protocols.motifs.Motif: atom2 name is S
protocols.motifs.Motif: atom3 name is aroC
protocols.motifs.Motif: Res1 name is THR
protocols.motifs.Motif: atom1 name is OOC
protocols.motifs.Motif: atom2 name is COO
protocols.motifs.Motif: atom3 name is OOC
core.pack.task: Packer task: initialize from command line() 
core.pack.task: Packer task: initialize from command line() 
core.pack.task: Packer task: initialize from command line() 
protocols.moves.MonteCarlo: MonteCarlo:: last_accepted_score,lowest_score: -1370.36 -1370.91
protocols.motifs.Motif: Res1 name is GLN
protocols.motifs.Motif: atom1 name is OOC
protocols.motifs.Motif: atom2 name is S
protocols.motifs.Motif: atom3 name is aroC
protocols.motifs.Motif: Res1 name is TYR
protocols.motifs.Motif: atom1 name is OOC
protocols.motifs.Motif: atom2 name is S
protocols.motifs.Motif: atom3 name is aroC
core.pack.task: Packer task: initialize from command line() 
core.pack.task: Packer task: initialize from command line() 
core.pack.task: Packer task: initialize from command line() 
protocols.moves.MonteCarlo: MonteCarlo:: last_accepted_score,lowest_score: -1370.39 -1370.39
protocols.motifs.Motif: Res1 name is GLN
protocols.motifs.Motif: atom1 name is OOC
protocols.motifs.Motif: atom2 name is S
protocols.motifs.Motif: atom3 name is aroC
protocols.motifs.Motif: Res1 name is LEU
protocols.motifs.Motif: atom1 name is aroC
protocols.motifs.Motif: atom2 name is S
protocols.motifs.Motif: atom3 name is aroC
core.pack.task: Packer task: initialize from command line() 
core.pack.task: Packer task: initialize from command line() 
core.pack.task: Packer task: initialize from command line() 
protocols.moves.MonteCarlo: MonteCarlo:: last_accepted_score,lowest_score: -1372.42 -1372.42
protocols.motifs.Motif: Res1 name is GLN
protocols.motifs.Motif: atom1 name is OOC
protocols.motifs.Motif: atom2 name is S
protocols.motifs.Motif: atom3 name is aroC
protocols.motifs.Motif: Res1 name is TYR
protocols.motifs.Motif: atom1 name is OOC
protocols.motifs.Motif: atom2 name is S
protocols.motifs.Motif: atom3 name is aroC
core.pack.task: Packer task: initialize from command line() 
core.pack.task: Packer task: initialize from command line() 
core.pack.task: Packer task: initialize from command line() 
protocols.moves.MonteCarlo: MonteCarlo:: last_accepted_score,lowest_score: -1366.28 -1366.28
protocols.motifs.Motif: Res1 name is LEU
protocols.motifs.Motif: atom1 name is aroC
protocols.motifs.Motif: atom2 name is aroC
protocols.motifs.Motif: atom3 name is aroC
protocols.motifs.Motif: Res1 name is GLN
protocols.motifs.Motif: atom1 name is OOC
protocols.motifs.Motif: atom2 name is S
protocols.motifs.Motif: atom3 name is aroC
protocols.motifs.Motif: Res1 name is ARG
protocols.motifs.Motif: atom1 name is OOC
protocols.motifs.Motif: atom2 name is COO
protocols.motifs.Motif: atom3 name is OOC
protocols.motifs.Motif: Res1 name is ASN
protocols.motifs.Motif: atom1 name is aroC
protocols.motifs.Motif: atom2 name is aroC
protocols.motifs.Motif: atom3 name is aroC
core.pack.task: Packer task: initialize from command line() 
core.pack.task: Packer task: initialize from command line() 
core.pack.task: Packer task: initialize from command line() 
protocols.moves.MonteCarlo: MonteCarlo:: last_accepted_score,lowest_score: -1373.88 -1373.88
protocols.motifs.Motif: Res1 name is VAL
protocols.motifs.Motif: atom1 name is COO
protocols.motifs.Motif: atom2 name is CH1
protocols.motifs.Motif: atom3 name is aroC
protocols.motifs.Motif: Res1 name is TYR
protocols.motifs.Motif: atom1 name is OOC
protocols.motifs.Motif: atom2 name is S
protocols.motifs.Motif: atom3 name is aroC
protocols.motifs.Motif: Res1 name is LEU
protocols.motifs.Motif: atom1 name is aroC
protocols.motifs.Motif: atom2 name is S
protocols.motifs.Motif: atom3 name is aroC
protocols.motifs.Motif: Res1 name is THR
protocols.motifs.Motif: atom1 name is OOC
protocols.motifs.Motif: atom2 name is COO
protocols.motifs.Motif: atom3 name is OOC
core.pack.task: Packer task: initialize from command line() 
core.pack.task: Packer task: initialize from command line() 
core.pack.task: Packer task: initialize from command line() 
protocols.moves.MonteCarlo: MonteCarlo:: last_accepted_score,lowest_score: -1367.65 -1367.71
protocols.motifs.Motif: Res1 name is TYR
protocols.motifs.Motif: atom1 name is OOC
protocols.motifs.Motif: atom2 name is COO
protocols.motifs.Motif: atom3 name is OOC
core.pack.task: Packer task: initialize from command line() 
core.pack.task: Packer task: initialize from command line() 
core.pack.task: Packer task: initialize from command line() 
protocols.moves.MonteCarlo: MonteCarlo:: last_accepted_score,lowest_score: -1342.46 -1342.46
protocols.motifs.Motif: Res1 name is LEU
protocols.motifs.Motif: atom1 name is aroC
protocols.motifs.Motif: atom2 name is aroC
protocols.motifs.Motif: atom3 name is aroC
protocols.motifs.Motif: Res1 name is GLN
protocols.motifs.Motif: atom1 name is OOC
protocols.motifs.Motif: atom2 name is S
protocols.motifs.Motif: atom3 name is aroC
protocols.motifs.Motif: Res1 name is TYR
protocols.motifs.Motif: atom1 name is OOC
protocols.motifs.Motif: atom2 name is COO
protocols.motifs.Motif: atom3 name is aroC
protocols.motifs.Motif: Res1 name is ASN
protocols.motifs.Motif: atom1 name is OOC
protocols.motifs.Motif: atom2 name is COO
protocols.motifs.Motif: atom3 name is OOC
core.pack.task: Packer task: initialize from command line() 
core.pack.task: Packer task: initialize from command line() 
core.pack.task: Packer task: initialize from command line() 
protocols.moves.MonteCarlo: MonteCarlo:: last_accepted_score,lowest_score: -1372.65 -1372.65
protocols.motifs.Motif: Res1 name is LYS
protocols.motifs.Motif: atom1 name is OOC
protocols.motifs.Motif: atom2 name is S
protocols.motifs.Motif: atom3 name is aroC
protocols.motifs.Motif: Res1 name is GLN
protocols.motifs.Motif: atom1 name is aroC
protocols.motifs.Motif: atom2 name is aroC
protocols.motifs.Motif: atom3 name is aroC
protocols.motifs.Motif: Res1 name is TYR
protocols.motifs.Motif: atom1 name is Nlys
protocols.motifs.Motif: atom2 name is CH1
protocols.motifs.Motif: atom3 name is aroC
core.pack.task: Packer task: initialize from command line() 
core.pack.task: Packer task: initialize from command line() 
core.pack.task: Packer task: initialize from command line() 
protocols.moves.MonteCarlo: MonteCarlo:: last_accepted_score,lowest_score: -1371.55 -1371.55
protocols.motifs.Motif: Res1 name is VAL
protocols.motifs.Motif: atom1 name is COO
protocols.motifs.Motif: atom2 name is CH1
protocols.motifs.Motif: atom3 name is aroC
protocols.motifs.Motif: Res1 name is ASN
protocols.motifs.Motif: atom1 name is aroC
protocols.motifs.Motif: atom2 name is S
protocols.motifs.Motif: atom3 name is aroC
protocols.motifs.Motif: Res1 name is LEU
protocols.motifs.Motif: atom1 name is aroC
protocols.motifs.Motif: atom2 name is S
protocols.motifs.Motif: atom3 name is aroC
core.pack.task: Packer task: initialize from command line() 
core.pack.task: Packer task: initialize from command line() 
core.pack.task: Packer task: initialize from command line() 
protocols.moves.MonteCarlo: MonteCarlo:: last_accepted_score,lowest_score: -1370.24 -1370.52
protocols.motifs.Motif: Res1 name is LYS
protocols.motifs.Motif: atom1 name is aroC
protocols.motifs.Motif: atom2 name is aroC
protocols.motifs.Motif: atom3 name is aroC
protocols.motifs.Motif: Res1 name is LEU
protocols.motifs.Motif: atom1 name is aroC
protocols.motifs.Motif: atom2 name is S
protocols.motifs.Motif: atom3 name is aroC
protocols.motifs.Motif: Res1 name is LEU
protocols.motifs.Motif: atom1 name is OOC
protocols.motifs.Motif: atom2 name is COO
protocols.motifs.Motif: atom3 name is aroC
core.pack.task: Packer task: initialize from command line() 
core.pack.task: Packer task: initialize from command line() 
core.pack.task: Packer task: initialize from command line() 
protocols.moves.MonteCarlo: MonteCarlo:: last_accepted_score,lowest_score: -1371.74 -1371.77
protocols.motifs.Motif: Res1 name is LYS
protocols.motifs.Motif: atom1 name is OOC
protocols.motifs.Motif: atom2 name is S
protocols.motifs.Motif: atom3 name is aroC
protocols.motifs.Motif: Res1 name is LEU
protocols.motifs.Motif: atom1 name is aroC
protocols.motifs.Motif: atom2 name is S
protocols.motifs.Motif: atom3 name is aroC
protocols.motifs.Motif: Res1 name is LYS
protocols.motifs.Motif: atom1 name is aroC
protocols.motifs.Motif: atom2 name is aroC
protocols.motifs.Motif: atom3 name is COO
core.pack.task: Packer task: initialize from command line() 
core.pack.task: Packer task: initialize from command line() 
core.pack.task: Packer task: initialize from command line() 
protocols.moves.MonteCarlo: MonteCarlo:: last_accepted_score,lowest_score: -1369.79 -1369.79
protocols.motifs.Motif: Res1 name is LEU
protocols.motifs.Motif: atom1 name is aroC
protocols.motifs.Motif: atom2 name is S
protocols.motifs.Motif: atom3 name is aroC
protocols.motifs.Motif: Res1 name is GLN
protocols.motifs.Motif: atom1 name is aroC
protocols.motifs.Motif: atom2 name is aroC
protocols.motifs.Motif: atom3 name is aroC
protocols.motifs.Motif: Res1 name is ARG
protocols.motifs.Motif: atom1 name is OOC
protocols.motifs.Motif: atom2 name is COO
protocols.motifs.Motif: atom3 name is OOC
protocols.motifs.Motif: Res1 name is LEU
protocols.motifs.Motif: atom1 name is aroC
protocols.motifs.Motif: atom2 name is S
protocols.motifs.Motif: atom3 name is aroC
protocols.motifs.Motif: Res1 name is ASN
protocols.motifs.Motif: atom1 name is aroC
protocols.motifs.Motif: atom2 name is aroC
protocols.motifs.Motif: atom3 name is aroC
core.pack.task: Packer task: initialize from command line() 
core.pack.task: Packer task: initialize from command line() 
core.pack.task: Packer task: initialize from command line() 
protocols.moves.MonteCarlo: MonteCarlo:: last_accepted_score,lowest_score: -1371.16 -1371.16
protocols.motifs.Motif: Res1 name is LEU
protocols.motifs.Motif: atom1 name is OOC
protocols.motifs.Motif: atom2 name is S
protocols.motifs.Motif: atom3 name is aroC
protocols.motifs.Motif: Res1 name is GLN
protocols.motifs.Motif: atom1 name is OOC
protocols.motifs.Motif: atom2 name is S
protocols.motifs.Motif: atom3 name is aroC
protocols.motifs.Motif: Res1 name is ASN
protocols.motifs.Motif: atom1 name is OOC
protocols.motifs.Motif: atom2 name is COO
protocols.motifs.Motif: atom3 name is aroC
protocols.motifs.Motif: Res1 name is LEU
protocols.motifs.Motif: atom1 name is aroC
protocols.motifs.Motif: atom2 name is S
protocols.motifs.Motif: atom3 name is aroC
core.pack.task: Packer task: initialize from command line() 
core.pack.task: Packer task: initialize from command line() 
core.pack.task: Packer task: initialize from command line() 
protocols.moves.MonteCarlo: MonteCarlo:: last_accepted_score,lowest_score: -1372.1 -1372.1
protocols.motifs.Motif: Res1 name is LYS
protocols.motifs.Motif: atom1 name is aroC
protocols.motifs.Motif: atom2 name is aroC
protocols.motifs.Motif: atom3 name is aroC
protocols.motifs.Motif: Res1 name is TYR
protocols.motifs.Motif: atom1 name is OOC
protocols.motifs.Motif: atom2 name is S
protocols.motifs.Motif: atom3 name is aroC
core.pack.task: Packer task: initialize from command line() 
core.pack.task: Packer task: initialize from command line() 
core.pack.task: Packer task: initialize from command line() 
protocols.moves.MonteCarlo: MonteCarlo:: last_accepted_score,lowest_score: -1369.82 -1369.92
protocols.motifs.Motif: Res1 name is GLN
protocols.motifs.Motif: atom1 name is OOC
protocols.motifs.Motif: atom2 name is S
protocols.motifs.Motif: atom3 name is aroC
protocols.motifs.Motif: Res1 name is ASN
protocols.motifs.Motif: atom1 name is OOC
protocols.motifs.Motif: atom2 name is COO
protocols.motifs.Motif: atom3 name is aroC
core.pack.task: Packer task: initialize from command line() 
core.pack.task: Packer task: initialize from command line() 
core.pack.task: Packer task: initialize from command line() 
protocols.moves.MonteCarlo: MonteCarlo:: last_accepted_score,lowest_score: -1370.9 -1371.53
protocols.motifs.Motif: Res1 name is GLN
protocols.motifs.Motif: atom1 name is aroC
protocols.motifs.Motif: atom2 name is S
protocols.motifs.Motif: atom3 name is aroC
protocols.motifs.Motif: Res1 name is TYR
protocols.motifs.Motif: atom1 name is OOC
protocols.motifs.Motif: atom2 name is S
protocols.motifs.Motif: atom3 name is aroC
core.pack.task: Packer task: initialize from command line() 
core.pack.task: Packer task: initialize from command line() 
core.pack.task: Packer task: initialize from command line() 
protocols.moves.MonteCarlo: MonteCarlo:: last_accepted_score,lowest_score: -1369.28 -1369.8
protocols.motifs.Motif: Res1 name is LYS
protocols.motifs.Motif: atom1 name is aroC
protocols.motifs.Motif: atom2 name is S
protocols.motifs.Motif: atom3 name is aroC
protocols.motifs.Motif: Res1 name is LEU
protocols.motifs.Motif: atom1 name is aroC
protocols.motifs.Motif: atom2 name is S
protocols.motifs.Motif: atom3 name is aroC
protocols.motifs.Motif: Res1 name is GLN
protocols.motifs.Motif: atom1 name is aroC
protocols.motifs.Motif: atom2 name is aroC
protocols.motifs.Motif: atom3 name is aroC
protocols.motifs.Motif: Res1 name is LEU
protocols.motifs.Motif: atom1 name is OOC
protocols.motifs.Motif: atom2 name is COO
protocols.motifs.Motif: atom3 name is aroC
core.pack.task: Packer task: initialize from command line() 
core.pack.task: Packer task: initialize from command line() 
core.pack.task: Packer task: initialize from command line() 
protocols.moves.MonteCarlo: MonteCarlo:: last_accepted_score,lowest_score: -1371.74 -1372.31
protocols.motifs.Motif: Res1 name is LYS
protocols.motifs.Motif: atom1 name is OOC
protocols.motifs.Motif: atom2 name is S
protocols.motifs.Motif: atom3 name is aroC
protocols.motifs.Motif: Res1 name is LYS
protocols.motifs.Motif: atom1 name is OOC
protocols.motifs.Motif: atom2 name is COO
protocols.motifs.Motif: atom3 name is aroC
core.pack.task: Packer task: initialize from command line() 
core.pack.task: Packer task: initialize from command line() 
core.pack.task: Packer task: initialize from command line() 
protocols.moves.MonteCarlo: MonteCarlo:: last_accepted_score,lowest_score: -1372.01 -1372.01
protocols.motifs.Motif: Res1 name is GLN
protocols.motifs.Motif: atom1 name is OOC
protocols.motifs.Motif: atom2 name is S
protocols.motifs.Motif: atom3 name is aroC
protocols.motifs.Motif: Res1 name is VAL
protocols.motifs.Motif: atom1 name is OOC
protocols.motifs.Motif: atom2 name is COO
protocols.motifs.Motif: atom3 name is OOC
core.pack.task: Packer task: initialize from command line() 
core.pack.task: Packer task: initialize from command line() 
core.pack.task: Packer task: initialize from command line() 
protocols.moves.MonteCarlo: MonteCarlo:: last_accepted_score,lowest_score: -1370.81 -1371.32
protocols.motifs.Motif: Res1 name is GLN
protocols.motifs.Motif: atom1 name is Nlys
protocols.motifs.Motif: atom2 name is CH1
protocols.motifs.Motif: atom3 name is aroC
protocols.motifs.Motif: Res1 name is TYR
protocols.motifs.Motif: atom1 name is Nlys
protocols.motifs.Motif: atom2 name is CH1
protocols.motifs.Motif: atom3 name is aroC
core.pack.task: Packer task: initialize from command line() 
core.pack.task: Packer task: initialize from command line() 
core.pack.task: Packer task: initialize from command line() 
protocols.moves.MonteCarlo: MonteCarlo:: last_accepted_score,lowest_score: -1369.06 -1371.41
protocols.motifs.Motif: Res1 name is LYS
protocols.motifs.Motif: atom1 name is OOC
protocols.motifs.Motif: atom2 name is COO
protocols.motifs.Motif: atom3 name is aroC
protocols.motifs.Motif: Res1 name is LEU
protocols.motifs.Motif: atom1 name is OOC
protocols.motifs.Motif: atom2 name is S
protocols.motifs.Motif: atom3 name is aroC
protocols.motifs.Motif: Res1 name is GLN
protocols.motifs.Motif: atom1 name is OOC
protocols.motifs.Motif: atom2 name is S
protocols.motifs.Motif: atom3 name is aroC
protocols.motifs.Motif: Res1 name is LEU
protocols.motifs.Motif: atom1 name is aroC
protocols.motifs.Motif: atom2 name is aroC
protocols.motifs.Motif: atom3 name is aroC
core.pack.task: Packer task: initialize from command line() 
core.pack.task: Packer task: initialize from command line() 
core.pack.task: Packer task: initialize from command line() 
protocols.moves.MonteCarlo: MonteCarlo:: last_accepted_score,lowest_score: -1368.78 -1368.78
protocols.motifs.Motif: Res1 name is GLN
protocols.motifs.Motif: atom1 name is aroC
protocols.motifs.Motif: atom2 name is aroC
protocols.motifs.Motif: atom3 name is aroC
protocols.motifs.Motif: Res1 name is TYR
protocols.motifs.Motif: atom1 name is OOC
protocols.motifs.Motif: atom2 name is S
protocols.motifs.Motif: atom3 name is aroC
core.pack.task: Packer task: initialize from command line() 
core.pack.task: Packer task: initialize from command line() 
core.pack.task: Packer task: initialize from command line() 
protocols.moves.MonteCarlo: MonteCarlo:: last_accepted_score,lowest_score: -1369.7 -1369.7
protocols.motifs.Motif: Res1 name is LYS
protocols.motifs.Motif: atom1 name is OOC
protocols.motifs.Motif: atom2 name is COO
protocols.motifs.Motif: atom3 name is OOC
protocols.motifs.Motif: Res1 name is LEU
protocols.motifs.Motif: atom1 name is aroC
protocols.motifs.Motif: atom2 name is S
protocols.motifs.Motif: atom3 name is aroC
protocols.motifs.Motif: Res1 name is GLN
protocols.motifs.Motif: atom1 name is aroC
protocols.motifs.Motif: atom2 name is aroC
protocols.motifs.Motif: atom3 name is aroC
core.pack.task: Packer task: initialize from command line() 
core.pack.task: Packer task: initialize from command line() 
core.pack.task: Packer task: initialize from command line() 
protocols.moves.MonteCarlo: MonteCarlo:: last_accepted_score,lowest_score: -1367.16 -1368.37
protocols.motifs.Motif: Res1 name is GLN
protocols.motifs.Motif: atom1 name is Nlys
protocols.motifs.Motif: atom2 name is CH1
protocols.motifs.Motif: atom3 name is aroC
protocols.motifs.Motif: Res1 name is TYR
protocols.motifs.Motif: atom1 name is OOC
protocols.motifs.Motif: atom2 name is COO
protocols.motifs.Motif: atom3 name is OOC
core.pack.task: Packer task: initialize from command line() 
core.pack.task: Packer task: initialize from command line() 
core.pack.task: Packer task: initialize from command line() 
protocols.moves.MonteCarlo: MonteCarlo:: last_accepted_score,lowest_score: -1368.66 -1368.69
protocols.motifs.Motif: Res1 name is GLN
protocols.motifs.Motif: atom1 name is aroC
protocols.motifs.Motif: atom2 name is aroC
protocols.motifs.Motif: atom3 name is aroC
protocols.motifs.Motif: Res1 name is ASP
protocols.motifs.Motif: atom1 name is OOC
protocols.motifs.Motif: atom2 name is COO
protocols.motifs.Motif: atom3 name is OOC
protocols.motifs.Motif: Res1 name is LEU
protocols.motifs.Motif: atom1 name is aroC
protocols.motifs.Motif: atom2 name is S
protocols.motifs.Motif: atom3 name is aroC
core.pack.task: Packer task: initialize from command line() 
core.pack.task: Packer task: initialize from command line() 
core.pack.task: Packer task: initialize from command line() 
protocols.moves.MonteCarlo: MonteCarlo:: last_accepted_score,lowest_score: -1370.33 -1370.33
protocols.motifs.Motif: Res1 name is LYS
protocols.motifs.Motif: atom1 name is aroC
protocols.motifs.Motif: atom2 name is aroC
protocols.motifs.Motif: atom3 name is aroC
protocols.motifs.Motif: Res1 name is LEU
protocols.motifs.Motif: atom1 name is aroC
protocols.motifs.Motif: atom2 name is aroC
protocols.motifs.Motif: atom3 name is aroC
protocols.motifs.Motif: Res1 name is GLN
protocols.motifs.Motif: atom1 name is aroC
protocols.motifs.Motif: atom2 name is S
protocols.motifs.Motif: atom3 name is aroC
protocols.motifs.Motif: Res1 name is LYS
protocols.motifs.Motif: atom1 name is OOC
protocols.motifs.Motif: atom2 name is COO
protocols.motifs.Motif: atom3 name is OOC
core.pack.task: Packer task: initialize from command line() 
core.pack.task: Packer task: initialize from command line() 
core.pack.task: Packer task: initialize from command line() 
protocols.moves.MonteCarlo: MonteCarlo:: last_accepted_score,lowest_score: -1371.74 -1371.74
protocols.motifs.Motif: Res1 name is VAL
protocols.motifs.Motif: atom1 name is COO
protocols.motifs.Motif: atom2 name is CH1
protocols.motifs.Motif: atom3 name is aroC
protocols.motifs.Motif: Res1 name is TYR
protocols.motifs.Motif: atom1 name is Nlys
protocols.motifs.Motif: atom2 name is CH1
protocols.motifs.Motif: atom3 name is aroC
protocols.motifs.Motif: Res1 name is ASN
protocols.motifs.Motif: atom1 name is OOC
protocols.motifs.Motif: atom2 name is COO
protocols.motifs.Motif: atom3 name is aroC
protocols.motifs.Motif: Res1 name is LEU
protocols.motifs.Motif: atom1 name is aroC
protocols.motifs.Motif: atom2 name is S
protocols.motifs.Motif: atom3 name is aroC
core.pack.task: Packer task: initialize from command line() 
core.pack.task: Packer task: initialize from command line() 
core.pack.task: Packer task: initialize from command line() 
protocols.moves.MonteCarlo: MonteCarlo:: last_accepted_score,lowest_score: -1371.38 -1371.74
protocols.motifs.Motif: Res1 name is LYS
protocols.motifs.Motif: atom1 name is aroC
protocols.motifs.Motif: atom2 name is aroC
protocols.motifs.Motif: atom3 name is aroC
protocols.motifs.Motif: Res1 name is LEU
protocols.motifs.Motif: atom1 name is aroC
protocols.motifs.Motif: atom2 name is S
protocols.motifs.Motif: atom3 name is aroC
protocols.motifs.Motif: Res1 name is GLN
protocols.motifs.Motif: atom1 name is aroC
protocols.motifs.Motif: atom2 name is aroC
protocols.motifs.Motif: atom3 name is aroC
protocols.motifs.Motif: Res1 name is TYR
protocols.motifs.Motif: atom1 name is OOC
protocols.motifs.Motif: atom2 name is S
protocols.motifs.Motif: atom3 name is aroC
core.pack.task: Packer task: initialize from command line() 
core.pack.task: Packer task: initialize from command line() 
core.pack.task: Packer task: initialize from command line() 
protocols.moves.MonteCarlo: MonteCarlo:: last_accepted_score,lowest_score: -1371.66 -1371.66
protocols.motifs.Motif: Res1 name is LYS
protocols.motifs.Motif: atom1 name is aroC
protocols.motifs.Motif: atom2 name is S
protocols.motifs.Motif: atom3 name is aroC
protocols.motifs.Motif: Res1 name is LEU
protocols.motifs.Motif: atom1 name is aroC
protocols.motifs.Motif: atom2 name is S
protocols.motifs.Motif: atom3 name is aroC
protocols.motifs.Motif: Res1 name is GLN
protocols.motifs.Motif: atom1 name is OOC
protocols.motifs.Motif: atom2 name is S
protocols.motifs.Motif: atom3 name is aroC
protocols.motifs.Motif: Res1 name is TYR
protocols.motifs.Motif: atom1 name is OOC
protocols.motifs.Motif: atom2 name is S
protocols.motifs.Motif: atom3 name is aroC
core.pack.task: Packer task: initialize from command line() 
core.pack.task: Packer task: initialize from command line() 
core.pack.task: Packer task: initialize from command line() 
protocols.moves.MonteCarlo: MonteCarlo:: last_accepted_score,lowest_score: -1371.03 -1371.03
protocols.motifs.Motif: Res1 name is LYS
protocols.motifs.Motif: atom1 name is aroC
protocols.motifs.Motif: atom2 name is S
protocols.motifs.Motif: atom3 name is aroC
protocols.motifs.Motif: Res1 name is GLN
protocols.motifs.Motif: atom1 name is OOC
protocols.motifs.Motif: atom2 name is S
protocols.motifs.Motif: atom3 name is aroC
protocols.motifs.Motif: Res1 name is TYR
protocols.motifs.Motif: atom1 name is OOC
protocols.motifs.Motif: atom2 name is S
protocols.motifs.Motif: atom3 name is aroC
core.pack.task: Packer task: initialize from command line() 
core.pack.task: Packer task: initialize from command line() 
core.pack.task: Packer task: initialize from command line() 
protocols.moves.MonteCarlo: MonteCarlo:: last_accepted_score,lowest_score: -1371.38 -1371.38
protocols.motifs.Motif: Res1 name is LYS
protocols.motifs.Motif: atom1 name is aroC
protocols.motifs.Motif: atom2 name is S
protocols.motifs.Motif: atom3 name is aroC
protocols.motifs.Motif: Res1 name is LEU
protocols.motifs.Motif: atom1 name is aroC
protocols.motifs.Motif: atom2 name is S
protocols.motifs.Motif: atom3 name is aroC
protocols.motifs.Motif: Res1 name is GLN
protocols.motifs.Motif: atom1 name is OOC
protocols.motifs.Motif: atom2 name is S
protocols.motifs.Motif: atom3 name is aroC
protocols.motifs.Motif: Res1 name is TYR
protocols.motifs.Motif: atom1 name is OOC
protocols.motifs.Motif: atom2 name is S
protocols.motifs.Motif: atom3 name is aroC
core.pack.task: Packer task: initialize from command line() 
core.pack.task: Packer task: initialize from command line() 
core.pack.task: Packer task: initialize from command line() 
protocols.moves.MonteCarlo: MonteCarlo:: last_accepted_score,lowest_score: -1368.26 -1368.82
protocols.motifs.Motif: Res1 name is LEU
protocols.motifs.Motif: atom1 name is OOC
protocols.motifs.Motif: atom2 name is COO
protocols.motifs.Motif: atom3 name is aroC
protocols.motifs.Motif: Res1 name is GLN
protocols.motifs.Motif: atom1 name is Ntrp
protocols.motifs.Motif: atom2 name is aroC
protocols.motifs.Motif: atom3 name is aroC
core.pack.task: Packer task: initialize from command line() 
core.pack.task: Packer task: initialize from command line() 
core.pack.task: Packer task: initialize from command line() 
protocols.moves.MonteCarlo: MonteCarlo:: last_accepted_score,lowest_score: -1369.51 -1371.1
protocols.motifs.Motif: Res1 name is LYS
protocols.motifs.Motif: atom1 name is aroC
protocols.motifs.Motif: atom2 name is S
protocols.motifs.Motif: atom3 name is aroC
protocols.motifs.Motif: Res1 name is LEU
protocols.motifs.Motif: atom1 name is aroC
protocols.motifs.Motif: atom2 name is S
protocols.motifs.Motif: atom3 name is aroC
protocols.motifs.Motif: Res1 name is GLN
protocols.motifs.Motif: atom1 name is OOC
protocols.motifs.Motif: atom2 name is S
protocols.motifs.Motif: atom3 name is aroC
protocols.motifs.Motif: Res1 name is TYR
protocols.motifs.Motif: atom1 name is OOC
protocols.motifs.Motif: atom2 name is S
protocols.motifs.Motif: atom3 name is aroC
core.pack.task: Packer task: initialize from command line() 
core.pack.task: Packer task: initialize from command line() 
core.pack.task: Packer task: initialize from command line() 
protocols.moves.MonteCarlo: MonteCarlo:: last_accepted_score,lowest_score: -1370.89 -1370.99
protocols.motifs.Motif: Res1 name is LYS
protocols.motifs.Motif: atom1 name is aroC
protocols.motifs.Motif: atom2 name is aroC
protocols.motifs.Motif: atom3 name is aroC
protocols.motifs.Motif: Res1 name is LEU
protocols.motifs.Motif: atom1 name is aroC
protocols.motifs.Motif: atom2 name is S
protocols.motifs.Motif: atom3 name is aroC
protocols.motifs.Motif: Res1 name is LYS
protocols.motifs.Motif: atom1 name is OOC
protocols.motifs.Motif: atom2 name is COO
protocols.motifs.Motif: atom3 name is aroC
core.pack.task: Packer task: initialize from command line() 
core.pack.task: Packer task: initialize from command line() 
core.pack.task: Packer task: initialize from command line() 
protocols.moves.MonteCarlo: MonteCarlo:: last_accepted_score,lowest_score: -1371.24 -1371.7
protocols.motifs.Motif: Res1 name is LYS
protocols.motifs.Motif: atom1 name is OOC
protocols.motifs.Motif: atom2 name is S
protocols.motifs.Motif: atom3 name is aroC
protocols.motifs.Motif: Res1 name is LEU
protocols.motifs.Motif: atom1 name is aroC
protocols.motifs.Motif: atom2 name is S
protocols.motifs.Motif: atom3 name is aroC
protocols.motifs.Motif: Res1 name is LYS
protocols.motifs.Motif: atom1 name is OOC
protocols.motifs.Motif: atom2 name is COO
protocols.motifs.Motif: atom3 name is aroC
core.pack.task: Packer task: initialize from command line() 
core.pack.task: Packer task: initialize from command line() 
core.pack.task: Packer task: initialize from command line() 
protocols.moves.MonteCarlo: MonteCarlo:: last_accepted_score,lowest_score: -1372.06 -1372.06
protocols.motifs.Motif: Res1 name is LYS
protocols.motifs.Motif: atom1 name is OOC
protocols.motifs.Motif: atom2 name is S
protocols.motifs.Motif: atom3 name is aroC
protocols.motifs.Motif: Res1 name is LEU
protocols.motifs.Motif: atom1 name is aroC
protocols.motifs.Motif: atom2 name is S
protocols.motifs.Motif: atom3 name is aroC
protocols.motifs.Motif: Res1 name is GLN
protocols.motifs.Motif: atom1 name is Nlys
protocols.motifs.Motif: atom2 name is CH1
protocols.motifs.Motif: atom3 name is aroC
protocols.motifs.Motif: Res1 name is TYR
protocols.motifs.Motif: atom1 name is OOC
protocols.motifs.Motif: atom2 name is S
protocols.motifs.Motif: atom3 name is aroC
core.pack.task: Packer task: initialize from command line() 
core.pack.task: Packer task: initialize from command line() 
core.pack.task: Packer task: initialize from command line() 
protocols.moves.MonteCarlo: MonteCarlo:: last_accepted_score,lowest_score: -1371.52 -1371.98
protocols.motifs.Motif: Res1 name is LYS
protocols.motifs.Motif: atom1 name is aroC
protocols.motifs.Motif: atom2 name is S
protocols.motifs.Motif: atom3 name is aroC
protocols.motifs.Motif: Res1 name is LEU
protocols.motifs.Motif: atom1 name is aroC
protocols.motifs.Motif: atom2 name is S
protocols.motifs.Motif: atom3 name is aroC
protocols.motifs.Motif: Res1 name is GLN
protocols.motifs.Motif: atom1 name is aroC
protocols.motifs.Motif: atom2 name is aroC
protocols.motifs.Motif: atom3 name is aroC
protocols.motifs.Motif: Res1 name is TYR
protocols.motifs.Motif: atom1 name is OOC
protocols.motifs.Motif: atom2 name is S
protocols.motifs.Motif: atom3 name is aroC
core.pack.task: Packer task: initialize from command line() 
core.pack.task: Packer task: initialize from command line() 
core.pack.task: Packer task: initialize from command line() 
protocols.moves.MonteCarlo: MonteCarlo:: last_accepted_score,lowest_score: -1366.42 -1367.78
protocols.motifs.Motif: Res1 name is GLN
protocols.motifs.Motif: atom1 name is Nlys
protocols.motifs.Motif: atom2 name is CH1
protocols.motifs.Motif: atom3 name is aroC
protocols.motifs.Motif: Res1 name is TYR
protocols.motifs.Motif: atom1 name is OOC
protocols.motifs.Motif: atom2 name is COO
protocols.motifs.Motif: atom3 name is OOC
core.pack.task: Packer task: initialize from command line() 
core.pack.task: Packer task: initialize from command line() 
core.pack.task: Packer task: initialize from command line() 
protocols.moves.MonteCarlo: MonteCarlo:: last_accepted_score,lowest_score: -1371.91 -1372.01
protocols.motifs.Motif: Res1 name is VAL
protocols.motifs.Motif: atom1 name is COO
protocols.motifs.Motif: atom2 name is CH1
protocols.motifs.Motif: atom3 name is aroC
protocols.motifs.Motif: Res1 name is TYR
protocols.motifs.Motif: atom1 name is Nlys
protocols.motifs.Motif: atom2 name is CH1
protocols.motifs.Motif: atom3 name is aroC
protocols.motifs.Motif: Res1 name is ASN
protocols.motifs.Motif: atom1 name is aroC
protocols.motifs.Motif: atom2 name is S
protocols.motifs.Motif: atom3 name is aroC
protocols.motifs.Motif: Res1 name is LEU
protocols.motifs.Motif: atom1 name is aroC
protocols.motifs.Motif: atom2 name is S
protocols.motifs.Motif: atom3 name is aroC
core.pack.task: Packer task: initialize from command line() 
core.pack.task: Packer task: initialize from command line() 
core.pack.task: Packer task: initialize from command line() 
protocols.moves.MonteCarlo: MonteCarlo:: last_accepted_score,lowest_score: -1370.68 -1370.68
protocols.motifs.Motif: Res1 name is LYS
protocols.motifs.Motif: atom1 name is OOC
protocols.motifs.Motif: atom2 name is S
protocols.motifs.Motif: atom3 name is aroC
protocols.motifs.Motif: Res1 name is LEU
protocols.motifs.Motif: atom1 name is aroC
protocols.motifs.Motif: atom2 name is S
protocols.motifs.Motif: atom3 name is aroC
protocols.motifs.Motif: Res1 name is LYS
protocols.motifs.Motif: atom1 name is OOC
protocols.motifs.Motif: atom2 name is COO
protocols.motifs.Motif: atom3 name is aroC
core.pack.task: Packer task: initialize from command line() 
core.pack.task: Packer task: initialize from command line() 
core.pack.task: Packer task: initialize from command line() 
protocols.moves.MonteCarlo: MonteCarlo:: last_accepted_score,lowest_score: -1367.77 -1369.34
protocols.motifs.Motif: Res1 name is GLN
protocols.motifs.Motif: atom1 name is OOC
protocols.motifs.Motif: atom2 name is S
protocols.motifs.Motif: atom3 name is aroC
protocols.motifs.Motif: Res1 name is TYR
protocols.motifs.Motif: atom1 name is Nlys
protocols.motifs.Motif: atom2 name is CH1
protocols.motifs.Motif: atom3 name is aroC
core.pack.task: Packer task: initialize from command line() 
core.pack.task: Packer task: initialize from command line() 
core.pack.task: Packer task: initialize from command line() 
protocols.moves.MonteCarlo: MonteCarlo:: last_accepted_score,lowest_score: -1370.95 -1371.71
protocols.motifs.Motif: Res1 name is LYS
protocols.motifs.Motif: atom1 name is aroC
protocols.motifs.Motif: atom2 name is S
protocols.motifs.Motif: atom3 name is aroC
protocols.motifs.Motif: Res1 name is LEU
protocols.motifs.Motif: atom1 name is aroC
protocols.motifs.Motif: atom2 name is S
protocols.motifs.Motif: atom3 name is aroC
protocols.motifs.Motif: Res1 name is GLN
protocols.motifs.Motif: atom1 name is aroC
protocols.motifs.Motif: atom2 name is aroC
protocols.motifs.Motif: atom3 name is aroC
protocols.motifs.Motif: Res1 name is TYR
protocols.motifs.Motif: atom1 name is OOC
protocols.motifs.Motif: atom2 name is S
protocols.motifs.Motif: atom3 name is aroC
core.pack.task: Packer task: initialize from command line() 
core.pack.task: Packer task: initialize from command line() 
core.pack.task: Packer task: initialize from command line() 
protocols.moves.MonteCarlo: MonteCarlo:: last_accepted_score,lowest_score: -1370.37 -1370.48
protocols.motifs.Motif: Res1 name is GLN
protocols.motifs.Motif: atom1 name is OOC
protocols.motifs.Motif: atom2 name is S
protocols.motifs.Motif: atom3 name is aroC
protocols.motifs.Motif: Res1 name is ARG
protocols.motifs.Motif: atom1 name is OOC
protocols.motifs.Motif: atom2 name is COO
protocols.motifs.Motif: atom3 name is OOC
protocols.motifs.Motif: Res1 name is TYR
protocols.motifs.Motif: atom1 name is OOC
protocols.motifs.Motif: atom2 name is COO
protocols.motifs.Motif: atom3 name is aroC
core.pack.task: Packer task: initialize from command line() 
core.pack.task: Packer task: initialize from command line() 
core.pack.task: Packer task: initialize from command line() 
protocols.moves.MonteCarlo: MonteCarlo:: last_accepted_score,lowest_score: -1368.93 -1369.23
protocols.motifs.Motif: Res1 name is LEU
protocols.motifs.Motif: atom1 name is OOC
protocols.motifs.Motif: atom2 name is COO
protocols.motifs.Motif: atom3 name is aroC
protocols.motifs.Motif: Res1 name is GLN
protocols.motifs.Motif: atom1 name is aroC
protocols.motifs.Motif: atom2 name is aroC
protocols.motifs.Motif: atom3 name is aroC
core.pack.task: Packer task: initialize from command line() 
core.pack.task: Packer task: initialize from command line() 
core.pack.task: Packer task: initialize from command line() 
protocols.moves.MonteCarlo: MonteCarlo:: last_accepted_score,lowest_score: -1370.3 -1370.3
protocols.motifs.Motif: Res1 name is LEU
protocols.motifs.Motif: atom1 name is aroC
protocols.motifs.Motif: atom2 name is aroC
protocols.motifs.Motif: atom3 name is aroC
protocols.motifs.Motif: Res1 name is GLN
protocols.motifs.Motif: atom1 name is aroC
protocols.motifs.Motif: atom2 name is aroC
protocols.motifs.Motif: atom3 name is aroC
protocols.motifs.Motif: Res1 name is LEU
protocols.motifs.Motif: atom1 name is aroC
protocols.motifs.Motif: atom2 name is aroC
protocols.motifs.Motif: atom3 name is aroC
core.pack.task: Packer task: initialize from command line() 
core.pack.task: Packer task: initialize from command line() 
core.pack.task: Packer task: initialize from command line() 
protocols.moves.MonteCarlo: MonteCarlo:: last_accepted_score,lowest_score: -1369.42 -1370.11
protocols.motifs.Motif: Res1 name is LEU
protocols.motifs.Motif: atom1 name is aroC
protocols.motifs.Motif: atom2 name is aroC
protocols.motifs.Motif: atom3 name is aroC
protocols.motifs.Motif: Res1 name is GLN
protocols.motifs.Motif: atom1 name is aroC
protocols.motifs.Motif: atom2 name is aroC
protocols.motifs.Motif: atom3 name is aroC
protocols.motifs.Motif: Res1 name is LEU
protocols.motifs.Motif: atom1 name is OOC
protocols.motifs.Motif: atom2 name is S
protocols.motifs.Motif: atom3 name is aroC
core.pack.task: Packer task: initialize from command line() 
core.pack.task: Packer task: initialize from command line() 
core.pack.task: Packer task: initialize from command line() 
protocols.moves.MonteCarlo: MonteCarlo:: last_accepted_score,lowest_score: -1370.36 -1370.36
protocols.motifs.Motif: Res1 name is GLN
protocols.motifs.Motif: atom1 name is aroC
protocols.motifs.Motif: atom2 name is aroC
protocols.motifs.Motif: atom3 name is aroC
protocols.motifs.Motif: Res1 name is ASN
protocols.motifs.Motif: atom1 name is OOC
protocols.motifs.Motif: atom2 name is S
protocols.motifs.Motif: atom3 name is aroC
core.pack.task: Packer task: initialize from command line() 
core.pack.task: Packer task: initialize from command line() 
core.pack.task: Packer task: initialize from command line() 
protocols.moves.MonteCarlo: MonteCarlo:: last_accepted_score,lowest_score: -1368.69 -1368.69
protocols.motifs.Motif: Res1 name is LYS
protocols.motifs.Motif: atom1 name is COO
protocols.motifs.Motif: atom2 name is CH1
protocols.motifs.Motif: atom3 name is aroC
protocols.motifs.Motif: Res1 name is LEU
protocols.motifs.Motif: atom1 name is OOC
protocols.motifs.Motif: atom2 name is COO
protocols.motifs.Motif: atom3 name is OOC
protocols.motifs.Motif: Res1 name is GLN
protocols.motifs.Motif: atom1 name is aroC
protocols.motifs.Motif: atom2 name is aroC
protocols.motifs.Motif: atom3 name is aroC
protocols.motifs.Motif: Res1 name is LEU
protocols.motifs.Motif: atom1 name is aroC
protocols.motifs.Motif: atom2 name is aroC
protocols.motifs.Motif: atom3 name is aroC
core.pack.task: Packer task: initialize from command line() 
core.pack.task: Packer task: initialize from command line() 
core.pack.task: Packer task: initialize from command line() 
protocols.moves.MonteCarlo: MonteCarlo:: last_accepted_score,lowest_score: -1373.95 -1374.31
protocols.motifs.Motif: Res1 name is LYS
protocols.motifs.Motif: atom1 name is OOC
protocols.motifs.Motif: atom2 name is S
protocols.motifs.Motif: atom3 name is aroC
protocols.motifs.Motif: Res1 name is TYR
protocols.motifs.Motif: atom1 name is OOC
protocols.motifs.Motif: atom2 name is COO
protocols.motifs.Motif: atom3 name is OOC
protocols.motifs.Motif: Res1 name is LEU
protocols.motifs.Motif: atom1 name is aroC
protocols.motifs.Motif: atom2 name is aroC
protocols.motifs.Motif: atom3 name is aroC
protocols.motifs.Motif: Res1 name is GLN
protocols.motifs.Motif: atom1 name is OOC
protocols.motifs.Motif: atom2 name is S
protocols.motifs.Motif: atom3 name is aroC
protocols.motifs.Motif: Res1 name is ARG
protocols.motifs.Motif: atom1 name is OOC
protocols.motifs.Motif: atom2 name is COO
protocols.motifs.Motif: atom3 name is OOC
protocols.motifs.Motif: Res1 name is LEU
protocols.motifs.Motif: atom1 name is OOC
protocols.motifs.Motif: atom2 name is COO
protocols.motifs.Motif: atom3 name is OOC
core.pack.task: Packer task: initialize from command line() 
core.pack.task: Packer task: initialize from command line() 
core.pack.task: Packer task: initialize from command line() 
protocols.moves.MonteCarlo: MonteCarlo:: last_accepted_score,lowest_score: -1369.28 -1369.7
protocols.motifs.Motif: Res1 name is LEU
protocols.motifs.Motif: atom1 name is OOC
protocols.motifs.Motif: atom2 name is S
protocols.motifs.Motif: atom3 name is aroC
protocols.motifs.Motif: Res1 name is GLN
protocols.motifs.Motif: atom1 name is Ntrp
protocols.motifs.Motif: atom2 name is aroC
protocols.motifs.Motif: atom3 name is aroC
protocols.motifs.Motif: Res1 name is LEU
protocols.motifs.Motif: atom1 name is OOC
protocols.motifs.Motif: atom2 name is S
protocols.motifs.Motif: atom3 name is aroC
core.pack.task: Packer task: initialize from command line() 
core.pack.task: Packer task: initialize from command line() 
core.pack.task: Packer task: initialize from command line() 
protocols.moves.MonteCarlo: MonteCarlo:: last_accepted_score,lowest_score: -1371.15 -1371.15
protocols.motifs.Motif: Res1 name is LYS
protocols.motifs.Motif: atom1 name is OOC
protocols.motifs.Motif: atom2 name is COO
protocols.motifs.Motif: atom3 name is OOC
protocols.motifs.Motif: Res1 name is GLN
protocols.motifs.Motif: atom1 name is aroC
protocols.motifs.Motif: atom2 name is aroC
protocols.motifs.Motif: atom3 name is aroC
protocols.motifs.Motif: Res1 name is TYR
protocols.motifs.Motif: atom1 name is OOC
protocols.motifs.Motif: atom2 name is COO
protocols.motifs.Motif: atom3 name is aroC
protocols.motifs.Motif: Res1 name is LYS
protocols.motifs.Motif: atom1 name is OOC
protocols.motifs.Motif: atom2 name is COO
protocols.motifs.Motif: atom3 name is OOC
core.pack.task: Packer task: initialize from command line() 
core.pack.task: Packer task: initialize from command line() 
core.pack.task: Packer task: initialize from command line() 
protocols.moves.MonteCarlo: MonteCarlo:: last_accepted_score,lowest_score: -1370.07 -1370.37
protocols.motifs.Motif: Res1 name is LEU
protocols.motifs.Motif: atom1 name is aroC
protocols.motifs.Motif: atom2 name is aroC
protocols.motifs.Motif: atom3 name is aroC
protocols.motifs.Motif: Res1 name is GLN
protocols.motifs.Motif: atom1 name is aroC
protocols.motifs.Motif: atom2 name is aroC
protocols.motifs.Motif: atom3 name is aroC
core.pack.task: Packer task: initialize from command line() 
core.pack.task: Packer task: initialize from command line() 
core.pack.task: Packer task: initialize from command line() 
protocols.moves.MonteCarlo: MonteCarlo:: last_accepted_score,lowest_score: -1369.71 -1369.71
protocols.motifs.Motif: Res1 name is GLN
protocols.motifs.Motif: atom1 name is OOC
protocols.motifs.Motif: atom2 name is COO
protocols.motifs.Motif: atom3 name is OOC
protocols.motifs.Motif: Res1 name is ASN
protocols.motifs.Motif: atom1 name is OOC
protocols.motifs.Motif: atom2 name is S
protocols.motifs.Motif: atom3 name is aroC
protocols.motifs.Motif: Res1 name is LEU
protocols.motifs.Motif: atom1 name is OOC
protocols.motifs.Motif: atom2 name is S
protocols.motifs.Motif: atom3 name is aroC
protocols.motifs.Motif: Res1 name is ASN
protocols.motifs.Motif: atom1 name is aroC
protocols.motifs.Motif: atom2 name is S
protocols.motifs.Motif: atom3 name is aroC
core.pack.task: Packer task: initialize from command line() 
core.pack.task: Packer task: initialize from command line() 
core.pack.task: Packer task: initialize from command line() 
protocols.moves.MonteCarlo: MonteCarlo:: last_accepted_score,lowest_score: -1369.65 -1370.37
protocols.motifs.Motif: Res1 name is LEU
protocols.motifs.Motif: atom1 name is OOC
protocols.motifs.Motif: atom2 name is S
protocols.motifs.Motif: atom3 name is aroC
protocols.motifs.Motif: Res1 name is GLN
protocols.motifs.Motif: atom1 name is OOC
protocols.motifs.Motif: atom2 name is COO
protocols.motifs.Motif: atom3 name is aroC
protocols.motifs.Motif: Res1 name is TYR
protocols.motifs.Motif: atom1 name is OOC
protocols.motifs.Motif: atom2 name is COO
protocols.motifs.Motif: atom3 name is aroC
core.pack.task: Packer task: initialize from command line() 
core.pack.task: Packer task: initialize from command line() 
core.pack.task: Packer task: initialize from command line() 
protocols.moves.MonteCarlo: MonteCarlo:: last_accepted_score,lowest_score: -1369.7 -1369.7
protocols.motifs.Motif: Res1 name is LYS
protocols.motifs.Motif: atom1 name is Nlys
protocols.motifs.Motif: atom2 name is CH1
protocols.motifs.Motif: atom3 name is aroC
protocols.motifs.Motif: Res1 name is LEU
protocols.motifs.Motif: atom1 name is aroC
protocols.motifs.Motif: atom2 name is aroC
protocols.motifs.Motif: atom3 name is aroC
protocols.motifs.Motif: Res1 name is GLN
protocols.motifs.Motif: atom1 name is OOC
protocols.motifs.Motif: atom2 name is S
protocols.motifs.Motif: atom3 name is aroC
protocols.motifs.Motif: Res1 name is LEU
protocols.motifs.Motif: atom1 name is OOC
protocols.motifs.Motif: atom2 name is COO
protocols.motifs.Motif: atom3 name is OOC
core.pack.task: Packer task: initialize from command line() 
core.pack.task: Packer task: initialize from command line() 
core.pack.task: Packer task: initialize from command line() 
protocols.moves.MonteCarlo: MonteCarlo:: last_accepted_score,lowest_score: -1373.29 -1373.29
protocols.motifs.Motif: Res1 name is LYS
protocols.motifs.Motif: atom1 name is OOC
protocols.motifs.Motif: atom2 name is S
protocols.motifs.Motif: atom3 name is aroC
protocols.motifs.Motif: Res1 name is LEU
protocols.motifs.Motif: atom1 name is Ntrp
protocols.motifs.Motif: atom2 name is aroC
protocols.motifs.Motif: atom3 name is aroC
protocols.motifs.Motif: Res1 name is GLN
protocols.motifs.Motif: atom1 name is OOC
protocols.motifs.Motif: atom2 name is COO
protocols.motifs.Motif: atom3 name is aroC
protocols.motifs.Motif: Res1 name is TYR
protocols.motifs.Motif: atom1 name is aroC
protocols.motifs.Motif: atom2 name is aroC
protocols.motifs.Motif: atom3 name is aroC
protocols.motifs.Motif: Res1 name is LEU
protocols.motifs.Motif: atom1 name is OOC
protocols.motifs.Motif: atom2 name is COO
protocols.motifs.Motif: atom3 name is OOC
protocols.motifs.Motif: Res1 name is LYS
protocols.motifs.Motif: atom1 name is Nlys
protocols.motifs.Motif: atom2 name is CH1
protocols.motifs.Motif: atom3 name is aroC
core.pack.task: Packer task: initialize from command line() 
core.pack.task: Packer task: initialize from command line() 
core.pack.task: Packer task: initialize from command line() 
protocols.moves.MonteCarlo: MonteCarlo:: last_accepted_score,lowest_score: -1368.93 -1368.93
protocols.motifs.Motif: Res1 name is GLN
protocols.motifs.Motif: atom1 name is Ntrp
protocols.motifs.Motif: atom2 name is aroC
protocols.motifs.Motif: atom3 name is aroC
protocols.motifs.Motif: Res1 name is TYR
protocols.motifs.Motif: atom1 name is OOC
protocols.motifs.Motif: atom2 name is COO
protocols.motifs.Motif: atom3 name is aroC
core.pack.task: Packer task: initialize from command line() 
core.pack.task: Packer task: initialize from command line() 
core.pack.task: Packer task: initialize from command line() 
protocols.moves.MonteCarlo: MonteCarlo:: last_accepted_score,lowest_score: -1370.08 -1370.08
protocols.motifs.Motif: Res1 name is LEU
protocols.motifs.Motif: atom1 name is aroC
protocols.motifs.Motif: atom2 name is aroC
protocols.motifs.Motif: atom3 name is aroC
protocols.motifs.Motif: Res1 name is GLN
protocols.motifs.Motif: atom1 name is aroC
protocols.motifs.Motif: atom2 name is aroC
protocols.motifs.Motif: atom3 name is aroC
protocols.motifs.Motif: Res1 name is ASN
protocols.motifs.Motif: atom1 name is OOC
protocols.motifs.Motif: atom2 name is S
protocols.motifs.Motif: atom3 name is aroC
protocols.motifs.Motif: Res1 name is LEU
protocols.motifs.Motif: atom1 name is OOC
protocols.motifs.Motif: atom2 name is S
protocols.motifs.Motif: atom3 name is aroC
core.pack.task: Packer task: initialize from command line() 
core.pack.task: Packer task: initialize from command line() 
core.pack.task: Packer task: initialize from command line() 
protocols.moves.MonteCarlo: MonteCarlo:: last_accepted_score,lowest_score: -1371.13 -1371.13
protocols.motifs.Motif: Res1 name is LYS
protocols.motifs.Motif: atom1 name is Nlys
protocols.motifs.Motif: atom2 name is CH1
protocols.motifs.Motif: atom3 name is aroC
protocols.motifs.Motif: Res1 name is LEU
protocols.motifs.Motif: atom1 name is OOC
protocols.motifs.Motif: atom2 name is COO
protocols.motifs.Motif: atom3 name is OOC
protocols.motifs.Motif: Res1 name is GLN
protocols.motifs.Motif: atom1 name is Ntrp
protocols.motifs.Motif: atom2 name is aroC
protocols.motifs.Motif: atom3 name is aroC
protocols.motifs.Motif: Res1 name is LEU
protocols.motifs.Motif: atom1 name is aroC
protocols.motifs.Motif: atom2 name is aroC
protocols.motifs.Motif: atom3 name is aroC
protocols.motifs.Motif: Res1 name is ASN
protocols.motifs.Motif: atom1 name is aroC
protocols.motifs.Motif: atom2 name is S
protocols.motifs.Motif: atom3 name is aroC
core.pack.task: Packer task: initialize from command line() 
core.pack.task: Packer task: initialize from command line() 
core.pack.task: Packer task: initialize from command line() 
protocols.moves.MonteCarlo: MonteCarlo:: last_accepted_score,lowest_score: -1372.98 -1373.35
protocols.motifs.Motif: Res1 name is LYS
protocols.motifs.Motif: atom1 name is aroC
protocols.motifs.Motif: atom2 name is aroC
protocols.motifs.Motif: atom3 name is aroC
protocols.motifs.Motif: Res1 name is TYR
protocols.motifs.Motif: atom1 name is OOC
protocols.motifs.Motif: atom2 name is COO
protocols.motifs.Motif: atom3 name is OOC
protocols.motifs.Motif: Res1 name is LEU
protocols.motifs.Motif: atom1 name is Nlys
protocols.motifs.Motif: atom2 name is CH1
protocols.motifs.Motif: atom3 name is aroC
protocols.motifs.Motif: Res1 name is ASN
protocols.motifs.Motif: atom1 name is OOC
protocols.motifs.Motif: atom2 name is S
protocols.motifs.Motif: atom3 name is aroC
protocols.motifs.Motif: Res1 name is LEU
protocols.motifs.Motif: atom1 name is OOC
protocols.motifs.Motif: atom2 name is S
protocols.motifs.Motif: atom3 name is aroC
core.pack.task: Packer task: initialize from command line() 
core.pack.task: Packer task: initialize from command line() 
core.pack.task: Packer task: initialize from command line() 
protocols.moves.MonteCarlo: MonteCarlo:: last_accepted_score,lowest_score: -1368.83 -1368.83
protocols.motifs.Motif: Res1 name is LEU
protocols.motifs.Motif: atom1 name is aroC
protocols.motifs.Motif: atom2 name is aroC
protocols.motifs.Motif: atom3 name is aroC
protocols.motifs.Motif: Res1 name is GLN
protocols.motifs.Motif: atom1 name is aroC
protocols.motifs.Motif: atom2 name is aroC
protocols.motifs.Motif: atom3 name is COO
protocols.motifs.Motif: Res1 name is TYR
protocols.motifs.Motif: atom1 name is OOC
protocols.motifs.Motif: atom2 name is COO
protocols.motifs.Motif: atom3 name is aroC
protocols.motifs.Motif: Res1 name is LEU
protocols.motifs.Motif: atom1 name is aroC
protocols.motifs.Motif: atom2 name is aroC
protocols.motifs.Motif: atom3 name is aroC
core.pack.task: Packer task: initialize from command line() 
core.pack.task: Packer task: initialize from command line() 
core.pack.task: Packer task: initialize from command line() 
protocols.moves.MonteCarlo: MonteCarlo:: last_accepted_score,lowest_score: -1371.18 -1371.18
protocols.motifs.Motif: Res1 name is TYR
protocols.motifs.Motif: atom1 name is aroC
protocols.motifs.Motif: atom2 name is S
protocols.motifs.Motif: atom3 name is aroC
protocols.motifs.Motif: Res1 name is LEU
protocols.motifs.Motif: atom1 name is aroC
protocols.motifs.Motif: atom2 name is aroC
protocols.motifs.Motif: atom3 name is aroC
core.pack.task: Packer task: initialize from command line() 
core.pack.task: Packer task: initialize from command line() 
core.pack.task: Packer task: initialize from command line() 
protocols.moves.MonteCarlo: MonteCarlo:: last_accepted_score,lowest_score: -1374.41 -1374.41
protocols.motifs.Motif: Res1 name is LYS
protocols.motifs.Motif: atom1 name is OOC
protocols.motifs.Motif: atom2 name is S
protocols.motifs.Motif: atom3 name is aroC
protocols.motifs.Motif: Res1 name is TYR
protocols.motifs.Motif: atom1 name is Nlys
protocols.motifs.Motif: atom2 name is CH1
protocols.motifs.Motif: atom3 name is aroC
protocols.motifs.Motif: Res1 name is LEU
protocols.motifs.Motif: atom1 name is Ntrp
protocols.motifs.Motif: atom2 name is aroC
protocols.motifs.Motif: atom3 name is aroC
protocols.motifs.Motif: Res1 name is GLN
protocols.motifs.Motif: atom1 name is OOC
protocols.motifs.Motif: atom2 name is S
protocols.motifs.Motif: atom3 name is aroC
protocols.motifs.Motif: Res1 name is TYR
protocols.motifs.Motif: atom1 name is aroC
protocols.motifs.Motif: atom2 name is aroC
protocols.motifs.Motif: atom3 name is aroC
protocols.motifs.Motif: Res1 name is LYS
protocols.motifs.Motif: atom1 name is Nlys
protocols.motifs.Motif: atom2 name is CH1
protocols.motifs.Motif: atom3 name is aroC
core.pack.task: Packer task: initialize from command line() 
core.pack.task: Packer task: initialize from command line() 
core.pack.task: Packer task: initialize from command line() 
protocols.moves.MonteCarlo: MonteCarlo:: last_accepted_score,lowest_score: -1369.24 -1369.24
protocols.motifs.Motif: Res1 name is GLN
protocols.motifs.Motif: atom1 name is Ntrp
protocols.motifs.Motif: atom2 name is aroC
protocols.motifs.Motif: atom3 name is aroC
protocols.motifs.Motif: Res1 name is TYR
protocols.motifs.Motif: atom1 name is OOC
protocols.motifs.Motif: atom2 name is COO
protocols.motifs.Motif: atom3 name is aroC
core.pack.task: Packer task: initialize from command line() 
core.pack.task: Packer task: initialize from command line() 
core.pack.task: Packer task: initialize from command line() 
protocols.moves.MonteCarlo: MonteCarlo:: last_accepted_score,lowest_score: -1342.84 -1342.84
protocols.motifs.Motif: Res1 name is LYS
protocols.motifs.Motif: atom1 name is COO
protocols.motifs.Motif: atom2 name is CH1
protocols.motifs.Motif: atom3 name is aroC
protocols.motifs.Motif: Res1 name is LEU
protocols.motifs.Motif: atom1 name is aroC
protocols.motifs.Motif: atom2 name is aroC
protocols.motifs.Motif: atom3 name is aroC
protocols.motifs.Motif: Res1 name is GLN
protocols.motifs.Motif: atom1 name is aroC
protocols.motifs.Motif: atom2 name is aroC
protocols.motifs.Motif: atom3 name is aroC
core.pack.task: Packer task: initialize from command line() 
core.pack.task: Packer task: initialize from command line() 
core.pack.task: Packer task: initialize from command line() 
protocols.moves.MonteCarlo: MonteCarlo:: last_accepted_score,lowest_score: -1369.69 -1370.07
protocols.motifs.Motif: Res1 name is LEU
protocols.motifs.Motif: atom1 name is aroC
protocols.motifs.Motif: atom2 name is aroC
protocols.motifs.Motif: atom3 name is aroC
protocols.motifs.Motif: Res1 name is GLN
protocols.motifs.Motif: atom1 name is aroC
protocols.motifs.Motif: atom2 name is aroC
protocols.motifs.Motif: atom3 name is aroC
core.pack.task: Packer task: initialize from command line() 
core.pack.task: Packer task: initialize from command line() 
core.pack.task: Packer task: initialize from command line() 
protocols.moves.MonteCarlo: MonteCarlo:: last_accepted_score,lowest_score: -1371.05 -1371.05
protocols.motifs.Motif: Res1 name is LEU
protocols.motifs.Motif: atom1 name is OOC
protocols.motifs.Motif: atom2 name is COO
protocols.motifs.Motif: atom3 name is OOC
protocols.motifs.Motif: Res1 name is GLN
protocols.motifs.Motif: atom1 name is OOC
protocols.motifs.Motif: atom2 name is COO
protocols.motifs.Motif: atom3 name is aroC
protocols.motifs.Motif: Res1 name is TYR
protocols.motifs.Motif: atom1 name is OOC
protocols.motifs.Motif: atom2 name is COO
protocols.motifs.Motif: atom3 name is aroC
protocols.motifs.Motif: Res1 name is LEU
protocols.motifs.Motif: atom1 name is OOC
protocols.motifs.Motif: atom2 name is COO
protocols.motifs.Motif: atom3 name is OOC
core.pack.task: Packer task: initialize from command line() 
core.pack.task: Packer task: initialize from command line() 
core.pack.task: Packer task: initialize from command line() 
protocols.moves.MonteCarlo: MonteCarlo:: last_accepted_score,lowest_score: -1373.8 -1373.8
protocols.motifs.Motif: Res1 name is LYS
protocols.motifs.Motif: atom1 name is aroC
protocols.motifs.Motif: atom2 name is aroC
protocols.motifs.Motif: atom3 name is aroC
protocols.motifs.Motif: Res1 name is TYR
protocols.motifs.Motif: atom1 name is OOC
protocols.motifs.Motif: atom2 name is COO
protocols.motifs.Motif: atom3 name is OOC
protocols.motifs.Motif: Res1 name is LEU
protocols.motifs.Motif: atom1 name is aroC
protocols.motifs.Motif: atom2 name is aroC
protocols.motifs.Motif: atom3 name is aroC
protocols.motifs.Motif: Res1 name is ASN
protocols.motifs.Motif: atom1 name is OOC
protocols.motifs.Motif: atom2 name is S
protocols.motifs.Motif: atom3 name is aroC
protocols.motifs.Motif: Res1 name is LEU
protocols.motifs.Motif: atom1 name is OOC
protocols.motifs.Motif: atom2 name is S
protocols.motifs.Motif: atom3 name is aroC
core.pack.task: Packer task: initialize from command line() 
core.pack.task: Packer task: initialize from command line() 
core.pack.task: Packer task: initialize from command line() 
protocols.moves.MonteCarlo: MonteCarlo:: last_accepted_score,lowest_score: -1367.37 -1367.37
protocols.motifs.Motif: Res1 name is GLN
protocols.motifs.Motif: atom1 name is OOC
protocols.motifs.Motif: atom2 name is COO
protocols.motifs.Motif: atom3 name is aroC
core.pack.task: Packer task: initialize from command line() 
core.pack.task: Packer task: initialize from command line() 
core.pack.task: Packer task: initialize from command line() 
protocols.moves.MonteCarlo: MonteCarlo:: last_accepted_score,lowest_score: -1368.2 -1368.2
protocols.motifs.Motif: Res1 name is LYS
protocols.motifs.Motif: atom1 name is COO
protocols.motifs.Motif: atom2 name is CH1
protocols.motifs.Motif: atom3 name is aroC
protocols.motifs.Motif: Res1 name is LEU
protocols.motifs.Motif: atom1 name is OOC
protocols.motifs.Motif: atom2 name is COO
protocols.motifs.Motif: atom3 name is OOC
protocols.motifs.Motif: Res1 name is GLN
protocols.motifs.Motif: atom1 name is OOC
protocols.motifs.Motif: atom2 name is COO
protocols.motifs.Motif: atom3 name is aroC
protocols.motifs.Motif: Res1 name is TYR
protocols.motifs.Motif: atom1 name is OOC
protocols.motifs.Motif: atom2 name is S
protocols.motifs.Motif: atom3 name is aroC
protocols.motifs.Motif: Res1 name is LEU
protocols.motifs.Motif: atom1 name is aroC
protocols.motifs.Motif: atom2 name is aroC
protocols.motifs.Motif: atom3 name is aroC
core.pack.task: Packer task: initialize from command line() 
core.pack.task: Packer task: initialize from command line() 
core.pack.task: Packer task: initialize from command line() 
protocols.moves.MonteCarlo: MonteCarlo:: last_accepted_score,lowest_score: -1370.69 -1370.69
protocols.motifs.Motif: Res1 name is LYS
protocols.motifs.Motif: atom1 name is COO
protocols.motifs.Motif: atom2 name is CH1
protocols.motifs.Motif: atom3 name is aroC
protocols.motifs.Motif: Res1 name is LEU
protocols.motifs.Motif: atom1 name is OOC
protocols.motifs.Motif: atom2 name is COO
protocols.motifs.Motif: atom3 name is OOC
protocols.motifs.Motif: Res1 name is GLN
protocols.motifs.Motif: atom1 name is Ntrp
protocols.motifs.Motif: atom2 name is aroC
protocols.motifs.Motif: atom3 name is aroC
protocols.motifs.Motif: Res1 name is LEU
protocols.motifs.Motif: atom1 name is aroC
protocols.motifs.Motif: atom2 name is aroC
protocols.motifs.Motif: atom3 name is aroC
core.pack.task: Packer task: initialize from command line() 
core.pack.task: Packer task: initialize from command line() 
core.pack.task: Packer task: initialize from command line() 
protocols.moves.MonteCarlo: MonteCarlo:: last_accepted_score,lowest_score: -1371.58 -1371.58
protocols.motifs.Motif: Res1 name is LYS
protocols.motifs.Motif: atom1 name is COO
protocols.motifs.Motif: atom2 name is CH1
protocols.motifs.Motif: atom3 name is aroC
protocols.motifs.Motif: Res1 name is LEU
protocols.motifs.Motif: atom1 name is OOC
protocols.motifs.Motif: atom2 name is COO
protocols.motifs.Motif: atom3 name is OOC
protocols.motifs.Motif: Res1 name is GLN
protocols.motifs.Motif: atom1 name is aroC
protocols.motifs.Motif: atom2 name is aroC
protocols.motifs.Motif: atom3 name is aroC
core.pack.task: Packer task: initialize from command line() 
core.pack.task: Packer task: initialize from command line() 
core.pack.task: Packer task: initialize from command line() 
protocols.moves.MonteCarlo: MonteCarlo:: last_accepted_score,lowest_score: -1371.75 -1372.23
protocols.motifs.Motif: Res1 name is LEU
protocols.motifs.Motif: atom1 name is Nlys
protocols.motifs.Motif: atom2 name is CH1
protocols.motifs.Motif: atom3 name is aroC
protocols.motifs.Motif: Res1 name is GLN
protocols.motifs.Motif: atom1 name is aroC
protocols.motifs.Motif: atom2 name is aroC
protocols.motifs.Motif: atom3 name is aroC
protocols.motifs.Motif: Res1 name is ASN
protocols.motifs.Motif: atom1 name is aroC
protocols.motifs.Motif: atom2 name is S
protocols.motifs.Motif: atom3 name is aroC
protocols.motifs.Motif: Res1 name is ARG
protocols.motifs.Motif: atom1 name is aroC
protocols.motifs.Motif: atom2 name is S
protocols.motifs.Motif: atom3 name is aroC
core.pack.task: Packer task: initialize from command line() 
core.pack.task: Packer task: initialize from command line() 
core.pack.task: Packer task: initialize from command line() 
protocols.moves.MonteCarlo: MonteCarlo:: last_accepted_score,lowest_score: -1369.52 -1369.52
protocols.motifs.Motif: Res1 name is LYS
protocols.motifs.Motif: atom1 name is Nlys
protocols.motifs.Motif: atom2 name is CH1
protocols.motifs.Motif: atom3 name is aroC
protocols.motifs.Motif: Res1 name is LEU
protocols.motifs.Motif: atom1 name is OOC
protocols.motifs.Motif: atom2 name is COO
protocols.motifs.Motif: atom3 name is OOC
protocols.motifs.Motif: Res1 name is LEU
protocols.motifs.Motif: atom1 name is aroC
protocols.motifs.Motif: atom2 name is aroC
protocols.motifs.Motif: atom3 name is aroC
protocols.motifs.Motif: Res1 name is ASN
protocols.motifs.Motif: atom1 name is aroC
protocols.motifs.Motif: atom2 name is S
protocols.motifs.Motif: atom3 name is aroC
core.pack.task: Packer task: initialize from command line() 
core.pack.task: Packer task: initialize from command line() 
core.pack.task: Packer task: initialize from command line() 
protocols.moves.MonteCarlo: MonteCarlo:: last_accepted_score,lowest_score: -1370.29 -1370.61
protocols.motifs.Motif: Res1 name is LYS
protocols.motifs.Motif: atom1 name is Nlys
protocols.motifs.Motif: atom2 name is CH1
protocols.motifs.Motif: atom3 name is aroC
protocols.motifs.Motif: Res1 name is LEU
protocols.motifs.Motif: atom1 name is COO
protocols.motifs.Motif: atom2 name is CH1
protocols.motifs.Motif: atom3 name is aroC
protocols.motifs.Motif: Res1 name is GLN
protocols.motifs.Motif: atom1 name is OOC
protocols.motifs.Motif: atom2 name is S
protocols.motifs.Motif: atom3 name is aroC
protocols.motifs.Motif: Res1 name is LEU
protocols.motifs.Motif: atom1 name is OOC
protocols.motifs.Motif: atom2 name is COO
protocols.motifs.Motif: atom3 name is OOC
protocols.motifs.Motif: Res1 name is ASN
protocols.motifs.Motif: atom1 name is OOC
protocols.motifs.Motif: atom2 name is COO
protocols.motifs.Motif: atom3 name is aroC
core.pack.task: Packer task: initialize from command line() 
core.pack.task: Packer task: initialize from command line() 
core.pack.task: Packer task: initialize from command line() 
protocols.moves.MonteCarlo: MonteCarlo:: last_accepted_score,lowest_score: -1369.87 -1370.55
protocols.motifs.Motif: Res1 name is LYS
protocols.motifs.Motif: atom1 name is OOC
protocols.motifs.Motif: atom2 name is COO
protocols.motifs.Motif: atom3 name is OOC
protocols.motifs.Motif: Res1 name is GLN
protocols.motifs.Motif: atom1 name is aroC
protocols.motifs.Motif: atom2 name is aroC
protocols.motifs.Motif: atom3 name is aroC
protocols.motifs.Motif: Res1 name is ARG
protocols.motifs.Motif: atom1 name is aroC
protocols.motifs.Motif: atom2 name is S
protocols.motifs.Motif: atom3 name is aroC
core.pack.task: Packer task: initialize from command line() 
core.pack.task: Packer task: initialize from command line() 
core.pack.task: Packer task: initialize from command line() 
protocols.moves.MonteCarlo: MonteCarlo:: last_accepted_score,lowest_score: -1369.74 -1370.5
protocols.motifs.Motif: Res1 name is LYS
protocols.motifs.Motif: atom1 name is OOC
protocols.motifs.Motif: atom2 name is COO
protocols.motifs.Motif: atom3 name is OOC
protocols.motifs.Motif: Res1 name is LEU
protocols.motifs.Motif: atom1 name is Nlys
protocols.motifs.Motif: atom2 name is CH1
protocols.motifs.Motif: atom3 name is aroC
protocols.motifs.Motif: Res1 name is GLN
protocols.motifs.Motif: atom1 name is aroC
protocols.motifs.Motif: atom2 name is aroC
protocols.motifs.Motif: atom3 name is aroC
core.pack.task: Packer task: initialize from command line() 
core.pack.task: Packer task: initialize from command line() 
core.pack.task: Packer task: initialize from command line() 
protocols.moves.MonteCarlo: MonteCarlo:: last_accepted_score,lowest_score: -1368.9 -1369.26
protocols.motifs.Motif: Res1 name is LEU
protocols.motifs.Motif: atom1 name is aroC
protocols.motifs.Motif: atom2 name is aroC
protocols.motifs.Motif: atom3 name is aroC
protocols.motifs.Motif: Res1 name is ASN
protocols.motifs.Motif: atom1 name is OOC
protocols.motifs.Motif: atom2 name is S
protocols.motifs.Motif: atom3 name is aroC
protocols.motifs.Motif: Res1 name is LEU
protocols.motifs.Motif: atom1 name is aroC
protocols.motifs.Motif: atom2 name is aroC
protocols.motifs.Motif: atom3 name is aroC
core.pack.task: Packer task: initialize from command line() 
core.pack.task: Packer task: initialize from command line() 
core.pack.task: Packer task: initialize from command line() 
protocols.moves.MonteCarlo: MonteCarlo:: last_accepted_score,lowest_score: -1370.96 -1371.32
protocols.motifs.Motif: Res1 name is LEU
protocols.motifs.Motif: atom1 name is OOC
protocols.motifs.Motif: atom2 name is COO
protocols.motifs.Motif: atom3 name is OOC
protocols.motifs.Motif: Res1 name is GLN
protocols.motifs.Motif: atom1 name is OOC
protocols.motifs.Motif: atom2 name is COO
protocols.motifs.Motif: atom3 name is OOC
protocols.motifs.Motif: Res1 name is ASN
protocols.motifs.Motif: atom1 name is OOC
protocols.motifs.Motif: atom2 name is S
protocols.motifs.Motif: atom3 name is aroC
core.pack.task: Packer task: initialize from command line() 
core.pack.task: Packer task: initialize from command line() 
core.pack.task: Packer task: initialize from command line() 
protocols.moves.MonteCarlo: MonteCarlo:: last_accepted_score,lowest_score: -1370.9 -1370.9
protocols.motifs.Motif: Res1 name is LEU
protocols.motifs.Motif: atom1 name is aroC
protocols.motifs.Motif: atom2 name is aroC
protocols.motifs.Motif: atom3 name is aroC
protocols.motifs.Motif: Res1 name is GLN
protocols.motifs.Motif: atom1 name is OOC
protocols.motifs.Motif: atom2 name is COO
protocols.motifs.Motif: atom3 name is aroC
protocols.motifs.Motif: Res1 name is TYR
protocols.motifs.Motif: atom1 name is OOC
protocols.motifs.Motif: atom2 name is COO
protocols.motifs.Motif: atom3 name is aroC
protocols.motifs.Motif: Res1 name is LEU
protocols.motifs.Motif: atom1 name is aroC
protocols.motifs.Motif: atom2 name is aroC
protocols.motifs.Motif: atom3 name is aroC
core.pack.task: Packer task: initialize from command line() 
core.pack.task: Packer task: initialize from command line() 
core.pack.task: Packer task: initialize from command line() 
protocols.moves.MonteCarlo: MonteCarlo:: last_accepted_score,lowest_score: -1371.4 -1372.79
protocols.motifs.Motif: Res1 name is LYS
protocols.motifs.Motif: atom1 name is Nlys
protocols.motifs.Motif: atom2 name is CH1
protocols.motifs.Motif: atom3 name is aroC
protocols.motifs.Motif: Res1 name is TYR
protocols.motifs.Motif: atom1 name is OOC
protocols.motifs.Motif: atom2 name is COO
protocols.motifs.Motif: atom3 name is OOC
protocols.motifs.Motif: Res1 name is LEU
protocols.motifs.Motif: atom1 name is Ntrp
protocols.motifs.Motif: atom2 name is aroC
protocols.motifs.Motif: atom3 name is aroC
protocols.motifs.Motif: Res1 name is LEU
protocols.motifs.Motif: atom1 name is aroC
protocols.motifs.Motif: atom2 name is aroC
protocols.motifs.Motif: atom3 name is aroC
protocols.motifs.Motif: Res1 name is LYS
protocols.motifs.Motif: atom1 name is aroC
protocols.motifs.Motif: atom2 name is aroC
protocols.motifs.Motif: atom3 name is aroC
core.pack.task: Packer task: initialize from command line() 
core.pack.task: Packer task: initialize from command line() 
core.pack.task: Packer task: initialize from command line() 
protocols.moves.MonteCarlo: MonteCarlo:: last_accepted_score,lowest_score: -1370.4 -1370.44
protocols.motifs.Motif: Res1 name is LYS
protocols.motifs.Motif: atom1 name is OOC
protocols.motifs.Motif: atom2 name is COO
protocols.motifs.Motif: atom3 name is aroC
protocols.motifs.Motif: Res1 name is LEU
protocols.motifs.Motif: atom1 name is OOC
protocols.motifs.Motif: atom2 name is COO
protocols.motifs.Motif: atom3 name is aroC
protocols.motifs.Motif: Res1 name is GLN
protocols.motifs.Motif: atom1 name is aroC
protocols.motifs.Motif: atom2 name is aroC
protocols.motifs.Motif: atom3 name is aroC
protocols.motifs.Motif: Res1 name is TYR
protocols.motifs.Motif: atom1 name is aroC
protocols.motifs.Motif: atom2 name is S
protocols.motifs.Motif: atom3 name is aroC
protocols.motifs.Motif: Res1 name is LEU
protocols.motifs.Motif: atom1 name is aroC
protocols.motifs.Motif: atom2 name is aroC
protocols.motifs.Motif: atom3 name is aroC
core.pack.task: Packer task: initialize from command line() 
core.pack.task: Packer task: initialize from command line() 
core.pack.task: Packer task: initialize from command line() 
protocols.moves.MonteCarlo: MonteCarlo:: last_accepted_score,lowest_score: -1369.48 -1370.86
protocols.motifs.Motif: Res1 name is LEU
protocols.motifs.Motif: atom1 name is aroC
protocols.motifs.Motif: atom2 name is aroC
protocols.motifs.Motif: atom3 name is aroC
protocols.motifs.Motif: Res1 name is GLN
protocols.motifs.Motif: atom1 name is aroC
protocols.motifs.Motif: atom2 name is aroC
protocols.motifs.Motif: atom3 name is aroC
protocols.motifs.Motif: Res1 name is TYR
protocols.motifs.Motif: atom1 name is OOC
protocols.motifs.Motif: atom2 name is COO
protocols.motifs.Motif: atom3 name is aroC
protocols.motifs.Motif: Res1 name is LEU
protocols.motifs.Motif: atom1 name is aroC
protocols.motifs.Motif: atom2 name is aroC
protocols.motifs.Motif: atom3 name is aroC
core.pack.task: Packer task: initialize from command line() 
core.pack.task: Packer task: initialize from command line() 
core.pack.task: Packer task: initialize from command line() 
protocols.moves.MonteCarlo: MonteCarlo:: last_accepted_score,lowest_score: -1374.21 -1374.21
protocols.motifs.Motif: Res1 name is LYS
protocols.motifs.Motif: atom1 name is aroC
protocols.motifs.Motif: atom2 name is aroC
protocols.motifs.Motif: atom3 name is aroC
protocols.motifs.Motif: Res1 name is LEU
protocols.motifs.Motif: atom1 name is OOC
protocols.motifs.Motif: atom2 name is COO
protocols.motifs.Motif: atom3 name is aroC
protocols.motifs.Motif: Res1 name is LYS
protocols.motifs.Motif: atom1 name is aroC
protocols.motifs.Motif: atom2 name is aroC
protocols.motifs.Motif: atom3 name is aroC
core.pack.task: Packer task: initialize from command line() 
core.pack.task: Packer task: initialize from command line() 
core.pack.task: Packer task: initialize from command line() 
protocols.moves.MonteCarlo: MonteCarlo:: last_accepted_score,lowest_score: -1369.89 -1370.03
protocols.motifs.Motif: Res1 name is LEU
protocols.motifs.Motif: atom1 name is OOC
protocols.motifs.Motif: atom2 name is S
protocols.motifs.Motif: atom3 name is aroC
protocols.motifs.Motif: Res1 name is GLN
protocols.motifs.Motif: atom1 name is Ntrp
protocols.motifs.Motif: atom2 name is aroC
protocols.motifs.Motif: atom3 name is aroC
protocols.motifs.Motif: Res1 name is TYR
protocols.motifs.Motif: atom1 name is OOC
protocols.motifs.Motif: atom2 name is COO
protocols.motifs.Motif: atom3 name is aroC
core.pack.task: Packer task: initialize from command line() 
core.pack.task: Packer task: initialize from command line() 
core.pack.task: Packer task: initialize from command line() 
protocols.moves.MonteCarlo: MonteCarlo:: last_accepted_score,lowest_score: -1370.47 -1370.86
protocols.motifs.Motif: Res1 name is LYS
protocols.motifs.Motif: atom1 name is Nlys
protocols.motifs.Motif: atom2 name is CH1
protocols.motifs.Motif: atom3 name is aroC
protocols.motifs.Motif: Res1 name is LEU
protocols.motifs.Motif: atom1 name is OOC
protocols.motifs.Motif: atom2 name is S
protocols.motifs.Motif: atom3 name is aroC
protocols.motifs.Motif: Res1 name is GLN
protocols.motifs.Motif: atom1 name is OOC
protocols.motifs.Motif: atom2 name is S
protocols.motifs.Motif: atom3 name is aroC
protocols.motifs.Motif: Res1 name is LEU
protocols.motifs.Motif: atom1 name is aroC
protocols.motifs.Motif: atom2 name is aroC
protocols.motifs.Motif: atom3 name is aroC
protocols.motifs.Motif: Res1 name is LYS
protocols.motifs.Motif: atom1 name is OOC
protocols.motifs.Motif: atom2 name is COO
protocols.motifs.Motif: atom3 name is OOC
core.pack.task: Packer task: initialize from command line() 
core.pack.task: Packer task: initialize from command line() 
core.pack.task: Packer task: initialize from command line() 
protocols.moves.MonteCarlo: MonteCarlo:: last_accepted_score,lowest_score: -1370.06 -1370.06
protocols.motifs.Motif: Res1 name is LEU
protocols.motifs.Motif: atom1 name is aroC
protocols.motifs.Motif: atom2 name is aroC
protocols.motifs.Motif: atom3 name is aroC
protocols.motifs.Motif: Res1 name is GLN
protocols.motifs.Motif: atom1 name is aroC
protocols.motifs.Motif: atom2 name is aroC
protocols.motifs.Motif: atom3 name is aroC
protocols.motifs.Motif: Res1 name is LEU
protocols.motifs.Motif: atom1 name is OOC
protocols.motifs.Motif: atom2 name is S
protocols.motifs.Motif: atom3 name is aroC
core.pack.task: Packer task: initialize from command line() 
core.pack.task: Packer task: initialize from command line() 
core.pack.task: Packer task: initialize from command line() 
protocols.moves.MonteCarlo: MonteCarlo:: last_accepted_score,lowest_score: -1307.23 -1307.23
protocols.motifs.Motif: Res1 name is LYS
protocols.motifs.Motif: atom1 name is aroC
protocols.motifs.Motif: atom2 name is aroC
protocols.motifs.Motif: atom3 name is aroC
protocols.motifs.Motif: Res1 name is LEU
protocols.motifs.Motif: atom1 name is OOC
protocols.motifs.Motif: atom2 name is COO
protocols.motifs.Motif: atom3 name is OOC
protocols.motifs.Motif: Res1 name is GLN
protocols.motifs.Motif: atom1 name is aroC
protocols.motifs.Motif: atom2 name is aroC
protocols.motifs.Motif: atom3 name is aroC
protocols.motifs.Motif: Res1 name is ALA
protocols.motifs.Motif: atom1 name is Nlys
protocols.motifs.Motif: atom2 name is CH1
protocols.motifs.Motif: atom3 name is aroC
protocols.motifs.Motif: Res1 name is TYR
protocols.motifs.Motif: atom1 name is Nlys
protocols.motifs.Motif: atom2 name is CH1
protocols.motifs.Motif: atom3 name is aroC
core.pack.task: Packer task: initialize from command line() 
core.pack.task: Packer task: initialize from command line() 
core.pack.task: Packer task: initialize from command line() 
protocols.moves.MonteCarlo: MonteCarlo:: last_accepted_score,lowest_score: -1366.8 -1368.64
protocols.motifs.Motif: Res1 name is LEU
protocols.motifs.Motif: atom1 name is OOC
protocols.motifs.Motif: atom2 name is S
protocols.motifs.Motif: atom3 name is aroC
protocols.motifs.Motif: Res1 name is GLN
protocols.motifs.Motif: atom1 name is Ntrp
protocols.motifs.Motif: atom2 name is aroC
protocols.motifs.Motif: atom3 name is aroC
protocols.motifs.Motif: Res1 name is LEU
protocols.motifs.Motif: atom1 name is OOC
protocols.motifs.Motif: atom2 name is S
protocols.motifs.Motif: atom3 name is aroC
core.pack.task: Packer task: initialize from command line() 
core.pack.task: Packer task: initialize from command line() 
core.pack.task: Packer task: initialize from command line() 
protocols.moves.MonteCarlo: MonteCarlo:: last_accepted_score,lowest_score: -1371.25 -1371.82
protocols.motifs.Motif: Res1 name is LYS
protocols.motifs.Motif: atom1 name is OOC
protocols.motifs.Motif: atom2 name is COO
protocols.motifs.Motif: atom3 name is aroC
protocols.motifs.Motif: Res1 name is LEU
protocols.motifs.Motif: atom1 name is OOC
protocols.motifs.Motif: atom2 name is S
protocols.motifs.Motif: atom3 name is aroC
protocols.motifs.Motif: Res1 name is GLN
protocols.motifs.Motif: atom1 name is OOC
protocols.motifs.Motif: atom2 name is COO
protocols.motifs.Motif: atom3 name is aroC
protocols.motifs.Motif: Res1 name is TYR
protocols.motifs.Motif: atom1 name is OOC
protocols.motifs.Motif: atom2 name is COO
protocols.motifs.Motif: atom3 name is aroC
protocols.motifs.Motif: Res1 name is ASN
protocols.motifs.Motif: atom1 name is Nlys
protocols.motifs.Motif: atom2 name is CH1
protocols.motifs.Motif: atom3 name is aroC
protocols.motifs.Motif: Res1 name is LEU
protocols.motifs.Motif: atom1 name is aroC
protocols.motifs.Motif: atom2 name is aroC
protocols.motifs.Motif: atom3 name is aroC
core.pack.task: Packer task: initialize from command line() 
core.pack.task: Packer task: initialize from command line() 
core.pack.task: Packer task: initialize from command line() 
protocols.moves.MonteCarlo: MonteCarlo:: last_accepted_score,lowest_score: -1369.58 -1370.31
protocols.motifs.Motif: Res1 name is LEU
protocols.motifs.Motif: atom1 name is aroC
protocols.motifs.Motif: atom2 name is aroC
protocols.motifs.Motif: atom3 name is aroC
protocols.motifs.Motif: Res1 name is GLN
protocols.motifs.Motif: atom1 name is OOC
protocols.motifs.Motif: atom2 name is COO
protocols.motifs.Motif: atom3 name is OOC
protocols.motifs.Motif: Res1 name is LEU
protocols.motifs.Motif: atom1 name is OOC
protocols.motifs.Motif: atom2 name is S
protocols.motifs.Motif: atom3 name is aroC
core.pack.task: Packer task: initialize from command line() 
core.pack.task: Packer task: initialize from command line() 
core.pack.task: Packer task: initialize from command line() 
protocols.moves.MonteCarlo: MonteCarlo:: last_accepted_score,lowest_score: -1373.6 -1373.69
protocols.motifs.Motif: Res1 name is LYS
protocols.motifs.Motif: atom1 name is OOC
protocols.motifs.Motif: atom2 name is COO
protocols.motifs.Motif: atom3 name is OOC
protocols.motifs.Motif: Res1 name is TYR
protocols.motifs.Motif: atom1 name is OOC
protocols.motifs.Motif: atom2 name is COO
protocols.motifs.Motif: atom3 name is OOC
protocols.motifs.Motif: Res1 name is LEU
protocols.motifs.Motif: atom1 name is aroC
protocols.motifs.Motif: atom2 name is aroC
protocols.motifs.Motif: atom3 name is aroC
protocols.motifs.Motif: Res1 name is GLN
protocols.motifs.Motif: atom1 name is aroC
protocols.motifs.Motif: atom2 name is S
protocols.motifs.Motif: atom3 name is aroC
protocols.motifs.Motif: Res1 name is TYR
protocols.motifs.Motif: atom1 name is OOC
protocols.motifs.Motif: atom2 name is COO
protocols.motifs.Motif: atom3 name is aroC
protocols.motifs.Motif: Res1 name is LYS
protocols.motifs.Motif: atom1 name is COO
protocols.motifs.Motif: atom2 name is CH1
protocols.motifs.Motif: atom3 name is aroC
core.pack.task: Packer task: initialize from command line() 
core.pack.task: Packer task: initialize from command line() 
core.pack.task: Packer task: initialize from command line() 
protocols.moves.MonteCarlo: MonteCarlo:: last_accepted_score,lowest_score: -1370.79 -1370.79
protocols.motifs.Motif: Res1 name is LYS
protocols.motifs.Motif: atom1 name is Nlys
protocols.motifs.Motif: atom2 name is CH1
protocols.motifs.Motif: atom3 name is aroC
protocols.motifs.Motif: Res1 name is LEU
protocols.motifs.Motif: atom1 name is OOC
protocols.motifs.Motif: atom2 name is COO
protocols.motifs.Motif: atom3 name is OOC
protocols.motifs.Motif: Res1 name is GLN
protocols.motifs.Motif: atom1 name is Ntrp
protocols.motifs.Motif: atom2 name is aroC
protocols.motifs.Motif: atom3 name is aroC
protocols.motifs.Motif: Res1 name is LEU
protocols.motifs.Motif: atom1 name is OOC
protocols.motifs.Motif: atom2 name is COO
protocols.motifs.Motif: atom3 name is OOC
core.pack.task: Packer task: initialize from command line() 
core.pack.task: Packer task: initialize from command line() 
core.pack.task: Packer task: initialize from command line() 
protocols.moves.MonteCarlo: MonteCarlo:: last_accepted_score,lowest_score: -1373.47 -1373.47
protocols.motifs.Motif: Res1 name is LYS
protocols.motifs.Motif: atom1 name is OOC
protocols.motifs.Motif: atom2 name is S
protocols.motifs.Motif: atom3 name is aroC
protocols.motifs.Motif: Res1 name is TYR
protocols.motifs.Motif: atom1 name is Nlys
protocols.motifs.Motif: atom2 name is CH1
protocols.motifs.Motif: atom3 name is aroC
protocols.motifs.Motif: Res1 name is LEU
protocols.motifs.Motif: atom1 name is aroC
protocols.motifs.Motif: atom2 name is aroC
protocols.motifs.Motif: atom3 name is aroC
protocols.motifs.Motif: Res1 name is GLN
protocols.motifs.Motif: atom1 name is OOC
protocols.motifs.Motif: atom2 name is COO
protocols.motifs.Motif: atom3 name is aroC
protocols.motifs.Motif: Res1 name is TYR
protocols.motifs.Motif: atom1 name is OOC
protocols.motifs.Motif: atom2 name is S
protocols.motifs.Motif: atom3 name is aroC
protocols.motifs.Motif: Res1 name is LEU
protocols.motifs.Motif: atom1 name is aroC
protocols.motifs.Motif: atom2 name is aroC
protocols.motifs.Motif: atom3 name is aroC
core.pack.task: Packer task: initialize from command line() 
core.pack.task: Packer task: initialize from command line() 
core.pack.task: Packer task: initialize from command line() 
protocols.moves.MonteCarlo: MonteCarlo:: last_accepted_score,lowest_score: -1370.15 -1370.15
protocols.motifs.Motif: Res1 name is LEU
protocols.motifs.Motif: atom1 name is OOC
protocols.motifs.Motif: atom2 name is COO
protocols.motifs.Motif: atom3 name is OOC
protocols.motifs.Motif: Res1 name is GLN
protocols.motifs.Motif: atom1 name is aroC
protocols.motifs.Motif: atom2 name is aroC
protocols.motifs.Motif: atom3 name is aroC
protocols.motifs.Motif: Res1 name is TYR
protocols.motifs.Motif: atom1 name is OOC
protocols.motifs.Motif: atom2 name is COO
protocols.motifs.Motif: atom3 name is aroC
protocols.motifs.Motif: Res1 name is LEU
protocols.motifs.Motif: atom1 name is COO
protocols.motifs.Motif: atom2 name is CH1
protocols.motifs.Motif: atom3 name is aroC
core.pack.task: Packer task: initialize from command line() 
core.pack.task: Packer task: initialize from command line() 
core.pack.task: Packer task: initialize from command line() 
protocols.moves.MonteCarlo: MonteCarlo:: last_accepted_score,lowest_score: -1373 -1373
protocols.motifs.Motif: Res1 name is LYS
protocols.motifs.Motif: atom1 name is Nlys
protocols.motifs.Motif: atom2 name is CH1
protocols.motifs.Motif: atom3 name is aroC
protocols.motifs.Motif: Res1 name is TYR
protocols.motifs.Motif: atom1 name is OOC
protocols.motifs.Motif: atom2 name is COO
protocols.motifs.Motif: atom3 name is OOC
protocols.motifs.Motif: Res1 name is LEU
protocols.motifs.Motif: atom1 name is OOC
protocols.motifs.Motif: atom2 name is S
protocols.motifs.Motif: atom3 name is aroC
protocols.motifs.Motif: Res1 name is GLN
protocols.motifs.Motif: atom1 name is OOC
protocols.motifs.Motif: atom2 name is S
protocols.motifs.Motif: atom3 name is aroC
protocols.motifs.Motif: Res1 name is TYR
protocols.motifs.Motif: atom1 name is aroC
protocols.motifs.Motif: atom2 name is S
protocols.motifs.Motif: atom3 name is aroC
protocols.motifs.Motif: Res1 name is LEU
protocols.motifs.Motif: atom1 name is aroC
protocols.motifs.Motif: atom2 name is aroC
protocols.motifs.Motif: atom3 name is aroC
protocols.motifs.Motif: Res1 name is LYS
protocols.motifs.Motif: atom1 name is aroC
protocols.motifs.Motif: atom2 name is aroC
protocols.motifs.Motif: atom3 name is aroC
core.pack.task: Packer task: initialize from command line() 
core.pack.task: Packer task: initialize from command line() 
core.pack.task: Packer task: initialize from command line() 
protocols.moves.MonteCarlo: MonteCarlo:: last_accepted_score,lowest_score: -1368.76 -1368.76
protocols.motifs.Motif: Res1 name is LYS
protocols.motifs.Motif: atom1 name is OOC
protocols.motifs.Motif: atom2 name is COO
protocols.motifs.Motif: atom3 name is OOC
protocols.motifs.Motif: Res1 name is LEU
protocols.motifs.Motif: atom1 name is COO
protocols.motifs.Motif: atom2 name is CH1
protocols.motifs.Motif: atom3 name is aroC
protocols.motifs.Motif: Res1 name is GLN
protocols.motifs.Motif: atom1 name is aroC
protocols.motifs.Motif: atom2 name is aroC
protocols.motifs.Motif: atom3 name is aroC
protocols.motifs.Motif: Res1 name is ASN
protocols.motifs.Motif: atom1 name is OOC
protocols.motifs.Motif: atom2 name is COO
protocols.motifs.Motif: atom3 name is aroC
protocols.motifs.Motif: Res1 name is LEU
protocols.motifs.Motif: atom1 name is OOC
protocols.motifs.Motif: atom2 name is COO
protocols.motifs.Motif: atom3 name is aroC
protocols.motifs.Motif: Res1 name is ASN
protocols.motifs.Motif: atom1 name is aroC
protocols.motifs.Motif: atom2 name is S
protocols.motifs.Motif: atom3 name is aroC
core.pack.task: Packer task: initialize from command line() 
core.pack.task: Packer task: initialize from command line() 
core.pack.task: Packer task: initialize from command line() 
protocols.moves.MonteCarlo: MonteCarlo:: last_accepted_score,lowest_score: -1369.32 -1369.67
protocols.motifs.Motif: Res1 name is GLN
protocols.motifs.Motif: atom1 name is OOC
protocols.motifs.Motif: atom2 name is S
protocols.motifs.Motif: atom3 name is aroC
protocols.motifs.Motif: Res1 name is TYR
protocols.motifs.Motif: atom1 name is OOC
protocols.motifs.Motif: atom2 name is COO
protocols.motifs.Motif: atom3 name is aroC
core.pack.task: Packer task: initialize from command line() 
core.pack.task: Packer task: initialize from command line() 
core.pack.task: Packer task: initialize from command line() 
protocols.moves.MonteCarlo: MonteCarlo:: last_accepted_score,lowest_score: -1371.09 -1371.21
protocols.motifs.Motif: Res1 name is LYS
protocols.motifs.Motif: atom1 name is Nlys
protocols.motifs.Motif: atom2 name is CH1
protocols.motifs.Motif: atom3 name is aroC
protocols.motifs.Motif: Res1 name is LEU
protocols.motifs.Motif: atom1 name is Nlys
protocols.motifs.Motif: atom2 name is CH1
protocols.motifs.Motif: atom3 name is aroC
protocols.motifs.Motif: Res1 name is GLN
protocols.motifs.Motif: atom1 name is OOC
protocols.motifs.Motif: atom2 name is S
protocols.motifs.Motif: atom3 name is aroC
protocols.motifs.Motif: Res1 name is LEU
protocols.motifs.Motif: atom1 name is COO
protocols.motifs.Motif: atom2 name is CH1
protocols.motifs.Motif: atom3 name is aroC
protocols.motifs.Motif: Res1 name is LYS
protocols.motifs.Motif: atom1 name is OOC
protocols.motifs.Motif: atom2 name is COO
protocols.motifs.Motif: atom3 name is OOC
core.pack.task: Packer task: initialize from command line() 
core.pack.task: Packer task: initialize from command line() 
core.pack.task: Packer task: initialize from command line() 
protocols.moves.MonteCarlo: MonteCarlo:: last_accepted_score,lowest_score: -1369.56 -1369.56
protocols.motifs.Motif: Res1 name is LEU
protocols.motifs.Motif: atom1 name is Nlys
protocols.motifs.Motif: atom2 name is CH1
protocols.motifs.Motif: atom3 name is aroC
protocols.motifs.Motif: Res1 name is GLN
protocols.motifs.Motif: atom1 name is OOC
protocols.motifs.Motif: atom2 name is S
protocols.motifs.Motif: atom3 name is aroC
protocols.motifs.Motif: Res1 name is LEU
protocols.motifs.Motif: atom1 name is Nlys
protocols.motifs.Motif: atom2 name is CH1
protocols.motifs.Motif: atom3 name is aroC
LigandDiscoverySearch.discover: Done iterating all trios, moving to next ligand
LigandDiscoverySearch.discover: Total passing attempts for ligand is 402
LigandDiscoverySearch.discover: Total clashing attempts for ligand is 3513
