********  (C) Copyright Rosetta Commons Member Institutions.  ***************
* Use of Rosetta for commercial purposes may require purchase of a license. *
********  See LICENSE.md or email license@uw.edu for more details. **********
core.init: Checking for fconfig files in pwd and ./rosetta/flags 
core.init: Rosetta version: 2024.19.post.dev+283.updatedliganddiscoverysearchcodeagmay2024.10ed978 10ed97813f1920392b632603a23dedae0d4f102d https://github.com/RosettaCommons/rosetta.git 2024-10-15T12:35:46
core.init: Rosetta extras: []
core.init: command: /scratch/abgvg9/rosetta_may_for_checkin/rosetta//source/bin/ligand_discovery_search_protocol.linuxgccrelease @grik1_res_56_0_args
basic.random.init_random_generator: Constant seed mode, seed=1111111 seed_offset=0 real_seed=1111111
basic.random.init_random_generator: RandomGenerator:init: Normal mode, seed=1111111 RG_type=mt19937
core.init: Resolved executable path: /scratch/abgvg9/rosetta_may_for_checkin/rosetta/source/build/src/release/linux/3.10/64/x86/gcc/8.2/default/ligand_discovery_search_protocol.default.linuxgccrelease
core.init: Looking for database based on location of executable: /scratch/abgvg9/rosetta_may_for_checkin/rosetta/database/
LDS_app: Making Pose of input pdb file(s)
protocols.motifs.motif_utils: Got filename
protocols.motifs.motif_utils: Made motiflibrary
core.chemical.GlobalResidueTypeSet: Finished initializing fa_standard residue type set.  Created 985 residue types
core.chemical.GlobalResidueTypeSet: Total time to initialize 0.73 seconds.
protocols.motifs.motif_utils: added motifs from file
LDS_app: Collected motifs library with 1644640 motifs. 
core.chemical.GlobalResidueTypeSet: For ResidueTypeSet fa_standard there is no exclude_pdb_component_list.txt file to list known PDB ids.
core.chemical.GlobalResidueTypeSet:     This will turn off PDB component loading for ResidueTypeSet fa_standard
core.chemical.GlobalResidueTypeSet:     Expected file: /data/user/abgvg9/benchmark/files/all/grik1/test_params/exclude_pdb_component_list.txt
core.chemical.GlobalResidueTypeSet: Finished initializing fa_standard residue type set.  Created 1 residue types
core.chemical.GlobalResidueTypeSet: Total time to initialize 0.34 seconds.
core.import_pose.import_pose: File '/data/user/abgvg9/benchmark/files/all/grik1/grik1.pdb' automatically determined to be of type PDB
core.io.pose_from_sfr.PoseFromSFRBuilder: [ WARNING ] discarding 2 atoms at position 1 in file /data/user/abgvg9/benchmark/files/all/grik1/grik1.pdb. Best match rsd_type:  THR:NtermProteinFull
core.io.pose_from_sfr.PoseFromSFRBuilder: [ WARNING ] discarding 1 atoms at position 2 in file /data/user/abgvg9/benchmark/files/all/grik1/grik1.pdb. Best match rsd_type:  LEU
core.io.pose_from_sfr.PoseFromSFRBuilder: [ WARNING ] discarding 1 atoms at position 3 in file /data/user/abgvg9/benchmark/files/all/grik1/grik1.pdb. Best match rsd_type:  ILE
core.io.pose_from_sfr.PoseFromSFRBuilder: [ WARNING ] discarding 1 atoms at position 4 in file /data/user/abgvg9/benchmark/files/all/grik1/grik1.pdb. Best match rsd_type:  VAL
core.io.pose_from_sfr.PoseFromSFRBuilder: [ WARNING ] discarding 2 atoms at position 5 in file /data/user/abgvg9/benchmark/files/all/grik1/grik1.pdb. Best match rsd_type:  THR
core.io.pose_from_sfr.PoseFromSFRBuilder: [ WARNING ] discarding 2 atoms at position 6 in file /data/user/abgvg9/benchmark/files/all/grik1/grik1.pdb. Best match rsd_type:  THR
core.io.pose_from_sfr.PoseFromSFRBuilder: [ WARNING ] discarding 1 atoms at position 7 in file /data/user/abgvg9/benchmark/files/all/grik1/grik1.pdb. Best match rsd_type:  ILE
core.io.pose_from_sfr.PoseFromSFRBuilder: [ WARNING ] discarding 1 atoms at position 8 in file /data/user/abgvg9/benchmark/files/all/grik1/grik1.pdb. Best match rsd_type:  LEU
core.io.pose_from_sfr.PoseFromSFRBuilder: [ WARNING ] discarding 1 atoms at position 9 in file /data/user/abgvg9/benchmark/files/all/grik1/grik1.pdb. Best match rsd_type:  GLU
core.io.pose_from_sfr.PoseFromSFRBuilder: [ WARNING ] discarding 1 atoms at position 10 in file /data/user/abgvg9/benchmark/files/all/grik1/grik1.pdb. Best match rsd_type:  GLU
core.io.pose_from_sfr.PoseFromSFRBuilder: [ WARNING ] discarding 2 atoms at position 12 in file /data/user/abgvg9/benchmark/files/all/grik1/grik1.pdb. Best match rsd_type:  TYR
core.io.pose_from_sfr.PoseFromSFRBuilder: [ WARNING ] discarding 1 atoms at position 13 in file /data/user/abgvg9/benchmark/files/all/grik1/grik1.pdb. Best match rsd_type:  VAL
core.io.pose_from_sfr.PoseFromSFRBuilder: [ WARNING ] discarding 1 atoms at position 14 in file /data/user/abgvg9/benchmark/files/all/grik1/grik1.pdb. Best match rsd_type:  MET
core.io.pose_from_sfr.PoseFromSFRBuilder: [ WARNING ] discarding 2 atoms at position 15 in file /data/user/abgvg9/benchmark/files/all/grik1/grik1.pdb. Best match rsd_type:  TYR
core.io.pose_from_sfr.PoseFromSFRBuilder: [ WARNING ] discarding 6 atoms at position 16 in file /data/user/abgvg9/benchmark/files/all/grik1/grik1.pdb. Best match rsd_type:  ARG
core.io.pose_from_sfr.PoseFromSFRBuilder: [ WARNING ] discarding 4 atoms at position 17 in file /data/user/abgvg9/benchmark/files/all/grik1/grik1.pdb. Best match rsd_type:  LYS
core.io.pose_from_sfr.PoseFromSFRBuilder: [ WARNING ] discarding 2 atoms at position 18 in file /data/user/abgvg9/benchmark/files/all/grik1/grik1.pdb. Best match rsd_type:  SER
core.io.pose_from_sfr.PoseFromSFRBuilder: [ WARNING ] discarding 1 atoms at position 19 in file /data/user/abgvg9/benchmark/files/all/grik1/grik1.pdb. Best match rsd_type:  ASP
core.io.pose_from_sfr.PoseFromSFRBuilder: [ WARNING ] discarding 4 atoms at position 20 in file /data/user/abgvg9/benchmark/files/all/grik1/grik1.pdb. Best match rsd_type:  LYS
core.io.pose_from_sfr.PoseFromSFRBuilder: [ WARNING ] discarding 1 atoms at position 22 in file /data/user/abgvg9/benchmark/files/all/grik1/grik1.pdb. Best match rsd_type:  LEU
core.io.pose_from_sfr.PoseFromSFRBuilder: [ WARNING ] discarding 2 atoms at position 23 in file /data/user/abgvg9/benchmark/files/all/grik1/grik1.pdb. Best match rsd_type:  TYR
core.io.pose_from_sfr.PoseFromSFRBuilder: [ WARNING ] discarding 1 atoms at position 24 in file /data/user/abgvg9/benchmark/files/all/grik1/grik1.pdb. Best match rsd_type:  GLY
core.io.pose_from_sfr.PoseFromSFRBuilder: [ WARNING ] discarding 3 atoms at position 25 in file /data/user/abgvg9/benchmark/files/all/grik1/grik1.pdb. Best match rsd_type:  ASN
core.io.pose_from_sfr.PoseFromSFRBuilder: [ WARNING ] discarding 1 atoms at position 26 in file /data/user/abgvg9/benchmark/files/all/grik1/grik1.pdb. Best match rsd_type:  ASP
core.io.pose_from_sfr.PoseFromSFRBuilder: [ WARNING ] discarding 6 atoms at position 27 in file /data/user/abgvg9/benchmark/files/all/grik1/grik1.pdb. Best match rsd_type:  ARG
core.io.pose_from_sfr.PoseFromSFRBuilder: [ WARNING ] discarding 1 atoms at position 28 in file /data/user/abgvg9/benchmark/files/all/grik1/grik1.pdb. Best match rsd_type:  PHE
core.io.pose_from_sfr.PoseFromSFRBuilder: [ WARNING ] discarding 1 atoms at position 29 in file /data/user/abgvg9/benchmark/files/all/grik1/grik1.pdb. Best match rsd_type:  GLU
core.io.pose_from_sfr.PoseFromSFRBuilder: [ WARNING ] discarding 1 atoms at position 30 in file /data/user/abgvg9/benchmark/files/all/grik1/grik1.pdb. Best match rsd_type:  GLY
core.io.pose_from_sfr.PoseFromSFRBuilder: [ WARNING ] discarding 2 atoms at position 31 in file /data/user/abgvg9/benchmark/files/all/grik1/grik1.pdb. Best match rsd_type:  TYR
core.io.pose_from_sfr.PoseFromSFRBuilder: [ WARNING ] discarding 2 atoms at position 32 in file /data/user/abgvg9/benchmark/files/all/grik1/grik1.pdb. Best match rsd_type:  CYS
core.io.pose_from_sfr.PoseFromSFRBuilder: [ WARNING ] discarding 1 atoms at position 33 in file /data/user/abgvg9/benchmark/files/all/grik1/grik1.pdb. Best match rsd_type:  LEU
core.io.pose_from_sfr.PoseFromSFRBuilder: [ WARNING ] discarding 1 atoms at position 34 in file /data/user/abgvg9/benchmark/files/all/grik1/grik1.pdb. Best match rsd_type:  ASP
core.io.pose_from_sfr.PoseFromSFRBuilder: [ WARNING ] discarding 1 atoms at position 35 in file /data/user/abgvg9/benchmark/files/all/grik1/grik1.pdb. Best match rsd_type:  LEU
core.io.pose_from_sfr.PoseFromSFRBuilder: [ WARNING ] discarding 1 atoms at position 36 in file /data/user/abgvg9/benchmark/files/all/grik1/grik1.pdb. Best match rsd_type:  LEU
core.io.pose_from_sfr.PoseFromSFRBuilder: [ WARNING ] discarding 4 atoms at position 37 in file /data/user/abgvg9/benchmark/files/all/grik1/grik1.pdb. Best match rsd_type:  LYS
core.io.pose_from_sfr.PoseFromSFRBuilder: [ WARNING ] discarding 1 atoms at position 38 in file /data/user/abgvg9/benchmark/files/all/grik1/grik1.pdb. Best match rsd_type:  GLU
core.io.pose_from_sfr.PoseFromSFRBuilder: [ WARNING ] discarding 1 atoms at position 39 in file /data/user/abgvg9/benchmark/files/all/grik1/grik1.pdb. Best match rsd_type:  LEU
core.io.pose_from_sfr.PoseFromSFRBuilder: [ WARNING ] discarding 2 atoms at position 40 in file /data/user/abgvg9/benchmark/files/all/grik1/grik1.pdb. Best match rsd_type:  SER
core.io.pose_from_sfr.PoseFromSFRBuilder: [ WARNING ] discarding 3 atoms at position 41 in file /data/user/abgvg9/benchmark/files/all/grik1/grik1.pdb. Best match rsd_type:  ASN
core.io.pose_from_sfr.PoseFromSFRBuilder: [ WARNING ] discarding 1 atoms at position 42 in file /data/user/abgvg9/benchmark/files/all/grik1/grik1.pdb. Best match rsd_type:  ILE
core.io.pose_from_sfr.PoseFromSFRBuilder: [ WARNING ] discarding 1 atoms at position 43 in file /data/user/abgvg9/benchmark/files/all/grik1/grik1.pdb. Best match rsd_type:  LEU
core.io.pose_from_sfr.PoseFromSFRBuilder: [ WARNING ] discarding 1 atoms at position 44 in file /data/user/abgvg9/benchmark/files/all/grik1/grik1.pdb. Best match rsd_type:  PHE
core.io.pose_from_sfr.PoseFromSFRBuilder: [ WARNING ] discarding 1 atoms at position 45 in file /data/user/abgvg9/benchmark/files/all/grik1/grik1.pdb. Best match rsd_type:  LEU
core.io.pose_from_sfr.PoseFromSFRBuilder: [ WARNING ] discarding 2 atoms at position 46 in file /data/user/abgvg9/benchmark/files/all/grik1/grik1.pdb. Best match rsd_type:  TYR
core.io.pose_from_sfr.PoseFromSFRBuilder: [ WARNING ] discarding 1 atoms at position 47 in file /data/user/abgvg9/benchmark/files/all/grik1/grik1.pdb. Best match rsd_type:  ASP
core.io.pose_from_sfr.PoseFromSFRBuilder: [ WARNING ] discarding 1 atoms at position 48 in file /data/user/abgvg9/benchmark/files/all/grik1/grik1.pdb. Best match rsd_type:  VAL
core.io.pose_from_sfr.PoseFromSFRBuilder: [ WARNING ] discarding 4 atoms at position 49 in file /data/user/abgvg9/benchmark/files/all/grik1/grik1.pdb. Best match rsd_type:  LYS
core.io.pose_from_sfr.PoseFromSFRBuilder: [ WARNING ] discarding 1 atoms at position 50 in file /data/user/abgvg9/benchmark/files/all/grik1/grik1.pdb. Best match rsd_type:  LEU
core.io.pose_from_sfr.PoseFromSFRBuilder: [ WARNING ] discarding 1 atoms at position 51 in file /data/user/abgvg9/benchmark/files/all/grik1/grik1.pdb. Best match rsd_type:  VAL
core.io.pose_from_sfr.PoseFromSFRBuilder: [ WARNING ] discarding 1 atoms at position 53 in file /data/user/abgvg9/benchmark/files/all/grik1/grik1.pdb. Best match rsd_type:  ASP
core.io.pose_from_sfr.PoseFromSFRBuilder: [ WARNING ] discarding 1 atoms at position 54 in file /data/user/abgvg9/benchmark/files/all/grik1/grik1.pdb. Best match rsd_type:  GLY
core.io.pose_from_sfr.PoseFromSFRBuilder: [ WARNING ] discarding 4 atoms at position 55 in file /data/user/abgvg9/benchmark/files/all/grik1/grik1.pdb. Best match rsd_type:  LYS
core.io.pose_from_sfr.PoseFromSFRBuilder: [ WARNING ] discarding 2 atoms at position 56 in file /data/user/abgvg9/benchmark/files/all/grik1/grik1.pdb. Best match rsd_type:  TYR
core.io.pose_from_sfr.PoseFromSFRBuilder: [ WARNING ] discarding 1 atoms at position 57 in file /data/user/abgvg9/benchmark/files/all/grik1/grik1.pdb. Best match rsd_type:  GLY
core.io.pose_from_sfr.PoseFromSFRBuilder: [ WARNING ] discarding 1 atoms at position 58 in file /data/user/abgvg9/benchmark/files/all/grik1/grik1.pdb. Best match rsd_type:  ALA
core.io.pose_from_sfr.PoseFromSFRBuilder: [ WARNING ] discarding 3 atoms at position 59 in file /data/user/abgvg9/benchmark/files/all/grik1/grik1.pdb. Best match rsd_type:  GLN
core.io.pose_from_sfr.PoseFromSFRBuilder: [ WARNING ] discarding 2 atoms at position 60 in file /data/user/abgvg9/benchmark/files/all/grik1/grik1.pdb. Best match rsd_type:  TRP
core.io.pose_from_sfr.PoseFromSFRBuilder: [ WARNING ] discarding 3 atoms at position 61 in file /data/user/abgvg9/benchmark/files/all/grik1/grik1.pdb. Best match rsd_type:  ASN
core.io.pose_from_sfr.PoseFromSFRBuilder: [ WARNING ] discarding 1 atoms at position 62 in file /data/user/abgvg9/benchmark/files/all/grik1/grik1.pdb. Best match rsd_type:  GLY
core.io.pose_from_sfr.PoseFromSFRBuilder: [ WARNING ] discarding 1 atoms at position 63 in file /data/user/abgvg9/benchmark/files/all/grik1/grik1.pdb. Best match rsd_type:  MET
core.io.pose_from_sfr.PoseFromSFRBuilder: [ WARNING ] discarding 1 atoms at position 64 in file /data/user/abgvg9/benchmark/files/all/grik1/grik1.pdb. Best match rsd_type:  VAL
core.io.pose_from_sfr.PoseFromSFRBuilder: [ WARNING ] discarding 4 atoms at position 65 in file /data/user/abgvg9/benchmark/files/all/grik1/grik1.pdb. Best match rsd_type:  LYS
core.io.pose_from_sfr.PoseFromSFRBuilder: [ WARNING ] discarding 1 atoms at position 66 in file /data/user/abgvg9/benchmark/files/all/grik1/grik1.pdb. Best match rsd_type:  GLU
core.io.pose_from_sfr.PoseFromSFRBuilder: [ WARNING ] discarding 1 atoms at position 67 in file /data/user/abgvg9/benchmark/files/all/grik1/grik1.pdb. Best match rsd_type:  LEU
core.io.pose_from_sfr.PoseFromSFRBuilder: [ WARNING ] discarding 1 atoms at position 68 in file /data/user/abgvg9/benchmark/files/all/grik1/grik1.pdb. Best match rsd_type:  ILE
core.io.pose_from_sfr.PoseFromSFRBuilder: [ WARNING ] discarding 1 atoms at position 69 in file /data/user/abgvg9/benchmark/files/all/grik1/grik1.pdb. Best match rsd_type:  ASP
core.io.pose_from_sfr.PoseFromSFRBuilder: [ WARNING ] discarding 2 atoms at position 70 in file /data/user/abgvg9/benchmark/files/all/grik1/grik1.pdb. Best match rsd_type:  HIS
core.io.pose_from_sfr.PoseFromSFRBuilder: [ WARNING ] discarding 6 atoms at position 71 in file /data/user/abgvg9/benchmark/files/all/grik1/grik1.pdb. Best match rsd_type:  ARG
core.io.pose_from_sfr.PoseFromSFRBuilder: [ WARNING ] discarding 1 atoms at position 72 in file /data/user/abgvg9/benchmark/files/all/grik1/grik1.pdb. Best match rsd_type:  ALA
core.io.pose_from_sfr.PoseFromSFRBuilder: [ WARNING ] discarding 1 atoms at position 73 in file /data/user/abgvg9/benchmark/files/all/grik1/grik1.pdb. Best match rsd_type:  ASP
core.io.pose_from_sfr.PoseFromSFRBuilder: [ WARNING ] discarding 1 atoms at position 74 in file /data/user/abgvg9/benchmark/files/all/grik1/grik1.pdb. Best match rsd_type:  LEU
core.io.pose_from_sfr.PoseFromSFRBuilder: [ WARNING ] discarding 1 atoms at position 75 in file /data/user/abgvg9/benchmark/files/all/grik1/grik1.pdb. Best match rsd_type:  ALA
core.io.pose_from_sfr.PoseFromSFRBuilder: [ WARNING ] discarding 1 atoms at position 76 in file /data/user/abgvg9/benchmark/files/all/grik1/grik1.pdb. Best match rsd_type:  VAL
core.io.pose_from_sfr.PoseFromSFRBuilder: [ WARNING ] discarding 1 atoms at position 77 in file /data/user/abgvg9/benchmark/files/all/grik1/grik1.pdb. Best match rsd_type:  ALA
core.io.pose_from_sfr.PoseFromSFRBuilder: [ WARNING ] discarding 1 atoms at position 79 in file /data/user/abgvg9/benchmark/files/all/grik1/grik1.pdb. Best match rsd_type:  LEU
core.io.pose_from_sfr.PoseFromSFRBuilder: [ WARNING ] discarding 2 atoms at position 80 in file /data/user/abgvg9/benchmark/files/all/grik1/grik1.pdb. Best match rsd_type:  THR
core.io.pose_from_sfr.PoseFromSFRBuilder: [ WARNING ] discarding 1 atoms at position 81 in file /data/user/abgvg9/benchmark/files/all/grik1/grik1.pdb. Best match rsd_type:  ILE
core.io.pose_from_sfr.PoseFromSFRBuilder: [ WARNING ] discarding 2 atoms at position 82 in file /data/user/abgvg9/benchmark/files/all/grik1/grik1.pdb. Best match rsd_type:  THR
core.io.pose_from_sfr.PoseFromSFRBuilder: [ WARNING ] discarding 2 atoms at position 83 in file /data/user/abgvg9/benchmark/files/all/grik1/grik1.pdb. Best match rsd_type:  TYR
core.io.pose_from_sfr.PoseFromSFRBuilder: [ WARNING ] discarding 1 atoms at position 84 in file /data/user/abgvg9/benchmark/files/all/grik1/grik1.pdb. Best match rsd_type:  VAL
core.io.pose_from_sfr.PoseFromSFRBuilder: [ WARNING ] discarding 6 atoms at position 85 in file /data/user/abgvg9/benchmark/files/all/grik1/grik1.pdb. Best match rsd_type:  ARG
core.io.pose_from_sfr.PoseFromSFRBuilder: [ WARNING ] discarding 1 atoms at position 86 in file /data/user/abgvg9/benchmark/files/all/grik1/grik1.pdb. Best match rsd_type:  GLU
core.io.pose_from_sfr.PoseFromSFRBuilder: [ WARNING ] discarding 4 atoms at position 87 in file /data/user/abgvg9/benchmark/files/all/grik1/grik1.pdb. Best match rsd_type:  LYS
core.io.pose_from_sfr.PoseFromSFRBuilder: [ WARNING ] discarding 1 atoms at position 88 in file /data/user/abgvg9/benchmark/files/all/grik1/grik1.pdb. Best match rsd_type:  VAL
core.io.pose_from_sfr.PoseFromSFRBuilder: [ WARNING ] discarding 1 atoms at position 89 in file /data/user/abgvg9/benchmark/files/all/grik1/grik1.pdb. Best match rsd_type:  ILE
core.io.pose_from_sfr.PoseFromSFRBuilder: [ WARNING ] discarding 1 atoms at position 90 in file /data/user/abgvg9/benchmark/files/all/grik1/grik1.pdb. Best match rsd_type:  ASP
core.io.pose_from_sfr.PoseFromSFRBuilder: [ WARNING ] discarding 1 atoms at position 91 in file /data/user/abgvg9/benchmark/files/all/grik1/grik1.pdb. Best match rsd_type:  PHE
core.io.pose_from_sfr.PoseFromSFRBuilder: [ WARNING ] discarding 2 atoms at position 92 in file /data/user/abgvg9/benchmark/files/all/grik1/grik1.pdb. Best match rsd_type:  SER
core.io.pose_from_sfr.PoseFromSFRBuilder: [ WARNING ] discarding 4 atoms at position 93 in file /data/user/abgvg9/benchmark/files/all/grik1/grik1.pdb. Best match rsd_type:  LYS
core.io.pose_from_sfr.PoseFromSFRBuilder: [ WARNING ] discarding 1 atoms at position 95 in file /data/user/abgvg9/benchmark/files/all/grik1/grik1.pdb. Best match rsd_type:  PHE
core.io.pose_from_sfr.PoseFromSFRBuilder: [ WARNING ] discarding 1 atoms at position 96 in file /data/user/abgvg9/benchmark/files/all/grik1/grik1.pdb. Best match rsd_type:  MET
core.io.pose_from_sfr.PoseFromSFRBuilder: [ WARNING ] discarding 2 atoms at position 97 in file /data/user/abgvg9/benchmark/files/all/grik1/grik1.pdb. Best match rsd_type:  THR
core.io.pose_from_sfr.PoseFromSFRBuilder: [ WARNING ] discarding 1 atoms at position 98 in file /data/user/abgvg9/benchmark/files/all/grik1/grik1.pdb. Best match rsd_type:  LEU
core.io.pose_from_sfr.PoseFromSFRBuilder: [ WARNING ] discarding 1 atoms at position 99 in file /data/user/abgvg9/benchmark/files/all/grik1/grik1.pdb. Best match rsd_type:  GLY
core.io.pose_from_sfr.PoseFromSFRBuilder: [ WARNING ] discarding 1 atoms at position 100 in file /data/user/abgvg9/benchmark/files/all/grik1/grik1.pdb. Best match rsd_type:  ILE
core.io.pose_from_sfr.PoseFromSFRBuilder: [ WARNING ] discarding 2 atoms at position 101 in file /data/user/abgvg9/benchmark/files/all/grik1/grik1.pdb. Best match rsd_type:  SER
core.io.pose_from_sfr.PoseFromSFRBuilder: [ WARNING ] discarding 1 atoms at position 102 in file /data/user/abgvg9/benchmark/files/all/grik1/grik1.pdb. Best match rsd_type:  ILE
core.io.pose_from_sfr.PoseFromSFRBuilder: [ WARNING ] discarding 1 atoms at position 103 in file /data/user/abgvg9/benchmark/files/all/grik1/grik1.pdb. Best match rsd_type:  LEU
core.io.pose_from_sfr.PoseFromSFRBuilder: [ WARNING ] discarding 2 atoms at position 104 in file /data/user/abgvg9/benchmark/files/all/grik1/grik1.pdb. Best match rsd_type:  TYR
core.io.pose_from_sfr.PoseFromSFRBuilder: [ WARNING ] discarding 6 atoms at position 105 in file /data/user/abgvg9/benchmark/files/all/grik1/grik1.pdb. Best match rsd_type:  ARG
core.io.pose_from_sfr.PoseFromSFRBuilder: [ WARNING ] discarding 4 atoms at position 106 in file /data/user/abgvg9/benchmark/files/all/grik1/grik1.pdb. Best match rsd_type:  LYS
core.io.pose_from_sfr.PoseFromSFRBuilder: [ WARNING ] discarding 1 atoms at position 107 in file /data/user/abgvg9/benchmark/files/all/grik1/grik1.pdb. Best match rsd_type:  GLY
core.io.pose_from_sfr.PoseFromSFRBuilder: [ WARNING ] discarding 2 atoms at position 108 in file /data/user/abgvg9/benchmark/files/all/grik1/grik1.pdb. Best match rsd_type:  THR
core.io.pose_from_sfr.PoseFromSFRBuilder: [ WARNING ] discarding 1 atoms at position 110 in file /data/user/abgvg9/benchmark/files/all/grik1/grik1.pdb. Best match rsd_type:  ILE
core.io.pose_from_sfr.PoseFromSFRBuilder: [ WARNING ] discarding 1 atoms at position 111 in file /data/user/abgvg9/benchmark/files/all/grik1/grik1.pdb. Best match rsd_type:  ASP
core.io.pose_from_sfr.PoseFromSFRBuilder: [ WARNING ] discarding 2 atoms at position 112 in file /data/user/abgvg9/benchmark/files/all/grik1/grik1.pdb. Best match rsd_type:  SER
core.io.pose_from_sfr.PoseFromSFRBuilder: [ WARNING ] discarding 1 atoms at position 113 in file /data/user/abgvg9/benchmark/files/all/grik1/grik1.pdb. Best match rsd_type:  ALA
core.io.pose_from_sfr.PoseFromSFRBuilder: [ WARNING ] discarding 1 atoms at position 114 in file /data/user/abgvg9/benchmark/files/all/grik1/grik1.pdb. Best match rsd_type:  ASP
core.io.pose_from_sfr.PoseFromSFRBuilder: [ WARNING ] discarding 1 atoms at position 115 in file /data/user/abgvg9/benchmark/files/all/grik1/grik1.pdb. Best match rsd_type:  ASP
core.io.pose_from_sfr.PoseFromSFRBuilder: [ WARNING ] discarding 1 atoms at position 116 in file /data/user/abgvg9/benchmark/files/all/grik1/grik1.pdb. Best match rsd_type:  LEU
core.io.pose_from_sfr.PoseFromSFRBuilder: [ WARNING ] discarding 1 atoms at position 117 in file /data/user/abgvg9/benchmark/files/all/grik1/grik1.pdb. Best match rsd_type:  ALA
core.io.pose_from_sfr.PoseFromSFRBuilder: [ WARNING ] discarding 4 atoms at position 118 in file /data/user/abgvg9/benchmark/files/all/grik1/grik1.pdb. Best match rsd_type:  LYS
core.io.pose_from_sfr.PoseFromSFRBuilder: [ WARNING ] discarding 3 atoms at position 119 in file /data/user/abgvg9/benchmark/files/all/grik1/grik1.pdb. Best match rsd_type:  GLN
core.io.pose_from_sfr.PoseFromSFRBuilder: [ WARNING ] discarding 2 atoms at position 120 in file /data/user/abgvg9/benchmark/files/all/grik1/grik1.pdb. Best match rsd_type:  THR
core.io.pose_from_sfr.PoseFromSFRBuilder: [ WARNING ] discarding 4 atoms at position 121 in file /data/user/abgvg9/benchmark/files/all/grik1/grik1.pdb. Best match rsd_type:  LYS
core.io.pose_from_sfr.PoseFromSFRBuilder: [ WARNING ] discarding 1 atoms at position 122 in file /data/user/abgvg9/benchmark/files/all/grik1/grik1.pdb. Best match rsd_type:  ILE
core.io.pose_from_sfr.PoseFromSFRBuilder: [ WARNING ] discarding 1 atoms at position 123 in file /data/user/abgvg9/benchmark/files/all/grik1/grik1.pdb. Best match rsd_type:  GLU
core.io.pose_from_sfr.PoseFromSFRBuilder: [ WARNING ] discarding 2 atoms at position 124 in file /data/user/abgvg9/benchmark/files/all/grik1/grik1.pdb. Best match rsd_type:  TYR
core.io.pose_from_sfr.PoseFromSFRBuilder: [ WARNING ] discarding 1 atoms at position 125 in file /data/user/abgvg9/benchmark/files/all/grik1/grik1.pdb. Best match rsd_type:  GLY
core.io.pose_from_sfr.PoseFromSFRBuilder: [ WARNING ] discarding 1 atoms at position 126 in file /data/user/abgvg9/benchmark/files/all/grik1/grik1.pdb. Best match rsd_type:  ALA
core.io.pose_from_sfr.PoseFromSFRBuilder: [ WARNING ] discarding 1 atoms at position 127 in file /data/user/abgvg9/benchmark/files/all/grik1/grik1.pdb. Best match rsd_type:  VAL
core.io.pose_from_sfr.PoseFromSFRBuilder: [ WARNING ] discarding 6 atoms at position 128 in file /data/user/abgvg9/benchmark/files/all/grik1/grik1.pdb. Best match rsd_type:  ARG
core.io.pose_from_sfr.PoseFromSFRBuilder: [ WARNING ] discarding 1 atoms at position 129 in file /data/user/abgvg9/benchmark/files/all/grik1/grik1.pdb. Best match rsd_type:  ASP
core.io.pose_from_sfr.PoseFromSFRBuilder: [ WARNING ] discarding 1 atoms at position 130 in file /data/user/abgvg9/benchmark/files/all/grik1/grik1.pdb. Best match rsd_type:  GLY
core.io.pose_from_sfr.PoseFromSFRBuilder: [ WARNING ] discarding 2 atoms at position 131 in file /data/user/abgvg9/benchmark/files/all/grik1/grik1.pdb. Best match rsd_type:  SER
core.io.pose_from_sfr.PoseFromSFRBuilder: [ WARNING ] discarding 2 atoms at position 132 in file /data/user/abgvg9/benchmark/files/all/grik1/grik1.pdb. Best match rsd_type:  THR
core.io.pose_from_sfr.PoseFromSFRBuilder: [ WARNING ] discarding 1 atoms at position 133 in file /data/user/abgvg9/benchmark/files/all/grik1/grik1.pdb. Best match rsd_type:  MET
core.io.pose_from_sfr.PoseFromSFRBuilder: [ WARNING ] discarding 2 atoms at position 134 in file /data/user/abgvg9/benchmark/files/all/grik1/grik1.pdb. Best match rsd_type:  THR
core.io.pose_from_sfr.PoseFromSFRBuilder: [ WARNING ] discarding 1 atoms at position 135 in file /data/user/abgvg9/benchmark/files/all/grik1/grik1.pdb. Best match rsd_type:  PHE
core.io.pose_from_sfr.PoseFromSFRBuilder: [ WARNING ] discarding 1 atoms at position 136 in file /data/user/abgvg9/benchmark/files/all/grik1/grik1.pdb. Best match rsd_type:  PHE
core.io.pose_from_sfr.PoseFromSFRBuilder: [ WARNING ] discarding 4 atoms at position 137 in file /data/user/abgvg9/benchmark/files/all/grik1/grik1.pdb. Best match rsd_type:  LYS
core.io.pose_from_sfr.PoseFromSFRBuilder: [ WARNING ] discarding 4 atoms at position 138 in file /data/user/abgvg9/benchmark/files/all/grik1/grik1.pdb. Best match rsd_type:  LYS
core.io.pose_from_sfr.PoseFromSFRBuilder: [ WARNING ] discarding 2 atoms at position 139 in file /data/user/abgvg9/benchmark/files/all/grik1/grik1.pdb. Best match rsd_type:  SER
core.io.pose_from_sfr.PoseFromSFRBuilder: [ WARNING ] discarding 4 atoms at position 140 in file /data/user/abgvg9/benchmark/files/all/grik1/grik1.pdb. Best match rsd_type:  LYS
core.io.pose_from_sfr.PoseFromSFRBuilder: [ WARNING ] discarding 1 atoms at position 141 in file /data/user/abgvg9/benchmark/files/all/grik1/grik1.pdb. Best match rsd_type:  ILE
core.io.pose_from_sfr.PoseFromSFRBuilder: [ WARNING ] discarding 2 atoms at position 142 in file /data/user/abgvg9/benchmark/files/all/grik1/grik1.pdb. Best match rsd_type:  SER
core.io.pose_from_sfr.PoseFromSFRBuilder: [ WARNING ] discarding 2 atoms at position 143 in file /data/user/abgvg9/benchmark/files/all/grik1/grik1.pdb. Best match rsd_type:  THR
core.io.pose_from_sfr.PoseFromSFRBuilder: [ WARNING ] discarding 2 atoms at position 144 in file /data/user/abgvg9/benchmark/files/all/grik1/grik1.pdb. Best match rsd_type:  TYR
core.io.pose_from_sfr.PoseFromSFRBuilder: [ WARNING ] discarding 1 atoms at position 145 in file /data/user/abgvg9/benchmark/files/all/grik1/grik1.pdb. Best match rsd_type:  GLU
core.io.pose_from_sfr.PoseFromSFRBuilder: [ WARNING ] discarding 4 atoms at position 146 in file /data/user/abgvg9/benchmark/files/all/grik1/grik1.pdb. Best match rsd_type:  LYS
core.io.pose_from_sfr.PoseFromSFRBuilder: [ WARNING ] discarding 1 atoms at position 147 in file /data/user/abgvg9/benchmark/files/all/grik1/grik1.pdb. Best match rsd_type:  MET
core.io.pose_from_sfr.PoseFromSFRBuilder: [ WARNING ] discarding 2 atoms at position 148 in file /data/user/abgvg9/benchmark/files/all/grik1/grik1.pdb. Best match rsd_type:  TRP
core.io.pose_from_sfr.PoseFromSFRBuilder: [ WARNING ] discarding 1 atoms at position 149 in file /data/user/abgvg9/benchmark/files/all/grik1/grik1.pdb. Best match rsd_type:  ALA
core.io.pose_from_sfr.PoseFromSFRBuilder: [ WARNING ] discarding 1 atoms at position 150 in file /data/user/abgvg9/benchmark/files/all/grik1/grik1.pdb. Best match rsd_type:  PHE
core.io.pose_from_sfr.PoseFromSFRBuilder: [ WARNING ] discarding 1 atoms at position 151 in file /data/user/abgvg9/benchmark/files/all/grik1/grik1.pdb. Best match rsd_type:  MET
core.io.pose_from_sfr.PoseFromSFRBuilder: [ WARNING ] discarding 2 atoms at position 152 in file /data/user/abgvg9/benchmark/files/all/grik1/grik1.pdb. Best match rsd_type:  SER
core.io.pose_from_sfr.PoseFromSFRBuilder: [ WARNING ] discarding 2 atoms at position 153 in file /data/user/abgvg9/benchmark/files/all/grik1/grik1.pdb. Best match rsd_type:  SER
core.io.pose_from_sfr.PoseFromSFRBuilder: [ WARNING ] discarding 2 atoms at position 154 in file /data/user/abgvg9/benchmark/files/all/grik1/grik1.pdb. Best match rsd_type:  SER
core.io.pose_from_sfr.PoseFromSFRBuilder: [ WARNING ] discarding 1 atoms at position 155 in file /data/user/abgvg9/benchmark/files/all/grik1/grik1.pdb. Best match rsd_type:  ALA
core.io.pose_from_sfr.PoseFromSFRBuilder: [ WARNING ] discarding 1 atoms at position 156 in file /data/user/abgvg9/benchmark/files/all/grik1/grik1.pdb. Best match rsd_type:  LEU
core.io.pose_from_sfr.PoseFromSFRBuilder: [ WARNING ] discarding 1 atoms at position 157 in file /data/user/abgvg9/benchmark/files/all/grik1/grik1.pdb. Best match rsd_type:  VAL
core.io.pose_from_sfr.PoseFromSFRBuilder: [ WARNING ] discarding 4 atoms at position 158 in file /data/user/abgvg9/benchmark/files/all/grik1/grik1.pdb. Best match rsd_type:  LYS
core.io.pose_from_sfr.PoseFromSFRBuilder: [ WARNING ] discarding 3 atoms at position 159 in file /data/user/abgvg9/benchmark/files/all/grik1/grik1.pdb. Best match rsd_type:  ASN
core.io.pose_from_sfr.PoseFromSFRBuilder: [ WARNING ] discarding 2 atoms at position 160 in file /data/user/abgvg9/benchmark/files/all/grik1/grik1.pdb. Best match rsd_type:  SER
core.io.pose_from_sfr.PoseFromSFRBuilder: [ WARNING ] discarding 1 atoms at position 161 in file /data/user/abgvg9/benchmark/files/all/grik1/grik1.pdb. Best match rsd_type:  ASP
core.io.pose_from_sfr.PoseFromSFRBuilder: [ WARNING ] discarding 1 atoms at position 162 in file /data/user/abgvg9/benchmark/files/all/grik1/grik1.pdb. Best match rsd_type:  GLU
core.io.pose_from_sfr.PoseFromSFRBuilder: [ WARNING ] discarding 1 atoms at position 163 in file /data/user/abgvg9/benchmark/files/all/grik1/grik1.pdb. Best match rsd_type:  GLY
core.io.pose_from_sfr.PoseFromSFRBuilder: [ WARNING ] discarding 1 atoms at position 164 in file /data/user/abgvg9/benchmark/files/all/grik1/grik1.pdb. Best match rsd_type:  ILE
core.io.pose_from_sfr.PoseFromSFRBuilder: [ WARNING ] discarding 3 atoms at position 165 in file /data/user/abgvg9/benchmark/files/all/grik1/grik1.pdb. Best match rsd_type:  GLN
core.io.pose_from_sfr.PoseFromSFRBuilder: [ WARNING ] discarding 6 atoms at position 166 in file /data/user/abgvg9/benchmark/files/all/grik1/grik1.pdb. Best match rsd_type:  ARG
core.io.pose_from_sfr.PoseFromSFRBuilder: [ WARNING ] discarding 1 atoms at position 167 in file /data/user/abgvg9/benchmark/files/all/grik1/grik1.pdb. Best match rsd_type:  VAL
core.io.pose_from_sfr.PoseFromSFRBuilder: [ WARNING ] discarding 1 atoms at position 168 in file /data/user/abgvg9/benchmark/files/all/grik1/grik1.pdb. Best match rsd_type:  LEU
core.io.pose_from_sfr.PoseFromSFRBuilder: [ WARNING ] discarding 2 atoms at position 169 in file /data/user/abgvg9/benchmark/files/all/grik1/grik1.pdb. Best match rsd_type:  THR
core.io.pose_from_sfr.PoseFromSFRBuilder: [ WARNING ] discarding 2 atoms at position 170 in file /data/user/abgvg9/benchmark/files/all/grik1/grik1.pdb. Best match rsd_type:  THR
core.io.pose_from_sfr.PoseFromSFRBuilder: [ WARNING ] discarding 1 atoms at position 171 in file /data/user/abgvg9/benchmark/files/all/grik1/grik1.pdb. Best match rsd_type:  ASP
core.io.pose_from_sfr.PoseFromSFRBuilder: [ WARNING ] discarding 2 atoms at position 172 in file /data/user/abgvg9/benchmark/files/all/grik1/grik1.pdb. Best match rsd_type:  TYR
core.io.pose_from_sfr.PoseFromSFRBuilder: [ WARNING ] discarding 1 atoms at position 173 in file /data/user/abgvg9/benchmark/files/all/grik1/grik1.pdb. Best match rsd_type:  ALA
core.io.pose_from_sfr.PoseFromSFRBuilder: [ WARNING ] discarding 1 atoms at position 174 in file /data/user/abgvg9/benchmark/files/all/grik1/grik1.pdb. Best match rsd_type:  LEU
core.io.pose_from_sfr.PoseFromSFRBuilder: [ WARNING ] discarding 1 atoms at position 175 in file /data/user/abgvg9/benchmark/files/all/grik1/grik1.pdb. Best match rsd_type:  LEU
core.io.pose_from_sfr.PoseFromSFRBuilder: [ WARNING ] discarding 1 atoms at position 176 in file /data/user/abgvg9/benchmark/files/all/grik1/grik1.pdb. Best match rsd_type:  MET
core.io.pose_from_sfr.PoseFromSFRBuilder: [ WARNING ] discarding 1 atoms at position 177 in file /data/user/abgvg9/benchmark/files/all/grik1/grik1.pdb. Best match rsd_type:  GLU
core.io.pose_from_sfr.PoseFromSFRBuilder: [ WARNING ] discarding 2 atoms at position 178 in file /data/user/abgvg9/benchmark/files/all/grik1/grik1.pdb. Best match rsd_type:  SER
core.io.pose_from_sfr.PoseFromSFRBuilder: [ WARNING ] discarding 2 atoms at position 179 in file /data/user/abgvg9/benchmark/files/all/grik1/grik1.pdb. Best match rsd_type:  THR
core.io.pose_from_sfr.PoseFromSFRBuilder: [ WARNING ] discarding 2 atoms at position 180 in file /data/user/abgvg9/benchmark/files/all/grik1/grik1.pdb. Best match rsd_type:  SER
core.io.pose_from_sfr.PoseFromSFRBuilder: [ WARNING ] discarding 1 atoms at position 181 in file /data/user/abgvg9/benchmark/files/all/grik1/grik1.pdb. Best match rsd_type:  ILE
core.io.pose_from_sfr.PoseFromSFRBuilder: [ WARNING ] discarding 1 atoms at position 182 in file /data/user/abgvg9/benchmark/files/all/grik1/grik1.pdb. Best match rsd_type:  GLU
core.io.pose_from_sfr.PoseFromSFRBuilder: [ WARNING ] discarding 2 atoms at position 183 in file /data/user/abgvg9/benchmark/files/all/grik1/grik1.pdb. Best match rsd_type:  TYR
core.io.pose_from_sfr.PoseFromSFRBuilder: [ WARNING ] discarding 1 atoms at position 184 in file /data/user/abgvg9/benchmark/files/all/grik1/grik1.pdb. Best match rsd_type:  VAL
core.io.pose_from_sfr.PoseFromSFRBuilder: [ WARNING ] discarding 2 atoms at position 185 in file /data/user/abgvg9/benchmark/files/all/grik1/grik1.pdb. Best match rsd_type:  THR
core.io.pose_from_sfr.PoseFromSFRBuilder: [ WARNING ] discarding 3 atoms at position 186 in file /data/user/abgvg9/benchmark/files/all/grik1/grik1.pdb. Best match rsd_type:  GLN
core.io.pose_from_sfr.PoseFromSFRBuilder: [ WARNING ] discarding 6 atoms at position 187 in file /data/user/abgvg9/benchmark/files/all/grik1/grik1.pdb. Best match rsd_type:  ARG
core.io.pose_from_sfr.PoseFromSFRBuilder: [ WARNING ] discarding 3 atoms at position 188 in file /data/user/abgvg9/benchmark/files/all/grik1/grik1.pdb. Best match rsd_type:  ASN
core.io.pose_from_sfr.PoseFromSFRBuilder: [ WARNING ] discarding 2 atoms at position 189 in file /data/user/abgvg9/benchmark/files/all/grik1/grik1.pdb. Best match rsd_type:  CYS
core.io.pose_from_sfr.PoseFromSFRBuilder: [ WARNING ] discarding 3 atoms at position 190 in file /data/user/abgvg9/benchmark/files/all/grik1/grik1.pdb. Best match rsd_type:  ASN
core.io.pose_from_sfr.PoseFromSFRBuilder: [ WARNING ] discarding 1 atoms at position 191 in file /data/user/abgvg9/benchmark/files/all/grik1/grik1.pdb. Best match rsd_type:  LEU
core.io.pose_from_sfr.PoseFromSFRBuilder: [ WARNING ] discarding 2 atoms at position 192 in file /data/user/abgvg9/benchmark/files/all/grik1/grik1.pdb. Best match rsd_type:  THR
core.io.pose_from_sfr.PoseFromSFRBuilder: [ WARNING ] discarding 3 atoms at position 193 in file /data/user/abgvg9/benchmark/files/all/grik1/grik1.pdb. Best match rsd_type:  GLN
core.io.pose_from_sfr.PoseFromSFRBuilder: [ WARNING ] discarding 1 atoms at position 194 in file /data/user/abgvg9/benchmark/files/all/grik1/grik1.pdb. Best match rsd_type:  ILE
core.io.pose_from_sfr.PoseFromSFRBuilder: [ WARNING ] discarding 1 atoms at position 195 in file /data/user/abgvg9/benchmark/files/all/grik1/grik1.pdb. Best match rsd_type:  GLY
core.io.pose_from_sfr.PoseFromSFRBuilder: [ WARNING ] discarding 1 atoms at position 196 in file /data/user/abgvg9/benchmark/files/all/grik1/grik1.pdb. Best match rsd_type:  GLY
core.io.pose_from_sfr.PoseFromSFRBuilder: [ WARNING ] discarding 1 atoms at position 197 in file /data/user/abgvg9/benchmark/files/all/grik1/grik1.pdb. Best match rsd_type:  LEU
core.io.pose_from_sfr.PoseFromSFRBuilder: [ WARNING ] discarding 1 atoms at position 198 in file /data/user/abgvg9/benchmark/files/all/grik1/grik1.pdb. Best match rsd_type:  ILE
core.io.pose_from_sfr.PoseFromSFRBuilder: [ WARNING ] discarding 1 atoms at position 199 in file /data/user/abgvg9/benchmark/files/all/grik1/grik1.pdb. Best match rsd_type:  ASP
core.io.pose_from_sfr.PoseFromSFRBuilder: [ WARNING ] discarding 2 atoms at position 200 in file /data/user/abgvg9/benchmark/files/all/grik1/grik1.pdb. Best match rsd_type:  SER
core.io.pose_from_sfr.PoseFromSFRBuilder: [ WARNING ] discarding 4 atoms at position 201 in file /data/user/abgvg9/benchmark/files/all/grik1/grik1.pdb. Best match rsd_type:  LYS
core.io.pose_from_sfr.PoseFromSFRBuilder: [ WARNING ] discarding 1 atoms at position 202 in file /data/user/abgvg9/benchmark/files/all/grik1/grik1.pdb. Best match rsd_type:  GLY
core.io.pose_from_sfr.PoseFromSFRBuilder: [ WARNING ] discarding 2 atoms at position 203 in file /data/user/abgvg9/benchmark/files/all/grik1/grik1.pdb. Best match rsd_type:  TYR
core.io.pose_from_sfr.PoseFromSFRBuilder: [ WARNING ] discarding 1 atoms at position 204 in file /data/user/abgvg9/benchmark/files/all/grik1/grik1.pdb. Best match rsd_type:  GLY
core.io.pose_from_sfr.PoseFromSFRBuilder: [ WARNING ] discarding 1 atoms at position 205 in file /data/user/abgvg9/benchmark/files/all/grik1/grik1.pdb. Best match rsd_type:  VAL
core.io.pose_from_sfr.PoseFromSFRBuilder: [ WARNING ] discarding 1 atoms at position 206 in file /data/user/abgvg9/benchmark/files/all/grik1/grik1.pdb. Best match rsd_type:  GLY
core.io.pose_from_sfr.PoseFromSFRBuilder: [ WARNING ] discarding 2 atoms at position 207 in file /data/user/abgvg9/benchmark/files/all/grik1/grik1.pdb. Best match rsd_type:  THR
core.io.pose_from_sfr.PoseFromSFRBuilder: [ WARNING ] discarding 1 atoms at position 209 in file /data/user/abgvg9/benchmark/files/all/grik1/grik1.pdb. Best match rsd_type:  ILE
core.io.pose_from_sfr.PoseFromSFRBuilder: [ WARNING ] discarding 1 atoms at position 210 in file /data/user/abgvg9/benchmark/files/all/grik1/grik1.pdb. Best match rsd_type:  GLY
core.io.pose_from_sfr.PoseFromSFRBuilder: [ WARNING ] discarding 2 atoms at position 211 in file /data/user/abgvg9/benchmark/files/all/grik1/grik1.pdb. Best match rsd_type:  SER
core.io.pose_from_sfr.PoseFromSFRBuilder: [ WARNING ] discarding 2 atoms at position 213 in file /data/user/abgvg9/benchmark/files/all/grik1/grik1.pdb. Best match rsd_type:  TYR
core.io.pose_from_sfr.PoseFromSFRBuilder: [ WARNING ] discarding 6 atoms at position 214 in file /data/user/abgvg9/benchmark/files/all/grik1/grik1.pdb. Best match rsd_type:  ARG
core.io.pose_from_sfr.PoseFromSFRBuilder: [ WARNING ] discarding 1 atoms at position 215 in file /data/user/abgvg9/benchmark/files/all/grik1/grik1.pdb. Best match rsd_type:  ASP
core.io.pose_from_sfr.PoseFromSFRBuilder: [ WARNING ] discarding 4 atoms at position 216 in file /data/user/abgvg9/benchmark/files/all/grik1/grik1.pdb. Best match rsd_type:  LYS
core.io.pose_from_sfr.PoseFromSFRBuilder: [ WARNING ] discarding 1 atoms at position 217 in file /data/user/abgvg9/benchmark/files/all/grik1/grik1.pdb. Best match rsd_type:  ILE
core.io.pose_from_sfr.PoseFromSFRBuilder: [ WARNING ] discarding 2 atoms at position 218 in file /data/user/abgvg9/benchmark/files/all/grik1/grik1.pdb. Best match rsd_type:  THR
core.io.pose_from_sfr.PoseFromSFRBuilder: [ WARNING ] discarding 1 atoms at position 219 in file /data/user/abgvg9/benchmark/files/all/grik1/grik1.pdb. Best match rsd_type:  ILE
core.io.pose_from_sfr.PoseFromSFRBuilder: [ WARNING ] discarding 1 atoms at position 220 in file /data/user/abgvg9/benchmark/files/all/grik1/grik1.pdb. Best match rsd_type:  ALA
core.io.pose_from_sfr.PoseFromSFRBuilder: [ WARNING ] discarding 1 atoms at position 221 in file /data/user/abgvg9/benchmark/files/all/grik1/grik1.pdb. Best match rsd_type:  ILE
core.io.pose_from_sfr.PoseFromSFRBuilder: [ WARNING ] discarding 1 atoms at position 222 in file /data/user/abgvg9/benchmark/files/all/grik1/grik1.pdb. Best match rsd_type:  LEU
core.io.pose_from_sfr.PoseFromSFRBuilder: [ WARNING ] discarding 3 atoms at position 223 in file /data/user/abgvg9/benchmark/files/all/grik1/grik1.pdb. Best match rsd_type:  GLN
core.io.pose_from_sfr.PoseFromSFRBuilder: [ WARNING ] discarding 1 atoms at position 224 in file /data/user/abgvg9/benchmark/files/all/grik1/grik1.pdb. Best match rsd_type:  LEU
core.io.pose_from_sfr.PoseFromSFRBuilder: [ WARNING ] discarding 3 atoms at position 225 in file /data/user/abgvg9/benchmark/files/all/grik1/grik1.pdb. Best match rsd_type:  GLN
core.io.pose_from_sfr.PoseFromSFRBuilder: [ WARNING ] discarding 1 atoms at position 226 in file /data/user/abgvg9/benchmark/files/all/grik1/grik1.pdb. Best match rsd_type:  GLU
core.io.pose_from_sfr.PoseFromSFRBuilder: [ WARNING ] discarding 1 atoms at position 227 in file /data/user/abgvg9/benchmark/files/all/grik1/grik1.pdb. Best match rsd_type:  GLU
core.io.pose_from_sfr.PoseFromSFRBuilder: [ WARNING ] discarding 1 atoms at position 228 in file /data/user/abgvg9/benchmark/files/all/grik1/grik1.pdb. Best match rsd_type:  GLY
core.io.pose_from_sfr.PoseFromSFRBuilder: [ WARNING ] discarding 4 atoms at position 229 in file /data/user/abgvg9/benchmark/files/all/grik1/grik1.pdb. Best match rsd_type:  LYS
core.io.pose_from_sfr.PoseFromSFRBuilder: [ WARNING ] discarding 1 atoms at position 230 in file /data/user/abgvg9/benchmark/files/all/grik1/grik1.pdb. Best match rsd_type:  LEU
core.io.pose_from_sfr.PoseFromSFRBuilder: [ WARNING ] discarding 2 atoms at position 231 in file /data/user/abgvg9/benchmark/files/all/grik1/grik1.pdb. Best match rsd_type:  HIS
core.io.pose_from_sfr.PoseFromSFRBuilder: [ WARNING ] discarding 1 atoms at position 232 in file /data/user/abgvg9/benchmark/files/all/grik1/grik1.pdb. Best match rsd_type:  MET
core.io.pose_from_sfr.PoseFromSFRBuilder: [ WARNING ] discarding 1 atoms at position 233 in file /data/user/abgvg9/benchmark/files/all/grik1/grik1.pdb. Best match rsd_type:  MET
core.io.pose_from_sfr.PoseFromSFRBuilder: [ WARNING ] discarding 4 atoms at position 234 in file /data/user/abgvg9/benchmark/files/all/grik1/grik1.pdb. Best match rsd_type:  LYS
core.io.pose_from_sfr.PoseFromSFRBuilder: [ WARNING ] discarding 1 atoms at position 235 in file /data/user/abgvg9/benchmark/files/all/grik1/grik1.pdb. Best match rsd_type:  GLU
core.io.pose_from_sfr.PoseFromSFRBuilder: [ WARNING ] discarding 4 atoms at position 236 in file /data/user/abgvg9/benchmark/files/all/grik1/grik1.pdb. Best match rsd_type:  LYS
core.io.pose_from_sfr.PoseFromSFRBuilder: [ WARNING ] discarding 2 atoms at position 237 in file /data/user/abgvg9/benchmark/files/all/grik1/grik1.pdb. Best match rsd_type:  TRP
core.io.pose_from_sfr.PoseFromSFRBuilder: [ WARNING ] discarding 2 atoms at position 238 in file /data/user/abgvg9/benchmark/files/all/grik1/grik1.pdb. Best match rsd_type:  TRP
core.io.pose_from_sfr.PoseFromSFRBuilder: [ WARNING ] discarding 6 atoms at position 239 in file /data/user/abgvg9/benchmark/files/all/grik1/grik1.pdb. Best match rsd_type:  ARG
core.io.pose_from_sfr.PoseFromSFRBuilder: [ WARNING ] discarding 1 atoms at position 240 in file /data/user/abgvg9/benchmark/files/all/grik1/grik1.pdb. Best match rsd_type:  GLY
core.io.pose_from_sfr.PoseFromSFRBuilder: [ WARNING ] discarding 3 atoms at position 241 in file /data/user/abgvg9/benchmark/files/all/grik1/grik1.pdb. Best match rsd_type:  ASN
core.io.pose_from_sfr.PoseFromSFRBuilder: [ WARNING ] discarding 1 atoms at position 242 in file /data/user/abgvg9/benchmark/files/all/grik1/grik1.pdb. Best match rsd_type:  GLY:CtermProteinFull
core.conformation.Conformation: [ WARNING ] missing heavyatom:  OXT on residue GLY:CtermProteinFull 242
LDS_app: Making LigandDiscoverySearch object
core.scoring.etable: Starting energy table calculation
core.scoring.etable: smooth_etable: changing atr/rep split to bottom of energy well
core.scoring.etable: smooth_etable: spline smoothing lj etables (maxdis = 6)
core.scoring.etable: smooth_etable: spline smoothing solvation etables (max_dis = 6)
core.scoring.etable: Finished calculating energy tables.
basic.io.database: Database file opened: scoring/score_functions/PairEPotential/pdb_pair_stats_fine
basic.io.database: Database file opened: scoring/score_functions/hbonds/ref2015_params/HBPoly1D.csv
basic.io.database: Database file opened: scoring/score_functions/hbonds/ref2015_params/HBFadeIntervals.csv
basic.io.database: Database file opened: scoring/score_functions/hbonds/ref2015_params/HBEval.csv
basic.io.database: Database file opened: scoring/score_functions/hbonds/ref2015_params/DonStrength.csv
basic.io.database: Database file opened: scoring/score_functions/hbonds/ref2015_params/AccStrength.csv
basic.io.database: Database file opened: scoring/score_functions/P_AA_pp/P_AA
basic.io.database: Database file opened: scoring/score_functions/P_AA_pp/P_AA_n
core.scoring.P_AA: shapovalov_lib::shap_p_aa_pp_smooth_level of 1( aka low_smooth ) got activated.
basic.io.database: Database file opened: scoring/score_functions/P_AA_pp/shapovalov/10deg/kappa131/a20.prop
basic.io.database: Database file opened: scoring/score_functions/omega/omega_ppdep.all.txt
basic.io.database: Database file opened: scoring/score_functions/omega/omega_ppdep.gly.txt
basic.io.database: Database file opened: scoring/score_functions/omega/omega_ppdep.pro.txt
basic.io.database: Database file opened: scoring/score_functions/omega/omega_ppdep.valile.txt
LDS_app: Running discovery for grik1
protocols.ligand_docking.ligand_options.Protocol: Initializing options: 
protocols.ligand_docking.ligand_options.Protocol: allow_minimization_: 1
protocols.ligand_docking.ligand_options.Protocol: allow_repacking_: 1
protocols.ligand_docking.ligand_options.Protocol: all_residues_: 0
LigandDiscoverySearch.discover: Current anchor residue position: 56
LigandDiscoverySearch.create_protein_matrix_space_fill: binding_pocket_dimensions: 10,10,10
LigandDiscoverySearch.create_protein_matrix_space_fill: binding_pocket_dimensions: 3,4,4
LigandDiscoverySearch.create_protein_matrix_space_fill: Sub-region stats without placed region, bound by adjusted coordinates: x(35->41) y(22->30) z(21->29)
LigandDiscoverySearch.discover: Starting to iterate through all ligands
LigandDiscoverySearch.discover: On ligand +
basic.io.database: [ WARNING ] Unable to locate database file chemical/pdb_components/components.c.cif
basic.io.database: [ WARNING ] Unable to locate database file chemical/pdb_components/components.c.cif.gz
core.chemical.GlobalResidueTypeSet: [ WARNING ] Could not find: 'cry' in pdb components files! Skipping residue...
core.pack.task: Packer task: initialize from command line() 
core.pack.task: Packer task: initialize from command line() 
core.pack.task: Packer task: initialize from command line() 
protocols.moves.MonteCarlo: MonteCarlo:: last_accepted_score,lowest_score: -857.651 -857.723
basic.io.database: Database file opened: scoring/score_functions/elec_cp_reps.dat
core.scoring.elec.util: Read 40 countpair representative atoms
core.pack.dunbrack.RotamerLibrary: shapovalov_lib_fixes_enable option is true.
core.pack.dunbrack.RotamerLibrary: shapovalov_lib::shap_dun10_smooth_level of 1( aka lowest_smooth ) got activated.
core.pack.dunbrack.RotamerLibrary: Binary rotamer library selected: /scratch/abgvg9/rosetta_may_for_checkin/rosetta/database/rotamer/shapovalov/StpDwn_0-0-0/Dunbrack10.lib.bin
core.pack.dunbrack.RotamerLibrary: Using Dunbrack library binary file '/scratch/abgvg9/rosetta_may_for_checkin/rosetta/database/rotamer/shapovalov/StpDwn_0-0-0/Dunbrack10.lib.bin'.
core.pack.dunbrack.RotamerLibrary: Dunbrack 2010 library took 0.14 seconds to load from binary
protocols.motifs.Motif: Res1 name is TYR
protocols.motifs.Motif: atom1 name is CH3
protocols.motifs.Motif: atom2 name is COO
protocols.motifs.Motif: atom3 name is aroC
protocols.motifs.Motif: Res1 name is THR
protocols.motifs.Motif: atom1 name is CH3
protocols.motifs.Motif: atom2 name is COO
protocols.motifs.Motif: atom3 name is aroC
protocols.motifs.Motif: Res1 name is ARG
protocols.motifs.Motif: atom1 name is CH3
protocols.motifs.Motif: atom2 name is COO
protocols.motifs.Motif: atom3 name is aroC
protocols.motifs.Motif: Res1 name is SER
protocols.motifs.Motif: atom1 name is OOC
protocols.motifs.Motif: atom2 name is Phos
protocols.motifs.Motif: atom3 name is OOC
protocols.motifs.Motif: Res1 name is GLU
protocols.motifs.Motif: atom1 name is COO
protocols.motifs.Motif: atom2 name is aroC
protocols.motifs.Motif: atom3 name is Oaro
core.pack.task: Packer task: initialize from command line() 
core.pack.task: Packer task: initialize from command line() 
core.pack.task: Packer task: initialize from command line() 
protocols.moves.MonteCarlo: MonteCarlo:: last_accepted_score,lowest_score: -851.116 -851.211
protocols.motifs.Motif: Res1 name is TYR
protocols.motifs.Motif: atom1 name is COO
protocols.motifs.Motif: atom2 name is CH1
protocols.motifs.Motif: atom3 name is Nlys
protocols.motifs.Motif: Res1 name is THR
protocols.motifs.Motif: atom1 name is CH3
protocols.motifs.Motif: atom2 name is COO
protocols.motifs.Motif: atom3 name is aroC
protocols.motifs.Motif: Res1 name is ARG
protocols.motifs.Motif: atom1 name is COO
protocols.motifs.Motif: atom2 name is aroC
protocols.motifs.Motif: atom3 name is Oaro
core.pack.task: Packer task: initialize from command line() 
core.pack.task: Packer task: initialize from command line() 
core.pack.task: Packer task: initialize from command line() 
protocols.moves.MonteCarlo: MonteCarlo:: last_accepted_score,lowest_score: -847.33 -848.609
protocols.motifs.Motif: Res1 name is TYR
protocols.motifs.Motif: atom1 name is OOC
protocols.motifs.Motif: atom2 name is COO
protocols.motifs.Motif: atom3 name is OOC
protocols.motifs.Motif: Res1 name is ARG
protocols.motifs.Motif: atom1 name is CH3
protocols.motifs.Motif: atom2 name is COO
protocols.motifs.Motif: atom3 name is aroC
protocols.motifs.Motif: Res1 name is SER
protocols.motifs.Motif: atom1 name is COO
protocols.motifs.Motif: atom2 name is aroC
protocols.motifs.Motif: atom3 name is Oaro
protocols.motifs.Motif: Res1 name is GLU
protocols.motifs.Motif: atom1 name is OOC
protocols.motifs.Motif: atom2 name is Phos
protocols.motifs.Motif: atom3 name is OOC
core.pack.task: Packer task: initialize from command line() 
core.pack.task: Packer task: initialize from command line() 
core.pack.task: Packer task: initialize from command line() 
protocols.moves.MonteCarlo: MonteCarlo:: last_accepted_score,lowest_score: -863.688 -863.723
protocols.motifs.Motif: Res1 name is GLU
protocols.motifs.Motif: atom1 name is OOC
protocols.motifs.Motif: atom2 name is Phos
protocols.motifs.Motif: atom3 name is OOC
protocols.motifs.Motif: Res1 name is TYR
protocols.motifs.Motif: atom1 name is OOC
protocols.motifs.Motif: atom2 name is COO
protocols.motifs.Motif: atom3 name is OOC
protocols.motifs.Motif: Res1 name is TYR
protocols.motifs.Motif: atom1 name is COO
protocols.motifs.Motif: atom2 name is CH1
protocols.motifs.Motif: atom3 name is Nlys
protocols.motifs.Motif: Res1 name is PRO
protocols.motifs.Motif: atom1 name is COO
protocols.motifs.Motif: atom2 name is CH1
protocols.motifs.Motif: atom3 name is Nlys
protocols.motifs.Motif: Res1 name is GLU
protocols.motifs.Motif: atom1 name is CH3
protocols.motifs.Motif: atom2 name is COO
protocols.motifs.Motif: atom3 name is aroC
protocols.motifs.Motif: Res1 name is SER
protocols.motifs.Motif: atom1 name is OOC
protocols.motifs.Motif: atom2 name is COO
protocols.motifs.Motif: atom3 name is OOC
protocols.motifs.Motif: Res1 name is TYR
protocols.motifs.Motif: atom1 name is OOC
protocols.motifs.Motif: atom2 name is COO
protocols.motifs.Motif: atom3 name is OOC
core.pack.task: Packer task: initialize from command line() 
core.pack.task: Packer task: initialize from command line() 
core.pack.task: Packer task: initialize from command line() 
protocols.moves.MonteCarlo: MonteCarlo:: last_accepted_score,lowest_score: -848.384 -848.384
protocols.motifs.Motif: Res1 name is TYR
protocols.motifs.Motif: atom1 name is CH3
protocols.motifs.Motif: atom2 name is COO
protocols.motifs.Motif: atom3 name is aroC
protocols.motifs.Motif: Res1 name is SER
protocols.motifs.Motif: atom1 name is OOC
protocols.motifs.Motif: atom2 name is Phos
protocols.motifs.Motif: atom3 name is OOC
protocols.motifs.Motif: Res1 name is GLU
protocols.motifs.Motif: atom1 name is CH3
protocols.motifs.Motif: atom2 name is COO
protocols.motifs.Motif: atom3 name is aroC
core.pack.task: Packer task: initialize from command line() 
core.pack.task: Packer task: initialize from command line() 
core.pack.task: Packer task: initialize from command line() 
protocols.moves.MonteCarlo: MonteCarlo:: last_accepted_score,lowest_score: -848.149 -848.518
protocols.motifs.Motif: Res1 name is LYS
protocols.motifs.Motif: atom1 name is CH3
protocols.motifs.Motif: atom2 name is COO
protocols.motifs.Motif: atom3 name is aroC
protocols.motifs.Motif: Res1 name is TYR
protocols.motifs.Motif: atom1 name is aroC
protocols.motifs.Motif: atom2 name is CH2
protocols.motifs.Motif: atom3 name is CH1
protocols.motifs.Motif: Res1 name is GLU
protocols.motifs.Motif: atom1 name is OOC
protocols.motifs.Motif: atom2 name is Phos
protocols.motifs.Motif: atom3 name is OOC
core.pack.task: Packer task: initialize from command line() 
core.pack.task: Packer task: initialize from command line() 
core.pack.task: Packer task: initialize from command line() 
protocols.moves.MonteCarlo: MonteCarlo:: last_accepted_score,lowest_score: -846.034 -847.818
protocols.motifs.Motif: Res1 name is LYS
protocols.motifs.Motif: atom1 name is CH3
protocols.motifs.Motif: atom2 name is COO
protocols.motifs.Motif: atom3 name is aroC
protocols.motifs.Motif: Res1 name is TYR
protocols.motifs.Motif: atom1 name is CH3
protocols.motifs.Motif: atom2 name is COO
protocols.motifs.Motif: atom3 name is aroC
protocols.motifs.Motif: Res1 name is SER
protocols.motifs.Motif: atom1 name is OOC
protocols.motifs.Motif: atom2 name is Phos
protocols.motifs.Motif: atom3 name is OOC
protocols.motifs.Motif: Res1 name is GLU
protocols.motifs.Motif: atom1 name is OOC
protocols.motifs.Motif: atom2 name is Phos
protocols.motifs.Motif: atom3 name is OOC
core.pack.task: Packer task: initialize from command line() 
core.pack.task: Packer task: initialize from command line() 
core.pack.task: Packer task: initialize from command line() 
protocols.moves.MonteCarlo: MonteCarlo:: last_accepted_score,lowest_score: -850.894 -851.444
protocols.motifs.Motif: Res1 name is GLU
protocols.motifs.Motif: atom1 name is CH3
protocols.motifs.Motif: atom2 name is COO
protocols.motifs.Motif: atom3 name is aroC
protocols.motifs.Motif: Res1 name is TYR
protocols.motifs.Motif: atom1 name is aroC
protocols.motifs.Motif: atom2 name is CH2
protocols.motifs.Motif: atom3 name is CH1
protocols.motifs.Motif: Res1 name is ARG
protocols.motifs.Motif: atom1 name is OOC
protocols.motifs.Motif: atom2 name is Phos
protocols.motifs.Motif: atom3 name is OOC
protocols.motifs.Motif: Res1 name is GLU
protocols.motifs.Motif: atom1 name is COO
protocols.motifs.Motif: atom2 name is CH1
protocols.motifs.Motif: atom3 name is Nlys
core.pack.task: Packer task: initialize from command line() 
core.pack.task: Packer task: initialize from command line() 
core.pack.task: Packer task: initialize from command line() 
protocols.moves.MonteCarlo: MonteCarlo:: last_accepted_score,lowest_score: -847.991 -847.991
protocols.motifs.Motif: Res1 name is GLU
protocols.motifs.Motif: atom1 name is CH3
protocols.motifs.Motif: atom2 name is COO
protocols.motifs.Motif: atom3 name is aroC
protocols.motifs.Motif: Res1 name is TYR
protocols.motifs.Motif: atom1 name is CH3
protocols.motifs.Motif: atom2 name is COO
protocols.motifs.Motif: atom3 name is aroC
protocols.motifs.Motif: Res1 name is GLU
protocols.motifs.Motif: atom1 name is CH3
protocols.motifs.Motif: atom2 name is COO
protocols.motifs.Motif: atom3 name is aroC
core.pack.task: Packer task: initialize from command line() 
core.pack.task: Packer task: initialize from command line() 
core.pack.task: Packer task: initialize from command line() 
protocols.moves.MonteCarlo: MonteCarlo:: last_accepted_score,lowest_score: -856.293 -856.293
protocols.motifs.Motif: Res1 name is TYR
protocols.motifs.Motif: atom1 name is CH3
protocols.motifs.Motif: atom2 name is COO
protocols.motifs.Motif: atom3 name is aroC
protocols.motifs.Motif: Res1 name is THR
protocols.motifs.Motif: atom1 name is CH3
protocols.motifs.Motif: atom2 name is COO
protocols.motifs.Motif: atom3 name is aroC
protocols.motifs.Motif: Res1 name is ARG
protocols.motifs.Motif: atom1 name is OOC
protocols.motifs.Motif: atom2 name is COO
protocols.motifs.Motif: atom3 name is OOC
protocols.motifs.Motif: Res1 name is VAL
protocols.motifs.Motif: atom1 name is OOC
protocols.motifs.Motif: atom2 name is Phos
protocols.motifs.Motif: atom3 name is OOC
protocols.motifs.Motif: Res1 name is GLU
protocols.motifs.Motif: atom1 name is CH3
protocols.motifs.Motif: atom2 name is COO
protocols.motifs.Motif: atom3 name is aroC
core.pack.task: Packer task: initialize from command line() 
core.pack.task: Packer task: initialize from command line() 
core.pack.task: Packer task: initialize from command line() 
protocols.moves.MonteCarlo: MonteCarlo:: last_accepted_score,lowest_score: -848.83 -849.763
protocols.motifs.Motif: Res1 name is LYS
protocols.motifs.Motif: atom1 name is OOC
protocols.motifs.Motif: atom2 name is Phos
protocols.motifs.Motif: atom3 name is OOC
protocols.motifs.Motif: Res1 name is TYR
protocols.motifs.Motif: atom1 name is OOC
protocols.motifs.Motif: atom2 name is Phos
protocols.motifs.Motif: atom3 name is OOC
protocols.motifs.Motif: Res1 name is GLU
protocols.motifs.Motif: atom1 name is CH3
protocols.motifs.Motif: atom2 name is COO
protocols.motifs.Motif: atom3 name is aroC
core.pack.task: Packer task: initialize from command line() 
core.pack.task: Packer task: initialize from command line() 
core.pack.task: Packer task: initialize from command line() 
protocols.moves.MonteCarlo: MonteCarlo:: last_accepted_score,lowest_score: -847.686 -848.571
protocols.motifs.Motif: Res1 name is TYR
protocols.motifs.Motif: atom1 name is CH3
protocols.motifs.Motif: atom2 name is COO
protocols.motifs.Motif: atom3 name is aroC
protocols.motifs.Motif: Res1 name is VAL
protocols.motifs.Motif: atom1 name is OOC
protocols.motifs.Motif: atom2 name is Phos
protocols.motifs.Motif: atom3 name is OOC
protocols.motifs.Motif: Res1 name is GLU
protocols.motifs.Motif: atom1 name is CH3
protocols.motifs.Motif: atom2 name is COO
protocols.motifs.Motif: atom3 name is aroC
core.pack.task: Packer task: initialize from command line() 
core.pack.task: Packer task: initialize from command line() 
core.pack.task: Packer task: initialize from command line() 
protocols.moves.MonteCarlo: MonteCarlo:: last_accepted_score,lowest_score: -854.104 -854.104
protocols.motifs.Motif: Res1 name is TYR
protocols.motifs.Motif: atom1 name is OOC
protocols.motifs.Motif: atom2 name is COO
protocols.motifs.Motif: atom3 name is OOC
protocols.motifs.Motif: Res1 name is THR
protocols.motifs.Motif: atom1 name is OOC
protocols.motifs.Motif: atom2 name is Phos
protocols.motifs.Motif: atom3 name is OOC
protocols.motifs.Motif: Res1 name is ARG
protocols.motifs.Motif: atom1 name is OOC
protocols.motifs.Motif: atom2 name is COO
protocols.motifs.Motif: atom3 name is OOC
protocols.motifs.Motif: Res1 name is SER
protocols.motifs.Motif: atom1 name is OOC
protocols.motifs.Motif: atom2 name is Phos
protocols.motifs.Motif: atom3 name is OOC
protocols.motifs.Motif: Res1 name is GLU
protocols.motifs.Motif: atom1 name is OH
protocols.motifs.Motif: atom2 name is CH2
protocols.motifs.Motif: atom3 name is Phos
protocols.motifs.Motif: Res1 name is LYS
protocols.motifs.Motif: atom1 name is OOC
protocols.motifs.Motif: atom2 name is Phos
protocols.motifs.Motif: atom3 name is OOC
core.pack.task: Packer task: initialize from command line() 
core.pack.task: Packer task: initialize from command line() 
core.pack.task: Packer task: initialize from command line() 
protocols.moves.MonteCarlo: MonteCarlo:: last_accepted_score,lowest_score: -869.451 -869.451
protocols.motifs.Motif: Res1 name is GLU
protocols.motifs.Motif: atom1 name is CH3
protocols.motifs.Motif: atom2 name is COO
protocols.motifs.Motif: atom3 name is aroC
protocols.motifs.Motif: Res1 name is TYR
protocols.motifs.Motif: atom1 name is CH3
protocols.motifs.Motif: atom2 name is COO
protocols.motifs.Motif: atom3 name is aroC
protocols.motifs.Motif: Res1 name is THR
protocols.motifs.Motif: atom1 name is OOC
protocols.motifs.Motif: atom2 name is COO
protocols.motifs.Motif: atom3 name is OOC
protocols.motifs.Motif: Res1 name is SER
protocols.motifs.Motif: atom1 name is OOC
protocols.motifs.Motif: atom2 name is Phos
protocols.motifs.Motif: atom3 name is OOC
protocols.motifs.Motif: Res1 name is GLU
protocols.motifs.Motif: atom1 name is COO
protocols.motifs.Motif: atom2 name is CH1
protocols.motifs.Motif: atom3 name is Nlys
core.pack.task: Packer task: initialize from command line() 
core.pack.task: Packer task: initialize from command line() 
core.pack.task: Packer task: initialize from command line() 
protocols.moves.MonteCarlo: MonteCarlo:: last_accepted_score,lowest_score: -849.728 -851.012
protocols.motifs.Motif: Res1 name is LYS
protocols.motifs.Motif: atom1 name is OOC
protocols.motifs.Motif: atom2 name is Phos
protocols.motifs.Motif: atom3 name is OOC
protocols.motifs.Motif: Res1 name is TYR
protocols.motifs.Motif: atom1 name is OOC
protocols.motifs.Motif: atom2 name is Phos
protocols.motifs.Motif: atom3 name is OOC
protocols.motifs.Motif: Res1 name is ARG
protocols.motifs.Motif: atom1 name is OOC
protocols.motifs.Motif: atom2 name is COO
protocols.motifs.Motif: atom3 name is OOC
core.pack.task: Packer task: initialize from command line() 
core.pack.task: Packer task: initialize from command line() 
core.pack.task: Packer task: initialize from command line() 
protocols.moves.MonteCarlo: MonteCarlo:: last_accepted_score,lowest_score: -861.917 -861.917
protocols.motifs.Motif: Res1 name is GLU
protocols.motifs.Motif: atom1 name is OOC
protocols.motifs.Motif: atom2 name is COO
protocols.motifs.Motif: atom3 name is OOC
protocols.motifs.Motif: Res1 name is TYR
protocols.motifs.Motif: atom1 name is OOC
protocols.motifs.Motif: atom2 name is COO
protocols.motifs.Motif: atom3 name is OOC
protocols.motifs.Motif: Res1 name is SER
protocols.motifs.Motif: atom1 name is Nhis
protocols.motifs.Motif: atom2 name is aroC
protocols.motifs.Motif: atom3 name is OH
protocols.motifs.Motif: Res1 name is MET
protocols.motifs.Motif: atom1 name is Nhis
protocols.motifs.Motif: atom2 name is aroC
protocols.motifs.Motif: atom3 name is OH
protocols.motifs.Motif: Res1 name is GLU
protocols.motifs.Motif: atom1 name is CH3
protocols.motifs.Motif: atom2 name is COO
protocols.motifs.Motif: atom3 name is aroC
protocols.motifs.Motif: Res1 name is SER
protocols.motifs.Motif: atom1 name is OOC
protocols.motifs.Motif: atom2 name is Phos
protocols.motifs.Motif: atom3 name is OOC
core.pack.task: Packer task: initialize from command line() 
core.pack.task: Packer task: initialize from command line() 
core.pack.task: Packer task: initialize from command line() 
protocols.moves.MonteCarlo: MonteCarlo:: last_accepted_score,lowest_score: -846.118 -846.705
protocols.motifs.Motif: Res1 name is GLU
protocols.motifs.Motif: atom1 name is CH3
protocols.motifs.Motif: atom2 name is COO
protocols.motifs.Motif: atom3 name is aroC
protocols.motifs.Motif: Res1 name is TYR
protocols.motifs.Motif: atom1 name is COO
protocols.motifs.Motif: atom2 name is CH1
protocols.motifs.Motif: atom3 name is Nlys
protocols.motifs.Motif: Res1 name is THR
protocols.motifs.Motif: atom1 name is OOC
protocols.motifs.Motif: atom2 name is Phos
protocols.motifs.Motif: atom3 name is OOC
protocols.motifs.Motif: Res1 name is GLU
protocols.motifs.Motif: atom1 name is OOC
protocols.motifs.Motif: atom2 name is Phos
protocols.motifs.Motif: atom3 name is OOC
core.pack.task: Packer task: initialize from command line() 
core.pack.task: Packer task: initialize from command line() 
core.pack.task: Packer task: initialize from command line() 
protocols.moves.MonteCarlo: MonteCarlo:: last_accepted_score,lowest_score: -850.545 -851.296
protocols.motifs.Motif: Res1 name is GLU
protocols.motifs.Motif: atom1 name is CH3
protocols.motifs.Motif: atom2 name is COO
protocols.motifs.Motif: atom3 name is aroC
protocols.motifs.Motif: Res1 name is TYR
protocols.motifs.Motif: atom1 name is OOC
protocols.motifs.Motif: atom2 name is Phos
protocols.motifs.Motif: atom3 name is OOC
protocols.motifs.Motif: Res1 name is THR
protocols.motifs.Motif: atom1 name is OOC
protocols.motifs.Motif: atom2 name is Phos
protocols.motifs.Motif: atom3 name is OOC
protocols.motifs.Motif: Res1 name is ARG
protocols.motifs.Motif: atom1 name is OOC
protocols.motifs.Motif: atom2 name is Phos
protocols.motifs.Motif: atom3 name is OOC
protocols.motifs.Motif: Res1 name is GLU
protocols.motifs.Motif: atom1 name is Nhis
protocols.motifs.Motif: atom2 name is aroC
protocols.motifs.Motif: atom3 name is OH
core.pack.task: Packer task: initialize from command line() 
core.pack.task: Packer task: initialize from command line() 
core.pack.task: Packer task: initialize from command line() 
protocols.moves.MonteCarlo: MonteCarlo:: last_accepted_score,lowest_score: -532.941 -532.941
protocols.motifs.Motif: Res1 name is GLU
protocols.motifs.Motif: atom1 name is CH3
protocols.motifs.Motif: atom2 name is COO
protocols.motifs.Motif: atom3 name is aroC
protocols.motifs.Motif: Res1 name is TYR
protocols.motifs.Motif: atom1 name is COO
protocols.motifs.Motif: atom2 name is CH1
protocols.motifs.Motif: atom3 name is Nlys
protocols.motifs.Motif: Res1 name is THR
protocols.motifs.Motif: atom1 name is OOC
protocols.motifs.Motif: atom2 name is Phos
protocols.motifs.Motif: atom3 name is OOC
protocols.motifs.Motif: Res1 name is GLU
protocols.motifs.Motif: atom1 name is OOC
protocols.motifs.Motif: atom2 name is Phos
protocols.motifs.Motif: atom3 name is OOC
core.pack.task: Packer task: initialize from command line() 
core.pack.task: Packer task: initialize from command line() 
core.pack.task: Packer task: initialize from command line() 
protocols.moves.MonteCarlo: MonteCarlo:: last_accepted_score,lowest_score: -847.264 -847.625
protocols.motifs.Motif: Res1 name is GLU
protocols.motifs.Motif: atom1 name is OH
protocols.motifs.Motif: atom2 name is CH2
protocols.motifs.Motif: atom3 name is Phos
protocols.motifs.Motif: Res1 name is TYR
protocols.motifs.Motif: atom1 name is COO
protocols.motifs.Motif: atom2 name is CH1
protocols.motifs.Motif: atom3 name is Nlys
protocols.motifs.Motif: Res1 name is GLU
protocols.motifs.Motif: atom1 name is OOC
protocols.motifs.Motif: atom2 name is COO
protocols.motifs.Motif: atom3 name is OOC
core.pack.task: Packer task: initialize from command line() 
core.pack.task: Packer task: initialize from command line() 
core.pack.task: Packer task: initialize from command line() 
protocols.moves.MonteCarlo: MonteCarlo:: last_accepted_score,lowest_score: -848.675 -848.675
protocols.motifs.Motif: Res1 name is GLU
protocols.motifs.Motif: atom1 name is COO
protocols.motifs.Motif: atom2 name is CH1
protocols.motifs.Motif: atom3 name is Nlys
protocols.motifs.Motif: Res1 name is LYS
protocols.motifs.Motif: atom1 name is OOC
protocols.motifs.Motif: atom2 name is Phos
protocols.motifs.Motif: atom3 name is OOC
protocols.motifs.Motif: Res1 name is TYR
protocols.motifs.Motif: atom1 name is Nhis
protocols.motifs.Motif: atom2 name is aroC
protocols.motifs.Motif: atom3 name is OH
core.pack.task: Packer task: initialize from command line() 
core.pack.task: Packer task: initialize from command line() 
core.pack.task: Packer task: initialize from command line() 
protocols.moves.MonteCarlo: MonteCarlo:: last_accepted_score,lowest_score: -862.966 -862.966
protocols.motifs.Motif: Res1 name is GLU
protocols.motifs.Motif: atom1 name is OOC
protocols.motifs.Motif: atom2 name is Phos
protocols.motifs.Motif: atom3 name is OOC
protocols.motifs.Motif: Res1 name is TYR
protocols.motifs.Motif: atom1 name is COO
protocols.motifs.Motif: atom2 name is CH1
protocols.motifs.Motif: atom3 name is Nlys
protocols.motifs.Motif: Res1 name is PRO
protocols.motifs.Motif: atom1 name is COO
protocols.motifs.Motif: atom2 name is CH1
protocols.motifs.Motif: atom3 name is Nlys
protocols.motifs.Motif: Res1 name is ARG
protocols.motifs.Motif: atom1 name is CH3
protocols.motifs.Motif: atom2 name is COO
protocols.motifs.Motif: atom3 name is aroC
protocols.motifs.Motif: Res1 name is GLU
protocols.motifs.Motif: atom1 name is aroC
protocols.motifs.Motif: atom2 name is CH2
protocols.motifs.Motif: atom3 name is CH1
protocols.motifs.Motif: Res1 name is TYR
protocols.motifs.Motif: atom1 name is OOC
protocols.motifs.Motif: atom2 name is COO
protocols.motifs.Motif: atom3 name is OOC
core.pack.task: Packer task: initialize from command line() 
core.pack.task: Packer task: initialize from command line() 
core.pack.task: Packer task: initialize from command line() 
protocols.moves.MonteCarlo: MonteCarlo:: last_accepted_score,lowest_score: -849.643 -850.291
protocols.motifs.Motif: Res1 name is LYS
protocols.motifs.Motif: atom1 name is OOC
protocols.motifs.Motif: atom2 name is Phos
protocols.motifs.Motif: atom3 name is OOC
protocols.motifs.Motif: Res1 name is TYR
protocols.motifs.Motif: atom1 name is OOC
protocols.motifs.Motif: atom2 name is Phos
protocols.motifs.Motif: atom3 name is OOC
protocols.motifs.Motif: Res1 name is GLU
protocols.motifs.Motif: atom1 name is CH3
protocols.motifs.Motif: atom2 name is COO
protocols.motifs.Motif: atom3 name is aroC
core.pack.task: Packer task: initialize from command line() 
core.pack.task: Packer task: initialize from command line() 
core.pack.task: Packer task: initialize from command line() 
protocols.moves.MonteCarlo: MonteCarlo:: last_accepted_score,lowest_score: -862.949 -862.949
protocols.motifs.Motif: Res1 name is GLU
protocols.motifs.Motif: atom1 name is CH3
protocols.motifs.Motif: atom2 name is COO
protocols.motifs.Motif: atom3 name is aroC
protocols.motifs.Motif: Res1 name is LYS
protocols.motifs.Motif: atom1 name is OOC
protocols.motifs.Motif: atom2 name is Phos
protocols.motifs.Motif: atom3 name is OOC
protocols.motifs.Motif: Res1 name is TYR
protocols.motifs.Motif: atom1 name is OOC
protocols.motifs.Motif: atom2 name is Phos
protocols.motifs.Motif: atom3 name is OOC
protocols.motifs.Motif: Res1 name is ARG
protocols.motifs.Motif: atom1 name is OOC
protocols.motifs.Motif: atom2 name is COO
protocols.motifs.Motif: atom3 name is OOC
protocols.motifs.Motif: Res1 name is GLU
protocols.motifs.Motif: atom1 name is CH3
protocols.motifs.Motif: atom2 name is COO
protocols.motifs.Motif: atom3 name is aroC
core.pack.task: Packer task: initialize from command line() 
core.pack.task: Packer task: initialize from command line() 
core.pack.task: Packer task: initialize from command line() 
protocols.moves.MonteCarlo: MonteCarlo:: last_accepted_score,lowest_score: -859.814 -860.39
protocols.motifs.Motif: Res1 name is GLU
protocols.motifs.Motif: atom1 name is OOC
protocols.motifs.Motif: atom2 name is Phos
protocols.motifs.Motif: atom3 name is OOC
protocols.motifs.Motif: Res1 name is TYR
protocols.motifs.Motif: atom1 name is OOC
protocols.motifs.Motif: atom2 name is Phos
protocols.motifs.Motif: atom3 name is OOC
protocols.motifs.Motif: Res1 name is TYR
protocols.motifs.Motif: atom1 name is OOC
protocols.motifs.Motif: atom2 name is Phos
protocols.motifs.Motif: atom3 name is OOC
protocols.motifs.Motif: Res1 name is PRO
protocols.motifs.Motif: atom1 name is OOC
protocols.motifs.Motif: atom2 name is Phos
protocols.motifs.Motif: atom3 name is OOC
protocols.motifs.Motif: Res1 name is GLU
protocols.motifs.Motif: atom1 name is OH
protocols.motifs.Motif: atom2 name is CH2
protocols.motifs.Motif: atom3 name is Phos
core.pack.task: Packer task: initialize from command line() 
core.pack.task: Packer task: initialize from command line() 
core.pack.task: Packer task: initialize from command line() 
protocols.moves.MonteCarlo: MonteCarlo:: last_accepted_score,lowest_score: -863.341 -863.341
protocols.motifs.Motif: Res1 name is ILE
protocols.motifs.Motif: atom1 name is OOC
protocols.motifs.Motif: atom2 name is Phos
protocols.motifs.Motif: atom3 name is OOC
protocols.motifs.Motif: Res1 name is GLU
protocols.motifs.Motif: atom1 name is OOC
protocols.motifs.Motif: atom2 name is Phos
protocols.motifs.Motif: atom3 name is OOC
protocols.motifs.Motif: Res1 name is TYR
protocols.motifs.Motif: atom1 name is OOC
protocols.motifs.Motif: atom2 name is COO
protocols.motifs.Motif: atom3 name is OOC
protocols.motifs.Motif: Res1 name is GLU
protocols.motifs.Motif: atom1 name is OOC
protocols.motifs.Motif: atom2 name is COO
protocols.motifs.Motif: atom3 name is OOC
core.pack.task: Packer task: initialize from command line() 
core.pack.task: Packer task: initialize from command line() 
core.pack.task: Packer task: initialize from command line() 
protocols.moves.MonteCarlo: MonteCarlo:: last_accepted_score,lowest_score: -848.852 -849.154
protocols.motifs.Motif: Res1 name is GLU
protocols.motifs.Motif: atom1 name is OH
protocols.motifs.Motif: atom2 name is CH2
protocols.motifs.Motif: atom3 name is Phos
protocols.motifs.Motif: Res1 name is TYR
protocols.motifs.Motif: atom1 name is Nhis
protocols.motifs.Motif: atom2 name is aroC
protocols.motifs.Motif: atom3 name is OH
protocols.motifs.Motif: Res1 name is ARG
protocols.motifs.Motif: atom1 name is CH3
protocols.motifs.Motif: atom2 name is COO
protocols.motifs.Motif: atom3 name is aroC
protocols.motifs.Motif: Res1 name is GLU
protocols.motifs.Motif: atom1 name is CH3
protocols.motifs.Motif: atom2 name is COO
protocols.motifs.Motif: atom3 name is aroC
core.pack.task: Packer task: initialize from command line() 
core.pack.task: Packer task: initialize from command line() 
core.pack.task: Packer task: initialize from command line() 
protocols.moves.MonteCarlo: MonteCarlo:: last_accepted_score,lowest_score: -847.412 -847.615
protocols.motifs.Motif: Res1 name is TYR
protocols.motifs.Motif: atom1 name is OOC
protocols.motifs.Motif: atom2 name is Phos
protocols.motifs.Motif: atom3 name is OOC
protocols.motifs.Motif: Res1 name is ARG
protocols.motifs.Motif: atom1 name is OOC
protocols.motifs.Motif: atom2 name is Phos
protocols.motifs.Motif: atom3 name is OOC
core.pack.task: Packer task: initialize from command line() 
core.pack.task: Packer task: initialize from command line() 
core.pack.task: Packer task: initialize from command line() 
protocols.moves.MonteCarlo: MonteCarlo:: last_accepted_score,lowest_score: -849.014 -849.014
protocols.motifs.Motif: Res1 name is LYS
protocols.motifs.Motif: atom1 name is OOC
protocols.motifs.Motif: atom2 name is Phos
protocols.motifs.Motif: atom3 name is OOC
protocols.motifs.Motif: Res1 name is TYR
protocols.motifs.Motif: atom1 name is COO
protocols.motifs.Motif: atom2 name is CH1
protocols.motifs.Motif: atom3 name is Nlys
protocols.motifs.Motif: Res1 name is GLU
protocols.motifs.Motif: atom1 name is CH3
protocols.motifs.Motif: atom2 name is COO
protocols.motifs.Motif: atom3 name is aroC
core.pack.task: Packer task: initialize from command line() 
core.pack.task: Packer task: initialize from command line() 
core.pack.task: Packer task: initialize from command line() 
protocols.moves.MonteCarlo: MonteCarlo:: last_accepted_score,lowest_score: -853.657 -853.657
protocols.motifs.Motif: Res1 name is GLU
protocols.motifs.Motif: atom1 name is OOC
protocols.motifs.Motif: atom2 name is Phos
protocols.motifs.Motif: atom3 name is OOC
protocols.motifs.Motif: Res1 name is TYR
protocols.motifs.Motif: atom1 name is aroC
protocols.motifs.Motif: atom2 name is CH2
protocols.motifs.Motif: atom3 name is CH1
protocols.motifs.Motif: Res1 name is GLU
protocols.motifs.Motif: atom1 name is COO
protocols.motifs.Motif: atom2 name is aroC
protocols.motifs.Motif: atom3 name is Oaro
protocols.motifs.Motif: Res1 name is SER
protocols.motifs.Motif: atom1 name is OOC
protocols.motifs.Motif: atom2 name is Phos
protocols.motifs.Motif: atom3 name is OOC
core.pack.task: Packer task: initialize from command line() 
core.pack.task: Packer task: initialize from command line() 
core.pack.task: Packer task: initialize from command line() 
protocols.moves.MonteCarlo: MonteCarlo:: last_accepted_score,lowest_score: -845.144 -846.703
protocols.motifs.Motif: Res1 name is TYR
protocols.motifs.Motif: atom1 name is CH3
protocols.motifs.Motif: atom2 name is COO
protocols.motifs.Motif: atom3 name is aroC
protocols.motifs.Motif: Res1 name is GLU
protocols.motifs.Motif: atom1 name is CH3
protocols.motifs.Motif: atom2 name is COO
protocols.motifs.Motif: atom3 name is aroC
core.pack.task: Packer task: initialize from command line() 
core.pack.task: Packer task: initialize from command line() 
core.pack.task: Packer task: initialize from command line() 
protocols.moves.MonteCarlo: MonteCarlo:: last_accepted_score,lowest_score: -798.985 -798.985
protocols.motifs.Motif: Res1 name is TYR
protocols.motifs.Motif: atom1 name is CH3
protocols.motifs.Motif: atom2 name is COO
protocols.motifs.Motif: atom3 name is aroC
protocols.motifs.Motif: Res1 name is THR
protocols.motifs.Motif: atom1 name is CH3
protocols.motifs.Motif: atom2 name is COO
protocols.motifs.Motif: atom3 name is aroC
protocols.motifs.Motif: Res1 name is ARG
protocols.motifs.Motif: atom1 name is CH3
protocols.motifs.Motif: atom2 name is COO
protocols.motifs.Motif: atom3 name is aroC
protocols.motifs.Motif: Res1 name is SER
protocols.motifs.Motif: atom1 name is OOC
protocols.motifs.Motif: atom2 name is Phos
protocols.motifs.Motif: atom3 name is OOC
protocols.motifs.Motif: Res1 name is MET
protocols.motifs.Motif: atom1 name is OOC
protocols.motifs.Motif: atom2 name is Phos
protocols.motifs.Motif: atom3 name is OOC
protocols.motifs.Motif: Res1 name is GLU
protocols.motifs.Motif: atom1 name is COO
protocols.motifs.Motif: atom2 name is aroC
protocols.motifs.Motif: atom3 name is Oaro
core.pack.task: Packer task: initialize from command line() 
core.pack.task: Packer task: initialize from command line() 
core.pack.task: Packer task: initialize from command line() 
protocols.moves.MonteCarlo: MonteCarlo:: last_accepted_score,lowest_score: -852.08 -852.08
protocols.motifs.Motif: Res1 name is TYR
protocols.motifs.Motif: atom1 name is OOC
protocols.motifs.Motif: atom2 name is Phos
protocols.motifs.Motif: atom3 name is OOC
protocols.motifs.Motif: Res1 name is THR
protocols.motifs.Motif: atom1 name is OOC
protocols.motifs.Motif: atom2 name is COO
protocols.motifs.Motif: atom3 name is OOC
protocols.motifs.Motif: Res1 name is ARG
protocols.motifs.Motif: atom1 name is OOC
protocols.motifs.Motif: atom2 name is COO
protocols.motifs.Motif: atom3 name is OOC
protocols.motifs.Motif: Res1 name is GLU
protocols.motifs.Motif: atom1 name is COO
protocols.motifs.Motif: atom2 name is CH1
protocols.motifs.Motif: atom3 name is Nlys
core.pack.task: Packer task: initialize from command line() 
core.pack.task: Packer task: initialize from command line() 
core.pack.task: Packer task: initialize from command line() 
protocols.moves.MonteCarlo: MonteCarlo:: last_accepted_score,lowest_score: -850.592 -852.222
protocols.motifs.Motif: Res1 name is GLU
protocols.motifs.Motif: atom1 name is CH3
protocols.motifs.Motif: atom2 name is COO
protocols.motifs.Motif: atom3 name is aroC
protocols.motifs.Motif: Res1 name is TYR
protocols.motifs.Motif: atom1 name is CH3
protocols.motifs.Motif: atom2 name is COO
protocols.motifs.Motif: atom3 name is aroC
protocols.motifs.Motif: Res1 name is ARG
protocols.motifs.Motif: atom1 name is OOC
protocols.motifs.Motif: atom2 name is COO
protocols.motifs.Motif: atom3 name is OOC
protocols.motifs.Motif: Res1 name is GLU
protocols.motifs.Motif: atom1 name is COO
protocols.motifs.Motif: atom2 name is CH1
protocols.motifs.Motif: atom3 name is Nlys
core.pack.task: Packer task: initialize from command line() 
core.pack.task: Packer task: initialize from command line() 
core.pack.task: Packer task: initialize from command line() 
protocols.moves.MonteCarlo: MonteCarlo:: last_accepted_score,lowest_score: -847.519 -848.453
protocols.motifs.Motif: Res1 name is LYS
protocols.motifs.Motif: atom1 name is CH3
protocols.motifs.Motif: atom2 name is COO
protocols.motifs.Motif: atom3 name is aroC
protocols.motifs.Motif: Res1 name is TYR
protocols.motifs.Motif: atom1 name is CH3
protocols.motifs.Motif: atom2 name is COO
protocols.motifs.Motif: atom3 name is aroC
protocols.motifs.Motif: Res1 name is GLU
protocols.motifs.Motif: atom1 name is OOC
protocols.motifs.Motif: atom2 name is Phos
protocols.motifs.Motif: atom3 name is OOC
core.pack.task: Packer task: initialize from command line() 
core.pack.task: Packer task: initialize from command line() 
core.pack.task: Packer task: initialize from command line() 
protocols.moves.MonteCarlo: MonteCarlo:: last_accepted_score,lowest_score: -868.032 -868.032
protocols.motifs.Motif: Res1 name is GLU
protocols.motifs.Motif: atom1 name is CH3
protocols.motifs.Motif: atom2 name is COO
protocols.motifs.Motif: atom3 name is aroC
protocols.motifs.Motif: Res1 name is TYR
protocols.motifs.Motif: atom1 name is CH3
protocols.motifs.Motif: atom2 name is COO
protocols.motifs.Motif: atom3 name is aroC
protocols.motifs.Motif: Res1 name is TYR
protocols.motifs.Motif: atom1 name is CH3
protocols.motifs.Motif: atom2 name is COO
protocols.motifs.Motif: atom3 name is aroC
protocols.motifs.Motif: Res1 name is THR
protocols.motifs.Motif: atom1 name is COO
protocols.motifs.Motif: atom2 name is CH1
protocols.motifs.Motif: atom3 name is Nlys
protocols.motifs.Motif: Res1 name is SER
protocols.motifs.Motif: atom1 name is OOC
protocols.motifs.Motif: atom2 name is Phos
protocols.motifs.Motif: atom3 name is OOC
protocols.motifs.Motif: Res1 name is GLU
protocols.motifs.Motif: atom1 name is COO
protocols.motifs.Motif: atom2 name is CH1
protocols.motifs.Motif: atom3 name is Nlys
protocols.motifs.Motif: Res1 name is SER
protocols.motifs.Motif: atom1 name is CH3
protocols.motifs.Motif: atom2 name is COO
protocols.motifs.Motif: atom3 name is aroC
protocols.motifs.Motif: Res1 name is TYR
protocols.motifs.Motif: atom1 name is CH3
protocols.motifs.Motif: atom2 name is COO
protocols.motifs.Motif: atom3 name is aroC
core.pack.task: Packer task: initialize from command line() 
core.pack.task: Packer task: initialize from command line() 
core.pack.task: Packer task: initialize from command line() 
protocols.moves.MonteCarlo: MonteCarlo:: last_accepted_score,lowest_score: -823.617 -823.617
protocols.motifs.Motif: Res1 name is TYR
protocols.motifs.Motif: atom1 name is CH3
protocols.motifs.Motif: atom2 name is COO
protocols.motifs.Motif: atom3 name is aroC
protocols.motifs.Motif: Res1 name is ARG
protocols.motifs.Motif: atom1 name is OOC
protocols.motifs.Motif: atom2 name is Phos
protocols.motifs.Motif: atom3 name is OOC
core.pack.task: Packer task: initialize from command line() 
core.pack.task: Packer task: initialize from command line() 
core.pack.task: Packer task: initialize from command line() 
protocols.moves.MonteCarlo: MonteCarlo:: last_accepted_score,lowest_score: -847.015 -847.083
protocols.motifs.Motif: Res1 name is TYR
protocols.motifs.Motif: atom1 name is aroC
protocols.motifs.Motif: atom2 name is aroC
protocols.motifs.Motif: atom3 name is aroC
protocols.motifs.Motif: Res1 name is THR
protocols.motifs.Motif: atom1 name is CH3
protocols.motifs.Motif: atom2 name is COO
protocols.motifs.Motif: atom3 name is aroC
protocols.motifs.Motif: Res1 name is ARG
protocols.motifs.Motif: atom1 name is CH3
protocols.motifs.Motif: atom2 name is COO
protocols.motifs.Motif: atom3 name is aroC
protocols.motifs.Motif: Res1 name is GLU
protocols.motifs.Motif: atom1 name is CH3
protocols.motifs.Motif: atom2 name is COO
protocols.motifs.Motif: atom3 name is aroC
core.pack.task: Packer task: initialize from command line() 
core.pack.task: Packer task: initialize from command line() 
core.pack.task: Packer task: initialize from command line() 
protocols.moves.MonteCarlo: MonteCarlo:: last_accepted_score,lowest_score: -857.735 -857.955
protocols.motifs.Motif: Res1 name is GLU
protocols.motifs.Motif: atom1 name is COO
protocols.motifs.Motif: atom2 name is CH1
protocols.motifs.Motif: atom3 name is Nlys
protocols.motifs.Motif: Res1 name is TYR
protocols.motifs.Motif: atom1 name is CH3
protocols.motifs.Motif: atom2 name is COO
protocols.motifs.Motif: atom3 name is aroC
protocols.motifs.Motif: Res1 name is GLU
protocols.motifs.Motif: atom1 name is CH3
protocols.motifs.Motif: atom2 name is COO
protocols.motifs.Motif: atom3 name is aroC
core.pack.task: Packer task: initialize from command line() 
core.pack.task: Packer task: initialize from command line() 
core.pack.task: Packer task: initialize from command line() 
protocols.moves.MonteCarlo: MonteCarlo:: last_accepted_score,lowest_score: -848.917 -849.22
protocols.motifs.Motif: Res1 name is GLU
protocols.motifs.Motif: atom1 name is OOC
protocols.motifs.Motif: atom2 name is Phos
protocols.motifs.Motif: atom3 name is OOC
protocols.motifs.Motif: Res1 name is TYR
protocols.motifs.Motif: atom1 name is Nhis
protocols.motifs.Motif: atom2 name is aroC
protocols.motifs.Motif: atom3 name is OH
core.pack.task: Packer task: initialize from command line() 
core.pack.task: Packer task: initialize from command line() 
core.pack.task: Packer task: initialize from command line() 
protocols.moves.MonteCarlo: MonteCarlo:: last_accepted_score,lowest_score: -847.765 -847.765
protocols.motifs.Motif: Res1 name is TYR
protocols.motifs.Motif: atom1 name is COO
protocols.motifs.Motif: atom2 name is aroC
protocols.motifs.Motif: atom3 name is Oaro
protocols.motifs.Motif: Res1 name is THR
protocols.motifs.Motif: atom1 name is OOC
protocols.motifs.Motif: atom2 name is Phos
protocols.motifs.Motif: atom3 name is OOC
protocols.motifs.Motif: Res1 name is SER
protocols.motifs.Motif: atom1 name is OOC
protocols.motifs.Motif: atom2 name is Phos
protocols.motifs.Motif: atom3 name is OOC
core.pack.task: Packer task: initialize from command line() 
core.pack.task: Packer task: initialize from command line() 
core.pack.task: Packer task: initialize from command line() 
protocols.moves.MonteCarlo: MonteCarlo:: last_accepted_score,lowest_score: -853.024 -854.27
protocols.motifs.Motif: Res1 name is GLU
protocols.motifs.Motif: atom1 name is CH3
protocols.motifs.Motif: atom2 name is COO
protocols.motifs.Motif: atom3 name is aroC
protocols.motifs.Motif: Res1 name is TYR
protocols.motifs.Motif: atom1 name is OOC
protocols.motifs.Motif: atom2 name is Phos
protocols.motifs.Motif: atom3 name is OOC
protocols.motifs.Motif: Res1 name is ARG
protocols.motifs.Motif: atom1 name is OOC
protocols.motifs.Motif: atom2 name is COO
protocols.motifs.Motif: atom3 name is OOC
protocols.motifs.Motif: Res1 name is GLU
protocols.motifs.Motif: atom1 name is COO
protocols.motifs.Motif: atom2 name is CH1
protocols.motifs.Motif: atom3 name is Nlys
core.pack.task: Packer task: initialize from command line() 
core.pack.task: Packer task: initialize from command line() 
core.pack.task: Packer task: initialize from command line() 
protocols.moves.MonteCarlo: MonteCarlo:: last_accepted_score,lowest_score: -847.002 -847.677
protocols.motifs.Motif: Res1 name is TYR
protocols.motifs.Motif: atom1 name is COO
protocols.motifs.Motif: atom2 name is CH1
protocols.motifs.Motif: atom3 name is Nlys
core.pack.task: Packer task: initialize from command line() 
core.pack.task: Packer task: initialize from command line() 
core.pack.task: Packer task: initialize from command line() 
protocols.moves.MonteCarlo: MonteCarlo:: last_accepted_score,lowest_score: -854.731 -854.731
protocols.motifs.Motif: Res1 name is GLU
protocols.motifs.Motif: atom1 name is CH3
protocols.motifs.Motif: atom2 name is COO
protocols.motifs.Motif: atom3 name is aroC
protocols.motifs.Motif: Res1 name is TYR
protocols.motifs.Motif: atom1 name is OOC
protocols.motifs.Motif: atom2 name is Phos
protocols.motifs.Motif: atom3 name is OOC
protocols.motifs.Motif: Res1 name is THR
protocols.motifs.Motif: atom1 name is OOC
protocols.motifs.Motif: atom2 name is Phos
protocols.motifs.Motif: atom3 name is OOC
protocols.motifs.Motif: Res1 name is ARG
protocols.motifs.Motif: atom1 name is OOC
protocols.motifs.Motif: atom2 name is Phos
protocols.motifs.Motif: atom3 name is OOC
protocols.motifs.Motif: Res1 name is GLU
protocols.motifs.Motif: atom1 name is OOC
protocols.motifs.Motif: atom2 name is Phos
protocols.motifs.Motif: atom3 name is OOC
core.pack.task: Packer task: initialize from command line() 
core.pack.task: Packer task: initialize from command line() 
core.pack.task: Packer task: initialize from command line() 
protocols.moves.MonteCarlo: MonteCarlo:: last_accepted_score,lowest_score: -850.599 -851.166
protocols.motifs.Motif: Res1 name is GLU
protocols.motifs.Motif: atom1 name is CH3
protocols.motifs.Motif: atom2 name is COO
protocols.motifs.Motif: atom3 name is aroC
protocols.motifs.Motif: Res1 name is TYR
protocols.motifs.Motif: atom1 name is CH3
protocols.motifs.Motif: atom2 name is COO
protocols.motifs.Motif: atom3 name is aroC
protocols.motifs.Motif: Res1 name is THR
protocols.motifs.Motif: atom1 name is OOC
protocols.motifs.Motif: atom2 name is Phos
protocols.motifs.Motif: atom3 name is OOC
protocols.motifs.Motif: Res1 name is SER
protocols.motifs.Motif: atom1 name is OOC
protocols.motifs.Motif: atom2 name is Phos
protocols.motifs.Motif: atom3 name is OOC
protocols.motifs.Motif: Res1 name is GLU
protocols.motifs.Motif: atom1 name is OOC
protocols.motifs.Motif: atom2 name is Phos
protocols.motifs.Motif: atom3 name is OOC
core.pack.task: Packer task: initialize from command line() 
core.pack.task: Packer task: initialize from command line() 
core.pack.task: Packer task: initialize from command line() 
protocols.moves.MonteCarlo: MonteCarlo:: last_accepted_score,lowest_score: -851.809 -851.809
protocols.motifs.Motif: Res1 name is TYR
protocols.motifs.Motif: atom1 name is OOC
protocols.motifs.Motif: atom2 name is Phos
protocols.motifs.Motif: atom3 name is OOC
protocols.motifs.Motif: Res1 name is THR
protocols.motifs.Motif: atom1 name is OOC
protocols.motifs.Motif: atom2 name is Phos
protocols.motifs.Motif: atom3 name is OOC
protocols.motifs.Motif: Res1 name is ARG
protocols.motifs.Motif: atom1 name is Nhis
protocols.motifs.Motif: atom2 name is aroC
protocols.motifs.Motif: atom3 name is OH
protocols.motifs.Motif: Res1 name is GLU
protocols.motifs.Motif: atom1 name is OOC
protocols.motifs.Motif: atom2 name is Phos
protocols.motifs.Motif: atom3 name is OOC
protocols.motifs.Motif: Res1 name is TYR
protocols.motifs.Motif: atom1 name is OOC
protocols.motifs.Motif: atom2 name is Phos
protocols.motifs.Motif: atom3 name is OOC
core.pack.task: Packer task: initialize from command line() 
core.pack.task: Packer task: initialize from command line() 
core.pack.task: Packer task: initialize from command line() 
protocols.moves.MonteCarlo: MonteCarlo:: last_accepted_score,lowest_score: -860.826 -860.826
protocols.motifs.Motif: Res1 name is GLU
protocols.motifs.Motif: atom1 name is OOC
protocols.motifs.Motif: atom2 name is Phos
protocols.motifs.Motif: atom3 name is OOC
protocols.motifs.Motif: Res1 name is TYR
protocols.motifs.Motif: atom1 name is OOC
protocols.motifs.Motif: atom2 name is Phos
protocols.motifs.Motif: atom3 name is OOC
protocols.motifs.Motif: Res1 name is TYR
protocols.motifs.Motif: atom1 name is CH3
protocols.motifs.Motif: atom2 name is COO
protocols.motifs.Motif: atom3 name is aroC
protocols.motifs.Motif: Res1 name is GLU
protocols.motifs.Motif: atom1 name is COO
protocols.motifs.Motif: atom2 name is aroC
protocols.motifs.Motif: atom3 name is Oaro
protocols.motifs.Motif: Res1 name is SER
protocols.motifs.Motif: atom1 name is OOC
protocols.motifs.Motif: atom2 name is Phos
protocols.motifs.Motif: atom3 name is OOC
core.pack.task: Packer task: initialize from command line() 
core.pack.task: Packer task: initialize from command line() 
core.pack.task: Packer task: initialize from command line() 
protocols.moves.MonteCarlo: MonteCarlo:: last_accepted_score,lowest_score: -859.001 -859.001
protocols.motifs.Motif: Res1 name is GLU
protocols.motifs.Motif: atom1 name is OOC
protocols.motifs.Motif: atom2 name is Phos
protocols.motifs.Motif: atom3 name is OOC
protocols.motifs.Motif: Res1 name is TYR
protocols.motifs.Motif: atom1 name is COO
protocols.motifs.Motif: atom2 name is CH1
protocols.motifs.Motif: atom3 name is Nlys
protocols.motifs.Motif: Res1 name is GLU
protocols.motifs.Motif: atom1 name is OOC
protocols.motifs.Motif: atom2 name is COO
protocols.motifs.Motif: atom3 name is OOC
protocols.motifs.Motif: Res1 name is TYR
protocols.motifs.Motif: atom1 name is OOC
protocols.motifs.Motif: atom2 name is COO
protocols.motifs.Motif: atom3 name is OOC
core.pack.task: Packer task: initialize from command line() 
core.pack.task: Packer task: initialize from command line() 
core.pack.task: Packer task: initialize from command line() 
protocols.moves.MonteCarlo: MonteCarlo:: last_accepted_score,lowest_score: -857.297 -858.168
protocols.motifs.Motif: Res1 name is TYR
protocols.motifs.Motif: atom1 name is OOC
protocols.motifs.Motif: atom2 name is Phos
protocols.motifs.Motif: atom3 name is OOC
protocols.motifs.Motif: Res1 name is GLU
protocols.motifs.Motif: atom1 name is OOC
protocols.motifs.Motif: atom2 name is Phos
protocols.motifs.Motif: atom3 name is OOC
core.pack.task: Packer task: initialize from command line() 
core.pack.task: Packer task: initialize from command line() 
core.pack.task: Packer task: initialize from command line() 
protocols.moves.MonteCarlo: MonteCarlo:: last_accepted_score,lowest_score: -848.728 -848.728
protocols.motifs.Motif: Res1 name is GLU
protocols.motifs.Motif: atom1 name is COO
protocols.motifs.Motif: atom2 name is CH1
protocols.motifs.Motif: atom3 name is Nlys
protocols.motifs.Motif: Res1 name is TYR
protocols.motifs.Motif: atom1 name is COO
protocols.motifs.Motif: atom2 name is CH1
protocols.motifs.Motif: atom3 name is Nlys
protocols.motifs.Motif: Res1 name is GLU
protocols.motifs.Motif: atom1 name is CH3
protocols.motifs.Motif: atom2 name is COO
protocols.motifs.Motif: atom3 name is aroC
core.pack.task: Packer task: initialize from command line() 
core.pack.task: Packer task: initialize from command line() 
core.pack.task: Packer task: initialize from command line() 
protocols.moves.MonteCarlo: MonteCarlo:: last_accepted_score,lowest_score: -868.268 -868.268
protocols.motifs.Motif: Res1 name is GLU
protocols.motifs.Motif: atom1 name is CH3
protocols.motifs.Motif: atom2 name is COO
protocols.motifs.Motif: atom3 name is aroC
protocols.motifs.Motif: Res1 name is TYR
protocols.motifs.Motif: atom1 name is OOC
protocols.motifs.Motif: atom2 name is COO
protocols.motifs.Motif: atom3 name is OOC
protocols.motifs.Motif: Res1 name is TYR
protocols.motifs.Motif: atom1 name is OOC
protocols.motifs.Motif: atom2 name is Phos
protocols.motifs.Motif: atom3 name is OOC
protocols.motifs.Motif: Res1 name is THR
protocols.motifs.Motif: atom1 name is OOC
protocols.motifs.Motif: atom2 name is Phos
protocols.motifs.Motif: atom3 name is OOC
protocols.motifs.Motif: Res1 name is ARG
protocols.motifs.Motif: atom1 name is OOC
protocols.motifs.Motif: atom2 name is Phos
protocols.motifs.Motif: atom3 name is OOC
protocols.motifs.Motif: Res1 name is GLU
protocols.motifs.Motif: atom1 name is OOC
protocols.motifs.Motif: atom2 name is Phos
protocols.motifs.Motif: atom3 name is OOC
protocols.motifs.Motif: Res1 name is TYR
protocols.motifs.Motif: atom1 name is OOC
protocols.motifs.Motif: atom2 name is COO
protocols.motifs.Motif: atom3 name is OOC
core.pack.task: Packer task: initialize from command line() 
core.pack.task: Packer task: initialize from command line() 
core.pack.task: Packer task: initialize from command line() 
protocols.moves.MonteCarlo: MonteCarlo:: last_accepted_score,lowest_score: -847.652 -847.652
protocols.motifs.Motif: Res1 name is GLU
protocols.motifs.Motif: atom1 name is CH3
protocols.motifs.Motif: atom2 name is COO
protocols.motifs.Motif: atom3 name is aroC
protocols.motifs.Motif: Res1 name is TYR
protocols.motifs.Motif: atom1 name is OOC
protocols.motifs.Motif: atom2 name is Phos
protocols.motifs.Motif: atom3 name is OOC
protocols.motifs.Motif: Res1 name is ARG
protocols.motifs.Motif: atom1 name is OOC
protocols.motifs.Motif: atom2 name is Phos
protocols.motifs.Motif: atom3 name is OOC
core.pack.task: Packer task: initialize from command line() 
core.pack.task: Packer task: initialize from command line() 
core.pack.task: Packer task: initialize from command line() 
protocols.moves.MonteCarlo: MonteCarlo:: last_accepted_score,lowest_score: -865.452 -866.292
protocols.motifs.Motif: Res1 name is GLU
protocols.motifs.Motif: atom1 name is OOC
protocols.motifs.Motif: atom2 name is Phos
protocols.motifs.Motif: atom3 name is OOC
protocols.motifs.Motif: Res1 name is TYR
protocols.motifs.Motif: atom1 name is OOC
protocols.motifs.Motif: atom2 name is COO
protocols.motifs.Motif: atom3 name is OOC
protocols.motifs.Motif: Res1 name is TYR
protocols.motifs.Motif: atom1 name is COO
protocols.motifs.Motif: atom2 name is CH1
protocols.motifs.Motif: atom3 name is Nlys
protocols.motifs.Motif: Res1 name is PRO
protocols.motifs.Motif: atom1 name is COO
protocols.motifs.Motif: atom2 name is CH1
protocols.motifs.Motif: atom3 name is Nlys
protocols.motifs.Motif: Res1 name is SER
protocols.motifs.Motif: atom1 name is OOC
protocols.motifs.Motif: atom2 name is Phos
protocols.motifs.Motif: atom3 name is OOC
protocols.motifs.Motif: Res1 name is GLU
protocols.motifs.Motif: atom1 name is aroC
protocols.motifs.Motif: atom2 name is CH2
protocols.motifs.Motif: atom3 name is CH1
protocols.motifs.Motif: Res1 name is TYR
protocols.motifs.Motif: atom1 name is OOC
protocols.motifs.Motif: atom2 name is COO
protocols.motifs.Motif: atom3 name is OOC
core.pack.task: Packer task: initialize from command line() 
core.pack.task: Packer task: initialize from command line() 
core.pack.task: Packer task: initialize from command line() 
protocols.moves.MonteCarlo: MonteCarlo:: last_accepted_score,lowest_score: -858.311 -858.527
protocols.motifs.Motif: Res1 name is GLU
protocols.motifs.Motif: atom1 name is OOC
protocols.motifs.Motif: atom2 name is Phos
protocols.motifs.Motif: atom3 name is OOC
protocols.motifs.Motif: Res1 name is TYR
protocols.motifs.Motif: atom1 name is COO
protocols.motifs.Motif: atom2 name is CH1
protocols.motifs.Motif: atom3 name is Nlys
protocols.motifs.Motif: Res1 name is GLU
protocols.motifs.Motif: atom1 name is OOC
protocols.motifs.Motif: atom2 name is COO
protocols.motifs.Motif: atom3 name is OOC
protocols.motifs.Motif: Res1 name is TYR
protocols.motifs.Motif: atom1 name is OOC
protocols.motifs.Motif: atom2 name is COO
protocols.motifs.Motif: atom3 name is OOC
core.pack.task: Packer task: initialize from command line() 
core.pack.task: Packer task: initialize from command line() 
core.pack.task: Packer task: initialize from command line() 
protocols.moves.MonteCarlo: MonteCarlo:: last_accepted_score,lowest_score: -848.287 -848.287
protocols.motifs.Motif: Res1 name is GLU
protocols.motifs.Motif: atom1 name is CH3
protocols.motifs.Motif: atom2 name is COO
protocols.motifs.Motif: atom3 name is aroC
protocols.motifs.Motif: Res1 name is TYR
protocols.motifs.Motif: atom1 name is COO
protocols.motifs.Motif: atom2 name is CH1
protocols.motifs.Motif: atom3 name is Nlys
protocols.motifs.Motif: Res1 name is GLU
protocols.motifs.Motif: atom1 name is OOC
protocols.motifs.Motif: atom2 name is Phos
protocols.motifs.Motif: atom3 name is OOC
core.pack.task: Packer task: initialize from command line() 
core.pack.task: Packer task: initialize from command line() 
core.pack.task: Packer task: initialize from command line() 
protocols.moves.MonteCarlo: MonteCarlo:: last_accepted_score,lowest_score: -856.821 -856.897
protocols.motifs.Motif: Res1 name is GLU
protocols.motifs.Motif: atom1 name is OOC
protocols.motifs.Motif: atom2 name is COO
protocols.motifs.Motif: atom3 name is OOC
protocols.motifs.Motif: Res1 name is TYR
protocols.motifs.Motif: atom1 name is OOC
protocols.motifs.Motif: atom2 name is COO
protocols.motifs.Motif: atom3 name is OOC
protocols.motifs.Motif: Res1 name is SER
protocols.motifs.Motif: atom1 name is OOC
protocols.motifs.Motif: atom2 name is Phos
protocols.motifs.Motif: atom3 name is OOC
core.pack.task: Packer task: initialize from command line() 
core.pack.task: Packer task: initialize from command line() 
core.pack.task: Packer task: initialize from command line() 
protocols.moves.MonteCarlo: MonteCarlo:: last_accepted_score,lowest_score: -862.377 -862.486
protocols.motifs.Motif: Res1 name is GLU
protocols.motifs.Motif: atom1 name is OH
protocols.motifs.Motif: atom2 name is CH2
protocols.motifs.Motif: atom3 name is Phos
protocols.motifs.Motif: Res1 name is GLU
protocols.motifs.Motif: atom1 name is OOC
protocols.motifs.Motif: atom2 name is Phos
protocols.motifs.Motif: atom3 name is OOC
protocols.motifs.Motif: Res1 name is TYR
protocols.motifs.Motif: atom1 name is CH3
protocols.motifs.Motif: atom2 name is COO
protocols.motifs.Motif: atom3 name is aroC
protocols.motifs.Motif: Res1 name is SER
protocols.motifs.Motif: atom1 name is COO
protocols.motifs.Motif: atom2 name is CH1
protocols.motifs.Motif: atom3 name is Nlys
protocols.motifs.Motif: Res1 name is GLU
protocols.motifs.Motif: atom1 name is CH3
protocols.motifs.Motif: atom2 name is COO
protocols.motifs.Motif: atom3 name is aroC
protocols.motifs.Motif: Res1 name is SER
protocols.motifs.Motif: atom1 name is Nhis
protocols.motifs.Motif: atom2 name is aroC
protocols.motifs.Motif: atom3 name is OH
core.pack.task: Packer task: initialize from command line() 
core.pack.task: Packer task: initialize from command line() 
core.pack.task: Packer task: initialize from command line() 
protocols.moves.MonteCarlo: MonteCarlo:: last_accepted_score,lowest_score: -852.296 -852.296
protocols.motifs.Motif: Res1 name is GLU
protocols.motifs.Motif: atom1 name is CH3
protocols.motifs.Motif: atom2 name is COO
protocols.motifs.Motif: atom3 name is aroC
protocols.motifs.Motif: Res1 name is TYR
protocols.motifs.Motif: atom1 name is OOC
protocols.motifs.Motif: atom2 name is COO
protocols.motifs.Motif: atom3 name is OOC
protocols.motifs.Motif: Res1 name is ARG
protocols.motifs.Motif: atom1 name is OOC
protocols.motifs.Motif: atom2 name is COO
protocols.motifs.Motif: atom3 name is OOC
protocols.motifs.Motif: Res1 name is GLU
protocols.motifs.Motif: atom1 name is COO
protocols.motifs.Motif: atom2 name is CH1
protocols.motifs.Motif: atom3 name is Nlys
core.pack.task: Packer task: initialize from command line() 
core.pack.task: Packer task: initialize from command line() 
core.pack.task: Packer task: initialize from command line() 
protocols.moves.MonteCarlo: MonteCarlo:: last_accepted_score,lowest_score: -789.206 -789.206
protocols.motifs.Motif: Res1 name is GLU
protocols.motifs.Motif: atom1 name is COO
protocols.motifs.Motif: atom2 name is CH1
protocols.motifs.Motif: atom3 name is Nlys
protocols.motifs.Motif: Res1 name is LYS
protocols.motifs.Motif: atom1 name is OOC
protocols.motifs.Motif: atom2 name is Phos
protocols.motifs.Motif: atom3 name is OOC
protocols.motifs.Motif: Res1 name is TYR
protocols.motifs.Motif: atom1 name is Nhis
protocols.motifs.Motif: atom2 name is aroC
protocols.motifs.Motif: atom3 name is OH
core.pack.task: Packer task: initialize from command line() 
core.pack.task: Packer task: initialize from command line() 
core.pack.task: Packer task: initialize from command line() 
protocols.moves.MonteCarlo: MonteCarlo:: last_accepted_score,lowest_score: -846.045 -846.045
protocols.motifs.Motif: Res1 name is TYR
protocols.motifs.Motif: atom1 name is CH3
protocols.motifs.Motif: atom2 name is COO
protocols.motifs.Motif: atom3 name is aroC
protocols.motifs.Motif: Res1 name is GLU
protocols.motifs.Motif: atom1 name is CH3
protocols.motifs.Motif: atom2 name is COO
protocols.motifs.Motif: atom3 name is aroC
core.pack.task: Packer task: initialize from command line() 
core.pack.task: Packer task: initialize from command line() 
core.pack.task: Packer task: initialize from command line() 
protocols.moves.MonteCarlo: MonteCarlo:: last_accepted_score,lowest_score: -849.71 -849.71
protocols.motifs.Motif: Res1 name is GLU
protocols.motifs.Motif: atom1 name is CH3
protocols.motifs.Motif: atom2 name is COO
protocols.motifs.Motif: atom3 name is aroC
protocols.motifs.Motif: Res1 name is TYR
protocols.motifs.Motif: atom1 name is CH3
protocols.motifs.Motif: atom2 name is COO
protocols.motifs.Motif: atom3 name is aroC
protocols.motifs.Motif: Res1 name is ARG
protocols.motifs.Motif: atom1 name is OOC
protocols.motifs.Motif: atom2 name is Phos
protocols.motifs.Motif: atom3 name is OOC
protocols.motifs.Motif: Res1 name is GLU
protocols.motifs.Motif: atom1 name is CH3
protocols.motifs.Motif: atom2 name is COO
protocols.motifs.Motif: atom3 name is aroC
core.pack.task: Packer task: initialize from command line() 
core.pack.task: Packer task: initialize from command line() 
core.pack.task: Packer task: initialize from command line() 
protocols.moves.MonteCarlo: MonteCarlo:: last_accepted_score,lowest_score: -853.416 -855.771
protocols.motifs.Motif: Res1 name is TYR
protocols.motifs.Motif: atom1 name is CH3
protocols.motifs.Motif: atom2 name is COO
protocols.motifs.Motif: atom3 name is aroC
protocols.motifs.Motif: Res1 name is THR
protocols.motifs.Motif: atom1 name is OH
protocols.motifs.Motif: atom2 name is CH2
protocols.motifs.Motif: atom3 name is Phos
protocols.motifs.Motif: Res1 name is ARG
protocols.motifs.Motif: atom1 name is OOC
protocols.motifs.Motif: atom2 name is Phos
protocols.motifs.Motif: atom3 name is OOC
protocols.motifs.Motif: Res1 name is SER
protocols.motifs.Motif: atom1 name is OOC
protocols.motifs.Motif: atom2 name is COO
protocols.motifs.Motif: atom3 name is OOC
protocols.motifs.Motif: Res1 name is GLU
protocols.motifs.Motif: atom1 name is CH3
protocols.motifs.Motif: atom2 name is COO
protocols.motifs.Motif: atom3 name is aroC
core.pack.task: Packer task: initialize from command line() 
core.pack.task: Packer task: initialize from command line() 
core.pack.task: Packer task: initialize from command line() 
protocols.moves.MonteCarlo: MonteCarlo:: last_accepted_score,lowest_score: -847.522 -847.759
protocols.motifs.Motif: Res1 name is TYR
protocols.motifs.Motif: atom1 name is COO
protocols.motifs.Motif: atom2 name is aroC
protocols.motifs.Motif: atom3 name is Oaro
protocols.motifs.Motif: Res1 name is THR
protocols.motifs.Motif: atom1 name is OOC
protocols.motifs.Motif: atom2 name is Phos
protocols.motifs.Motif: atom3 name is OOC
protocols.motifs.Motif: Res1 name is ARG
protocols.motifs.Motif: atom1 name is OOC
protocols.motifs.Motif: atom2 name is Phos
protocols.motifs.Motif: atom3 name is OOC
protocols.motifs.Motif: Res1 name is SER
protocols.motifs.Motif: atom1 name is OOC
protocols.motifs.Motif: atom2 name is Phos
protocols.motifs.Motif: atom3 name is OOC
core.pack.task: Packer task: initialize from command line() 
core.pack.task: Packer task: initialize from command line() 
core.pack.task: Packer task: initialize from command line() 
protocols.moves.MonteCarlo: MonteCarlo:: last_accepted_score,lowest_score: -849.117 -849.444
protocols.motifs.Motif: Res1 name is LYS
protocols.motifs.Motif: atom1 name is CH3
protocols.motifs.Motif: atom2 name is COO
protocols.motifs.Motif: atom3 name is aroC
protocols.motifs.Motif: Res1 name is TYR
protocols.motifs.Motif: atom1 name is OOC
protocols.motifs.Motif: atom2 name is Phos
protocols.motifs.Motif: atom3 name is OOC
protocols.motifs.Motif: Res1 name is GLU
protocols.motifs.Motif: atom1 name is OOC
protocols.motifs.Motif: atom2 name is Phos
protocols.motifs.Motif: atom3 name is OOC
core.pack.task: Packer task: initialize from command line() 
core.pack.task: Packer task: initialize from command line() 
core.pack.task: Packer task: initialize from command line() 
protocols.moves.MonteCarlo: MonteCarlo:: last_accepted_score,lowest_score: -853.218 -853.218
protocols.motifs.Motif: Res1 name is TYR
protocols.motifs.Motif: atom1 name is COO
protocols.motifs.Motif: atom2 name is aroC
protocols.motifs.Motif: atom3 name is Oaro
protocols.motifs.Motif: Res1 name is SER
protocols.motifs.Motif: atom1 name is OOC
protocols.motifs.Motif: atom2 name is COO
protocols.motifs.Motif: atom3 name is OOC
protocols.motifs.Motif: Res1 name is MET
protocols.motifs.Motif: atom1 name is OOC
protocols.motifs.Motif: atom2 name is Phos
protocols.motifs.Motif: atom3 name is OOC
protocols.motifs.Motif: Res1 name is GLU
protocols.motifs.Motif: atom1 name is COO
protocols.motifs.Motif: atom2 name is CH1
protocols.motifs.Motif: atom3 name is Nlys
protocols.motifs.Motif: Res1 name is SER
protocols.motifs.Motif: atom1 name is OOC
protocols.motifs.Motif: atom2 name is Phos
protocols.motifs.Motif: atom3 name is OOC
core.pack.task: Packer task: initialize from command line() 
core.pack.task: Packer task: initialize from command line() 
core.pack.task: Packer task: initialize from command line() 
protocols.moves.MonteCarlo: MonteCarlo:: last_accepted_score,lowest_score: -850.601 -851.858
protocols.motifs.Motif: Res1 name is TYR
protocols.motifs.Motif: atom1 name is OOC
protocols.motifs.Motif: atom2 name is Phos
protocols.motifs.Motif: atom3 name is OOC
protocols.motifs.Motif: Res1 name is THR
protocols.motifs.Motif: atom1 name is OOC
protocols.motifs.Motif: atom2 name is Phos
protocols.motifs.Motif: atom3 name is OOC
protocols.motifs.Motif: Res1 name is ARG
protocols.motifs.Motif: atom1 name is OOC
protocols.motifs.Motif: atom2 name is Phos
protocols.motifs.Motif: atom3 name is OOC
protocols.motifs.Motif: Res1 name is GLU
protocols.motifs.Motif: atom1 name is OOC
protocols.motifs.Motif: atom2 name is Phos
protocols.motifs.Motif: atom3 name is OOC
core.pack.task: Packer task: initialize from command line() 
core.pack.task: Packer task: initialize from command line() 
core.pack.task: Packer task: initialize from command line() 
protocols.moves.MonteCarlo: MonteCarlo:: last_accepted_score,lowest_score: -858.47 -858.47
protocols.motifs.Motif: Res1 name is GLU
protocols.motifs.Motif: atom1 name is COO
protocols.motifs.Motif: atom2 name is CH1
protocols.motifs.Motif: atom3 name is Nlys
protocols.motifs.Motif: Res1 name is TYR
protocols.motifs.Motif: atom1 name is CH3
protocols.motifs.Motif: atom2 name is COO
protocols.motifs.Motif: atom3 name is aroC
protocols.motifs.Motif: Res1 name is TYR
protocols.motifs.Motif: atom1 name is CH3
protocols.motifs.Motif: atom2 name is COO
protocols.motifs.Motif: atom3 name is aroC
protocols.motifs.Motif: Res1 name is GLU
protocols.motifs.Motif: atom1 name is COO
protocols.motifs.Motif: atom2 name is aroC
protocols.motifs.Motif: atom3 name is Oaro
protocols.motifs.Motif: Res1 name is SER
protocols.motifs.Motif: atom1 name is CH3
protocols.motifs.Motif: atom2 name is COO
protocols.motifs.Motif: atom3 name is aroC
protocols.motifs.Motif: Res1 name is TYR
protocols.motifs.Motif: atom1 name is CH3
protocols.motifs.Motif: atom2 name is COO
protocols.motifs.Motif: atom3 name is aroC
core.pack.task: Packer task: initialize from command line() 
core.pack.task: Packer task: initialize from command line() 
core.pack.task: Packer task: initialize from command line() 
protocols.moves.MonteCarlo: MonteCarlo:: last_accepted_score,lowest_score: -851.669 -851.669
protocols.motifs.Motif: Res1 name is LYS
protocols.motifs.Motif: atom1 name is CH3
protocols.motifs.Motif: atom2 name is COO
protocols.motifs.Motif: atom3 name is aroC
protocols.motifs.Motif: Res1 name is TYR
protocols.motifs.Motif: atom1 name is CH3
protocols.motifs.Motif: atom2 name is COO
protocols.motifs.Motif: atom3 name is aroC
protocols.motifs.Motif: Res1 name is ALA
protocols.motifs.Motif: atom1 name is COO
protocols.motifs.Motif: atom2 name is aroC
protocols.motifs.Motif: atom3 name is Oaro
protocols.motifs.Motif: Res1 name is THR
protocols.motifs.Motif: atom1 name is OOC
protocols.motifs.Motif: atom2 name is Phos
protocols.motifs.Motif: atom3 name is OOC
protocols.motifs.Motif: Res1 name is ARG
protocols.motifs.Motif: atom1 name is Nhis
protocols.motifs.Motif: atom2 name is aroC
protocols.motifs.Motif: atom3 name is OH
protocols.motifs.Motif: Res1 name is SER
protocols.motifs.Motif: atom1 name is OOC
protocols.motifs.Motif: atom2 name is Phos
protocols.motifs.Motif: atom3 name is OOC
core.pack.task: Packer task: initialize from command line() 
core.pack.task: Packer task: initialize from command line() 
core.pack.task: Packer task: initialize from command line() 
protocols.moves.MonteCarlo: MonteCarlo:: last_accepted_score,lowest_score: -858.049 -858.357
protocols.motifs.Motif: Res1 name is GLU
protocols.motifs.Motif: atom1 name is OOC
protocols.motifs.Motif: atom2 name is Phos
protocols.motifs.Motif: atom3 name is OOC
protocols.motifs.Motif: Res1 name is TYR
protocols.motifs.Motif: atom1 name is COO
protocols.motifs.Motif: atom2 name is CH1
protocols.motifs.Motif: atom3 name is Nlys
protocols.motifs.Motif: Res1 name is GLU
protocols.motifs.Motif: atom1 name is OOC
protocols.motifs.Motif: atom2 name is COO
protocols.motifs.Motif: atom3 name is OOC
protocols.motifs.Motif: Res1 name is SER
protocols.motifs.Motif: atom1 name is OOC
protocols.motifs.Motif: atom2 name is Phos
protocols.motifs.Motif: atom3 name is OOC
protocols.motifs.Motif: Res1 name is TYR
protocols.motifs.Motif: atom1 name is OOC
protocols.motifs.Motif: atom2 name is COO
protocols.motifs.Motif: atom3 name is OOC
core.pack.task: Packer task: initialize from command line() 
core.pack.task: Packer task: initialize from command line() 
core.pack.task: Packer task: initialize from command line() 
protocols.moves.MonteCarlo: MonteCarlo:: last_accepted_score,lowest_score: -790.295 -790.295
protocols.motifs.Motif: Res1 name is TYR
protocols.motifs.Motif: atom1 name is OOC
protocols.motifs.Motif: atom2 name is Phos
protocols.motifs.Motif: atom3 name is OOC
protocols.motifs.Motif: Res1 name is TYR
protocols.motifs.Motif: atom1 name is CH3
protocols.motifs.Motif: atom2 name is COO
protocols.motifs.Motif: atom3 name is aroC
protocols.motifs.Motif: Res1 name is PRO
protocols.motifs.Motif: atom1 name is OOC
protocols.motifs.Motif: atom2 name is Phos
protocols.motifs.Motif: atom3 name is OOC
protocols.motifs.Motif: Res1 name is GLU
protocols.motifs.Motif: atom1 name is OOC
protocols.motifs.Motif: atom2 name is Phos
protocols.motifs.Motif: atom3 name is OOC
protocols.motifs.Motif: Res1 name is TYR
protocols.motifs.Motif: atom1 name is OOC
protocols.motifs.Motif: atom2 name is Phos
protocols.motifs.Motif: atom3 name is OOC
core.pack.task: Packer task: initialize from command line() 
core.pack.task: Packer task: initialize from command line() 
core.pack.task: Packer task: initialize from command line() 
protocols.moves.MonteCarlo: MonteCarlo:: last_accepted_score,lowest_score: -847.324 -847.325
protocols.motifs.Motif: Res1 name is GLU
protocols.motifs.Motif: atom1 name is CH3
protocols.motifs.Motif: atom2 name is COO
protocols.motifs.Motif: atom3 name is aroC
protocols.motifs.Motif: Res1 name is TYR
protocols.motifs.Motif: atom1 name is Nhis
protocols.motifs.Motif: atom2 name is aroC
protocols.motifs.Motif: atom3 name is OH
protocols.motifs.Motif: Res1 name is ARG
protocols.motifs.Motif: atom1 name is OOC
protocols.motifs.Motif: atom2 name is Phos
protocols.motifs.Motif: atom3 name is OOC
core.pack.task: Packer task: initialize from command line() 
core.pack.task: Packer task: initialize from command line() 
core.pack.task: Packer task: initialize from command line() 
protocols.moves.MonteCarlo: MonteCarlo:: last_accepted_score,lowest_score: -846.189 -846.452
protocols.motifs.Motif: Res1 name is LYS
protocols.motifs.Motif: atom1 name is OOC
protocols.motifs.Motif: atom2 name is COO
protocols.motifs.Motif: atom3 name is OOC
protocols.motifs.Motif: Res1 name is TYR
protocols.motifs.Motif: atom1 name is COO
protocols.motifs.Motif: atom2 name is CH1
protocols.motifs.Motif: atom3 name is Nlys
protocols.motifs.Motif: Res1 name is ARG
protocols.motifs.Motif: atom1 name is OOC
protocols.motifs.Motif: atom2 name is Phos
protocols.motifs.Motif: atom3 name is OOC
core.pack.task: Packer task: initialize from command line() 
core.pack.task: Packer task: initialize from command line() 
core.pack.task: Packer task: initialize from command line() 
protocols.moves.MonteCarlo: MonteCarlo:: last_accepted_score,lowest_score: -849.721 -850.131
protocols.motifs.Motif: Res1 name is TYR
protocols.motifs.Motif: atom1 name is COO
protocols.motifs.Motif: atom2 name is CH1
protocols.motifs.Motif: atom3 name is Nlys
protocols.motifs.Motif: Res1 name is ARG
protocols.motifs.Motif: atom1 name is OOC
protocols.motifs.Motif: atom2 name is COO
protocols.motifs.Motif: atom3 name is OOC
protocols.motifs.Motif: Res1 name is GLU
protocols.motifs.Motif: atom1 name is OOC
protocols.motifs.Motif: atom2 name is COO
protocols.motifs.Motif: atom3 name is OOC
core.pack.task: Packer task: initialize from command line() 
core.pack.task: Packer task: initialize from command line() 
core.pack.task: Packer task: initialize from command line() 
protocols.moves.MonteCarlo: MonteCarlo:: last_accepted_score,lowest_score: -848.566 -848.735
protocols.motifs.Motif: Res1 name is GLU
protocols.motifs.Motif: atom1 name is OOC
protocols.motifs.Motif: atom2 name is Phos
protocols.motifs.Motif: atom3 name is OOC
protocols.motifs.Motif: Res1 name is TYR
protocols.motifs.Motif: atom1 name is COO
protocols.motifs.Motif: atom2 name is CH1
protocols.motifs.Motif: atom3 name is Nlys
protocols.motifs.Motif: Res1 name is GLU
protocols.motifs.Motif: atom1 name is OOC
protocols.motifs.Motif: atom2 name is COO
protocols.motifs.Motif: atom3 name is OOC
core.pack.task: Packer task: initialize from command line() 
core.pack.task: Packer task: initialize from command line() 
core.pack.task: Packer task: initialize from command line() 
protocols.moves.MonteCarlo: MonteCarlo:: last_accepted_score,lowest_score: -846.656 -846.656
protocols.motifs.Motif: Res1 name is GLU
protocols.motifs.Motif: atom1 name is CH3
protocols.motifs.Motif: atom2 name is COO
protocols.motifs.Motif: atom3 name is aroC
protocols.motifs.Motif: Res1 name is TYR
protocols.motifs.Motif: atom1 name is aroC
protocols.motifs.Motif: atom2 name is CH2
protocols.motifs.Motif: atom3 name is CH1
protocols.motifs.Motif: Res1 name is SER
protocols.motifs.Motif: atom1 name is OOC
protocols.motifs.Motif: atom2 name is Phos
protocols.motifs.Motif: atom3 name is OOC
protocols.motifs.Motif: Res1 name is GLU
protocols.motifs.Motif: atom1 name is OOC
protocols.motifs.Motif: atom2 name is COO
protocols.motifs.Motif: atom3 name is OOC
core.pack.task: Packer task: initialize from command line() 
core.pack.task: Packer task: initialize from command line() 
core.pack.task: Packer task: initialize from command line() 
protocols.moves.MonteCarlo: MonteCarlo:: last_accepted_score,lowest_score: -849.542 -850.116
protocols.motifs.Motif: Res1 name is TYR
protocols.motifs.Motif: atom1 name is COO
protocols.motifs.Motif: atom2 name is CH1
protocols.motifs.Motif: atom3 name is Nlys
protocols.motifs.Motif: Res1 name is THR
protocols.motifs.Motif: atom1 name is OOC
protocols.motifs.Motif: atom2 name is COO
protocols.motifs.Motif: atom3 name is OOC
protocols.motifs.Motif: Res1 name is ARG
protocols.motifs.Motif: atom1 name is CH3
protocols.motifs.Motif: atom2 name is COO
protocols.motifs.Motif: atom3 name is aroC
protocols.motifs.Motif: Res1 name is GLU
protocols.motifs.Motif: atom1 name is OOC
protocols.motifs.Motif: atom2 name is COO
protocols.motifs.Motif: atom3 name is OOC
core.pack.task: Packer task: initialize from command line() 
core.pack.task: Packer task: initialize from command line() 
core.pack.task: Packer task: initialize from command line() 
protocols.moves.MonteCarlo: MonteCarlo:: last_accepted_score,lowest_score: -847.628 -847.745
protocols.motifs.Motif: Res1 name is GLU
protocols.motifs.Motif: atom1 name is OOC
protocols.motifs.Motif: atom2 name is Phos
protocols.motifs.Motif: atom3 name is OOC
protocols.motifs.Motif: Res1 name is TYR
protocols.motifs.Motif: atom1 name is COO
protocols.motifs.Motif: atom2 name is CH1
protocols.motifs.Motif: atom3 name is Nlys
protocols.motifs.Motif: Res1 name is SER
protocols.motifs.Motif: atom1 name is OOC
protocols.motifs.Motif: atom2 name is Phos
protocols.motifs.Motif: atom3 name is OOC
protocols.motifs.Motif: Res1 name is GLU
protocols.motifs.Motif: atom1 name is OOC
protocols.motifs.Motif: atom2 name is COO
protocols.motifs.Motif: atom3 name is OOC
core.pack.task: Packer task: initialize from command line() 
core.pack.task: Packer task: initialize from command line() 
core.pack.task: Packer task: initialize from command line() 
protocols.moves.MonteCarlo: MonteCarlo:: last_accepted_score,lowest_score: -805.444 -805.444
protocols.motifs.Motif: Res1 name is TYR
protocols.motifs.Motif: atom1 name is OOC
protocols.motifs.Motif: atom2 name is COO
protocols.motifs.Motif: atom3 name is OOC
protocols.motifs.Motif: Res1 name is THR
protocols.motifs.Motif: atom1 name is OOC
protocols.motifs.Motif: atom2 name is COO
protocols.motifs.Motif: atom3 name is OOC
protocols.motifs.Motif: Res1 name is ARG
protocols.motifs.Motif: atom1 name is OOC
protocols.motifs.Motif: atom2 name is Phos
protocols.motifs.Motif: atom3 name is OOC
protocols.motifs.Motif: Res1 name is GLU
protocols.motifs.Motif: atom1 name is COO
protocols.motifs.Motif: atom2 name is CH1
protocols.motifs.Motif: atom3 name is Nlys
core.pack.task: Packer task: initialize from command line() 
core.pack.task: Packer task: initialize from command line() 
core.pack.task: Packer task: initialize from command line() 
protocols.moves.MonteCarlo: MonteCarlo:: last_accepted_score,lowest_score: -850.015 -850.094
protocols.motifs.Motif: Res1 name is GLU
protocols.motifs.Motif: atom1 name is CH3
protocols.motifs.Motif: atom2 name is COO
protocols.motifs.Motif: atom3 name is aroC
protocols.motifs.Motif: Res1 name is TYR
protocols.motifs.Motif: atom1 name is OOC
protocols.motifs.Motif: atom2 name is COO
protocols.motifs.Motif: atom3 name is OOC
protocols.motifs.Motif: Res1 name is GLU
protocols.motifs.Motif: atom1 name is CH3
protocols.motifs.Motif: atom2 name is COO
protocols.motifs.Motif: atom3 name is aroC
core.pack.task: Packer task: initialize from command line() 
core.pack.task: Packer task: initialize from command line() 
core.pack.task: Packer task: initialize from command line() 
protocols.moves.MonteCarlo: MonteCarlo:: last_accepted_score,lowest_score: -850.505 -850.505
protocols.motifs.Motif: Res1 name is TYR
protocols.motifs.Motif: atom1 name is OOC
protocols.motifs.Motif: atom2 name is Phos
protocols.motifs.Motif: atom3 name is OOC
protocols.motifs.Motif: Res1 name is THR
protocols.motifs.Motif: atom1 name is OOC
protocols.motifs.Motif: atom2 name is COO
protocols.motifs.Motif: atom3 name is OOC
protocols.motifs.Motif: Res1 name is ARG
protocols.motifs.Motif: atom1 name is OOC
protocols.motifs.Motif: atom2 name is COO
protocols.motifs.Motif: atom3 name is OOC
protocols.motifs.Motif: Res1 name is GLU
protocols.motifs.Motif: atom1 name is COO
protocols.motifs.Motif: atom2 name is CH1
protocols.motifs.Motif: atom3 name is Nlys
core.pack.task: Packer task: initialize from command line() 
core.pack.task: Packer task: initialize from command line() 
core.pack.task: Packer task: initialize from command line() 
protocols.moves.MonteCarlo: MonteCarlo:: last_accepted_score,lowest_score: -869.206 -869.206
protocols.motifs.Motif: Res1 name is TYR
protocols.motifs.Motif: atom1 name is OOC
protocols.motifs.Motif: atom2 name is Phos
protocols.motifs.Motif: atom3 name is OOC
protocols.motifs.Motif: Res1 name is TYR
protocols.motifs.Motif: atom1 name is CH3
protocols.motifs.Motif: atom2 name is COO
protocols.motifs.Motif: atom3 name is aroC
protocols.motifs.Motif: Res1 name is PRO
protocols.motifs.Motif: atom1 name is Nhis
protocols.motifs.Motif: atom2 name is aroC
protocols.motifs.Motif: atom3 name is OH
protocols.motifs.Motif: Res1 name is GLU
protocols.motifs.Motif: atom1 name is Nhis
protocols.motifs.Motif: atom2 name is aroC
protocols.motifs.Motif: atom3 name is OH
protocols.motifs.Motif: Res1 name is THR
protocols.motifs.Motif: atom1 name is OOC
protocols.motifs.Motif: atom2 name is Phos
protocols.motifs.Motif: atom3 name is OOC
protocols.motifs.Motif: Res1 name is SER
protocols.motifs.Motif: atom1 name is OOC
protocols.motifs.Motif: atom2 name is Phos
protocols.motifs.Motif: atom3 name is OOC
protocols.motifs.Motif: Res1 name is TYR
protocols.motifs.Motif: atom1 name is OOC
protocols.motifs.Motif: atom2 name is Phos
protocols.motifs.Motif: atom3 name is OOC
core.pack.task: Packer task: initialize from command line() 
core.pack.task: Packer task: initialize from command line() 
core.pack.task: Packer task: initialize from command line() 
protocols.moves.MonteCarlo: MonteCarlo:: last_accepted_score,lowest_score: -847.236 -847.236
protocols.motifs.Motif: Res1 name is LYS
protocols.motifs.Motif: atom1 name is CH3
protocols.motifs.Motif: atom2 name is COO
protocols.motifs.Motif: atom3 name is aroC
protocols.motifs.Motif: Res1 name is TYR
protocols.motifs.Motif: atom1 name is COO
protocols.motifs.Motif: atom2 name is CH1
protocols.motifs.Motif: atom3 name is Nlys
protocols.motifs.Motif: Res1 name is GLU
protocols.motifs.Motif: atom1 name is OOC
protocols.motifs.Motif: atom2 name is Phos
protocols.motifs.Motif: atom3 name is OOC
core.pack.task: Packer task: initialize from command line() 
core.pack.task: Packer task: initialize from command line() 
core.pack.task: Packer task: initialize from command line() 
protocols.moves.MonteCarlo: MonteCarlo:: last_accepted_score,lowest_score: -859.259 -860.183
protocols.motifs.Motif: Res1 name is GLU
protocols.motifs.Motif: atom1 name is OOC
protocols.motifs.Motif: atom2 name is Phos
protocols.motifs.Motif: atom3 name is OOC
protocols.motifs.Motif: Res1 name is TYR
protocols.motifs.Motif: atom1 name is OOC
protocols.motifs.Motif: atom2 name is Phos
protocols.motifs.Motif: atom3 name is OOC
protocols.motifs.Motif: Res1 name is TYR
protocols.motifs.Motif: atom1 name is OOC
protocols.motifs.Motif: atom2 name is Phos
protocols.motifs.Motif: atom3 name is OOC
protocols.motifs.Motif: Res1 name is PRO
protocols.motifs.Motif: atom1 name is OOC
protocols.motifs.Motif: atom2 name is Phos
protocols.motifs.Motif: atom3 name is OOC
protocols.motifs.Motif: Res1 name is GLU
protocols.motifs.Motif: atom1 name is OH
protocols.motifs.Motif: atom2 name is CH2
protocols.motifs.Motif: atom3 name is Phos
protocols.motifs.Motif: Res1 name is TYR
protocols.motifs.Motif: atom1 name is OOC
protocols.motifs.Motif: atom2 name is Phos
protocols.motifs.Motif: atom3 name is OOC
core.pack.task: Packer task: initialize from command line() 
core.pack.task: Packer task: initialize from command line() 
core.pack.task: Packer task: initialize from command line() 
protocols.moves.MonteCarlo: MonteCarlo:: last_accepted_score,lowest_score: -861.789 -862.253
protocols.motifs.Motif: Res1 name is GLU
protocols.motifs.Motif: atom1 name is CH3
protocols.motifs.Motif: atom2 name is COO
protocols.motifs.Motif: atom3 name is aroC
protocols.motifs.Motif: Res1 name is TYR
protocols.motifs.Motif: atom1 name is OOC
protocols.motifs.Motif: atom2 name is Phos
protocols.motifs.Motif: atom3 name is OOC
protocols.motifs.Motif: Res1 name is PRO
protocols.motifs.Motif: atom1 name is OOC
protocols.motifs.Motif: atom2 name is COO
protocols.motifs.Motif: atom3 name is OOC
protocols.motifs.Motif: Res1 name is SER
protocols.motifs.Motif: atom1 name is CH3
protocols.motifs.Motif: atom2 name is COO
protocols.motifs.Motif: atom3 name is aroC
protocols.motifs.Motif: Res1 name is GLU
protocols.motifs.Motif: atom1 name is COO
protocols.motifs.Motif: atom2 name is CH1
protocols.motifs.Motif: atom3 name is Nlys
protocols.motifs.Motif: Res1 name is SER
protocols.motifs.Motif: atom1 name is COO
protocols.motifs.Motif: atom2 name is CH1
protocols.motifs.Motif: atom3 name is Nlys
protocols.motifs.Motif: Res1 name is TYR
protocols.motifs.Motif: atom1 name is OOC
protocols.motifs.Motif: atom2 name is COO
protocols.motifs.Motif: atom3 name is OOC
core.pack.task: Packer task: initialize from command line() 
core.pack.task: Packer task: initialize from command line() 
core.pack.task: Packer task: initialize from command line() 
protocols.moves.MonteCarlo: MonteCarlo:: last_accepted_score,lowest_score: -848.423 -848.477
protocols.motifs.Motif: Res1 name is GLU
protocols.motifs.Motif: atom1 name is CH3
protocols.motifs.Motif: atom2 name is COO
protocols.motifs.Motif: atom3 name is aroC
protocols.motifs.Motif: Res1 name is TYR
protocols.motifs.Motif: atom1 name is COO
protocols.motifs.Motif: atom2 name is CH1
protocols.motifs.Motif: atom3 name is Nlys
protocols.motifs.Motif: Res1 name is ARG
protocols.motifs.Motif: atom1 name is OOC
protocols.motifs.Motif: atom2 name is Phos
protocols.motifs.Motif: atom3 name is OOC
core.pack.task: Packer task: initialize from command line() 
core.pack.task: Packer task: initialize from command line() 
core.pack.task: Packer task: initialize from command line() 
protocols.moves.MonteCarlo: MonteCarlo:: last_accepted_score,lowest_score: -843.953 -845.126
protocols.motifs.Motif: Res1 name is GLU
protocols.motifs.Motif: atom1 name is CH3
protocols.motifs.Motif: atom2 name is COO
protocols.motifs.Motif: atom3 name is aroC
protocols.motifs.Motif: Res1 name is GLU
protocols.motifs.Motif: atom1 name is COO
protocols.motifs.Motif: atom2 name is CH1
protocols.motifs.Motif: atom3 name is Nlys
core.pack.task: Packer task: initialize from command line() 
core.pack.task: Packer task: initialize from command line() 
core.pack.task: Packer task: initialize from command line() 
protocols.moves.MonteCarlo: MonteCarlo:: last_accepted_score,lowest_score: -852.754 -852.754
protocols.motifs.Motif: Res1 name is TYR
protocols.motifs.Motif: atom1 name is OOC
protocols.motifs.Motif: atom2 name is Phos
protocols.motifs.Motif: atom3 name is OOC
protocols.motifs.Motif: Res1 name is THR
protocols.motifs.Motif: atom1 name is OOC
protocols.motifs.Motif: atom2 name is Phos
protocols.motifs.Motif: atom3 name is OOC
protocols.motifs.Motif: Res1 name is ARG
protocols.motifs.Motif: atom1 name is OOC
protocols.motifs.Motif: atom2 name is Phos
protocols.motifs.Motif: atom3 name is OOC
protocols.motifs.Motif: Res1 name is SER
protocols.motifs.Motif: atom1 name is CH3
protocols.motifs.Motif: atom2 name is COO
protocols.motifs.Motif: atom3 name is aroC
protocols.motifs.Motif: Res1 name is GLU
protocols.motifs.Motif: atom1 name is Nhis
protocols.motifs.Motif: atom2 name is aroC
protocols.motifs.Motif: atom3 name is OH
core.pack.task: Packer task: initialize from command line() 
core.pack.task: Packer task: initialize from command line() 
core.pack.task: Packer task: initialize from command line() 
protocols.moves.MonteCarlo: MonteCarlo:: last_accepted_score,lowest_score: -848.034 -848.034
protocols.motifs.Motif: Res1 name is GLU
protocols.motifs.Motif: atom1 name is CH3
protocols.motifs.Motif: atom2 name is COO
protocols.motifs.Motif: atom3 name is aroC
protocols.motifs.Motif: Res1 name is LYS
protocols.motifs.Motif: atom1 name is OOC
protocols.motifs.Motif: atom2 name is COO
protocols.motifs.Motif: atom3 name is OOC
protocols.motifs.Motif: Res1 name is TYR
protocols.motifs.Motif: atom1 name is OOC
protocols.motifs.Motif: atom2 name is Phos
protocols.motifs.Motif: atom3 name is OOC
core.pack.task: Packer task: initialize from command line() 
core.pack.task: Packer task: initialize from command line() 
core.pack.task: Packer task: initialize from command line() 
protocols.moves.MonteCarlo: MonteCarlo:: last_accepted_score,lowest_score: -846.843 -846.843
protocols.motifs.Motif: Res1 name is GLU
protocols.motifs.Motif: atom1 name is OOC
protocols.motifs.Motif: atom2 name is Phos
protocols.motifs.Motif: atom3 name is OOC
protocols.motifs.Motif: Res1 name is TYR
protocols.motifs.Motif: atom1 name is CH3
protocols.motifs.Motif: atom2 name is COO
protocols.motifs.Motif: atom3 name is aroC
core.pack.task: Packer task: initialize from command line() 
core.pack.task: Packer task: initialize from command line() 
core.pack.task: Packer task: initialize from command line() 
protocols.moves.MonteCarlo: MonteCarlo:: last_accepted_score,lowest_score: -851.611 -852.004
protocols.motifs.Motif: Res1 name is GLU
protocols.motifs.Motif: atom1 name is CH3
protocols.motifs.Motif: atom2 name is COO
protocols.motifs.Motif: atom3 name is aroC
protocols.motifs.Motif: Res1 name is TYR
protocols.motifs.Motif: atom1 name is OOC
protocols.motifs.Motif: atom2 name is Phos
protocols.motifs.Motif: atom3 name is OOC
protocols.motifs.Motif: Res1 name is THR
protocols.motifs.Motif: atom1 name is OOC
protocols.motifs.Motif: atom2 name is Phos
protocols.motifs.Motif: atom3 name is OOC
protocols.motifs.Motif: Res1 name is ARG
protocols.motifs.Motif: atom1 name is OOC
protocols.motifs.Motif: atom2 name is Phos
protocols.motifs.Motif: atom3 name is OOC
protocols.motifs.Motif: Res1 name is GLU
protocols.motifs.Motif: atom1 name is OOC
protocols.motifs.Motif: atom2 name is Phos
protocols.motifs.Motif: atom3 name is OOC
core.pack.task: Packer task: initialize from command line() 
core.pack.task: Packer task: initialize from command line() 
core.pack.task: Packer task: initialize from command line() 
protocols.moves.MonteCarlo: MonteCarlo:: last_accepted_score,lowest_score: -848.426 -848.426
protocols.motifs.Motif: Res1 name is LYS
protocols.motifs.Motif: atom1 name is CH3
protocols.motifs.Motif: atom2 name is COO
protocols.motifs.Motif: atom3 name is aroC
protocols.motifs.Motif: Res1 name is TYR
protocols.motifs.Motif: atom1 name is Nhis
protocols.motifs.Motif: atom2 name is aroC
protocols.motifs.Motif: atom3 name is OH
core.pack.task: Packer task: initialize from command line() 
core.pack.task: Packer task: initialize from command line() 
core.pack.task: Packer task: initialize from command line() 
protocols.moves.MonteCarlo: MonteCarlo:: last_accepted_score,lowest_score: -850.05 -850.05
protocols.motifs.Motif: Res1 name is GLU
protocols.motifs.Motif: atom1 name is CH3
protocols.motifs.Motif: atom2 name is COO
protocols.motifs.Motif: atom3 name is aroC
protocols.motifs.Motif: Res1 name is TYR
protocols.motifs.Motif: atom1 name is OOC
protocols.motifs.Motif: atom2 name is COO
protocols.motifs.Motif: atom3 name is OOC
protocols.motifs.Motif: Res1 name is ARG
protocols.motifs.Motif: atom1 name is OOC
protocols.motifs.Motif: atom2 name is COO
protocols.motifs.Motif: atom3 name is OOC
protocols.motifs.Motif: Res1 name is GLU
protocols.motifs.Motif: atom1 name is COO
protocols.motifs.Motif: atom2 name is CH1
protocols.motifs.Motif: atom3 name is Nlys
core.pack.task: Packer task: initialize from command line() 
core.pack.task: Packer task: initialize from command line() 
core.pack.task: Packer task: initialize from command line() 
protocols.moves.MonteCarlo: MonteCarlo:: last_accepted_score,lowest_score: -853.558 -855.409
protocols.motifs.Motif: Res1 name is GLU
protocols.motifs.Motif: atom1 name is CH3
protocols.motifs.Motif: atom2 name is COO
protocols.motifs.Motif: atom3 name is aroC
protocols.motifs.Motif: Res1 name is TYR
protocols.motifs.Motif: atom1 name is OOC
protocols.motifs.Motif: atom2 name is Phos
protocols.motifs.Motif: atom3 name is OOC
protocols.motifs.Motif: Res1 name is THR
protocols.motifs.Motif: atom1 name is OOC
protocols.motifs.Motif: atom2 name is Phos
protocols.motifs.Motif: atom3 name is OOC
protocols.motifs.Motif: Res1 name is ARG
protocols.motifs.Motif: atom1 name is OOC
protocols.motifs.Motif: atom2 name is Phos
protocols.motifs.Motif: atom3 name is OOC
protocols.motifs.Motif: Res1 name is GLU
protocols.motifs.Motif: atom1 name is OOC
protocols.motifs.Motif: atom2 name is Phos
protocols.motifs.Motif: atom3 name is OOC
protocols.motifs.Motif: Res1 name is SER
protocols.motifs.Motif: atom1 name is OOC
protocols.motifs.Motif: atom2 name is COO
protocols.motifs.Motif: atom3 name is OOC
protocols.motifs.Motif: Res1 name is TYR
protocols.motifs.Motif: atom1 name is OOC
protocols.motifs.Motif: atom2 name is COO
protocols.motifs.Motif: atom3 name is OOC
core.pack.task: Packer task: initialize from command line() 
core.pack.task: Packer task: initialize from command line() 
core.pack.task: Packer task: initialize from command line() 
protocols.moves.MonteCarlo: MonteCarlo:: last_accepted_score,lowest_score: -849.173 -850.302
protocols.motifs.Motif: Res1 name is TYR
protocols.motifs.Motif: atom1 name is OOC
protocols.motifs.Motif: atom2 name is Phos
protocols.motifs.Motif: atom3 name is OOC
protocols.motifs.Motif: Res1 name is THR
protocols.motifs.Motif: atom1 name is OOC
protocols.motifs.Motif: atom2 name is Phos
protocols.motifs.Motif: atom3 name is OOC
protocols.motifs.Motif: Res1 name is ARG
protocols.motifs.Motif: atom1 name is OOC
protocols.motifs.Motif: atom2 name is Phos
protocols.motifs.Motif: atom3 name is OOC
core.pack.task: Packer task: initialize from command line() 
core.pack.task: Packer task: initialize from command line() 
core.pack.task: Packer task: initialize from command line() 
protocols.moves.MonteCarlo: MonteCarlo:: last_accepted_score,lowest_score: -855.175 -855.175
protocols.motifs.Motif: Res1 name is VAL
protocols.motifs.Motif: atom1 name is OOC
protocols.motifs.Motif: atom2 name is Phos
protocols.motifs.Motif: atom3 name is OOC
protocols.motifs.Motif: Res1 name is SER
protocols.motifs.Motif: atom1 name is aroC
protocols.motifs.Motif: atom2 name is CH2
protocols.motifs.Motif: atom3 name is CH1
protocols.motifs.Motif: Res1 name is GLU
protocols.motifs.Motif: atom1 name is CH3
protocols.motifs.Motif: atom2 name is COO
protocols.motifs.Motif: atom3 name is aroC
core.pack.task: Packer task: initialize from command line() 
core.pack.task: Packer task: initialize from command line() 
core.pack.task: Packer task: initialize from command line() 
protocols.moves.MonteCarlo: MonteCarlo:: last_accepted_score,lowest_score: -864.796 -864.796
protocols.motifs.Motif: Res1 name is GLU
protocols.motifs.Motif: atom1 name is OOC
protocols.motifs.Motif: atom2 name is COO
protocols.motifs.Motif: atom3 name is OOC
protocols.motifs.Motif: Res1 name is TYR
protocols.motifs.Motif: atom1 name is OOC
protocols.motifs.Motif: atom2 name is Phos
protocols.motifs.Motif: atom3 name is OOC
protocols.motifs.Motif: Res1 name is TYR
protocols.motifs.Motif: atom1 name is OOC
protocols.motifs.Motif: atom2 name is Phos
protocols.motifs.Motif: atom3 name is OOC
protocols.motifs.Motif: Res1 name is PRO
protocols.motifs.Motif: atom1 name is OOC
protocols.motifs.Motif: atom2 name is Phos
protocols.motifs.Motif: atom3 name is OOC
protocols.motifs.Motif: Res1 name is SER
protocols.motifs.Motif: atom1 name is OOC
protocols.motifs.Motif: atom2 name is COO
protocols.motifs.Motif: atom3 name is OOC
protocols.motifs.Motif: Res1 name is GLU
protocols.motifs.Motif: atom1 name is OH
protocols.motifs.Motif: atom2 name is CH2
protocols.motifs.Motif: atom3 name is Phos
protocols.motifs.Motif: Res1 name is TYR
protocols.motifs.Motif: atom1 name is OOC
protocols.motifs.Motif: atom2 name is Phos
protocols.motifs.Motif: atom3 name is OOC
core.pack.task: Packer task: initialize from command line() 
core.pack.task: Packer task: initialize from command line() 
core.pack.task: Packer task: initialize from command line() 
protocols.moves.MonteCarlo: MonteCarlo:: last_accepted_score,lowest_score: -854.208 -854.208
protocols.motifs.Motif: Res1 name is GLU
protocols.motifs.Motif: atom1 name is CH3
protocols.motifs.Motif: atom2 name is COO
protocols.motifs.Motif: atom3 name is aroC
protocols.motifs.Motif: Res1 name is TYR
protocols.motifs.Motif: atom1 name is OOC
protocols.motifs.Motif: atom2 name is COO
protocols.motifs.Motif: atom3 name is OOC
protocols.motifs.Motif: Res1 name is THR
protocols.motifs.Motif: atom1 name is OOC
protocols.motifs.Motif: atom2 name is COO
protocols.motifs.Motif: atom3 name is OOC
protocols.motifs.Motif: Res1 name is ARG
protocols.motifs.Motif: atom1 name is OOC
protocols.motifs.Motif: atom2 name is COO
protocols.motifs.Motif: atom3 name is OOC
protocols.motifs.Motif: Res1 name is GLU
protocols.motifs.Motif: atom1 name is COO
protocols.motifs.Motif: atom2 name is CH1
protocols.motifs.Motif: atom3 name is Nlys
core.pack.task: Packer task: initialize from command line() 
core.pack.task: Packer task: initialize from command line() 
core.pack.task: Packer task: initialize from command line() 
protocols.moves.MonteCarlo: MonteCarlo:: last_accepted_score,lowest_score: -848.931 -849.623
protocols.motifs.Motif: Res1 name is GLU
protocols.motifs.Motif: atom1 name is CH3
protocols.motifs.Motif: atom2 name is COO
protocols.motifs.Motif: atom3 name is aroC
protocols.motifs.Motif: Res1 name is TYR
protocols.motifs.Motif: atom1 name is OOC
protocols.motifs.Motif: atom2 name is Phos
protocols.motifs.Motif: atom3 name is OOC
protocols.motifs.Motif: Res1 name is GLU
protocols.motifs.Motif: atom1 name is COO
protocols.motifs.Motif: atom2 name is CH1
protocols.motifs.Motif: atom3 name is Nlys
core.pack.task: Packer task: initialize from command line() 
core.pack.task: Packer task: initialize from command line() 
core.pack.task: Packer task: initialize from command line() 
protocols.moves.MonteCarlo: MonteCarlo:: last_accepted_score,lowest_score: -855.741 -856.942
protocols.motifs.Motif: Res1 name is GLU
protocols.motifs.Motif: atom1 name is Nhis
protocols.motifs.Motif: atom2 name is aroC
protocols.motifs.Motif: atom3 name is OH
protocols.motifs.Motif: Res1 name is TYR
protocols.motifs.Motif: atom1 name is CH3
protocols.motifs.Motif: atom2 name is COO
protocols.motifs.Motif: atom3 name is aroC
protocols.motifs.Motif: Res1 name is VAL
protocols.motifs.Motif: atom1 name is OOC
protocols.motifs.Motif: atom2 name is COO
protocols.motifs.Motif: atom3 name is OOC
protocols.motifs.Motif: Res1 name is GLU
protocols.motifs.Motif: atom1 name is CH3
protocols.motifs.Motif: atom2 name is COO
protocols.motifs.Motif: atom3 name is aroC
core.pack.task: Packer task: initialize from command line() 
core.pack.task: Packer task: initialize from command line() 
core.pack.task: Packer task: initialize from command line() 
protocols.moves.MonteCarlo: MonteCarlo:: last_accepted_score,lowest_score: -848.174 -848.174
protocols.motifs.Motif: Res1 name is TYR
protocols.motifs.Motif: atom1 name is CH3
protocols.motifs.Motif: atom2 name is COO
protocols.motifs.Motif: atom3 name is aroC
protocols.motifs.Motif: Res1 name is ARG
protocols.motifs.Motif: atom1 name is OOC
protocols.motifs.Motif: atom2 name is Phos
protocols.motifs.Motif: atom3 name is OOC
core.pack.task: Packer task: initialize from command line() 
core.pack.task: Packer task: initialize from command line() 
core.pack.task: Packer task: initialize from command line() 
protocols.moves.MonteCarlo: MonteCarlo:: last_accepted_score,lowest_score: -846.55 -847.086
protocols.motifs.Motif: Res1 name is LYS
protocols.motifs.Motif: atom1 name is OOC
protocols.motifs.Motif: atom2 name is Phos
protocols.motifs.Motif: atom3 name is OOC
protocols.motifs.Motif: Res1 name is TYR
protocols.motifs.Motif: atom1 name is Nhis
protocols.motifs.Motif: atom2 name is aroC
protocols.motifs.Motif: atom3 name is OH
core.pack.task: Packer task: initialize from command line() 
core.pack.task: Packer task: initialize from command line() 
core.pack.task: Packer task: initialize from command line() 
protocols.moves.MonteCarlo: MonteCarlo:: last_accepted_score,lowest_score: -851.401 -851.486
protocols.motifs.Motif: Res1 name is GLU
protocols.motifs.Motif: atom1 name is OOC
protocols.motifs.Motif: atom2 name is Phos
protocols.motifs.Motif: atom3 name is OOC
protocols.motifs.Motif: Res1 name is TYR
protocols.motifs.Motif: atom1 name is CH3
protocols.motifs.Motif: atom2 name is COO
protocols.motifs.Motif: atom3 name is aroC
protocols.motifs.Motif: Res1 name is SER
protocols.motifs.Motif: atom1 name is OOC
protocols.motifs.Motif: atom2 name is Phos
protocols.motifs.Motif: atom3 name is OOC
protocols.motifs.Motif: Res1 name is GLU
protocols.motifs.Motif: atom1 name is COO
protocols.motifs.Motif: atom2 name is aroC
protocols.motifs.Motif: atom3 name is Oaro
protocols.motifs.Motif: Res1 name is SER
protocols.motifs.Motif: atom1 name is OH
protocols.motifs.Motif: atom2 name is CH2
protocols.motifs.Motif: atom3 name is Phos
core.pack.task: Packer task: initialize from command line() 
core.pack.task: Packer task: initialize from command line() 
core.pack.task: Packer task: initialize from command line() 
protocols.moves.MonteCarlo: MonteCarlo:: last_accepted_score,lowest_score: -848.095 -848.103
protocols.motifs.Motif: Res1 name is TYR
protocols.motifs.Motif: atom1 name is COO
protocols.motifs.Motif: atom2 name is aroC
protocols.motifs.Motif: atom3 name is Oaro
protocols.motifs.Motif: Res1 name is GLU
protocols.motifs.Motif: atom1 name is CH3
protocols.motifs.Motif: atom2 name is COO
protocols.motifs.Motif: atom3 name is aroC
core.pack.task: Packer task: initialize from command line() 
core.pack.task: Packer task: initialize from command line() 
core.pack.task: Packer task: initialize from command line() 
protocols.moves.MonteCarlo: MonteCarlo:: last_accepted_score,lowest_score: -849.104 -849.104
protocols.motifs.Motif: Res1 name is LYS
protocols.motifs.Motif: atom1 name is Nhis
protocols.motifs.Motif: atom2 name is aroC
protocols.motifs.Motif: atom3 name is OH
protocols.motifs.Motif: Res1 name is TYR
protocols.motifs.Motif: atom1 name is COO
protocols.motifs.Motif: atom2 name is CH1
protocols.motifs.Motif: atom3 name is Nlys
core.pack.task: Packer task: initialize from command line() 
core.pack.task: Packer task: initialize from command line() 
core.pack.task: Packer task: initialize from command line() 
protocols.moves.MonteCarlo: MonteCarlo:: last_accepted_score,lowest_score: -856.579 -856.579
protocols.motifs.Motif: Res1 name is GLU
protocols.motifs.Motif: atom1 name is OOC
protocols.motifs.Motif: atom2 name is Phos
protocols.motifs.Motif: atom3 name is OOC
protocols.motifs.Motif: Res1 name is TYR
protocols.motifs.Motif: atom1 name is OOC
protocols.motifs.Motif: atom2 name is Phos
protocols.motifs.Motif: atom3 name is OOC
protocols.motifs.Motif: Res1 name is TYR
protocols.motifs.Motif: atom1 name is CH3
protocols.motifs.Motif: atom2 name is COO
protocols.motifs.Motif: atom3 name is aroC
protocols.motifs.Motif: Res1 name is GLU
protocols.motifs.Motif: atom1 name is COO
protocols.motifs.Motif: atom2 name is aroC
protocols.motifs.Motif: atom3 name is Oaro
protocols.motifs.Motif: Res1 name is SER
protocols.motifs.Motif: atom1 name is OOC
protocols.motifs.Motif: atom2 name is Phos
protocols.motifs.Motif: atom3 name is OOC
core.pack.task: Packer task: initialize from command line() 
core.pack.task: Packer task: initialize from command line() 
core.pack.task: Packer task: initialize from command line() 
protocols.moves.MonteCarlo: MonteCarlo:: last_accepted_score,lowest_score: -864.32 -864.32
protocols.motifs.Motif: Res1 name is GLU
protocols.motifs.Motif: atom1 name is CH3
protocols.motifs.Motif: atom2 name is COO
protocols.motifs.Motif: atom3 name is aroC
protocols.motifs.Motif: Res1 name is TYR
protocols.motifs.Motif: atom1 name is OOC
protocols.motifs.Motif: atom2 name is COO
protocols.motifs.Motif: atom3 name is OOC
protocols.motifs.Motif: Res1 name is THR
protocols.motifs.Motif: atom1 name is OOC
protocols.motifs.Motif: atom2 name is COO
protocols.motifs.Motif: atom3 name is OOC
protocols.motifs.Motif: Res1 name is ARG
protocols.motifs.Motif: atom1 name is OOC
protocols.motifs.Motif: atom2 name is COO
protocols.motifs.Motif: atom3 name is OOC
protocols.motifs.Motif: Res1 name is GLU
protocols.motifs.Motif: atom1 name is COO
protocols.motifs.Motif: atom2 name is CH1
protocols.motifs.Motif: atom3 name is Nlys
protocols.motifs.Motif: Res1 name is TYR
protocols.motifs.Motif: atom1 name is COO
protocols.motifs.Motif: atom2 name is CH1
protocols.motifs.Motif: atom3 name is Nlys
core.pack.task: Packer task: initialize from command line() 
core.pack.task: Packer task: initialize from command line() 
core.pack.task: Packer task: initialize from command line() 
protocols.moves.MonteCarlo: MonteCarlo:: last_accepted_score,lowest_score: -846.743 -847.43
protocols.motifs.Motif: Res1 name is TYR
protocols.motifs.Motif: atom1 name is CH3
protocols.motifs.Motif: atom2 name is COO
protocols.motifs.Motif: atom3 name is aroC
protocols.motifs.Motif: Res1 name is THR
protocols.motifs.Motif: atom1 name is OOC
protocols.motifs.Motif: atom2 name is COO
protocols.motifs.Motif: atom3 name is OOC
protocols.motifs.Motif: Res1 name is SER
protocols.motifs.Motif: atom1 name is OOC
protocols.motifs.Motif: atom2 name is Phos
protocols.motifs.Motif: atom3 name is OOC
core.pack.task: Packer task: initialize from command line() 
core.pack.task: Packer task: initialize from command line() 
core.pack.task: Packer task: initialize from command line() 
protocols.moves.MonteCarlo: MonteCarlo:: last_accepted_score,lowest_score: -843.838 -844.342
protocols.motifs.Motif: Res1 name is GLU
protocols.motifs.Motif: atom1 name is CH3
protocols.motifs.Motif: atom2 name is COO
protocols.motifs.Motif: atom3 name is aroC
protocols.motifs.Motif: Res1 name is TYR
protocols.motifs.Motif: atom1 name is OOC
protocols.motifs.Motif: atom2 name is Phos
protocols.motifs.Motif: atom3 name is OOC
protocols.motifs.Motif: Res1 name is SER
protocols.motifs.Motif: atom1 name is CH3
protocols.motifs.Motif: atom2 name is COO
protocols.motifs.Motif: atom3 name is aroC
core.pack.task: Packer task: initialize from command line() 
core.pack.task: Packer task: initialize from command line() 
core.pack.task: Packer task: initialize from command line() 
protocols.moves.MonteCarlo: MonteCarlo:: last_accepted_score,lowest_score: -848.365 -848.75
protocols.motifs.Motif: Res1 name is GLU
protocols.motifs.Motif: atom1 name is COO
protocols.motifs.Motif: atom2 name is CH1
protocols.motifs.Motif: atom3 name is Nlys
protocols.motifs.Motif: Res1 name is LYS
protocols.motifs.Motif: atom1 name is OOC
protocols.motifs.Motif: atom2 name is Phos
protocols.motifs.Motif: atom3 name is OOC
protocols.motifs.Motif: Res1 name is TYR
protocols.motifs.Motif: atom1 name is OOC
protocols.motifs.Motif: atom2 name is Phos
protocols.motifs.Motif: atom3 name is OOC
protocols.motifs.Motif: Res1 name is GLU
protocols.motifs.Motif: atom1 name is CH3
protocols.motifs.Motif: atom2 name is COO
protocols.motifs.Motif: atom3 name is aroC
core.pack.task: Packer task: initialize from command line() 
core.pack.task: Packer task: initialize from command line() 
core.pack.task: Packer task: initialize from command line() 
protocols.moves.MonteCarlo: MonteCarlo:: last_accepted_score,lowest_score: -851.939 -851.939
protocols.motifs.Motif: Res1 name is GLU
protocols.motifs.Motif: atom1 name is CH3
protocols.motifs.Motif: atom2 name is COO
protocols.motifs.Motif: atom3 name is aroC
protocols.motifs.Motif: Res1 name is TYR
protocols.motifs.Motif: atom1 name is OOC
protocols.motifs.Motif: atom2 name is Phos
protocols.motifs.Motif: atom3 name is OOC
protocols.motifs.Motif: Res1 name is THR
protocols.motifs.Motif: atom1 name is OOC
protocols.motifs.Motif: atom2 name is Phos
protocols.motifs.Motif: atom3 name is OOC
protocols.motifs.Motif: Res1 name is ARG
protocols.motifs.Motif: atom1 name is OOC
protocols.motifs.Motif: atom2 name is Phos
protocols.motifs.Motif: atom3 name is OOC
protocols.motifs.Motif: Res1 name is GLU
protocols.motifs.Motif: atom1 name is Nhis
protocols.motifs.Motif: atom2 name is aroC
protocols.motifs.Motif: atom3 name is OH
core.pack.task: Packer task: initialize from command line() 
core.pack.task: Packer task: initialize from command line() 
core.pack.task: Packer task: initialize from command line() 
protocols.moves.MonteCarlo: MonteCarlo:: last_accepted_score,lowest_score: -848.602 -848.602
protocols.motifs.Motif: Res1 name is GLU
protocols.motifs.Motif: atom1 name is OOC
protocols.motifs.Motif: atom2 name is Phos
protocols.motifs.Motif: atom3 name is OOC
protocols.motifs.Motif: Res1 name is VAL
protocols.motifs.Motif: atom1 name is OOC
protocols.motifs.Motif: atom2 name is COO
protocols.motifs.Motif: atom3 name is OOC
core.pack.task: Packer task: initialize from command line() 
core.pack.task: Packer task: initialize from command line() 
core.pack.task: Packer task: initialize from command line() 
protocols.moves.MonteCarlo: MonteCarlo:: last_accepted_score,lowest_score: -849.146 -850.611
protocols.motifs.Motif: Res1 name is LYS
protocols.motifs.Motif: atom1 name is OOC
protocols.motifs.Motif: atom2 name is Phos
protocols.motifs.Motif: atom3 name is OOC
protocols.motifs.Motif: Res1 name is TYR
protocols.motifs.Motif: atom1 name is OOC
protocols.motifs.Motif: atom2 name is Phos
protocols.motifs.Motif: atom3 name is OOC
protocols.motifs.Motif: Res1 name is ARG
protocols.motifs.Motif: atom1 name is aroC
protocols.motifs.Motif: atom2 name is CH2
protocols.motifs.Motif: atom3 name is CH1
protocols.motifs.Motif: Res1 name is GLU
protocols.motifs.Motif: atom1 name is CH3
protocols.motifs.Motif: atom2 name is COO
protocols.motifs.Motif: atom3 name is aroC
core.pack.task: Packer task: initialize from command line() 
core.pack.task: Packer task: initialize from command line() 
core.pack.task: Packer task: initialize from command line() 
protocols.moves.MonteCarlo: MonteCarlo:: last_accepted_score,lowest_score: -849.418 -849.418
protocols.motifs.Motif: Res1 name is TYR
protocols.motifs.Motif: atom1 name is OOC
protocols.motifs.Motif: atom2 name is Phos
protocols.motifs.Motif: atom3 name is OOC
core.pack.task: Packer task: initialize from command line() 
core.pack.task: Packer task: initialize from command line() 
core.pack.task: Packer task: initialize from command line() 
protocols.moves.MonteCarlo: MonteCarlo:: last_accepted_score,lowest_score: -864.244 -864.244
protocols.motifs.Motif: Res1 name is GLU
protocols.motifs.Motif: atom1 name is OOC
protocols.motifs.Motif: atom2 name is COO
protocols.motifs.Motif: atom3 name is OOC
protocols.motifs.Motif: Res1 name is TYR
protocols.motifs.Motif: atom1 name is OOC
protocols.motifs.Motif: atom2 name is Phos
protocols.motifs.Motif: atom3 name is OOC
protocols.motifs.Motif: Res1 name is TYR
protocols.motifs.Motif: atom1 name is CH3
protocols.motifs.Motif: atom2 name is COO
protocols.motifs.Motif: atom3 name is aroC
protocols.motifs.Motif: Res1 name is GLU
protocols.motifs.Motif: atom1 name is COO
protocols.motifs.Motif: atom2 name is aroC
protocols.motifs.Motif: atom3 name is Oaro
protocols.motifs.Motif: Res1 name is SER
protocols.motifs.Motif: atom1 name is OOC
protocols.motifs.Motif: atom2 name is Phos
protocols.motifs.Motif: atom3 name is OOC
core.pack.task: Packer task: initialize from command line() 
core.pack.task: Packer task: initialize from command line() 
core.pack.task: Packer task: initialize from command line() 
protocols.moves.MonteCarlo: MonteCarlo:: last_accepted_score,lowest_score: -860.265 -860.386
protocols.motifs.Motif: Res1 name is GLU
protocols.motifs.Motif: atom1 name is CH3
protocols.motifs.Motif: atom2 name is COO
protocols.motifs.Motif: atom3 name is aroC
protocols.motifs.Motif: Res1 name is TYR
protocols.motifs.Motif: atom1 name is CH3
protocols.motifs.Motif: atom2 name is COO
protocols.motifs.Motif: atom3 name is aroC
protocols.motifs.Motif: Res1 name is GLU
protocols.motifs.Motif: atom1 name is CH3
protocols.motifs.Motif: atom2 name is COO
protocols.motifs.Motif: atom3 name is aroC
core.pack.task: Packer task: initialize from command line() 
core.pack.task: Packer task: initialize from command line() 
core.pack.task: Packer task: initialize from command line() 
protocols.moves.MonteCarlo: MonteCarlo:: last_accepted_score,lowest_score: -862.994 -862.994
protocols.motifs.Motif: Res1 name is GLU
protocols.motifs.Motif: atom1 name is CH3
protocols.motifs.Motif: atom2 name is COO
protocols.motifs.Motif: atom3 name is aroC
protocols.motifs.Motif: Res1 name is TYR
protocols.motifs.Motif: atom1 name is CH3
protocols.motifs.Motif: atom2 name is COO
protocols.motifs.Motif: atom3 name is aroC
protocols.motifs.Motif: Res1 name is TYR
protocols.motifs.Motif: atom1 name is CH3
protocols.motifs.Motif: atom2 name is COO
protocols.motifs.Motif: atom3 name is aroC
protocols.motifs.Motif: Res1 name is PRO
protocols.motifs.Motif: atom1 name is CH3
protocols.motifs.Motif: atom2 name is COO
protocols.motifs.Motif: atom3 name is aroC
protocols.motifs.Motif: Res1 name is VAL
protocols.motifs.Motif: atom1 name is OOC
protocols.motifs.Motif: atom2 name is Phos
protocols.motifs.Motif: atom3 name is OOC
protocols.motifs.Motif: Res1 name is SER
protocols.motifs.Motif: atom1 name is OOC
protocols.motifs.Motif: atom2 name is Phos
protocols.motifs.Motif: atom3 name is OOC
protocols.motifs.Motif: Res1 name is GLU
protocols.motifs.Motif: atom1 name is COO
protocols.motifs.Motif: atom2 name is CH1
protocols.motifs.Motif: atom3 name is Nlys
protocols.motifs.Motif: Res1 name is TYR
protocols.motifs.Motif: atom1 name is CH3
protocols.motifs.Motif: atom2 name is COO
protocols.motifs.Motif: atom3 name is aroC
core.pack.task: Packer task: initialize from command line() 
core.pack.task: Packer task: initialize from command line() 
core.pack.task: Packer task: initialize from command line() 
protocols.moves.MonteCarlo: MonteCarlo:: last_accepted_score,lowest_score: -864.257 -864.257
protocols.motifs.Motif: Res1 name is GLU
protocols.motifs.Motif: atom1 name is OOC
protocols.motifs.Motif: atom2 name is COO
protocols.motifs.Motif: atom3 name is OOC
protocols.motifs.Motif: Res1 name is TYR
protocols.motifs.Motif: atom1 name is OOC
protocols.motifs.Motif: atom2 name is Phos
protocols.motifs.Motif: atom3 name is OOC
protocols.motifs.Motif: Res1 name is TYR
protocols.motifs.Motif: atom1 name is OOC
protocols.motifs.Motif: atom2 name is Phos
protocols.motifs.Motif: atom3 name is OOC
protocols.motifs.Motif: Res1 name is PRO
protocols.motifs.Motif: atom1 name is OOC
protocols.motifs.Motif: atom2 name is Phos
protocols.motifs.Motif: atom3 name is OOC
protocols.motifs.Motif: Res1 name is GLU
protocols.motifs.Motif: atom1 name is OH
protocols.motifs.Motif: atom2 name is CH2
protocols.motifs.Motif: atom3 name is Phos
protocols.motifs.Motif: Res1 name is TYR
protocols.motifs.Motif: atom1 name is OOC
protocols.motifs.Motif: atom2 name is Phos
protocols.motifs.Motif: atom3 name is OOC
core.pack.task: Packer task: initialize from command line() 
core.pack.task: Packer task: initialize from command line() 
core.pack.task: Packer task: initialize from command line() 
protocols.moves.MonteCarlo: MonteCarlo:: last_accepted_score,lowest_score: -860.869 -860.869
protocols.motifs.Motif: Res1 name is GLU
protocols.motifs.Motif: atom1 name is OOC
protocols.motifs.Motif: atom2 name is Phos
protocols.motifs.Motif: atom3 name is OOC
protocols.motifs.Motif: Res1 name is TYR
protocols.motifs.Motif: atom1 name is COO
protocols.motifs.Motif: atom2 name is CH1
protocols.motifs.Motif: atom3 name is Nlys
protocols.motifs.Motif: Res1 name is GLU
protocols.motifs.Motif: atom1 name is CH3
protocols.motifs.Motif: atom2 name is COO
protocols.motifs.Motif: atom3 name is aroC
core.pack.task: Packer task: initialize from command line() 
core.pack.task: Packer task: initialize from command line() 
core.pack.task: Packer task: initialize from command line() 
protocols.moves.MonteCarlo: MonteCarlo:: last_accepted_score,lowest_score: -847.367 -847.649
protocols.motifs.Motif: Res1 name is LYS
protocols.motifs.Motif: atom1 name is CH3
protocols.motifs.Motif: atom2 name is COO
protocols.motifs.Motif: atom3 name is aroC
protocols.motifs.Motif: Res1 name is TYR
protocols.motifs.Motif: atom1 name is CH3
protocols.motifs.Motif: atom2 name is COO
protocols.motifs.Motif: atom3 name is aroC
protocols.motifs.Motif: Res1 name is SER
protocols.motifs.Motif: atom1 name is OOC
protocols.motifs.Motif: atom2 name is Phos
protocols.motifs.Motif: atom3 name is OOC
core.pack.task: Packer task: initialize from command line() 
core.pack.task: Packer task: initialize from command line() 
core.pack.task: Packer task: initialize from command line() 
protocols.moves.MonteCarlo: MonteCarlo:: last_accepted_score,lowest_score: -861.24 -862.001
protocols.motifs.Motif: Res1 name is GLU
protocols.motifs.Motif: atom1 name is OH
protocols.motifs.Motif: atom2 name is CH2
protocols.motifs.Motif: atom3 name is Phos
protocols.motifs.Motif: Res1 name is TYR
protocols.motifs.Motif: atom1 name is COO
protocols.motifs.Motif: atom2 name is aroC
protocols.motifs.Motif: atom3 name is Oaro
protocols.motifs.Motif: Res1 name is TYR
protocols.motifs.Motif: atom1 name is CH3
protocols.motifs.Motif: atom2 name is COO
protocols.motifs.Motif: atom3 name is aroC
protocols.motifs.Motif: Res1 name is SER
protocols.motifs.Motif: atom1 name is OOC
protocols.motifs.Motif: atom2 name is COO
protocols.motifs.Motif: atom3 name is OOC
protocols.motifs.Motif: Res1 name is GLU
protocols.motifs.Motif: atom1 name is CH3
protocols.motifs.Motif: atom2 name is COO
protocols.motifs.Motif: atom3 name is aroC
protocols.motifs.Motif: Res1 name is SER
protocols.motifs.Motif: atom1 name is CH3
protocols.motifs.Motif: atom2 name is COO
protocols.motifs.Motif: atom3 name is aroC
core.pack.task: Packer task: initialize from command line() 
core.pack.task: Packer task: initialize from command line() 
core.pack.task: Packer task: initialize from command line() 
protocols.moves.MonteCarlo: MonteCarlo:: last_accepted_score,lowest_score: -848.295 -848.57
protocols.motifs.Motif: Res1 name is TYR
protocols.motifs.Motif: atom1 name is COO
protocols.motifs.Motif: atom2 name is CH1
protocols.motifs.Motif: atom3 name is Nlys
protocols.motifs.Motif: Res1 name is GLU
protocols.motifs.Motif: atom1 name is OOC
protocols.motifs.Motif: atom2 name is Phos
protocols.motifs.Motif: atom3 name is OOC
core.pack.task: Packer task: initialize from command line() 
core.pack.task: Packer task: initialize from command line() 
core.pack.task: Packer task: initialize from command line() 
protocols.moves.MonteCarlo: MonteCarlo:: last_accepted_score,lowest_score: -851.113 -851.113
protocols.motifs.Motif: Res1 name is TYR
protocols.motifs.Motif: atom1 name is OOC
protocols.motifs.Motif: atom2 name is Phos
protocols.motifs.Motif: atom3 name is OOC
protocols.motifs.Motif: Res1 name is ARG
protocols.motifs.Motif: atom1 name is OOC
protocols.motifs.Motif: atom2 name is Phos
protocols.motifs.Motif: atom3 name is OOC
protocols.motifs.Motif: Res1 name is GLU
protocols.motifs.Motif: atom1 name is OOC
protocols.motifs.Motif: atom2 name is COO
protocols.motifs.Motif: atom3 name is OOC
core.pack.task: Packer task: initialize from command line() 
core.pack.task: Packer task: initialize from command line() 
core.pack.task: Packer task: initialize from command line() 
protocols.moves.MonteCarlo: MonteCarlo:: last_accepted_score,lowest_score: -857.016 -857.016
protocols.motifs.Motif: Res1 name is GLU
protocols.motifs.Motif: atom1 name is OOC
protocols.motifs.Motif: atom2 name is Phos
protocols.motifs.Motif: atom3 name is OOC
protocols.motifs.Motif: Res1 name is TYR
protocols.motifs.Motif: atom1 name is CH3
protocols.motifs.Motif: atom2 name is COO
protocols.motifs.Motif: atom3 name is aroC
protocols.motifs.Motif: Res1 name is THR
protocols.motifs.Motif: atom1 name is CH3
protocols.motifs.Motif: atom2 name is COO
protocols.motifs.Motif: atom3 name is aroC
protocols.motifs.Motif: Res1 name is GLU
protocols.motifs.Motif: atom1 name is CH3
protocols.motifs.Motif: atom2 name is COO
protocols.motifs.Motif: atom3 name is aroC
core.pack.task: Packer task: initialize from command line() 
core.pack.task: Packer task: initialize from command line() 
core.pack.task: Packer task: initialize from command line() 
protocols.moves.MonteCarlo: MonteCarlo:: last_accepted_score,lowest_score: -83.1782 -83.1782
protocols.motifs.Motif: Res1 name is GLU
protocols.motifs.Motif: atom1 name is OOC
protocols.motifs.Motif: atom2 name is Phos
protocols.motifs.Motif: atom3 name is OOC
protocols.motifs.Motif: Res1 name is TYR
protocols.motifs.Motif: atom1 name is OOC
protocols.motifs.Motif: atom2 name is Phos
protocols.motifs.Motif: atom3 name is OOC
protocols.motifs.Motif: Res1 name is TYR
protocols.motifs.Motif: atom1 name is Nhis
protocols.motifs.Motif: atom2 name is aroC
protocols.motifs.Motif: atom3 name is OH
protocols.motifs.Motif: Res1 name is PRO
protocols.motifs.Motif: atom1 name is COO
protocols.motifs.Motif: atom2 name is aroC
protocols.motifs.Motif: atom3 name is Oaro
protocols.motifs.Motif: Res1 name is GLU
protocols.motifs.Motif: atom1 name is CH3
protocols.motifs.Motif: atom2 name is COO
protocols.motifs.Motif: atom3 name is aroC
core.pack.task: Packer task: initialize from command line() 
core.pack.task: Packer task: initialize from command line() 
core.pack.task: Packer task: initialize from command line() 
protocols.moves.MonteCarlo: MonteCarlo:: last_accepted_score,lowest_score: -860.43 -860.43
protocols.motifs.Motif: Res1 name is TYR
protocols.motifs.Motif: atom1 name is COO
protocols.motifs.Motif: atom2 name is CH1
protocols.motifs.Motif: atom3 name is Nlys
protocols.motifs.Motif: Res1 name is THR
protocols.motifs.Motif: atom1 name is OOC
protocols.motifs.Motif: atom2 name is Phos
protocols.motifs.Motif: atom3 name is OOC
core.pack.task: Packer task: initialize from command line() 
core.pack.task: Packer task: initialize from command line() 
core.pack.task: Packer task: initialize from command line() 
protocols.moves.MonteCarlo: MonteCarlo:: last_accepted_score,lowest_score: -847.155 -847.155
protocols.motifs.Motif: Res1 name is TYR
protocols.motifs.Motif: atom1 name is COO
protocols.motifs.Motif: atom2 name is CH1
protocols.motifs.Motif: atom3 name is Nlys
protocols.motifs.Motif: Res1 name is GLU
protocols.motifs.Motif: atom1 name is OOC
protocols.motifs.Motif: atom2 name is COO
protocols.motifs.Motif: atom3 name is OOC
core.pack.task: Packer task: initialize from command line() 
core.pack.task: Packer task: initialize from command line() 
core.pack.task: Packer task: initialize from command line() 
protocols.moves.MonteCarlo: MonteCarlo:: last_accepted_score,lowest_score: -845.379 -846.429
protocols.motifs.Motif: Res1 name is LYS
protocols.motifs.Motif: atom1 name is CH3
protocols.motifs.Motif: atom2 name is COO
protocols.motifs.Motif: atom3 name is aroC
protocols.motifs.Motif: Res1 name is SER
protocols.motifs.Motif: atom1 name is OOC
protocols.motifs.Motif: atom2 name is Phos
protocols.motifs.Motif: atom3 name is OOC
core.pack.task: Packer task: initialize from command line() 
core.pack.task: Packer task: initialize from command line() 
core.pack.task: Packer task: initialize from command line() 
protocols.moves.MonteCarlo: MonteCarlo:: last_accepted_score,lowest_score: -852.164 -852.164
protocols.motifs.Motif: Res1 name is TYR
protocols.motifs.Motif: atom1 name is CH3
protocols.motifs.Motif: atom2 name is COO
protocols.motifs.Motif: atom3 name is aroC
protocols.motifs.Motif: Res1 name is THR
protocols.motifs.Motif: atom1 name is CH3
protocols.motifs.Motif: atom2 name is COO
protocols.motifs.Motif: atom3 name is aroC
protocols.motifs.Motif: Res1 name is SER
protocols.motifs.Motif: atom1 name is OOC
protocols.motifs.Motif: atom2 name is Phos
protocols.motifs.Motif: atom3 name is OOC
protocols.motifs.Motif: Res1 name is GLU
protocols.motifs.Motif: atom1 name is COO
protocols.motifs.Motif: atom2 name is CH1
protocols.motifs.Motif: atom3 name is Nlys
core.pack.task: Packer task: initialize from command line() 
core.pack.task: Packer task: initialize from command line() 
core.pack.task: Packer task: initialize from command line() 
protocols.moves.MonteCarlo: MonteCarlo:: last_accepted_score,lowest_score: -846.449 -846.67
protocols.motifs.Motif: Res1 name is TYR
protocols.motifs.Motif: atom1 name is aroC
protocols.motifs.Motif: atom2 name is CH2
protocols.motifs.Motif: atom3 name is CH1
protocols.motifs.Motif: Res1 name is GLU
protocols.motifs.Motif: atom1 name is CH3
protocols.motifs.Motif: atom2 name is COO
protocols.motifs.Motif: atom3 name is aroC
core.pack.task: Packer task: initialize from command line() 
core.pack.task: Packer task: initialize from command line() 
core.pack.task: Packer task: initialize from command line() 
protocols.moves.MonteCarlo: MonteCarlo:: last_accepted_score,lowest_score: -853.023 -853.561
protocols.motifs.Motif: Res1 name is TYR
protocols.motifs.Motif: atom1 name is OOC
protocols.motifs.Motif: atom2 name is COO
protocols.motifs.Motif: atom3 name is OOC
protocols.motifs.Motif: Res1 name is THR
protocols.motifs.Motif: atom1 name is OOC
protocols.motifs.Motif: atom2 name is COO
protocols.motifs.Motif: atom3 name is OOC
protocols.motifs.Motif: Res1 name is ARG
protocols.motifs.Motif: atom1 name is OOC
protocols.motifs.Motif: atom2 name is Phos
protocols.motifs.Motif: atom3 name is OOC
protocols.motifs.Motif: Res1 name is GLU
protocols.motifs.Motif: atom1 name is COO
protocols.motifs.Motif: atom2 name is CH1
protocols.motifs.Motif: atom3 name is Nlys
core.pack.task: Packer task: initialize from command line() 
core.pack.task: Packer task: initialize from command line() 
core.pack.task: Packer task: initialize from command line() 
protocols.moves.MonteCarlo: MonteCarlo:: last_accepted_score,lowest_score: -846.499 -846.967
protocols.motifs.Motif: Res1 name is GLU
protocols.motifs.Motif: atom1 name is OOC
protocols.motifs.Motif: atom2 name is Phos
protocols.motifs.Motif: atom3 name is OOC
protocols.motifs.Motif: Res1 name is TYR
protocols.motifs.Motif: atom1 name is Nhis
protocols.motifs.Motif: atom2 name is aroC
protocols.motifs.Motif: atom3 name is OH
core.pack.task: Packer task: initialize from command line() 
core.pack.task: Packer task: initialize from command line() 
core.pack.task: Packer task: initialize from command line() 
protocols.moves.MonteCarlo: MonteCarlo:: last_accepted_score,lowest_score: -846.869 -847.109
protocols.motifs.Motif: Res1 name is LYS
protocols.motifs.Motif: atom1 name is OOC
protocols.motifs.Motif: atom2 name is Phos
protocols.motifs.Motif: atom3 name is OOC
protocols.motifs.Motif: Res1 name is TYR
protocols.motifs.Motif: atom1 name is COO
protocols.motifs.Motif: atom2 name is CH1
protocols.motifs.Motif: atom3 name is Nlys
core.pack.task: Packer task: initialize from command line() 
core.pack.task: Packer task: initialize from command line() 
core.pack.task: Packer task: initialize from command line() 
protocols.moves.MonteCarlo: MonteCarlo:: last_accepted_score,lowest_score: -846.452 -848.32
protocols.motifs.Motif: Res1 name is LYS
protocols.motifs.Motif: atom1 name is OOC
protocols.motifs.Motif: atom2 name is Phos
protocols.motifs.Motif: atom3 name is OOC
protocols.motifs.Motif: Res1 name is TYR
protocols.motifs.Motif: atom1 name is Nhis
protocols.motifs.Motif: atom2 name is aroC
protocols.motifs.Motif: atom3 name is OH
protocols.motifs.Motif: Res1 name is GLU
protocols.motifs.Motif: atom1 name is CH3
protocols.motifs.Motif: atom2 name is COO
protocols.motifs.Motif: atom3 name is aroC
core.pack.task: Packer task: initialize from command line() 
core.pack.task: Packer task: initialize from command line() 
core.pack.task: Packer task: initialize from command line() 
protocols.moves.MonteCarlo: MonteCarlo:: last_accepted_score,lowest_score: -848.015 -848.015
protocols.motifs.Motif: Res1 name is TYR
protocols.motifs.Motif: atom1 name is COO
protocols.motifs.Motif: atom2 name is aroC
protocols.motifs.Motif: atom3 name is Oaro
protocols.motifs.Motif: Res1 name is GLU
protocols.motifs.Motif: atom1 name is CH3
protocols.motifs.Motif: atom2 name is COO
protocols.motifs.Motif: atom3 name is aroC
core.pack.task: Packer task: initialize from command line() 
core.pack.task: Packer task: initialize from command line() 
core.pack.task: Packer task: initialize from command line() 
protocols.moves.MonteCarlo: MonteCarlo:: last_accepted_score,lowest_score: -848.738 -849.291
protocols.motifs.Motif: Res1 name is GLU
protocols.motifs.Motif: atom1 name is CH3
protocols.motifs.Motif: atom2 name is COO
protocols.motifs.Motif: atom3 name is aroC
protocols.motifs.Motif: Res1 name is TYR
protocols.motifs.Motif: atom1 name is CH3
protocols.motifs.Motif: atom2 name is COO
protocols.motifs.Motif: atom3 name is aroC
protocols.motifs.Motif: Res1 name is GLU
protocols.motifs.Motif: atom1 name is CH3
protocols.motifs.Motif: atom2 name is COO
protocols.motifs.Motif: atom3 name is aroC
core.pack.task: Packer task: initialize from command line() 
core.pack.task: Packer task: initialize from command line() 
core.pack.task: Packer task: initialize from command line() 
protocols.moves.MonteCarlo: MonteCarlo:: last_accepted_score,lowest_score: -848.764 -848.969
protocols.motifs.Motif: Res1 name is LYS
protocols.motifs.Motif: atom1 name is CH3
protocols.motifs.Motif: atom2 name is COO
protocols.motifs.Motif: atom3 name is aroC
protocols.motifs.Motif: Res1 name is THR
protocols.motifs.Motif: atom1 name is OOC
protocols.motifs.Motif: atom2 name is Phos
protocols.motifs.Motif: atom3 name is OOC
protocols.motifs.Motif: Res1 name is GLU
protocols.motifs.Motif: atom1 name is OOC
protocols.motifs.Motif: atom2 name is Phos
protocols.motifs.Motif: atom3 name is OOC
core.pack.task: Packer task: initialize from command line() 
core.pack.task: Packer task: initialize from command line() 
core.pack.task: Packer task: initialize from command line() 
protocols.moves.MonteCarlo: MonteCarlo:: last_accepted_score,lowest_score: -849.33 -849.33
protocols.motifs.Motif: Res1 name is GLU
protocols.motifs.Motif: atom1 name is OOC
protocols.motifs.Motif: atom2 name is Phos
protocols.motifs.Motif: atom3 name is OOC
protocols.motifs.Motif: Res1 name is TYR
protocols.motifs.Motif: atom1 name is CH3
protocols.motifs.Motif: atom2 name is COO
protocols.motifs.Motif: atom3 name is aroC
protocols.motifs.Motif: Res1 name is ARG
protocols.motifs.Motif: atom1 name is CH3
protocols.motifs.Motif: atom2 name is COO
protocols.motifs.Motif: atom3 name is aroC
protocols.motifs.Motif: Res1 name is GLU
protocols.motifs.Motif: atom1 name is COO
protocols.motifs.Motif: atom2 name is aroC
protocols.motifs.Motif: atom3 name is Oaro
core.pack.task: Packer task: initialize from command line() 
core.pack.task: Packer task: initialize from command line() 
core.pack.task: Packer task: initialize from command line() 
protocols.moves.MonteCarlo: MonteCarlo:: last_accepted_score,lowest_score: -861.134 -862.106
protocols.motifs.Motif: Res1 name is GLU
protocols.motifs.Motif: atom1 name is CH3
protocols.motifs.Motif: atom2 name is COO
protocols.motifs.Motif: atom3 name is aroC
protocols.motifs.Motif: Res1 name is TYR
protocols.motifs.Motif: atom1 name is CH3
protocols.motifs.Motif: atom2 name is COO
protocols.motifs.Motif: atom3 name is aroC
protocols.motifs.Motif: Res1 name is THR
protocols.motifs.Motif: atom1 name is OH
protocols.motifs.Motif: atom2 name is CH2
protocols.motifs.Motif: atom3 name is Phos
protocols.motifs.Motif: Res1 name is ARG
protocols.motifs.Motif: atom1 name is OOC
protocols.motifs.Motif: atom2 name is Phos
protocols.motifs.Motif: atom3 name is OOC
protocols.motifs.Motif: Res1 name is GLU
protocols.motifs.Motif: atom1 name is COO
protocols.motifs.Motif: atom2 name is aroC
protocols.motifs.Motif: atom3 name is Oaro
protocols.motifs.Motif: Res1 name is TYR
protocols.motifs.Motif: atom1 name is CH3
protocols.motifs.Motif: atom2 name is COO
protocols.motifs.Motif: atom3 name is aroC
core.pack.task: Packer task: initialize from command line() 
core.pack.task: Packer task: initialize from command line() 
core.pack.task: Packer task: initialize from command line() 
protocols.moves.MonteCarlo: MonteCarlo:: last_accepted_score,lowest_score: -846.757 -846.757
protocols.motifs.Motif: Res1 name is GLU
protocols.motifs.Motif: atom1 name is CH3
protocols.motifs.Motif: atom2 name is COO
protocols.motifs.Motif: atom3 name is aroC
protocols.motifs.Motif: Res1 name is TYR
protocols.motifs.Motif: atom1 name is COO
protocols.motifs.Motif: atom2 name is CH1
protocols.motifs.Motif: atom3 name is Nlys
protocols.motifs.Motif: Res1 name is ARG
protocols.motifs.Motif: atom1 name is OOC
protocols.motifs.Motif: atom2 name is Phos
protocols.motifs.Motif: atom3 name is OOC
core.pack.task: Packer task: initialize from command line() 
core.pack.task: Packer task: initialize from command line() 
core.pack.task: Packer task: initialize from command line() 
protocols.moves.MonteCarlo: MonteCarlo:: last_accepted_score,lowest_score: -853.092 -853.45
protocols.motifs.Motif: Res1 name is GLU
protocols.motifs.Motif: atom1 name is OOC
protocols.motifs.Motif: atom2 name is Phos
protocols.motifs.Motif: atom3 name is OOC
protocols.motifs.Motif: Res1 name is TYR
protocols.motifs.Motif: atom1 name is OOC
protocols.motifs.Motif: atom2 name is Phos
protocols.motifs.Motif: atom3 name is OOC
protocols.motifs.Motif: Res1 name is TYR
protocols.motifs.Motif: atom1 name is OH
protocols.motifs.Motif: atom2 name is CH2
protocols.motifs.Motif: atom3 name is Phos
protocols.motifs.Motif: Res1 name is ARG
protocols.motifs.Motif: atom1 name is CH3
protocols.motifs.Motif: atom2 name is COO
protocols.motifs.Motif: atom3 name is aroC
protocols.motifs.Motif: Res1 name is GLU
protocols.motifs.Motif: atom1 name is COO
protocols.motifs.Motif: atom2 name is CH1
protocols.motifs.Motif: atom3 name is Nlys
core.pack.task: Packer task: initialize from command line() 
core.pack.task: Packer task: initialize from command line() 
core.pack.task: Packer task: initialize from command line() 
protocols.moves.MonteCarlo: MonteCarlo:: last_accepted_score,lowest_score: -851.495 -851.495
protocols.motifs.Motif: Res1 name is TYR
protocols.motifs.Motif: atom1 name is OOC
protocols.motifs.Motif: atom2 name is COO
protocols.motifs.Motif: atom3 name is OOC
protocols.motifs.Motif: Res1 name is SER
protocols.motifs.Motif: atom1 name is OOC
protocols.motifs.Motif: atom2 name is Phos
protocols.motifs.Motif: atom3 name is OOC
protocols.motifs.Motif: Res1 name is MET
protocols.motifs.Motif: atom1 name is OOC
protocols.motifs.Motif: atom2 name is Phos
protocols.motifs.Motif: atom3 name is OOC
protocols.motifs.Motif: Res1 name is SER
protocols.motifs.Motif: atom1 name is OOC
protocols.motifs.Motif: atom2 name is Phos
protocols.motifs.Motif: atom3 name is OOC
core.pack.task: Packer task: initialize from command line() 
core.pack.task: Packer task: initialize from command line() 
core.pack.task: Packer task: initialize from command line() 
protocols.moves.MonteCarlo: MonteCarlo:: last_accepted_score,lowest_score: -860.859 -860.859
protocols.motifs.Motif: Res1 name is GLU
protocols.motifs.Motif: atom1 name is CH3
protocols.motifs.Motif: atom2 name is COO
protocols.motifs.Motif: atom3 name is aroC
protocols.motifs.Motif: Res1 name is TYR
protocols.motifs.Motif: atom1 name is OOC
protocols.motifs.Motif: atom2 name is COO
protocols.motifs.Motif: atom3 name is OOC
protocols.motifs.Motif: Res1 name is SER
protocols.motifs.Motif: atom1 name is OOC
protocols.motifs.Motif: atom2 name is Phos
protocols.motifs.Motif: atom3 name is OOC
protocols.motifs.Motif: Res1 name is SER
protocols.motifs.Motif: atom1 name is CH3
protocols.motifs.Motif: atom2 name is COO
protocols.motifs.Motif: atom3 name is aroC
protocols.motifs.Motif: Res1 name is GLU
protocols.motifs.Motif: atom1 name is COO
protocols.motifs.Motif: atom2 name is CH1
protocols.motifs.Motif: atom3 name is Nlys
protocols.motifs.Motif: Res1 name is TYR
protocols.motifs.Motif: atom1 name is OOC
protocols.motifs.Motif: atom2 name is COO
protocols.motifs.Motif: atom3 name is OOC
core.pack.task: Packer task: initialize from command line() 
core.pack.task: Packer task: initialize from command line() 
core.pack.task: Packer task: initialize from command line() 
protocols.moves.MonteCarlo: MonteCarlo:: last_accepted_score,lowest_score: -854.27 -854.27
protocols.motifs.Motif: Res1 name is GLU
protocols.motifs.Motif: atom1 name is OOC
protocols.motifs.Motif: atom2 name is Phos
protocols.motifs.Motif: atom3 name is OOC
protocols.motifs.Motif: Res1 name is TYR
protocols.motifs.Motif: atom1 name is OOC
protocols.motifs.Motif: atom2 name is Phos
protocols.motifs.Motif: atom3 name is OOC
protocols.motifs.Motif: Res1 name is TYR
protocols.motifs.Motif: atom1 name is OOC
protocols.motifs.Motif: atom2 name is Phos
protocols.motifs.Motif: atom3 name is OOC
protocols.motifs.Motif: Res1 name is PRO
protocols.motifs.Motif: atom1 name is OOC
protocols.motifs.Motif: atom2 name is Phos
protocols.motifs.Motif: atom3 name is OOC
protocols.motifs.Motif: Res1 name is ARG
protocols.motifs.Motif: atom1 name is OOC
protocols.motifs.Motif: atom2 name is COO
protocols.motifs.Motif: atom3 name is OOC
protocols.motifs.Motif: Res1 name is GLU
protocols.motifs.Motif: atom1 name is OOC
protocols.motifs.Motif: atom2 name is Phos
protocols.motifs.Motif: atom3 name is OOC
protocols.motifs.Motif: Res1 name is TYR
protocols.motifs.Motif: atom1 name is OOC
protocols.motifs.Motif: atom2 name is Phos
protocols.motifs.Motif: atom3 name is OOC
core.pack.task: Packer task: initialize from command line() 
core.pack.task: Packer task: initialize from command line() 
core.pack.task: Packer task: initialize from command line() 
protocols.moves.MonteCarlo: MonteCarlo:: last_accepted_score,lowest_score: -854.367 -854.451
protocols.motifs.Motif: Res1 name is TYR
protocols.motifs.Motif: atom1 name is OOC
protocols.motifs.Motif: atom2 name is COO
protocols.motifs.Motif: atom3 name is OOC
protocols.motifs.Motif: Res1 name is GLU
protocols.motifs.Motif: atom1 name is OOC
protocols.motifs.Motif: atom2 name is Phos
protocols.motifs.Motif: atom3 name is OOC
core.pack.task: Packer task: initialize from command line() 
core.pack.task: Packer task: initialize from command line() 
core.pack.task: Packer task: initialize from command line() 
protocols.moves.MonteCarlo: MonteCarlo:: last_accepted_score,lowest_score: -220.467 -220.467
protocols.motifs.Motif: Res1 name is GLU
protocols.motifs.Motif: atom1 name is OH
protocols.motifs.Motif: atom2 name is CH2
protocols.motifs.Motif: atom3 name is Phos
protocols.motifs.Motif: Res1 name is TYR
protocols.motifs.Motif: atom1 name is CH3
protocols.motifs.Motif: atom2 name is COO
protocols.motifs.Motif: atom3 name is aroC
protocols.motifs.Motif: Res1 name is TYR
protocols.motifs.Motif: atom1 name is OOC
protocols.motifs.Motif: atom2 name is Phos
protocols.motifs.Motif: atom3 name is OOC
protocols.motifs.Motif: Res1 name is PRO
protocols.motifs.Motif: atom1 name is OOC
protocols.motifs.Motif: atom2 name is COO
protocols.motifs.Motif: atom3 name is OOC
protocols.motifs.Motif: Res1 name is GLU
protocols.motifs.Motif: atom1 name is COO
protocols.motifs.Motif: atom2 name is CH1
protocols.motifs.Motif: atom3 name is Nlys
protocols.motifs.Motif: Res1 name is THR
protocols.motifs.Motif: atom1 name is CH3
protocols.motifs.Motif: atom2 name is COO
protocols.motifs.Motif: atom3 name is aroC
protocols.motifs.Motif: Res1 name is SER
protocols.motifs.Motif: atom1 name is CH3
protocols.motifs.Motif: atom2 name is COO
protocols.motifs.Motif: atom3 name is aroC
protocols.motifs.Motif: Res1 name is TYR
protocols.motifs.Motif: atom1 name is CH3
protocols.motifs.Motif: atom2 name is COO
protocols.motifs.Motif: atom3 name is aroC
core.pack.task: Packer task: initialize from command line() 
core.pack.task: Packer task: initialize from command line() 
core.pack.task: Packer task: initialize from command line() 
protocols.moves.MonteCarlo: MonteCarlo:: last_accepted_score,lowest_score: -861.368 -861.368
protocols.motifs.Motif: Res1 name is TYR
protocols.motifs.Motif: atom1 name is OOC
protocols.motifs.Motif: atom2 name is Phos
protocols.motifs.Motif: atom3 name is OOC
protocols.motifs.Motif: Res1 name is THR
protocols.motifs.Motif: atom1 name is OOC
protocols.motifs.Motif: atom2 name is Phos
protocols.motifs.Motif: atom3 name is OOC
protocols.motifs.Motif: Res1 name is VAL
protocols.motifs.Motif: atom1 name is CH3
protocols.motifs.Motif: atom2 name is COO
protocols.motifs.Motif: atom3 name is aroC
protocols.motifs.Motif: Res1 name is GLU
protocols.motifs.Motif: atom1 name is OOC
protocols.motifs.Motif: atom2 name is Phos
protocols.motifs.Motif: atom3 name is OOC
protocols.motifs.Motif: Res1 name is TYR
protocols.motifs.Motif: atom1 name is OOC
protocols.motifs.Motif: atom2 name is Phos
protocols.motifs.Motif: atom3 name is OOC
core.pack.task: Packer task: initialize from command line() 
core.pack.task: Packer task: initialize from command line() 
core.pack.task: Packer task: initialize from command line() 
protocols.moves.MonteCarlo: MonteCarlo:: last_accepted_score,lowest_score: -860.678 -860.678
protocols.motifs.Motif: Res1 name is GLU
protocols.motifs.Motif: atom1 name is OOC
protocols.motifs.Motif: atom2 name is COO
protocols.motifs.Motif: atom3 name is OOC
protocols.motifs.Motif: Res1 name is TYR
protocols.motifs.Motif: atom1 name is OOC
protocols.motifs.Motif: atom2 name is Phos
protocols.motifs.Motif: atom3 name is OOC
protocols.motifs.Motif: Res1 name is THR
protocols.motifs.Motif: atom1 name is OOC
protocols.motifs.Motif: atom2 name is Phos
protocols.motifs.Motif: atom3 name is OOC
protocols.motifs.Motif: Res1 name is VAL
protocols.motifs.Motif: atom1 name is CH3
protocols.motifs.Motif: atom2 name is COO
protocols.motifs.Motif: atom3 name is aroC
protocols.motifs.Motif: Res1 name is GLU
protocols.motifs.Motif: atom1 name is Nhis
protocols.motifs.Motif: atom2 name is aroC
protocols.motifs.Motif: atom3 name is OH
core.pack.task: Packer task: initialize from command line() 
core.pack.task: Packer task: initialize from command line() 
core.pack.task: Packer task: initialize from command line() 
protocols.moves.MonteCarlo: MonteCarlo:: last_accepted_score,lowest_score: -847.182 -847.839
protocols.motifs.Motif: Res1 name is LYS
protocols.motifs.Motif: atom1 name is CH3
protocols.motifs.Motif: atom2 name is COO
protocols.motifs.Motif: atom3 name is aroC
protocols.motifs.Motif: Res1 name is ASN
protocols.motifs.Motif: atom1 name is CH3
protocols.motifs.Motif: atom2 name is COO
protocols.motifs.Motif: atom3 name is aroC
core.pack.task: Packer task: initialize from command line() 
core.pack.task: Packer task: initialize from command line() 
core.pack.task: Packer task: initialize from command line() 
protocols.moves.MonteCarlo: MonteCarlo:: last_accepted_score,lowest_score: -850.114 -850.114
protocols.motifs.Motif: Res1 name is GLU
protocols.motifs.Motif: atom1 name is OOC
protocols.motifs.Motif: atom2 name is Phos
protocols.motifs.Motif: atom3 name is OOC
protocols.motifs.Motif: Res1 name is TYR
protocols.motifs.Motif: atom1 name is OOC
protocols.motifs.Motif: atom2 name is Phos
protocols.motifs.Motif: atom3 name is OOC
protocols.motifs.Motif: Res1 name is ARG
protocols.motifs.Motif: atom1 name is CH3
protocols.motifs.Motif: atom2 name is COO
protocols.motifs.Motif: atom3 name is aroC
protocols.motifs.Motif: Res1 name is GLU
protocols.motifs.Motif: atom1 name is Nhis
protocols.motifs.Motif: atom2 name is aroC
protocols.motifs.Motif: atom3 name is OH
core.pack.task: Packer task: initialize from command line() 
core.pack.task: Packer task: initialize from command line() 
core.pack.task: Packer task: initialize from command line() 
protocols.moves.MonteCarlo: MonteCarlo:: last_accepted_score,lowest_score: -859.343 -859.343
protocols.motifs.Motif: Res1 name is TYR
protocols.motifs.Motif: atom1 name is OOC
protocols.motifs.Motif: atom2 name is Phos
protocols.motifs.Motif: atom3 name is OOC
protocols.motifs.Motif: Res1 name is VAL
protocols.motifs.Motif: atom1 name is CH3
protocols.motifs.Motif: atom2 name is COO
protocols.motifs.Motif: atom3 name is aroC
protocols.motifs.Motif: Res1 name is SER
protocols.motifs.Motif: atom1 name is OOC
protocols.motifs.Motif: atom2 name is COO
protocols.motifs.Motif: atom3 name is OOC
protocols.motifs.Motif: Res1 name is MET
protocols.motifs.Motif: atom1 name is OOC
protocols.motifs.Motif: atom2 name is COO
protocols.motifs.Motif: atom3 name is OOC
protocols.motifs.Motif: Res1 name is GLU
protocols.motifs.Motif: atom1 name is OOC
protocols.motifs.Motif: atom2 name is Phos
protocols.motifs.Motif: atom3 name is OOC
core.pack.task: Packer task: initialize from command line() 
core.pack.task: Packer task: initialize from command line() 
core.pack.task: Packer task: initialize from command line() 
protocols.moves.MonteCarlo: MonteCarlo:: last_accepted_score,lowest_score: -854.878 -854.878
protocols.motifs.Motif: Res1 name is TYR
protocols.motifs.Motif: atom1 name is OOC
protocols.motifs.Motif: atom2 name is Phos
protocols.motifs.Motif: atom3 name is OOC
protocols.motifs.Motif: Res1 name is THR
protocols.motifs.Motif: atom1 name is OOC
protocols.motifs.Motif: atom2 name is Phos
protocols.motifs.Motif: atom3 name is OOC
protocols.motifs.Motif: Res1 name is ARG
protocols.motifs.Motif: atom1 name is OOC
protocols.motifs.Motif: atom2 name is Phos
protocols.motifs.Motif: atom3 name is OOC
protocols.motifs.Motif: Res1 name is SER
protocols.motifs.Motif: atom1 name is CH3
protocols.motifs.Motif: atom2 name is COO
protocols.motifs.Motif: atom3 name is aroC
protocols.motifs.Motif: Res1 name is GLU
protocols.motifs.Motif: atom1 name is CH3
protocols.motifs.Motif: atom2 name is COO
protocols.motifs.Motif: atom3 name is aroC
core.pack.task: Packer task: initialize from command line() 
core.pack.task: Packer task: initialize from command line() 
core.pack.task: Packer task: initialize from command line() 
protocols.moves.MonteCarlo: MonteCarlo:: last_accepted_score,lowest_score: -850.677 -851.481
protocols.motifs.Motif: Res1 name is TYR
protocols.motifs.Motif: atom1 name is Nhis
protocols.motifs.Motif: atom2 name is aroC
protocols.motifs.Motif: atom3 name is OH
protocols.motifs.Motif: Res1 name is THR
protocols.motifs.Motif: atom1 name is OOC
protocols.motifs.Motif: atom2 name is Phos
protocols.motifs.Motif: atom3 name is OOC
protocols.motifs.Motif: Res1 name is ARG
protocols.motifs.Motif: atom1 name is OOC
protocols.motifs.Motif: atom2 name is Phos
protocols.motifs.Motif: atom3 name is OOC
protocols.motifs.Motif: Res1 name is SER
protocols.motifs.Motif: atom1 name is CH3
protocols.motifs.Motif: atom2 name is COO
protocols.motifs.Motif: atom3 name is aroC
core.pack.task: Packer task: initialize from command line() 
core.pack.task: Packer task: initialize from command line() 
core.pack.task: Packer task: initialize from command line() 
protocols.moves.MonteCarlo: MonteCarlo:: last_accepted_score,lowest_score: -859.937 -859.937
protocols.motifs.Motif: Res1 name is TYR
protocols.motifs.Motif: atom1 name is OOC
protocols.motifs.Motif: atom2 name is Phos
protocols.motifs.Motif: atom3 name is OOC
protocols.motifs.Motif: Res1 name is THR
protocols.motifs.Motif: atom1 name is OOC
protocols.motifs.Motif: atom2 name is Phos
protocols.motifs.Motif: atom3 name is OOC
protocols.motifs.Motif: Res1 name is VAL
protocols.motifs.Motif: atom1 name is CH3
protocols.motifs.Motif: atom2 name is COO
protocols.motifs.Motif: atom3 name is aroC
protocols.motifs.Motif: Res1 name is SER
protocols.motifs.Motif: atom1 name is CH3
protocols.motifs.Motif: atom2 name is COO
protocols.motifs.Motif: atom3 name is aroC
protocols.motifs.Motif: Res1 name is GLU
protocols.motifs.Motif: atom1 name is OOC
protocols.motifs.Motif: atom2 name is Phos
protocols.motifs.Motif: atom3 name is OOC
protocols.motifs.Motif: Res1 name is TYR
protocols.motifs.Motif: atom1 name is OOC
protocols.motifs.Motif: atom2 name is Phos
protocols.motifs.Motif: atom3 name is OOC
core.pack.task: Packer task: initialize from command line() 
core.pack.task: Packer task: initialize from command line() 
core.pack.task: Packer task: initialize from command line() 
protocols.moves.MonteCarlo: MonteCarlo:: last_accepted_score,lowest_score: -849.751 -849.751
protocols.motifs.Motif: Res1 name is TYR
protocols.motifs.Motif: atom1 name is OOC
protocols.motifs.Motif: atom2 name is Phos
protocols.motifs.Motif: atom3 name is OOC
protocols.motifs.Motif: Res1 name is VAL
protocols.motifs.Motif: atom1 name is OOC
protocols.motifs.Motif: atom2 name is COO
protocols.motifs.Motif: atom3 name is OOC
core.pack.task: Packer task: initialize from command line() 
core.pack.task: Packer task: initialize from command line() 
core.pack.task: Packer task: initialize from command line() 
protocols.moves.MonteCarlo: MonteCarlo:: last_accepted_score,lowest_score: -859.727 -859.727
protocols.motifs.Motif: Res1 name is TYR
protocols.motifs.Motif: atom1 name is OOC
protocols.motifs.Motif: atom2 name is Phos
protocols.motifs.Motif: atom3 name is OOC
protocols.motifs.Motif: Res1 name is VAL
protocols.motifs.Motif: atom1 name is CH3
protocols.motifs.Motif: atom2 name is COO
protocols.motifs.Motif: atom3 name is aroC
protocols.motifs.Motif: Res1 name is SER
protocols.motifs.Motif: atom1 name is CH3
protocols.motifs.Motif: atom2 name is COO
protocols.motifs.Motif: atom3 name is aroC
protocols.motifs.Motif: Res1 name is GLU
protocols.motifs.Motif: atom1 name is OOC
protocols.motifs.Motif: atom2 name is Phos
protocols.motifs.Motif: atom3 name is OOC
core.pack.task: Packer task: initialize from command line() 
core.pack.task: Packer task: initialize from command line() 
core.pack.task: Packer task: initialize from command line() 
protocols.moves.MonteCarlo: MonteCarlo:: last_accepted_score,lowest_score: -854.256 -854.256
protocols.motifs.Motif: Res1 name is GLU
protocols.motifs.Motif: atom1 name is OOC
protocols.motifs.Motif: atom2 name is Phos
protocols.motifs.Motif: atom3 name is OOC
protocols.motifs.Motif: Res1 name is TYR
protocols.motifs.Motif: atom1 name is COO
protocols.motifs.Motif: atom2 name is CH1
protocols.motifs.Motif: atom3 name is Nlys
protocols.motifs.Motif: Res1 name is GLU
protocols.motifs.Motif: atom1 name is OOC
protocols.motifs.Motif: atom2 name is COO
protocols.motifs.Motif: atom3 name is OOC
core.pack.task: Packer task: initialize from command line() 
core.pack.task: Packer task: initialize from command line() 
core.pack.task: Packer task: initialize from command line() 
protocols.moves.MonteCarlo: MonteCarlo:: last_accepted_score,lowest_score: -851.747 -851.747
protocols.motifs.Motif: Res1 name is TYR
protocols.motifs.Motif: atom1 name is OOC
protocols.motifs.Motif: atom2 name is Phos
protocols.motifs.Motif: atom3 name is OOC
protocols.motifs.Motif: Res1 name is ARG
protocols.motifs.Motif: atom1 name is OOC
protocols.motifs.Motif: atom2 name is COO
protocols.motifs.Motif: atom3 name is OOC
protocols.motifs.Motif: Res1 name is GLU
protocols.motifs.Motif: atom1 name is OOC
protocols.motifs.Motif: atom2 name is Phos
protocols.motifs.Motif: atom3 name is OOC
core.pack.task: Packer task: initialize from command line() 
core.pack.task: Packer task: initialize from command line() 
core.pack.task: Packer task: initialize from command line() 
protocols.moves.MonteCarlo: MonteCarlo:: last_accepted_score,lowest_score: -850.179 -850.944
protocols.motifs.Motif: Res1 name is GLU
protocols.motifs.Motif: atom1 name is OOC
protocols.motifs.Motif: atom2 name is Phos
protocols.motifs.Motif: atom3 name is OOC
protocols.motifs.Motif: Res1 name is TYR
protocols.motifs.Motif: atom1 name is OOC
protocols.motifs.Motif: atom2 name is Phos
protocols.motifs.Motif: atom3 name is OOC
protocols.motifs.Motif: Res1 name is THR
protocols.motifs.Motif: atom1 name is COO
protocols.motifs.Motif: atom2 name is aroC
protocols.motifs.Motif: atom3 name is Oaro
protocols.motifs.Motif: Res1 name is ARG
protocols.motifs.Motif: atom1 name is CH3
protocols.motifs.Motif: atom2 name is COO
protocols.motifs.Motif: atom3 name is aroC
protocols.motifs.Motif: Res1 name is SER
protocols.motifs.Motif: atom1 name is CH3
protocols.motifs.Motif: atom2 name is COO
protocols.motifs.Motif: atom3 name is aroC
protocols.motifs.Motif: Res1 name is GLU
protocols.motifs.Motif: atom1 name is Nhis
protocols.motifs.Motif: atom2 name is aroC
protocols.motifs.Motif: atom3 name is OH
core.pack.task: Packer task: initialize from command line() 
core.pack.task: Packer task: initialize from command line() 
core.pack.task: Packer task: initialize from command line() 
protocols.moves.MonteCarlo: MonteCarlo:: last_accepted_score,lowest_score: -846.222 -846.867
protocols.motifs.Motif: Res1 name is TYR
protocols.motifs.Motif: atom1 name is OOC
protocols.motifs.Motif: atom2 name is COO
protocols.motifs.Motif: atom3 name is OOC
protocols.motifs.Motif: Res1 name is GLU
protocols.motifs.Motif: atom1 name is OOC
protocols.motifs.Motif: atom2 name is Phos
protocols.motifs.Motif: atom3 name is OOC
core.pack.task: Packer task: initialize from command line() 
core.pack.task: Packer task: initialize from command line() 
core.pack.task: Packer task: initialize from command line() 
protocols.moves.MonteCarlo: MonteCarlo:: last_accepted_score,lowest_score: -850.901 -851.044
protocols.motifs.Motif: Res1 name is TYR
protocols.motifs.Motif: atom1 name is OOC
protocols.motifs.Motif: atom2 name is Phos
protocols.motifs.Motif: atom3 name is OOC
protocols.motifs.Motif: Res1 name is THR
protocols.motifs.Motif: atom1 name is OOC
protocols.motifs.Motif: atom2 name is Phos
protocols.motifs.Motif: atom3 name is OOC
protocols.motifs.Motif: Res1 name is ARG
protocols.motifs.Motif: atom1 name is Nhis
protocols.motifs.Motif: atom2 name is aroC
protocols.motifs.Motif: atom3 name is OH
core.pack.task: Packer task: initialize from command line() 
core.pack.task: Packer task: initialize from command line() 
core.pack.task: Packer task: initialize from command line() 
protocols.moves.MonteCarlo: MonteCarlo:: last_accepted_score,lowest_score: -846.405 -846.405
protocols.motifs.Motif: Res1 name is VAL
protocols.motifs.Motif: atom1 name is COO
protocols.motifs.Motif: atom2 name is CH1
protocols.motifs.Motif: atom3 name is Nlys
protocols.motifs.Motif: Res1 name is SER
protocols.motifs.Motif: atom1 name is Nhis
protocols.motifs.Motif: atom2 name is aroC
protocols.motifs.Motif: atom3 name is OH
core.pack.task: Packer task: initialize from command line() 
core.pack.task: Packer task: initialize from command line() 
core.pack.task: Packer task: initialize from command line() 
protocols.moves.MonteCarlo: MonteCarlo:: last_accepted_score,lowest_score: -865.426 -865.426
protocols.motifs.Motif: Res1 name is GLU
protocols.motifs.Motif: atom1 name is CH3
protocols.motifs.Motif: atom2 name is COO
protocols.motifs.Motif: atom3 name is aroC
protocols.motifs.Motif: Res1 name is TYR
protocols.motifs.Motif: atom1 name is OOC
protocols.motifs.Motif: atom2 name is Phos
protocols.motifs.Motif: atom3 name is OOC
protocols.motifs.Motif: Res1 name is THR
protocols.motifs.Motif: atom1 name is OOC
protocols.motifs.Motif: atom2 name is Phos
protocols.motifs.Motif: atom3 name is OOC
protocols.motifs.Motif: Res1 name is ARG
protocols.motifs.Motif: atom1 name is OOC
protocols.motifs.Motif: atom2 name is Phos
protocols.motifs.Motif: atom3 name is OOC
protocols.motifs.Motif: Res1 name is GLU
protocols.motifs.Motif: atom1 name is OOC
protocols.motifs.Motif: atom2 name is COO
protocols.motifs.Motif: atom3 name is OOC
protocols.motifs.Motif: Res1 name is TYR
protocols.motifs.Motif: atom1 name is OOC
protocols.motifs.Motif: atom2 name is COO
protocols.motifs.Motif: atom3 name is OOC
core.pack.task: Packer task: initialize from command line() 
core.pack.task: Packer task: initialize from command line() 
core.pack.task: Packer task: initialize from command line() 
protocols.moves.MonteCarlo: MonteCarlo:: last_accepted_score,lowest_score: -852.234 -852.653
protocols.motifs.Motif: Res1 name is TYR
protocols.motifs.Motif: atom1 name is OOC
protocols.motifs.Motif: atom2 name is Phos
protocols.motifs.Motif: atom3 name is OOC
protocols.motifs.Motif: Res1 name is THR
protocols.motifs.Motif: atom1 name is OOC
protocols.motifs.Motif: atom2 name is Phos
protocols.motifs.Motif: atom3 name is OOC
protocols.motifs.Motif: Res1 name is ARG
protocols.motifs.Motif: atom1 name is Nhis
protocols.motifs.Motif: atom2 name is aroC
protocols.motifs.Motif: atom3 name is OH
protocols.motifs.Motif: Res1 name is GLU
protocols.motifs.Motif: atom1 name is OOC
protocols.motifs.Motif: atom2 name is Phos
protocols.motifs.Motif: atom3 name is OOC
core.pack.task: Packer task: initialize from command line() 
core.pack.task: Packer task: initialize from command line() 
core.pack.task: Packer task: initialize from command line() 
protocols.moves.MonteCarlo: MonteCarlo:: last_accepted_score,lowest_score: -854.232 -855.261
protocols.motifs.Motif: Res1 name is TYR
protocols.motifs.Motif: atom1 name is OOC
protocols.motifs.Motif: atom2 name is Phos
protocols.motifs.Motif: atom3 name is OOC
protocols.motifs.Motif: Res1 name is THR
protocols.motifs.Motif: atom1 name is OOC
protocols.motifs.Motif: atom2 name is Phos
protocols.motifs.Motif: atom3 name is OOC
protocols.motifs.Motif: Res1 name is VAL
protocols.motifs.Motif: atom1 name is CH3
protocols.motifs.Motif: atom2 name is COO
protocols.motifs.Motif: atom3 name is aroC
protocols.motifs.Motif: Res1 name is GLU
protocols.motifs.Motif: atom1 name is OOC
protocols.motifs.Motif: atom2 name is Phos
protocols.motifs.Motif: atom3 name is OOC
protocols.motifs.Motif: Res1 name is TYR
protocols.motifs.Motif: atom1 name is OOC
protocols.motifs.Motif: atom2 name is Phos
protocols.motifs.Motif: atom3 name is OOC
core.pack.task: Packer task: initialize from command line() 
core.pack.task: Packer task: initialize from command line() 
core.pack.task: Packer task: initialize from command line() 
protocols.moves.MonteCarlo: MonteCarlo:: last_accepted_score,lowest_score: -848.312 -848.312
protocols.motifs.Motif: Res1 name is GLU
protocols.motifs.Motif: atom1 name is OOC
protocols.motifs.Motif: atom2 name is COO
protocols.motifs.Motif: atom3 name is OOC
protocols.motifs.Motif: Res1 name is TYR
protocols.motifs.Motif: atom1 name is OOC
protocols.motifs.Motif: atom2 name is COO
protocols.motifs.Motif: atom3 name is OOC
protocols.motifs.Motif: Res1 name is THR
protocols.motifs.Motif: atom1 name is OOC
protocols.motifs.Motif: atom2 name is Phos
protocols.motifs.Motif: atom3 name is OOC
protocols.motifs.Motif: Res1 name is VAL
protocols.motifs.Motif: atom1 name is CH3
protocols.motifs.Motif: atom2 name is COO
protocols.motifs.Motif: atom3 name is aroC
protocols.motifs.Motif: Res1 name is GLU
protocols.motifs.Motif: atom1 name is OOC
protocols.motifs.Motif: atom2 name is Phos
protocols.motifs.Motif: atom3 name is OOC
core.pack.task: Packer task: initialize from command line() 
core.pack.task: Packer task: initialize from command line() 
core.pack.task: Packer task: initialize from command line() 
protocols.moves.MonteCarlo: MonteCarlo:: last_accepted_score,lowest_score: -851.883 -851.883
protocols.motifs.Motif: Res1 name is LYS
protocols.motifs.Motif: atom1 name is OOC
protocols.motifs.Motif: atom2 name is Phos
protocols.motifs.Motif: atom3 name is OOC
protocols.motifs.Motif: Res1 name is TYR
protocols.motifs.Motif: atom1 name is OOC
protocols.motifs.Motif: atom2 name is Phos
protocols.motifs.Motif: atom3 name is OOC
protocols.motifs.Motif: Res1 name is ARG
protocols.motifs.Motif: atom1 name is OOC
protocols.motifs.Motif: atom2 name is COO
protocols.motifs.Motif: atom3 name is OOC
protocols.motifs.Motif: Res1 name is GLU
protocols.motifs.Motif: atom1 name is CH3
protocols.motifs.Motif: atom2 name is COO
protocols.motifs.Motif: atom3 name is aroC
core.pack.task: Packer task: initialize from command line() 
core.pack.task: Packer task: initialize from command line() 
core.pack.task: Packer task: initialize from command line() 
protocols.moves.MonteCarlo: MonteCarlo:: last_accepted_score,lowest_score: -860.073 -860.882
protocols.motifs.Motif: Res1 name is GLU
protocols.motifs.Motif: atom1 name is OOC
protocols.motifs.Motif: atom2 name is Phos
protocols.motifs.Motif: atom3 name is OOC
protocols.motifs.Motif: Res1 name is TYR
protocols.motifs.Motif: atom1 name is OOC
protocols.motifs.Motif: atom2 name is COO
protocols.motifs.Motif: atom3 name is OOC
protocols.motifs.Motif: Res1 name is GLU
protocols.motifs.Motif: atom1 name is OOC
protocols.motifs.Motif: atom2 name is COO
protocols.motifs.Motif: atom3 name is OOC
protocols.motifs.Motif: Res1 name is SER
protocols.motifs.Motif: atom1 name is OOC
protocols.motifs.Motif: atom2 name is Phos
protocols.motifs.Motif: atom3 name is OOC
core.pack.task: Packer task: initialize from command line() 
core.pack.task: Packer task: initialize from command line() 
core.pack.task: Packer task: initialize from command line() 
protocols.moves.MonteCarlo: MonteCarlo:: last_accepted_score,lowest_score: -847.862 -847.862
protocols.motifs.Motif: Res1 name is LYS
protocols.motifs.Motif: atom1 name is OOC
protocols.motifs.Motif: atom2 name is Phos
protocols.motifs.Motif: atom3 name is OOC
protocols.motifs.Motif: Res1 name is TYR
protocols.motifs.Motif: atom1 name is OOC
protocols.motifs.Motif: atom2 name is Phos
protocols.motifs.Motif: atom3 name is OOC
protocols.motifs.Motif: Res1 name is SER
protocols.motifs.Motif: atom1 name is OOC
protocols.motifs.Motif: atom2 name is COO
protocols.motifs.Motif: atom3 name is OOC
core.pack.task: Packer task: initialize from command line() 
core.pack.task: Packer task: initialize from command line() 
core.pack.task: Packer task: initialize from command line() 
protocols.moves.MonteCarlo: MonteCarlo:: last_accepted_score,lowest_score: -858.415 -859.215
protocols.motifs.Motif: Res1 name is TYR
protocols.motifs.Motif: atom1 name is OOC
protocols.motifs.Motif: atom2 name is Phos
protocols.motifs.Motif: atom3 name is OOC
protocols.motifs.Motif: Res1 name is GLU
protocols.motifs.Motif: atom1 name is OOC
protocols.motifs.Motif: atom2 name is Phos
protocols.motifs.Motif: atom3 name is OOC
protocols.motifs.Motif: Res1 name is TYR
protocols.motifs.Motif: atom1 name is OOC
protocols.motifs.Motif: atom2 name is Phos
protocols.motifs.Motif: atom3 name is OOC
core.pack.task: Packer task: initialize from command line() 
core.pack.task: Packer task: initialize from command line() 
core.pack.task: Packer task: initialize from command line() 
protocols.moves.MonteCarlo: MonteCarlo:: last_accepted_score,lowest_score: -849.425 -849.425
protocols.motifs.Motif: Res1 name is TYR
protocols.motifs.Motif: atom1 name is OOC
protocols.motifs.Motif: atom2 name is Phos
protocols.motifs.Motif: atom3 name is OOC
protocols.motifs.Motif: Res1 name is THR
protocols.motifs.Motif: atom1 name is OOC
protocols.motifs.Motif: atom2 name is Phos
protocols.motifs.Motif: atom3 name is OOC
protocols.motifs.Motif: Res1 name is ARG
protocols.motifs.Motif: atom1 name is OOC
protocols.motifs.Motif: atom2 name is Phos
protocols.motifs.Motif: atom3 name is OOC
core.pack.task: Packer task: initialize from command line() 
core.pack.task: Packer task: initialize from command line() 
core.pack.task: Packer task: initialize from command line() 
protocols.moves.MonteCarlo: MonteCarlo:: last_accepted_score,lowest_score: -859.988 -860.671
protocols.motifs.Motif: Res1 name is TYR
protocols.motifs.Motif: atom1 name is OOC
protocols.motifs.Motif: atom2 name is Phos
protocols.motifs.Motif: atom3 name is OOC
protocols.motifs.Motif: Res1 name is ARG
protocols.motifs.Motif: atom1 name is COO
protocols.motifs.Motif: atom2 name is aroC
protocols.motifs.Motif: atom3 name is Oaro
protocols.motifs.Motif: Res1 name is SER
protocols.motifs.Motif: atom1 name is COO
protocols.motifs.Motif: atom2 name is CH1
protocols.motifs.Motif: atom3 name is Nlys
protocols.motifs.Motif: Res1 name is GLU
protocols.motifs.Motif: atom1 name is OOC
protocols.motifs.Motif: atom2 name is Phos
protocols.motifs.Motif: atom3 name is OOC
core.pack.task: Packer task: initialize from command line() 
core.pack.task: Packer task: initialize from command line() 
core.pack.task: Packer task: initialize from command line() 
protocols.moves.MonteCarlo: MonteCarlo:: last_accepted_score,lowest_score: -852.064 -853.184
protocols.motifs.Motif: Res1 name is GLU
protocols.motifs.Motif: atom1 name is OOC
protocols.motifs.Motif: atom2 name is Phos
protocols.motifs.Motif: atom3 name is OOC
protocols.motifs.Motif: Res1 name is TYR
protocols.motifs.Motif: atom1 name is OOC
protocols.motifs.Motif: atom2 name is Phos
protocols.motifs.Motif: atom3 name is OOC
protocols.motifs.Motif: Res1 name is GLU
protocols.motifs.Motif: atom1 name is OOC
protocols.motifs.Motif: atom2 name is COO
protocols.motifs.Motif: atom3 name is OOC
protocols.motifs.Motif: Res1 name is SER
protocols.motifs.Motif: atom1 name is OOC
protocols.motifs.Motif: atom2 name is Phos
protocols.motifs.Motif: atom3 name is OOC
core.pack.task: Packer task: initialize from command line() 
core.pack.task: Packer task: initialize from command line() 
core.pack.task: Packer task: initialize from command line() 
protocols.moves.MonteCarlo: MonteCarlo:: last_accepted_score,lowest_score: -848.421 -848.707
protocols.motifs.Motif: Res1 name is LYS
protocols.motifs.Motif: atom1 name is OOC
protocols.motifs.Motif: atom2 name is Phos
protocols.motifs.Motif: atom3 name is OOC
protocols.motifs.Motif: Res1 name is TYR
protocols.motifs.Motif: atom1 name is OOC
protocols.motifs.Motif: atom2 name is Phos
protocols.motifs.Motif: atom3 name is OOC
protocols.motifs.Motif: Res1 name is GLU
protocols.motifs.Motif: atom1 name is CH3
protocols.motifs.Motif: atom2 name is COO
protocols.motifs.Motif: atom3 name is aroC
core.pack.task: Packer task: initialize from command line() 
core.pack.task: Packer task: initialize from command line() 
core.pack.task: Packer task: initialize from command line() 
protocols.moves.MonteCarlo: MonteCarlo:: last_accepted_score,lowest_score: -849.429 -850.008
protocols.motifs.Motif: Res1 name is GLU
protocols.motifs.Motif: atom1 name is OOC
protocols.motifs.Motif: atom2 name is Phos
protocols.motifs.Motif: atom3 name is OOC
protocols.motifs.Motif: Res1 name is TYR
protocols.motifs.Motif: atom1 name is CH3
protocols.motifs.Motif: atom2 name is COO
protocols.motifs.Motif: atom3 name is aroC
protocols.motifs.Motif: Res1 name is GLU
protocols.motifs.Motif: atom1 name is COO
protocols.motifs.Motif: atom2 name is aroC
protocols.motifs.Motif: atom3 name is Oaro
protocols.motifs.Motif: Res1 name is SER
protocols.motifs.Motif: atom1 name is OOC
protocols.motifs.Motif: atom2 name is Phos
protocols.motifs.Motif: atom3 name is OOC
core.pack.task: Packer task: initialize from command line() 
core.pack.task: Packer task: initialize from command line() 
core.pack.task: Packer task: initialize from command line() 
protocols.moves.MonteCarlo: MonteCarlo:: last_accepted_score,lowest_score: -848.052 -848.147
protocols.motifs.Motif: Res1 name is LYS
protocols.motifs.Motif: atom1 name is OOC
protocols.motifs.Motif: atom2 name is Phos
protocols.motifs.Motif: atom3 name is OOC
protocols.motifs.Motif: Res1 name is TYR
protocols.motifs.Motif: atom1 name is OOC
protocols.motifs.Motif: atom2 name is COO
protocols.motifs.Motif: atom3 name is OOC
core.pack.task: Packer task: initialize from command line() 
core.pack.task: Packer task: initialize from command line() 
core.pack.task: Packer task: initialize from command line() 
protocols.moves.MonteCarlo: MonteCarlo:: last_accepted_score,lowest_score: -863.829 -863.829
protocols.motifs.Motif: Res1 name is GLU
protocols.motifs.Motif: atom1 name is CH3
protocols.motifs.Motif: atom2 name is COO
protocols.motifs.Motif: atom3 name is aroC
protocols.motifs.Motif: Res1 name is TYR
protocols.motifs.Motif: atom1 name is CH3
protocols.motifs.Motif: atom2 name is COO
protocols.motifs.Motif: atom3 name is aroC
protocols.motifs.Motif: Res1 name is SER
protocols.motifs.Motif: atom1 name is OOC
protocols.motifs.Motif: atom2 name is Phos
protocols.motifs.Motif: atom3 name is OOC
protocols.motifs.Motif: Res1 name is GLU
protocols.motifs.Motif: atom1 name is COO
protocols.motifs.Motif: atom2 name is CH1
protocols.motifs.Motif: atom3 name is Nlys
core.pack.task: Packer task: initialize from command line() 
core.pack.task: Packer task: initialize from command line() 
core.pack.task: Packer task: initialize from command line() 
protocols.moves.MonteCarlo: MonteCarlo:: last_accepted_score,lowest_score: -853.497 -853.497
protocols.motifs.Motif: Res1 name is GLU
protocols.motifs.Motif: atom1 name is OOC
protocols.motifs.Motif: atom2 name is COO
protocols.motifs.Motif: atom3 name is OOC
protocols.motifs.Motif: Res1 name is TYR
protocols.motifs.Motif: atom1 name is OOC
protocols.motifs.Motif: atom2 name is Phos
protocols.motifs.Motif: atom3 name is OOC
core.pack.task: Packer task: initialize from command line() 
core.pack.task: Packer task: initialize from command line() 
core.pack.task: Packer task: initialize from command line() 
protocols.moves.MonteCarlo: MonteCarlo:: last_accepted_score,lowest_score: -865.585 -865.585
protocols.motifs.Motif: Res1 name is TYR
protocols.motifs.Motif: atom1 name is OOC
protocols.motifs.Motif: atom2 name is Phos
protocols.motifs.Motif: atom3 name is OOC
protocols.motifs.Motif: Res1 name is THR
protocols.motifs.Motif: atom1 name is OOC
protocols.motifs.Motif: atom2 name is Phos
protocols.motifs.Motif: atom3 name is OOC
protocols.motifs.Motif: Res1 name is ARG
protocols.motifs.Motif: atom1 name is OOC
protocols.motifs.Motif: atom2 name is Phos
protocols.motifs.Motif: atom3 name is OOC
protocols.motifs.Motif: Res1 name is GLU
protocols.motifs.Motif: atom1 name is Nhis
protocols.motifs.Motif: atom2 name is aroC
protocols.motifs.Motif: atom3 name is OH
core.pack.task: Packer task: initialize from command line() 
core.pack.task: Packer task: initialize from command line() 
core.pack.task: Packer task: initialize from command line() 
protocols.moves.MonteCarlo: MonteCarlo:: last_accepted_score,lowest_score: -855.823 -855.823
protocols.motifs.Motif: Res1 name is GLU
protocols.motifs.Motif: atom1 name is OOC
protocols.motifs.Motif: atom2 name is COO
protocols.motifs.Motif: atom3 name is OOC
protocols.motifs.Motif: Res1 name is TYR
protocols.motifs.Motif: atom1 name is OOC
protocols.motifs.Motif: atom2 name is Phos
protocols.motifs.Motif: atom3 name is OOC
protocols.motifs.Motif: Res1 name is TYR
protocols.motifs.Motif: atom1 name is OOC
protocols.motifs.Motif: atom2 name is COO
protocols.motifs.Motif: atom3 name is OOC
protocols.motifs.Motif: Res1 name is GLU
protocols.motifs.Motif: atom1 name is Nhis
protocols.motifs.Motif: atom2 name is aroC
protocols.motifs.Motif: atom3 name is OH
protocols.motifs.Motif: Res1 name is TYR
protocols.motifs.Motif: atom1 name is OOC
protocols.motifs.Motif: atom2 name is Phos
protocols.motifs.Motif: atom3 name is OOC
core.pack.task: Packer task: initialize from command line() 
core.pack.task: Packer task: initialize from command line() 
core.pack.task: Packer task: initialize from command line() 
protocols.moves.MonteCarlo: MonteCarlo:: last_accepted_score,lowest_score: -858.548 -858.599
protocols.motifs.Motif: Res1 name is GLU
protocols.motifs.Motif: atom1 name is CH3
protocols.motifs.Motif: atom2 name is COO
protocols.motifs.Motif: atom3 name is aroC
protocols.motifs.Motif: Res1 name is TYR
protocols.motifs.Motif: atom1 name is OOC
protocols.motifs.Motif: atom2 name is COO
protocols.motifs.Motif: atom3 name is OOC
protocols.motifs.Motif: Res1 name is SER
protocols.motifs.Motif: atom1 name is OOC
protocols.motifs.Motif: atom2 name is Phos
protocols.motifs.Motif: atom3 name is OOC
protocols.motifs.Motif: Res1 name is SER
protocols.motifs.Motif: atom1 name is CH3
protocols.motifs.Motif: atom2 name is COO
protocols.motifs.Motif: atom3 name is aroC
protocols.motifs.Motif: Res1 name is GLU
protocols.motifs.Motif: atom1 name is OOC
protocols.motifs.Motif: atom2 name is COO
protocols.motifs.Motif: atom3 name is OOC
core.pack.task: Packer task: initialize from command line() 
core.pack.task: Packer task: initialize from command line() 
core.pack.task: Packer task: initialize from command line() 
protocols.moves.MonteCarlo: MonteCarlo:: last_accepted_score,lowest_score: -859.185 -859.202
protocols.motifs.Motif: Res1 name is GLU
protocols.motifs.Motif: atom1 name is OOC
protocols.motifs.Motif: atom2 name is COO
protocols.motifs.Motif: atom3 name is OOC
protocols.motifs.Motif: Res1 name is TYR
protocols.motifs.Motif: atom1 name is OOC
protocols.motifs.Motif: atom2 name is Phos
protocols.motifs.Motif: atom3 name is OOC
protocols.motifs.Motif: Res1 name is PRO
protocols.motifs.Motif: atom1 name is OOC
protocols.motifs.Motif: atom2 name is Phos
protocols.motifs.Motif: atom3 name is OOC
protocols.motifs.Motif: Res1 name is VAL
protocols.motifs.Motif: atom1 name is CH3
protocols.motifs.Motif: atom2 name is COO
protocols.motifs.Motif: atom3 name is aroC
protocols.motifs.Motif: Res1 name is GLU
protocols.motifs.Motif: atom1 name is OH
protocols.motifs.Motif: atom2 name is CH2
protocols.motifs.Motif: atom3 name is Phos
protocols.motifs.Motif: Res1 name is TYR
protocols.motifs.Motif: atom1 name is OOC
protocols.motifs.Motif: atom2 name is Phos
protocols.motifs.Motif: atom3 name is OOC
core.pack.task: Packer task: initialize from command line() 
core.pack.task: Packer task: initialize from command line() 
core.pack.task: Packer task: initialize from command line() 
protocols.moves.MonteCarlo: MonteCarlo:: last_accepted_score,lowest_score: -856.933 -856.933
protocols.motifs.Motif: Res1 name is TYR
protocols.motifs.Motif: atom1 name is OOC
protocols.motifs.Motif: atom2 name is Phos
protocols.motifs.Motif: atom3 name is OOC
protocols.motifs.Motif: Res1 name is ARG
protocols.motifs.Motif: atom1 name is COO
protocols.motifs.Motif: atom2 name is CH1
protocols.motifs.Motif: atom3 name is Nlys
core.pack.task: Packer task: initialize from command line() 
core.pack.task: Packer task: initialize from command line() 
core.pack.task: Packer task: initialize from command line() 
protocols.moves.MonteCarlo: MonteCarlo:: last_accepted_score,lowest_score: -852.918 -852.918
protocols.motifs.Motif: Res1 name is GLU
protocols.motifs.Motif: atom1 name is OOC
protocols.motifs.Motif: atom2 name is Phos
protocols.motifs.Motif: atom3 name is OOC
protocols.motifs.Motif: Res1 name is GLU
protocols.motifs.Motif: atom1 name is OOC
protocols.motifs.Motif: atom2 name is COO
protocols.motifs.Motif: atom3 name is OOC
protocols.motifs.Motif: Res1 name is TYR
protocols.motifs.Motif: atom1 name is OOC
protocols.motifs.Motif: atom2 name is COO
protocols.motifs.Motif: atom3 name is OOC
core.pack.task: Packer task: initialize from command line() 
core.pack.task: Packer task: initialize from command line() 
core.pack.task: Packer task: initialize from command line() 
protocols.moves.MonteCarlo: MonteCarlo:: last_accepted_score,lowest_score: -849.194 -849.194
protocols.motifs.Motif: Res1 name is GLU
protocols.motifs.Motif: atom1 name is OOC
protocols.motifs.Motif: atom2 name is Phos
protocols.motifs.Motif: atom3 name is OOC
protocols.motifs.Motif: Res1 name is GLU
protocols.motifs.Motif: atom1 name is COO
protocols.motifs.Motif: atom2 name is CH1
protocols.motifs.Motif: atom3 name is Nlys
core.pack.task: Packer task: initialize from command line() 
core.pack.task: Packer task: initialize from command line() 
core.pack.task: Packer task: initialize from command line() 
protocols.moves.MonteCarlo: MonteCarlo:: last_accepted_score,lowest_score: -851.036 -851.036
protocols.motifs.Motif: Res1 name is GLU
protocols.motifs.Motif: atom1 name is OOC
protocols.motifs.Motif: atom2 name is Phos
protocols.motifs.Motif: atom3 name is OOC
protocols.motifs.Motif: Res1 name is TYR
protocols.motifs.Motif: atom1 name is COO
protocols.motifs.Motif: atom2 name is CH1
protocols.motifs.Motif: atom3 name is Nlys
protocols.motifs.Motif: Res1 name is GLU
protocols.motifs.Motif: atom1 name is OOC
protocols.motifs.Motif: atom2 name is COO
protocols.motifs.Motif: atom3 name is OOC
core.pack.task: Packer task: initialize from command line() 
core.pack.task: Packer task: initialize from command line() 
core.pack.task: Packer task: initialize from command line() 
protocols.moves.MonteCarlo: MonteCarlo:: last_accepted_score,lowest_score: -850.292 -850.292
protocols.motifs.Motif: Res1 name is TYR
protocols.motifs.Motif: atom1 name is OOC
protocols.motifs.Motif: atom2 name is Phos
protocols.motifs.Motif: atom3 name is OOC
protocols.motifs.Motif: Res1 name is THR
protocols.motifs.Motif: atom1 name is OOC
protocols.motifs.Motif: atom2 name is Phos
protocols.motifs.Motif: atom3 name is OOC
protocols.motifs.Motif: Res1 name is ARG
protocols.motifs.Motif: atom1 name is OOC
protocols.motifs.Motif: atom2 name is Phos
protocols.motifs.Motif: atom3 name is OOC
protocols.motifs.Motif: Res1 name is SER
protocols.motifs.Motif: atom1 name is CH3
protocols.motifs.Motif: atom2 name is COO
protocols.motifs.Motif: atom3 name is aroC
protocols.motifs.Motif: Res1 name is MET
protocols.motifs.Motif: atom1 name is CH3
protocols.motifs.Motif: atom2 name is COO
protocols.motifs.Motif: atom3 name is aroC
protocols.motifs.Motif: Res1 name is GLU
protocols.motifs.Motif: atom1 name is Nhis
protocols.motifs.Motif: atom2 name is aroC
protocols.motifs.Motif: atom3 name is OH
core.pack.task: Packer task: initialize from command line() 
core.pack.task: Packer task: initialize from command line() 
core.pack.task: Packer task: initialize from command line() 
protocols.moves.MonteCarlo: MonteCarlo:: last_accepted_score,lowest_score: -857.182 -857.456
protocols.motifs.Motif: Res1 name is GLU
protocols.motifs.Motif: atom1 name is OOC
protocols.motifs.Motif: atom2 name is Phos
protocols.motifs.Motif: atom3 name is OOC
protocols.motifs.Motif: Res1 name is TYR
protocols.motifs.Motif: atom1 name is OOC
protocols.motifs.Motif: atom2 name is COO
protocols.motifs.Motif: atom3 name is OOC
protocols.motifs.Motif: Res1 name is SER
protocols.motifs.Motif: atom1 name is OOC
protocols.motifs.Motif: atom2 name is Phos
protocols.motifs.Motif: atom3 name is OOC
protocols.motifs.Motif: Res1 name is GLU
protocols.motifs.Motif: atom1 name is CH3
protocols.motifs.Motif: atom2 name is COO
protocols.motifs.Motif: atom3 name is aroC
core.pack.task: Packer task: initialize from command line() 
core.pack.task: Packer task: initialize from command line() 
core.pack.task: Packer task: initialize from command line() 
protocols.moves.MonteCarlo: MonteCarlo:: last_accepted_score,lowest_score: -848.726 -848.726
protocols.motifs.Motif: Res1 name is GLU
protocols.motifs.Motif: atom1 name is OOC
protocols.motifs.Motif: atom2 name is Phos
protocols.motifs.Motif: atom3 name is OOC
protocols.motifs.Motif: Res1 name is TYR
protocols.motifs.Motif: atom1 name is OOC
protocols.motifs.Motif: atom2 name is Phos
protocols.motifs.Motif: atom3 name is OOC
protocols.motifs.Motif: Res1 name is ARG
protocols.motifs.Motif: atom1 name is CH3
protocols.motifs.Motif: atom2 name is COO
protocols.motifs.Motif: atom3 name is aroC
protocols.motifs.Motif: Res1 name is GLU
protocols.motifs.Motif: atom1 name is Nhis
protocols.motifs.Motif: atom2 name is aroC
protocols.motifs.Motif: atom3 name is OH
core.pack.task: Packer task: initialize from command line() 
core.pack.task: Packer task: initialize from command line() 
core.pack.task: Packer task: initialize from command line() 
protocols.moves.MonteCarlo: MonteCarlo:: last_accepted_score,lowest_score: -850.331 -850.331
protocols.motifs.Motif: Res1 name is ILE
protocols.motifs.Motif: atom1 name is COO
protocols.motifs.Motif: atom2 name is CH1
protocols.motifs.Motif: atom3 name is Nlys
protocols.motifs.Motif: Res1 name is GLU
protocols.motifs.Motif: atom1 name is COO
protocols.motifs.Motif: atom2 name is CH1
protocols.motifs.Motif: atom3 name is Nlys
protocols.motifs.Motif: Res1 name is LYS
protocols.motifs.Motif: atom1 name is OOC
protocols.motifs.Motif: atom2 name is Phos
protocols.motifs.Motif: atom3 name is OOC
protocols.motifs.Motif: Res1 name is TYR
protocols.motifs.Motif: atom1 name is OOC
protocols.motifs.Motif: atom2 name is Phos
protocols.motifs.Motif: atom3 name is OOC
core.pack.task: Packer task: initialize from command line() 
core.pack.task: Packer task: initialize from command line() 
core.pack.task: Packer task: initialize from command line() 
protocols.moves.MonteCarlo: MonteCarlo:: last_accepted_score,lowest_score: -854.081 -854.081
protocols.motifs.Motif: Res1 name is TYR
protocols.motifs.Motif: atom1 name is OOC
protocols.motifs.Motif: atom2 name is Phos
protocols.motifs.Motif: atom3 name is OOC
protocols.motifs.Motif: Res1 name is THR
protocols.motifs.Motif: atom1 name is OOC
protocols.motifs.Motif: atom2 name is Phos
protocols.motifs.Motif: atom3 name is OOC
protocols.motifs.Motif: Res1 name is ARG
protocols.motifs.Motif: atom1 name is OOC
protocols.motifs.Motif: atom2 name is Phos
protocols.motifs.Motif: atom3 name is OOC
protocols.motifs.Motif: Res1 name is SER
protocols.motifs.Motif: atom1 name is CH3
protocols.motifs.Motif: atom2 name is COO
protocols.motifs.Motif: atom3 name is aroC
protocols.motifs.Motif: Res1 name is MET
protocols.motifs.Motif: atom1 name is CH3
protocols.motifs.Motif: atom2 name is COO
protocols.motifs.Motif: atom3 name is aroC
protocols.motifs.Motif: Res1 name is GLU
protocols.motifs.Motif: atom1 name is CH3
protocols.motifs.Motif: atom2 name is COO
protocols.motifs.Motif: atom3 name is aroC
core.pack.task: Packer task: initialize from command line() 
core.pack.task: Packer task: initialize from command line() 
core.pack.task: Packer task: initialize from command line() 
protocols.moves.MonteCarlo: MonteCarlo:: last_accepted_score,lowest_score: -858.048 -858.267
protocols.motifs.Motif: Res1 name is TYR
protocols.motifs.Motif: atom1 name is OOC
protocols.motifs.Motif: atom2 name is Phos
protocols.motifs.Motif: atom3 name is OOC
protocols.motifs.Motif: Res1 name is PRO
protocols.motifs.Motif: atom1 name is OOC
protocols.motifs.Motif: atom2 name is Phos
protocols.motifs.Motif: atom3 name is OOC
protocols.motifs.Motif: Res1 name is GLU
protocols.motifs.Motif: atom1 name is OOC
protocols.motifs.Motif: atom2 name is Phos
protocols.motifs.Motif: atom3 name is OOC
protocols.motifs.Motif: Res1 name is TYR
protocols.motifs.Motif: atom1 name is OOC
protocols.motifs.Motif: atom2 name is Phos
protocols.motifs.Motif: atom3 name is OOC
core.pack.task: Packer task: initialize from command line() 
core.pack.task: Packer task: initialize from command line() 
core.pack.task: Packer task: initialize from command line() 
protocols.moves.MonteCarlo: MonteCarlo:: last_accepted_score,lowest_score: -852.903 -852.903
protocols.motifs.Motif: Res1 name is TYR
protocols.motifs.Motif: atom1 name is OOC
protocols.motifs.Motif: atom2 name is Phos
protocols.motifs.Motif: atom3 name is OOC
protocols.motifs.Motif: Res1 name is THR
protocols.motifs.Motif: atom1 name is OOC
protocols.motifs.Motif: atom2 name is Phos
protocols.motifs.Motif: atom3 name is OOC
protocols.motifs.Motif: Res1 name is ARG
protocols.motifs.Motif: atom1 name is OOC
protocols.motifs.Motif: atom2 name is Phos
protocols.motifs.Motif: atom3 name is OOC
protocols.motifs.Motif: Res1 name is SER
protocols.motifs.Motif: atom1 name is CH3
protocols.motifs.Motif: atom2 name is COO
protocols.motifs.Motif: atom3 name is aroC
protocols.motifs.Motif: Res1 name is GLU
protocols.motifs.Motif: atom1 name is Nhis
protocols.motifs.Motif: atom2 name is aroC
protocols.motifs.Motif: atom3 name is OH
core.pack.task: Packer task: initialize from command line() 
core.pack.task: Packer task: initialize from command line() 
core.pack.task: Packer task: initialize from command line() 
protocols.moves.MonteCarlo: MonteCarlo:: last_accepted_score,lowest_score: -856.695 -857.411
protocols.motifs.Motif: Res1 name is GLU
protocols.motifs.Motif: atom1 name is COO
protocols.motifs.Motif: atom2 name is aroC
protocols.motifs.Motif: atom3 name is Oaro
protocols.motifs.Motif: Res1 name is TYR
protocols.motifs.Motif: atom1 name is CH3
protocols.motifs.Motif: atom2 name is COO
protocols.motifs.Motif: atom3 name is aroC
protocols.motifs.Motif: Res1 name is GLU
protocols.motifs.Motif: atom1 name is CH3
protocols.motifs.Motif: atom2 name is COO
protocols.motifs.Motif: atom3 name is aroC
core.pack.task: Packer task: initialize from command line() 
core.pack.task: Packer task: initialize from command line() 
core.pack.task: Packer task: initialize from command line() 
protocols.moves.MonteCarlo: MonteCarlo:: last_accepted_score,lowest_score: -774.474 -774.474
protocols.motifs.Motif: Res1 name is GLU
protocols.motifs.Motif: atom1 name is COO
protocols.motifs.Motif: atom2 name is aroC
protocols.motifs.Motif: atom3 name is Oaro
protocols.motifs.Motif: Res1 name is TYR
protocols.motifs.Motif: atom1 name is OH
protocols.motifs.Motif: atom2 name is CH2
protocols.motifs.Motif: atom3 name is Phos
protocols.motifs.Motif: Res1 name is PRO
protocols.motifs.Motif: atom1 name is OOC
protocols.motifs.Motif: atom2 name is Phos
protocols.motifs.Motif: atom3 name is OOC
protocols.motifs.Motif: Res1 name is SER
protocols.motifs.Motif: atom1 name is CH3
protocols.motifs.Motif: atom2 name is COO
protocols.motifs.Motif: atom3 name is aroC
protocols.motifs.Motif: Res1 name is GLU
protocols.motifs.Motif: atom1 name is OOC
protocols.motifs.Motif: atom2 name is Phos
protocols.motifs.Motif: atom3 name is OOC
protocols.motifs.Motif: Res1 name is TYR
protocols.motifs.Motif: atom1 name is OOC
protocols.motifs.Motif: atom2 name is Phos
protocols.motifs.Motif: atom3 name is OOC
core.pack.task: Packer task: initialize from command line() 
core.pack.task: Packer task: initialize from command line() 
core.pack.task: Packer task: initialize from command line() 
protocols.moves.MonteCarlo: MonteCarlo:: last_accepted_score,lowest_score: -865.632 -865.632
protocols.motifs.Motif: Res1 name is TYR
protocols.motifs.Motif: atom1 name is OOC
protocols.motifs.Motif: atom2 name is Phos
protocols.motifs.Motif: atom3 name is OOC
protocols.motifs.Motif: Res1 name is TYR
protocols.motifs.Motif: atom1 name is CH3
protocols.motifs.Motif: atom2 name is COO
protocols.motifs.Motif: atom3 name is aroC
protocols.motifs.Motif: Res1 name is PRO
protocols.motifs.Motif: atom1 name is OOC
protocols.motifs.Motif: atom2 name is Phos
protocols.motifs.Motif: atom3 name is OOC
protocols.motifs.Motif: Res1 name is GLU
protocols.motifs.Motif: atom1 name is OH
protocols.motifs.Motif: atom2 name is CH2
protocols.motifs.Motif: atom3 name is Phos
protocols.motifs.Motif: Res1 name is THR
protocols.motifs.Motif: atom1 name is OOC
protocols.motifs.Motif: atom2 name is Phos
protocols.motifs.Motif: atom3 name is OOC
protocols.motifs.Motif: Res1 name is SER
protocols.motifs.Motif: atom1 name is OOC
protocols.motifs.Motif: atom2 name is Phos
protocols.motifs.Motif: atom3 name is OOC
protocols.motifs.Motif: Res1 name is TYR
protocols.motifs.Motif: atom1 name is OOC
protocols.motifs.Motif: atom2 name is Phos
protocols.motifs.Motif: atom3 name is OOC
LigandDiscoverySearch.discover: Done iterating all trios, moving to next ligand
LigandDiscoverySearch.discover: Total passing attempts for ligand is 195
LigandDiscoverySearch.discover: Total clashing attempts for ligand is 1786
