********  (C) Copyright Rosetta Commons Member Institutions.  ***************
* Use of Rosetta for commercial purposes may require purchase of a license. *
********  See LICENSE.md or email license@uw.edu for more details. **********
core.init: Checking for fconfig files in pwd and ./rosetta/flags 
core.init: Rosetta version: 2024.19.post.dev+283.updatedliganddiscoverysearchcodeagmay2024.10ed978 10ed97813f1920392b632603a23dedae0d4f102d https://github.com/RosettaCommons/rosetta.git 2024-10-15T12:35:46
core.init: Rosetta extras: []
core.init: command: /scratch/abgvg9/rosetta_may_for_checkin/rosetta//source/bin/ligand_discovery_search_protocol.linuxgccrelease @comt_res_36_0_args
basic.random.init_random_generator: Constant seed mode, seed=1111111 seed_offset=0 real_seed=1111111
basic.random.init_random_generator: RandomGenerator:init: Normal mode, seed=1111111 RG_type=mt19937
core.init: Resolved executable path: /scratch/abgvg9/rosetta_may_for_checkin/rosetta/source/build/src/release/linux/3.10/64/x86/gcc/8.2/default/ligand_discovery_search_protocol.default.linuxgccrelease
core.init: Looking for database based on location of executable: /scratch/abgvg9/rosetta_may_for_checkin/rosetta/database/
LDS_app: Making Pose of input pdb file(s)
protocols.motifs.motif_utils: Got filename
protocols.motifs.motif_utils: Made motiflibrary
core.chemical.GlobalResidueTypeSet: Finished initializing fa_standard residue type set.  Created 985 residue types
core.chemical.GlobalResidueTypeSet: Total time to initialize 0.82 seconds.
protocols.motifs.motif_utils: added motifs from file
LDS_app: Collected motifs library with 1649150 motifs. 
core.chemical.GlobalResidueTypeSet: For ResidueTypeSet fa_standard there is no exclude_pdb_component_list.txt file to list known PDB ids.
core.chemical.GlobalResidueTypeSet:     This will turn off PDB component loading for ResidueTypeSet fa_standard
core.chemical.GlobalResidueTypeSet:     Expected file: /data/user/abgvg9/benchmark/files/all/comt/test_params/exclude_pdb_component_list.txt
core.chemical.GlobalResidueTypeSet: Finished initializing fa_standard residue type set.  Created 1 residue types
core.chemical.GlobalResidueTypeSet: Total time to initialize 0.39 seconds.
core.import_pose.import_pose: File '/data/user/abgvg9/benchmark/files/all/comt/comt.pdb' automatically determined to be of type PDB
core.io.pose_from_sfr.PoseFromSFRBuilder: [ WARNING ] discarding 1 atoms at position 1 in file /data/user/abgvg9/benchmark/files/all/comt/comt.pdb. Best match rsd_type:  GLY:NtermProteinFull
core.io.pose_from_sfr.PoseFromSFRBuilder: [ WARNING ] discarding 1 atoms at position 2 in file /data/user/abgvg9/benchmark/files/all/comt/comt.pdb. Best match rsd_type:  ASP
core.io.pose_from_sfr.PoseFromSFRBuilder: [ WARNING ] discarding 2 atoms at position 3 in file /data/user/abgvg9/benchmark/files/all/comt/comt.pdb. Best match rsd_type:  THR
core.io.pose_from_sfr.PoseFromSFRBuilder: [ WARNING ] discarding 4 atoms at position 4 in file /data/user/abgvg9/benchmark/files/all/comt/comt.pdb. Best match rsd_type:  LYS
core.io.pose_from_sfr.PoseFromSFRBuilder: [ WARNING ] discarding 1 atoms at position 5 in file /data/user/abgvg9/benchmark/files/all/comt/comt.pdb. Best match rsd_type:  GLU
core.io.pose_from_sfr.PoseFromSFRBuilder: [ WARNING ] discarding 3 atoms at position 6 in file /data/user/abgvg9/benchmark/files/all/comt/comt.pdb. Best match rsd_type:  GLN
core.io.pose_from_sfr.PoseFromSFRBuilder: [ WARNING ] discarding 6 atoms at position 7 in file /data/user/abgvg9/benchmark/files/all/comt/comt.pdb. Best match rsd_type:  ARG
core.io.pose_from_sfr.PoseFromSFRBuilder: [ WARNING ] discarding 1 atoms at position 8 in file /data/user/abgvg9/benchmark/files/all/comt/comt.pdb. Best match rsd_type:  ILE
core.io.pose_from_sfr.PoseFromSFRBuilder: [ WARNING ] discarding 1 atoms at position 9 in file /data/user/abgvg9/benchmark/files/all/comt/comt.pdb. Best match rsd_type:  LEU
core.io.pose_from_sfr.PoseFromSFRBuilder: [ WARNING ] discarding 3 atoms at position 10 in file /data/user/abgvg9/benchmark/files/all/comt/comt.pdb. Best match rsd_type:  ASN
core.io.pose_from_sfr.PoseFromSFRBuilder: [ WARNING ] discarding 2 atoms at position 11 in file /data/user/abgvg9/benchmark/files/all/comt/comt.pdb. Best match rsd_type:  HIS
core.io.pose_from_sfr.PoseFromSFRBuilder: [ WARNING ] discarding 1 atoms at position 12 in file /data/user/abgvg9/benchmark/files/all/comt/comt.pdb. Best match rsd_type:  VAL
core.io.pose_from_sfr.PoseFromSFRBuilder: [ WARNING ] discarding 1 atoms at position 13 in file /data/user/abgvg9/benchmark/files/all/comt/comt.pdb. Best match rsd_type:  LEU
core.io.pose_from_sfr.PoseFromSFRBuilder: [ WARNING ] discarding 3 atoms at position 14 in file /data/user/abgvg9/benchmark/files/all/comt/comt.pdb. Best match rsd_type:  GLN
core.io.pose_from_sfr.PoseFromSFRBuilder: [ WARNING ] discarding 2 atoms at position 15 in file /data/user/abgvg9/benchmark/files/all/comt/comt.pdb. Best match rsd_type:  HIS
core.io.pose_from_sfr.PoseFromSFRBuilder: [ WARNING ] discarding 1 atoms at position 16 in file /data/user/abgvg9/benchmark/files/all/comt/comt.pdb. Best match rsd_type:  ALA
core.io.pose_from_sfr.PoseFromSFRBuilder: [ WARNING ] discarding 1 atoms at position 17 in file /data/user/abgvg9/benchmark/files/all/comt/comt.pdb. Best match rsd_type:  GLU
core.io.pose_from_sfr.PoseFromSFRBuilder: [ WARNING ] discarding 1 atoms at position 18 in file /data/user/abgvg9/benchmark/files/all/comt/comt.pdb. Best match rsd_type:  GLY
core.io.pose_from_sfr.PoseFromSFRBuilder: [ WARNING ] discarding 3 atoms at position 19 in file /data/user/abgvg9/benchmark/files/all/comt/comt.pdb. Best match rsd_type:  ASN
core.io.pose_from_sfr.PoseFromSFRBuilder: [ WARNING ] discarding 1 atoms at position 20 in file /data/user/abgvg9/benchmark/files/all/comt/comt.pdb. Best match rsd_type:  ALA
core.io.pose_from_sfr.PoseFromSFRBuilder: [ WARNING ] discarding 3 atoms at position 21 in file /data/user/abgvg9/benchmark/files/all/comt/comt.pdb. Best match rsd_type:  GLN
core.io.pose_from_sfr.PoseFromSFRBuilder: [ WARNING ] discarding 2 atoms at position 22 in file /data/user/abgvg9/benchmark/files/all/comt/comt.pdb. Best match rsd_type:  SER
core.io.pose_from_sfr.PoseFromSFRBuilder: [ WARNING ] discarding 1 atoms at position 23 in file /data/user/abgvg9/benchmark/files/all/comt/comt.pdb. Best match rsd_type:  VAL
core.io.pose_from_sfr.PoseFromSFRBuilder: [ WARNING ] discarding 1 atoms at position 24 in file /data/user/abgvg9/benchmark/files/all/comt/comt.pdb. Best match rsd_type:  LEU
core.io.pose_from_sfr.PoseFromSFRBuilder: [ WARNING ] discarding 1 atoms at position 25 in file /data/user/abgvg9/benchmark/files/all/comt/comt.pdb. Best match rsd_type:  GLU
core.io.pose_from_sfr.PoseFromSFRBuilder: [ WARNING ] discarding 1 atoms at position 26 in file /data/user/abgvg9/benchmark/files/all/comt/comt.pdb. Best match rsd_type:  ALA
core.io.pose_from_sfr.PoseFromSFRBuilder: [ WARNING ] discarding 1 atoms at position 27 in file /data/user/abgvg9/benchmark/files/all/comt/comt.pdb. Best match rsd_type:  ILE
core.io.pose_from_sfr.PoseFromSFRBuilder: [ WARNING ] discarding 1 atoms at position 28 in file /data/user/abgvg9/benchmark/files/all/comt/comt.pdb. Best match rsd_type:  ASP
core.io.pose_from_sfr.PoseFromSFRBuilder: [ WARNING ] discarding 2 atoms at position 29 in file /data/user/abgvg9/benchmark/files/all/comt/comt.pdb. Best match rsd_type:  THR
core.io.pose_from_sfr.PoseFromSFRBuilder: [ WARNING ] discarding 2 atoms at position 30 in file /data/user/abgvg9/benchmark/files/all/comt/comt.pdb. Best match rsd_type:  TYR
core.io.pose_from_sfr.PoseFromSFRBuilder: [ WARNING ] discarding 2 atoms at position 31 in file /data/user/abgvg9/benchmark/files/all/comt/comt.pdb. Best match rsd_type:  CYS
core.io.pose_from_sfr.PoseFromSFRBuilder: [ WARNING ] discarding 1 atoms at position 32 in file /data/user/abgvg9/benchmark/files/all/comt/comt.pdb. Best match rsd_type:  GLU
core.io.pose_from_sfr.PoseFromSFRBuilder: [ WARNING ] discarding 3 atoms at position 33 in file /data/user/abgvg9/benchmark/files/all/comt/comt.pdb. Best match rsd_type:  GLN
core.io.pose_from_sfr.PoseFromSFRBuilder: [ WARNING ] discarding 4 atoms at position 34 in file /data/user/abgvg9/benchmark/files/all/comt/comt.pdb. Best match rsd_type:  LYS
core.io.pose_from_sfr.PoseFromSFRBuilder: [ WARNING ] discarding 1 atoms at position 35 in file /data/user/abgvg9/benchmark/files/all/comt/comt.pdb. Best match rsd_type:  GLU
core.io.pose_from_sfr.PoseFromSFRBuilder: [ WARNING ] discarding 2 atoms at position 36 in file /data/user/abgvg9/benchmark/files/all/comt/comt.pdb. Best match rsd_type:  TRP
core.io.pose_from_sfr.PoseFromSFRBuilder: [ WARNING ] discarding 1 atoms at position 37 in file /data/user/abgvg9/benchmark/files/all/comt/comt.pdb. Best match rsd_type:  ALA
core.io.pose_from_sfr.PoseFromSFRBuilder: [ WARNING ] discarding 1 atoms at position 38 in file /data/user/abgvg9/benchmark/files/all/comt/comt.pdb. Best match rsd_type:  MET
core.io.pose_from_sfr.PoseFromSFRBuilder: [ WARNING ] discarding 3 atoms at position 39 in file /data/user/abgvg9/benchmark/files/all/comt/comt.pdb. Best match rsd_type:  ASN
core.io.pose_from_sfr.PoseFromSFRBuilder: [ WARNING ] discarding 1 atoms at position 40 in file /data/user/abgvg9/benchmark/files/all/comt/comt.pdb. Best match rsd_type:  VAL
core.io.pose_from_sfr.PoseFromSFRBuilder: [ WARNING ] discarding 1 atoms at position 41 in file /data/user/abgvg9/benchmark/files/all/comt/comt.pdb. Best match rsd_type:  GLY
core.io.pose_from_sfr.PoseFromSFRBuilder: [ WARNING ] discarding 1 atoms at position 42 in file /data/user/abgvg9/benchmark/files/all/comt/comt.pdb. Best match rsd_type:  ASP
core.io.pose_from_sfr.PoseFromSFRBuilder: [ WARNING ] discarding 4 atoms at position 43 in file /data/user/abgvg9/benchmark/files/all/comt/comt.pdb. Best match rsd_type:  LYS
core.io.pose_from_sfr.PoseFromSFRBuilder: [ WARNING ] discarding 4 atoms at position 44 in file /data/user/abgvg9/benchmark/files/all/comt/comt.pdb. Best match rsd_type:  LYS
core.io.pose_from_sfr.PoseFromSFRBuilder: [ WARNING ] discarding 1 atoms at position 45 in file /data/user/abgvg9/benchmark/files/all/comt/comt.pdb. Best match rsd_type:  GLY
core.io.pose_from_sfr.PoseFromSFRBuilder: [ WARNING ] discarding 4 atoms at position 46 in file /data/user/abgvg9/benchmark/files/all/comt/comt.pdb. Best match rsd_type:  LYS
core.io.pose_from_sfr.PoseFromSFRBuilder: [ WARNING ] discarding 1 atoms at position 47 in file /data/user/abgvg9/benchmark/files/all/comt/comt.pdb. Best match rsd_type:  ILE
core.io.pose_from_sfr.PoseFromSFRBuilder: [ WARNING ] discarding 1 atoms at position 48 in file /data/user/abgvg9/benchmark/files/all/comt/comt.pdb. Best match rsd_type:  VAL
core.io.pose_from_sfr.PoseFromSFRBuilder: [ WARNING ] discarding 1 atoms at position 49 in file /data/user/abgvg9/benchmark/files/all/comt/comt.pdb. Best match rsd_type:  ASP
core.io.pose_from_sfr.PoseFromSFRBuilder: [ WARNING ] discarding 1 atoms at position 50 in file /data/user/abgvg9/benchmark/files/all/comt/comt.pdb. Best match rsd_type:  ALA
core.io.pose_from_sfr.PoseFromSFRBuilder: [ WARNING ] discarding 1 atoms at position 51 in file /data/user/abgvg9/benchmark/files/all/comt/comt.pdb. Best match rsd_type:  VAL
core.io.pose_from_sfr.PoseFromSFRBuilder: [ WARNING ] discarding 1 atoms at position 52 in file /data/user/abgvg9/benchmark/files/all/comt/comt.pdb. Best match rsd_type:  ILE
core.io.pose_from_sfr.PoseFromSFRBuilder: [ WARNING ] discarding 3 atoms at position 53 in file /data/user/abgvg9/benchmark/files/all/comt/comt.pdb. Best match rsd_type:  GLN
core.io.pose_from_sfr.PoseFromSFRBuilder: [ WARNING ] discarding 1 atoms at position 54 in file /data/user/abgvg9/benchmark/files/all/comt/comt.pdb. Best match rsd_type:  GLU
core.io.pose_from_sfr.PoseFromSFRBuilder: [ WARNING ] discarding 2 atoms at position 55 in file /data/user/abgvg9/benchmark/files/all/comt/comt.pdb. Best match rsd_type:  HIS
core.io.pose_from_sfr.PoseFromSFRBuilder: [ WARNING ] discarding 3 atoms at position 56 in file /data/user/abgvg9/benchmark/files/all/comt/comt.pdb. Best match rsd_type:  GLN
core.io.pose_from_sfr.PoseFromSFRBuilder: [ WARNING ] discarding 2 atoms at position 58 in file /data/user/abgvg9/benchmark/files/all/comt/comt.pdb. Best match rsd_type:  SER
core.io.pose_from_sfr.PoseFromSFRBuilder: [ WARNING ] discarding 1 atoms at position 59 in file /data/user/abgvg9/benchmark/files/all/comt/comt.pdb. Best match rsd_type:  VAL
core.io.pose_from_sfr.PoseFromSFRBuilder: [ WARNING ] discarding 1 atoms at position 60 in file /data/user/abgvg9/benchmark/files/all/comt/comt.pdb. Best match rsd_type:  LEU
core.io.pose_from_sfr.PoseFromSFRBuilder: [ WARNING ] discarding 1 atoms at position 61 in file /data/user/abgvg9/benchmark/files/all/comt/comt.pdb. Best match rsd_type:  LEU
core.io.pose_from_sfr.PoseFromSFRBuilder: [ WARNING ] discarding 1 atoms at position 62 in file /data/user/abgvg9/benchmark/files/all/comt/comt.pdb. Best match rsd_type:  GLU
core.io.pose_from_sfr.PoseFromSFRBuilder: [ WARNING ] discarding 1 atoms at position 63 in file /data/user/abgvg9/benchmark/files/all/comt/comt.pdb. Best match rsd_type:  LEU
core.io.pose_from_sfr.PoseFromSFRBuilder: [ WARNING ] discarding 1 atoms at position 64 in file /data/user/abgvg9/benchmark/files/all/comt/comt.pdb. Best match rsd_type:  GLY
core.io.pose_from_sfr.PoseFromSFRBuilder: [ WARNING ] discarding 1 atoms at position 65 in file /data/user/abgvg9/benchmark/files/all/comt/comt.pdb. Best match rsd_type:  ALA
core.io.pose_from_sfr.PoseFromSFRBuilder: [ WARNING ] discarding 2 atoms at position 66 in file /data/user/abgvg9/benchmark/files/all/comt/comt.pdb. Best match rsd_type:  TYR
core.io.pose_from_sfr.PoseFromSFRBuilder: [ WARNING ] discarding 2 atoms at position 67 in file /data/user/abgvg9/benchmark/files/all/comt/comt.pdb. Best match rsd_type:  CYS
core.io.pose_from_sfr.PoseFromSFRBuilder: [ WARNING ] discarding 1 atoms at position 68 in file /data/user/abgvg9/benchmark/files/all/comt/comt.pdb. Best match rsd_type:  GLY
core.io.pose_from_sfr.PoseFromSFRBuilder: [ WARNING ] discarding 2 atoms at position 69 in file /data/user/abgvg9/benchmark/files/all/comt/comt.pdb. Best match rsd_type:  TYR
core.io.pose_from_sfr.PoseFromSFRBuilder: [ WARNING ] discarding 2 atoms at position 70 in file /data/user/abgvg9/benchmark/files/all/comt/comt.pdb. Best match rsd_type:  SER
core.io.pose_from_sfr.PoseFromSFRBuilder: [ WARNING ] discarding 1 atoms at position 71 in file /data/user/abgvg9/benchmark/files/all/comt/comt.pdb. Best match rsd_type:  ALA
core.io.pose_from_sfr.PoseFromSFRBuilder: [ WARNING ] discarding 1 atoms at position 72 in file /data/user/abgvg9/benchmark/files/all/comt/comt.pdb. Best match rsd_type:  VAL
core.io.pose_from_sfr.PoseFromSFRBuilder: [ WARNING ] discarding 6 atoms at position 73 in file /data/user/abgvg9/benchmark/files/all/comt/comt.pdb. Best match rsd_type:  ARG
core.io.pose_from_sfr.PoseFromSFRBuilder: [ WARNING ] discarding 1 atoms at position 74 in file /data/user/abgvg9/benchmark/files/all/comt/comt.pdb. Best match rsd_type:  MET
core.io.pose_from_sfr.PoseFromSFRBuilder: [ WARNING ] discarding 1 atoms at position 75 in file /data/user/abgvg9/benchmark/files/all/comt/comt.pdb. Best match rsd_type:  ALA
core.io.pose_from_sfr.PoseFromSFRBuilder: [ WARNING ] discarding 6 atoms at position 76 in file /data/user/abgvg9/benchmark/files/all/comt/comt.pdb. Best match rsd_type:  ARG
core.io.pose_from_sfr.PoseFromSFRBuilder: [ WARNING ] discarding 1 atoms at position 77 in file /data/user/abgvg9/benchmark/files/all/comt/comt.pdb. Best match rsd_type:  LEU
core.io.pose_from_sfr.PoseFromSFRBuilder: [ WARNING ] discarding 1 atoms at position 78 in file /data/user/abgvg9/benchmark/files/all/comt/comt.pdb. Best match rsd_type:  LEU
core.io.pose_from_sfr.PoseFromSFRBuilder: [ WARNING ] discarding 2 atoms at position 79 in file /data/user/abgvg9/benchmark/files/all/comt/comt.pdb. Best match rsd_type:  SER
core.io.pose_from_sfr.PoseFromSFRBuilder: [ WARNING ] discarding 1 atoms at position 80 in file /data/user/abgvg9/benchmark/files/all/comt/comt.pdb. Best match rsd_type:  ALA
core.io.pose_from_sfr.PoseFromSFRBuilder: [ WARNING ] discarding 6 atoms at position 81 in file /data/user/abgvg9/benchmark/files/all/comt/comt.pdb. Best match rsd_type:  ARG
core.io.pose_from_sfr.PoseFromSFRBuilder: [ WARNING ] discarding 1 atoms at position 82 in file /data/user/abgvg9/benchmark/files/all/comt/comt.pdb. Best match rsd_type:  LEU
core.io.pose_from_sfr.PoseFromSFRBuilder: [ WARNING ] discarding 1 atoms at position 83 in file /data/user/abgvg9/benchmark/files/all/comt/comt.pdb. Best match rsd_type:  ILE
core.io.pose_from_sfr.PoseFromSFRBuilder: [ WARNING ] discarding 2 atoms at position 84 in file /data/user/abgvg9/benchmark/files/all/comt/comt.pdb. Best match rsd_type:  THR
core.io.pose_from_sfr.PoseFromSFRBuilder: [ WARNING ] discarding 1 atoms at position 85 in file /data/user/abgvg9/benchmark/files/all/comt/comt.pdb. Best match rsd_type:  ILE
core.io.pose_from_sfr.PoseFromSFRBuilder: [ WARNING ] discarding 1 atoms at position 86 in file /data/user/abgvg9/benchmark/files/all/comt/comt.pdb. Best match rsd_type:  GLU
core.io.pose_from_sfr.PoseFromSFRBuilder: [ WARNING ] discarding 1 atoms at position 87 in file /data/user/abgvg9/benchmark/files/all/comt/comt.pdb. Best match rsd_type:  ILE
core.io.pose_from_sfr.PoseFromSFRBuilder: [ WARNING ] discarding 3 atoms at position 88 in file /data/user/abgvg9/benchmark/files/all/comt/comt.pdb. Best match rsd_type:  ASN
core.io.pose_from_sfr.PoseFromSFRBuilder: [ WARNING ] discarding 1 atoms at position 90 in file /data/user/abgvg9/benchmark/files/all/comt/comt.pdb. Best match rsd_type:  ASP
core.io.pose_from_sfr.PoseFromSFRBuilder: [ WARNING ] discarding 2 atoms at position 91 in file /data/user/abgvg9/benchmark/files/all/comt/comt.pdb. Best match rsd_type:  CYS
core.io.pose_from_sfr.PoseFromSFRBuilder: [ WARNING ] discarding 1 atoms at position 92 in file /data/user/abgvg9/benchmark/files/all/comt/comt.pdb. Best match rsd_type:  ALA
core.io.pose_from_sfr.PoseFromSFRBuilder: [ WARNING ] discarding 1 atoms at position 93 in file /data/user/abgvg9/benchmark/files/all/comt/comt.pdb. Best match rsd_type:  ALA
core.io.pose_from_sfr.PoseFromSFRBuilder: [ WARNING ] discarding 1 atoms at position 94 in file /data/user/abgvg9/benchmark/files/all/comt/comt.pdb. Best match rsd_type:  ILE
core.io.pose_from_sfr.PoseFromSFRBuilder: [ WARNING ] discarding 2 atoms at position 95 in file /data/user/abgvg9/benchmark/files/all/comt/comt.pdb. Best match rsd_type:  THR
core.io.pose_from_sfr.PoseFromSFRBuilder: [ WARNING ] discarding 3 atoms at position 96 in file /data/user/abgvg9/benchmark/files/all/comt/comt.pdb. Best match rsd_type:  GLN
core.io.pose_from_sfr.PoseFromSFRBuilder: [ WARNING ] discarding 6 atoms at position 97 in file /data/user/abgvg9/benchmark/files/all/comt/comt.pdb. Best match rsd_type:  ARG
core.io.pose_from_sfr.PoseFromSFRBuilder: [ WARNING ] discarding 1 atoms at position 98 in file /data/user/abgvg9/benchmark/files/all/comt/comt.pdb. Best match rsd_type:  MET
core.io.pose_from_sfr.PoseFromSFRBuilder: [ WARNING ] discarding 1 atoms at position 99 in file /data/user/abgvg9/benchmark/files/all/comt/comt.pdb. Best match rsd_type:  VAL
core.io.pose_from_sfr.PoseFromSFRBuilder: [ WARNING ] discarding 1 atoms at position 100 in file /data/user/abgvg9/benchmark/files/all/comt/comt.pdb. Best match rsd_type:  ASP
core.io.pose_from_sfr.PoseFromSFRBuilder: [ WARNING ] discarding 1 atoms at position 101 in file /data/user/abgvg9/benchmark/files/all/comt/comt.pdb. Best match rsd_type:  PHE
core.io.pose_from_sfr.PoseFromSFRBuilder: [ WARNING ] discarding 1 atoms at position 102 in file /data/user/abgvg9/benchmark/files/all/comt/comt.pdb. Best match rsd_type:  ALA
core.io.pose_from_sfr.PoseFromSFRBuilder: [ WARNING ] discarding 1 atoms at position 103 in file /data/user/abgvg9/benchmark/files/all/comt/comt.pdb. Best match rsd_type:  GLY
core.io.pose_from_sfr.PoseFromSFRBuilder: [ WARNING ] discarding 1 atoms at position 104 in file /data/user/abgvg9/benchmark/files/all/comt/comt.pdb. Best match rsd_type:  VAL
core.io.pose_from_sfr.PoseFromSFRBuilder: [ WARNING ] discarding 4 atoms at position 105 in file /data/user/abgvg9/benchmark/files/all/comt/comt.pdb. Best match rsd_type:  LYS
core.io.pose_from_sfr.PoseFromSFRBuilder: [ WARNING ] discarding 1 atoms at position 106 in file /data/user/abgvg9/benchmark/files/all/comt/comt.pdb. Best match rsd_type:  ASP
core.io.pose_from_sfr.PoseFromSFRBuilder: [ WARNING ] discarding 4 atoms at position 107 in file /data/user/abgvg9/benchmark/files/all/comt/comt.pdb. Best match rsd_type:  LYS
core.io.pose_from_sfr.PoseFromSFRBuilder: [ WARNING ] discarding 1 atoms at position 108 in file /data/user/abgvg9/benchmark/files/all/comt/comt.pdb. Best match rsd_type:  VAL
core.io.pose_from_sfr.PoseFromSFRBuilder: [ WARNING ] discarding 2 atoms at position 109 in file /data/user/abgvg9/benchmark/files/all/comt/comt.pdb. Best match rsd_type:  THR
core.io.pose_from_sfr.PoseFromSFRBuilder: [ WARNING ] discarding 1 atoms at position 110 in file /data/user/abgvg9/benchmark/files/all/comt/comt.pdb. Best match rsd_type:  LEU
core.io.pose_from_sfr.PoseFromSFRBuilder: [ WARNING ] discarding 1 atoms at position 111 in file /data/user/abgvg9/benchmark/files/all/comt/comt.pdb. Best match rsd_type:  VAL
core.io.pose_from_sfr.PoseFromSFRBuilder: [ WARNING ] discarding 1 atoms at position 112 in file /data/user/abgvg9/benchmark/files/all/comt/comt.pdb. Best match rsd_type:  VAL
core.io.pose_from_sfr.PoseFromSFRBuilder: [ WARNING ] discarding 1 atoms at position 113 in file /data/user/abgvg9/benchmark/files/all/comt/comt.pdb. Best match rsd_type:  GLY
core.io.pose_from_sfr.PoseFromSFRBuilder: [ WARNING ] discarding 1 atoms at position 114 in file /data/user/abgvg9/benchmark/files/all/comt/comt.pdb. Best match rsd_type:  ALA
core.io.pose_from_sfr.PoseFromSFRBuilder: [ WARNING ] discarding 2 atoms at position 115 in file /data/user/abgvg9/benchmark/files/all/comt/comt.pdb. Best match rsd_type:  SER
core.io.pose_from_sfr.PoseFromSFRBuilder: [ WARNING ] discarding 3 atoms at position 116 in file /data/user/abgvg9/benchmark/files/all/comt/comt.pdb. Best match rsd_type:  GLN
core.io.pose_from_sfr.PoseFromSFRBuilder: [ WARNING ] discarding 1 atoms at position 117 in file /data/user/abgvg9/benchmark/files/all/comt/comt.pdb. Best match rsd_type:  ASP
core.io.pose_from_sfr.PoseFromSFRBuilder: [ WARNING ] discarding 1 atoms at position 118 in file /data/user/abgvg9/benchmark/files/all/comt/comt.pdb. Best match rsd_type:  ILE
core.io.pose_from_sfr.PoseFromSFRBuilder: [ WARNING ] discarding 1 atoms at position 119 in file /data/user/abgvg9/benchmark/files/all/comt/comt.pdb. Best match rsd_type:  ILE
core.io.pose_from_sfr.PoseFromSFRBuilder: [ WARNING ] discarding 3 atoms at position 121 in file /data/user/abgvg9/benchmark/files/all/comt/comt.pdb. Best match rsd_type:  GLN
core.io.pose_from_sfr.PoseFromSFRBuilder: [ WARNING ] discarding 1 atoms at position 122 in file /data/user/abgvg9/benchmark/files/all/comt/comt.pdb. Best match rsd_type:  LEU
core.io.pose_from_sfr.PoseFromSFRBuilder: [ WARNING ] discarding 4 atoms at position 123 in file /data/user/abgvg9/benchmark/files/all/comt/comt.pdb. Best match rsd_type:  LYS
core.io.pose_from_sfr.PoseFromSFRBuilder: [ WARNING ] discarding 2 atoms at position 124 in file /data/user/abgvg9/benchmark/files/all/comt/comt.pdb. Best match rsd_type:  TYR
core.io.pose_from_sfr.PoseFromSFRBuilder: [ WARNING ] discarding 1 atoms at position 125 in file /data/user/abgvg9/benchmark/files/all/comt/comt.pdb. Best match rsd_type:  VAL
core.io.pose_from_sfr.PoseFromSFRBuilder: [ WARNING ] discarding 2 atoms at position 126 in file /data/user/abgvg9/benchmark/files/all/comt/comt.pdb. Best match rsd_type:  THR
core.io.pose_from_sfr.PoseFromSFRBuilder: [ WARNING ] discarding 1 atoms at position 127 in file /data/user/abgvg9/benchmark/files/all/comt/comt.pdb. Best match rsd_type:  LEU
core.io.pose_from_sfr.PoseFromSFRBuilder: [ WARNING ] discarding 1 atoms at position 128 in file /data/user/abgvg9/benchmark/files/all/comt/comt.pdb. Best match rsd_type:  ASP
core.io.pose_from_sfr.PoseFromSFRBuilder: [ WARNING ] discarding 1 atoms at position 129 in file /data/user/abgvg9/benchmark/files/all/comt/comt.pdb. Best match rsd_type:  MET
core.io.pose_from_sfr.PoseFromSFRBuilder: [ WARNING ] discarding 1 atoms at position 130 in file /data/user/abgvg9/benchmark/files/all/comt/comt.pdb. Best match rsd_type:  VAL
core.io.pose_from_sfr.PoseFromSFRBuilder: [ WARNING ] discarding 1 atoms at position 131 in file /data/user/abgvg9/benchmark/files/all/comt/comt.pdb. Best match rsd_type:  PHE
core.io.pose_from_sfr.PoseFromSFRBuilder: [ WARNING ] discarding 1 atoms at position 132 in file /data/user/abgvg9/benchmark/files/all/comt/comt.pdb. Best match rsd_type:  LEU
core.io.pose_from_sfr.PoseFromSFRBuilder: [ WARNING ] discarding 2 atoms at position 133 in file /data/user/abgvg9/benchmark/files/all/comt/comt.pdb. Best match rsd_type:  HIS
core.io.pose_from_sfr.PoseFromSFRBuilder: [ WARNING ] discarding 2 atoms at position 134 in file /data/user/abgvg9/benchmark/files/all/comt/comt.pdb. Best match rsd_type:  TRP
core.io.pose_from_sfr.PoseFromSFRBuilder: [ WARNING ] discarding 4 atoms at position 135 in file /data/user/abgvg9/benchmark/files/all/comt/comt.pdb. Best match rsd_type:  LYS
core.io.pose_from_sfr.PoseFromSFRBuilder: [ WARNING ] discarding 1 atoms at position 136 in file /data/user/abgvg9/benchmark/files/all/comt/comt.pdb. Best match rsd_type:  ASP
core.io.pose_from_sfr.PoseFromSFRBuilder: [ WARNING ] discarding 6 atoms at position 137 in file /data/user/abgvg9/benchmark/files/all/comt/comt.pdb. Best match rsd_type:  ARG
core.io.pose_from_sfr.PoseFromSFRBuilder: [ WARNING ] discarding 2 atoms at position 138 in file /data/user/abgvg9/benchmark/files/all/comt/comt.pdb. Best match rsd_type:  TYR
core.io.pose_from_sfr.PoseFromSFRBuilder: [ WARNING ] discarding 1 atoms at position 139 in file /data/user/abgvg9/benchmark/files/all/comt/comt.pdb. Best match rsd_type:  LEU
core.io.pose_from_sfr.PoseFromSFRBuilder: [ WARNING ] discarding 1 atoms at position 141 in file /data/user/abgvg9/benchmark/files/all/comt/comt.pdb. Best match rsd_type:  ASP
core.io.pose_from_sfr.PoseFromSFRBuilder: [ WARNING ] discarding 2 atoms at position 142 in file /data/user/abgvg9/benchmark/files/all/comt/comt.pdb. Best match rsd_type:  THR
core.io.pose_from_sfr.PoseFromSFRBuilder: [ WARNING ] discarding 1 atoms at position 143 in file /data/user/abgvg9/benchmark/files/all/comt/comt.pdb. Best match rsd_type:  LEU
core.io.pose_from_sfr.PoseFromSFRBuilder: [ WARNING ] discarding 1 atoms at position 144 in file /data/user/abgvg9/benchmark/files/all/comt/comt.pdb. Best match rsd_type:  LEU
core.io.pose_from_sfr.PoseFromSFRBuilder: [ WARNING ] discarding 1 atoms at position 145 in file /data/user/abgvg9/benchmark/files/all/comt/comt.pdb. Best match rsd_type:  LEU
core.io.pose_from_sfr.PoseFromSFRBuilder: [ WARNING ] discarding 1 atoms at position 146 in file /data/user/abgvg9/benchmark/files/all/comt/comt.pdb. Best match rsd_type:  GLU
core.io.pose_from_sfr.PoseFromSFRBuilder: [ WARNING ] discarding 1 atoms at position 147 in file /data/user/abgvg9/benchmark/files/all/comt/comt.pdb. Best match rsd_type:  GLU
core.io.pose_from_sfr.PoseFromSFRBuilder: [ WARNING ] discarding 2 atoms at position 148 in file /data/user/abgvg9/benchmark/files/all/comt/comt.pdb. Best match rsd_type:  CYS
core.io.pose_from_sfr.PoseFromSFRBuilder: [ WARNING ] discarding 1 atoms at position 149 in file /data/user/abgvg9/benchmark/files/all/comt/comt.pdb. Best match rsd_type:  GLY
core.io.pose_from_sfr.PoseFromSFRBuilder: [ WARNING ] discarding 1 atoms at position 150 in file /data/user/abgvg9/benchmark/files/all/comt/comt.pdb. Best match rsd_type:  LEU
core.io.pose_from_sfr.PoseFromSFRBuilder: [ WARNING ] discarding 1 atoms at position 151 in file /data/user/abgvg9/benchmark/files/all/comt/comt.pdb. Best match rsd_type:  LEU
core.io.pose_from_sfr.PoseFromSFRBuilder: [ WARNING ] discarding 6 atoms at position 152 in file /data/user/abgvg9/benchmark/files/all/comt/comt.pdb. Best match rsd_type:  ARG
core.io.pose_from_sfr.PoseFromSFRBuilder: [ WARNING ] discarding 1 atoms at position 153 in file /data/user/abgvg9/benchmark/files/all/comt/comt.pdb. Best match rsd_type:  GLY
core.io.pose_from_sfr.PoseFromSFRBuilder: [ WARNING ] discarding 2 atoms at position 154 in file /data/user/abgvg9/benchmark/files/all/comt/comt.pdb. Best match rsd_type:  THR
core.io.pose_from_sfr.PoseFromSFRBuilder: [ WARNING ] discarding 1 atoms at position 155 in file /data/user/abgvg9/benchmark/files/all/comt/comt.pdb. Best match rsd_type:  VAL
core.io.pose_from_sfr.PoseFromSFRBuilder: [ WARNING ] discarding 1 atoms at position 156 in file /data/user/abgvg9/benchmark/files/all/comt/comt.pdb. Best match rsd_type:  LEU
core.io.pose_from_sfr.PoseFromSFRBuilder: [ WARNING ] discarding 1 atoms at position 157 in file /data/user/abgvg9/benchmark/files/all/comt/comt.pdb. Best match rsd_type:  LEU
core.io.pose_from_sfr.PoseFromSFRBuilder: [ WARNING ] discarding 1 atoms at position 158 in file /data/user/abgvg9/benchmark/files/all/comt/comt.pdb. Best match rsd_type:  ALA
core.io.pose_from_sfr.PoseFromSFRBuilder: [ WARNING ] discarding 1 atoms at position 159 in file /data/user/abgvg9/benchmark/files/all/comt/comt.pdb. Best match rsd_type:  VAL
core.io.pose_from_sfr.PoseFromSFRBuilder: [ WARNING ] discarding 1 atoms at position 160 in file /data/user/abgvg9/benchmark/files/all/comt/comt.pdb. Best match rsd_type:  ILE
core.io.pose_from_sfr.PoseFromSFRBuilder: [ WARNING ] discarding 2 atoms at position 161 in file /data/user/abgvg9/benchmark/files/all/comt/comt.pdb. Best match rsd_type:  CYS
core.io.pose_from_sfr.PoseFromSFRBuilder: [ WARNING ] discarding 1 atoms at position 163 in file /data/user/abgvg9/benchmark/files/all/comt/comt.pdb. Best match rsd_type:  GLY
core.io.pose_from_sfr.PoseFromSFRBuilder: [ WARNING ] discarding 1 atoms at position 164 in file /data/user/abgvg9/benchmark/files/all/comt/comt.pdb. Best match rsd_type:  ALA
core.io.pose_from_sfr.PoseFromSFRBuilder: [ WARNING ] discarding 1 atoms at position 166 in file /data/user/abgvg9/benchmark/files/all/comt/comt.pdb. Best match rsd_type:  ASP
core.io.pose_from_sfr.PoseFromSFRBuilder: [ WARNING ] discarding 1 atoms at position 167 in file /data/user/abgvg9/benchmark/files/all/comt/comt.pdb. Best match rsd_type:  PHE
core.io.pose_from_sfr.PoseFromSFRBuilder: [ WARNING ] discarding 1 atoms at position 168 in file /data/user/abgvg9/benchmark/files/all/comt/comt.pdb. Best match rsd_type:  LEU
core.io.pose_from_sfr.PoseFromSFRBuilder: [ WARNING ] discarding 1 atoms at position 169 in file /data/user/abgvg9/benchmark/files/all/comt/comt.pdb. Best match rsd_type:  ALA
core.io.pose_from_sfr.PoseFromSFRBuilder: [ WARNING ] discarding 2 atoms at position 170 in file /data/user/abgvg9/benchmark/files/all/comt/comt.pdb. Best match rsd_type:  HIS
core.io.pose_from_sfr.PoseFromSFRBuilder: [ WARNING ] discarding 1 atoms at position 171 in file /data/user/abgvg9/benchmark/files/all/comt/comt.pdb. Best match rsd_type:  VAL
core.io.pose_from_sfr.PoseFromSFRBuilder: [ WARNING ] discarding 6 atoms at position 172 in file /data/user/abgvg9/benchmark/files/all/comt/comt.pdb. Best match rsd_type:  ARG
core.io.pose_from_sfr.PoseFromSFRBuilder: [ WARNING ] discarding 1 atoms at position 173 in file /data/user/abgvg9/benchmark/files/all/comt/comt.pdb. Best match rsd_type:  GLY
core.io.pose_from_sfr.PoseFromSFRBuilder: [ WARNING ] discarding 2 atoms at position 174 in file /data/user/abgvg9/benchmark/files/all/comt/comt.pdb. Best match rsd_type:  SER
core.io.pose_from_sfr.PoseFromSFRBuilder: [ WARNING ] discarding 2 atoms at position 175 in file /data/user/abgvg9/benchmark/files/all/comt/comt.pdb. Best match rsd_type:  CYS
core.io.pose_from_sfr.PoseFromSFRBuilder: [ WARNING ] discarding 1 atoms at position 176 in file /data/user/abgvg9/benchmark/files/all/comt/comt.pdb. Best match rsd_type:  PHE
core.io.pose_from_sfr.PoseFromSFRBuilder: [ WARNING ] discarding 1 atoms at position 177 in file /data/user/abgvg9/benchmark/files/all/comt/comt.pdb. Best match rsd_type:  GLU
core.io.pose_from_sfr.PoseFromSFRBuilder: [ WARNING ] discarding 2 atoms at position 178 in file /data/user/abgvg9/benchmark/files/all/comt/comt.pdb. Best match rsd_type:  CYS
core.io.pose_from_sfr.PoseFromSFRBuilder: [ WARNING ] discarding 2 atoms at position 179 in file /data/user/abgvg9/benchmark/files/all/comt/comt.pdb. Best match rsd_type:  THR
core.io.pose_from_sfr.PoseFromSFRBuilder: [ WARNING ] discarding 3 atoms at position 180 in file /data/user/abgvg9/benchmark/files/all/comt/comt.pdb. Best match rsd_type:  HIS
core.io.pose_from_sfr.PoseFromSFRBuilder: [ WARNING ] discarding 2 atoms at position 181 in file /data/user/abgvg9/benchmark/files/all/comt/comt.pdb. Best match rsd_type:  TYR
core.io.pose_from_sfr.PoseFromSFRBuilder: [ WARNING ] discarding 3 atoms at position 182 in file /data/user/abgvg9/benchmark/files/all/comt/comt.pdb. Best match rsd_type:  GLN
core.io.pose_from_sfr.PoseFromSFRBuilder: [ WARNING ] discarding 2 atoms at position 183 in file /data/user/abgvg9/benchmark/files/all/comt/comt.pdb. Best match rsd_type:  SER
core.io.pose_from_sfr.PoseFromSFRBuilder: [ WARNING ] discarding 1 atoms at position 184 in file /data/user/abgvg9/benchmark/files/all/comt/comt.pdb. Best match rsd_type:  PHE
core.io.pose_from_sfr.PoseFromSFRBuilder: [ WARNING ] discarding 1 atoms at position 185 in file /data/user/abgvg9/benchmark/files/all/comt/comt.pdb. Best match rsd_type:  LEU
core.io.pose_from_sfr.PoseFromSFRBuilder: [ WARNING ] discarding 1 atoms at position 186 in file /data/user/abgvg9/benchmark/files/all/comt/comt.pdb. Best match rsd_type:  GLU
core.io.pose_from_sfr.PoseFromSFRBuilder: [ WARNING ] discarding 2 atoms at position 187 in file /data/user/abgvg9/benchmark/files/all/comt/comt.pdb. Best match rsd_type:  TYR
core.io.pose_from_sfr.PoseFromSFRBuilder: [ WARNING ] discarding 6 atoms at position 188 in file /data/user/abgvg9/benchmark/files/all/comt/comt.pdb. Best match rsd_type:  ARG
core.io.pose_from_sfr.PoseFromSFRBuilder: [ WARNING ] discarding 1 atoms at position 189 in file /data/user/abgvg9/benchmark/files/all/comt/comt.pdb. Best match rsd_type:  GLU
core.io.pose_from_sfr.PoseFromSFRBuilder: [ WARNING ] discarding 1 atoms at position 190 in file /data/user/abgvg9/benchmark/files/all/comt/comt.pdb. Best match rsd_type:  VAL
core.io.pose_from_sfr.PoseFromSFRBuilder: [ WARNING ] discarding 1 atoms at position 191 in file /data/user/abgvg9/benchmark/files/all/comt/comt.pdb. Best match rsd_type:  VAL
core.io.pose_from_sfr.PoseFromSFRBuilder: [ WARNING ] discarding 1 atoms at position 192 in file /data/user/abgvg9/benchmark/files/all/comt/comt.pdb. Best match rsd_type:  ASP
core.io.pose_from_sfr.PoseFromSFRBuilder: [ WARNING ] discarding 1 atoms at position 193 in file /data/user/abgvg9/benchmark/files/all/comt/comt.pdb. Best match rsd_type:  GLY
core.io.pose_from_sfr.PoseFromSFRBuilder: [ WARNING ] discarding 1 atoms at position 194 in file /data/user/abgvg9/benchmark/files/all/comt/comt.pdb. Best match rsd_type:  LEU
core.io.pose_from_sfr.PoseFromSFRBuilder: [ WARNING ] discarding 1 atoms at position 195 in file /data/user/abgvg9/benchmark/files/all/comt/comt.pdb. Best match rsd_type:  GLU
core.io.pose_from_sfr.PoseFromSFRBuilder: [ WARNING ] discarding 4 atoms at position 196 in file /data/user/abgvg9/benchmark/files/all/comt/comt.pdb. Best match rsd_type:  LYS
core.io.pose_from_sfr.PoseFromSFRBuilder: [ WARNING ] discarding 1 atoms at position 197 in file /data/user/abgvg9/benchmark/files/all/comt/comt.pdb. Best match rsd_type:  ALA
core.io.pose_from_sfr.PoseFromSFRBuilder: [ WARNING ] discarding 1 atoms at position 198 in file /data/user/abgvg9/benchmark/files/all/comt/comt.pdb. Best match rsd_type:  ILE
core.io.pose_from_sfr.PoseFromSFRBuilder: [ WARNING ] discarding 2 atoms at position 199 in file /data/user/abgvg9/benchmark/files/all/comt/comt.pdb. Best match rsd_type:  TYR
core.io.pose_from_sfr.PoseFromSFRBuilder: [ WARNING ] discarding 4 atoms at position 200 in file /data/user/abgvg9/benchmark/files/all/comt/comt.pdb. Best match rsd_type:  LYS:CtermProteinFull
core.conformation.Conformation: [ WARNING ] missing heavyatom:  OXT on residue LYS:CtermProteinFull 200
LDS_app: Making LigandDiscoverySearch object
core.scoring.etable: Starting energy table calculation
core.scoring.etable: smooth_etable: changing atr/rep split to bottom of energy well
core.scoring.etable: smooth_etable: spline smoothing lj etables (maxdis = 6)
core.scoring.etable: smooth_etable: spline smoothing solvation etables (max_dis = 6)
core.scoring.etable: Finished calculating energy tables.
basic.io.database: Database file opened: scoring/score_functions/PairEPotential/pdb_pair_stats_fine
basic.io.database: Database file opened: scoring/score_functions/hbonds/ref2015_params/HBPoly1D.csv
basic.io.database: Database file opened: scoring/score_functions/hbonds/ref2015_params/HBFadeIntervals.csv
basic.io.database: Database file opened: scoring/score_functions/hbonds/ref2015_params/HBEval.csv
basic.io.database: Database file opened: scoring/score_functions/hbonds/ref2015_params/DonStrength.csv
basic.io.database: Database file opened: scoring/score_functions/hbonds/ref2015_params/AccStrength.csv
basic.io.database: Database file opened: scoring/score_functions/P_AA_pp/P_AA
basic.io.database: Database file opened: scoring/score_functions/P_AA_pp/P_AA_n
core.scoring.P_AA: shapovalov_lib::shap_p_aa_pp_smooth_level of 1( aka low_smooth ) got activated.
basic.io.database: Database file opened: scoring/score_functions/P_AA_pp/shapovalov/10deg/kappa131/a20.prop
basic.io.database: Database file opened: scoring/score_functions/omega/omega_ppdep.all.txt
basic.io.database: Database file opened: scoring/score_functions/omega/omega_ppdep.gly.txt
basic.io.database: Database file opened: scoring/score_functions/omega/omega_ppdep.pro.txt
basic.io.database: Database file opened: scoring/score_functions/omega/omega_ppdep.valile.txt
LDS_app: Running discovery for comt
protocols.ligand_docking.ligand_options.Protocol: Initializing options: 
protocols.ligand_docking.ligand_options.Protocol: allow_minimization_: 1
protocols.ligand_docking.ligand_options.Protocol: allow_repacking_: 1
protocols.ligand_docking.ligand_options.Protocol: all_residues_: 0
LigandDiscoverySearch.discover: Current anchor residue position: 36
LigandDiscoverySearch.create_protein_matrix_space_fill: binding_pocket_dimensions: 10,10,10
LigandDiscoverySearch.create_protein_matrix_space_fill: binding_pocket_dimensions: 1,3,3
LigandDiscoverySearch.create_protein_matrix_space_fill: Sub-region stats without placed region, bound by adjusted coordinates: x(27->29) y(16->22) z(16->22)
LigandDiscoverySearch.discover: Starting to iterate through all ligands
LigandDiscoverySearch.discover: On ligand +
basic.io.database: [ WARNING ] Unable to locate database file chemical/pdb_components/components.c.cif
basic.io.database: [ WARNING ] Unable to locate database file chemical/pdb_components/components.c.cif.gz
core.chemical.GlobalResidueTypeSet: [ WARNING ] Could not find: 'cry' in pdb components files! Skipping residue...
core.pack.task: Packer task: initialize from command line() 
core.pack.task: Packer task: initialize from command line() 
core.pack.task: Packer task: initialize from command line() 
protocols.moves.MonteCarlo: MonteCarlo:: last_accepted_score,lowest_score: -846.433 -846.433
basic.io.database: Database file opened: scoring/score_functions/elec_cp_reps.dat
core.scoring.elec.util: Read 40 countpair representative atoms
core.pack.dunbrack.RotamerLibrary: shapovalov_lib_fixes_enable option is true.
core.pack.dunbrack.RotamerLibrary: shapovalov_lib::shap_dun10_smooth_level of 1( aka lowest_smooth ) got activated.
core.pack.dunbrack.RotamerLibrary: Binary rotamer library selected: /scratch/abgvg9/rosetta_may_for_checkin/rosetta/database/rotamer/shapovalov/StpDwn_0-0-0/Dunbrack10.lib.bin
core.pack.dunbrack.RotamerLibrary: Using Dunbrack library binary file '/scratch/abgvg9/rosetta_may_for_checkin/rosetta/database/rotamer/shapovalov/StpDwn_0-0-0/Dunbrack10.lib.bin'.
core.pack.dunbrack.RotamerLibrary: Dunbrack 2010 library took 0.14 seconds to load from binary
protocols.motifs.Motif: Res1 name is TRP
protocols.motifs.Motif: atom1 name is aroC
protocols.motifs.Motif: atom2 name is Npro
protocols.motifs.Motif: atom3 name is ONH2
protocols.motifs.Motif: Res1 name is MET
protocols.motifs.Motif: atom1 name is aroC
protocols.motifs.Motif: atom2 name is aroC
protocols.motifs.Motif: atom3 name is OH
protocols.motifs.Motif: Res1 name is PRO
protocols.motifs.Motif: atom1 name is aroC
protocols.motifs.Motif: atom2 name is aroC
protocols.motifs.Motif: atom3 name is OH
core.pack.task: Packer task: initialize from command line() 
core.pack.task: Packer task: initialize from command line() 
core.pack.task: Packer task: initialize from command line() 
protocols.moves.MonteCarlo: MonteCarlo:: last_accepted_score,lowest_score: -847.897 -848.079
protocols.motifs.Motif: Res1 name is TRP
protocols.motifs.Motif: atom1 name is ONH2
protocols.motifs.Motif: atom2 name is Npro
protocols.motifs.Motif: atom3 name is ONH2
protocols.motifs.Motif: Res1 name is TRP
protocols.motifs.Motif: atom1 name is aroC
protocols.motifs.Motif: atom2 name is aroC
protocols.motifs.Motif: atom3 name is OH
protocols.motifs.Motif: Res1 name is PRO
protocols.motifs.Motif: atom1 name is ONH2
protocols.motifs.Motif: atom2 name is Npro
protocols.motifs.Motif: atom3 name is ONH2
protocols.motifs.Motif: Res1 name is LEU
protocols.motifs.Motif: atom1 name is ONH2
protocols.motifs.Motif: atom2 name is Npro
protocols.motifs.Motif: atom3 name is ONH2
core.pack.task: Packer task: initialize from command line() 
core.pack.task: Packer task: initialize from command line() 
core.pack.task: Packer task: initialize from command line() 
protocols.moves.MonteCarlo: MonteCarlo:: last_accepted_score,lowest_score: -849.601 -849.601
protocols.motifs.Motif: Res1 name is TRP
protocols.motifs.Motif: atom1 name is ONH2
protocols.motifs.Motif: atom2 name is Npro
protocols.motifs.Motif: atom3 name is ONH2
protocols.motifs.Motif: Res1 name is MET
protocols.motifs.Motif: atom1 name is ONH2
protocols.motifs.Motif: atom2 name is Npro
protocols.motifs.Motif: atom3 name is ONH2
protocols.motifs.Motif: Res1 name is TRP
protocols.motifs.Motif: atom1 name is ONH2
protocols.motifs.Motif: atom2 name is Npro
protocols.motifs.Motif: atom3 name is ONH2
protocols.motifs.Motif: Res1 name is LYS
protocols.motifs.Motif: atom1 name is ONH2
protocols.motifs.Motif: atom2 name is Npro
protocols.motifs.Motif: atom3 name is ONH2
protocols.motifs.Motif: Res1 name is PRO
protocols.motifs.Motif: atom1 name is aroC
protocols.motifs.Motif: atom2 name is aroC
protocols.motifs.Motif: atom3 name is aroC
protocols.motifs.Motif: Res1 name is LEU
protocols.motifs.Motif: atom1 name is ONH2
protocols.motifs.Motif: atom2 name is Npro
protocols.motifs.Motif: atom3 name is ONH2
core.pack.task: Packer task: initialize from command line() 
core.pack.task: Packer task: initialize from command line() 
core.pack.task: Packer task: initialize from command line() 
protocols.moves.MonteCarlo: MonteCarlo:: last_accepted_score,lowest_score: -847.247 -847.669
protocols.motifs.Motif: Res1 name is TRP
protocols.motifs.Motif: atom1 name is aroC
protocols.motifs.Motif: atom2 name is aroC
protocols.motifs.Motif: atom3 name is aroC
protocols.motifs.Motif: Res1 name is MET
protocols.motifs.Motif: atom1 name is ONH2
protocols.motifs.Motif: atom2 name is Npro
protocols.motifs.Motif: atom3 name is ONH2
protocols.motifs.Motif: Res1 name is PRO
protocols.motifs.Motif: atom1 name is aroC
protocols.motifs.Motif: atom2 name is aroC
protocols.motifs.Motif: atom3 name is OH
protocols.motifs.Motif: Res1 name is LEU
protocols.motifs.Motif: atom1 name is ONH2
protocols.motifs.Motif: atom2 name is Npro
protocols.motifs.Motif: atom3 name is ONH2
protocols.motifs.Motif: Res1 name is GLU
protocols.motifs.Motif: atom1 name is ONH2
protocols.motifs.Motif: atom2 name is Npro
protocols.motifs.Motif: atom3 name is ONH2
core.pack.task: Packer task: initialize from command line() 
core.pack.task: Packer task: initialize from command line() 
core.pack.task: Packer task: initialize from command line() 
protocols.moves.MonteCarlo: MonteCarlo:: last_accepted_score,lowest_score: -848.163 -848.316
protocols.motifs.Motif: Res1 name is TRP
protocols.motifs.Motif: atom1 name is ONH2
protocols.motifs.Motif: atom2 name is Npro
protocols.motifs.Motif: atom3 name is ONH2
protocols.motifs.Motif: Res1 name is MET
protocols.motifs.Motif: atom1 name is aroC
protocols.motifs.Motif: atom2 name is aroC
protocols.motifs.Motif: atom3 name is OH
protocols.motifs.Motif: Res1 name is TRP
protocols.motifs.Motif: atom1 name is aroC
protocols.motifs.Motif: atom2 name is aroC
protocols.motifs.Motif: atom3 name is OH
protocols.motifs.Motif: Res1 name is PRO
protocols.motifs.Motif: atom1 name is aroC
protocols.motifs.Motif: atom2 name is aroC
protocols.motifs.Motif: atom3 name is aroC
protocols.motifs.Motif: Res1 name is LEU
protocols.motifs.Motif: atom1 name is ONH2
protocols.motifs.Motif: atom2 name is Npro
protocols.motifs.Motif: atom3 name is ONH2
core.pack.task: Packer task: initialize from command line() 
core.pack.task: Packer task: initialize from command line() 
core.pack.task: Packer task: initialize from command line() 
protocols.moves.MonteCarlo: MonteCarlo:: last_accepted_score,lowest_score: -845.861 -846.996
protocols.motifs.Motif: Res1 name is TRP
protocols.motifs.Motif: atom1 name is aroC
protocols.motifs.Motif: atom2 name is aroC
protocols.motifs.Motif: atom3 name is aroC
protocols.motifs.Motif: Res1 name is PRO
protocols.motifs.Motif: atom1 name is aroC
protocols.motifs.Motif: atom2 name is aroC
protocols.motifs.Motif: atom3 name is OH
core.pack.task: Packer task: initialize from command line() 
core.pack.task: Packer task: initialize from command line() 
core.pack.task: Packer task: initialize from command line() 
protocols.moves.MonteCarlo: MonteCarlo:: last_accepted_score,lowest_score: -845.443 -845.443
protocols.motifs.Motif: Res1 name is TRP
protocols.motifs.Motif: atom1 name is aroC
protocols.motifs.Motif: atom2 name is Npro
protocols.motifs.Motif: atom3 name is ONH2
protocols.motifs.Motif: Res1 name is MET
protocols.motifs.Motif: atom1 name is ONH2
protocols.motifs.Motif: atom2 name is Npro
protocols.motifs.Motif: atom3 name is ONH2
protocols.motifs.Motif: Res1 name is PRO
protocols.motifs.Motif: atom1 name is aroC
protocols.motifs.Motif: atom2 name is aroC
protocols.motifs.Motif: atom3 name is OH
protocols.motifs.Motif: Res1 name is LEU
protocols.motifs.Motif: atom1 name is aroC
protocols.motifs.Motif: atom2 name is aroC
protocols.motifs.Motif: atom3 name is OH
core.pack.task: Packer task: initialize from command line() 
core.pack.task: Packer task: initialize from command line() 
core.pack.task: Packer task: initialize from command line() 
protocols.moves.MonteCarlo: MonteCarlo:: last_accepted_score,lowest_score: -848.19 -848.19
protocols.motifs.Motif: Res1 name is TRP
protocols.motifs.Motif: atom1 name is aroC
protocols.motifs.Motif: atom2 name is aroC
protocols.motifs.Motif: atom3 name is aroC
protocols.motifs.Motif: Res1 name is MET
protocols.motifs.Motif: atom1 name is aroC
protocols.motifs.Motif: atom2 name is aroC
protocols.motifs.Motif: atom3 name is aroC
protocols.motifs.Motif: Res1 name is PRO
protocols.motifs.Motif: atom1 name is aroC
protocols.motifs.Motif: atom2 name is aroC
protocols.motifs.Motif: atom3 name is OH
protocols.motifs.Motif: Res1 name is LEU
protocols.motifs.Motif: atom1 name is aroC
protocols.motifs.Motif: atom2 name is aroC
protocols.motifs.Motif: atom3 name is OH
core.pack.task: Packer task: initialize from command line() 
core.pack.task: Packer task: initialize from command line() 
core.pack.task: Packer task: initialize from command line() 
protocols.moves.MonteCarlo: MonteCarlo:: last_accepted_score,lowest_score: -847.636 -848.322
protocols.motifs.Motif: Res1 name is TRP
protocols.motifs.Motif: atom1 name is aroC
protocols.motifs.Motif: atom2 name is Npro
protocols.motifs.Motif: atom3 name is ONH2
protocols.motifs.Motif: Res1 name is MET
protocols.motifs.Motif: atom1 name is ONH2
protocols.motifs.Motif: atom2 name is Npro
protocols.motifs.Motif: atom3 name is ONH2
protocols.motifs.Motif: Res1 name is PRO
protocols.motifs.Motif: atom1 name is aroC
protocols.motifs.Motif: atom2 name is aroC
protocols.motifs.Motif: atom3 name is aroC
protocols.motifs.Motif: Res1 name is LEU
protocols.motifs.Motif: atom1 name is ONH2
protocols.motifs.Motif: atom2 name is Npro
protocols.motifs.Motif: atom3 name is ONH2
core.pack.task: Packer task: initialize from command line() 
core.pack.task: Packer task: initialize from command line() 
core.pack.task: Packer task: initialize from command line() 
protocols.moves.MonteCarlo: MonteCarlo:: last_accepted_score,lowest_score: -847.795 -847.795
protocols.motifs.Motif: Res1 name is TRP
protocols.motifs.Motif: atom1 name is aroC
protocols.motifs.Motif: atom2 name is aroC
protocols.motifs.Motif: atom3 name is aroC
protocols.motifs.Motif: Res1 name is MET
protocols.motifs.Motif: atom1 name is aroC
protocols.motifs.Motif: atom2 name is aroC
protocols.motifs.Motif: atom3 name is OH
protocols.motifs.Motif: Res1 name is PRO
protocols.motifs.Motif: atom1 name is aroC
protocols.motifs.Motif: atom2 name is aroC
protocols.motifs.Motif: atom3 name is aroC
protocols.motifs.Motif: Res1 name is LEU
protocols.motifs.Motif: atom1 name is ONH2
protocols.motifs.Motif: atom2 name is Npro
protocols.motifs.Motif: atom3 name is ONH2
protocols.motifs.Motif: Res1 name is GLU
protocols.motifs.Motif: atom1 name is ONH2
protocols.motifs.Motif: atom2 name is Npro
protocols.motifs.Motif: atom3 name is ONH2
core.pack.task: Packer task: initialize from command line() 
core.pack.task: Packer task: initialize from command line() 
core.pack.task: Packer task: initialize from command line() 
protocols.moves.MonteCarlo: MonteCarlo:: last_accepted_score,lowest_score: -785.083 -785.083
protocols.motifs.Motif: Res1 name is TRP
protocols.motifs.Motif: atom1 name is aroC
protocols.motifs.Motif: atom2 name is aroC
protocols.motifs.Motif: atom3 name is aroC
protocols.motifs.Motif: Res1 name is MET
protocols.motifs.Motif: atom1 name is ONH2
protocols.motifs.Motif: atom2 name is Npro
protocols.motifs.Motif: atom3 name is ONH2
protocols.motifs.Motif: Res1 name is PRO
protocols.motifs.Motif: atom1 name is aroC
protocols.motifs.Motif: atom2 name is aroC
protocols.motifs.Motif: atom3 name is OH
core.pack.task: Packer task: initialize from command line() 
core.pack.task: Packer task: initialize from command line() 
core.pack.task: Packer task: initialize from command line() 
protocols.moves.MonteCarlo: MonteCarlo:: last_accepted_score,lowest_score: -846.615 -846.615
protocols.motifs.Motif: Res1 name is TRP
protocols.motifs.Motif: atom1 name is aroC
protocols.motifs.Motif: atom2 name is Npro
protocols.motifs.Motif: atom3 name is ONH2
protocols.motifs.Motif: Res1 name is MET
protocols.motifs.Motif: atom1 name is ONH2
protocols.motifs.Motif: atom2 name is Npro
protocols.motifs.Motif: atom3 name is ONH2
protocols.motifs.Motif: Res1 name is PRO
protocols.motifs.Motif: atom1 name is ONH2
protocols.motifs.Motif: atom2 name is Npro
protocols.motifs.Motif: atom3 name is ONH2
core.pack.task: Packer task: initialize from command line() 
core.pack.task: Packer task: initialize from command line() 
core.pack.task: Packer task: initialize from command line() 
protocols.moves.MonteCarlo: MonteCarlo:: last_accepted_score,lowest_score: -846.979 -846.979
protocols.motifs.Motif: Res1 name is TRP
protocols.motifs.Motif: atom1 name is aroC
protocols.motifs.Motif: atom2 name is aroC
protocols.motifs.Motif: atom3 name is aroC
protocols.motifs.Motif: Res1 name is MET
protocols.motifs.Motif: atom1 name is aroC
protocols.motifs.Motif: atom2 name is aroC
protocols.motifs.Motif: atom3 name is aroC
protocols.motifs.Motif: Res1 name is TRP
protocols.motifs.Motif: atom1 name is ONH2
protocols.motifs.Motif: atom2 name is Npro
protocols.motifs.Motif: atom3 name is ONH2
protocols.motifs.Motif: Res1 name is PRO
protocols.motifs.Motif: atom1 name is aroC
protocols.motifs.Motif: atom2 name is aroC
protocols.motifs.Motif: atom3 name is OH
core.pack.task: Packer task: initialize from command line() 
core.pack.task: Packer task: initialize from command line() 
core.pack.task: Packer task: initialize from command line() 
protocols.moves.MonteCarlo: MonteCarlo:: last_accepted_score,lowest_score: -848.333 -848.333
protocols.motifs.Motif: Res1 name is TRP
protocols.motifs.Motif: atom1 name is ONH2
protocols.motifs.Motif: atom2 name is Npro
protocols.motifs.Motif: atom3 name is ONH2
protocols.motifs.Motif: Res1 name is MET
protocols.motifs.Motif: atom1 name is aroC
protocols.motifs.Motif: atom2 name is aroC
protocols.motifs.Motif: atom3 name is aroC
protocols.motifs.Motif: Res1 name is TRP
protocols.motifs.Motif: atom1 name is aroC
protocols.motifs.Motif: atom2 name is aroC
protocols.motifs.Motif: atom3 name is OH
protocols.motifs.Motif: Res1 name is LYS
protocols.motifs.Motif: atom1 name is aroC
protocols.motifs.Motif: atom2 name is aroC
protocols.motifs.Motif: atom3 name is OH
protocols.motifs.Motif: Res1 name is PRO
protocols.motifs.Motif: atom1 name is ONH2
protocols.motifs.Motif: atom2 name is Npro
protocols.motifs.Motif: atom3 name is ONH2
protocols.motifs.Motif: Res1 name is LEU
protocols.motifs.Motif: atom1 name is ONH2
protocols.motifs.Motif: atom2 name is Npro
protocols.motifs.Motif: atom3 name is ONH2
core.pack.task: Packer task: initialize from command line() 
core.pack.task: Packer task: initialize from command line() 
core.pack.task: Packer task: initialize from command line() 
protocols.moves.MonteCarlo: MonteCarlo:: last_accepted_score,lowest_score: -844.945 -844.945
protocols.motifs.Motif: Res1 name is TRP
protocols.motifs.Motif: atom1 name is ONH2
protocols.motifs.Motif: atom2 name is Npro
protocols.motifs.Motif: atom3 name is ONH2
protocols.motifs.Motif: Res1 name is PRO
protocols.motifs.Motif: atom1 name is aroC
protocols.motifs.Motif: atom2 name is aroC
protocols.motifs.Motif: atom3 name is aroC
core.pack.task: Packer task: initialize from command line() 
core.pack.task: Packer task: initialize from command line() 
core.pack.task: Packer task: initialize from command line() 
protocols.moves.MonteCarlo: MonteCarlo:: last_accepted_score,lowest_score: -846.749 -847.305
protocols.motifs.Motif: Res1 name is TRP
protocols.motifs.Motif: atom1 name is ONH2
protocols.motifs.Motif: atom2 name is Npro
protocols.motifs.Motif: atom3 name is ONH2
protocols.motifs.Motif: Res1 name is PRO
protocols.motifs.Motif: atom1 name is aroC
protocols.motifs.Motif: atom2 name is aroC
protocols.motifs.Motif: atom3 name is OH
protocols.motifs.Motif: Res1 name is LEU
protocols.motifs.Motif: atom1 name is ONH2
protocols.motifs.Motif: atom2 name is Npro
protocols.motifs.Motif: atom3 name is ONH2
protocols.motifs.Motif: Res1 name is GLU
protocols.motifs.Motif: atom1 name is ONH2
protocols.motifs.Motif: atom2 name is Npro
protocols.motifs.Motif: atom3 name is ONH2
core.pack.task: Packer task: initialize from command line() 
core.pack.task: Packer task: initialize from command line() 
core.pack.task: Packer task: initialize from command line() 
protocols.moves.MonteCarlo: MonteCarlo:: last_accepted_score,lowest_score: -847.709 -847.894
protocols.motifs.Motif: Res1 name is TRP
protocols.motifs.Motif: atom1 name is ONH2
protocols.motifs.Motif: atom2 name is Npro
protocols.motifs.Motif: atom3 name is ONH2
protocols.motifs.Motif: Res1 name is LYS
protocols.motifs.Motif: atom1 name is aroC
protocols.motifs.Motif: atom2 name is aroC
protocols.motifs.Motif: atom3 name is OH
protocols.motifs.Motif: Res1 name is PRO
protocols.motifs.Motif: atom1 name is aroC
protocols.motifs.Motif: atom2 name is aroC
protocols.motifs.Motif: atom3 name is Npro
protocols.motifs.Motif: Res1 name is LEU
protocols.motifs.Motif: atom1 name is ONH2
protocols.motifs.Motif: atom2 name is Npro
protocols.motifs.Motif: atom3 name is ONH2
protocols.motifs.Motif: Res1 name is GLU
protocols.motifs.Motif: atom1 name is ONH2
protocols.motifs.Motif: atom2 name is Npro
protocols.motifs.Motif: atom3 name is ONH2
core.pack.task: Packer task: initialize from command line() 
core.pack.task: Packer task: initialize from command line() 
core.pack.task: Packer task: initialize from command line() 
protocols.moves.MonteCarlo: MonteCarlo:: last_accepted_score,lowest_score: -848.223 -848.223
protocols.motifs.Motif: Res1 name is TRP
protocols.motifs.Motif: atom1 name is ONH2
protocols.motifs.Motif: atom2 name is Npro
protocols.motifs.Motif: atom3 name is ONH2
protocols.motifs.Motif: Res1 name is MET
protocols.motifs.Motif: atom1 name is ONH2
protocols.motifs.Motif: atom2 name is Npro
protocols.motifs.Motif: atom3 name is ONH2
protocols.motifs.Motif: Res1 name is TRP
protocols.motifs.Motif: atom1 name is ONH2
protocols.motifs.Motif: atom2 name is Npro
protocols.motifs.Motif: atom3 name is ONH2
protocols.motifs.Motif: Res1 name is LYS
protocols.motifs.Motif: atom1 name is ONH2
protocols.motifs.Motif: atom2 name is Npro
protocols.motifs.Motif: atom3 name is ONH2
protocols.motifs.Motif: Res1 name is PRO
protocols.motifs.Motif: atom1 name is aroC
protocols.motifs.Motif: atom2 name is aroC
protocols.motifs.Motif: atom3 name is OH
protocols.motifs.Motif: Res1 name is LEU
protocols.motifs.Motif: atom1 name is ONH2
protocols.motifs.Motif: atom2 name is Npro
protocols.motifs.Motif: atom3 name is ONH2
core.pack.task: Packer task: initialize from command line() 
core.pack.task: Packer task: initialize from command line() 
core.pack.task: Packer task: initialize from command line() 
protocols.moves.MonteCarlo: MonteCarlo:: last_accepted_score,lowest_score: -847.829 -848.035
protocols.motifs.Motif: Res1 name is TRP
protocols.motifs.Motif: atom1 name is ONH2
protocols.motifs.Motif: atom2 name is Npro
protocols.motifs.Motif: atom3 name is ONH2
protocols.motifs.Motif: Res1 name is MET
protocols.motifs.Motif: atom1 name is ONH2
protocols.motifs.Motif: atom2 name is Npro
protocols.motifs.Motif: atom3 name is ONH2
protocols.motifs.Motif: Res1 name is TRP
protocols.motifs.Motif: atom1 name is ONH2
protocols.motifs.Motif: atom2 name is Npro
protocols.motifs.Motif: atom3 name is ONH2
protocols.motifs.Motif: Res1 name is LYS
protocols.motifs.Motif: atom1 name is ONH2
protocols.motifs.Motif: atom2 name is Npro
protocols.motifs.Motif: atom3 name is ONH2
protocols.motifs.Motif: Res1 name is PRO
protocols.motifs.Motif: atom1 name is aroC
protocols.motifs.Motif: atom2 name is aroC
protocols.motifs.Motif: atom3 name is aroC
protocols.motifs.Motif: Res1 name is LEU
protocols.motifs.Motif: atom1 name is ONH2
protocols.motifs.Motif: atom2 name is Npro
protocols.motifs.Motif: atom3 name is ONH2
core.pack.task: Packer task: initialize from command line() 
core.pack.task: Packer task: initialize from command line() 
core.pack.task: Packer task: initialize from command line() 
protocols.moves.MonteCarlo: MonteCarlo:: last_accepted_score,lowest_score: -844.341 -844.341
protocols.motifs.Motif: Res1 name is TRP
protocols.motifs.Motif: atom1 name is ONH2
protocols.motifs.Motif: atom2 name is Npro
protocols.motifs.Motif: atom3 name is ONH2
protocols.motifs.Motif: Res1 name is MET
protocols.motifs.Motif: atom1 name is ONH2
protocols.motifs.Motif: atom2 name is Npro
protocols.motifs.Motif: atom3 name is ONH2
protocols.motifs.Motif: Res1 name is PRO
protocols.motifs.Motif: atom1 name is ONH2
protocols.motifs.Motif: atom2 name is Npro
protocols.motifs.Motif: atom3 name is ONH2
core.pack.task: Packer task: initialize from command line() 
core.pack.task: Packer task: initialize from command line() 
core.pack.task: Packer task: initialize from command line() 
protocols.moves.MonteCarlo: MonteCarlo:: last_accepted_score,lowest_score: -847.688 -847.688
protocols.motifs.Motif: Res1 name is TRP
protocols.motifs.Motif: atom1 name is ONH2
protocols.motifs.Motif: atom2 name is Npro
protocols.motifs.Motif: atom3 name is ONH2
protocols.motifs.Motif: Res1 name is PRO
protocols.motifs.Motif: atom1 name is aroC
protocols.motifs.Motif: atom2 name is aroC
protocols.motifs.Motif: atom3 name is OH
protocols.motifs.Motif: Res1 name is LEU
protocols.motifs.Motif: atom1 name is ONH2
protocols.motifs.Motif: atom2 name is Npro
protocols.motifs.Motif: atom3 name is ONH2
protocols.motifs.Motif: Res1 name is GLU
protocols.motifs.Motif: atom1 name is ONH2
protocols.motifs.Motif: atom2 name is Npro
protocols.motifs.Motif: atom3 name is ONH2
core.pack.task: Packer task: initialize from command line() 
core.pack.task: Packer task: initialize from command line() 
core.pack.task: Packer task: initialize from command line() 
protocols.moves.MonteCarlo: MonteCarlo:: last_accepted_score,lowest_score: -851.974 -851.974
protocols.motifs.Motif: Res1 name is MET
protocols.motifs.Motif: atom1 name is ONH2
protocols.motifs.Motif: atom2 name is Npro
protocols.motifs.Motif: atom3 name is ONH2
protocols.motifs.Motif: Res1 name is LYS
protocols.motifs.Motif: atom1 name is aroC
protocols.motifs.Motif: atom2 name is aroC
protocols.motifs.Motif: atom3 name is OH
protocols.motifs.Motif: Res1 name is PRO
protocols.motifs.Motif: atom1 name is ONH2
protocols.motifs.Motif: atom2 name is Npro
protocols.motifs.Motif: atom3 name is ONH2
protocols.motifs.Motif: Res1 name is GLU
protocols.motifs.Motif: atom1 name is ONH2
protocols.motifs.Motif: atom2 name is Npro
protocols.motifs.Motif: atom3 name is ONH2
core.pack.task: Packer task: initialize from command line() 
core.pack.task: Packer task: initialize from command line() 
core.pack.task: Packer task: initialize from command line() 
protocols.moves.MonteCarlo: MonteCarlo:: last_accepted_score,lowest_score: -846.614 -846.674
protocols.motifs.Motif: Res1 name is TRP
protocols.motifs.Motif: atom1 name is aroC
protocols.motifs.Motif: atom2 name is aroC
protocols.motifs.Motif: atom3 name is Npro
protocols.motifs.Motif: Res1 name is MET
protocols.motifs.Motif: atom1 name is ONH2
protocols.motifs.Motif: atom2 name is Npro
protocols.motifs.Motif: atom3 name is ONH2
protocols.motifs.Motif: Res1 name is PRO
protocols.motifs.Motif: atom1 name is aroC
protocols.motifs.Motif: atom2 name is aroC
protocols.motifs.Motif: atom3 name is OH
core.pack.task: Packer task: initialize from command line() 
core.pack.task: Packer task: initialize from command line() 
core.pack.task: Packer task: initialize from command line() 
protocols.moves.MonteCarlo: MonteCarlo:: last_accepted_score,lowest_score: -850 -850
protocols.motifs.Motif: Res1 name is TRP
protocols.motifs.Motif: atom1 name is ONH2
protocols.motifs.Motif: atom2 name is Npro
protocols.motifs.Motif: atom3 name is ONH2
protocols.motifs.Motif: Res1 name is MET
protocols.motifs.Motif: atom1 name is ONH2
protocols.motifs.Motif: atom2 name is Npro
protocols.motifs.Motif: atom3 name is ONH2
protocols.motifs.Motif: Res1 name is TRP
protocols.motifs.Motif: atom1 name is ONH2
protocols.motifs.Motif: atom2 name is Npro
protocols.motifs.Motif: atom3 name is ONH2
protocols.motifs.Motif: Res1 name is LYS
protocols.motifs.Motif: atom1 name is ONH2
protocols.motifs.Motif: atom2 name is Npro
protocols.motifs.Motif: atom3 name is ONH2
protocols.motifs.Motif: Res1 name is PRO
protocols.motifs.Motif: atom1 name is aroC
protocols.motifs.Motif: atom2 name is aroC
protocols.motifs.Motif: atom3 name is OH
protocols.motifs.Motif: Res1 name is LEU
protocols.motifs.Motif: atom1 name is ONH2
protocols.motifs.Motif: atom2 name is Npro
protocols.motifs.Motif: atom3 name is ONH2
core.pack.task: Packer task: initialize from command line() 
core.pack.task: Packer task: initialize from command line() 
core.pack.task: Packer task: initialize from command line() 
protocols.moves.MonteCarlo: MonteCarlo:: last_accepted_score,lowest_score: -848.284 -848.337
protocols.motifs.Motif: Res1 name is TRP
protocols.motifs.Motif: atom1 name is ONH2
protocols.motifs.Motif: atom2 name is Npro
protocols.motifs.Motif: atom3 name is ONH2
protocols.motifs.Motif: Res1 name is MET
protocols.motifs.Motif: atom1 name is aroC
protocols.motifs.Motif: atom2 name is aroC
protocols.motifs.Motif: atom3 name is OH
protocols.motifs.Motif: Res1 name is PRO
protocols.motifs.Motif: atom1 name is aroC
protocols.motifs.Motif: atom2 name is aroC
protocols.motifs.Motif: atom3 name is aroC
protocols.motifs.Motif: Res1 name is LEU
protocols.motifs.Motif: atom1 name is ONH2
protocols.motifs.Motif: atom2 name is Npro
protocols.motifs.Motif: atom3 name is ONH2
protocols.motifs.Motif: Res1 name is GLU
protocols.motifs.Motif: atom1 name is ONH2
protocols.motifs.Motif: atom2 name is Npro
protocols.motifs.Motif: atom3 name is ONH2
core.pack.task: Packer task: initialize from command line() 
core.pack.task: Packer task: initialize from command line() 
core.pack.task: Packer task: initialize from command line() 
protocols.moves.MonteCarlo: MonteCarlo:: last_accepted_score,lowest_score: -846.862 -846.874
protocols.motifs.Motif: Res1 name is TRP
protocols.motifs.Motif: atom1 name is ONH2
protocols.motifs.Motif: atom2 name is Npro
protocols.motifs.Motif: atom3 name is ONH2
protocols.motifs.Motif: Res1 name is MET
protocols.motifs.Motif: atom1 name is aroC
protocols.motifs.Motif: atom2 name is aroC
protocols.motifs.Motif: atom3 name is OH
protocols.motifs.Motif: Res1 name is PRO
protocols.motifs.Motif: atom1 name is aroC
protocols.motifs.Motif: atom2 name is aroC
protocols.motifs.Motif: atom3 name is aroC
protocols.motifs.Motif: Res1 name is LEU
protocols.motifs.Motif: atom1 name is ONH2
protocols.motifs.Motif: atom2 name is Npro
protocols.motifs.Motif: atom3 name is ONH2
core.pack.task: Packer task: initialize from command line() 
core.pack.task: Packer task: initialize from command line() 
core.pack.task: Packer task: initialize from command line() 
protocols.moves.MonteCarlo: MonteCarlo:: last_accepted_score,lowest_score: -845.485 -845.485
protocols.motifs.Motif: Res1 name is TRP
protocols.motifs.Motif: atom1 name is aroC
protocols.motifs.Motif: atom2 name is aroC
protocols.motifs.Motif: atom3 name is aroC
protocols.motifs.Motif: Res1 name is MET
protocols.motifs.Motif: atom1 name is ONH2
protocols.motifs.Motif: atom2 name is Npro
protocols.motifs.Motif: atom3 name is ONH2
protocols.motifs.Motif: Res1 name is PRO
protocols.motifs.Motif: atom1 name is ONH2
protocols.motifs.Motif: atom2 name is Npro
protocols.motifs.Motif: atom3 name is ONH2
core.pack.task: Packer task: initialize from command line() 
core.pack.task: Packer task: initialize from command line() 
core.pack.task: Packer task: initialize from command line() 
protocols.moves.MonteCarlo: MonteCarlo:: last_accepted_score,lowest_score: -847.384 -847.384
protocols.motifs.Motif: Res1 name is TRP
protocols.motifs.Motif: atom1 name is ONH2
protocols.motifs.Motif: atom2 name is Npro
protocols.motifs.Motif: atom3 name is ONH2
protocols.motifs.Motif: Res1 name is LYS
protocols.motifs.Motif: atom1 name is ONH2
protocols.motifs.Motif: atom2 name is Npro
protocols.motifs.Motif: atom3 name is ONH2
protocols.motifs.Motif: Res1 name is PRO
protocols.motifs.Motif: atom1 name is aroC
protocols.motifs.Motif: atom2 name is aroC
protocols.motifs.Motif: atom3 name is aroC
core.pack.task: Packer task: initialize from command line() 
core.pack.task: Packer task: initialize from command line() 
core.pack.task: Packer task: initialize from command line() 
protocols.moves.MonteCarlo: MonteCarlo:: last_accepted_score,lowest_score: -846.37 -846.37
protocols.motifs.Motif: Res1 name is TRP
protocols.motifs.Motif: atom1 name is aroC
protocols.motifs.Motif: atom2 name is aroC
protocols.motifs.Motif: atom3 name is OH
protocols.motifs.Motif: Res1 name is MET
protocols.motifs.Motif: atom1 name is ONH2
protocols.motifs.Motif: atom2 name is Npro
protocols.motifs.Motif: atom3 name is ONH2
protocols.motifs.Motif: Res1 name is PRO
protocols.motifs.Motif: atom1 name is aroC
protocols.motifs.Motif: atom2 name is aroC
protocols.motifs.Motif: atom3 name is OH
protocols.motifs.Motif: Res1 name is LEU
protocols.motifs.Motif: atom1 name is aroC
protocols.motifs.Motif: atom2 name is aroC
protocols.motifs.Motif: atom3 name is OH
core.pack.task: Packer task: initialize from command line() 
core.pack.task: Packer task: initialize from command line() 
core.pack.task: Packer task: initialize from command line() 
protocols.moves.MonteCarlo: MonteCarlo:: last_accepted_score,lowest_score: -847.488 -847.739
protocols.motifs.Motif: Res1 name is TRP
protocols.motifs.Motif: atom1 name is aroC
protocols.motifs.Motif: atom2 name is aroC
protocols.motifs.Motif: atom3 name is OH
protocols.motifs.Motif: Res1 name is MET
protocols.motifs.Motif: atom1 name is ONH2
protocols.motifs.Motif: atom2 name is Npro
protocols.motifs.Motif: atom3 name is ONH2
protocols.motifs.Motif: Res1 name is LYS
protocols.motifs.Motif: atom1 name is ONH2
protocols.motifs.Motif: atom2 name is Npro
protocols.motifs.Motif: atom3 name is ONH2
protocols.motifs.Motif: Res1 name is PRO
protocols.motifs.Motif: atom1 name is aroC
protocols.motifs.Motif: atom2 name is aroC
protocols.motifs.Motif: atom3 name is OH
core.pack.task: Packer task: initialize from command line() 
core.pack.task: Packer task: initialize from command line() 
core.pack.task: Packer task: initialize from command line() 
protocols.moves.MonteCarlo: MonteCarlo:: last_accepted_score,lowest_score: -847.82 -848.519
protocols.motifs.Motif: Res1 name is TRP
protocols.motifs.Motif: atom1 name is aroC
protocols.motifs.Motif: atom2 name is aroC
protocols.motifs.Motif: atom3 name is Npro
protocols.motifs.Motif: Res1 name is MET
protocols.motifs.Motif: atom1 name is aroC
protocols.motifs.Motif: atom2 name is aroC
protocols.motifs.Motif: atom3 name is OH
protocols.motifs.Motif: Res1 name is PRO
protocols.motifs.Motif: atom1 name is aroC
protocols.motifs.Motif: atom2 name is aroC
protocols.motifs.Motif: atom3 name is aroC
protocols.motifs.Motif: Res1 name is LEU
protocols.motifs.Motif: atom1 name is ONH2
protocols.motifs.Motif: atom2 name is Npro
protocols.motifs.Motif: atom3 name is ONH2
core.pack.task: Packer task: initialize from command line() 
core.pack.task: Packer task: initialize from command line() 
core.pack.task: Packer task: initialize from command line() 
protocols.moves.MonteCarlo: MonteCarlo:: last_accepted_score,lowest_score: -848.006 -848.383
protocols.motifs.Motif: Res1 name is TRP
protocols.motifs.Motif: atom1 name is ONH2
protocols.motifs.Motif: atom2 name is Npro
protocols.motifs.Motif: atom3 name is ONH2
protocols.motifs.Motif: Res1 name is MET
protocols.motifs.Motif: atom1 name is aroC
protocols.motifs.Motif: atom2 name is aroC
protocols.motifs.Motif: atom3 name is OH
protocols.motifs.Motif: Res1 name is PRO
protocols.motifs.Motif: atom1 name is aroC
protocols.motifs.Motif: atom2 name is Npro
protocols.motifs.Motif: atom3 name is ONH2
protocols.motifs.Motif: Res1 name is GLU
protocols.motifs.Motif: atom1 name is ONH2
protocols.motifs.Motif: atom2 name is Npro
protocols.motifs.Motif: atom3 name is ONH2
core.pack.task: Packer task: initialize from command line() 
core.pack.task: Packer task: initialize from command line() 
core.pack.task: Packer task: initialize from command line() 
protocols.moves.MonteCarlo: MonteCarlo:: last_accepted_score,lowest_score: -846.791 -846.791
protocols.motifs.Motif: Res1 name is TRP
protocols.motifs.Motif: atom1 name is aroC
protocols.motifs.Motif: atom2 name is aroC
protocols.motifs.Motif: atom3 name is OH
protocols.motifs.Motif: Res1 name is MET
protocols.motifs.Motif: atom1 name is ONH2
protocols.motifs.Motif: atom2 name is Npro
protocols.motifs.Motif: atom3 name is ONH2
protocols.motifs.Motif: Res1 name is PRO
protocols.motifs.Motif: atom1 name is ONH2
protocols.motifs.Motif: atom2 name is Npro
protocols.motifs.Motif: atom3 name is ONH2
core.pack.task: Packer task: initialize from command line() 
core.pack.task: Packer task: initialize from command line() 
core.pack.task: Packer task: initialize from command line() 
protocols.moves.MonteCarlo: MonteCarlo:: last_accepted_score,lowest_score: -845.286 -845.484
protocols.motifs.Motif: Res1 name is TRP
protocols.motifs.Motif: atom1 name is aroC
protocols.motifs.Motif: atom2 name is aroC
protocols.motifs.Motif: atom3 name is OH
protocols.motifs.Motif: Res1 name is PRO
protocols.motifs.Motif: atom1 name is aroC
protocols.motifs.Motif: atom2 name is aroC
protocols.motifs.Motif: atom3 name is OH
protocols.motifs.Motif: Res1 name is LEU
protocols.motifs.Motif: atom1 name is aroC
protocols.motifs.Motif: atom2 name is aroC
protocols.motifs.Motif: atom3 name is OH
core.pack.task: Packer task: initialize from command line() 
core.pack.task: Packer task: initialize from command line() 
core.pack.task: Packer task: initialize from command line() 
protocols.moves.MonteCarlo: MonteCarlo:: last_accepted_score,lowest_score: -848.126 -848.126
protocols.motifs.Motif: Res1 name is TRP
protocols.motifs.Motif: atom1 name is ONH2
protocols.motifs.Motif: atom2 name is Npro
protocols.motifs.Motif: atom3 name is ONH2
protocols.motifs.Motif: Res1 name is MET
protocols.motifs.Motif: atom1 name is aroC
protocols.motifs.Motif: atom2 name is aroC
protocols.motifs.Motif: atom3 name is OH
protocols.motifs.Motif: Res1 name is TRP
protocols.motifs.Motif: atom1 name is aroC
protocols.motifs.Motif: atom2 name is aroC
protocols.motifs.Motif: atom3 name is OH
protocols.motifs.Motif: Res1 name is LYS
protocols.motifs.Motif: atom1 name is aroC
protocols.motifs.Motif: atom2 name is aroC
protocols.motifs.Motif: atom3 name is OH
protocols.motifs.Motif: Res1 name is PRO
protocols.motifs.Motif: atom1 name is ONH2
protocols.motifs.Motif: atom2 name is Npro
protocols.motifs.Motif: atom3 name is ONH2
protocols.motifs.Motif: Res1 name is LEU
protocols.motifs.Motif: atom1 name is ONH2
protocols.motifs.Motif: atom2 name is Npro
protocols.motifs.Motif: atom3 name is ONH2
core.pack.task: Packer task: initialize from command line() 
core.pack.task: Packer task: initialize from command line() 
core.pack.task: Packer task: initialize from command line() 
protocols.moves.MonteCarlo: MonteCarlo:: last_accepted_score,lowest_score: -845.836 -846.306
protocols.motifs.Motif: Res1 name is TRP
protocols.motifs.Motif: atom1 name is aroC
protocols.motifs.Motif: atom2 name is aroC
protocols.motifs.Motif: atom3 name is aroC
protocols.motifs.Motif: Res1 name is MET
protocols.motifs.Motif: atom1 name is aroC
protocols.motifs.Motif: atom2 name is aroC
protocols.motifs.Motif: atom3 name is OH
protocols.motifs.Motif: Res1 name is PRO
protocols.motifs.Motif: atom1 name is aroC
protocols.motifs.Motif: atom2 name is aroC
protocols.motifs.Motif: atom3 name is OH
core.pack.task: Packer task: initialize from command line() 
core.pack.task: Packer task: initialize from command line() 
core.pack.task: Packer task: initialize from command line() 
protocols.moves.MonteCarlo: MonteCarlo:: last_accepted_score,lowest_score: -847.862 -847.862
protocols.motifs.Motif: Res1 name is TRP
protocols.motifs.Motif: atom1 name is ONH2
protocols.motifs.Motif: atom2 name is Npro
protocols.motifs.Motif: atom3 name is ONH2
protocols.motifs.Motif: Res1 name is MET
protocols.motifs.Motif: atom1 name is aroC
protocols.motifs.Motif: atom2 name is aroC
protocols.motifs.Motif: atom3 name is OH
protocols.motifs.Motif: Res1 name is PRO
protocols.motifs.Motif: atom1 name is aroC
protocols.motifs.Motif: atom2 name is Npro
protocols.motifs.Motif: atom3 name is ONH2
core.pack.task: Packer task: initialize from command line() 
core.pack.task: Packer task: initialize from command line() 
core.pack.task: Packer task: initialize from command line() 
protocols.moves.MonteCarlo: MonteCarlo:: last_accepted_score,lowest_score: -847.278 -847.44
protocols.motifs.Motif: Res1 name is TRP
protocols.motifs.Motif: atom1 name is aroC
protocols.motifs.Motif: atom2 name is Npro
protocols.motifs.Motif: atom3 name is ONH2
protocols.motifs.Motif: Res1 name is MET
protocols.motifs.Motif: atom1 name is ONH2
protocols.motifs.Motif: atom2 name is Npro
protocols.motifs.Motif: atom3 name is ONH2
protocols.motifs.Motif: Res1 name is PRO
protocols.motifs.Motif: atom1 name is ONH2
protocols.motifs.Motif: atom2 name is Npro
protocols.motifs.Motif: atom3 name is ONH2
core.pack.task: Packer task: initialize from command line() 
core.pack.task: Packer task: initialize from command line() 
core.pack.task: Packer task: initialize from command line() 
protocols.moves.MonteCarlo: MonteCarlo:: last_accepted_score,lowest_score: -846.575 -846.864
protocols.motifs.Motif: Res1 name is TRP
protocols.motifs.Motif: atom1 name is aroC
protocols.motifs.Motif: atom2 name is aroC
protocols.motifs.Motif: atom3 name is aroC
protocols.motifs.Motif: Res1 name is MET
protocols.motifs.Motif: atom1 name is ONH2
protocols.motifs.Motif: atom2 name is Npro
protocols.motifs.Motif: atom3 name is ONH2
protocols.motifs.Motif: Res1 name is PRO
protocols.motifs.Motif: atom1 name is aroC
protocols.motifs.Motif: atom2 name is aroC
protocols.motifs.Motif: atom3 name is OH
protocols.motifs.Motif: Res1 name is LEU
protocols.motifs.Motif: atom1 name is ONH2
protocols.motifs.Motif: atom2 name is Npro
protocols.motifs.Motif: atom3 name is ONH2
protocols.motifs.Motif: Res1 name is GLU
protocols.motifs.Motif: atom1 name is ONH2
protocols.motifs.Motif: atom2 name is Npro
protocols.motifs.Motif: atom3 name is ONH2
core.pack.task: Packer task: initialize from command line() 
core.pack.task: Packer task: initialize from command line() 
core.pack.task: Packer task: initialize from command line() 
protocols.moves.MonteCarlo: MonteCarlo:: last_accepted_score,lowest_score: -848.74 -848.778
protocols.motifs.Motif: Res1 name is TRP
protocols.motifs.Motif: atom1 name is ONH2
protocols.motifs.Motif: atom2 name is Npro
protocols.motifs.Motif: atom3 name is ONH2
protocols.motifs.Motif: Res1 name is LYS
protocols.motifs.Motif: atom1 name is ONH2
protocols.motifs.Motif: atom2 name is Npro
protocols.motifs.Motif: atom3 name is ONH2
protocols.motifs.Motif: Res1 name is PRO
protocols.motifs.Motif: atom1 name is aroC
protocols.motifs.Motif: atom2 name is Npro
protocols.motifs.Motif: atom3 name is ONH2
protocols.motifs.Motif: Res1 name is LEU
protocols.motifs.Motif: atom1 name is ONH2
protocols.motifs.Motif: atom2 name is Npro
protocols.motifs.Motif: atom3 name is ONH2
protocols.motifs.Motif: Res1 name is GLU
protocols.motifs.Motif: atom1 name is ONH2
protocols.motifs.Motif: atom2 name is Npro
protocols.motifs.Motif: atom3 name is ONH2
core.pack.task: Packer task: initialize from command line() 
core.pack.task: Packer task: initialize from command line() 
core.pack.task: Packer task: initialize from command line() 
protocols.moves.MonteCarlo: MonteCarlo:: last_accepted_score,lowest_score: -844.807 -845.942
protocols.motifs.Motif: Res1 name is MET
protocols.motifs.Motif: atom1 name is aroC
protocols.motifs.Motif: atom2 name is aroC
protocols.motifs.Motif: atom3 name is OH
protocols.motifs.Motif: Res1 name is TRP
protocols.motifs.Motif: atom1 name is ONH2
protocols.motifs.Motif: atom2 name is Npro
protocols.motifs.Motif: atom3 name is ONH2
protocols.motifs.Motif: Res1 name is PRO
protocols.motifs.Motif: atom1 name is aroC
protocols.motifs.Motif: atom2 name is aroC
protocols.motifs.Motif: atom3 name is aroC
core.pack.task: Packer task: initialize from command line() 
core.pack.task: Packer task: initialize from command line() 
core.pack.task: Packer task: initialize from command line() 
protocols.moves.MonteCarlo: MonteCarlo:: last_accepted_score,lowest_score: -846.713 -847.188
protocols.motifs.Motif: Res1 name is TRP
protocols.motifs.Motif: atom1 name is ONH2
protocols.motifs.Motif: atom2 name is Npro
protocols.motifs.Motif: atom3 name is ONH2
protocols.motifs.Motif: Res1 name is MET
protocols.motifs.Motif: atom1 name is ONH2
protocols.motifs.Motif: atom2 name is Npro
protocols.motifs.Motif: atom3 name is ONH2
protocols.motifs.Motif: Res1 name is TRP
protocols.motifs.Motif: atom1 name is ONH2
protocols.motifs.Motif: atom2 name is Npro
protocols.motifs.Motif: atom3 name is ONH2
protocols.motifs.Motif: Res1 name is LYS
protocols.motifs.Motif: atom1 name is ONH2
protocols.motifs.Motif: atom2 name is Npro
protocols.motifs.Motif: atom3 name is ONH2
protocols.motifs.Motif: Res1 name is PRO
protocols.motifs.Motif: atom1 name is aroC
protocols.motifs.Motif: atom2 name is aroC
protocols.motifs.Motif: atom3 name is OH
protocols.motifs.Motif: Res1 name is LEU
protocols.motifs.Motif: atom1 name is ONH2
protocols.motifs.Motif: atom2 name is Npro
protocols.motifs.Motif: atom3 name is ONH2
core.pack.task: Packer task: initialize from command line() 
core.pack.task: Packer task: initialize from command line() 
core.pack.task: Packer task: initialize from command line() 
protocols.moves.MonteCarlo: MonteCarlo:: last_accepted_score,lowest_score: -846.495 -847.331
protocols.motifs.Motif: Res1 name is TRP
protocols.motifs.Motif: atom1 name is ONH2
protocols.motifs.Motif: atom2 name is Npro
protocols.motifs.Motif: atom3 name is ONH2
protocols.motifs.Motif: Res1 name is TRP
protocols.motifs.Motif: atom1 name is ONH2
protocols.motifs.Motif: atom2 name is Npro
protocols.motifs.Motif: atom3 name is ONH2
protocols.motifs.Motif: Res1 name is LYS
protocols.motifs.Motif: atom1 name is ONH2
protocols.motifs.Motif: atom2 name is Npro
protocols.motifs.Motif: atom3 name is ONH2
protocols.motifs.Motif: Res1 name is PRO
protocols.motifs.Motif: atom1 name is aroC
protocols.motifs.Motif: atom2 name is aroC
protocols.motifs.Motif: atom3 name is aroC
protocols.motifs.Motif: Res1 name is LEU
protocols.motifs.Motif: atom1 name is ONH2
protocols.motifs.Motif: atom2 name is Npro
protocols.motifs.Motif: atom3 name is ONH2
core.pack.task: Packer task: initialize from command line() 
core.pack.task: Packer task: initialize from command line() 
core.pack.task: Packer task: initialize from command line() 
protocols.moves.MonteCarlo: MonteCarlo:: last_accepted_score,lowest_score: -848.021 -848.021
protocols.motifs.Motif: Res1 name is TRP
protocols.motifs.Motif: atom1 name is aroC
protocols.motifs.Motif: atom2 name is aroC
protocols.motifs.Motif: atom3 name is aroC
protocols.motifs.Motif: Res1 name is PRO
protocols.motifs.Motif: atom1 name is aroC
protocols.motifs.Motif: atom2 name is aroC
protocols.motifs.Motif: atom3 name is OH
protocols.motifs.Motif: Res1 name is LEU
protocols.motifs.Motif: atom1 name is ONH2
protocols.motifs.Motif: atom2 name is Npro
protocols.motifs.Motif: atom3 name is ONH2
protocols.motifs.Motif: Res1 name is GLU
protocols.motifs.Motif: atom1 name is ONH2
protocols.motifs.Motif: atom2 name is Npro
protocols.motifs.Motif: atom3 name is ONH2
core.pack.task: Packer task: initialize from command line() 
core.pack.task: Packer task: initialize from command line() 
core.pack.task: Packer task: initialize from command line() 
protocols.moves.MonteCarlo: MonteCarlo:: last_accepted_score,lowest_score: -850.443 -850.921
protocols.motifs.Motif: Res1 name is TRP
protocols.motifs.Motif: atom1 name is ONH2
protocols.motifs.Motif: atom2 name is Npro
protocols.motifs.Motif: atom3 name is ONH2
protocols.motifs.Motif: Res1 name is MET
protocols.motifs.Motif: atom1 name is aroC
protocols.motifs.Motif: atom2 name is Npro
protocols.motifs.Motif: atom3 name is ONH2
protocols.motifs.Motif: Res1 name is LYS
protocols.motifs.Motif: atom1 name is aroC
protocols.motifs.Motif: atom2 name is aroC
protocols.motifs.Motif: atom3 name is aroC
protocols.motifs.Motif: Res1 name is PRO
protocols.motifs.Motif: atom1 name is ONH2
protocols.motifs.Motif: atom2 name is Npro
protocols.motifs.Motif: atom3 name is ONH2
protocols.motifs.Motif: Res1 name is GLU
protocols.motifs.Motif: atom1 name is aroC
protocols.motifs.Motif: atom2 name is aroC
protocols.motifs.Motif: atom3 name is aroC
core.pack.task: Packer task: initialize from command line() 
core.pack.task: Packer task: initialize from command line() 
core.pack.task: Packer task: initialize from command line() 
protocols.moves.MonteCarlo: MonteCarlo:: last_accepted_score,lowest_score: -847.318 -847.318
protocols.motifs.Motif: Res1 name is TRP
protocols.motifs.Motif: atom1 name is aroC
protocols.motifs.Motif: atom2 name is Npro
protocols.motifs.Motif: atom3 name is ONH2
protocols.motifs.Motif: Res1 name is MET
protocols.motifs.Motif: atom1 name is aroC
protocols.motifs.Motif: atom2 name is aroC
protocols.motifs.Motif: atom3 name is OH
protocols.motifs.Motif: Res1 name is LYS
protocols.motifs.Motif: atom1 name is ONH2
protocols.motifs.Motif: atom2 name is Npro
protocols.motifs.Motif: atom3 name is ONH2
protocols.motifs.Motif: Res1 name is PRO
protocols.motifs.Motif: atom1 name is ONH2
protocols.motifs.Motif: atom2 name is Npro
protocols.motifs.Motif: atom3 name is ONH2
protocols.motifs.Motif: Res1 name is LEU
protocols.motifs.Motif: atom1 name is ONH2
protocols.motifs.Motif: atom2 name is Npro
protocols.motifs.Motif: atom3 name is ONH2
core.pack.task: Packer task: initialize from command line() 
core.pack.task: Packer task: initialize from command line() 
core.pack.task: Packer task: initialize from command line() 
protocols.moves.MonteCarlo: MonteCarlo:: last_accepted_score,lowest_score: -847.145 -847.145
protocols.motifs.Motif: Res1 name is TRP
protocols.motifs.Motif: atom1 name is aroC
protocols.motifs.Motif: atom2 name is aroC
protocols.motifs.Motif: atom3 name is aroC
protocols.motifs.Motif: Res1 name is MET
protocols.motifs.Motif: atom1 name is ONH2
protocols.motifs.Motif: atom2 name is Npro
protocols.motifs.Motif: atom3 name is ONH2
protocols.motifs.Motif: Res1 name is PRO
protocols.motifs.Motif: atom1 name is aroC
protocols.motifs.Motif: atom2 name is aroC
protocols.motifs.Motif: atom3 name is aroC
protocols.motifs.Motif: Res1 name is LEU
protocols.motifs.Motif: atom1 name is aroC
protocols.motifs.Motif: atom2 name is aroC
protocols.motifs.Motif: atom3 name is OH
core.pack.task: Packer task: initialize from command line() 
core.pack.task: Packer task: initialize from command line() 
core.pack.task: Packer task: initialize from command line() 
protocols.moves.MonteCarlo: MonteCarlo:: last_accepted_score,lowest_score: -848.656 -848.974
protocols.motifs.Motif: Res1 name is TRP
protocols.motifs.Motif: atom1 name is ONH2
protocols.motifs.Motif: atom2 name is Npro
protocols.motifs.Motif: atom3 name is ONH2
protocols.motifs.Motif: Res1 name is MET
protocols.motifs.Motif: atom1 name is aroC
protocols.motifs.Motif: atom2 name is aroC
protocols.motifs.Motif: atom3 name is OH
protocols.motifs.Motif: Res1 name is TRP
protocols.motifs.Motif: atom1 name is aroC
protocols.motifs.Motif: atom2 name is aroC
protocols.motifs.Motif: atom3 name is OH
protocols.motifs.Motif: Res1 name is LYS
protocols.motifs.Motif: atom1 name is aroC
protocols.motifs.Motif: atom2 name is aroC
protocols.motifs.Motif: atom3 name is OH
protocols.motifs.Motif: Res1 name is PRO
protocols.motifs.Motif: atom1 name is aroC
protocols.motifs.Motif: atom2 name is aroC
protocols.motifs.Motif: atom3 name is aroC
protocols.motifs.Motif: Res1 name is LEU
protocols.motifs.Motif: atom1 name is ONH2
protocols.motifs.Motif: atom2 name is Npro
protocols.motifs.Motif: atom3 name is ONH2
core.pack.task: Packer task: initialize from command line() 
core.pack.task: Packer task: initialize from command line() 
core.pack.task: Packer task: initialize from command line() 
protocols.moves.MonteCarlo: MonteCarlo:: last_accepted_score,lowest_score: -847.803 -848.216
protocols.motifs.Motif: Res1 name is TRP
protocols.motifs.Motif: atom1 name is aroC
protocols.motifs.Motif: atom2 name is aroC
protocols.motifs.Motif: atom3 name is aroC
protocols.motifs.Motif: Res1 name is MET
protocols.motifs.Motif: atom1 name is ONH2
protocols.motifs.Motif: atom2 name is Npro
protocols.motifs.Motif: atom3 name is ONH2
protocols.motifs.Motif: Res1 name is PRO
protocols.motifs.Motif: atom1 name is aroC
protocols.motifs.Motif: atom2 name is aroC
protocols.motifs.Motif: atom3 name is Npro
protocols.motifs.Motif: Res1 name is LEU
protocols.motifs.Motif: atom1 name is ONH2
protocols.motifs.Motif: atom2 name is Npro
protocols.motifs.Motif: atom3 name is ONH2
protocols.motifs.Motif: Res1 name is GLU
protocols.motifs.Motif: atom1 name is ONH2
protocols.motifs.Motif: atom2 name is Npro
protocols.motifs.Motif: atom3 name is ONH2
core.pack.task: Packer task: initialize from command line() 
core.pack.task: Packer task: initialize from command line() 
core.pack.task: Packer task: initialize from command line() 
protocols.moves.MonteCarlo: MonteCarlo:: last_accepted_score,lowest_score: -848.332 -848.332
protocols.motifs.Motif: Res1 name is TRP
protocols.motifs.Motif: atom1 name is aroC
protocols.motifs.Motif: atom2 name is aroC
protocols.motifs.Motif: atom3 name is aroC
protocols.motifs.Motif: Res1 name is MET
protocols.motifs.Motif: atom1 name is aroC
protocols.motifs.Motif: atom2 name is aroC
protocols.motifs.Motif: atom3 name is OH
protocols.motifs.Motif: Res1 name is PRO
protocols.motifs.Motif: atom1 name is aroC
protocols.motifs.Motif: atom2 name is aroC
protocols.motifs.Motif: atom3 name is aroC
protocols.motifs.Motif: Res1 name is LEU
protocols.motifs.Motif: atom1 name is ONH2
protocols.motifs.Motif: atom2 name is Npro
protocols.motifs.Motif: atom3 name is ONH2
protocols.motifs.Motif: Res1 name is GLU
protocols.motifs.Motif: atom1 name is ONH2
protocols.motifs.Motif: atom2 name is Npro
protocols.motifs.Motif: atom3 name is ONH2
core.pack.task: Packer task: initialize from command line() 
core.pack.task: Packer task: initialize from command line() 
core.pack.task: Packer task: initialize from command line() 
protocols.moves.MonteCarlo: MonteCarlo:: last_accepted_score,lowest_score: -847.458 -847.714
protocols.motifs.Motif: Res1 name is TRP
protocols.motifs.Motif: atom1 name is aroC
protocols.motifs.Motif: atom2 name is aroC
protocols.motifs.Motif: atom3 name is aroC
protocols.motifs.Motif: Res1 name is MET
protocols.motifs.Motif: atom1 name is aroC
protocols.motifs.Motif: atom2 name is aroC
protocols.motifs.Motif: atom3 name is OH
protocols.motifs.Motif: Res1 name is PRO
protocols.motifs.Motif: atom1 name is aroC
protocols.motifs.Motif: atom2 name is aroC
protocols.motifs.Motif: atom3 name is OH
protocols.motifs.Motif: Res1 name is LEU
protocols.motifs.Motif: atom1 name is ONH2
protocols.motifs.Motif: atom2 name is Npro
protocols.motifs.Motif: atom3 name is ONH2
core.pack.task: Packer task: initialize from command line() 
core.pack.task: Packer task: initialize from command line() 
core.pack.task: Packer task: initialize from command line() 
protocols.moves.MonteCarlo: MonteCarlo:: last_accepted_score,lowest_score: -846.907 -847.348
protocols.motifs.Motif: Res1 name is TRP
protocols.motifs.Motif: atom1 name is aroC
protocols.motifs.Motif: atom2 name is aroC
protocols.motifs.Motif: atom3 name is aroC
protocols.motifs.Motif: Res1 name is MET
protocols.motifs.Motif: atom1 name is ONH2
protocols.motifs.Motif: atom2 name is Npro
protocols.motifs.Motif: atom3 name is ONH2
protocols.motifs.Motif: Res1 name is PRO
protocols.motifs.Motif: atom1 name is aroC
protocols.motifs.Motif: atom2 name is aroC
protocols.motifs.Motif: atom3 name is aroC
core.pack.task: Packer task: initialize from command line() 
core.pack.task: Packer task: initialize from command line() 
core.pack.task: Packer task: initialize from command line() 
protocols.moves.MonteCarlo: MonteCarlo:: last_accepted_score,lowest_score: -847.235 -847.651
protocols.motifs.Motif: Res1 name is TRP
protocols.motifs.Motif: atom1 name is aroC
protocols.motifs.Motif: atom2 name is Npro
protocols.motifs.Motif: atom3 name is ONH2
protocols.motifs.Motif: Res1 name is MET
protocols.motifs.Motif: atom1 name is ONH2
protocols.motifs.Motif: atom2 name is Npro
protocols.motifs.Motif: atom3 name is ONH2
protocols.motifs.Motif: Res1 name is TRP
protocols.motifs.Motif: atom1 name is ONH2
protocols.motifs.Motif: atom2 name is Npro
protocols.motifs.Motif: atom3 name is ONH2
protocols.motifs.Motif: Res1 name is PRO
protocols.motifs.Motif: atom1 name is aroC
protocols.motifs.Motif: atom2 name is aroC
protocols.motifs.Motif: atom3 name is OH
protocols.motifs.Motif: Res1 name is LEU
protocols.motifs.Motif: atom1 name is aroC
protocols.motifs.Motif: atom2 name is aroC
protocols.motifs.Motif: atom3 name is OH
core.pack.task: Packer task: initialize from command line() 
core.pack.task: Packer task: initialize from command line() 
core.pack.task: Packer task: initialize from command line() 
protocols.moves.MonteCarlo: MonteCarlo:: last_accepted_score,lowest_score: -784.483 -784.483
protocols.motifs.Motif: Res1 name is TRP
protocols.motifs.Motif: atom1 name is ONH2
protocols.motifs.Motif: atom2 name is Npro
protocols.motifs.Motif: atom3 name is ONH2
protocols.motifs.Motif: Res1 name is PRO
protocols.motifs.Motif: atom1 name is aroC
protocols.motifs.Motif: atom2 name is aroC
protocols.motifs.Motif: atom3 name is OH
protocols.motifs.Motif: Res1 name is LEU
protocols.motifs.Motif: atom1 name is ONH2
protocols.motifs.Motif: atom2 name is Npro
protocols.motifs.Motif: atom3 name is ONH2
core.pack.task: Packer task: initialize from command line() 
core.pack.task: Packer task: initialize from command line() 
core.pack.task: Packer task: initialize from command line() 
protocols.moves.MonteCarlo: MonteCarlo:: last_accepted_score,lowest_score: -844.009 -844.905
protocols.motifs.Motif: Res1 name is TRP
protocols.motifs.Motif: atom1 name is aroC
protocols.motifs.Motif: atom2 name is aroC
protocols.motifs.Motif: atom3 name is aroC
protocols.motifs.Motif: Res1 name is MET
protocols.motifs.Motif: atom1 name is ONH2
protocols.motifs.Motif: atom2 name is Npro
protocols.motifs.Motif: atom3 name is ONH2
protocols.motifs.Motif: Res1 name is PRO
protocols.motifs.Motif: atom1 name is aroC
protocols.motifs.Motif: atom2 name is aroC
protocols.motifs.Motif: atom3 name is OH
core.pack.task: Packer task: initialize from command line() 
core.pack.task: Packer task: initialize from command line() 
core.pack.task: Packer task: initialize from command line() 
protocols.moves.MonteCarlo: MonteCarlo:: last_accepted_score,lowest_score: -847.443 -848.62
protocols.motifs.Motif: Res1 name is TRP
protocols.motifs.Motif: atom1 name is aroC
protocols.motifs.Motif: atom2 name is Npro
protocols.motifs.Motif: atom3 name is ONH2
protocols.motifs.Motif: Res1 name is MET
protocols.motifs.Motif: atom1 name is aroC
protocols.motifs.Motif: atom2 name is aroC
protocols.motifs.Motif: atom3 name is OH
protocols.motifs.Motif: Res1 name is PRO
protocols.motifs.Motif: atom1 name is aroC
protocols.motifs.Motif: atom2 name is aroC
protocols.motifs.Motif: atom3 name is aroC
protocols.motifs.Motif: Res1 name is LEU
protocols.motifs.Motif: atom1 name is ONH2
protocols.motifs.Motif: atom2 name is Npro
protocols.motifs.Motif: atom3 name is ONH2
core.pack.task: Packer task: initialize from command line() 
core.pack.task: Packer task: initialize from command line() 
core.pack.task: Packer task: initialize from command line() 
protocols.moves.MonteCarlo: MonteCarlo:: last_accepted_score,lowest_score: -845.214 -845.581
protocols.motifs.Motif: Res1 name is TRP
protocols.motifs.Motif: atom1 name is ONH2
protocols.motifs.Motif: atom2 name is Npro
protocols.motifs.Motif: atom3 name is ONH2
protocols.motifs.Motif: Res1 name is MET
protocols.motifs.Motif: atom1 name is aroC
protocols.motifs.Motif: atom2 name is aroC
protocols.motifs.Motif: atom3 name is OH
protocols.motifs.Motif: Res1 name is TRP
protocols.motifs.Motif: atom1 name is aroC
protocols.motifs.Motif: atom2 name is aroC
protocols.motifs.Motif: atom3 name is OH
protocols.motifs.Motif: Res1 name is PRO
protocols.motifs.Motif: atom1 name is ONH2
protocols.motifs.Motif: atom2 name is Npro
protocols.motifs.Motif: atom3 name is ONH2
core.pack.task: Packer task: initialize from command line() 
core.pack.task: Packer task: initialize from command line() 
core.pack.task: Packer task: initialize from command line() 
protocols.moves.MonteCarlo: MonteCarlo:: last_accepted_score,lowest_score: -848.004 -848.537
protocols.motifs.Motif: Res1 name is TRP
protocols.motifs.Motif: atom1 name is aroC
protocols.motifs.Motif: atom2 name is aroC
protocols.motifs.Motif: atom3 name is OH
protocols.motifs.Motif: Res1 name is MET
protocols.motifs.Motif: atom1 name is aroC
protocols.motifs.Motif: atom2 name is aroC
protocols.motifs.Motif: atom3 name is OH
protocols.motifs.Motif: Res1 name is PRO
protocols.motifs.Motif: atom1 name is aroC
protocols.motifs.Motif: atom2 name is aroC
protocols.motifs.Motif: atom3 name is aroC
protocols.motifs.Motif: Res1 name is LEU
protocols.motifs.Motif: atom1 name is ONH2
protocols.motifs.Motif: atom2 name is Npro
protocols.motifs.Motif: atom3 name is ONH2
protocols.motifs.Motif: Res1 name is GLU
protocols.motifs.Motif: atom1 name is ONH2
protocols.motifs.Motif: atom2 name is Npro
protocols.motifs.Motif: atom3 name is ONH2
core.pack.task: Packer task: initialize from command line() 
core.pack.task: Packer task: initialize from command line() 
core.pack.task: Packer task: initialize from command line() 
protocols.moves.MonteCarlo: MonteCarlo:: last_accepted_score,lowest_score: -848.858 -848.956
protocols.motifs.Motif: Res1 name is TRP
protocols.motifs.Motif: atom1 name is aroC
protocols.motifs.Motif: atom2 name is aroC
protocols.motifs.Motif: atom3 name is aroC
protocols.motifs.Motif: Res1 name is MET
protocols.motifs.Motif: atom1 name is aroC
protocols.motifs.Motif: atom2 name is aroC
protocols.motifs.Motif: atom3 name is aroC
protocols.motifs.Motif: Res1 name is TRP
protocols.motifs.Motif: atom1 name is ONH2
protocols.motifs.Motif: atom2 name is Npro
protocols.motifs.Motif: atom3 name is ONH2
protocols.motifs.Motif: Res1 name is LYS
protocols.motifs.Motif: atom1 name is ONH2
protocols.motifs.Motif: atom2 name is Npro
protocols.motifs.Motif: atom3 name is ONH2
protocols.motifs.Motif: Res1 name is PRO
protocols.motifs.Motif: atom1 name is aroC
protocols.motifs.Motif: atom2 name is aroC
protocols.motifs.Motif: atom3 name is OH
core.pack.task: Packer task: initialize from command line() 
core.pack.task: Packer task: initialize from command line() 
core.pack.task: Packer task: initialize from command line() 
protocols.moves.MonteCarlo: MonteCarlo:: last_accepted_score,lowest_score: -844.453 -845.029
protocols.motifs.Motif: Res1 name is TRP
protocols.motifs.Motif: atom1 name is ONH2
protocols.motifs.Motif: atom2 name is Npro
protocols.motifs.Motif: atom3 name is ONH2
protocols.motifs.Motif: Res1 name is PRO
protocols.motifs.Motif: atom1 name is aroC
protocols.motifs.Motif: atom2 name is aroC
protocols.motifs.Motif: atom3 name is Npro
core.pack.task: Packer task: initialize from command line() 
core.pack.task: Packer task: initialize from command line() 
core.pack.task: Packer task: initialize from command line() 
protocols.moves.MonteCarlo: MonteCarlo:: last_accepted_score,lowest_score: -845.619 -846.466
protocols.motifs.Motif: Res1 name is TRP
protocols.motifs.Motif: atom1 name is ONH2
protocols.motifs.Motif: atom2 name is Npro
protocols.motifs.Motif: atom3 name is ONH2
protocols.motifs.Motif: Res1 name is MET
protocols.motifs.Motif: atom1 name is ONH2
protocols.motifs.Motif: atom2 name is Npro
protocols.motifs.Motif: atom3 name is ONH2
protocols.motifs.Motif: Res1 name is TRP
protocols.motifs.Motif: atom1 name is ONH2
protocols.motifs.Motif: atom2 name is Npro
protocols.motifs.Motif: atom3 name is ONH2
protocols.motifs.Motif: Res1 name is PRO
protocols.motifs.Motif: atom1 name is aroC
protocols.motifs.Motif: atom2 name is aroC
protocols.motifs.Motif: atom3 name is aroC
core.pack.task: Packer task: initialize from command line() 
core.pack.task: Packer task: initialize from command line() 
core.pack.task: Packer task: initialize from command line() 
protocols.moves.MonteCarlo: MonteCarlo:: last_accepted_score,lowest_score: -848.189 -848.48
protocols.motifs.Motif: Res1 name is TRP
protocols.motifs.Motif: atom1 name is aroC
protocols.motifs.Motif: atom2 name is aroC
protocols.motifs.Motif: atom3 name is aroC
protocols.motifs.Motif: Res1 name is TRP
protocols.motifs.Motif: atom1 name is ONH2
protocols.motifs.Motif: atom2 name is Npro
protocols.motifs.Motif: atom3 name is ONH2
protocols.motifs.Motif: Res1 name is LYS
protocols.motifs.Motif: atom1 name is aroC
protocols.motifs.Motif: atom2 name is aroC
protocols.motifs.Motif: atom3 name is OH
protocols.motifs.Motif: Res1 name is PRO
protocols.motifs.Motif: atom1 name is aroC
protocols.motifs.Motif: atom2 name is aroC
protocols.motifs.Motif: atom3 name is Npro
protocols.motifs.Motif: Res1 name is LEU
protocols.motifs.Motif: atom1 name is ONH2
protocols.motifs.Motif: atom2 name is Npro
protocols.motifs.Motif: atom3 name is ONH2
core.pack.task: Packer task: initialize from command line() 
core.pack.task: Packer task: initialize from command line() 
core.pack.task: Packer task: initialize from command line() 
protocols.moves.MonteCarlo: MonteCarlo:: last_accepted_score,lowest_score: -846.953 -847.966
protocols.motifs.Motif: Res1 name is TRP
protocols.motifs.Motif: atom1 name is aroC
protocols.motifs.Motif: atom2 name is aroC
protocols.motifs.Motif: atom3 name is aroC
protocols.motifs.Motif: Res1 name is MET
protocols.motifs.Motif: atom1 name is ONH2
protocols.motifs.Motif: atom2 name is Npro
protocols.motifs.Motif: atom3 name is ONH2
protocols.motifs.Motif: Res1 name is PRO
protocols.motifs.Motif: atom1 name is aroC
protocols.motifs.Motif: atom2 name is aroC
protocols.motifs.Motif: atom3 name is aroC
protocols.motifs.Motif: Res1 name is LEU
protocols.motifs.Motif: atom1 name is ONH2
protocols.motifs.Motif: atom2 name is Npro
protocols.motifs.Motif: atom3 name is ONH2
core.pack.task: Packer task: initialize from command line() 
core.pack.task: Packer task: initialize from command line() 
core.pack.task: Packer task: initialize from command line() 
protocols.moves.MonteCarlo: MonteCarlo:: last_accepted_score,lowest_score: -847.383 -847.383
protocols.motifs.Motif: Res1 name is TRP
protocols.motifs.Motif: atom1 name is aroC
protocols.motifs.Motif: atom2 name is aroC
protocols.motifs.Motif: atom3 name is aroC
protocols.motifs.Motif: Res1 name is MET
protocols.motifs.Motif: atom1 name is aroC
protocols.motifs.Motif: atom2 name is aroC
protocols.motifs.Motif: atom3 name is OH
protocols.motifs.Motif: Res1 name is LYS
protocols.motifs.Motif: atom1 name is aroC
protocols.motifs.Motif: atom2 name is aroC
protocols.motifs.Motif: atom3 name is OH
protocols.motifs.Motif: Res1 name is PRO
protocols.motifs.Motif: atom1 name is aroC
protocols.motifs.Motif: atom2 name is aroC
protocols.motifs.Motif: atom3 name is Npro
protocols.motifs.Motif: Res1 name is LEU
protocols.motifs.Motif: atom1 name is ONH2
protocols.motifs.Motif: atom2 name is Npro
protocols.motifs.Motif: atom3 name is ONH2
core.pack.task: Packer task: initialize from command line() 
core.pack.task: Packer task: initialize from command line() 
core.pack.task: Packer task: initialize from command line() 
protocols.moves.MonteCarlo: MonteCarlo:: last_accepted_score,lowest_score: -848.243 -848.582
protocols.motifs.Motif: Res1 name is TRP
protocols.motifs.Motif: atom1 name is aroC
protocols.motifs.Motif: atom2 name is aroC
protocols.motifs.Motif: atom3 name is OH
protocols.motifs.Motif: Res1 name is MET
protocols.motifs.Motif: atom1 name is ONH2
protocols.motifs.Motif: atom2 name is Npro
protocols.motifs.Motif: atom3 name is ONH2
protocols.motifs.Motif: Res1 name is LYS
protocols.motifs.Motif: atom1 name is ONH2
protocols.motifs.Motif: atom2 name is Npro
protocols.motifs.Motif: atom3 name is ONH2
protocols.motifs.Motif: Res1 name is PRO
protocols.motifs.Motif: atom1 name is aroC
protocols.motifs.Motif: atom2 name is aroC
protocols.motifs.Motif: atom3 name is Npro
protocols.motifs.Motif: Res1 name is LEU
protocols.motifs.Motif: atom1 name is aroC
protocols.motifs.Motif: atom2 name is aroC
protocols.motifs.Motif: atom3 name is OH
protocols.motifs.Motif: Res1 name is GLU
protocols.motifs.Motif: atom1 name is ONH2
protocols.motifs.Motif: atom2 name is Npro
protocols.motifs.Motif: atom3 name is ONH2
core.pack.task: Packer task: initialize from command line() 
core.pack.task: Packer task: initialize from command line() 
core.pack.task: Packer task: initialize from command line() 
protocols.moves.MonteCarlo: MonteCarlo:: last_accepted_score,lowest_score: -847.863 -847.909
protocols.motifs.Motif: Res1 name is TRP
protocols.motifs.Motif: atom1 name is aroC
protocols.motifs.Motif: atom2 name is aroC
protocols.motifs.Motif: atom3 name is OH
protocols.motifs.Motif: Res1 name is MET
protocols.motifs.Motif: atom1 name is ONH2
protocols.motifs.Motif: atom2 name is Npro
protocols.motifs.Motif: atom3 name is ONH2
protocols.motifs.Motif: Res1 name is LYS
protocols.motifs.Motif: atom1 name is ONH2
protocols.motifs.Motif: atom2 name is Npro
protocols.motifs.Motif: atom3 name is ONH2
protocols.motifs.Motif: Res1 name is PRO
protocols.motifs.Motif: atom1 name is aroC
protocols.motifs.Motif: atom2 name is aroC
protocols.motifs.Motif: atom3 name is OH
core.pack.task: Packer task: initialize from command line() 
core.pack.task: Packer task: initialize from command line() 
core.pack.task: Packer task: initialize from command line() 
protocols.moves.MonteCarlo: MonteCarlo:: last_accepted_score,lowest_score: -847.062 -847.062
protocols.motifs.Motif: Res1 name is TRP
protocols.motifs.Motif: atom1 name is aroC
protocols.motifs.Motif: atom2 name is aroC
protocols.motifs.Motif: atom3 name is aroC
protocols.motifs.Motif: Res1 name is MET
protocols.motifs.Motif: atom1 name is ONH2
protocols.motifs.Motif: atom2 name is Npro
protocols.motifs.Motif: atom3 name is ONH2
protocols.motifs.Motif: Res1 name is TRP
protocols.motifs.Motif: atom1 name is ONH2
protocols.motifs.Motif: atom2 name is Npro
protocols.motifs.Motif: atom3 name is ONH2
protocols.motifs.Motif: Res1 name is LYS
protocols.motifs.Motif: atom1 name is ONH2
protocols.motifs.Motif: atom2 name is Npro
protocols.motifs.Motif: atom3 name is ONH2
protocols.motifs.Motif: Res1 name is PRO
protocols.motifs.Motif: atom1 name is aroC
protocols.motifs.Motif: atom2 name is aroC
protocols.motifs.Motif: atom3 name is OH
core.pack.task: Packer task: initialize from command line() 
core.pack.task: Packer task: initialize from command line() 
core.pack.task: Packer task: initialize from command line() 
protocols.moves.MonteCarlo: MonteCarlo:: last_accepted_score,lowest_score: -849.358 -849.358
protocols.motifs.Motif: Res1 name is TRP
protocols.motifs.Motif: atom1 name is aroC
protocols.motifs.Motif: atom2 name is aroC
protocols.motifs.Motif: atom3 name is OH
protocols.motifs.Motif: Res1 name is MET
protocols.motifs.Motif: atom1 name is ONH2
protocols.motifs.Motif: atom2 name is Npro
protocols.motifs.Motif: atom3 name is ONH2
protocols.motifs.Motif: Res1 name is TRP
protocols.motifs.Motif: atom1 name is ONH2
protocols.motifs.Motif: atom2 name is Npro
protocols.motifs.Motif: atom3 name is ONH2
protocols.motifs.Motif: Res1 name is LYS
protocols.motifs.Motif: atom1 name is ONH2
protocols.motifs.Motif: atom2 name is Npro
protocols.motifs.Motif: atom3 name is ONH2
protocols.motifs.Motif: Res1 name is PRO
protocols.motifs.Motif: atom1 name is aroC
protocols.motifs.Motif: atom2 name is aroC
protocols.motifs.Motif: atom3 name is OH
core.pack.task: Packer task: initialize from command line() 
core.pack.task: Packer task: initialize from command line() 
core.pack.task: Packer task: initialize from command line() 
protocols.moves.MonteCarlo: MonteCarlo:: last_accepted_score,lowest_score: -847.75 -847.779
protocols.motifs.Motif: Res1 name is TRP
protocols.motifs.Motif: atom1 name is aroC
protocols.motifs.Motif: atom2 name is aroC
protocols.motifs.Motif: atom3 name is aroC
protocols.motifs.Motif: Res1 name is MET
protocols.motifs.Motif: atom1 name is ONH2
protocols.motifs.Motif: atom2 name is Npro
protocols.motifs.Motif: atom3 name is ONH2
protocols.motifs.Motif: Res1 name is PRO
protocols.motifs.Motif: atom1 name is aroC
protocols.motifs.Motif: atom2 name is aroC
protocols.motifs.Motif: atom3 name is aroC
protocols.motifs.Motif: Res1 name is LEU
protocols.motifs.Motif: atom1 name is aroC
protocols.motifs.Motif: atom2 name is aroC
protocols.motifs.Motif: atom3 name is OH
core.pack.task: Packer task: initialize from command line() 
core.pack.task: Packer task: initialize from command line() 
core.pack.task: Packer task: initialize from command line() 
protocols.moves.MonteCarlo: MonteCarlo:: last_accepted_score,lowest_score: -847.697 -847.697
protocols.motifs.Motif: Res1 name is TRP
protocols.motifs.Motif: atom1 name is aroC
protocols.motifs.Motif: atom2 name is aroC
protocols.motifs.Motif: atom3 name is OH
protocols.motifs.Motif: Res1 name is TRP
protocols.motifs.Motif: atom1 name is ONH2
protocols.motifs.Motif: atom2 name is Npro
protocols.motifs.Motif: atom3 name is ONH2
protocols.motifs.Motif: Res1 name is LYS
protocols.motifs.Motif: atom1 name is ONH2
protocols.motifs.Motif: atom2 name is Npro
protocols.motifs.Motif: atom3 name is ONH2
protocols.motifs.Motif: Res1 name is PRO
protocols.motifs.Motif: atom1 name is aroC
protocols.motifs.Motif: atom2 name is aroC
protocols.motifs.Motif: atom3 name is aroC
core.pack.task: Packer task: initialize from command line() 
core.pack.task: Packer task: initialize from command line() 
core.pack.task: Packer task: initialize from command line() 
protocols.moves.MonteCarlo: MonteCarlo:: last_accepted_score,lowest_score: -848.134 -848.134
protocols.motifs.Motif: Res1 name is TRP
protocols.motifs.Motif: atom1 name is aroC
protocols.motifs.Motif: atom2 name is aroC
protocols.motifs.Motif: atom3 name is OH
protocols.motifs.Motif: Res1 name is MET
protocols.motifs.Motif: atom1 name is ONH2
protocols.motifs.Motif: atom2 name is Npro
protocols.motifs.Motif: atom3 name is ONH2
protocols.motifs.Motif: Res1 name is PRO
protocols.motifs.Motif: atom1 name is ONH2
protocols.motifs.Motif: atom2 name is Npro
protocols.motifs.Motif: atom3 name is ONH2
protocols.motifs.Motif: Res1 name is LEU
protocols.motifs.Motif: atom1 name is ONH2
protocols.motifs.Motif: atom2 name is Npro
protocols.motifs.Motif: atom3 name is ONH2
core.pack.task: Packer task: initialize from command line() 
core.pack.task: Packer task: initialize from command line() 
core.pack.task: Packer task: initialize from command line() 
protocols.moves.MonteCarlo: MonteCarlo:: last_accepted_score,lowest_score: -846.58 -846.823
protocols.motifs.Motif: Res1 name is TRP
protocols.motifs.Motif: atom1 name is aroC
protocols.motifs.Motif: atom2 name is aroC
protocols.motifs.Motif: atom3 name is OH
protocols.motifs.Motif: Res1 name is MET
protocols.motifs.Motif: atom1 name is ONH2
protocols.motifs.Motif: atom2 name is Npro
protocols.motifs.Motif: atom3 name is ONH2
protocols.motifs.Motif: Res1 name is PRO
protocols.motifs.Motif: atom1 name is aroC
protocols.motifs.Motif: atom2 name is aroC
protocols.motifs.Motif: atom3 name is aroC
core.pack.task: Packer task: initialize from command line() 
core.pack.task: Packer task: initialize from command line() 
core.pack.task: Packer task: initialize from command line() 
protocols.moves.MonteCarlo: MonteCarlo:: last_accepted_score,lowest_score: -847.162 -847.162
protocols.motifs.Motif: Res1 name is TRP
protocols.motifs.Motif: atom1 name is aroC
protocols.motifs.Motif: atom2 name is aroC
protocols.motifs.Motif: atom3 name is OH
protocols.motifs.Motif: Res1 name is MET
protocols.motifs.Motif: atom1 name is ONH2
protocols.motifs.Motif: atom2 name is Npro
protocols.motifs.Motif: atom3 name is ONH2
protocols.motifs.Motif: Res1 name is TRP
protocols.motifs.Motif: atom1 name is ONH2
protocols.motifs.Motif: atom2 name is Npro
protocols.motifs.Motif: atom3 name is ONH2
protocols.motifs.Motif: Res1 name is LYS
protocols.motifs.Motif: atom1 name is ONH2
protocols.motifs.Motif: atom2 name is Npro
protocols.motifs.Motif: atom3 name is ONH2
protocols.motifs.Motif: Res1 name is PRO
protocols.motifs.Motif: atom1 name is aroC
protocols.motifs.Motif: atom2 name is aroC
protocols.motifs.Motif: atom3 name is Npro
core.pack.task: Packer task: initialize from command line() 
core.pack.task: Packer task: initialize from command line() 
core.pack.task: Packer task: initialize from command line() 
protocols.moves.MonteCarlo: MonteCarlo:: last_accepted_score,lowest_score: -846.388 -846.388
protocols.motifs.Motif: Res1 name is TRP
protocols.motifs.Motif: atom1 name is aroC
protocols.motifs.Motif: atom2 name is aroC
protocols.motifs.Motif: atom3 name is Npro
protocols.motifs.Motif: Res1 name is MET
protocols.motifs.Motif: atom1 name is aroC
protocols.motifs.Motif: atom2 name is aroC
protocols.motifs.Motif: atom3 name is aroC
protocols.motifs.Motif: Res1 name is PRO
protocols.motifs.Motif: atom1 name is ONH2
protocols.motifs.Motif: atom2 name is Npro
protocols.motifs.Motif: atom3 name is ONH2
core.pack.task: Packer task: initialize from command line() 
core.pack.task: Packer task: initialize from command line() 
core.pack.task: Packer task: initialize from command line() 
protocols.moves.MonteCarlo: MonteCarlo:: last_accepted_score,lowest_score: -849.931 -850.043
protocols.motifs.Motif: Res1 name is TRP
protocols.motifs.Motif: atom1 name is aroC
protocols.motifs.Motif: atom2 name is aroC
protocols.motifs.Motif: atom3 name is aroC
protocols.motifs.Motif: Res1 name is MET
protocols.motifs.Motif: atom1 name is ONH2
protocols.motifs.Motif: atom2 name is Npro
protocols.motifs.Motif: atom3 name is ONH2
protocols.motifs.Motif: Res1 name is TRP
protocols.motifs.Motif: atom1 name is ONH2
protocols.motifs.Motif: atom2 name is Npro
protocols.motifs.Motif: atom3 name is ONH2
protocols.motifs.Motif: Res1 name is LYS
protocols.motifs.Motif: atom1 name is ONH2
protocols.motifs.Motif: atom2 name is Npro
protocols.motifs.Motif: atom3 name is ONH2
protocols.motifs.Motif: Res1 name is PRO
protocols.motifs.Motif: atom1 name is aroC
protocols.motifs.Motif: atom2 name is Npro
protocols.motifs.Motif: atom3 name is ONH2
protocols.motifs.Motif: Res1 name is LEU
protocols.motifs.Motif: atom1 name is aroC
protocols.motifs.Motif: atom2 name is aroC
protocols.motifs.Motif: atom3 name is OH
protocols.motifs.Motif: Res1 name is GLU
protocols.motifs.Motif: atom1 name is aroC
protocols.motifs.Motif: atom2 name is aroC
protocols.motifs.Motif: atom3 name is OH
core.pack.task: Packer task: initialize from command line() 
core.pack.task: Packer task: initialize from command line() 
core.pack.task: Packer task: initialize from command line() 
protocols.moves.MonteCarlo: MonteCarlo:: last_accepted_score,lowest_score: -846.864 -846.911
protocols.motifs.Motif: Res1 name is TRP
protocols.motifs.Motif: atom1 name is aroC
protocols.motifs.Motif: atom2 name is aroC
protocols.motifs.Motif: atom3 name is Npro
protocols.motifs.Motif: Res1 name is PRO
protocols.motifs.Motif: atom1 name is aroC
protocols.motifs.Motif: atom2 name is aroC
protocols.motifs.Motif: atom3 name is OH
protocols.motifs.Motif: Res1 name is LEU
protocols.motifs.Motif: atom1 name is aroC
protocols.motifs.Motif: atom2 name is aroC
protocols.motifs.Motif: atom3 name is OH
core.pack.task: Packer task: initialize from command line() 
core.pack.task: Packer task: initialize from command line() 
core.pack.task: Packer task: initialize from command line() 
protocols.moves.MonteCarlo: MonteCarlo:: last_accepted_score,lowest_score: -845.086 -845.086
protocols.motifs.Motif: Res1 name is TRP
protocols.motifs.Motif: atom1 name is aroC
protocols.motifs.Motif: atom2 name is aroC
protocols.motifs.Motif: atom3 name is OH
protocols.motifs.Motif: Res1 name is MET
protocols.motifs.Motif: atom1 name is aroC
protocols.motifs.Motif: atom2 name is Npro
protocols.motifs.Motif: atom3 name is ONH2
protocols.motifs.Motif: Res1 name is TRP
protocols.motifs.Motif: atom1 name is ONH2
protocols.motifs.Motif: atom2 name is Npro
protocols.motifs.Motif: atom3 name is ONH2
core.pack.task: Packer task: initialize from command line() 
core.pack.task: Packer task: initialize from command line() 
core.pack.task: Packer task: initialize from command line() 
protocols.moves.MonteCarlo: MonteCarlo:: last_accepted_score,lowest_score: -848.936 -848.936
protocols.motifs.Motif: Res1 name is TRP
protocols.motifs.Motif: atom1 name is ONH2
protocols.motifs.Motif: atom2 name is Npro
protocols.motifs.Motif: atom3 name is ONH2
protocols.motifs.Motif: Res1 name is MET
protocols.motifs.Motif: atom1 name is aroC
protocols.motifs.Motif: atom2 name is aroC
protocols.motifs.Motif: atom3 name is OH
protocols.motifs.Motif: Res1 name is TRP
protocols.motifs.Motif: atom1 name is ONH2
protocols.motifs.Motif: atom2 name is Npro
protocols.motifs.Motif: atom3 name is ONH2
protocols.motifs.Motif: Res1 name is LYS
protocols.motifs.Motif: atom1 name is ONH2
protocols.motifs.Motif: atom2 name is Npro
protocols.motifs.Motif: atom3 name is ONH2
protocols.motifs.Motif: Res1 name is PRO
protocols.motifs.Motif: atom1 name is ONH2
protocols.motifs.Motif: atom2 name is Npro
protocols.motifs.Motif: atom3 name is ONH2
protocols.motifs.Motif: Res1 name is LEU
protocols.motifs.Motif: atom1 name is ONH2
protocols.motifs.Motif: atom2 name is Npro
protocols.motifs.Motif: atom3 name is ONH2
core.pack.task: Packer task: initialize from command line() 
core.pack.task: Packer task: initialize from command line() 
core.pack.task: Packer task: initialize from command line() 
protocols.moves.MonteCarlo: MonteCarlo:: last_accepted_score,lowest_score: -847.743 -847.743
protocols.motifs.Motif: Res1 name is TRP
protocols.motifs.Motif: atom1 name is ONH2
protocols.motifs.Motif: atom2 name is Npro
protocols.motifs.Motif: atom3 name is ONH2
protocols.motifs.Motif: Res1 name is MET
protocols.motifs.Motif: atom1 name is aroC
protocols.motifs.Motif: atom2 name is aroC
protocols.motifs.Motif: atom3 name is OH
protocols.motifs.Motif: Res1 name is TRP
protocols.motifs.Motif: atom1 name is aroC
protocols.motifs.Motif: atom2 name is aroC
protocols.motifs.Motif: atom3 name is OH
protocols.motifs.Motif: Res1 name is LEU
protocols.motifs.Motif: atom1 name is ONH2
protocols.motifs.Motif: atom2 name is Npro
protocols.motifs.Motif: atom3 name is ONH2
core.pack.task: Packer task: initialize from command line() 
core.pack.task: Packer task: initialize from command line() 
core.pack.task: Packer task: initialize from command line() 
protocols.moves.MonteCarlo: MonteCarlo:: last_accepted_score,lowest_score: -847.018 -847.018
protocols.motifs.Motif: Res1 name is TRP
protocols.motifs.Motif: atom1 name is aroC
protocols.motifs.Motif: atom2 name is aroC
protocols.motifs.Motif: atom3 name is aroC
protocols.motifs.Motif: Res1 name is PRO
protocols.motifs.Motif: atom1 name is aroC
protocols.motifs.Motif: atom2 name is aroC
protocols.motifs.Motif: atom3 name is aroC
core.pack.task: Packer task: initialize from command line() 
core.pack.task: Packer task: initialize from command line() 
core.pack.task: Packer task: initialize from command line() 
protocols.moves.MonteCarlo: MonteCarlo:: last_accepted_score,lowest_score: -848.287 -848.588
protocols.motifs.Motif: Res1 name is TRP
protocols.motifs.Motif: atom1 name is aroC
protocols.motifs.Motif: atom2 name is aroC
protocols.motifs.Motif: atom3 name is aroC
protocols.motifs.Motif: Res1 name is MET
protocols.motifs.Motif: atom1 name is ONH2
protocols.motifs.Motif: atom2 name is Npro
protocols.motifs.Motif: atom3 name is ONH2
protocols.motifs.Motif: Res1 name is LYS
protocols.motifs.Motif: atom1 name is aroC
protocols.motifs.Motif: atom2 name is aroC
protocols.motifs.Motif: atom3 name is OH
protocols.motifs.Motif: Res1 name is PRO
protocols.motifs.Motif: atom1 name is aroC
protocols.motifs.Motif: atom2 name is aroC
protocols.motifs.Motif: atom3 name is Npro
protocols.motifs.Motif: Res1 name is LEU
protocols.motifs.Motif: atom1 name is aroC
protocols.motifs.Motif: atom2 name is aroC
protocols.motifs.Motif: atom3 name is OH
core.pack.task: Packer task: initialize from command line() 
core.pack.task: Packer task: initialize from command line() 
core.pack.task: Packer task: initialize from command line() 
protocols.moves.MonteCarlo: MonteCarlo:: last_accepted_score,lowest_score: -848.65 -849.133
protocols.motifs.Motif: Res1 name is TRP
protocols.motifs.Motif: atom1 name is aroC
protocols.motifs.Motif: atom2 name is aroC
protocols.motifs.Motif: atom3 name is aroC
protocols.motifs.Motif: Res1 name is TRP
protocols.motifs.Motif: atom1 name is ONH2
protocols.motifs.Motif: atom2 name is Npro
protocols.motifs.Motif: atom3 name is ONH2
protocols.motifs.Motif: Res1 name is LYS
protocols.motifs.Motif: atom1 name is ONH2
protocols.motifs.Motif: atom2 name is Npro
protocols.motifs.Motif: atom3 name is ONH2
protocols.motifs.Motif: Res1 name is PRO
protocols.motifs.Motif: atom1 name is aroC
protocols.motifs.Motif: atom2 name is aroC
protocols.motifs.Motif: atom3 name is Npro
protocols.motifs.Motif: Res1 name is LEU
protocols.motifs.Motif: atom1 name is ONH2
protocols.motifs.Motif: atom2 name is Npro
protocols.motifs.Motif: atom3 name is ONH2
protocols.motifs.Motif: Res1 name is GLU
protocols.motifs.Motif: atom1 name is ONH2
protocols.motifs.Motif: atom2 name is Npro
protocols.motifs.Motif: atom3 name is ONH2
core.pack.task: Packer task: initialize from command line() 
core.pack.task: Packer task: initialize from command line() 
core.pack.task: Packer task: initialize from command line() 
protocols.moves.MonteCarlo: MonteCarlo:: last_accepted_score,lowest_score: -846.195 -846.195
protocols.motifs.Motif: Res1 name is TRP
protocols.motifs.Motif: atom1 name is aroC
protocols.motifs.Motif: atom2 name is aroC
protocols.motifs.Motif: atom3 name is aroC
protocols.motifs.Motif: Res1 name is MET
protocols.motifs.Motif: atom1 name is aroC
protocols.motifs.Motif: atom2 name is aroC
protocols.motifs.Motif: atom3 name is OH
core.pack.task: Packer task: initialize from command line() 
core.pack.task: Packer task: initialize from command line() 
core.pack.task: Packer task: initialize from command line() 
protocols.moves.MonteCarlo: MonteCarlo:: last_accepted_score,lowest_score: -846.444 -847.042
protocols.motifs.Motif: Res1 name is TRP
protocols.motifs.Motif: atom1 name is ONH2
protocols.motifs.Motif: atom2 name is Npro
protocols.motifs.Motif: atom3 name is ONH2
protocols.motifs.Motif: Res1 name is MET
protocols.motifs.Motif: atom1 name is ONH2
protocols.motifs.Motif: atom2 name is Npro
protocols.motifs.Motif: atom3 name is ONH2
protocols.motifs.Motif: Res1 name is PRO
protocols.motifs.Motif: atom1 name is aroC
protocols.motifs.Motif: atom2 name is aroC
protocols.motifs.Motif: atom3 name is Npro
protocols.motifs.Motif: Res1 name is LEU
protocols.motifs.Motif: atom1 name is ONH2
protocols.motifs.Motif: atom2 name is Npro
protocols.motifs.Motif: atom3 name is ONH2
protocols.motifs.Motif: Res1 name is GLU
protocols.motifs.Motif: atom1 name is ONH2
protocols.motifs.Motif: atom2 name is Npro
protocols.motifs.Motif: atom3 name is ONH2
core.pack.task: Packer task: initialize from command line() 
core.pack.task: Packer task: initialize from command line() 
core.pack.task: Packer task: initialize from command line() 
protocols.moves.MonteCarlo: MonteCarlo:: last_accepted_score,lowest_score: -846.265 -846.265
protocols.motifs.Motif: Res1 name is TRP
protocols.motifs.Motif: atom1 name is aroC
protocols.motifs.Motif: atom2 name is aroC
protocols.motifs.Motif: atom3 name is aroC
protocols.motifs.Motif: Res1 name is MET
protocols.motifs.Motif: atom1 name is ONH2
protocols.motifs.Motif: atom2 name is Npro
protocols.motifs.Motif: atom3 name is ONH2
protocols.motifs.Motif: Res1 name is PRO
protocols.motifs.Motif: atom1 name is aroC
protocols.motifs.Motif: atom2 name is aroC
protocols.motifs.Motif: atom3 name is aroC
protocols.motifs.Motif: Res1 name is LEU
protocols.motifs.Motif: atom1 name is aroC
protocols.motifs.Motif: atom2 name is aroC
protocols.motifs.Motif: atom3 name is OH
core.pack.task: Packer task: initialize from command line() 
core.pack.task: Packer task: initialize from command line() 
core.pack.task: Packer task: initialize from command line() 
protocols.moves.MonteCarlo: MonteCarlo:: last_accepted_score,lowest_score: -845.596 -846.704
protocols.motifs.Motif: Res1 name is TRP
protocols.motifs.Motif: atom1 name is aroC
protocols.motifs.Motif: atom2 name is aroC
protocols.motifs.Motif: atom3 name is aroC
protocols.motifs.Motif: Res1 name is MET
protocols.motifs.Motif: atom1 name is ONH2
protocols.motifs.Motif: atom2 name is Npro
protocols.motifs.Motif: atom3 name is ONH2
protocols.motifs.Motif: Res1 name is PRO
protocols.motifs.Motif: atom1 name is aroC
protocols.motifs.Motif: atom2 name is aroC
protocols.motifs.Motif: atom3 name is OH
core.pack.task: Packer task: initialize from command line() 
core.pack.task: Packer task: initialize from command line() 
core.pack.task: Packer task: initialize from command line() 
protocols.moves.MonteCarlo: MonteCarlo:: last_accepted_score,lowest_score: -847.314 -848.088
protocols.motifs.Motif: Res1 name is TRP
protocols.motifs.Motif: atom1 name is aroC
protocols.motifs.Motif: atom2 name is aroC
protocols.motifs.Motif: atom3 name is aroC
protocols.motifs.Motif: Res1 name is PRO
protocols.motifs.Motif: atom1 name is aroC
protocols.motifs.Motif: atom2 name is Npro
protocols.motifs.Motif: atom3 name is ONH2
protocols.motifs.Motif: Res1 name is LEU
protocols.motifs.Motif: atom1 name is ONH2
protocols.motifs.Motif: atom2 name is Npro
protocols.motifs.Motif: atom3 name is ONH2
protocols.motifs.Motif: Res1 name is GLU
protocols.motifs.Motif: atom1 name is ONH2
protocols.motifs.Motif: atom2 name is Npro
protocols.motifs.Motif: atom3 name is ONH2
core.pack.task: Packer task: initialize from command line() 
core.pack.task: Packer task: initialize from command line() 
core.pack.task: Packer task: initialize from command line() 
protocols.moves.MonteCarlo: MonteCarlo:: last_accepted_score,lowest_score: -844.94 -845.459
protocols.motifs.Motif: Res1 name is TRP
protocols.motifs.Motif: atom1 name is ONH2
protocols.motifs.Motif: atom2 name is Npro
protocols.motifs.Motif: atom3 name is ONH2
protocols.motifs.Motif: Res1 name is MET
protocols.motifs.Motif: atom1 name is ONH2
protocols.motifs.Motif: atom2 name is Npro
protocols.motifs.Motif: atom3 name is ONH2
protocols.motifs.Motif: Res1 name is TRP
protocols.motifs.Motif: atom1 name is ONH2
protocols.motifs.Motif: atom2 name is Npro
protocols.motifs.Motif: atom3 name is ONH2
core.pack.task: Packer task: initialize from command line() 
core.pack.task: Packer task: initialize from command line() 
core.pack.task: Packer task: initialize from command line() 
protocols.moves.MonteCarlo: MonteCarlo:: last_accepted_score,lowest_score: -847.012 -847.012
protocols.motifs.Motif: Res1 name is TRP
protocols.motifs.Motif: atom1 name is ONH2
protocols.motifs.Motif: atom2 name is Npro
protocols.motifs.Motif: atom3 name is ONH2
protocols.motifs.Motif: Res1 name is MET
protocols.motifs.Motif: atom1 name is aroC
protocols.motifs.Motif: atom2 name is aroC
protocols.motifs.Motif: atom3 name is OH
protocols.motifs.Motif: Res1 name is LYS
protocols.motifs.Motif: atom1 name is ONH2
protocols.motifs.Motif: atom2 name is Npro
protocols.motifs.Motif: atom3 name is ONH2
protocols.motifs.Motif: Res1 name is PRO
protocols.motifs.Motif: atom1 name is ONH2
protocols.motifs.Motif: atom2 name is Npro
protocols.motifs.Motif: atom3 name is ONH2
core.pack.task: Packer task: initialize from command line() 
core.pack.task: Packer task: initialize from command line() 
core.pack.task: Packer task: initialize from command line() 
protocols.moves.MonteCarlo: MonteCarlo:: last_accepted_score,lowest_score: -847.423 -848.476
protocols.motifs.Motif: Res1 name is TRP
protocols.motifs.Motif: atom1 name is aroC
protocols.motifs.Motif: atom2 name is aroC
protocols.motifs.Motif: atom3 name is aroC
protocols.motifs.Motif: Res1 name is MET
protocols.motifs.Motif: atom1 name is ONH2
protocols.motifs.Motif: atom2 name is Npro
protocols.motifs.Motif: atom3 name is ONH2
protocols.motifs.Motif: Res1 name is PRO
protocols.motifs.Motif: atom1 name is aroC
protocols.motifs.Motif: atom2 name is aroC
protocols.motifs.Motif: atom3 name is aroC
protocols.motifs.Motif: Res1 name is LEU
protocols.motifs.Motif: atom1 name is ONH2
protocols.motifs.Motif: atom2 name is Npro
protocols.motifs.Motif: atom3 name is ONH2
core.pack.task: Packer task: initialize from command line() 
core.pack.task: Packer task: initialize from command line() 
core.pack.task: Packer task: initialize from command line() 
protocols.moves.MonteCarlo: MonteCarlo:: last_accepted_score,lowest_score: -848.468 -848.607
protocols.motifs.Motif: Res1 name is TRP
protocols.motifs.Motif: atom1 name is aroC
protocols.motifs.Motif: atom2 name is aroC
protocols.motifs.Motif: atom3 name is aroC
protocols.motifs.Motif: Res1 name is LYS
protocols.motifs.Motif: atom1 name is ONH2
protocols.motifs.Motif: atom2 name is Npro
protocols.motifs.Motif: atom3 name is ONH2
protocols.motifs.Motif: Res1 name is PRO
protocols.motifs.Motif: atom1 name is aroC
protocols.motifs.Motif: atom2 name is aroC
protocols.motifs.Motif: atom3 name is OH
core.pack.task: Packer task: initialize from command line() 
core.pack.task: Packer task: initialize from command line() 
core.pack.task: Packer task: initialize from command line() 
protocols.moves.MonteCarlo: MonteCarlo:: last_accepted_score,lowest_score: -848.786 -849.292
protocols.motifs.Motif: Res1 name is TRP
protocols.motifs.Motif: atom1 name is aroC
protocols.motifs.Motif: atom2 name is aroC
protocols.motifs.Motif: atom3 name is aroC
protocols.motifs.Motif: Res1 name is MET
protocols.motifs.Motif: atom1 name is aroC
protocols.motifs.Motif: atom2 name is aroC
protocols.motifs.Motif: atom3 name is OH
protocols.motifs.Motif: Res1 name is PRO
protocols.motifs.Motif: atom1 name is aroC
protocols.motifs.Motif: atom2 name is aroC
protocols.motifs.Motif: atom3 name is aroC
protocols.motifs.Motif: Res1 name is LEU
protocols.motifs.Motif: atom1 name is ONH2
protocols.motifs.Motif: atom2 name is Npro
protocols.motifs.Motif: atom3 name is ONH2
protocols.motifs.Motif: Res1 name is GLU
protocols.motifs.Motif: atom1 name is ONH2
protocols.motifs.Motif: atom2 name is Npro
protocols.motifs.Motif: atom3 name is ONH2
core.pack.task: Packer task: initialize from command line() 
core.pack.task: Packer task: initialize from command line() 
core.pack.task: Packer task: initialize from command line() 
protocols.moves.MonteCarlo: MonteCarlo:: last_accepted_score,lowest_score: -847.534 -847.576
protocols.motifs.Motif: Res1 name is TRP
protocols.motifs.Motif: atom1 name is ONH2
protocols.motifs.Motif: atom2 name is Npro
protocols.motifs.Motif: atom3 name is ONH2
protocols.motifs.Motif: Res1 name is MET
protocols.motifs.Motif: atom1 name is ONH2
protocols.motifs.Motif: atom2 name is Npro
protocols.motifs.Motif: atom3 name is ONH2
protocols.motifs.Motif: Res1 name is LYS
protocols.motifs.Motif: atom1 name is ONH2
protocols.motifs.Motif: atom2 name is Npro
protocols.motifs.Motif: atom3 name is ONH2
protocols.motifs.Motif: Res1 name is PRO
protocols.motifs.Motif: atom1 name is aroC
protocols.motifs.Motif: atom2 name is aroC
protocols.motifs.Motif: atom3 name is aroC
protocols.motifs.Motif: Res1 name is LEU
protocols.motifs.Motif: atom1 name is ONH2
protocols.motifs.Motif: atom2 name is Npro
protocols.motifs.Motif: atom3 name is ONH2
core.pack.task: Packer task: initialize from command line() 
core.pack.task: Packer task: initialize from command line() 
core.pack.task: Packer task: initialize from command line() 
protocols.moves.MonteCarlo: MonteCarlo:: last_accepted_score,lowest_score: -846.546 -847.25
protocols.motifs.Motif: Res1 name is TRP
protocols.motifs.Motif: atom1 name is ONH2
protocols.motifs.Motif: atom2 name is Npro
protocols.motifs.Motif: atom3 name is ONH2
protocols.motifs.Motif: Res1 name is MET
protocols.motifs.Motif: atom1 name is ONH2
protocols.motifs.Motif: atom2 name is Npro
protocols.motifs.Motif: atom3 name is ONH2
protocols.motifs.Motif: Res1 name is PRO
protocols.motifs.Motif: atom1 name is aroC
protocols.motifs.Motif: atom2 name is aroC
protocols.motifs.Motif: atom3 name is OH
core.pack.task: Packer task: initialize from command line() 
core.pack.task: Packer task: initialize from command line() 
core.pack.task: Packer task: initialize from command line() 
protocols.moves.MonteCarlo: MonteCarlo:: last_accepted_score,lowest_score: -845.709 -846.002
protocols.motifs.Motif: Res1 name is TRP
protocols.motifs.Motif: atom1 name is ONH2
protocols.motifs.Motif: atom2 name is Npro
protocols.motifs.Motif: atom3 name is ONH2
protocols.motifs.Motif: Res1 name is MET
protocols.motifs.Motif: atom1 name is ONH2
protocols.motifs.Motif: atom2 name is Npro
protocols.motifs.Motif: atom3 name is ONH2
protocols.motifs.Motif: Res1 name is TRP
protocols.motifs.Motif: atom1 name is ONH2
protocols.motifs.Motif: atom2 name is Npro
protocols.motifs.Motif: atom3 name is ONH2
protocols.motifs.Motif: Res1 name is PRO
protocols.motifs.Motif: atom1 name is aroC
protocols.motifs.Motif: atom2 name is aroC
protocols.motifs.Motif: atom3 name is aroC
core.pack.task: Packer task: initialize from command line() 
core.pack.task: Packer task: initialize from command line() 
core.pack.task: Packer task: initialize from command line() 
protocols.moves.MonteCarlo: MonteCarlo:: last_accepted_score,lowest_score: -847.641 -847.641
protocols.motifs.Motif: Res1 name is TRP
protocols.motifs.Motif: atom1 name is ONH2
protocols.motifs.Motif: atom2 name is Npro
protocols.motifs.Motif: atom3 name is ONH2
protocols.motifs.Motif: Res1 name is MET
protocols.motifs.Motif: atom1 name is ONH2
protocols.motifs.Motif: atom2 name is Npro
protocols.motifs.Motif: atom3 name is ONH2
protocols.motifs.Motif: Res1 name is TRP
protocols.motifs.Motif: atom1 name is ONH2
protocols.motifs.Motif: atom2 name is Npro
protocols.motifs.Motif: atom3 name is ONH2
protocols.motifs.Motif: Res1 name is LYS
protocols.motifs.Motif: atom1 name is aroC
protocols.motifs.Motif: atom2 name is aroC
protocols.motifs.Motif: atom3 name is OH
protocols.motifs.Motif: Res1 name is PRO
protocols.motifs.Motif: atom1 name is aroC
protocols.motifs.Motif: atom2 name is aroC
protocols.motifs.Motif: atom3 name is OH
protocols.motifs.Motif: Res1 name is LEU
protocols.motifs.Motif: atom1 name is ONH2
protocols.motifs.Motif: atom2 name is Npro
protocols.motifs.Motif: atom3 name is ONH2
core.pack.task: Packer task: initialize from command line() 
core.pack.task: Packer task: initialize from command line() 
core.pack.task: Packer task: initialize from command line() 
protocols.moves.MonteCarlo: MonteCarlo:: last_accepted_score,lowest_score: -848.144 -848.876
protocols.motifs.Motif: Res1 name is TRP
protocols.motifs.Motif: atom1 name is aroC
protocols.motifs.Motif: atom2 name is aroC
protocols.motifs.Motif: atom3 name is OH
protocols.motifs.Motif: Res1 name is MET
protocols.motifs.Motif: atom1 name is ONH2
protocols.motifs.Motif: atom2 name is Npro
protocols.motifs.Motif: atom3 name is ONH2
protocols.motifs.Motif: Res1 name is PRO
protocols.motifs.Motif: atom1 name is aroC
protocols.motifs.Motif: atom2 name is aroC
protocols.motifs.Motif: atom3 name is aroC
core.pack.task: Packer task: initialize from command line() 
core.pack.task: Packer task: initialize from command line() 
core.pack.task: Packer task: initialize from command line() 
protocols.moves.MonteCarlo: MonteCarlo:: last_accepted_score,lowest_score: -847.716 -847.716
protocols.motifs.Motif: Res1 name is TRP
protocols.motifs.Motif: atom1 name is aroC
protocols.motifs.Motif: atom2 name is aroC
protocols.motifs.Motif: atom3 name is aroC
protocols.motifs.Motif: Res1 name is MET
protocols.motifs.Motif: atom1 name is ONH2
protocols.motifs.Motif: atom2 name is Npro
protocols.motifs.Motif: atom3 name is ONH2
protocols.motifs.Motif: Res1 name is PRO
protocols.motifs.Motif: atom1 name is aroC
protocols.motifs.Motif: atom2 name is aroC
protocols.motifs.Motif: atom3 name is OH
protocols.motifs.Motif: Res1 name is LEU
protocols.motifs.Motif: atom1 name is aroC
protocols.motifs.Motif: atom2 name is aroC
protocols.motifs.Motif: atom3 name is OH
core.pack.task: Packer task: initialize from command line() 
core.pack.task: Packer task: initialize from command line() 
core.pack.task: Packer task: initialize from command line() 
protocols.moves.MonteCarlo: MonteCarlo:: last_accepted_score,lowest_score: -849.068 -849.068
protocols.motifs.Motif: Res1 name is TRP
protocols.motifs.Motif: atom1 name is aroC
protocols.motifs.Motif: atom2 name is aroC
protocols.motifs.Motif: atom3 name is aroC
protocols.motifs.Motif: Res1 name is MET
protocols.motifs.Motif: atom1 name is ONH2
protocols.motifs.Motif: atom2 name is Npro
protocols.motifs.Motif: atom3 name is ONH2
protocols.motifs.Motif: Res1 name is PRO
protocols.motifs.Motif: atom1 name is aroC
protocols.motifs.Motif: atom2 name is aroC
protocols.motifs.Motif: atom3 name is aroC
protocols.motifs.Motif: Res1 name is LEU
protocols.motifs.Motif: atom1 name is ONH2
protocols.motifs.Motif: atom2 name is Npro
protocols.motifs.Motif: atom3 name is ONH2
protocols.motifs.Motif: Res1 name is GLU
protocols.motifs.Motif: atom1 name is ONH2
protocols.motifs.Motif: atom2 name is Npro
protocols.motifs.Motif: atom3 name is ONH2
core.pack.task: Packer task: initialize from command line() 
core.pack.task: Packer task: initialize from command line() 
core.pack.task: Packer task: initialize from command line() 
protocols.moves.MonteCarlo: MonteCarlo:: last_accepted_score,lowest_score: -848.627 -848.627
protocols.motifs.Motif: Res1 name is TRP
protocols.motifs.Motif: atom1 name is ONH2
protocols.motifs.Motif: atom2 name is Npro
protocols.motifs.Motif: atom3 name is ONH2
protocols.motifs.Motif: Res1 name is MET
protocols.motifs.Motif: atom1 name is aroC
protocols.motifs.Motif: atom2 name is aroC
protocols.motifs.Motif: atom3 name is OH
protocols.motifs.Motif: Res1 name is PRO
protocols.motifs.Motif: atom1 name is aroC
protocols.motifs.Motif: atom2 name is Npro
protocols.motifs.Motif: atom3 name is ONH2
protocols.motifs.Motif: Res1 name is LEU
protocols.motifs.Motif: atom1 name is ONH2
protocols.motifs.Motif: atom2 name is Npro
protocols.motifs.Motif: atom3 name is ONH2
protocols.motifs.Motif: Res1 name is GLU
protocols.motifs.Motif: atom1 name is ONH2
protocols.motifs.Motif: atom2 name is Npro
protocols.motifs.Motif: atom3 name is ONH2
core.pack.task: Packer task: initialize from command line() 
core.pack.task: Packer task: initialize from command line() 
core.pack.task: Packer task: initialize from command line() 
protocols.moves.MonteCarlo: MonteCarlo:: last_accepted_score,lowest_score: -849.62 -850.186
protocols.motifs.Motif: Res1 name is TRP
protocols.motifs.Motif: atom1 name is ONH2
protocols.motifs.Motif: atom2 name is Npro
protocols.motifs.Motif: atom3 name is ONH2
protocols.motifs.Motif: Res1 name is MET
protocols.motifs.Motif: atom1 name is aroC
protocols.motifs.Motif: atom2 name is aroC
protocols.motifs.Motif: atom3 name is OH
protocols.motifs.Motif: Res1 name is LYS
protocols.motifs.Motif: atom1 name is aroC
protocols.motifs.Motif: atom2 name is aroC
protocols.motifs.Motif: atom3 name is OH
protocols.motifs.Motif: Res1 name is PRO
protocols.motifs.Motif: atom1 name is aroC
protocols.motifs.Motif: atom2 name is aroC
protocols.motifs.Motif: atom3 name is aroC
protocols.motifs.Motif: Res1 name is LEU
protocols.motifs.Motif: atom1 name is ONH2
protocols.motifs.Motif: atom2 name is Npro
protocols.motifs.Motif: atom3 name is ONH2
protocols.motifs.Motif: Res1 name is GLU
protocols.motifs.Motif: atom1 name is ONH2
protocols.motifs.Motif: atom2 name is Npro
protocols.motifs.Motif: atom3 name is ONH2
core.pack.task: Packer task: initialize from command line() 
core.pack.task: Packer task: initialize from command line() 
core.pack.task: Packer task: initialize from command line() 
protocols.moves.MonteCarlo: MonteCarlo:: last_accepted_score,lowest_score: -846.854 -848.11
protocols.motifs.Motif: Res1 name is TRP
protocols.motifs.Motif: atom1 name is aroC
protocols.motifs.Motif: atom2 name is aroC
protocols.motifs.Motif: atom3 name is aroC
protocols.motifs.Motif: Res1 name is MET
protocols.motifs.Motif: atom1 name is ONH2
protocols.motifs.Motif: atom2 name is Npro
protocols.motifs.Motif: atom3 name is ONH2
protocols.motifs.Motif: Res1 name is PRO
protocols.motifs.Motif: atom1 name is aroC
protocols.motifs.Motif: atom2 name is Npro
protocols.motifs.Motif: atom3 name is ONH2
protocols.motifs.Motif: Res1 name is LEU
protocols.motifs.Motif: atom1 name is ONH2
protocols.motifs.Motif: atom2 name is Npro
protocols.motifs.Motif: atom3 name is ONH2
protocols.motifs.Motif: Res1 name is GLU
protocols.motifs.Motif: atom1 name is ONH2
protocols.motifs.Motif: atom2 name is Npro
protocols.motifs.Motif: atom3 name is ONH2
core.pack.task: Packer task: initialize from command line() 
core.pack.task: Packer task: initialize from command line() 
core.pack.task: Packer task: initialize from command line() 
protocols.moves.MonteCarlo: MonteCarlo:: last_accepted_score,lowest_score: -846.924 -847.137
protocols.motifs.Motif: Res1 name is TRP
protocols.motifs.Motif: atom1 name is ONH2
protocols.motifs.Motif: atom2 name is Npro
protocols.motifs.Motif: atom3 name is ONH2
protocols.motifs.Motif: Res1 name is MET
protocols.motifs.Motif: atom1 name is ONH2
protocols.motifs.Motif: atom2 name is Npro
protocols.motifs.Motif: atom3 name is ONH2
protocols.motifs.Motif: Res1 name is TRP
protocols.motifs.Motif: atom1 name is ONH2
protocols.motifs.Motif: atom2 name is Npro
protocols.motifs.Motif: atom3 name is ONH2
protocols.motifs.Motif: Res1 name is PRO
protocols.motifs.Motif: atom1 name is aroC
protocols.motifs.Motif: atom2 name is aroC
protocols.motifs.Motif: atom3 name is OH
core.pack.task: Packer task: initialize from command line() 
core.pack.task: Packer task: initialize from command line() 
core.pack.task: Packer task: initialize from command line() 
protocols.moves.MonteCarlo: MonteCarlo:: last_accepted_score,lowest_score: -744.64 -744.64
protocols.motifs.Motif: Res1 name is TRP
protocols.motifs.Motif: atom1 name is aroC
protocols.motifs.Motif: atom2 name is aroC
protocols.motifs.Motif: atom3 name is aroC
protocols.motifs.Motif: Res1 name is MET
protocols.motifs.Motif: atom1 name is aroC
protocols.motifs.Motif: atom2 name is aroC
protocols.motifs.Motif: atom3 name is OH
protocols.motifs.Motif: Res1 name is LYS
protocols.motifs.Motif: atom1 name is aroC
protocols.motifs.Motif: atom2 name is aroC
protocols.motifs.Motif: atom3 name is OH
protocols.motifs.Motif: Res1 name is PRO
protocols.motifs.Motif: atom1 name is aroC
protocols.motifs.Motif: atom2 name is aroC
protocols.motifs.Motif: atom3 name is aroC
protocols.motifs.Motif: Res1 name is LEU
protocols.motifs.Motif: atom1 name is ONH2
protocols.motifs.Motif: atom2 name is Npro
protocols.motifs.Motif: atom3 name is ONH2
core.pack.task: Packer task: initialize from command line() 
core.pack.task: Packer task: initialize from command line() 
core.pack.task: Packer task: initialize from command line() 
protocols.moves.MonteCarlo: MonteCarlo:: last_accepted_score,lowest_score: -847.753 -847.753
protocols.motifs.Motif: Res1 name is TRP
protocols.motifs.Motif: atom1 name is aroC
protocols.motifs.Motif: atom2 name is aroC
protocols.motifs.Motif: atom3 name is aroC
protocols.motifs.Motif: Res1 name is MET
protocols.motifs.Motif: atom1 name is ONH2
protocols.motifs.Motif: atom2 name is Npro
protocols.motifs.Motif: atom3 name is ONH2
protocols.motifs.Motif: Res1 name is TRP
protocols.motifs.Motif: atom1 name is ONH2
protocols.motifs.Motif: atom2 name is Npro
protocols.motifs.Motif: atom3 name is ONH2
protocols.motifs.Motif: Res1 name is PRO
protocols.motifs.Motif: atom1 name is aroC
protocols.motifs.Motif: atom2 name is aroC
protocols.motifs.Motif: atom3 name is OH
core.pack.task: Packer task: initialize from command line() 
core.pack.task: Packer task: initialize from command line() 
core.pack.task: Packer task: initialize from command line() 
protocols.moves.MonteCarlo: MonteCarlo:: last_accepted_score,lowest_score: -848.154 -848.154
protocols.motifs.Motif: Res1 name is TRP
protocols.motifs.Motif: atom1 name is aroC
protocols.motifs.Motif: atom2 name is aroC
protocols.motifs.Motif: atom3 name is aroC
protocols.motifs.Motif: Res1 name is MET
protocols.motifs.Motif: atom1 name is ONH2
protocols.motifs.Motif: atom2 name is Npro
protocols.motifs.Motif: atom3 name is ONH2
protocols.motifs.Motif: Res1 name is PRO
protocols.motifs.Motif: atom1 name is aroC
protocols.motifs.Motif: atom2 name is aroC
protocols.motifs.Motif: atom3 name is OH
protocols.motifs.Motif: Res1 name is GLU
protocols.motifs.Motif: atom1 name is ONH2
protocols.motifs.Motif: atom2 name is Npro
protocols.motifs.Motif: atom3 name is ONH2
core.pack.task: Packer task: initialize from command line() 
core.pack.task: Packer task: initialize from command line() 
core.pack.task: Packer task: initialize from command line() 
protocols.moves.MonteCarlo: MonteCarlo:: last_accepted_score,lowest_score: -845.401 -845.45
protocols.motifs.Motif: Res1 name is MET
protocols.motifs.Motif: atom1 name is aroC
protocols.motifs.Motif: atom2 name is aroC
protocols.motifs.Motif: atom3 name is OH
protocols.motifs.Motif: Res1 name is TRP
protocols.motifs.Motif: atom1 name is aroC
protocols.motifs.Motif: atom2 name is aroC
protocols.motifs.Motif: atom3 name is OH
protocols.motifs.Motif: Res1 name is PRO
protocols.motifs.Motif: atom1 name is aroC
protocols.motifs.Motif: atom2 name is Npro
protocols.motifs.Motif: atom3 name is ONH2
core.pack.task: Packer task: initialize from command line() 
core.pack.task: Packer task: initialize from command line() 
core.pack.task: Packer task: initialize from command line() 
protocols.moves.MonteCarlo: MonteCarlo:: last_accepted_score,lowest_score: -847.322 -847.871
protocols.motifs.Motif: Res1 name is TRP
protocols.motifs.Motif: atom1 name is aroC
protocols.motifs.Motif: atom2 name is aroC
protocols.motifs.Motif: atom3 name is OH
protocols.motifs.Motif: Res1 name is MET
protocols.motifs.Motif: atom1 name is ONH2
protocols.motifs.Motif: atom2 name is Npro
protocols.motifs.Motif: atom3 name is ONH2
protocols.motifs.Motif: Res1 name is PRO
protocols.motifs.Motif: atom1 name is aroC
protocols.motifs.Motif: atom2 name is aroC
protocols.motifs.Motif: atom3 name is OH
protocols.motifs.Motif: Res1 name is LEU
protocols.motifs.Motif: atom1 name is aroC
protocols.motifs.Motif: atom2 name is aroC
protocols.motifs.Motif: atom3 name is OH
core.pack.task: Packer task: initialize from command line() 
core.pack.task: Packer task: initialize from command line() 
core.pack.task: Packer task: initialize from command line() 
protocols.moves.MonteCarlo: MonteCarlo:: last_accepted_score,lowest_score: -782.325 -782.325
protocols.motifs.Motif: Res1 name is TRP
protocols.motifs.Motif: atom1 name is aroC
protocols.motifs.Motif: atom2 name is Npro
protocols.motifs.Motif: atom3 name is ONH2
protocols.motifs.Motif: Res1 name is MET
protocols.motifs.Motif: atom1 name is aroC
protocols.motifs.Motif: atom2 name is aroC
protocols.motifs.Motif: atom3 name is OH
protocols.motifs.Motif: Res1 name is PRO
protocols.motifs.Motif: atom1 name is ONH2
protocols.motifs.Motif: atom2 name is Npro
protocols.motifs.Motif: atom3 name is ONH2
protocols.motifs.Motif: Res1 name is LEU
protocols.motifs.Motif: atom1 name is ONH2
protocols.motifs.Motif: atom2 name is Npro
protocols.motifs.Motif: atom3 name is ONH2
core.pack.task: Packer task: initialize from command line() 
core.pack.task: Packer task: initialize from command line() 
core.pack.task: Packer task: initialize from command line() 
protocols.moves.MonteCarlo: MonteCarlo:: last_accepted_score,lowest_score: -847.684 -847.775
protocols.motifs.Motif: Res1 name is TRP
protocols.motifs.Motif: atom1 name is ONH2
protocols.motifs.Motif: atom2 name is Npro
protocols.motifs.Motif: atom3 name is ONH2
protocols.motifs.Motif: Res1 name is MET
protocols.motifs.Motif: atom1 name is ONH2
protocols.motifs.Motif: atom2 name is Npro
protocols.motifs.Motif: atom3 name is ONH2
protocols.motifs.Motif: Res1 name is PRO
protocols.motifs.Motif: atom1 name is aroC
protocols.motifs.Motif: atom2 name is aroC
protocols.motifs.Motif: atom3 name is Npro
core.pack.task: Packer task: initialize from command line() 
core.pack.task: Packer task: initialize from command line() 
core.pack.task: Packer task: initialize from command line() 
protocols.moves.MonteCarlo: MonteCarlo:: last_accepted_score,lowest_score: -844.216 -844.219
protocols.motifs.Motif: Res1 name is MET
protocols.motifs.Motif: atom1 name is ONH2
protocols.motifs.Motif: atom2 name is Npro
protocols.motifs.Motif: atom3 name is ONH2
protocols.motifs.Motif: Res1 name is TRP
protocols.motifs.Motif: atom1 name is ONH2
protocols.motifs.Motif: atom2 name is Npro
protocols.motifs.Motif: atom3 name is ONH2
protocols.motifs.Motif: Res1 name is PRO
protocols.motifs.Motif: atom1 name is aroC
protocols.motifs.Motif: atom2 name is aroC
protocols.motifs.Motif: atom3 name is OH
core.pack.task: Packer task: initialize from command line() 
core.pack.task: Packer task: initialize from command line() 
core.pack.task: Packer task: initialize from command line() 
protocols.moves.MonteCarlo: MonteCarlo:: last_accepted_score,lowest_score: -848.192 -848.539
protocols.motifs.Motif: Res1 name is TRP
protocols.motifs.Motif: atom1 name is aroC
protocols.motifs.Motif: atom2 name is aroC
protocols.motifs.Motif: atom3 name is aroC
protocols.motifs.Motif: Res1 name is MET
protocols.motifs.Motif: atom1 name is ONH2
protocols.motifs.Motif: atom2 name is Npro
protocols.motifs.Motif: atom3 name is ONH2
protocols.motifs.Motif: Res1 name is LYS
protocols.motifs.Motif: atom1 name is ONH2
protocols.motifs.Motif: atom2 name is Npro
protocols.motifs.Motif: atom3 name is ONH2
protocols.motifs.Motif: Res1 name is PRO
protocols.motifs.Motif: atom1 name is aroC
protocols.motifs.Motif: atom2 name is aroC
protocols.motifs.Motif: atom3 name is OH
protocols.motifs.Motif: Res1 name is LEU
protocols.motifs.Motif: atom1 name is aroC
protocols.motifs.Motif: atom2 name is aroC
protocols.motifs.Motif: atom3 name is OH
core.pack.task: Packer task: initialize from command line() 
core.pack.task: Packer task: initialize from command line() 
core.pack.task: Packer task: initialize from command line() 
protocols.moves.MonteCarlo: MonteCarlo:: last_accepted_score,lowest_score: -849.625 -849.625
protocols.motifs.Motif: Res1 name is TRP
protocols.motifs.Motif: atom1 name is ONH2
protocols.motifs.Motif: atom2 name is Npro
protocols.motifs.Motif: atom3 name is ONH2
protocols.motifs.Motif: Res1 name is MET
protocols.motifs.Motif: atom1 name is aroC
protocols.motifs.Motif: atom2 name is aroC
protocols.motifs.Motif: atom3 name is OH
protocols.motifs.Motif: Res1 name is LYS
protocols.motifs.Motif: atom1 name is ONH2
protocols.motifs.Motif: atom2 name is Npro
protocols.motifs.Motif: atom3 name is ONH2
protocols.motifs.Motif: Res1 name is PRO
protocols.motifs.Motif: atom1 name is aroC
protocols.motifs.Motif: atom2 name is aroC
protocols.motifs.Motif: atom3 name is aroC
protocols.motifs.Motif: Res1 name is LEU
protocols.motifs.Motif: atom1 name is ONH2
protocols.motifs.Motif: atom2 name is Npro
protocols.motifs.Motif: atom3 name is ONH2
core.pack.task: Packer task: initialize from command line() 
core.pack.task: Packer task: initialize from command line() 
core.pack.task: Packer task: initialize from command line() 
protocols.moves.MonteCarlo: MonteCarlo:: last_accepted_score,lowest_score: -849.607 -849.607
protocols.motifs.Motif: Res1 name is TRP
protocols.motifs.Motif: atom1 name is aroC
protocols.motifs.Motif: atom2 name is aroC
protocols.motifs.Motif: atom3 name is aroC
protocols.motifs.Motif: Res1 name is MET
protocols.motifs.Motif: atom1 name is ONH2
protocols.motifs.Motif: atom2 name is Npro
protocols.motifs.Motif: atom3 name is ONH2
protocols.motifs.Motif: Res1 name is PRO
protocols.motifs.Motif: atom1 name is aroC
protocols.motifs.Motif: atom2 name is aroC
protocols.motifs.Motif: atom3 name is aroC
protocols.motifs.Motif: Res1 name is LEU
protocols.motifs.Motif: atom1 name is ONH2
protocols.motifs.Motif: atom2 name is Npro
protocols.motifs.Motif: atom3 name is ONH2
protocols.motifs.Motif: Res1 name is GLU
protocols.motifs.Motif: atom1 name is ONH2
protocols.motifs.Motif: atom2 name is Npro
protocols.motifs.Motif: atom3 name is ONH2
core.pack.task: Packer task: initialize from command line() 
core.pack.task: Packer task: initialize from command line() 
core.pack.task: Packer task: initialize from command line() 
protocols.moves.MonteCarlo: MonteCarlo:: last_accepted_score,lowest_score: -846.598 -846.598
protocols.motifs.Motif: Res1 name is TRP
protocols.motifs.Motif: atom1 name is ONH2
protocols.motifs.Motif: atom2 name is Npro
protocols.motifs.Motif: atom3 name is ONH2
protocols.motifs.Motif: Res1 name is LYS
protocols.motifs.Motif: atom1 name is ONH2
protocols.motifs.Motif: atom2 name is Npro
protocols.motifs.Motif: atom3 name is ONH2
protocols.motifs.Motif: Res1 name is PRO
protocols.motifs.Motif: atom1 name is aroC
protocols.motifs.Motif: atom2 name is aroC
protocols.motifs.Motif: atom3 name is Npro
protocols.motifs.Motif: Res1 name is LEU
protocols.motifs.Motif: atom1 name is ONH2
protocols.motifs.Motif: atom2 name is Npro
protocols.motifs.Motif: atom3 name is ONH2
core.pack.task: Packer task: initialize from command line() 
core.pack.task: Packer task: initialize from command line() 
core.pack.task: Packer task: initialize from command line() 
protocols.moves.MonteCarlo: MonteCarlo:: last_accepted_score,lowest_score: -849.269 -849.269
protocols.motifs.Motif: Res1 name is TRP
protocols.motifs.Motif: atom1 name is aroC
protocols.motifs.Motif: atom2 name is aroC
protocols.motifs.Motif: atom3 name is OH
protocols.motifs.Motif: Res1 name is MET
protocols.motifs.Motif: atom1 name is ONH2
protocols.motifs.Motif: atom2 name is Npro
protocols.motifs.Motif: atom3 name is ONH2
protocols.motifs.Motif: Res1 name is LYS
protocols.motifs.Motif: atom1 name is ONH2
protocols.motifs.Motif: atom2 name is Npro
protocols.motifs.Motif: atom3 name is ONH2
protocols.motifs.Motif: Res1 name is PRO
protocols.motifs.Motif: atom1 name is aroC
protocols.motifs.Motif: atom2 name is aroC
protocols.motifs.Motif: atom3 name is OH
protocols.motifs.Motif: Res1 name is LEU
protocols.motifs.Motif: atom1 name is aroC
protocols.motifs.Motif: atom2 name is aroC
protocols.motifs.Motif: atom3 name is OH
core.pack.task: Packer task: initialize from command line() 
core.pack.task: Packer task: initialize from command line() 
core.pack.task: Packer task: initialize from command line() 
protocols.moves.MonteCarlo: MonteCarlo:: last_accepted_score,lowest_score: -847.814 -847.814
protocols.motifs.Motif: Res1 name is TRP
protocols.motifs.Motif: atom1 name is aroC
protocols.motifs.Motif: atom2 name is aroC
protocols.motifs.Motif: atom3 name is OH
protocols.motifs.Motif: Res1 name is MET
protocols.motifs.Motif: atom1 name is aroC
protocols.motifs.Motif: atom2 name is aroC
protocols.motifs.Motif: atom3 name is OH
protocols.motifs.Motif: Res1 name is TRP
protocols.motifs.Motif: atom1 name is ONH2
protocols.motifs.Motif: atom2 name is Npro
protocols.motifs.Motif: atom3 name is ONH2
protocols.motifs.Motif: Res1 name is PRO
protocols.motifs.Motif: atom1 name is aroC
protocols.motifs.Motif: atom2 name is aroC
protocols.motifs.Motif: atom3 name is aroC
protocols.motifs.Motif: Res1 name is LEU
protocols.motifs.Motif: atom1 name is aroC
protocols.motifs.Motif: atom2 name is aroC
protocols.motifs.Motif: atom3 name is OH
core.pack.task: Packer task: initialize from command line() 
core.pack.task: Packer task: initialize from command line() 
core.pack.task: Packer task: initialize from command line() 
protocols.moves.MonteCarlo: MonteCarlo:: last_accepted_score,lowest_score: -847.531 -849.017
protocols.motifs.Motif: Res1 name is TRP
protocols.motifs.Motif: atom1 name is ONH2
protocols.motifs.Motif: atom2 name is Npro
protocols.motifs.Motif: atom3 name is ONH2
protocols.motifs.Motif: Res1 name is MET
protocols.motifs.Motif: atom1 name is ONH2
protocols.motifs.Motif: atom2 name is Npro
protocols.motifs.Motif: atom3 name is ONH2
protocols.motifs.Motif: Res1 name is TRP
protocols.motifs.Motif: atom1 name is ONH2
protocols.motifs.Motif: atom2 name is Npro
protocols.motifs.Motif: atom3 name is ONH2
protocols.motifs.Motif: Res1 name is LYS
protocols.motifs.Motif: atom1 name is aroC
protocols.motifs.Motif: atom2 name is aroC
protocols.motifs.Motif: atom3 name is OH
protocols.motifs.Motif: Res1 name is PRO
protocols.motifs.Motif: atom1 name is aroC
protocols.motifs.Motif: atom2 name is aroC
protocols.motifs.Motif: atom3 name is aroC
protocols.motifs.Motif: Res1 name is LEU
protocols.motifs.Motif: atom1 name is ONH2
protocols.motifs.Motif: atom2 name is Npro
protocols.motifs.Motif: atom3 name is ONH2
core.pack.task: Packer task: initialize from command line() 
core.pack.task: Packer task: initialize from command line() 
core.pack.task: Packer task: initialize from command line() 
protocols.moves.MonteCarlo: MonteCarlo:: last_accepted_score,lowest_score: -845.751 -846.16
protocols.motifs.Motif: Res1 name is TRP
protocols.motifs.Motif: atom1 name is ONH2
protocols.motifs.Motif: atom2 name is Npro
protocols.motifs.Motif: atom3 name is ONH2
protocols.motifs.Motif: Res1 name is PRO
protocols.motifs.Motif: atom1 name is ONH2
protocols.motifs.Motif: atom2 name is Npro
protocols.motifs.Motif: atom3 name is ONH2
core.pack.task: Packer task: initialize from command line() 
core.pack.task: Packer task: initialize from command line() 
core.pack.task: Packer task: initialize from command line() 
protocols.moves.MonteCarlo: MonteCarlo:: last_accepted_score,lowest_score: -848.225 -848.808
protocols.motifs.Motif: Res1 name is TRP
protocols.motifs.Motif: atom1 name is aroC
protocols.motifs.Motif: atom2 name is aroC
protocols.motifs.Motif: atom3 name is aroC
protocols.motifs.Motif: Res1 name is MET
protocols.motifs.Motif: atom1 name is aroC
protocols.motifs.Motif: atom2 name is aroC
protocols.motifs.Motif: atom3 name is OH
protocols.motifs.Motif: Res1 name is PRO
protocols.motifs.Motif: atom1 name is aroC
protocols.motifs.Motif: atom2 name is aroC
protocols.motifs.Motif: atom3 name is aroC
protocols.motifs.Motif: Res1 name is LEU
protocols.motifs.Motif: atom1 name is ONH2
protocols.motifs.Motif: atom2 name is Npro
protocols.motifs.Motif: atom3 name is ONH2
core.pack.task: Packer task: initialize from command line() 
core.pack.task: Packer task: initialize from command line() 
core.pack.task: Packer task: initialize from command line() 
protocols.moves.MonteCarlo: MonteCarlo:: last_accepted_score,lowest_score: -848.043 -848.476
protocols.motifs.Motif: Res1 name is TRP
protocols.motifs.Motif: atom1 name is aroC
protocols.motifs.Motif: atom2 name is aroC
protocols.motifs.Motif: atom3 name is aroC
protocols.motifs.Motif: Res1 name is MET
protocols.motifs.Motif: atom1 name is ONH2
protocols.motifs.Motif: atom2 name is Npro
protocols.motifs.Motif: atom3 name is ONH2
protocols.motifs.Motif: Res1 name is TRP
protocols.motifs.Motif: atom1 name is aroC
protocols.motifs.Motif: atom2 name is aroC
protocols.motifs.Motif: atom3 name is OH
protocols.motifs.Motif: Res1 name is LYS
protocols.motifs.Motif: atom1 name is aroC
protocols.motifs.Motif: atom2 name is aroC
protocols.motifs.Motif: atom3 name is OH
protocols.motifs.Motif: Res1 name is PRO
protocols.motifs.Motif: atom1 name is aroC
protocols.motifs.Motif: atom2 name is Npro
protocols.motifs.Motif: atom3 name is ONH2
core.pack.task: Packer task: initialize from command line() 
core.pack.task: Packer task: initialize from command line() 
core.pack.task: Packer task: initialize from command line() 
protocols.moves.MonteCarlo: MonteCarlo:: last_accepted_score,lowest_score: -848.008 -848.008
protocols.motifs.Motif: Res1 name is TRP
protocols.motifs.Motif: atom1 name is ONH2
protocols.motifs.Motif: atom2 name is Npro
protocols.motifs.Motif: atom3 name is ONH2
protocols.motifs.Motif: Res1 name is MET
protocols.motifs.Motif: atom1 name is aroC
protocols.motifs.Motif: atom2 name is aroC
protocols.motifs.Motif: atom3 name is OH
protocols.motifs.Motif: Res1 name is PRO
protocols.motifs.Motif: atom1 name is aroC
protocols.motifs.Motif: atom2 name is Npro
protocols.motifs.Motif: atom3 name is ONH2
protocols.motifs.Motif: Res1 name is LEU
protocols.motifs.Motif: atom1 name is ONH2
protocols.motifs.Motif: atom2 name is Npro
protocols.motifs.Motif: atom3 name is ONH2
protocols.motifs.Motif: Res1 name is GLU
protocols.motifs.Motif: atom1 name is ONH2
protocols.motifs.Motif: atom2 name is Npro
protocols.motifs.Motif: atom3 name is ONH2
core.pack.task: Packer task: initialize from command line() 
core.pack.task: Packer task: initialize from command line() 
core.pack.task: Packer task: initialize from command line() 
protocols.moves.MonteCarlo: MonteCarlo:: last_accepted_score,lowest_score: -846.339 -846.841
protocols.motifs.Motif: Res1 name is TRP
protocols.motifs.Motif: atom1 name is ONH2
protocols.motifs.Motif: atom2 name is Npro
protocols.motifs.Motif: atom3 name is ONH2
protocols.motifs.Motif: Res1 name is LYS
protocols.motifs.Motif: atom1 name is ONH2
protocols.motifs.Motif: atom2 name is Npro
protocols.motifs.Motif: atom3 name is ONH2
protocols.motifs.Motif: Res1 name is PRO
protocols.motifs.Motif: atom1 name is aroC
protocols.motifs.Motif: atom2 name is Npro
protocols.motifs.Motif: atom3 name is ONH2
protocols.motifs.Motif: Res1 name is LEU
protocols.motifs.Motif: atom1 name is ONH2
protocols.motifs.Motif: atom2 name is Npro
protocols.motifs.Motif: atom3 name is ONH2
core.pack.task: Packer task: initialize from command line() 
core.pack.task: Packer task: initialize from command line() 
core.pack.task: Packer task: initialize from command line() 
protocols.moves.MonteCarlo: MonteCarlo:: last_accepted_score,lowest_score: -846.388 -847.226
protocols.motifs.Motif: Res1 name is TRP
protocols.motifs.Motif: atom1 name is ONH2
protocols.motifs.Motif: atom2 name is Npro
protocols.motifs.Motif: atom3 name is ONH2
protocols.motifs.Motif: Res1 name is MET
protocols.motifs.Motif: atom1 name is ONH2
protocols.motifs.Motif: atom2 name is Npro
protocols.motifs.Motif: atom3 name is ONH2
protocols.motifs.Motif: Res1 name is PRO
protocols.motifs.Motif: atom1 name is aroC
protocols.motifs.Motif: atom2 name is aroC
protocols.motifs.Motif: atom3 name is OH
core.pack.task: Packer task: initialize from command line() 
core.pack.task: Packer task: initialize from command line() 
core.pack.task: Packer task: initialize from command line() 
protocols.moves.MonteCarlo: MonteCarlo:: last_accepted_score,lowest_score: -843.241 -845.57
protocols.motifs.Motif: Res1 name is TRP
protocols.motifs.Motif: atom1 name is ONH2
protocols.motifs.Motif: atom2 name is Npro
protocols.motifs.Motif: atom3 name is ONH2
protocols.motifs.Motif: Res1 name is MET
protocols.motifs.Motif: atom1 name is ONH2
protocols.motifs.Motif: atom2 name is Npro
protocols.motifs.Motif: atom3 name is ONH2
protocols.motifs.Motif: Res1 name is PRO
protocols.motifs.Motif: atom1 name is ONH2
protocols.motifs.Motif: atom2 name is Npro
protocols.motifs.Motif: atom3 name is ONH2
core.pack.task: Packer task: initialize from command line() 
core.pack.task: Packer task: initialize from command line() 
core.pack.task: Packer task: initialize from command line() 
protocols.moves.MonteCarlo: MonteCarlo:: last_accepted_score,lowest_score: -845.441 -846.287
protocols.motifs.Motif: Res1 name is TRP
protocols.motifs.Motif: atom1 name is ONH2
protocols.motifs.Motif: atom2 name is Npro
protocols.motifs.Motif: atom3 name is ONH2
protocols.motifs.Motif: Res1 name is MET
protocols.motifs.Motif: atom1 name is ONH2
protocols.motifs.Motif: atom2 name is Npro
protocols.motifs.Motif: atom3 name is ONH2
protocols.motifs.Motif: Res1 name is TRP
protocols.motifs.Motif: atom1 name is ONH2
protocols.motifs.Motif: atom2 name is Npro
protocols.motifs.Motif: atom3 name is ONH2
protocols.motifs.Motif: Res1 name is PRO
protocols.motifs.Motif: atom1 name is aroC
protocols.motifs.Motif: atom2 name is aroC
protocols.motifs.Motif: atom3 name is OH
protocols.motifs.Motif: Res1 name is LEU
protocols.motifs.Motif: atom1 name is ONH2
protocols.motifs.Motif: atom2 name is Npro
protocols.motifs.Motif: atom3 name is ONH2
core.pack.task: Packer task: initialize from command line() 
core.pack.task: Packer task: initialize from command line() 
core.pack.task: Packer task: initialize from command line() 
protocols.moves.MonteCarlo: MonteCarlo:: last_accepted_score,lowest_score: -846.966 -847.356
protocols.motifs.Motif: Res1 name is TRP
protocols.motifs.Motif: atom1 name is ONH2
protocols.motifs.Motif: atom2 name is Npro
protocols.motifs.Motif: atom3 name is ONH2
protocols.motifs.Motif: Res1 name is MET
protocols.motifs.Motif: atom1 name is ONH2
protocols.motifs.Motif: atom2 name is Npro
protocols.motifs.Motif: atom3 name is ONH2
protocols.motifs.Motif: Res1 name is PRO
protocols.motifs.Motif: atom1 name is aroC
protocols.motifs.Motif: atom2 name is aroC
protocols.motifs.Motif: atom3 name is OH
core.pack.task: Packer task: initialize from command line() 
core.pack.task: Packer task: initialize from command line() 
core.pack.task: Packer task: initialize from command line() 
protocols.moves.MonteCarlo: MonteCarlo:: last_accepted_score,lowest_score: -847.881 -848.325
protocols.motifs.Motif: Res1 name is TRP
protocols.motifs.Motif: atom1 name is aroC
protocols.motifs.Motif: atom2 name is aroC
protocols.motifs.Motif: atom3 name is OH
protocols.motifs.Motif: Res1 name is MET
protocols.motifs.Motif: atom1 name is ONH2
protocols.motifs.Motif: atom2 name is Npro
protocols.motifs.Motif: atom3 name is ONH2
protocols.motifs.Motif: Res1 name is PRO
protocols.motifs.Motif: atom1 name is aroC
protocols.motifs.Motif: atom2 name is aroC
protocols.motifs.Motif: atom3 name is OH
core.pack.task: Packer task: initialize from command line() 
core.pack.task: Packer task: initialize from command line() 
core.pack.task: Packer task: initialize from command line() 
protocols.moves.MonteCarlo: MonteCarlo:: last_accepted_score,lowest_score: -847.792 -847.792
protocols.motifs.Motif: Res1 name is TRP
protocols.motifs.Motif: atom1 name is aroC
protocols.motifs.Motif: atom2 name is aroC
protocols.motifs.Motif: atom3 name is aroC
protocols.motifs.Motif: Res1 name is MET
protocols.motifs.Motif: atom1 name is ONH2
protocols.motifs.Motif: atom2 name is Npro
protocols.motifs.Motif: atom3 name is ONH2
protocols.motifs.Motif: Res1 name is PRO
protocols.motifs.Motif: atom1 name is aroC
protocols.motifs.Motif: atom2 name is aroC
protocols.motifs.Motif: atom3 name is aroC
protocols.motifs.Motif: Res1 name is LEU
protocols.motifs.Motif: atom1 name is ONH2
protocols.motifs.Motif: atom2 name is Npro
protocols.motifs.Motif: atom3 name is ONH2
core.pack.task: Packer task: initialize from command line() 
core.pack.task: Packer task: initialize from command line() 
core.pack.task: Packer task: initialize from command line() 
protocols.moves.MonteCarlo: MonteCarlo:: last_accepted_score,lowest_score: -847.231 -847.231
protocols.motifs.Motif: Res1 name is TRP
protocols.motifs.Motif: atom1 name is ONH2
protocols.motifs.Motif: atom2 name is Npro
protocols.motifs.Motif: atom3 name is ONH2
protocols.motifs.Motif: Res1 name is MET
protocols.motifs.Motif: atom1 name is ONH2
protocols.motifs.Motif: atom2 name is Npro
protocols.motifs.Motif: atom3 name is ONH2
protocols.motifs.Motif: Res1 name is TRP
protocols.motifs.Motif: atom1 name is ONH2
protocols.motifs.Motif: atom2 name is Npro
protocols.motifs.Motif: atom3 name is ONH2
protocols.motifs.Motif: Res1 name is PRO
protocols.motifs.Motif: atom1 name is ONH2
protocols.motifs.Motif: atom2 name is Npro
protocols.motifs.Motif: atom3 name is ONH2
protocols.motifs.Motif: Res1 name is LEU
protocols.motifs.Motif: atom1 name is ONH2
protocols.motifs.Motif: atom2 name is Npro
protocols.motifs.Motif: atom3 name is ONH2
core.pack.task: Packer task: initialize from command line() 
core.pack.task: Packer task: initialize from command line() 
core.pack.task: Packer task: initialize from command line() 
protocols.moves.MonteCarlo: MonteCarlo:: last_accepted_score,lowest_score: -850.642 -850.642
protocols.motifs.Motif: Res1 name is TRP
protocols.motifs.Motif: atom1 name is ONH2
protocols.motifs.Motif: atom2 name is Npro
protocols.motifs.Motif: atom3 name is ONH2
protocols.motifs.Motif: Res1 name is MET
protocols.motifs.Motif: atom1 name is aroC
protocols.motifs.Motif: atom2 name is aroC
protocols.motifs.Motif: atom3 name is OH
protocols.motifs.Motif: Res1 name is LYS
protocols.motifs.Motif: atom1 name is aroC
protocols.motifs.Motif: atom2 name is aroC
protocols.motifs.Motif: atom3 name is OH
protocols.motifs.Motif: Res1 name is PRO
protocols.motifs.Motif: atom1 name is aroC
protocols.motifs.Motif: atom2 name is aroC
protocols.motifs.Motif: atom3 name is aroC
protocols.motifs.Motif: Res1 name is LEU
protocols.motifs.Motif: atom1 name is ONH2
protocols.motifs.Motif: atom2 name is Npro
protocols.motifs.Motif: atom3 name is ONH2
protocols.motifs.Motif: Res1 name is GLU
protocols.motifs.Motif: atom1 name is ONH2
protocols.motifs.Motif: atom2 name is Npro
protocols.motifs.Motif: atom3 name is ONH2
core.pack.task: Packer task: initialize from command line() 
core.pack.task: Packer task: initialize from command line() 
core.pack.task: Packer task: initialize from command line() 
protocols.moves.MonteCarlo: MonteCarlo:: last_accepted_score,lowest_score: -849.915 -851.307
protocols.motifs.Motif: Res1 name is MET
protocols.motifs.Motif: atom1 name is aroC
protocols.motifs.Motif: atom2 name is aroC
protocols.motifs.Motif: atom3 name is OH
protocols.motifs.Motif: Res1 name is LYS
protocols.motifs.Motif: atom1 name is aroC
protocols.motifs.Motif: atom2 name is aroC
protocols.motifs.Motif: atom3 name is aroC
protocols.motifs.Motif: Res1 name is PRO
protocols.motifs.Motif: atom1 name is ONH2
protocols.motifs.Motif: atom2 name is Npro
protocols.motifs.Motif: atom3 name is ONH2
protocols.motifs.Motif: Res1 name is GLU
protocols.motifs.Motif: atom1 name is ONH2
protocols.motifs.Motif: atom2 name is Npro
protocols.motifs.Motif: atom3 name is ONH2
core.pack.task: Packer task: initialize from command line() 
core.pack.task: Packer task: initialize from command line() 
core.pack.task: Packer task: initialize from command line() 
protocols.moves.MonteCarlo: MonteCarlo:: last_accepted_score,lowest_score: -846.411 -847.159
protocols.motifs.Motif: Res1 name is TRP
protocols.motifs.Motif: atom1 name is ONH2
protocols.motifs.Motif: atom2 name is Npro
protocols.motifs.Motif: atom3 name is ONH2
protocols.motifs.Motif: Res1 name is PRO
protocols.motifs.Motif: atom1 name is aroC
protocols.motifs.Motif: atom2 name is aroC
protocols.motifs.Motif: atom3 name is OH
core.pack.task: Packer task: initialize from command line() 
core.pack.task: Packer task: initialize from command line() 
core.pack.task: Packer task: initialize from command line() 
protocols.moves.MonteCarlo: MonteCarlo:: last_accepted_score,lowest_score: -848.335 -848.335
protocols.motifs.Motif: Res1 name is TRP
protocols.motifs.Motif: atom1 name is aroC
protocols.motifs.Motif: atom2 name is aroC
protocols.motifs.Motif: atom3 name is OH
protocols.motifs.Motif: Res1 name is MET
protocols.motifs.Motif: atom1 name is ONH2
protocols.motifs.Motif: atom2 name is Npro
protocols.motifs.Motif: atom3 name is ONH2
protocols.motifs.Motif: Res1 name is PRO
protocols.motifs.Motif: atom1 name is aroC
protocols.motifs.Motif: atom2 name is aroC
protocols.motifs.Motif: atom3 name is OH
protocols.motifs.Motif: Res1 name is LEU
protocols.motifs.Motif: atom1 name is aroC
protocols.motifs.Motif: atom2 name is aroC
protocols.motifs.Motif: atom3 name is OH
core.pack.task: Packer task: initialize from command line() 
core.pack.task: Packer task: initialize from command line() 
core.pack.task: Packer task: initialize from command line() 
protocols.moves.MonteCarlo: MonteCarlo:: last_accepted_score,lowest_score: -849.831 -849.831
protocols.motifs.Motif: Res1 name is TRP
protocols.motifs.Motif: atom1 name is ONH2
protocols.motifs.Motif: atom2 name is Npro
protocols.motifs.Motif: atom3 name is ONH2
protocols.motifs.Motif: Res1 name is MET
protocols.motifs.Motif: atom1 name is aroC
protocols.motifs.Motif: atom2 name is aroC
protocols.motifs.Motif: atom3 name is OH
protocols.motifs.Motif: Res1 name is LYS
protocols.motifs.Motif: atom1 name is aroC
protocols.motifs.Motif: atom2 name is aroC
protocols.motifs.Motif: atom3 name is aroC
protocols.motifs.Motif: Res1 name is PRO
protocols.motifs.Motif: atom1 name is aroC
protocols.motifs.Motif: atom2 name is aroC
protocols.motifs.Motif: atom3 name is aroC
protocols.motifs.Motif: Res1 name is LEU
protocols.motifs.Motif: atom1 name is ONH2
protocols.motifs.Motif: atom2 name is Npro
protocols.motifs.Motif: atom3 name is ONH2
protocols.motifs.Motif: Res1 name is GLU
protocols.motifs.Motif: atom1 name is ONH2
protocols.motifs.Motif: atom2 name is Npro
protocols.motifs.Motif: atom3 name is ONH2
core.pack.task: Packer task: initialize from command line() 
core.pack.task: Packer task: initialize from command line() 
core.pack.task: Packer task: initialize from command line() 
protocols.moves.MonteCarlo: MonteCarlo:: last_accepted_score,lowest_score: -848.274 -848.274
protocols.motifs.Motif: Res1 name is TRP
protocols.motifs.Motif: atom1 name is aroC
protocols.motifs.Motif: atom2 name is aroC
protocols.motifs.Motif: atom3 name is OH
protocols.motifs.Motif: Res1 name is MET
protocols.motifs.Motif: atom1 name is ONH2
protocols.motifs.Motif: atom2 name is Npro
protocols.motifs.Motif: atom3 name is ONH2
protocols.motifs.Motif: Res1 name is TRP
protocols.motifs.Motif: atom1 name is ONH2
protocols.motifs.Motif: atom2 name is Npro
protocols.motifs.Motif: atom3 name is ONH2
protocols.motifs.Motif: Res1 name is LYS
protocols.motifs.Motif: atom1 name is ONH2
protocols.motifs.Motif: atom2 name is Npro
protocols.motifs.Motif: atom3 name is ONH2
protocols.motifs.Motif: Res1 name is PRO
protocols.motifs.Motif: atom1 name is aroC
protocols.motifs.Motif: atom2 name is aroC
protocols.motifs.Motif: atom3 name is OH
core.pack.task: Packer task: initialize from command line() 
core.pack.task: Packer task: initialize from command line() 
core.pack.task: Packer task: initialize from command line() 
protocols.moves.MonteCarlo: MonteCarlo:: last_accepted_score,lowest_score: -845.275 -845.69
protocols.motifs.Motif: Res1 name is TRP
protocols.motifs.Motif: atom1 name is aroC
protocols.motifs.Motif: atom2 name is aroC
protocols.motifs.Motif: atom3 name is OH
protocols.motifs.Motif: Res1 name is MET
protocols.motifs.Motif: atom1 name is aroC
protocols.motifs.Motif: atom2 name is aroC
protocols.motifs.Motif: atom3 name is OH
protocols.motifs.Motif: Res1 name is TRP
protocols.motifs.Motif: atom1 name is ONH2
protocols.motifs.Motif: atom2 name is Npro
protocols.motifs.Motif: atom3 name is ONH2
protocols.motifs.Motif: Res1 name is PRO
protocols.motifs.Motif: atom1 name is aroC
protocols.motifs.Motif: atom2 name is aroC
protocols.motifs.Motif: atom3 name is Npro
core.pack.task: Packer task: initialize from command line() 
core.pack.task: Packer task: initialize from command line() 
core.pack.task: Packer task: initialize from command line() 
protocols.moves.MonteCarlo: MonteCarlo:: last_accepted_score,lowest_score: -846.846 -846.853
protocols.motifs.Motif: Res1 name is TRP
protocols.motifs.Motif: atom1 name is aroC
protocols.motifs.Motif: atom2 name is aroC
protocols.motifs.Motif: atom3 name is aroC
protocols.motifs.Motif: Res1 name is MET
protocols.motifs.Motif: atom1 name is ONH2
protocols.motifs.Motif: atom2 name is Npro
protocols.motifs.Motif: atom3 name is ONH2
protocols.motifs.Motif: Res1 name is PRO
protocols.motifs.Motif: atom1 name is aroC
protocols.motifs.Motif: atom2 name is aroC
protocols.motifs.Motif: atom3 name is aroC
protocols.motifs.Motif: Res1 name is LEU
protocols.motifs.Motif: atom1 name is aroC
protocols.motifs.Motif: atom2 name is aroC
protocols.motifs.Motif: atom3 name is OH
core.pack.task: Packer task: initialize from command line() 
core.pack.task: Packer task: initialize from command line() 
core.pack.task: Packer task: initialize from command line() 
protocols.moves.MonteCarlo: MonteCarlo:: last_accepted_score,lowest_score: -845.239 -845.72
protocols.motifs.Motif: Res1 name is TRP
protocols.motifs.Motif: atom1 name is aroC
protocols.motifs.Motif: atom2 name is aroC
protocols.motifs.Motif: atom3 name is OH
protocols.motifs.Motif: Res1 name is MET
protocols.motifs.Motif: atom1 name is aroC
protocols.motifs.Motif: atom2 name is aroC
protocols.motifs.Motif: atom3 name is OH
protocols.motifs.Motif: Res1 name is PRO
protocols.motifs.Motif: atom1 name is ONH2
protocols.motifs.Motif: atom2 name is Npro
protocols.motifs.Motif: atom3 name is ONH2
protocols.motifs.Motif: Res1 name is LEU
protocols.motifs.Motif: atom1 name is ONH2
protocols.motifs.Motif: atom2 name is Npro
protocols.motifs.Motif: atom3 name is ONH2
core.pack.task: Packer task: initialize from command line() 
core.pack.task: Packer task: initialize from command line() 
core.pack.task: Packer task: initialize from command line() 
protocols.moves.MonteCarlo: MonteCarlo:: last_accepted_score,lowest_score: -847.739 -847.931
protocols.motifs.Motif: Res1 name is TRP
protocols.motifs.Motif: atom1 name is aroC
protocols.motifs.Motif: atom2 name is aroC
protocols.motifs.Motif: atom3 name is OH
protocols.motifs.Motif: Res1 name is MET
protocols.motifs.Motif: atom1 name is ONH2
protocols.motifs.Motif: atom2 name is Npro
protocols.motifs.Motif: atom3 name is ONH2
protocols.motifs.Motif: Res1 name is PRO
protocols.motifs.Motif: atom1 name is aroC
protocols.motifs.Motif: atom2 name is Npro
protocols.motifs.Motif: atom3 name is ONH2
protocols.motifs.Motif: Res1 name is LEU
protocols.motifs.Motif: atom1 name is aroC
protocols.motifs.Motif: atom2 name is aroC
protocols.motifs.Motif: atom3 name is OH
core.pack.task: Packer task: initialize from command line() 
core.pack.task: Packer task: initialize from command line() 
core.pack.task: Packer task: initialize from command line() 
protocols.moves.MonteCarlo: MonteCarlo:: last_accepted_score,lowest_score: -845.673 -846.288
protocols.motifs.Motif: Res1 name is TRP
protocols.motifs.Motif: atom1 name is aroC
protocols.motifs.Motif: atom2 name is aroC
protocols.motifs.Motif: atom3 name is OH
protocols.motifs.Motif: Res1 name is MET
protocols.motifs.Motif: atom1 name is ONH2
protocols.motifs.Motif: atom2 name is Npro
protocols.motifs.Motif: atom3 name is ONH2
protocols.motifs.Motif: Res1 name is TRP
protocols.motifs.Motif: atom1 name is ONH2
protocols.motifs.Motif: atom2 name is Npro
protocols.motifs.Motif: atom3 name is ONH2
protocols.motifs.Motif: Res1 name is PRO
protocols.motifs.Motif: atom1 name is aroC
protocols.motifs.Motif: atom2 name is aroC
protocols.motifs.Motif: atom3 name is OH
core.pack.task: Packer task: initialize from command line() 
core.pack.task: Packer task: initialize from command line() 
core.pack.task: Packer task: initialize from command line() 
protocols.moves.MonteCarlo: MonteCarlo:: last_accepted_score,lowest_score: -847.474 -847.474
protocols.motifs.Motif: Res1 name is TRP
protocols.motifs.Motif: atom1 name is aroC
protocols.motifs.Motif: atom2 name is aroC
protocols.motifs.Motif: atom3 name is OH
protocols.motifs.Motif: Res1 name is MET
protocols.motifs.Motif: atom1 name is ONH2
protocols.motifs.Motif: atom2 name is Npro
protocols.motifs.Motif: atom3 name is ONH2
protocols.motifs.Motif: Res1 name is TRP
protocols.motifs.Motif: atom1 name is ONH2
protocols.motifs.Motif: atom2 name is Npro
protocols.motifs.Motif: atom3 name is ONH2
protocols.motifs.Motif: Res1 name is LYS
protocols.motifs.Motif: atom1 name is ONH2
protocols.motifs.Motif: atom2 name is Npro
protocols.motifs.Motif: atom3 name is ONH2
protocols.motifs.Motif: Res1 name is PRO
protocols.motifs.Motif: atom1 name is aroC
protocols.motifs.Motif: atom2 name is aroC
protocols.motifs.Motif: atom3 name is aroC
core.pack.task: Packer task: initialize from command line() 
core.pack.task: Packer task: initialize from command line() 
core.pack.task: Packer task: initialize from command line() 
protocols.moves.MonteCarlo: MonteCarlo:: last_accepted_score,lowest_score: -847.465 -848.55
protocols.motifs.Motif: Res1 name is TRP
protocols.motifs.Motif: atom1 name is aroC
protocols.motifs.Motif: atom2 name is aroC
protocols.motifs.Motif: atom3 name is OH
protocols.motifs.Motif: Res1 name is MET
protocols.motifs.Motif: atom1 name is ONH2
protocols.motifs.Motif: atom2 name is Npro
protocols.motifs.Motif: atom3 name is ONH2
protocols.motifs.Motif: Res1 name is LYS
protocols.motifs.Motif: atom1 name is ONH2
protocols.motifs.Motif: atom2 name is Npro
protocols.motifs.Motif: atom3 name is ONH2
protocols.motifs.Motif: Res1 name is PRO
protocols.motifs.Motif: atom1 name is aroC
protocols.motifs.Motif: atom2 name is aroC
protocols.motifs.Motif: atom3 name is aroC
core.pack.task: Packer task: initialize from command line() 
core.pack.task: Packer task: initialize from command line() 
core.pack.task: Packer task: initialize from command line() 
protocols.moves.MonteCarlo: MonteCarlo:: last_accepted_score,lowest_score: -846.893 -847.487
protocols.motifs.Motif: Res1 name is TRP
protocols.motifs.Motif: atom1 name is aroC
protocols.motifs.Motif: atom2 name is aroC
protocols.motifs.Motif: atom3 name is Npro
protocols.motifs.Motif: Res1 name is MET
protocols.motifs.Motif: atom1 name is aroC
protocols.motifs.Motif: atom2 name is aroC
protocols.motifs.Motif: atom3 name is aroC
protocols.motifs.Motif: Res1 name is PRO
protocols.motifs.Motif: atom1 name is ONH2
protocols.motifs.Motif: atom2 name is Npro
protocols.motifs.Motif: atom3 name is ONH2
core.pack.task: Packer task: initialize from command line() 
core.pack.task: Packer task: initialize from command line() 
core.pack.task: Packer task: initialize from command line() 
protocols.moves.MonteCarlo: MonteCarlo:: last_accepted_score,lowest_score: -849.264 -849.264
protocols.motifs.Motif: Res1 name is TRP
protocols.motifs.Motif: atom1 name is aroC
protocols.motifs.Motif: atom2 name is aroC
protocols.motifs.Motif: atom3 name is Npro
protocols.motifs.Motif: Res1 name is MET
protocols.motifs.Motif: atom1 name is aroC
protocols.motifs.Motif: atom2 name is aroC
protocols.motifs.Motif: atom3 name is OH
protocols.motifs.Motif: Res1 name is LYS
protocols.motifs.Motif: atom1 name is ONH2
protocols.motifs.Motif: atom2 name is Npro
protocols.motifs.Motif: atom3 name is ONH2
protocols.motifs.Motif: Res1 name is PRO
protocols.motifs.Motif: atom1 name is aroC
protocols.motifs.Motif: atom2 name is aroC
protocols.motifs.Motif: atom3 name is aroC
protocols.motifs.Motif: Res1 name is LEU
protocols.motifs.Motif: atom1 name is ONH2
protocols.motifs.Motif: atom2 name is Npro
protocols.motifs.Motif: atom3 name is ONH2
core.pack.task: Packer task: initialize from command line() 
core.pack.task: Packer task: initialize from command line() 
core.pack.task: Packer task: initialize from command line() 
protocols.moves.MonteCarlo: MonteCarlo:: last_accepted_score,lowest_score: -850.033 -850.351
protocols.motifs.Motif: Res1 name is TRP
protocols.motifs.Motif: atom1 name is ONH2
protocols.motifs.Motif: atom2 name is Npro
protocols.motifs.Motif: atom3 name is ONH2
protocols.motifs.Motif: Res1 name is MET
protocols.motifs.Motif: atom1 name is aroC
protocols.motifs.Motif: atom2 name is aroC
protocols.motifs.Motif: atom3 name is OH
protocols.motifs.Motif: Res1 name is LYS
protocols.motifs.Motif: atom1 name is ONH2
protocols.motifs.Motif: atom2 name is Npro
protocols.motifs.Motif: atom3 name is ONH2
protocols.motifs.Motif: Res1 name is PRO
protocols.motifs.Motif: atom1 name is aroC
protocols.motifs.Motif: atom2 name is aroC
protocols.motifs.Motif: atom3 name is aroC
protocols.motifs.Motif: Res1 name is LEU
protocols.motifs.Motif: atom1 name is ONH2
protocols.motifs.Motif: atom2 name is Npro
protocols.motifs.Motif: atom3 name is ONH2
protocols.motifs.Motif: Res1 name is GLU
protocols.motifs.Motif: atom1 name is ONH2
protocols.motifs.Motif: atom2 name is Npro
protocols.motifs.Motif: atom3 name is ONH2
core.pack.task: Packer task: initialize from command line() 
core.pack.task: Packer task: initialize from command line() 
core.pack.task: Packer task: initialize from command line() 
protocols.moves.MonteCarlo: MonteCarlo:: last_accepted_score,lowest_score: -846.875 -847.009
protocols.motifs.Motif: Res1 name is TRP
protocols.motifs.Motif: atom1 name is ONH2
protocols.motifs.Motif: atom2 name is Npro
protocols.motifs.Motif: atom3 name is ONH2
protocols.motifs.Motif: Res1 name is PRO
protocols.motifs.Motif: atom1 name is aroC
protocols.motifs.Motif: atom2 name is Npro
protocols.motifs.Motif: atom3 name is ONH2
protocols.motifs.Motif: Res1 name is LEU
protocols.motifs.Motif: atom1 name is ONH2
protocols.motifs.Motif: atom2 name is Npro
protocols.motifs.Motif: atom3 name is ONH2
core.pack.task: Packer task: initialize from command line() 
core.pack.task: Packer task: initialize from command line() 
core.pack.task: Packer task: initialize from command line() 
protocols.moves.MonteCarlo: MonteCarlo:: last_accepted_score,lowest_score: -847.664 -848.011
protocols.motifs.Motif: Res1 name is TRP
protocols.motifs.Motif: atom1 name is aroC
protocols.motifs.Motif: atom2 name is aroC
protocols.motifs.Motif: atom3 name is OH
protocols.motifs.Motif: Res1 name is MET
protocols.motifs.Motif: atom1 name is ONH2
protocols.motifs.Motif: atom2 name is Npro
protocols.motifs.Motif: atom3 name is ONH2
protocols.motifs.Motif: Res1 name is PRO
protocols.motifs.Motif: atom1 name is aroC
protocols.motifs.Motif: atom2 name is aroC
protocols.motifs.Motif: atom3 name is OH
core.pack.task: Packer task: initialize from command line() 
core.pack.task: Packer task: initialize from command line() 
core.pack.task: Packer task: initialize from command line() 
protocols.moves.MonteCarlo: MonteCarlo:: last_accepted_score,lowest_score: -848.113 -848.163
protocols.motifs.Motif: Res1 name is TRP
protocols.motifs.Motif: atom1 name is aroC
protocols.motifs.Motif: atom2 name is aroC
protocols.motifs.Motif: atom3 name is aroC
protocols.motifs.Motif: Res1 name is MET
protocols.motifs.Motif: atom1 name is aroC
protocols.motifs.Motif: atom2 name is aroC
protocols.motifs.Motif: atom3 name is OH
protocols.motifs.Motif: Res1 name is PRO
protocols.motifs.Motif: atom1 name is aroC
protocols.motifs.Motif: atom2 name is aroC
protocols.motifs.Motif: atom3 name is aroC
protocols.motifs.Motif: Res1 name is LEU
protocols.motifs.Motif: atom1 name is ONH2
protocols.motifs.Motif: atom2 name is Npro
protocols.motifs.Motif: atom3 name is ONH2
core.pack.task: Packer task: initialize from command line() 
core.pack.task: Packer task: initialize from command line() 
core.pack.task: Packer task: initialize from command line() 
protocols.moves.MonteCarlo: MonteCarlo:: last_accepted_score,lowest_score: -847.449 -847.647
protocols.motifs.Motif: Res1 name is TRP
protocols.motifs.Motif: atom1 name is ONH2
protocols.motifs.Motif: atom2 name is Npro
protocols.motifs.Motif: atom3 name is ONH2
protocols.motifs.Motif: Res1 name is MET
protocols.motifs.Motif: atom1 name is ONH2
protocols.motifs.Motif: atom2 name is Npro
protocols.motifs.Motif: atom3 name is ONH2
protocols.motifs.Motif: Res1 name is TRP
protocols.motifs.Motif: atom1 name is ONH2
protocols.motifs.Motif: atom2 name is Npro
protocols.motifs.Motif: atom3 name is ONH2
protocols.motifs.Motif: Res1 name is LYS
protocols.motifs.Motif: atom1 name is aroC
protocols.motifs.Motif: atom2 name is aroC
protocols.motifs.Motif: atom3 name is aroC
protocols.motifs.Motif: Res1 name is PRO
protocols.motifs.Motif: atom1 name is aroC
protocols.motifs.Motif: atom2 name is aroC
protocols.motifs.Motif: atom3 name is OH
protocols.motifs.Motif: Res1 name is LEU
protocols.motifs.Motif: atom1 name is aroC
protocols.motifs.Motif: atom2 name is aroC
protocols.motifs.Motif: atom3 name is OH
core.pack.task: Packer task: initialize from command line() 
core.pack.task: Packer task: initialize from command line() 
core.pack.task: Packer task: initialize from command line() 
protocols.moves.MonteCarlo: MonteCarlo:: last_accepted_score,lowest_score: -790.495 -790.495
protocols.motifs.Motif: Res1 name is TRP
protocols.motifs.Motif: atom1 name is aroC
protocols.motifs.Motif: atom2 name is aroC
protocols.motifs.Motif: atom3 name is OH
protocols.motifs.Motif: Res1 name is MET
protocols.motifs.Motif: atom1 name is ONH2
protocols.motifs.Motif: atom2 name is Npro
protocols.motifs.Motif: atom3 name is ONH2
protocols.motifs.Motif: Res1 name is LYS
protocols.motifs.Motif: atom1 name is ONH2
protocols.motifs.Motif: atom2 name is Npro
protocols.motifs.Motif: atom3 name is ONH2
protocols.motifs.Motif: Res1 name is PRO
protocols.motifs.Motif: atom1 name is aroC
protocols.motifs.Motif: atom2 name is aroC
protocols.motifs.Motif: atom3 name is OH
protocols.motifs.Motif: Res1 name is LEU
protocols.motifs.Motif: atom1 name is ONH2
protocols.motifs.Motif: atom2 name is Npro
protocols.motifs.Motif: atom3 name is ONH2
protocols.motifs.Motif: Res1 name is GLU
protocols.motifs.Motif: atom1 name is ONH2
protocols.motifs.Motif: atom2 name is Npro
protocols.motifs.Motif: atom3 name is ONH2
core.pack.task: Packer task: initialize from command line() 
core.pack.task: Packer task: initialize from command line() 
core.pack.task: Packer task: initialize from command line() 
protocols.moves.MonteCarlo: MonteCarlo:: last_accepted_score,lowest_score: -846.858 -847.199
protocols.motifs.Motif: Res1 name is TRP
protocols.motifs.Motif: atom1 name is aroC
protocols.motifs.Motif: atom2 name is aroC
protocols.motifs.Motif: atom3 name is aroC
protocols.motifs.Motif: Res1 name is PRO
protocols.motifs.Motif: atom1 name is aroC
protocols.motifs.Motif: atom2 name is aroC
protocols.motifs.Motif: atom3 name is aroC
protocols.motifs.Motif: Res1 name is LEU
protocols.motifs.Motif: atom1 name is ONH2
protocols.motifs.Motif: atom2 name is Npro
protocols.motifs.Motif: atom3 name is ONH2
core.pack.task: Packer task: initialize from command line() 
core.pack.task: Packer task: initialize from command line() 
core.pack.task: Packer task: initialize from command line() 
protocols.moves.MonteCarlo: MonteCarlo:: last_accepted_score,lowest_score: -849.397 -850.262
protocols.motifs.Motif: Res1 name is TRP
protocols.motifs.Motif: atom1 name is ONH2
protocols.motifs.Motif: atom2 name is Npro
protocols.motifs.Motif: atom3 name is ONH2
protocols.motifs.Motif: Res1 name is MET
protocols.motifs.Motif: atom1 name is aroC
protocols.motifs.Motif: atom2 name is aroC
protocols.motifs.Motif: atom3 name is OH
protocols.motifs.Motif: Res1 name is LYS
protocols.motifs.Motif: atom1 name is aroC
protocols.motifs.Motif: atom2 name is aroC
protocols.motifs.Motif: atom3 name is aroC
protocols.motifs.Motif: Res1 name is PRO
protocols.motifs.Motif: atom1 name is aroC
protocols.motifs.Motif: atom2 name is aroC
protocols.motifs.Motif: atom3 name is aroC
protocols.motifs.Motif: Res1 name is LEU
protocols.motifs.Motif: atom1 name is ONH2
protocols.motifs.Motif: atom2 name is Npro
protocols.motifs.Motif: atom3 name is ONH2
protocols.motifs.Motif: Res1 name is GLU
protocols.motifs.Motif: atom1 name is ONH2
protocols.motifs.Motif: atom2 name is Npro
protocols.motifs.Motif: atom3 name is ONH2
core.pack.task: Packer task: initialize from command line() 
core.pack.task: Packer task: initialize from command line() 
core.pack.task: Packer task: initialize from command line() 
protocols.moves.MonteCarlo: MonteCarlo:: last_accepted_score,lowest_score: -845.76 -846.314
protocols.motifs.Motif: Res1 name is TRP
protocols.motifs.Motif: atom1 name is aroC
protocols.motifs.Motif: atom2 name is aroC
protocols.motifs.Motif: atom3 name is OH
protocols.motifs.Motif: Res1 name is PRO
protocols.motifs.Motif: atom1 name is aroC
protocols.motifs.Motif: atom2 name is aroC
protocols.motifs.Motif: atom3 name is OH
protocols.motifs.Motif: Res1 name is LEU
protocols.motifs.Motif: atom1 name is ONH2
protocols.motifs.Motif: atom2 name is Npro
protocols.motifs.Motif: atom3 name is ONH2
core.pack.task: Packer task: initialize from command line() 
core.pack.task: Packer task: initialize from command line() 
core.pack.task: Packer task: initialize from command line() 
protocols.moves.MonteCarlo: MonteCarlo:: last_accepted_score,lowest_score: -846.748 -846.748
protocols.motifs.Motif: Res1 name is TRP
protocols.motifs.Motif: atom1 name is ONH2
protocols.motifs.Motif: atom2 name is Npro
protocols.motifs.Motif: atom3 name is ONH2
protocols.motifs.Motif: Res1 name is MET
protocols.motifs.Motif: atom1 name is ONH2
protocols.motifs.Motif: atom2 name is Npro
protocols.motifs.Motif: atom3 name is ONH2
protocols.motifs.Motif: Res1 name is TRP
protocols.motifs.Motif: atom1 name is ONH2
protocols.motifs.Motif: atom2 name is Npro
protocols.motifs.Motif: atom3 name is ONH2
protocols.motifs.Motif: Res1 name is PRO
protocols.motifs.Motif: atom1 name is ONH2
protocols.motifs.Motif: atom2 name is Npro
protocols.motifs.Motif: atom3 name is ONH2
protocols.motifs.Motif: Res1 name is LEU
protocols.motifs.Motif: atom1 name is ONH2
protocols.motifs.Motif: atom2 name is Npro
protocols.motifs.Motif: atom3 name is ONH2
core.pack.task: Packer task: initialize from command line() 
core.pack.task: Packer task: initialize from command line() 
core.pack.task: Packer task: initialize from command line() 
protocols.moves.MonteCarlo: MonteCarlo:: last_accepted_score,lowest_score: -848.133 -848.133
protocols.motifs.Motif: Res1 name is TRP
protocols.motifs.Motif: atom1 name is aroC
protocols.motifs.Motif: atom2 name is aroC
protocols.motifs.Motif: atom3 name is OH
protocols.motifs.Motif: Res1 name is MET
protocols.motifs.Motif: atom1 name is ONH2
protocols.motifs.Motif: atom2 name is Npro
protocols.motifs.Motif: atom3 name is ONH2
protocols.motifs.Motif: Res1 name is LYS
protocols.motifs.Motif: atom1 name is ONH2
protocols.motifs.Motif: atom2 name is Npro
protocols.motifs.Motif: atom3 name is ONH2
protocols.motifs.Motif: Res1 name is PRO
protocols.motifs.Motif: atom1 name is aroC
protocols.motifs.Motif: atom2 name is Npro
protocols.motifs.Motif: atom3 name is ONH2
protocols.motifs.Motif: Res1 name is LEU
protocols.motifs.Motif: atom1 name is ONH2
protocols.motifs.Motif: atom2 name is Npro
protocols.motifs.Motif: atom3 name is ONH2
core.pack.task: Packer task: initialize from command line() 
core.pack.task: Packer task: initialize from command line() 
core.pack.task: Packer task: initialize from command line() 
protocols.moves.MonteCarlo: MonteCarlo:: last_accepted_score,lowest_score: -846.608 -847.469
protocols.motifs.Motif: Res1 name is TRP
protocols.motifs.Motif: atom1 name is aroC
protocols.motifs.Motif: atom2 name is aroC
protocols.motifs.Motif: atom3 name is OH
protocols.motifs.Motif: Res1 name is MET
protocols.motifs.Motif: atom1 name is aroC
protocols.motifs.Motif: atom2 name is aroC
protocols.motifs.Motif: atom3 name is OH
protocols.motifs.Motif: Res1 name is PRO
protocols.motifs.Motif: atom1 name is aroC
protocols.motifs.Motif: atom2 name is Npro
protocols.motifs.Motif: atom3 name is ONH2
protocols.motifs.Motif: Res1 name is LEU
protocols.motifs.Motif: atom1 name is ONH2
protocols.motifs.Motif: atom2 name is Npro
protocols.motifs.Motif: atom3 name is ONH2
core.pack.task: Packer task: initialize from command line() 
core.pack.task: Packer task: initialize from command line() 
core.pack.task: Packer task: initialize from command line() 
protocols.moves.MonteCarlo: MonteCarlo:: last_accepted_score,lowest_score: -848.626 -848.626
protocols.motifs.Motif: Res1 name is TRP
protocols.motifs.Motif: atom1 name is aroC
protocols.motifs.Motif: atom2 name is aroC
protocols.motifs.Motif: atom3 name is aroC
protocols.motifs.Motif: Res1 name is MET
protocols.motifs.Motif: atom1 name is aroC
protocols.motifs.Motif: atom2 name is aroC
protocols.motifs.Motif: atom3 name is OH
protocols.motifs.Motif: Res1 name is PRO
protocols.motifs.Motif: atom1 name is aroC
protocols.motifs.Motif: atom2 name is aroC
protocols.motifs.Motif: atom3 name is aroC
protocols.motifs.Motif: Res1 name is LEU
protocols.motifs.Motif: atom1 name is ONH2
protocols.motifs.Motif: atom2 name is Npro
protocols.motifs.Motif: atom3 name is ONH2
core.pack.task: Packer task: initialize from command line() 
core.pack.task: Packer task: initialize from command line() 
core.pack.task: Packer task: initialize from command line() 
protocols.moves.MonteCarlo: MonteCarlo:: last_accepted_score,lowest_score: -846.941 -846.941
protocols.motifs.Motif: Res1 name is MET
protocols.motifs.Motif: atom1 name is ONH2
protocols.motifs.Motif: atom2 name is Npro
protocols.motifs.Motif: atom3 name is ONH2
protocols.motifs.Motif: Res1 name is TRP
protocols.motifs.Motif: atom1 name is ONH2
protocols.motifs.Motif: atom2 name is Npro
protocols.motifs.Motif: atom3 name is ONH2
protocols.motifs.Motif: Res1 name is LYS
protocols.motifs.Motif: atom1 name is ONH2
protocols.motifs.Motif: atom2 name is Npro
protocols.motifs.Motif: atom3 name is ONH2
protocols.motifs.Motif: Res1 name is PRO
protocols.motifs.Motif: atom1 name is aroC
protocols.motifs.Motif: atom2 name is aroC
protocols.motifs.Motif: atom3 name is Npro
core.pack.task: Packer task: initialize from command line() 
core.pack.task: Packer task: initialize from command line() 
core.pack.task: Packer task: initialize from command line() 
protocols.moves.MonteCarlo: MonteCarlo:: last_accepted_score,lowest_score: -849.636 -850.163
protocols.motifs.Motif: Res1 name is MET
protocols.motifs.Motif: atom1 name is ONH2
protocols.motifs.Motif: atom2 name is Npro
protocols.motifs.Motif: atom3 name is ONH2
protocols.motifs.Motif: Res1 name is LYS
protocols.motifs.Motif: atom1 name is ONH2
protocols.motifs.Motif: atom2 name is Npro
protocols.motifs.Motif: atom3 name is ONH2
protocols.motifs.Motif: Res1 name is PRO
protocols.motifs.Motif: atom1 name is ONH2
protocols.motifs.Motif: atom2 name is Npro
protocols.motifs.Motif: atom3 name is ONH2
protocols.motifs.Motif: Res1 name is GLU
protocols.motifs.Motif: atom1 name is aroC
protocols.motifs.Motif: atom2 name is aroC
protocols.motifs.Motif: atom3 name is OH
core.pack.task: Packer task: initialize from command line() 
core.pack.task: Packer task: initialize from command line() 
core.pack.task: Packer task: initialize from command line() 
protocols.moves.MonteCarlo: MonteCarlo:: last_accepted_score,lowest_score: -846.226 -847
protocols.motifs.Motif: Res1 name is TRP
protocols.motifs.Motif: atom1 name is ONH2
protocols.motifs.Motif: atom2 name is Npro
protocols.motifs.Motif: atom3 name is ONH2
protocols.motifs.Motif: Res1 name is MET
protocols.motifs.Motif: atom1 name is aroC
protocols.motifs.Motif: atom2 name is aroC
protocols.motifs.Motif: atom3 name is OH
protocols.motifs.Motif: Res1 name is TRP
protocols.motifs.Motif: atom1 name is aroC
protocols.motifs.Motif: atom2 name is aroC
protocols.motifs.Motif: atom3 name is OH
protocols.motifs.Motif: Res1 name is LYS
protocols.motifs.Motif: atom1 name is ONH2
protocols.motifs.Motif: atom2 name is Npro
protocols.motifs.Motif: atom3 name is ONH2
protocols.motifs.Motif: Res1 name is PRO
protocols.motifs.Motif: atom1 name is ONH2
protocols.motifs.Motif: atom2 name is Npro
protocols.motifs.Motif: atom3 name is ONH2
core.pack.task: Packer task: initialize from command line() 
core.pack.task: Packer task: initialize from command line() 
core.pack.task: Packer task: initialize from command line() 
protocols.moves.MonteCarlo: MonteCarlo:: last_accepted_score,lowest_score: -847.803 -847.803
protocols.motifs.Motif: Res1 name is TRP
protocols.motifs.Motif: atom1 name is aroC
protocols.motifs.Motif: atom2 name is aroC
protocols.motifs.Motif: atom3 name is OH
protocols.motifs.Motif: Res1 name is MET
protocols.motifs.Motif: atom1 name is ONH2
protocols.motifs.Motif: atom2 name is Npro
protocols.motifs.Motif: atom3 name is ONH2
protocols.motifs.Motif: Res1 name is PRO
protocols.motifs.Motif: atom1 name is ONH2
protocols.motifs.Motif: atom2 name is Npro
protocols.motifs.Motif: atom3 name is ONH2
protocols.motifs.Motif: Res1 name is LEU
protocols.motifs.Motif: atom1 name is ONH2
protocols.motifs.Motif: atom2 name is Npro
protocols.motifs.Motif: atom3 name is ONH2
core.pack.task: Packer task: initialize from command line() 
core.pack.task: Packer task: initialize from command line() 
core.pack.task: Packer task: initialize from command line() 
protocols.moves.MonteCarlo: MonteCarlo:: last_accepted_score,lowest_score: -845.185 -845.359
protocols.motifs.Motif: Res1 name is TRP
protocols.motifs.Motif: atom1 name is aroC
protocols.motifs.Motif: atom2 name is aroC
protocols.motifs.Motif: atom3 name is OH
protocols.motifs.Motif: Res1 name is MET
protocols.motifs.Motif: atom1 name is ONH2
protocols.motifs.Motif: atom2 name is Npro
protocols.motifs.Motif: atom3 name is ONH2
protocols.motifs.Motif: Res1 name is TRP
protocols.motifs.Motif: atom1 name is ONH2
protocols.motifs.Motif: atom2 name is Npro
protocols.motifs.Motif: atom3 name is ONH2
protocols.motifs.Motif: Res1 name is PRO
protocols.motifs.Motif: atom1 name is ONH2
protocols.motifs.Motif: atom2 name is Npro
protocols.motifs.Motif: atom3 name is ONH2
core.pack.task: Packer task: initialize from command line() 
core.pack.task: Packer task: initialize from command line() 
core.pack.task: Packer task: initialize from command line() 
protocols.moves.MonteCarlo: MonteCarlo:: last_accepted_score,lowest_score: -849.047 -849.047
protocols.motifs.Motif: Res1 name is TRP
protocols.motifs.Motif: atom1 name is aroC
protocols.motifs.Motif: atom2 name is aroC
protocols.motifs.Motif: atom3 name is OH
protocols.motifs.Motif: Res1 name is MET
protocols.motifs.Motif: atom1 name is ONH2
protocols.motifs.Motif: atom2 name is Npro
protocols.motifs.Motif: atom3 name is ONH2
protocols.motifs.Motif: Res1 name is LYS
protocols.motifs.Motif: atom1 name is ONH2
protocols.motifs.Motif: atom2 name is Npro
protocols.motifs.Motif: atom3 name is ONH2
protocols.motifs.Motif: Res1 name is PRO
protocols.motifs.Motif: atom1 name is ONH2
protocols.motifs.Motif: atom2 name is Npro
protocols.motifs.Motif: atom3 name is ONH2
core.pack.task: Packer task: initialize from command line() 
core.pack.task: Packer task: initialize from command line() 
core.pack.task: Packer task: initialize from command line() 
protocols.moves.MonteCarlo: MonteCarlo:: last_accepted_score,lowest_score: -846.298 -847.678
protocols.motifs.Motif: Res1 name is TRP
protocols.motifs.Motif: atom1 name is aroC
protocols.motifs.Motif: atom2 name is aroC
protocols.motifs.Motif: atom3 name is OH
protocols.motifs.Motif: Res1 name is MET
protocols.motifs.Motif: atom1 name is ONH2
protocols.motifs.Motif: atom2 name is Npro
protocols.motifs.Motif: atom3 name is ONH2
protocols.motifs.Motif: Res1 name is TRP
protocols.motifs.Motif: atom1 name is ONH2
protocols.motifs.Motif: atom2 name is Npro
protocols.motifs.Motif: atom3 name is ONH2
protocols.motifs.Motif: Res1 name is PRO
protocols.motifs.Motif: atom1 name is aroC
protocols.motifs.Motif: atom2 name is aroC
protocols.motifs.Motif: atom3 name is OH
protocols.motifs.Motif: Res1 name is LEU
protocols.motifs.Motif: atom1 name is aroC
protocols.motifs.Motif: atom2 name is aroC
protocols.motifs.Motif: atom3 name is OH
core.pack.task: Packer task: initialize from command line() 
core.pack.task: Packer task: initialize from command line() 
core.pack.task: Packer task: initialize from command line() 
protocols.moves.MonteCarlo: MonteCarlo:: last_accepted_score,lowest_score: -846.557 -846.557
protocols.motifs.Motif: Res1 name is TRP
protocols.motifs.Motif: atom1 name is aroC
protocols.motifs.Motif: atom2 name is aroC
protocols.motifs.Motif: atom3 name is OH
protocols.motifs.Motif: Res1 name is LYS
protocols.motifs.Motif: atom1 name is ONH2
protocols.motifs.Motif: atom2 name is Npro
protocols.motifs.Motif: atom3 name is ONH2
protocols.motifs.Motif: Res1 name is PRO
protocols.motifs.Motif: atom1 name is aroC
protocols.motifs.Motif: atom2 name is aroC
protocols.motifs.Motif: atom3 name is Npro
core.pack.task: Packer task: initialize from command line() 
core.pack.task: Packer task: initialize from command line() 
core.pack.task: Packer task: initialize from command line() 
protocols.moves.MonteCarlo: MonteCarlo:: last_accepted_score,lowest_score: -845.836 -846.014
protocols.motifs.Motif: Res1 name is TRP
protocols.motifs.Motif: atom1 name is ONH2
protocols.motifs.Motif: atom2 name is Npro
protocols.motifs.Motif: atom3 name is ONH2
protocols.motifs.Motif: Res1 name is MET
protocols.motifs.Motif: atom1 name is ONH2
protocols.motifs.Motif: atom2 name is Npro
protocols.motifs.Motif: atom3 name is ONH2
protocols.motifs.Motif: Res1 name is TRP
protocols.motifs.Motif: atom1 name is ONH2
protocols.motifs.Motif: atom2 name is Npro
protocols.motifs.Motif: atom3 name is ONH2
protocols.motifs.Motif: Res1 name is PRO
protocols.motifs.Motif: atom1 name is ONH2
protocols.motifs.Motif: atom2 name is Npro
protocols.motifs.Motif: atom3 name is ONH2
protocols.motifs.Motif: Res1 name is LEU
protocols.motifs.Motif: atom1 name is ONH2
protocols.motifs.Motif: atom2 name is Npro
protocols.motifs.Motif: atom3 name is ONH2
core.pack.task: Packer task: initialize from command line() 
core.pack.task: Packer task: initialize from command line() 
core.pack.task: Packer task: initialize from command line() 
protocols.moves.MonteCarlo: MonteCarlo:: last_accepted_score,lowest_score: -849.684 -849.699
protocols.motifs.Motif: Res1 name is TRP
protocols.motifs.Motif: atom1 name is aroC
protocols.motifs.Motif: atom2 name is aroC
protocols.motifs.Motif: atom3 name is aroC
protocols.motifs.Motif: Res1 name is MET
protocols.motifs.Motif: atom1 name is ONH2
protocols.motifs.Motif: atom2 name is Npro
protocols.motifs.Motif: atom3 name is ONH2
protocols.motifs.Motif: Res1 name is TRP
protocols.motifs.Motif: atom1 name is ONH2
protocols.motifs.Motif: atom2 name is Npro
protocols.motifs.Motif: atom3 name is ONH2
protocols.motifs.Motif: Res1 name is LYS
protocols.motifs.Motif: atom1 name is ONH2
protocols.motifs.Motif: atom2 name is Npro
protocols.motifs.Motif: atom3 name is ONH2
protocols.motifs.Motif: Res1 name is PRO
protocols.motifs.Motif: atom1 name is aroC
protocols.motifs.Motif: atom2 name is aroC
protocols.motifs.Motif: atom3 name is aroC
protocols.motifs.Motif: Res1 name is LEU
protocols.motifs.Motif: atom1 name is aroC
protocols.motifs.Motif: atom2 name is aroC
protocols.motifs.Motif: atom3 name is OH
core.pack.task: Packer task: initialize from command line() 
core.pack.task: Packer task: initialize from command line() 
core.pack.task: Packer task: initialize from command line() 
protocols.moves.MonteCarlo: MonteCarlo:: last_accepted_score,lowest_score: -849.5 -849.5
protocols.motifs.Motif: Res1 name is TRP
protocols.motifs.Motif: atom1 name is aroC
protocols.motifs.Motif: atom2 name is aroC
protocols.motifs.Motif: atom3 name is OH
protocols.motifs.Motif: Res1 name is MET
protocols.motifs.Motif: atom1 name is ONH2
protocols.motifs.Motif: atom2 name is Npro
protocols.motifs.Motif: atom3 name is ONH2
protocols.motifs.Motif: Res1 name is TRP
protocols.motifs.Motif: atom1 name is ONH2
protocols.motifs.Motif: atom2 name is Npro
protocols.motifs.Motif: atom3 name is ONH2
protocols.motifs.Motif: Res1 name is LYS
protocols.motifs.Motif: atom1 name is ONH2
protocols.motifs.Motif: atom2 name is Npro
protocols.motifs.Motif: atom3 name is ONH2
protocols.motifs.Motif: Res1 name is PRO
protocols.motifs.Motif: atom1 name is aroC
protocols.motifs.Motif: atom2 name is aroC
protocols.motifs.Motif: atom3 name is aroC
protocols.motifs.Motif: Res1 name is LEU
protocols.motifs.Motif: atom1 name is ONH2
protocols.motifs.Motif: atom2 name is Npro
protocols.motifs.Motif: atom3 name is ONH2
protocols.motifs.Motif: Res1 name is GLU
protocols.motifs.Motif: atom1 name is ONH2
protocols.motifs.Motif: atom2 name is Npro
protocols.motifs.Motif: atom3 name is ONH2
core.pack.task: Packer task: initialize from command line() 
core.pack.task: Packer task: initialize from command line() 
core.pack.task: Packer task: initialize from command line() 
protocols.moves.MonteCarlo: MonteCarlo:: last_accepted_score,lowest_score: -850.494 -850.494
protocols.motifs.Motif: Res1 name is MET
protocols.motifs.Motif: atom1 name is ONH2
protocols.motifs.Motif: atom2 name is Npro
protocols.motifs.Motif: atom3 name is ONH2
protocols.motifs.Motif: Res1 name is LYS
protocols.motifs.Motif: atom1 name is aroC
protocols.motifs.Motif: atom2 name is aroC
protocols.motifs.Motif: atom3 name is Npro
protocols.motifs.Motif: Res1 name is PRO
protocols.motifs.Motif: atom1 name is ONH2
protocols.motifs.Motif: atom2 name is Npro
protocols.motifs.Motif: atom3 name is ONH2
protocols.motifs.Motif: Res1 name is GLU
protocols.motifs.Motif: atom1 name is aroC
protocols.motifs.Motif: atom2 name is aroC
protocols.motifs.Motif: atom3 name is OH
core.pack.task: Packer task: initialize from command line() 
core.pack.task: Packer task: initialize from command line() 
core.pack.task: Packer task: initialize from command line() 
protocols.moves.MonteCarlo: MonteCarlo:: last_accepted_score,lowest_score: -845.408 -846.424
protocols.motifs.Motif: Res1 name is TRP
protocols.motifs.Motif: atom1 name is ONH2
protocols.motifs.Motif: atom2 name is Npro
protocols.motifs.Motif: atom3 name is ONH2
protocols.motifs.Motif: Res1 name is MET
protocols.motifs.Motif: atom1 name is ONH2
protocols.motifs.Motif: atom2 name is Npro
protocols.motifs.Motif: atom3 name is ONH2
protocols.motifs.Motif: Res1 name is TRP
protocols.motifs.Motif: atom1 name is ONH2
protocols.motifs.Motif: atom2 name is Npro
protocols.motifs.Motif: atom3 name is ONH2
protocols.motifs.Motif: Res1 name is PRO
protocols.motifs.Motif: atom1 name is ONH2
protocols.motifs.Motif: atom2 name is Npro
protocols.motifs.Motif: atom3 name is ONH2
protocols.motifs.Motif: Res1 name is LEU
protocols.motifs.Motif: atom1 name is ONH2
protocols.motifs.Motif: atom2 name is Npro
protocols.motifs.Motif: atom3 name is ONH2
core.pack.task: Packer task: initialize from command line() 
core.pack.task: Packer task: initialize from command line() 
core.pack.task: Packer task: initialize from command line() 
protocols.moves.MonteCarlo: MonteCarlo:: last_accepted_score,lowest_score: -847.499 -847.499
protocols.motifs.Motif: Res1 name is TRP
protocols.motifs.Motif: atom1 name is aroC
protocols.motifs.Motif: atom2 name is aroC
protocols.motifs.Motif: atom3 name is OH
protocols.motifs.Motif: Res1 name is MET
protocols.motifs.Motif: atom1 name is ONH2
protocols.motifs.Motif: atom2 name is Npro
protocols.motifs.Motif: atom3 name is ONH2
protocols.motifs.Motif: Res1 name is PRO
protocols.motifs.Motif: atom1 name is aroC
protocols.motifs.Motif: atom2 name is aroC
protocols.motifs.Motif: atom3 name is aroC
protocols.motifs.Motif: Res1 name is LEU
protocols.motifs.Motif: atom1 name is ONH2
protocols.motifs.Motif: atom2 name is Npro
protocols.motifs.Motif: atom3 name is ONH2
core.pack.task: Packer task: initialize from command line() 
core.pack.task: Packer task: initialize from command line() 
core.pack.task: Packer task: initialize from command line() 
protocols.moves.MonteCarlo: MonteCarlo:: last_accepted_score,lowest_score: -847.548 -847.652
protocols.motifs.Motif: Res1 name is TRP
protocols.motifs.Motif: atom1 name is aroC
protocols.motifs.Motif: atom2 name is aroC
protocols.motifs.Motif: atom3 name is OH
protocols.motifs.Motif: Res1 name is MET
protocols.motifs.Motif: atom1 name is aroC
protocols.motifs.Motif: atom2 name is aroC
protocols.motifs.Motif: atom3 name is OH
protocols.motifs.Motif: Res1 name is TRP
protocols.motifs.Motif: atom1 name is ONH2
protocols.motifs.Motif: atom2 name is Npro
protocols.motifs.Motif: atom3 name is ONH2
protocols.motifs.Motif: Res1 name is PRO
protocols.motifs.Motif: atom1 name is aroC
protocols.motifs.Motif: atom2 name is aroC
protocols.motifs.Motif: atom3 name is aroC
protocols.motifs.Motif: Res1 name is LEU
protocols.motifs.Motif: atom1 name is aroC
protocols.motifs.Motif: atom2 name is aroC
protocols.motifs.Motif: atom3 name is OH
core.pack.task: Packer task: initialize from command line() 
core.pack.task: Packer task: initialize from command line() 
core.pack.task: Packer task: initialize from command line() 
protocols.moves.MonteCarlo: MonteCarlo:: last_accepted_score,lowest_score: -846.423 -846.431
protocols.motifs.Motif: Res1 name is TRP
protocols.motifs.Motif: atom1 name is aroC
protocols.motifs.Motif: atom2 name is aroC
protocols.motifs.Motif: atom3 name is OH
protocols.motifs.Motif: Res1 name is MET
protocols.motifs.Motif: atom1 name is ONH2
protocols.motifs.Motif: atom2 name is Npro
protocols.motifs.Motif: atom3 name is ONH2
protocols.motifs.Motif: Res1 name is PRO
protocols.motifs.Motif: atom1 name is aroC
protocols.motifs.Motif: atom2 name is aroC
protocols.motifs.Motif: atom3 name is OH
core.pack.task: Packer task: initialize from command line() 
core.pack.task: Packer task: initialize from command line() 
core.pack.task: Packer task: initialize from command line() 
protocols.moves.MonteCarlo: MonteCarlo:: last_accepted_score,lowest_score: -847.74 -848.926
protocols.motifs.Motif: Res1 name is TRP
protocols.motifs.Motif: atom1 name is aroC
protocols.motifs.Motif: atom2 name is aroC
protocols.motifs.Motif: atom3 name is Npro
protocols.motifs.Motif: Res1 name is MET
protocols.motifs.Motif: atom1 name is aroC
protocols.motifs.Motif: atom2 name is aroC
protocols.motifs.Motif: atom3 name is OH
protocols.motifs.Motif: Res1 name is PRO
protocols.motifs.Motif: atom1 name is aroC
protocols.motifs.Motif: atom2 name is aroC
protocols.motifs.Motif: atom3 name is aroC
protocols.motifs.Motif: Res1 name is LEU
protocols.motifs.Motif: atom1 name is ONH2
protocols.motifs.Motif: atom2 name is Npro
protocols.motifs.Motif: atom3 name is ONH2
core.pack.task: Packer task: initialize from command line() 
core.pack.task: Packer task: initialize from command line() 
core.pack.task: Packer task: initialize from command line() 
protocols.moves.MonteCarlo: MonteCarlo:: last_accepted_score,lowest_score: -846.344 -847.198
protocols.motifs.Motif: Res1 name is TRP
protocols.motifs.Motif: atom1 name is aroC
protocols.motifs.Motif: atom2 name is aroC
protocols.motifs.Motif: atom3 name is OH
protocols.motifs.Motif: Res1 name is MET
protocols.motifs.Motif: atom1 name is aroC
protocols.motifs.Motif: atom2 name is aroC
protocols.motifs.Motif: atom3 name is OH
protocols.motifs.Motif: Res1 name is PRO
protocols.motifs.Motif: atom1 name is aroC
protocols.motifs.Motif: atom2 name is aroC
protocols.motifs.Motif: atom3 name is aroC
protocols.motifs.Motif: Res1 name is LEU
protocols.motifs.Motif: atom1 name is aroC
protocols.motifs.Motif: atom2 name is aroC
protocols.motifs.Motif: atom3 name is OH
core.pack.task: Packer task: initialize from command line() 
core.pack.task: Packer task: initialize from command line() 
core.pack.task: Packer task: initialize from command line() 
protocols.moves.MonteCarlo: MonteCarlo:: last_accepted_score,lowest_score: -845.57 -845.804
protocols.motifs.Motif: Res1 name is MET
protocols.motifs.Motif: atom1 name is ONH2
protocols.motifs.Motif: atom2 name is Npro
protocols.motifs.Motif: atom3 name is ONH2
protocols.motifs.Motif: Res1 name is TRP
protocols.motifs.Motif: atom1 name is ONH2
protocols.motifs.Motif: atom2 name is Npro
protocols.motifs.Motif: atom3 name is ONH2
protocols.motifs.Motif: Res1 name is LYS
protocols.motifs.Motif: atom1 name is ONH2
protocols.motifs.Motif: atom2 name is Npro
protocols.motifs.Motif: atom3 name is ONH2
protocols.motifs.Motif: Res1 name is PRO
protocols.motifs.Motif: atom1 name is aroC
protocols.motifs.Motif: atom2 name is Npro
protocols.motifs.Motif: atom3 name is ONH2
core.pack.task: Packer task: initialize from command line() 
core.pack.task: Packer task: initialize from command line() 
core.pack.task: Packer task: initialize from command line() 
protocols.moves.MonteCarlo: MonteCarlo:: last_accepted_score,lowest_score: -850.372 -850.372
protocols.motifs.Motif: Res1 name is MET
protocols.motifs.Motif: atom1 name is ONH2
protocols.motifs.Motif: atom2 name is Npro
protocols.motifs.Motif: atom3 name is ONH2
protocols.motifs.Motif: Res1 name is LYS
protocols.motifs.Motif: atom1 name is aroC
protocols.motifs.Motif: atom2 name is Npro
protocols.motifs.Motif: atom3 name is ONH2
protocols.motifs.Motif: Res1 name is PRO
protocols.motifs.Motif: atom1 name is aroC
protocols.motifs.Motif: atom2 name is aroC
protocols.motifs.Motif: atom3 name is OH
protocols.motifs.Motif: Res1 name is GLU
protocols.motifs.Motif: atom1 name is aroC
protocols.motifs.Motif: atom2 name is aroC
protocols.motifs.Motif: atom3 name is OH
core.pack.task: Packer task: initialize from command line() 
core.pack.task: Packer task: initialize from command line() 
core.pack.task: Packer task: initialize from command line() 
protocols.moves.MonteCarlo: MonteCarlo:: last_accepted_score,lowest_score: -845.836 -846.766
protocols.motifs.Motif: Res1 name is TRP
protocols.motifs.Motif: atom1 name is aroC
protocols.motifs.Motif: atom2 name is aroC
protocols.motifs.Motif: atom3 name is OH
protocols.motifs.Motif: Res1 name is MET
protocols.motifs.Motif: atom1 name is aroC
protocols.motifs.Motif: atom2 name is aroC
protocols.motifs.Motif: atom3 name is OH
protocols.motifs.Motif: Res1 name is PRO
protocols.motifs.Motif: atom1 name is ONH2
protocols.motifs.Motif: atom2 name is Npro
protocols.motifs.Motif: atom3 name is ONH2
protocols.motifs.Motif: Res1 name is LEU
protocols.motifs.Motif: atom1 name is ONH2
protocols.motifs.Motif: atom2 name is Npro
protocols.motifs.Motif: atom3 name is ONH2
core.pack.task: Packer task: initialize from command line() 
core.pack.task: Packer task: initialize from command line() 
core.pack.task: Packer task: initialize from command line() 
protocols.moves.MonteCarlo: MonteCarlo:: last_accepted_score,lowest_score: -844.672 -844.672
protocols.motifs.Motif: Res1 name is MET
protocols.motifs.Motif: atom1 name is ONH2
protocols.motifs.Motif: atom2 name is Npro
protocols.motifs.Motif: atom3 name is ONH2
protocols.motifs.Motif: Res1 name is TRP
protocols.motifs.Motif: atom1 name is ONH2
protocols.motifs.Motif: atom2 name is Npro
protocols.motifs.Motif: atom3 name is ONH2
protocols.motifs.Motif: Res1 name is PRO
protocols.motifs.Motif: atom1 name is aroC
protocols.motifs.Motif: atom2 name is aroC
protocols.motifs.Motif: atom3 name is Npro
core.pack.task: Packer task: initialize from command line() 
core.pack.task: Packer task: initialize from command line() 
core.pack.task: Packer task: initialize from command line() 
protocols.moves.MonteCarlo: MonteCarlo:: last_accepted_score,lowest_score: -848.549 -848.795
protocols.motifs.Motif: Res1 name is TRP
protocols.motifs.Motif: atom1 name is aroC
protocols.motifs.Motif: atom2 name is aroC
protocols.motifs.Motif: atom3 name is OH
protocols.motifs.Motif: Res1 name is MET
protocols.motifs.Motif: atom1 name is ONH2
protocols.motifs.Motif: atom2 name is Npro
protocols.motifs.Motif: atom3 name is ONH2
protocols.motifs.Motif: Res1 name is LYS
protocols.motifs.Motif: atom1 name is ONH2
protocols.motifs.Motif: atom2 name is Npro
protocols.motifs.Motif: atom3 name is ONH2
protocols.motifs.Motif: Res1 name is PRO
protocols.motifs.Motif: atom1 name is ONH2
protocols.motifs.Motif: atom2 name is Npro
protocols.motifs.Motif: atom3 name is ONH2
core.pack.task: Packer task: initialize from command line() 
core.pack.task: Packer task: initialize from command line() 
core.pack.task: Packer task: initialize from command line() 
protocols.moves.MonteCarlo: MonteCarlo:: last_accepted_score,lowest_score: -848.152 -848.152
protocols.motifs.Motif: Res1 name is TRP
protocols.motifs.Motif: atom1 name is aroC
protocols.motifs.Motif: atom2 name is aroC
protocols.motifs.Motif: atom3 name is aroC
protocols.motifs.Motif: Res1 name is MET
protocols.motifs.Motif: atom1 name is aroC
protocols.motifs.Motif: atom2 name is aroC
protocols.motifs.Motif: atom3 name is OH
protocols.motifs.Motif: Res1 name is TRP
protocols.motifs.Motif: atom1 name is ONH2
protocols.motifs.Motif: atom2 name is Npro
protocols.motifs.Motif: atom3 name is ONH2
protocols.motifs.Motif: Res1 name is PRO
protocols.motifs.Motif: atom1 name is aroC
protocols.motifs.Motif: atom2 name is aroC
protocols.motifs.Motif: atom3 name is aroC
protocols.motifs.Motif: Res1 name is LEU
protocols.motifs.Motif: atom1 name is ONH2
protocols.motifs.Motif: atom2 name is Npro
protocols.motifs.Motif: atom3 name is ONH2
core.pack.task: Packer task: initialize from command line() 
core.pack.task: Packer task: initialize from command line() 
core.pack.task: Packer task: initialize from command line() 
protocols.moves.MonteCarlo: MonteCarlo:: last_accepted_score,lowest_score: -846.401 -846.401
protocols.motifs.Motif: Res1 name is TRP
protocols.motifs.Motif: atom1 name is aroC
protocols.motifs.Motif: atom2 name is aroC
protocols.motifs.Motif: atom3 name is OH
protocols.motifs.Motif: Res1 name is MET
protocols.motifs.Motif: atom1 name is ONH2
protocols.motifs.Motif: atom2 name is Npro
protocols.motifs.Motif: atom3 name is ONH2
protocols.motifs.Motif: Res1 name is PRO
protocols.motifs.Motif: atom1 name is aroC
protocols.motifs.Motif: atom2 name is aroC
protocols.motifs.Motif: atom3 name is OH
core.pack.task: Packer task: initialize from command line() 
core.pack.task: Packer task: initialize from command line() 
core.pack.task: Packer task: initialize from command line() 
protocols.moves.MonteCarlo: MonteCarlo:: last_accepted_score,lowest_score: -848.252 -848.774
protocols.motifs.Motif: Res1 name is TRP
protocols.motifs.Motif: atom1 name is aroC
protocols.motifs.Motif: atom2 name is aroC
protocols.motifs.Motif: atom3 name is OH
protocols.motifs.Motif: Res1 name is MET
protocols.motifs.Motif: atom1 name is aroC
protocols.motifs.Motif: atom2 name is aroC
protocols.motifs.Motif: atom3 name is aroC
protocols.motifs.Motif: Res1 name is TRP
protocols.motifs.Motif: atom1 name is ONH2
protocols.motifs.Motif: atom2 name is Npro
protocols.motifs.Motif: atom3 name is ONH2
protocols.motifs.Motif: Res1 name is LYS
protocols.motifs.Motif: atom1 name is ONH2
protocols.motifs.Motif: atom2 name is Npro
protocols.motifs.Motif: atom3 name is ONH2
core.pack.task: Packer task: initialize from command line() 
core.pack.task: Packer task: initialize from command line() 
core.pack.task: Packer task: initialize from command line() 
protocols.moves.MonteCarlo: MonteCarlo:: last_accepted_score,lowest_score: -849.522 -849.971
protocols.motifs.Motif: Res1 name is TRP
protocols.motifs.Motif: atom1 name is aroC
protocols.motifs.Motif: atom2 name is aroC
protocols.motifs.Motif: atom3 name is OH
protocols.motifs.Motif: Res1 name is MET
protocols.motifs.Motif: atom1 name is ONH2
protocols.motifs.Motif: atom2 name is Npro
protocols.motifs.Motif: atom3 name is ONH2
protocols.motifs.Motif: Res1 name is TRP
protocols.motifs.Motif: atom1 name is ONH2
protocols.motifs.Motif: atom2 name is Npro
protocols.motifs.Motif: atom3 name is ONH2
protocols.motifs.Motif: Res1 name is LYS
protocols.motifs.Motif: atom1 name is ONH2
protocols.motifs.Motif: atom2 name is Npro
protocols.motifs.Motif: atom3 name is ONH2
protocols.motifs.Motif: Res1 name is PRO
protocols.motifs.Motif: atom1 name is aroC
protocols.motifs.Motif: atom2 name is aroC
protocols.motifs.Motif: atom3 name is OH
protocols.motifs.Motif: Res1 name is LEU
protocols.motifs.Motif: atom1 name is ONH2
protocols.motifs.Motif: atom2 name is Npro
protocols.motifs.Motif: atom3 name is ONH2
protocols.motifs.Motif: Res1 name is GLU
protocols.motifs.Motif: atom1 name is ONH2
protocols.motifs.Motif: atom2 name is Npro
protocols.motifs.Motif: atom3 name is ONH2
core.pack.task: Packer task: initialize from command line() 
core.pack.task: Packer task: initialize from command line() 
core.pack.task: Packer task: initialize from command line() 
protocols.moves.MonteCarlo: MonteCarlo:: last_accepted_score,lowest_score: -848.106 -849.184
protocols.motifs.Motif: Res1 name is TRP
protocols.motifs.Motif: atom1 name is aroC
protocols.motifs.Motif: atom2 name is aroC
protocols.motifs.Motif: atom3 name is aroC
protocols.motifs.Motif: Res1 name is MET
protocols.motifs.Motif: atom1 name is ONH2
protocols.motifs.Motif: atom2 name is Npro
protocols.motifs.Motif: atom3 name is ONH2
protocols.motifs.Motif: Res1 name is LYS
protocols.motifs.Motif: atom1 name is ONH2
protocols.motifs.Motif: atom2 name is Npro
protocols.motifs.Motif: atom3 name is ONH2
protocols.motifs.Motif: Res1 name is PRO
protocols.motifs.Motif: atom1 name is aroC
protocols.motifs.Motif: atom2 name is aroC
protocols.motifs.Motif: atom3 name is aroC
protocols.motifs.Motif: Res1 name is LEU
protocols.motifs.Motif: atom1 name is aroC
protocols.motifs.Motif: atom2 name is aroC
protocols.motifs.Motif: atom3 name is OH
protocols.motifs.Motif: Res1 name is GLU
protocols.motifs.Motif: atom1 name is aroC
protocols.motifs.Motif: atom2 name is aroC
protocols.motifs.Motif: atom3 name is OH
core.pack.task: Packer task: initialize from command line() 
core.pack.task: Packer task: initialize from command line() 
core.pack.task: Packer task: initialize from command line() 
protocols.moves.MonteCarlo: MonteCarlo:: last_accepted_score,lowest_score: -849.302 -849.392
protocols.motifs.Motif: Res1 name is TRP
protocols.motifs.Motif: atom1 name is aroC
protocols.motifs.Motif: atom2 name is aroC
protocols.motifs.Motif: atom3 name is OH
protocols.motifs.Motif: Res1 name is MET
protocols.motifs.Motif: atom1 name is ONH2
protocols.motifs.Motif: atom2 name is Npro
protocols.motifs.Motif: atom3 name is ONH2
protocols.motifs.Motif: Res1 name is TRP
protocols.motifs.Motif: atom1 name is ONH2
protocols.motifs.Motif: atom2 name is Npro
protocols.motifs.Motif: atom3 name is ONH2
protocols.motifs.Motif: Res1 name is LYS
protocols.motifs.Motif: atom1 name is ONH2
protocols.motifs.Motif: atom2 name is Npro
protocols.motifs.Motif: atom3 name is ONH2
protocols.motifs.Motif: Res1 name is PRO
protocols.motifs.Motif: atom1 name is aroC
protocols.motifs.Motif: atom2 name is aroC
protocols.motifs.Motif: atom3 name is OH
protocols.motifs.Motif: Res1 name is LEU
protocols.motifs.Motif: atom1 name is aroC
protocols.motifs.Motif: atom2 name is aroC
protocols.motifs.Motif: atom3 name is OH
protocols.motifs.Motif: Res1 name is GLU
protocols.motifs.Motif: atom1 name is aroC
protocols.motifs.Motif: atom2 name is aroC
protocols.motifs.Motif: atom3 name is OH
core.pack.task: Packer task: initialize from command line() 
core.pack.task: Packer task: initialize from command line() 
core.pack.task: Packer task: initialize from command line() 
protocols.moves.MonteCarlo: MonteCarlo:: last_accepted_score,lowest_score: -850.604 -850.604
protocols.motifs.Motif: Res1 name is MET
protocols.motifs.Motif: atom1 name is aroC
protocols.motifs.Motif: atom2 name is aroC
protocols.motifs.Motif: atom3 name is aroC
protocols.motifs.Motif: Res1 name is TRP
protocols.motifs.Motif: atom1 name is ONH2
protocols.motifs.Motif: atom2 name is Npro
protocols.motifs.Motif: atom3 name is ONH2
protocols.motifs.Motif: Res1 name is LYS
protocols.motifs.Motif: atom1 name is aroC
protocols.motifs.Motif: atom2 name is Npro
protocols.motifs.Motif: atom3 name is ONH2
protocols.motifs.Motif: Res1 name is PRO
protocols.motifs.Motif: atom1 name is ONH2
protocols.motifs.Motif: atom2 name is Npro
protocols.motifs.Motif: atom3 name is ONH2
protocols.motifs.Motif: Res1 name is GLU
protocols.motifs.Motif: atom1 name is aroC
protocols.motifs.Motif: atom2 name is aroC
protocols.motifs.Motif: atom3 name is OH
core.pack.task: Packer task: initialize from command line() 
core.pack.task: Packer task: initialize from command line() 
core.pack.task: Packer task: initialize from command line() 
protocols.moves.MonteCarlo: MonteCarlo:: last_accepted_score,lowest_score: -849.539 -850.216
protocols.motifs.Motif: Res1 name is TRP
protocols.motifs.Motif: atom1 name is aroC
protocols.motifs.Motif: atom2 name is aroC
protocols.motifs.Motif: atom3 name is OH
protocols.motifs.Motif: Res1 name is MET
protocols.motifs.Motif: atom1 name is ONH2
protocols.motifs.Motif: atom2 name is Npro
protocols.motifs.Motif: atom3 name is ONH2
protocols.motifs.Motif: Res1 name is TRP
protocols.motifs.Motif: atom1 name is ONH2
protocols.motifs.Motif: atom2 name is Npro
protocols.motifs.Motif: atom3 name is ONH2
protocols.motifs.Motif: Res1 name is LYS
protocols.motifs.Motif: atom1 name is aroC
protocols.motifs.Motif: atom2 name is aroC
protocols.motifs.Motif: atom3 name is aroC
protocols.motifs.Motif: Res1 name is PRO
protocols.motifs.Motif: atom1 name is aroC
protocols.motifs.Motif: atom2 name is aroC
protocols.motifs.Motif: atom3 name is OH
protocols.motifs.Motif: Res1 name is LEU
protocols.motifs.Motif: atom1 name is aroC
protocols.motifs.Motif: atom2 name is aroC
protocols.motifs.Motif: atom3 name is aroC
protocols.motifs.Motif: Res1 name is GLU
protocols.motifs.Motif: atom1 name is ONH2
protocols.motifs.Motif: atom2 name is Npro
protocols.motifs.Motif: atom3 name is ONH2
core.pack.task: Packer task: initialize from command line() 
core.pack.task: Packer task: initialize from command line() 
core.pack.task: Packer task: initialize from command line() 
protocols.moves.MonteCarlo: MonteCarlo:: last_accepted_score,lowest_score: -848.028 -848.028
protocols.motifs.Motif: Res1 name is TRP
protocols.motifs.Motif: atom1 name is aroC
protocols.motifs.Motif: atom2 name is aroC
protocols.motifs.Motif: atom3 name is Npro
protocols.motifs.Motif: Res1 name is MET
protocols.motifs.Motif: atom1 name is aroC
protocols.motifs.Motif: atom2 name is aroC
protocols.motifs.Motif: atom3 name is OH
protocols.motifs.Motif: Res1 name is LYS
protocols.motifs.Motif: atom1 name is ONH2
protocols.motifs.Motif: atom2 name is Npro
protocols.motifs.Motif: atom3 name is ONH2
protocols.motifs.Motif: Res1 name is PRO
protocols.motifs.Motif: atom1 name is ONH2
protocols.motifs.Motif: atom2 name is Npro
protocols.motifs.Motif: atom3 name is ONH2
core.pack.task: Packer task: initialize from command line() 
core.pack.task: Packer task: initialize from command line() 
core.pack.task: Packer task: initialize from command line() 
protocols.moves.MonteCarlo: MonteCarlo:: last_accepted_score,lowest_score: -850.568 -850.568
protocols.motifs.Motif: Res1 name is TRP
protocols.motifs.Motif: atom1 name is ONH2
protocols.motifs.Motif: atom2 name is Npro
protocols.motifs.Motif: atom3 name is ONH2
protocols.motifs.Motif: Res1 name is MET
protocols.motifs.Motif: atom1 name is aroC
protocols.motifs.Motif: atom2 name is aroC
protocols.motifs.Motif: atom3 name is aroC
protocols.motifs.Motif: Res1 name is TRP
protocols.motifs.Motif: atom1 name is aroC
protocols.motifs.Motif: atom2 name is aroC
protocols.motifs.Motif: atom3 name is OH
protocols.motifs.Motif: Res1 name is LYS
protocols.motifs.Motif: atom1 name is aroC
protocols.motifs.Motif: atom2 name is aroC
protocols.motifs.Motif: atom3 name is OH
protocols.motifs.Motif: Res1 name is PRO
protocols.motifs.Motif: atom1 name is ONH2
protocols.motifs.Motif: atom2 name is Npro
protocols.motifs.Motif: atom3 name is ONH2
protocols.motifs.Motif: Res1 name is GLU
protocols.motifs.Motif: atom1 name is ONH2
protocols.motifs.Motif: atom2 name is Npro
protocols.motifs.Motif: atom3 name is ONH2
core.pack.task: Packer task: initialize from command line() 
core.pack.task: Packer task: initialize from command line() 
core.pack.task: Packer task: initialize from command line() 
protocols.moves.MonteCarlo: MonteCarlo:: last_accepted_score,lowest_score: -847.28 -848.087
protocols.motifs.Motif: Res1 name is TRP
protocols.motifs.Motif: atom1 name is ONH2
protocols.motifs.Motif: atom2 name is Npro
protocols.motifs.Motif: atom3 name is ONH2
protocols.motifs.Motif: Res1 name is MET
protocols.motifs.Motif: atom1 name is aroC
protocols.motifs.Motif: atom2 name is aroC
protocols.motifs.Motif: atom3 name is OH
protocols.motifs.Motif: Res1 name is LYS
protocols.motifs.Motif: atom1 name is aroC
protocols.motifs.Motif: atom2 name is aroC
protocols.motifs.Motif: atom3 name is OH
protocols.motifs.Motif: Res1 name is PRO
protocols.motifs.Motif: atom1 name is aroC
protocols.motifs.Motif: atom2 name is aroC
protocols.motifs.Motif: atom3 name is aroC
protocols.motifs.Motif: Res1 name is LEU
protocols.motifs.Motif: atom1 name is ONH2
protocols.motifs.Motif: atom2 name is Npro
protocols.motifs.Motif: atom3 name is ONH2
core.pack.task: Packer task: initialize from command line() 
core.pack.task: Packer task: initialize from command line() 
core.pack.task: Packer task: initialize from command line() 
protocols.moves.MonteCarlo: MonteCarlo:: last_accepted_score,lowest_score: -848.107 -848.221
protocols.motifs.Motif: Res1 name is TRP
protocols.motifs.Motif: atom1 name is ONH2
protocols.motifs.Motif: atom2 name is Npro
protocols.motifs.Motif: atom3 name is ONH2
protocols.motifs.Motif: Res1 name is MET
protocols.motifs.Motif: atom1 name is ONH2
protocols.motifs.Motif: atom2 name is Npro
protocols.motifs.Motif: atom3 name is ONH2
protocols.motifs.Motif: Res1 name is TRP
protocols.motifs.Motif: atom1 name is ONH2
protocols.motifs.Motif: atom2 name is Npro
protocols.motifs.Motif: atom3 name is ONH2
protocols.motifs.Motif: Res1 name is PRO
protocols.motifs.Motif: atom1 name is aroC
protocols.motifs.Motif: atom2 name is aroC
protocols.motifs.Motif: atom3 name is OH
protocols.motifs.Motif: Res1 name is LEU
protocols.motifs.Motif: atom1 name is ONH2
protocols.motifs.Motif: atom2 name is Npro
protocols.motifs.Motif: atom3 name is ONH2
core.pack.task: Packer task: initialize from command line() 
core.pack.task: Packer task: initialize from command line() 
core.pack.task: Packer task: initialize from command line() 
protocols.moves.MonteCarlo: MonteCarlo:: last_accepted_score,lowest_score: -847.882 -848.356
protocols.motifs.Motif: Res1 name is TRP
protocols.motifs.Motif: atom1 name is aroC
protocols.motifs.Motif: atom2 name is aroC
protocols.motifs.Motif: atom3 name is OH
protocols.motifs.Motif: Res1 name is TRP
protocols.motifs.Motif: atom1 name is ONH2
protocols.motifs.Motif: atom2 name is Npro
protocols.motifs.Motif: atom3 name is ONH2
protocols.motifs.Motif: Res1 name is LYS
protocols.motifs.Motif: atom1 name is aroC
protocols.motifs.Motif: atom2 name is aroC
protocols.motifs.Motif: atom3 name is aroC
protocols.motifs.Motif: Res1 name is PRO
protocols.motifs.Motif: atom1 name is aroC
protocols.motifs.Motif: atom2 name is Npro
protocols.motifs.Motif: atom3 name is ONH2
protocols.motifs.Motif: Res1 name is LEU
protocols.motifs.Motif: atom1 name is aroC
protocols.motifs.Motif: atom2 name is aroC
protocols.motifs.Motif: atom3 name is OH
core.pack.task: Packer task: initialize from command line() 
core.pack.task: Packer task: initialize from command line() 
core.pack.task: Packer task: initialize from command line() 
protocols.moves.MonteCarlo: MonteCarlo:: last_accepted_score,lowest_score: -847.957 -848.373
protocols.motifs.Motif: Res1 name is TRP
protocols.motifs.Motif: atom1 name is aroC
protocols.motifs.Motif: atom2 name is aroC
protocols.motifs.Motif: atom3 name is Npro
protocols.motifs.Motif: Res1 name is MET
protocols.motifs.Motif: atom1 name is aroC
protocols.motifs.Motif: atom2 name is aroC
protocols.motifs.Motif: atom3 name is OH
protocols.motifs.Motif: Res1 name is PRO
protocols.motifs.Motif: atom1 name is aroC
protocols.motifs.Motif: atom2 name is aroC
protocols.motifs.Motif: atom3 name is aroC
protocols.motifs.Motif: Res1 name is LEU
protocols.motifs.Motif: atom1 name is ONH2
protocols.motifs.Motif: atom2 name is Npro
protocols.motifs.Motif: atom3 name is ONH2
core.pack.task: Packer task: initialize from command line() 
core.pack.task: Packer task: initialize from command line() 
core.pack.task: Packer task: initialize from command line() 
protocols.moves.MonteCarlo: MonteCarlo:: last_accepted_score,lowest_score: -847.396 -847.403
protocols.motifs.Motif: Res1 name is TRP
protocols.motifs.Motif: atom1 name is aroC
protocols.motifs.Motif: atom2 name is aroC
protocols.motifs.Motif: atom3 name is OH
protocols.motifs.Motif: Res1 name is MET
protocols.motifs.Motif: atom1 name is aroC
protocols.motifs.Motif: atom2 name is aroC
protocols.motifs.Motif: atom3 name is OH
protocols.motifs.Motif: Res1 name is PRO
protocols.motifs.Motif: atom1 name is aroC
protocols.motifs.Motif: atom2 name is aroC
protocols.motifs.Motif: atom3 name is aroC
protocols.motifs.Motif: Res1 name is LEU
protocols.motifs.Motif: atom1 name is ONH2
protocols.motifs.Motif: atom2 name is Npro
protocols.motifs.Motif: atom3 name is ONH2
core.pack.task: Packer task: initialize from command line() 
core.pack.task: Packer task: initialize from command line() 
core.pack.task: Packer task: initialize from command line() 
protocols.moves.MonteCarlo: MonteCarlo:: last_accepted_score,lowest_score: -845.897 -846.662
protocols.motifs.Motif: Res1 name is TRP
protocols.motifs.Motif: atom1 name is aroC
protocols.motifs.Motif: atom2 name is aroC
protocols.motifs.Motif: atom3 name is OH
protocols.motifs.Motif: Res1 name is PRO
protocols.motifs.Motif: atom1 name is aroC
protocols.motifs.Motif: atom2 name is aroC
protocols.motifs.Motif: atom3 name is aroC
protocols.motifs.Motif: Res1 name is LEU
protocols.motifs.Motif: atom1 name is ONH2
protocols.motifs.Motif: atom2 name is Npro
protocols.motifs.Motif: atom3 name is ONH2
protocols.motifs.Motif: Res1 name is GLU
protocols.motifs.Motif: atom1 name is ONH2
protocols.motifs.Motif: atom2 name is Npro
protocols.motifs.Motif: atom3 name is ONH2
core.pack.task: Packer task: initialize from command line() 
core.pack.task: Packer task: initialize from command line() 
core.pack.task: Packer task: initialize from command line() 
protocols.moves.MonteCarlo: MonteCarlo:: last_accepted_score,lowest_score: -847.434 -847.434
protocols.motifs.Motif: Res1 name is TRP
protocols.motifs.Motif: atom1 name is aroC
protocols.motifs.Motif: atom2 name is aroC
protocols.motifs.Motif: atom3 name is Npro
protocols.motifs.Motif: Res1 name is MET
protocols.motifs.Motif: atom1 name is ONH2
protocols.motifs.Motif: atom2 name is Npro
protocols.motifs.Motif: atom3 name is ONH2
protocols.motifs.Motif: Res1 name is PRO
protocols.motifs.Motif: atom1 name is aroC
protocols.motifs.Motif: atom2 name is aroC
protocols.motifs.Motif: atom3 name is OH
protocols.motifs.Motif: Res1 name is LEU
protocols.motifs.Motif: atom1 name is aroC
protocols.motifs.Motif: atom2 name is aroC
protocols.motifs.Motif: atom3 name is OH
core.pack.task: Packer task: initialize from command line() 
core.pack.task: Packer task: initialize from command line() 
core.pack.task: Packer task: initialize from command line() 
protocols.moves.MonteCarlo: MonteCarlo:: last_accepted_score,lowest_score: -847.102 -847.768
protocols.motifs.Motif: Res1 name is TRP
protocols.motifs.Motif: atom1 name is ONH2
protocols.motifs.Motif: atom2 name is Npro
protocols.motifs.Motif: atom3 name is ONH2
protocols.motifs.Motif: Res1 name is MET
protocols.motifs.Motif: atom1 name is aroC
protocols.motifs.Motif: atom2 name is aroC
protocols.motifs.Motif: atom3 name is OH
protocols.motifs.Motif: Res1 name is PRO
protocols.motifs.Motif: atom1 name is aroC
protocols.motifs.Motif: atom2 name is aroC
protocols.motifs.Motif: atom3 name is aroC
protocols.motifs.Motif: Res1 name is LEU
protocols.motifs.Motif: atom1 name is ONH2
protocols.motifs.Motif: atom2 name is Npro
protocols.motifs.Motif: atom3 name is ONH2
core.pack.task: Packer task: initialize from command line() 
core.pack.task: Packer task: initialize from command line() 
core.pack.task: Packer task: initialize from command line() 
protocols.moves.MonteCarlo: MonteCarlo:: last_accepted_score,lowest_score: -848.205 -848.919
protocols.motifs.Motif: Res1 name is TRP
protocols.motifs.Motif: atom1 name is aroC
protocols.motifs.Motif: atom2 name is aroC
protocols.motifs.Motif: atom3 name is Npro
protocols.motifs.Motif: Res1 name is MET
protocols.motifs.Motif: atom1 name is aroC
protocols.motifs.Motif: atom2 name is aroC
protocols.motifs.Motif: atom3 name is aroC
protocols.motifs.Motif: Res1 name is PRO
protocols.motifs.Motif: atom1 name is ONH2
protocols.motifs.Motif: atom2 name is Npro
protocols.motifs.Motif: atom3 name is ONH2
protocols.motifs.Motif: Res1 name is LEU
protocols.motifs.Motif: atom1 name is ONH2
protocols.motifs.Motif: atom2 name is Npro
protocols.motifs.Motif: atom3 name is ONH2
core.pack.task: Packer task: initialize from command line() 
core.pack.task: Packer task: initialize from command line() 
core.pack.task: Packer task: initialize from command line() 
protocols.moves.MonteCarlo: MonteCarlo:: last_accepted_score,lowest_score: -845.861 -846.082
protocols.motifs.Motif: Res1 name is TRP
protocols.motifs.Motif: atom1 name is ONH2
protocols.motifs.Motif: atom2 name is Npro
protocols.motifs.Motif: atom3 name is ONH2
protocols.motifs.Motif: Res1 name is MET
protocols.motifs.Motif: atom1 name is aroC
protocols.motifs.Motif: atom2 name is aroC
protocols.motifs.Motif: atom3 name is OH
protocols.motifs.Motif: Res1 name is TRP
protocols.motifs.Motif: atom1 name is aroC
protocols.motifs.Motif: atom2 name is aroC
protocols.motifs.Motif: atom3 name is OH
protocols.motifs.Motif: Res1 name is PRO
protocols.motifs.Motif: atom1 name is ONH2
protocols.motifs.Motif: atom2 name is Npro
protocols.motifs.Motif: atom3 name is ONH2
core.pack.task: Packer task: initialize from command line() 
core.pack.task: Packer task: initialize from command line() 
core.pack.task: Packer task: initialize from command line() 
protocols.moves.MonteCarlo: MonteCarlo:: last_accepted_score,lowest_score: -847.424 -847.424
protocols.motifs.Motif: Res1 name is TRP
protocols.motifs.Motif: atom1 name is aroC
protocols.motifs.Motif: atom2 name is aroC
protocols.motifs.Motif: atom3 name is OH
protocols.motifs.Motif: Res1 name is MET
protocols.motifs.Motif: atom1 name is ONH2
protocols.motifs.Motif: atom2 name is Npro
protocols.motifs.Motif: atom3 name is ONH2
protocols.motifs.Motif: Res1 name is LYS
protocols.motifs.Motif: atom1 name is ONH2
protocols.motifs.Motif: atom2 name is Npro
protocols.motifs.Motif: atom3 name is ONH2
protocols.motifs.Motif: Res1 name is PRO
protocols.motifs.Motif: atom1 name is aroC
protocols.motifs.Motif: atom2 name is aroC
protocols.motifs.Motif: atom3 name is OH
core.pack.task: Packer task: initialize from command line() 
core.pack.task: Packer task: initialize from command line() 
core.pack.task: Packer task: initialize from command line() 
protocols.moves.MonteCarlo: MonteCarlo:: last_accepted_score,lowest_score: -845.448 -845.459
protocols.motifs.Motif: Res1 name is TRP
protocols.motifs.Motif: atom1 name is ONH2
protocols.motifs.Motif: atom2 name is Npro
protocols.motifs.Motif: atom3 name is ONH2
protocols.motifs.Motif: Res1 name is PRO
protocols.motifs.Motif: atom1 name is aroC
protocols.motifs.Motif: atom2 name is aroC
protocols.motifs.Motif: atom3 name is aroC
core.pack.task: Packer task: initialize from command line() 
core.pack.task: Packer task: initialize from command line() 
core.pack.task: Packer task: initialize from command line() 
protocols.moves.MonteCarlo: MonteCarlo:: last_accepted_score,lowest_score: -847.122 -848.002
protocols.motifs.Motif: Res1 name is TRP
protocols.motifs.Motif: atom1 name is ONH2
protocols.motifs.Motif: atom2 name is Npro
protocols.motifs.Motif: atom3 name is ONH2
protocols.motifs.Motif: Res1 name is MET
protocols.motifs.Motif: atom1 name is ONH2
protocols.motifs.Motif: atom2 name is Npro
protocols.motifs.Motif: atom3 name is ONH2
protocols.motifs.Motif: Res1 name is PRO
protocols.motifs.Motif: atom1 name is aroC
protocols.motifs.Motif: atom2 name is aroC
protocols.motifs.Motif: atom3 name is OH
protocols.motifs.Motif: Res1 name is LEU
protocols.motifs.Motif: atom1 name is ONH2
protocols.motifs.Motif: atom2 name is Npro
protocols.motifs.Motif: atom3 name is ONH2
core.pack.task: Packer task: initialize from command line() 
core.pack.task: Packer task: initialize from command line() 
core.pack.task: Packer task: initialize from command line() 
protocols.moves.MonteCarlo: MonteCarlo:: last_accepted_score,lowest_score: -849.457 -849.457
protocols.motifs.Motif: Res1 name is TRP
protocols.motifs.Motif: atom1 name is aroC
protocols.motifs.Motif: atom2 name is aroC
protocols.motifs.Motif: atom3 name is OH
protocols.motifs.Motif: Res1 name is MET
protocols.motifs.Motif: atom1 name is ONH2
protocols.motifs.Motif: atom2 name is Npro
protocols.motifs.Motif: atom3 name is ONH2
protocols.motifs.Motif: Res1 name is TRP
protocols.motifs.Motif: atom1 name is ONH2
protocols.motifs.Motif: atom2 name is Npro
protocols.motifs.Motif: atom3 name is ONH2
protocols.motifs.Motif: Res1 name is LYS
protocols.motifs.Motif: atom1 name is ONH2
protocols.motifs.Motif: atom2 name is Npro
protocols.motifs.Motif: atom3 name is ONH2
protocols.motifs.Motif: Res1 name is PRO
protocols.motifs.Motif: atom1 name is aroC
protocols.motifs.Motif: atom2 name is aroC
protocols.motifs.Motif: atom3 name is aroC
core.pack.task: Packer task: initialize from command line() 
core.pack.task: Packer task: initialize from command line() 
core.pack.task: Packer task: initialize from command line() 
protocols.moves.MonteCarlo: MonteCarlo:: last_accepted_score,lowest_score: -846.363 -846.363
protocols.motifs.Motif: Res1 name is TRP
protocols.motifs.Motif: atom1 name is aroC
protocols.motifs.Motif: atom2 name is aroC
protocols.motifs.Motif: atom3 name is OH
protocols.motifs.Motif: Res1 name is MET
protocols.motifs.Motif: atom1 name is ONH2
protocols.motifs.Motif: atom2 name is Npro
protocols.motifs.Motif: atom3 name is ONH2
protocols.motifs.Motif: Res1 name is PRO
protocols.motifs.Motif: atom1 name is aroC
protocols.motifs.Motif: atom2 name is aroC
protocols.motifs.Motif: atom3 name is OH
protocols.motifs.Motif: Res1 name is LEU
protocols.motifs.Motif: atom1 name is aroC
protocols.motifs.Motif: atom2 name is aroC
protocols.motifs.Motif: atom3 name is OH
core.pack.task: Packer task: initialize from command line() 
core.pack.task: Packer task: initialize from command line() 
core.pack.task: Packer task: initialize from command line() 
protocols.moves.MonteCarlo: MonteCarlo:: last_accepted_score,lowest_score: -847.793 -847.793
protocols.motifs.Motif: Res1 name is TRP
protocols.motifs.Motif: atom1 name is aroC
protocols.motifs.Motif: atom2 name is aroC
protocols.motifs.Motif: atom3 name is OH
protocols.motifs.Motif: Res1 name is TRP
protocols.motifs.Motif: atom1 name is ONH2
protocols.motifs.Motif: atom2 name is Npro
protocols.motifs.Motif: atom3 name is ONH2
protocols.motifs.Motif: Res1 name is LYS
protocols.motifs.Motif: atom1 name is aroC
protocols.motifs.Motif: atom2 name is aroC
protocols.motifs.Motif: atom3 name is aroC
protocols.motifs.Motif: Res1 name is PRO
protocols.motifs.Motif: atom1 name is aroC
protocols.motifs.Motif: atom2 name is aroC
protocols.motifs.Motif: atom3 name is OH
protocols.motifs.Motif: Res1 name is LEU
protocols.motifs.Motif: atom1 name is aroC
protocols.motifs.Motif: atom2 name is aroC
protocols.motifs.Motif: atom3 name is OH
core.pack.task: Packer task: initialize from command line() 
core.pack.task: Packer task: initialize from command line() 
core.pack.task: Packer task: initialize from command line() 
protocols.moves.MonteCarlo: MonteCarlo:: last_accepted_score,lowest_score: -847.844 -847.844
protocols.motifs.Motif: Res1 name is TRP
protocols.motifs.Motif: atom1 name is aroC
protocols.motifs.Motif: atom2 name is aroC
protocols.motifs.Motif: atom3 name is aroC
protocols.motifs.Motif: Res1 name is MET
protocols.motifs.Motif: atom1 name is ONH2
protocols.motifs.Motif: atom2 name is Npro
protocols.motifs.Motif: atom3 name is ONH2
protocols.motifs.Motif: Res1 name is PRO
protocols.motifs.Motif: atom1 name is aroC
protocols.motifs.Motif: atom2 name is aroC
protocols.motifs.Motif: atom3 name is aroC
protocols.motifs.Motif: Res1 name is LEU
protocols.motifs.Motif: atom1 name is ONH2
protocols.motifs.Motif: atom2 name is Npro
protocols.motifs.Motif: atom3 name is ONH2
core.pack.task: Packer task: initialize from command line() 
core.pack.task: Packer task: initialize from command line() 
core.pack.task: Packer task: initialize from command line() 
protocols.moves.MonteCarlo: MonteCarlo:: last_accepted_score,lowest_score: -845.425 -846.386
protocols.motifs.Motif: Res1 name is TRP
protocols.motifs.Motif: atom1 name is ONH2
protocols.motifs.Motif: atom2 name is Npro
protocols.motifs.Motif: atom3 name is ONH2
protocols.motifs.Motif: Res1 name is MET
protocols.motifs.Motif: atom1 name is aroC
protocols.motifs.Motif: atom2 name is aroC
protocols.motifs.Motif: atom3 name is OH
protocols.motifs.Motif: Res1 name is PRO
protocols.motifs.Motif: atom1 name is aroC
protocols.motifs.Motif: atom2 name is Npro
protocols.motifs.Motif: atom3 name is ONH2
protocols.motifs.Motif: Res1 name is LEU
protocols.motifs.Motif: atom1 name is ONH2
protocols.motifs.Motif: atom2 name is Npro
protocols.motifs.Motif: atom3 name is ONH2
core.pack.task: Packer task: initialize from command line() 
core.pack.task: Packer task: initialize from command line() 
core.pack.task: Packer task: initialize from command line() 
protocols.moves.MonteCarlo: MonteCarlo:: last_accepted_score,lowest_score: -849.949 -849.949
protocols.motifs.Motif: Res1 name is TRP
protocols.motifs.Motif: atom1 name is aroC
protocols.motifs.Motif: atom2 name is aroC
protocols.motifs.Motif: atom3 name is OH
protocols.motifs.Motif: Res1 name is MET
protocols.motifs.Motif: atom1 name is ONH2
protocols.motifs.Motif: atom2 name is Npro
protocols.motifs.Motif: atom3 name is ONH2
protocols.motifs.Motif: Res1 name is LYS
protocols.motifs.Motif: atom1 name is ONH2
protocols.motifs.Motif: atom2 name is Npro
protocols.motifs.Motif: atom3 name is ONH2
protocols.motifs.Motif: Res1 name is PRO
protocols.motifs.Motif: atom1 name is aroC
protocols.motifs.Motif: atom2 name is aroC
protocols.motifs.Motif: atom3 name is aroC
protocols.motifs.Motif: Res1 name is LEU
protocols.motifs.Motif: atom1 name is aroC
protocols.motifs.Motif: atom2 name is aroC
protocols.motifs.Motif: atom3 name is OH
protocols.motifs.Motif: Res1 name is GLU
protocols.motifs.Motif: atom1 name is aroC
protocols.motifs.Motif: atom2 name is aroC
protocols.motifs.Motif: atom3 name is OH
core.pack.task: Packer task: initialize from command line() 
core.pack.task: Packer task: initialize from command line() 
core.pack.task: Packer task: initialize from command line() 
protocols.moves.MonteCarlo: MonteCarlo:: last_accepted_score,lowest_score: -846.736 -847.24
protocols.motifs.Motif: Res1 name is TRP
protocols.motifs.Motif: atom1 name is aroC
protocols.motifs.Motif: atom2 name is aroC
protocols.motifs.Motif: atom3 name is OH
protocols.motifs.Motif: Res1 name is MET
protocols.motifs.Motif: atom1 name is ONH2
protocols.motifs.Motif: atom2 name is Npro
protocols.motifs.Motif: atom3 name is ONH2
protocols.motifs.Motif: Res1 name is PRO
protocols.motifs.Motif: atom1 name is ONH2
protocols.motifs.Motif: atom2 name is Npro
protocols.motifs.Motif: atom3 name is ONH2
core.pack.task: Packer task: initialize from command line() 
core.pack.task: Packer task: initialize from command line() 
core.pack.task: Packer task: initialize from command line() 
protocols.moves.MonteCarlo: MonteCarlo:: last_accepted_score,lowest_score: -845.316 -845.316
protocols.motifs.Motif: Res1 name is TRP
protocols.motifs.Motif: atom1 name is aroC
protocols.motifs.Motif: atom2 name is aroC
protocols.motifs.Motif: atom3 name is OH
protocols.motifs.Motif: Res1 name is MET
protocols.motifs.Motif: atom1 name is ONH2
protocols.motifs.Motif: atom2 name is Npro
protocols.motifs.Motif: atom3 name is ONH2
protocols.motifs.Motif: Res1 name is PRO
protocols.motifs.Motif: atom1 name is aroC
protocols.motifs.Motif: atom2 name is aroC
protocols.motifs.Motif: atom3 name is OH
core.pack.task: Packer task: initialize from command line() 
core.pack.task: Packer task: initialize from command line() 
core.pack.task: Packer task: initialize from command line() 
protocols.moves.MonteCarlo: MonteCarlo:: last_accepted_score,lowest_score: -847.556 -847.556
protocols.motifs.Motif: Res1 name is TRP
protocols.motifs.Motif: atom1 name is aroC
protocols.motifs.Motif: atom2 name is aroC
protocols.motifs.Motif: atom3 name is aroC
protocols.motifs.Motif: Res1 name is MET
protocols.motifs.Motif: atom1 name is aroC
protocols.motifs.Motif: atom2 name is aroC
protocols.motifs.Motif: atom3 name is aroC
protocols.motifs.Motif: Res1 name is TRP
protocols.motifs.Motif: atom1 name is ONH2
protocols.motifs.Motif: atom2 name is Npro
protocols.motifs.Motif: atom3 name is ONH2
protocols.motifs.Motif: Res1 name is LYS
protocols.motifs.Motif: atom1 name is ONH2
protocols.motifs.Motif: atom2 name is Npro
protocols.motifs.Motif: atom3 name is ONH2
protocols.motifs.Motif: Res1 name is PRO
protocols.motifs.Motif: atom1 name is aroC
protocols.motifs.Motif: atom2 name is aroC
protocols.motifs.Motif: atom3 name is OH
core.pack.task: Packer task: initialize from command line() 
core.pack.task: Packer task: initialize from command line() 
core.pack.task: Packer task: initialize from command line() 
protocols.moves.MonteCarlo: MonteCarlo:: last_accepted_score,lowest_score: -848.005 -848.005
protocols.motifs.Motif: Res1 name is TRP
protocols.motifs.Motif: atom1 name is aroC
protocols.motifs.Motif: atom2 name is aroC
protocols.motifs.Motif: atom3 name is OH
protocols.motifs.Motif: Res1 name is MET
protocols.motifs.Motif: atom1 name is aroC
protocols.motifs.Motif: atom2 name is aroC
protocols.motifs.Motif: atom3 name is OH
protocols.motifs.Motif: Res1 name is TRP
protocols.motifs.Motif: atom1 name is ONH2
protocols.motifs.Motif: atom2 name is Npro
protocols.motifs.Motif: atom3 name is ONH2
protocols.motifs.Motif: Res1 name is LYS
protocols.motifs.Motif: atom1 name is ONH2
protocols.motifs.Motif: atom2 name is Npro
protocols.motifs.Motif: atom3 name is ONH2
protocols.motifs.Motif: Res1 name is PRO
protocols.motifs.Motif: atom1 name is aroC
protocols.motifs.Motif: atom2 name is Npro
protocols.motifs.Motif: atom3 name is ONH2
core.pack.task: Packer task: initialize from command line() 
core.pack.task: Packer task: initialize from command line() 
core.pack.task: Packer task: initialize from command line() 
protocols.moves.MonteCarlo: MonteCarlo:: last_accepted_score,lowest_score: -847.466 -847.722
protocols.motifs.Motif: Res1 name is TRP
protocols.motifs.Motif: atom1 name is aroC
protocols.motifs.Motif: atom2 name is aroC
protocols.motifs.Motif: atom3 name is OH
protocols.motifs.Motif: Res1 name is MET
protocols.motifs.Motif: atom1 name is ONH2
protocols.motifs.Motif: atom2 name is Npro
protocols.motifs.Motif: atom3 name is ONH2
protocols.motifs.Motif: Res1 name is LYS
protocols.motifs.Motif: atom1 name is ONH2
protocols.motifs.Motif: atom2 name is Npro
protocols.motifs.Motif: atom3 name is ONH2
protocols.motifs.Motif: Res1 name is PRO
protocols.motifs.Motif: atom1 name is aroC
protocols.motifs.Motif: atom2 name is aroC
protocols.motifs.Motif: atom3 name is Npro
core.pack.task: Packer task: initialize from command line() 
core.pack.task: Packer task: initialize from command line() 
core.pack.task: Packer task: initialize from command line() 
protocols.moves.MonteCarlo: MonteCarlo:: last_accepted_score,lowest_score: -848.307 -848.307
protocols.motifs.Motif: Res1 name is TRP
protocols.motifs.Motif: atom1 name is aroC
protocols.motifs.Motif: atom2 name is aroC
protocols.motifs.Motif: atom3 name is OH
protocols.motifs.Motif: Res1 name is TRP
protocols.motifs.Motif: atom1 name is ONH2
protocols.motifs.Motif: atom2 name is Npro
protocols.motifs.Motif: atom3 name is ONH2
protocols.motifs.Motif: Res1 name is LYS
protocols.motifs.Motif: atom1 name is ONH2
protocols.motifs.Motif: atom2 name is Npro
protocols.motifs.Motif: atom3 name is ONH2
protocols.motifs.Motif: Res1 name is PRO
protocols.motifs.Motif: atom1 name is aroC
protocols.motifs.Motif: atom2 name is Npro
protocols.motifs.Motif: atom3 name is ONH2
protocols.motifs.Motif: Res1 name is GLU
protocols.motifs.Motif: atom1 name is ONH2
protocols.motifs.Motif: atom2 name is Npro
protocols.motifs.Motif: atom3 name is ONH2
core.pack.task: Packer task: initialize from command line() 
core.pack.task: Packer task: initialize from command line() 
core.pack.task: Packer task: initialize from command line() 
protocols.moves.MonteCarlo: MonteCarlo:: last_accepted_score,lowest_score: -846.308 -848.14
protocols.motifs.Motif: Res1 name is TRP
protocols.motifs.Motif: atom1 name is aroC
protocols.motifs.Motif: atom2 name is aroC
protocols.motifs.Motif: atom3 name is OH
protocols.motifs.Motif: Res1 name is MET
protocols.motifs.Motif: atom1 name is aroC
protocols.motifs.Motif: atom2 name is aroC
protocols.motifs.Motif: atom3 name is OH
protocols.motifs.Motif: Res1 name is PRO
protocols.motifs.Motif: atom1 name is ONH2
protocols.motifs.Motif: atom2 name is Npro
protocols.motifs.Motif: atom3 name is ONH2
protocols.motifs.Motif: Res1 name is LEU
protocols.motifs.Motif: atom1 name is ONH2
protocols.motifs.Motif: atom2 name is Npro
protocols.motifs.Motif: atom3 name is ONH2
core.pack.task: Packer task: initialize from command line() 
core.pack.task: Packer task: initialize from command line() 
core.pack.task: Packer task: initialize from command line() 
protocols.moves.MonteCarlo: MonteCarlo:: last_accepted_score,lowest_score: -847.059 -847.689
protocols.motifs.Motif: Res1 name is TRP
protocols.motifs.Motif: atom1 name is aroC
protocols.motifs.Motif: atom2 name is aroC
protocols.motifs.Motif: atom3 name is OH
protocols.motifs.Motif: Res1 name is MET
protocols.motifs.Motif: atom1 name is ONH2
protocols.motifs.Motif: atom2 name is Npro
protocols.motifs.Motif: atom3 name is ONH2
protocols.motifs.Motif: Res1 name is TRP
protocols.motifs.Motif: atom1 name is ONH2
protocols.motifs.Motif: atom2 name is Npro
protocols.motifs.Motif: atom3 name is ONH2
protocols.motifs.Motif: Res1 name is LYS
protocols.motifs.Motif: atom1 name is ONH2
protocols.motifs.Motif: atom2 name is Npro
protocols.motifs.Motif: atom3 name is ONH2
protocols.motifs.Motif: Res1 name is PRO
protocols.motifs.Motif: atom1 name is aroC
protocols.motifs.Motif: atom2 name is aroC
protocols.motifs.Motif: atom3 name is aroC
core.pack.task: Packer task: initialize from command line() 
core.pack.task: Packer task: initialize from command line() 
core.pack.task: Packer task: initialize from command line() 
protocols.moves.MonteCarlo: MonteCarlo:: last_accepted_score,lowest_score: -850.995 -850.995
protocols.motifs.Motif: Res1 name is MET
protocols.motifs.Motif: atom1 name is ONH2
protocols.motifs.Motif: atom2 name is Npro
protocols.motifs.Motif: atom3 name is ONH2
protocols.motifs.Motif: Res1 name is TRP
protocols.motifs.Motif: atom1 name is ONH2
protocols.motifs.Motif: atom2 name is Npro
protocols.motifs.Motif: atom3 name is ONH2
protocols.motifs.Motif: Res1 name is LYS
protocols.motifs.Motif: atom1 name is aroC
protocols.motifs.Motif: atom2 name is aroC
protocols.motifs.Motif: atom3 name is aroC
protocols.motifs.Motif: Res1 name is PRO
protocols.motifs.Motif: atom1 name is aroC
protocols.motifs.Motif: atom2 name is aroC
protocols.motifs.Motif: atom3 name is OH
protocols.motifs.Motif: Res1 name is GLU
protocols.motifs.Motif: atom1 name is aroC
protocols.motifs.Motif: atom2 name is aroC
protocols.motifs.Motif: atom3 name is OH
core.pack.task: Packer task: initialize from command line() 
core.pack.task: Packer task: initialize from command line() 
core.pack.task: Packer task: initialize from command line() 
protocols.moves.MonteCarlo: MonteCarlo:: last_accepted_score,lowest_score: -848.055 -848.055
protocols.motifs.Motif: Res1 name is TRP
protocols.motifs.Motif: atom1 name is aroC
protocols.motifs.Motif: atom2 name is aroC
protocols.motifs.Motif: atom3 name is aroC
protocols.motifs.Motif: Res1 name is MET
protocols.motifs.Motif: atom1 name is ONH2
protocols.motifs.Motif: atom2 name is Npro
protocols.motifs.Motif: atom3 name is ONH2
protocols.motifs.Motif: Res1 name is PRO
protocols.motifs.Motif: atom1 name is aroC
protocols.motifs.Motif: atom2 name is aroC
protocols.motifs.Motif: atom3 name is aroC
protocols.motifs.Motif: Res1 name is LEU
protocols.motifs.Motif: atom1 name is ONH2
protocols.motifs.Motif: atom2 name is Npro
protocols.motifs.Motif: atom3 name is ONH2
core.pack.task: Packer task: initialize from command line() 
core.pack.task: Packer task: initialize from command line() 
core.pack.task: Packer task: initialize from command line() 
protocols.moves.MonteCarlo: MonteCarlo:: last_accepted_score,lowest_score: -845.189 -845.189
protocols.motifs.Motif: Res1 name is MET
protocols.motifs.Motif: atom1 name is ONH2
protocols.motifs.Motif: atom2 name is Npro
protocols.motifs.Motif: atom3 name is ONH2
protocols.motifs.Motif: Res1 name is TRP
protocols.motifs.Motif: atom1 name is ONH2
protocols.motifs.Motif: atom2 name is Npro
protocols.motifs.Motif: atom3 name is ONH2
protocols.motifs.Motif: Res1 name is PRO
protocols.motifs.Motif: atom1 name is aroC
protocols.motifs.Motif: atom2 name is Npro
protocols.motifs.Motif: atom3 name is ONH2
core.pack.task: Packer task: initialize from command line() 
core.pack.task: Packer task: initialize from command line() 
core.pack.task: Packer task: initialize from command line() 
protocols.moves.MonteCarlo: MonteCarlo:: last_accepted_score,lowest_score: -846.868 -846.868
protocols.motifs.Motif: Res1 name is TRP
protocols.motifs.Motif: atom1 name is ONH2
protocols.motifs.Motif: atom2 name is Npro
protocols.motifs.Motif: atom3 name is ONH2
protocols.motifs.Motif: Res1 name is MET
protocols.motifs.Motif: atom1 name is aroC
protocols.motifs.Motif: atom2 name is aroC
protocols.motifs.Motif: atom3 name is OH
protocols.motifs.Motif: Res1 name is PRO
protocols.motifs.Motif: atom1 name is ONH2
protocols.motifs.Motif: atom2 name is Npro
protocols.motifs.Motif: atom3 name is ONH2
protocols.motifs.Motif: Res1 name is LEU
protocols.motifs.Motif: atom1 name is ONH2
protocols.motifs.Motif: atom2 name is Npro
protocols.motifs.Motif: atom3 name is ONH2
core.pack.task: Packer task: initialize from command line() 
core.pack.task: Packer task: initialize from command line() 
core.pack.task: Packer task: initialize from command line() 
protocols.moves.MonteCarlo: MonteCarlo:: last_accepted_score,lowest_score: -847.113 -847.113
protocols.motifs.Motif: Res1 name is TRP
protocols.motifs.Motif: atom1 name is aroC
protocols.motifs.Motif: atom2 name is aroC
protocols.motifs.Motif: atom3 name is OH
protocols.motifs.Motif: Res1 name is PRO
protocols.motifs.Motif: atom1 name is aroC
protocols.motifs.Motif: atom2 name is aroC
protocols.motifs.Motif: atom3 name is aroC
protocols.motifs.Motif: Res1 name is LEU
protocols.motifs.Motif: atom1 name is aroC
protocols.motifs.Motif: atom2 name is aroC
protocols.motifs.Motif: atom3 name is OH
core.pack.task: Packer task: initialize from command line() 
core.pack.task: Packer task: initialize from command line() 
core.pack.task: Packer task: initialize from command line() 
protocols.moves.MonteCarlo: MonteCarlo:: last_accepted_score,lowest_score: -849.158 -849.158
protocols.motifs.Motif: Res1 name is TRP
protocols.motifs.Motif: atom1 name is aroC
protocols.motifs.Motif: atom2 name is aroC
protocols.motifs.Motif: atom3 name is OH
protocols.motifs.Motif: Res1 name is TRP
protocols.motifs.Motif: atom1 name is ONH2
protocols.motifs.Motif: atom2 name is Npro
protocols.motifs.Motif: atom3 name is ONH2
protocols.motifs.Motif: Res1 name is LYS
protocols.motifs.Motif: atom1 name is ONH2
protocols.motifs.Motif: atom2 name is Npro
protocols.motifs.Motif: atom3 name is ONH2
protocols.motifs.Motif: Res1 name is PRO
protocols.motifs.Motif: atom1 name is aroC
protocols.motifs.Motif: atom2 name is aroC
protocols.motifs.Motif: atom3 name is Npro
protocols.motifs.Motif: Res1 name is LEU
protocols.motifs.Motif: atom1 name is aroC
protocols.motifs.Motif: atom2 name is aroC
protocols.motifs.Motif: atom3 name is OH
protocols.motifs.Motif: Res1 name is GLU
protocols.motifs.Motif: atom1 name is ONH2
protocols.motifs.Motif: atom2 name is Npro
protocols.motifs.Motif: atom3 name is ONH2
core.pack.task: Packer task: initialize from command line() 
core.pack.task: Packer task: initialize from command line() 
core.pack.task: Packer task: initialize from command line() 
protocols.moves.MonteCarlo: MonteCarlo:: last_accepted_score,lowest_score: -851.742 -851.742
protocols.motifs.Motif: Res1 name is MET
protocols.motifs.Motif: atom1 name is ONH2
protocols.motifs.Motif: atom2 name is Npro
protocols.motifs.Motif: atom3 name is ONH2
protocols.motifs.Motif: Res1 name is TRP
protocols.motifs.Motif: atom1 name is ONH2
protocols.motifs.Motif: atom2 name is Npro
protocols.motifs.Motif: atom3 name is ONH2
protocols.motifs.Motif: Res1 name is LYS
protocols.motifs.Motif: atom1 name is aroC
protocols.motifs.Motif: atom2 name is aroC
protocols.motifs.Motif: atom3 name is aroC
protocols.motifs.Motif: Res1 name is PRO
protocols.motifs.Motif: atom1 name is aroC
protocols.motifs.Motif: atom2 name is aroC
protocols.motifs.Motif: atom3 name is OH
protocols.motifs.Motif: Res1 name is LEU
protocols.motifs.Motif: atom1 name is aroC
protocols.motifs.Motif: atom2 name is aroC
protocols.motifs.Motif: atom3 name is OH
protocols.motifs.Motif: Res1 name is GLU
protocols.motifs.Motif: atom1 name is aroC
protocols.motifs.Motif: atom2 name is aroC
protocols.motifs.Motif: atom3 name is OH
core.pack.task: Packer task: initialize from command line() 
core.pack.task: Packer task: initialize from command line() 
core.pack.task: Packer task: initialize from command line() 
protocols.moves.MonteCarlo: MonteCarlo:: last_accepted_score,lowest_score: -850.589 -850.589
protocols.motifs.Motif: Res1 name is MET
protocols.motifs.Motif: atom1 name is ONH2
protocols.motifs.Motif: atom2 name is Npro
protocols.motifs.Motif: atom3 name is ONH2
protocols.motifs.Motif: Res1 name is LYS
protocols.motifs.Motif: atom1 name is aroC
protocols.motifs.Motif: atom2 name is aroC
protocols.motifs.Motif: atom3 name is aroC
protocols.motifs.Motif: Res1 name is GLU
protocols.motifs.Motif: atom1 name is aroC
protocols.motifs.Motif: atom2 name is aroC
protocols.motifs.Motif: atom3 name is aroC
core.pack.task: Packer task: initialize from command line() 
core.pack.task: Packer task: initialize from command line() 
core.pack.task: Packer task: initialize from command line() 
protocols.moves.MonteCarlo: MonteCarlo:: last_accepted_score,lowest_score: -850.819 -850.819
protocols.motifs.Motif: Res1 name is MET
protocols.motifs.Motif: atom1 name is aroC
protocols.motifs.Motif: atom2 name is aroC
protocols.motifs.Motif: atom3 name is aroC
protocols.motifs.Motif: Res1 name is LYS
protocols.motifs.Motif: atom1 name is ONH2
protocols.motifs.Motif: atom2 name is Npro
protocols.motifs.Motif: atom3 name is ONH2
protocols.motifs.Motif: Res1 name is PRO
protocols.motifs.Motif: atom1 name is ONH2
protocols.motifs.Motif: atom2 name is Npro
protocols.motifs.Motif: atom3 name is ONH2
protocols.motifs.Motif: Res1 name is GLU
protocols.motifs.Motif: atom1 name is aroC
protocols.motifs.Motif: atom2 name is aroC
protocols.motifs.Motif: atom3 name is OH
core.pack.task: Packer task: initialize from command line() 
core.pack.task: Packer task: initialize from command line() 
core.pack.task: Packer task: initialize from command line() 
protocols.moves.MonteCarlo: MonteCarlo:: last_accepted_score,lowest_score: -848.953 -849.326
protocols.motifs.Motif: Res1 name is MET
protocols.motifs.Motif: atom1 name is aroC
protocols.motifs.Motif: atom2 name is aroC
protocols.motifs.Motif: atom3 name is OH
protocols.motifs.Motif: Res1 name is LYS
protocols.motifs.Motif: atom1 name is ONH2
protocols.motifs.Motif: atom2 name is Npro
protocols.motifs.Motif: atom3 name is ONH2
protocols.motifs.Motif: Res1 name is PRO
protocols.motifs.Motif: atom1 name is aroC
protocols.motifs.Motif: atom2 name is aroC
protocols.motifs.Motif: atom3 name is OH
protocols.motifs.Motif: Res1 name is GLU
protocols.motifs.Motif: atom1 name is ONH2
protocols.motifs.Motif: atom2 name is Npro
protocols.motifs.Motif: atom3 name is ONH2
LigandDiscoverySearch.discover: Done iterating all trios, moving to next ligand
LigandDiscoverySearch.discover: Total passing attempts for ligand is 228
LigandDiscoverySearch.discover: Total clashing attempts for ligand is 2666
