********  (C) Copyright Rosetta Commons Member Institutions.  ***************
* Use of Rosetta for commercial purposes may require purchase of a license. *
********  See LICENSE.md or email license@uw.edu for more details. **********
core.init: Checking for fconfig files in pwd and ./rosetta/flags 
core.init: Rosetta version: 2024.19.post.dev+283.updatedliganddiscoverysearchcodeagmay2024.10ed978 10ed97813f1920392b632603a23dedae0d4f102d https://github.com/RosettaCommons/rosetta.git 2024-10-15T12:35:46
core.init: Rosetta extras: []
core.init: command: /scratch/abgvg9/rosetta_may_for_checkin/rosetta//source/bin/ligand_discovery_search_protocol.linuxgccrelease @ital_res_175_0_args
basic.random.init_random_generator: Constant seed mode, seed=1111111 seed_offset=0 real_seed=1111111
basic.random.init_random_generator: RandomGenerator:init: Normal mode, seed=1111111 RG_type=mt19937
core.init: Resolved executable path: /scratch/abgvg9/rosetta_may_for_checkin/rosetta/source/build/src/release/linux/3.10/64/x86/gcc/8.2/default/ligand_discovery_search_protocol.default.linuxgccrelease
core.init: Looking for database based on location of executable: /scratch/abgvg9/rosetta_may_for_checkin/rosetta/database/
LDS_app: Making Pose of input pdb file(s)
protocols.motifs.motif_utils: Got filename
protocols.motifs.motif_utils: Made motiflibrary
core.chemical.GlobalResidueTypeSet: Finished initializing fa_standard residue type set.  Created 985 residue types
core.chemical.GlobalResidueTypeSet: Total time to initialize 0.79 seconds.
protocols.motifs.motif_utils: added motifs from file
LDS_app: Collected motifs library with 1649819 motifs. 
core.chemical.GlobalResidueTypeSet: For ResidueTypeSet fa_standard there is no exclude_pdb_component_list.txt file to list known PDB ids.
core.chemical.GlobalResidueTypeSet:     This will turn off PDB component loading for ResidueTypeSet fa_standard
core.chemical.GlobalResidueTypeSet:     Expected file: /data/user/abgvg9/benchmark/files/all/ital/test_params/exclude_pdb_component_list.txt
core.chemical.GlobalResidueTypeSet: Finished initializing fa_standard residue type set.  Created 1 residue types
core.chemical.GlobalResidueTypeSet: Total time to initialize 0.37 seconds.
core.import_pose.import_pose: File '/data/user/abgvg9/benchmark/files/all/ital/ital.pdb' automatically determined to be of type PDB
core.io.pose_from_sfr.PoseFromSFRBuilder: [ WARNING ] discarding 1 atoms at position 1 in file /data/user/abgvg9/benchmark/files/all/ital/ital.pdb. Best match rsd_type:  MET:NtermProteinFull
core.io.pose_from_sfr.PoseFromSFRBuilder: [ WARNING ] discarding 3 atoms at position 2 in file /data/user/abgvg9/benchmark/files/all/ital/ital.pdb. Best match rsd_type:  ASN
core.io.pose_from_sfr.PoseFromSFRBuilder: [ WARNING ] discarding 1 atoms at position 3 in file /data/user/abgvg9/benchmark/files/all/ital/ital.pdb. Best match rsd_type:  VAL
core.io.pose_from_sfr.PoseFromSFRBuilder: [ WARNING ] discarding 1 atoms at position 4 in file /data/user/abgvg9/benchmark/files/all/ital/ital.pdb. Best match rsd_type:  ASP
core.io.pose_from_sfr.PoseFromSFRBuilder: [ WARNING ] discarding 1 atoms at position 5 in file /data/user/abgvg9/benchmark/files/all/ital/ital.pdb. Best match rsd_type:  LEU
core.io.pose_from_sfr.PoseFromSFRBuilder: [ WARNING ] discarding 1 atoms at position 6 in file /data/user/abgvg9/benchmark/files/all/ital/ital.pdb. Best match rsd_type:  VAL
core.io.pose_from_sfr.PoseFromSFRBuilder: [ WARNING ] discarding 1 atoms at position 7 in file /data/user/abgvg9/benchmark/files/all/ital/ital.pdb. Best match rsd_type:  PHE
core.io.pose_from_sfr.PoseFromSFRBuilder: [ WARNING ] discarding 1 atoms at position 8 in file /data/user/abgvg9/benchmark/files/all/ital/ital.pdb. Best match rsd_type:  LEU
core.io.pose_from_sfr.PoseFromSFRBuilder: [ WARNING ] discarding 1 atoms at position 9 in file /data/user/abgvg9/benchmark/files/all/ital/ital.pdb. Best match rsd_type:  PHE
core.io.pose_from_sfr.PoseFromSFRBuilder: [ WARNING ] discarding 1 atoms at position 10 in file /data/user/abgvg9/benchmark/files/all/ital/ital.pdb. Best match rsd_type:  ASP
core.io.pose_from_sfr.PoseFromSFRBuilder: [ WARNING ] discarding 1 atoms at position 11 in file /data/user/abgvg9/benchmark/files/all/ital/ital.pdb. Best match rsd_type:  GLY
core.io.pose_from_sfr.PoseFromSFRBuilder: [ WARNING ] discarding 2 atoms at position 12 in file /data/user/abgvg9/benchmark/files/all/ital/ital.pdb. Best match rsd_type:  SER
core.io.pose_from_sfr.PoseFromSFRBuilder: [ WARNING ] discarding 1 atoms at position 13 in file /data/user/abgvg9/benchmark/files/all/ital/ital.pdb. Best match rsd_type:  MET
core.io.pose_from_sfr.PoseFromSFRBuilder: [ WARNING ] discarding 2 atoms at position 14 in file /data/user/abgvg9/benchmark/files/all/ital/ital.pdb. Best match rsd_type:  SER
core.io.pose_from_sfr.PoseFromSFRBuilder: [ WARNING ] discarding 1 atoms at position 15 in file /data/user/abgvg9/benchmark/files/all/ital/ital.pdb. Best match rsd_type:  LEU
core.io.pose_from_sfr.PoseFromSFRBuilder: [ WARNING ] discarding 3 atoms at position 16 in file /data/user/abgvg9/benchmark/files/all/ital/ital.pdb. Best match rsd_type:  GLN
core.io.pose_from_sfr.PoseFromSFRBuilder: [ WARNING ] discarding 1 atoms at position 18 in file /data/user/abgvg9/benchmark/files/all/ital/ital.pdb. Best match rsd_type:  ASP
core.io.pose_from_sfr.PoseFromSFRBuilder: [ WARNING ] discarding 1 atoms at position 19 in file /data/user/abgvg9/benchmark/files/all/ital/ital.pdb. Best match rsd_type:  GLU
core.io.pose_from_sfr.PoseFromSFRBuilder: [ WARNING ] discarding 1 atoms at position 20 in file /data/user/abgvg9/benchmark/files/all/ital/ital.pdb. Best match rsd_type:  PHE
core.io.pose_from_sfr.PoseFromSFRBuilder: [ WARNING ] discarding 3 atoms at position 21 in file /data/user/abgvg9/benchmark/files/all/ital/ital.pdb. Best match rsd_type:  GLN
core.io.pose_from_sfr.PoseFromSFRBuilder: [ WARNING ] discarding 4 atoms at position 22 in file /data/user/abgvg9/benchmark/files/all/ital/ital.pdb. Best match rsd_type:  LYS
core.io.pose_from_sfr.PoseFromSFRBuilder: [ WARNING ] discarding 1 atoms at position 23 in file /data/user/abgvg9/benchmark/files/all/ital/ital.pdb. Best match rsd_type:  ILE
core.io.pose_from_sfr.PoseFromSFRBuilder: [ WARNING ] discarding 1 atoms at position 24 in file /data/user/abgvg9/benchmark/files/all/ital/ital.pdb. Best match rsd_type:  LEU
core.io.pose_from_sfr.PoseFromSFRBuilder: [ WARNING ] discarding 1 atoms at position 25 in file /data/user/abgvg9/benchmark/files/all/ital/ital.pdb. Best match rsd_type:  ASP
core.io.pose_from_sfr.PoseFromSFRBuilder: [ WARNING ] discarding 1 atoms at position 26 in file /data/user/abgvg9/benchmark/files/all/ital/ital.pdb. Best match rsd_type:  PHE
core.io.pose_from_sfr.PoseFromSFRBuilder: [ WARNING ] discarding 1 atoms at position 27 in file /data/user/abgvg9/benchmark/files/all/ital/ital.pdb. Best match rsd_type:  MET
core.io.pose_from_sfr.PoseFromSFRBuilder: [ WARNING ] discarding 4 atoms at position 28 in file /data/user/abgvg9/benchmark/files/all/ital/ital.pdb. Best match rsd_type:  LYS
core.io.pose_from_sfr.PoseFromSFRBuilder: [ WARNING ] discarding 1 atoms at position 29 in file /data/user/abgvg9/benchmark/files/all/ital/ital.pdb. Best match rsd_type:  ASP
core.io.pose_from_sfr.PoseFromSFRBuilder: [ WARNING ] discarding 1 atoms at position 30 in file /data/user/abgvg9/benchmark/files/all/ital/ital.pdb. Best match rsd_type:  VAL
core.io.pose_from_sfr.PoseFromSFRBuilder: [ WARNING ] discarding 1 atoms at position 31 in file /data/user/abgvg9/benchmark/files/all/ital/ital.pdb. Best match rsd_type:  MET
core.io.pose_from_sfr.PoseFromSFRBuilder: [ WARNING ] discarding 4 atoms at position 32 in file /data/user/abgvg9/benchmark/files/all/ital/ital.pdb. Best match rsd_type:  LYS
core.io.pose_from_sfr.PoseFromSFRBuilder: [ WARNING ] discarding 4 atoms at position 33 in file /data/user/abgvg9/benchmark/files/all/ital/ital.pdb. Best match rsd_type:  LYS
core.io.pose_from_sfr.PoseFromSFRBuilder: [ WARNING ] discarding 1 atoms at position 34 in file /data/user/abgvg9/benchmark/files/all/ital/ital.pdb. Best match rsd_type:  LEU
core.io.pose_from_sfr.PoseFromSFRBuilder: [ WARNING ] discarding 2 atoms at position 35 in file /data/user/abgvg9/benchmark/files/all/ital/ital.pdb. Best match rsd_type:  SER
core.io.pose_from_sfr.PoseFromSFRBuilder: [ WARNING ] discarding 3 atoms at position 36 in file /data/user/abgvg9/benchmark/files/all/ital/ital.pdb. Best match rsd_type:  ASN
core.io.pose_from_sfr.PoseFromSFRBuilder: [ WARNING ] discarding 2 atoms at position 37 in file /data/user/abgvg9/benchmark/files/all/ital/ital.pdb. Best match rsd_type:  THR
core.io.pose_from_sfr.PoseFromSFRBuilder: [ WARNING ] discarding 2 atoms at position 38 in file /data/user/abgvg9/benchmark/files/all/ital/ital.pdb. Best match rsd_type:  SER
core.io.pose_from_sfr.PoseFromSFRBuilder: [ WARNING ] discarding 2 atoms at position 39 in file /data/user/abgvg9/benchmark/files/all/ital/ital.pdb. Best match rsd_type:  TYR
core.io.pose_from_sfr.PoseFromSFRBuilder: [ WARNING ] discarding 3 atoms at position 40 in file /data/user/abgvg9/benchmark/files/all/ital/ital.pdb. Best match rsd_type:  GLN
core.io.pose_from_sfr.PoseFromSFRBuilder: [ WARNING ] discarding 1 atoms at position 41 in file /data/user/abgvg9/benchmark/files/all/ital/ital.pdb. Best match rsd_type:  PHE
core.io.pose_from_sfr.PoseFromSFRBuilder: [ WARNING ] discarding 1 atoms at position 42 in file /data/user/abgvg9/benchmark/files/all/ital/ital.pdb. Best match rsd_type:  ALA
core.io.pose_from_sfr.PoseFromSFRBuilder: [ WARNING ] discarding 1 atoms at position 43 in file /data/user/abgvg9/benchmark/files/all/ital/ital.pdb. Best match rsd_type:  ALA
core.io.pose_from_sfr.PoseFromSFRBuilder: [ WARNING ] discarding 1 atoms at position 44 in file /data/user/abgvg9/benchmark/files/all/ital/ital.pdb. Best match rsd_type:  VAL
core.io.pose_from_sfr.PoseFromSFRBuilder: [ WARNING ] discarding 3 atoms at position 45 in file /data/user/abgvg9/benchmark/files/all/ital/ital.pdb. Best match rsd_type:  GLN
core.io.pose_from_sfr.PoseFromSFRBuilder: [ WARNING ] discarding 1 atoms at position 46 in file /data/user/abgvg9/benchmark/files/all/ital/ital.pdb. Best match rsd_type:  PHE
core.io.pose_from_sfr.PoseFromSFRBuilder: [ WARNING ] discarding 2 atoms at position 47 in file /data/user/abgvg9/benchmark/files/all/ital/ital.pdb. Best match rsd_type:  SER
core.io.pose_from_sfr.PoseFromSFRBuilder: [ WARNING ] discarding 2 atoms at position 48 in file /data/user/abgvg9/benchmark/files/all/ital/ital.pdb. Best match rsd_type:  THR
core.io.pose_from_sfr.PoseFromSFRBuilder: [ WARNING ] discarding 2 atoms at position 49 in file /data/user/abgvg9/benchmark/files/all/ital/ital.pdb. Best match rsd_type:  SER
core.io.pose_from_sfr.PoseFromSFRBuilder: [ WARNING ] discarding 2 atoms at position 50 in file /data/user/abgvg9/benchmark/files/all/ital/ital.pdb. Best match rsd_type:  TYR
core.io.pose_from_sfr.PoseFromSFRBuilder: [ WARNING ] discarding 4 atoms at position 51 in file /data/user/abgvg9/benchmark/files/all/ital/ital.pdb. Best match rsd_type:  LYS
core.io.pose_from_sfr.PoseFromSFRBuilder: [ WARNING ] discarding 2 atoms at position 52 in file /data/user/abgvg9/benchmark/files/all/ital/ital.pdb. Best match rsd_type:  THR
core.io.pose_from_sfr.PoseFromSFRBuilder: [ WARNING ] discarding 1 atoms at position 53 in file /data/user/abgvg9/benchmark/files/all/ital/ital.pdb. Best match rsd_type:  GLU
core.io.pose_from_sfr.PoseFromSFRBuilder: [ WARNING ] discarding 1 atoms at position 54 in file /data/user/abgvg9/benchmark/files/all/ital/ital.pdb. Best match rsd_type:  PHE
core.io.pose_from_sfr.PoseFromSFRBuilder: [ WARNING ] discarding 1 atoms at position 55 in file /data/user/abgvg9/benchmark/files/all/ital/ital.pdb. Best match rsd_type:  ASP
core.io.pose_from_sfr.PoseFromSFRBuilder: [ WARNING ] discarding 1 atoms at position 56 in file /data/user/abgvg9/benchmark/files/all/ital/ital.pdb. Best match rsd_type:  PHE
core.io.pose_from_sfr.PoseFromSFRBuilder: [ WARNING ] discarding 2 atoms at position 57 in file /data/user/abgvg9/benchmark/files/all/ital/ital.pdb. Best match rsd_type:  SER
core.io.pose_from_sfr.PoseFromSFRBuilder: [ WARNING ] discarding 1 atoms at position 58 in file /data/user/abgvg9/benchmark/files/all/ital/ital.pdb. Best match rsd_type:  ASP
core.io.pose_from_sfr.PoseFromSFRBuilder: [ WARNING ] discarding 2 atoms at position 59 in file /data/user/abgvg9/benchmark/files/all/ital/ital.pdb. Best match rsd_type:  TYR
core.io.pose_from_sfr.PoseFromSFRBuilder: [ WARNING ] discarding 1 atoms at position 60 in file /data/user/abgvg9/benchmark/files/all/ital/ital.pdb. Best match rsd_type:  VAL
core.io.pose_from_sfr.PoseFromSFRBuilder: [ WARNING ] discarding 4 atoms at position 61 in file /data/user/abgvg9/benchmark/files/all/ital/ital.pdb. Best match rsd_type:  LYS
core.io.pose_from_sfr.PoseFromSFRBuilder: [ WARNING ] discarding 6 atoms at position 62 in file /data/user/abgvg9/benchmark/files/all/ital/ital.pdb. Best match rsd_type:  ARG
core.io.pose_from_sfr.PoseFromSFRBuilder: [ WARNING ] discarding 4 atoms at position 63 in file /data/user/abgvg9/benchmark/files/all/ital/ital.pdb. Best match rsd_type:  LYS
core.io.pose_from_sfr.PoseFromSFRBuilder: [ WARNING ] discarding 1 atoms at position 64 in file /data/user/abgvg9/benchmark/files/all/ital/ital.pdb. Best match rsd_type:  ASP
core.io.pose_from_sfr.PoseFromSFRBuilder: [ WARNING ] discarding 1 atoms at position 66 in file /data/user/abgvg9/benchmark/files/all/ital/ital.pdb. Best match rsd_type:  ASP
core.io.pose_from_sfr.PoseFromSFRBuilder: [ WARNING ] discarding 1 atoms at position 67 in file /data/user/abgvg9/benchmark/files/all/ital/ital.pdb. Best match rsd_type:  ALA
core.io.pose_from_sfr.PoseFromSFRBuilder: [ WARNING ] discarding 1 atoms at position 68 in file /data/user/abgvg9/benchmark/files/all/ital/ital.pdb. Best match rsd_type:  LEU
core.io.pose_from_sfr.PoseFromSFRBuilder: [ WARNING ] discarding 1 atoms at position 69 in file /data/user/abgvg9/benchmark/files/all/ital/ital.pdb. Best match rsd_type:  LEU
core.io.pose_from_sfr.PoseFromSFRBuilder: [ WARNING ] discarding 4 atoms at position 70 in file /data/user/abgvg9/benchmark/files/all/ital/ital.pdb. Best match rsd_type:  LYS
core.io.pose_from_sfr.PoseFromSFRBuilder: [ WARNING ] discarding 2 atoms at position 71 in file /data/user/abgvg9/benchmark/files/all/ital/ital.pdb. Best match rsd_type:  HIS
core.io.pose_from_sfr.PoseFromSFRBuilder: [ WARNING ] discarding 1 atoms at position 72 in file /data/user/abgvg9/benchmark/files/all/ital/ital.pdb. Best match rsd_type:  VAL
core.io.pose_from_sfr.PoseFromSFRBuilder: [ WARNING ] discarding 4 atoms at position 73 in file /data/user/abgvg9/benchmark/files/all/ital/ital.pdb. Best match rsd_type:  LYS
core.io.pose_from_sfr.PoseFromSFRBuilder: [ WARNING ] discarding 2 atoms at position 74 in file /data/user/abgvg9/benchmark/files/all/ital/ital.pdb. Best match rsd_type:  HIS
core.io.pose_from_sfr.PoseFromSFRBuilder: [ WARNING ] discarding 1 atoms at position 75 in file /data/user/abgvg9/benchmark/files/all/ital/ital.pdb. Best match rsd_type:  MET
core.io.pose_from_sfr.PoseFromSFRBuilder: [ WARNING ] discarding 1 atoms at position 76 in file /data/user/abgvg9/benchmark/files/all/ital/ital.pdb. Best match rsd_type:  LEU
core.io.pose_from_sfr.PoseFromSFRBuilder: [ WARNING ] discarding 1 atoms at position 77 in file /data/user/abgvg9/benchmark/files/all/ital/ital.pdb. Best match rsd_type:  LEU
core.io.pose_from_sfr.PoseFromSFRBuilder: [ WARNING ] discarding 1 atoms at position 78 in file /data/user/abgvg9/benchmark/files/all/ital/ital.pdb. Best match rsd_type:  LEU
core.io.pose_from_sfr.PoseFromSFRBuilder: [ WARNING ] discarding 2 atoms at position 79 in file /data/user/abgvg9/benchmark/files/all/ital/ital.pdb. Best match rsd_type:  THR
core.io.pose_from_sfr.PoseFromSFRBuilder: [ WARNING ] discarding 3 atoms at position 80 in file /data/user/abgvg9/benchmark/files/all/ital/ital.pdb. Best match rsd_type:  ASN
core.io.pose_from_sfr.PoseFromSFRBuilder: [ WARNING ] discarding 2 atoms at position 81 in file /data/user/abgvg9/benchmark/files/all/ital/ital.pdb. Best match rsd_type:  THR
core.io.pose_from_sfr.PoseFromSFRBuilder: [ WARNING ] discarding 1 atoms at position 82 in file /data/user/abgvg9/benchmark/files/all/ital/ital.pdb. Best match rsd_type:  PHE
core.io.pose_from_sfr.PoseFromSFRBuilder: [ WARNING ] discarding 1 atoms at position 83 in file /data/user/abgvg9/benchmark/files/all/ital/ital.pdb. Best match rsd_type:  GLY
core.io.pose_from_sfr.PoseFromSFRBuilder: [ WARNING ] discarding 1 atoms at position 84 in file /data/user/abgvg9/benchmark/files/all/ital/ital.pdb. Best match rsd_type:  ALA
core.io.pose_from_sfr.PoseFromSFRBuilder: [ WARNING ] discarding 1 atoms at position 85 in file /data/user/abgvg9/benchmark/files/all/ital/ital.pdb. Best match rsd_type:  ILE
core.io.pose_from_sfr.PoseFromSFRBuilder: [ WARNING ] discarding 3 atoms at position 86 in file /data/user/abgvg9/benchmark/files/all/ital/ital.pdb. Best match rsd_type:  ASN
core.io.pose_from_sfr.PoseFromSFRBuilder: [ WARNING ] discarding 2 atoms at position 87 in file /data/user/abgvg9/benchmark/files/all/ital/ital.pdb. Best match rsd_type:  TYR
core.io.pose_from_sfr.PoseFromSFRBuilder: [ WARNING ] discarding 1 atoms at position 88 in file /data/user/abgvg9/benchmark/files/all/ital/ital.pdb. Best match rsd_type:  VAL
core.io.pose_from_sfr.PoseFromSFRBuilder: [ WARNING ] discarding 1 atoms at position 89 in file /data/user/abgvg9/benchmark/files/all/ital/ital.pdb. Best match rsd_type:  ALA
core.io.pose_from_sfr.PoseFromSFRBuilder: [ WARNING ] discarding 2 atoms at position 90 in file /data/user/abgvg9/benchmark/files/all/ital/ital.pdb. Best match rsd_type:  THR
core.io.pose_from_sfr.PoseFromSFRBuilder: [ WARNING ] discarding 1 atoms at position 91 in file /data/user/abgvg9/benchmark/files/all/ital/ital.pdb. Best match rsd_type:  GLU
core.io.pose_from_sfr.PoseFromSFRBuilder: [ WARNING ] discarding 1 atoms at position 92 in file /data/user/abgvg9/benchmark/files/all/ital/ital.pdb. Best match rsd_type:  VAL
core.io.pose_from_sfr.PoseFromSFRBuilder: [ WARNING ] discarding 1 atoms at position 93 in file /data/user/abgvg9/benchmark/files/all/ital/ital.pdb. Best match rsd_type:  PHE
core.io.pose_from_sfr.PoseFromSFRBuilder: [ WARNING ] discarding 6 atoms at position 94 in file /data/user/abgvg9/benchmark/files/all/ital/ital.pdb. Best match rsd_type:  ARG
core.io.pose_from_sfr.PoseFromSFRBuilder: [ WARNING ] discarding 1 atoms at position 95 in file /data/user/abgvg9/benchmark/files/all/ital/ital.pdb. Best match rsd_type:  GLU
core.io.pose_from_sfr.PoseFromSFRBuilder: [ WARNING ] discarding 1 atoms at position 96 in file /data/user/abgvg9/benchmark/files/all/ital/ital.pdb. Best match rsd_type:  GLU
core.io.pose_from_sfr.PoseFromSFRBuilder: [ WARNING ] discarding 1 atoms at position 97 in file /data/user/abgvg9/benchmark/files/all/ital/ital.pdb. Best match rsd_type:  LEU
core.io.pose_from_sfr.PoseFromSFRBuilder: [ WARNING ] discarding 1 atoms at position 98 in file /data/user/abgvg9/benchmark/files/all/ital/ital.pdb. Best match rsd_type:  GLY
core.io.pose_from_sfr.PoseFromSFRBuilder: [ WARNING ] discarding 1 atoms at position 99 in file /data/user/abgvg9/benchmark/files/all/ital/ital.pdb. Best match rsd_type:  ALA
core.io.pose_from_sfr.PoseFromSFRBuilder: [ WARNING ] discarding 6 atoms at position 100 in file /data/user/abgvg9/benchmark/files/all/ital/ital.pdb. Best match rsd_type:  ARG
core.io.pose_from_sfr.PoseFromSFRBuilder: [ WARNING ] discarding 1 atoms at position 102 in file /data/user/abgvg9/benchmark/files/all/ital/ital.pdb. Best match rsd_type:  ASP
core.io.pose_from_sfr.PoseFromSFRBuilder: [ WARNING ] discarding 1 atoms at position 103 in file /data/user/abgvg9/benchmark/files/all/ital/ital.pdb. Best match rsd_type:  ALA
core.io.pose_from_sfr.PoseFromSFRBuilder: [ WARNING ] discarding 2 atoms at position 104 in file /data/user/abgvg9/benchmark/files/all/ital/ital.pdb. Best match rsd_type:  THR
core.io.pose_from_sfr.PoseFromSFRBuilder: [ WARNING ] discarding 4 atoms at position 105 in file /data/user/abgvg9/benchmark/files/all/ital/ital.pdb. Best match rsd_type:  LYS
core.io.pose_from_sfr.PoseFromSFRBuilder: [ WARNING ] discarding 1 atoms at position 106 in file /data/user/abgvg9/benchmark/files/all/ital/ital.pdb. Best match rsd_type:  VAL
core.io.pose_from_sfr.PoseFromSFRBuilder: [ WARNING ] discarding 1 atoms at position 107 in file /data/user/abgvg9/benchmark/files/all/ital/ital.pdb. Best match rsd_type:  LEU
core.io.pose_from_sfr.PoseFromSFRBuilder: [ WARNING ] discarding 1 atoms at position 108 in file /data/user/abgvg9/benchmark/files/all/ital/ital.pdb. Best match rsd_type:  ILE
core.io.pose_from_sfr.PoseFromSFRBuilder: [ WARNING ] discarding 1 atoms at position 109 in file /data/user/abgvg9/benchmark/files/all/ital/ital.pdb. Best match rsd_type:  ILE
core.io.pose_from_sfr.PoseFromSFRBuilder: [ WARNING ] discarding 1 atoms at position 110 in file /data/user/abgvg9/benchmark/files/all/ital/ital.pdb. Best match rsd_type:  ILE
core.io.pose_from_sfr.PoseFromSFRBuilder: [ WARNING ] discarding 2 atoms at position 111 in file /data/user/abgvg9/benchmark/files/all/ital/ital.pdb. Best match rsd_type:  THR
core.io.pose_from_sfr.PoseFromSFRBuilder: [ WARNING ] discarding 1 atoms at position 112 in file /data/user/abgvg9/benchmark/files/all/ital/ital.pdb. Best match rsd_type:  ASP
core.io.pose_from_sfr.PoseFromSFRBuilder: [ WARNING ] discarding 1 atoms at position 113 in file /data/user/abgvg9/benchmark/files/all/ital/ital.pdb. Best match rsd_type:  GLY
core.io.pose_from_sfr.PoseFromSFRBuilder: [ WARNING ] discarding 1 atoms at position 114 in file /data/user/abgvg9/benchmark/files/all/ital/ital.pdb. Best match rsd_type:  GLU
core.io.pose_from_sfr.PoseFromSFRBuilder: [ WARNING ] discarding 1 atoms at position 115 in file /data/user/abgvg9/benchmark/files/all/ital/ital.pdb. Best match rsd_type:  ALA
core.io.pose_from_sfr.PoseFromSFRBuilder: [ WARNING ] discarding 2 atoms at position 116 in file /data/user/abgvg9/benchmark/files/all/ital/ital.pdb. Best match rsd_type:  THR
core.io.pose_from_sfr.PoseFromSFRBuilder: [ WARNING ] discarding 1 atoms at position 117 in file /data/user/abgvg9/benchmark/files/all/ital/ital.pdb. Best match rsd_type:  ASP
core.io.pose_from_sfr.PoseFromSFRBuilder: [ WARNING ] discarding 2 atoms at position 118 in file /data/user/abgvg9/benchmark/files/all/ital/ital.pdb. Best match rsd_type:  SER
core.io.pose_from_sfr.PoseFromSFRBuilder: [ WARNING ] discarding 1 atoms at position 119 in file /data/user/abgvg9/benchmark/files/all/ital/ital.pdb. Best match rsd_type:  GLY
core.io.pose_from_sfr.PoseFromSFRBuilder: [ WARNING ] discarding 3 atoms at position 120 in file /data/user/abgvg9/benchmark/files/all/ital/ital.pdb. Best match rsd_type:  ASN
core.io.pose_from_sfr.PoseFromSFRBuilder: [ WARNING ] discarding 1 atoms at position 121 in file /data/user/abgvg9/benchmark/files/all/ital/ital.pdb. Best match rsd_type:  ILE
core.io.pose_from_sfr.PoseFromSFRBuilder: [ WARNING ] discarding 1 atoms at position 122 in file /data/user/abgvg9/benchmark/files/all/ital/ital.pdb. Best match rsd_type:  ASP
core.io.pose_from_sfr.PoseFromSFRBuilder: [ WARNING ] discarding 1 atoms at position 123 in file /data/user/abgvg9/benchmark/files/all/ital/ital.pdb. Best match rsd_type:  ALA
core.io.pose_from_sfr.PoseFromSFRBuilder: [ WARNING ] discarding 1 atoms at position 124 in file /data/user/abgvg9/benchmark/files/all/ital/ital.pdb. Best match rsd_type:  ALA
core.io.pose_from_sfr.PoseFromSFRBuilder: [ WARNING ] discarding 4 atoms at position 125 in file /data/user/abgvg9/benchmark/files/all/ital/ital.pdb. Best match rsd_type:  LYS
core.io.pose_from_sfr.PoseFromSFRBuilder: [ WARNING ] discarding 1 atoms at position 126 in file /data/user/abgvg9/benchmark/files/all/ital/ital.pdb. Best match rsd_type:  ASP
core.io.pose_from_sfr.PoseFromSFRBuilder: [ WARNING ] discarding 1 atoms at position 127 in file /data/user/abgvg9/benchmark/files/all/ital/ital.pdb. Best match rsd_type:  ILE
core.io.pose_from_sfr.PoseFromSFRBuilder: [ WARNING ] discarding 1 atoms at position 128 in file /data/user/abgvg9/benchmark/files/all/ital/ital.pdb. Best match rsd_type:  ILE
core.io.pose_from_sfr.PoseFromSFRBuilder: [ WARNING ] discarding 6 atoms at position 129 in file /data/user/abgvg9/benchmark/files/all/ital/ital.pdb. Best match rsd_type:  ARG
core.io.pose_from_sfr.PoseFromSFRBuilder: [ WARNING ] discarding 2 atoms at position 130 in file /data/user/abgvg9/benchmark/files/all/ital/ital.pdb. Best match rsd_type:  TYR
core.io.pose_from_sfr.PoseFromSFRBuilder: [ WARNING ] discarding 1 atoms at position 131 in file /data/user/abgvg9/benchmark/files/all/ital/ital.pdb. Best match rsd_type:  ILE
core.io.pose_from_sfr.PoseFromSFRBuilder: [ WARNING ] discarding 1 atoms at position 132 in file /data/user/abgvg9/benchmark/files/all/ital/ital.pdb. Best match rsd_type:  ILE
core.io.pose_from_sfr.PoseFromSFRBuilder: [ WARNING ] discarding 1 atoms at position 133 in file /data/user/abgvg9/benchmark/files/all/ital/ital.pdb. Best match rsd_type:  GLY
core.io.pose_from_sfr.PoseFromSFRBuilder: [ WARNING ] discarding 1 atoms at position 134 in file /data/user/abgvg9/benchmark/files/all/ital/ital.pdb. Best match rsd_type:  ILE
core.io.pose_from_sfr.PoseFromSFRBuilder: [ WARNING ] discarding 1 atoms at position 135 in file /data/user/abgvg9/benchmark/files/all/ital/ital.pdb. Best match rsd_type:  GLY
core.io.pose_from_sfr.PoseFromSFRBuilder: [ WARNING ] discarding 4 atoms at position 136 in file /data/user/abgvg9/benchmark/files/all/ital/ital.pdb. Best match rsd_type:  LYS
core.io.pose_from_sfr.PoseFromSFRBuilder: [ WARNING ] discarding 2 atoms at position 137 in file /data/user/abgvg9/benchmark/files/all/ital/ital.pdb. Best match rsd_type:  HIS
core.io.pose_from_sfr.PoseFromSFRBuilder: [ WARNING ] discarding 1 atoms at position 138 in file /data/user/abgvg9/benchmark/files/all/ital/ital.pdb. Best match rsd_type:  PHE
core.io.pose_from_sfr.PoseFromSFRBuilder: [ WARNING ] discarding 3 atoms at position 139 in file /data/user/abgvg9/benchmark/files/all/ital/ital.pdb. Best match rsd_type:  GLN
core.io.pose_from_sfr.PoseFromSFRBuilder: [ WARNING ] discarding 2 atoms at position 140 in file /data/user/abgvg9/benchmark/files/all/ital/ital.pdb. Best match rsd_type:  THR
core.io.pose_from_sfr.PoseFromSFRBuilder: [ WARNING ] discarding 4 atoms at position 141 in file /data/user/abgvg9/benchmark/files/all/ital/ital.pdb. Best match rsd_type:  LYS
core.io.pose_from_sfr.PoseFromSFRBuilder: [ WARNING ] discarding 1 atoms at position 142 in file /data/user/abgvg9/benchmark/files/all/ital/ital.pdb. Best match rsd_type:  GLU
core.io.pose_from_sfr.PoseFromSFRBuilder: [ WARNING ] discarding 2 atoms at position 143 in file /data/user/abgvg9/benchmark/files/all/ital/ital.pdb. Best match rsd_type:  SER
core.io.pose_from_sfr.PoseFromSFRBuilder: [ WARNING ] discarding 3 atoms at position 144 in file /data/user/abgvg9/benchmark/files/all/ital/ital.pdb. Best match rsd_type:  GLN
core.io.pose_from_sfr.PoseFromSFRBuilder: [ WARNING ] discarding 1 atoms at position 145 in file /data/user/abgvg9/benchmark/files/all/ital/ital.pdb. Best match rsd_type:  GLU
core.io.pose_from_sfr.PoseFromSFRBuilder: [ WARNING ] discarding 2 atoms at position 146 in file /data/user/abgvg9/benchmark/files/all/ital/ital.pdb. Best match rsd_type:  THR
core.io.pose_from_sfr.PoseFromSFRBuilder: [ WARNING ] discarding 1 atoms at position 147 in file /data/user/abgvg9/benchmark/files/all/ital/ital.pdb. Best match rsd_type:  LEU
core.io.pose_from_sfr.PoseFromSFRBuilder: [ WARNING ] discarding 2 atoms at position 148 in file /data/user/abgvg9/benchmark/files/all/ital/ital.pdb. Best match rsd_type:  HIS
core.io.pose_from_sfr.PoseFromSFRBuilder: [ WARNING ] discarding 4 atoms at position 149 in file /data/user/abgvg9/benchmark/files/all/ital/ital.pdb. Best match rsd_type:  LYS
core.io.pose_from_sfr.PoseFromSFRBuilder: [ WARNING ] discarding 1 atoms at position 150 in file /data/user/abgvg9/benchmark/files/all/ital/ital.pdb. Best match rsd_type:  PHE
core.io.pose_from_sfr.PoseFromSFRBuilder: [ WARNING ] discarding 1 atoms at position 151 in file /data/user/abgvg9/benchmark/files/all/ital/ital.pdb. Best match rsd_type:  ALA
core.io.pose_from_sfr.PoseFromSFRBuilder: [ WARNING ] discarding 2 atoms at position 152 in file /data/user/abgvg9/benchmark/files/all/ital/ital.pdb. Best match rsd_type:  SER
core.io.pose_from_sfr.PoseFromSFRBuilder: [ WARNING ] discarding 4 atoms at position 153 in file /data/user/abgvg9/benchmark/files/all/ital/ital.pdb. Best match rsd_type:  LYS
core.io.pose_from_sfr.PoseFromSFRBuilder: [ WARNING ] discarding 1 atoms at position 155 in file /data/user/abgvg9/benchmark/files/all/ital/ital.pdb. Best match rsd_type:  ALA
core.io.pose_from_sfr.PoseFromSFRBuilder: [ WARNING ] discarding 2 atoms at position 156 in file /data/user/abgvg9/benchmark/files/all/ital/ital.pdb. Best match rsd_type:  SER
core.io.pose_from_sfr.PoseFromSFRBuilder: [ WARNING ] discarding 1 atoms at position 157 in file /data/user/abgvg9/benchmark/files/all/ital/ital.pdb. Best match rsd_type:  GLU
core.io.pose_from_sfr.PoseFromSFRBuilder: [ WARNING ] discarding 1 atoms at position 158 in file /data/user/abgvg9/benchmark/files/all/ital/ital.pdb. Best match rsd_type:  PHE
core.io.pose_from_sfr.PoseFromSFRBuilder: [ WARNING ] discarding 1 atoms at position 159 in file /data/user/abgvg9/benchmark/files/all/ital/ital.pdb. Best match rsd_type:  VAL
core.io.pose_from_sfr.PoseFromSFRBuilder: [ WARNING ] discarding 4 atoms at position 160 in file /data/user/abgvg9/benchmark/files/all/ital/ital.pdb. Best match rsd_type:  LYS
core.io.pose_from_sfr.PoseFromSFRBuilder: [ WARNING ] discarding 1 atoms at position 161 in file /data/user/abgvg9/benchmark/files/all/ital/ital.pdb. Best match rsd_type:  ILE
core.io.pose_from_sfr.PoseFromSFRBuilder: [ WARNING ] discarding 1 atoms at position 162 in file /data/user/abgvg9/benchmark/files/all/ital/ital.pdb. Best match rsd_type:  LEU
core.io.pose_from_sfr.PoseFromSFRBuilder: [ WARNING ] discarding 1 atoms at position 163 in file /data/user/abgvg9/benchmark/files/all/ital/ital.pdb. Best match rsd_type:  ASP
core.io.pose_from_sfr.PoseFromSFRBuilder: [ WARNING ] discarding 2 atoms at position 164 in file /data/user/abgvg9/benchmark/files/all/ital/ital.pdb. Best match rsd_type:  THR
core.io.pose_from_sfr.PoseFromSFRBuilder: [ WARNING ] discarding 1 atoms at position 165 in file /data/user/abgvg9/benchmark/files/all/ital/ital.pdb. Best match rsd_type:  PHE
core.io.pose_from_sfr.PoseFromSFRBuilder: [ WARNING ] discarding 1 atoms at position 166 in file /data/user/abgvg9/benchmark/files/all/ital/ital.pdb. Best match rsd_type:  GLU
core.io.pose_from_sfr.PoseFromSFRBuilder: [ WARNING ] discarding 4 atoms at position 167 in file /data/user/abgvg9/benchmark/files/all/ital/ital.pdb. Best match rsd_type:  LYS
core.io.pose_from_sfr.PoseFromSFRBuilder: [ WARNING ] discarding 1 atoms at position 168 in file /data/user/abgvg9/benchmark/files/all/ital/ital.pdb. Best match rsd_type:  LEU
core.io.pose_from_sfr.PoseFromSFRBuilder: [ WARNING ] discarding 4 atoms at position 169 in file /data/user/abgvg9/benchmark/files/all/ital/ital.pdb. Best match rsd_type:  LYS
core.io.pose_from_sfr.PoseFromSFRBuilder: [ WARNING ] discarding 1 atoms at position 170 in file /data/user/abgvg9/benchmark/files/all/ital/ital.pdb. Best match rsd_type:  ASP
core.io.pose_from_sfr.PoseFromSFRBuilder: [ WARNING ] discarding 1 atoms at position 171 in file /data/user/abgvg9/benchmark/files/all/ital/ital.pdb. Best match rsd_type:  LEU
core.io.pose_from_sfr.PoseFromSFRBuilder: [ WARNING ] discarding 1 atoms at position 172 in file /data/user/abgvg9/benchmark/files/all/ital/ital.pdb. Best match rsd_type:  PHE
core.io.pose_from_sfr.PoseFromSFRBuilder: [ WARNING ] discarding 2 atoms at position 173 in file /data/user/abgvg9/benchmark/files/all/ital/ital.pdb. Best match rsd_type:  THR
core.io.pose_from_sfr.PoseFromSFRBuilder: [ WARNING ] discarding 1 atoms at position 174 in file /data/user/abgvg9/benchmark/files/all/ital/ital.pdb. Best match rsd_type:  GLU
core.io.pose_from_sfr.PoseFromSFRBuilder: [ WARNING ] discarding 1 atoms at position 175 in file /data/user/abgvg9/benchmark/files/all/ital/ital.pdb. Best match rsd_type:  LEU
core.io.pose_from_sfr.PoseFromSFRBuilder: [ WARNING ] discarding 3 atoms at position 176 in file /data/user/abgvg9/benchmark/files/all/ital/ital.pdb. Best match rsd_type:  GLN
core.io.pose_from_sfr.PoseFromSFRBuilder: [ WARNING ] discarding 4 atoms at position 177 in file /data/user/abgvg9/benchmark/files/all/ital/ital.pdb. Best match rsd_type:  LYS
core.io.pose_from_sfr.PoseFromSFRBuilder: [ WARNING ] discarding 4 atoms at position 178 in file /data/user/abgvg9/benchmark/files/all/ital/ital.pdb. Best match rsd_type:  LYS
core.io.pose_from_sfr.PoseFromSFRBuilder: [ WARNING ] discarding 1 atoms at position 179 in file /data/user/abgvg9/benchmark/files/all/ital/ital.pdb. Best match rsd_type:  ILE:CtermProteinFull
core.conformation.Conformation: [ WARNING ] missing heavyatom:  OXT on residue ILE:CtermProteinFull 179
LDS_app: Making LigandDiscoverySearch object
core.scoring.etable: Starting energy table calculation
core.scoring.etable: smooth_etable: changing atr/rep split to bottom of energy well
core.scoring.etable: smooth_etable: spline smoothing lj etables (maxdis = 6)
core.scoring.etable: smooth_etable: spline smoothing solvation etables (max_dis = 6)
core.scoring.etable: Finished calculating energy tables.
basic.io.database: Database file opened: scoring/score_functions/PairEPotential/pdb_pair_stats_fine
basic.io.database: Database file opened: scoring/score_functions/hbonds/ref2015_params/HBPoly1D.csv
basic.io.database: Database file opened: scoring/score_functions/hbonds/ref2015_params/HBFadeIntervals.csv
basic.io.database: Database file opened: scoring/score_functions/hbonds/ref2015_params/HBEval.csv
basic.io.database: Database file opened: scoring/score_functions/hbonds/ref2015_params/DonStrength.csv
basic.io.database: Database file opened: scoring/score_functions/hbonds/ref2015_params/AccStrength.csv
basic.io.database: Database file opened: scoring/score_functions/P_AA_pp/P_AA
basic.io.database: Database file opened: scoring/score_functions/P_AA_pp/P_AA_n
core.scoring.P_AA: shapovalov_lib::shap_p_aa_pp_smooth_level of 1( aka low_smooth ) got activated.
basic.io.database: Database file opened: scoring/score_functions/P_AA_pp/shapovalov/10deg/kappa131/a20.prop
basic.io.database: Database file opened: scoring/score_functions/omega/omega_ppdep.all.txt
basic.io.database: Database file opened: scoring/score_functions/omega/omega_ppdep.gly.txt
basic.io.database: Database file opened: scoring/score_functions/omega/omega_ppdep.pro.txt
basic.io.database: Database file opened: scoring/score_functions/omega/omega_ppdep.valile.txt
LDS_app: Running discovery for ital
protocols.ligand_docking.ligand_options.Protocol: Initializing options: 
protocols.ligand_docking.ligand_options.Protocol: allow_minimization_: 1
protocols.ligand_docking.ligand_options.Protocol: allow_repacking_: 1
protocols.ligand_docking.ligand_options.Protocol: all_residues_: 0
LigandDiscoverySearch.discover: Current anchor residue position: 175
LigandDiscoverySearch.create_protein_matrix_space_fill: binding_pocket_dimensions: 10,10,10
LigandDiscoverySearch.create_protein_matrix_space_fill: binding_pocket_dimensions: 5,6,5
LigandDiscoverySearch.create_protein_matrix_space_fill: Sub-region stats without placed region, bound by adjusted coordinates: x(4->14) y(12->24) z(22->32)
LigandDiscoverySearch.discover: Starting to iterate through all ligands
LigandDiscoverySearch.discover: On ligand +
basic.io.database: [ WARNING ] Unable to locate database file chemical/pdb_components/components.c.cif
basic.io.database: [ WARNING ] Unable to locate database file chemical/pdb_components/components.c.cif.gz
core.chemical.GlobalResidueTypeSet: [ WARNING ] Could not find: 'cry' in pdb components files! Skipping residue...
core.pack.task: Packer task: initialize from command line() 
core.pack.task: Packer task: initialize from command line() 
core.pack.task: Packer task: initialize from command line() 
protocols.moves.MonteCarlo: MonteCarlo:: last_accepted_score,lowest_score: -711.744 -711.744
basic.io.database: Database file opened: scoring/score_functions/elec_cp_reps.dat
core.scoring.elec.util: Read 40 countpair representative atoms
core.pack.dunbrack.RotamerLibrary: shapovalov_lib_fixes_enable option is true.
core.pack.dunbrack.RotamerLibrary: shapovalov_lib::shap_dun10_smooth_level of 1( aka lowest_smooth ) got activated.
core.pack.dunbrack.RotamerLibrary: Binary rotamer library selected: /scratch/abgvg9/rosetta_may_for_checkin/rosetta/database/rotamer/shapovalov/StpDwn_0-0-0/Dunbrack10.lib.bin
core.pack.dunbrack.RotamerLibrary: Using Dunbrack library binary file '/scratch/abgvg9/rosetta_may_for_checkin/rosetta/database/rotamer/shapovalov/StpDwn_0-0-0/Dunbrack10.lib.bin'.
core.pack.dunbrack.RotamerLibrary: Dunbrack 2010 library took 0.13 seconds to load from binary
protocols.motifs.Motif: Res1 name is VAL
protocols.motifs.Motif: atom1 name is aroC
protocols.motifs.Motif: atom2 name is COO
protocols.motifs.Motif: atom3 name is Nhis
protocols.motifs.Motif: Res1 name is LEU
protocols.motifs.Motif: atom1 name is aroC
protocols.motifs.Motif: atom2 name is aroC
protocols.motifs.Motif: atom3 name is aroC
protocols.motifs.Motif: Res1 name is TYR
protocols.motifs.Motif: atom1 name is CH1
protocols.motifs.Motif: atom2 name is CH2
protocols.motifs.Motif: atom3 name is Ntrp
protocols.motifs.Motif: Res1 name is VAL
protocols.motifs.Motif: atom1 name is Npro
protocols.motifs.Motif: atom2 name is COO
protocols.motifs.Motif: atom3 name is ONH2
protocols.motifs.Motif: Res1 name is ILE
protocols.motifs.Motif: atom1 name is aroC
protocols.motifs.Motif: atom2 name is aroC
protocols.motifs.Motif: atom3 name is aroC
protocols.motifs.Motif: Res1 name is ILE
protocols.motifs.Motif: atom1 name is aroC
protocols.motifs.Motif: atom2 name is aroC
protocols.motifs.Motif: atom3 name is S
protocols.motifs.Motif: Res1 name is TYR
protocols.motifs.Motif: atom1 name is Npro
protocols.motifs.Motif: atom2 name is COO
protocols.motifs.Motif: atom3 name is ONH2
protocols.motifs.Motif: Res1 name is ILE
protocols.motifs.Motif: atom1 name is aroC
protocols.motifs.Motif: atom2 name is aroC
protocols.motifs.Motif: atom3 name is Cl
protocols.motifs.Motif: Res1 name is LYS
protocols.motifs.Motif: atom1 name is aroC
protocols.motifs.Motif: atom2 name is aroC
protocols.motifs.Motif: atom3 name is Cl
protocols.motifs.Motif: Res1 name is LEU
protocols.motifs.Motif: atom1 name is Npro
protocols.motifs.Motif: atom2 name is COO
protocols.motifs.Motif: atom3 name is ONH2
protocols.motifs.Motif: Res1 name is ILE
protocols.motifs.Motif: atom1 name is aroC
protocols.motifs.Motif: atom2 name is COO
protocols.motifs.Motif: atom3 name is Nhis
core.pack.task: Packer task: initialize from command line() 
core.pack.task: Packer task: initialize from command line() 
core.pack.task: Packer task: initialize from command line() 
protocols.moves.MonteCarlo: MonteCarlo:: last_accepted_score,lowest_score: -711.454 -711.704
protocols.motifs.Motif: Res1 name is VAL
protocols.motifs.Motif: atom1 name is aroC
protocols.motifs.Motif: atom2 name is aroC
protocols.motifs.Motif: atom3 name is Cl
protocols.motifs.Motif: Res1 name is LEU
protocols.motifs.Motif: atom1 name is aroC
protocols.motifs.Motif: atom2 name is aroC
protocols.motifs.Motif: atom3 name is aroC
protocols.motifs.Motif: Res1 name is TYR
protocols.motifs.Motif: atom1 name is CH1
protocols.motifs.Motif: atom2 name is CH2
protocols.motifs.Motif: atom3 name is Ntrp
protocols.motifs.Motif: Res1 name is VAL
protocols.motifs.Motif: atom1 name is Npro
protocols.motifs.Motif: atom2 name is COO
protocols.motifs.Motif: atom3 name is ONH2
protocols.motifs.Motif: Res1 name is ILE
protocols.motifs.Motif: atom1 name is aroC
protocols.motifs.Motif: atom2 name is aroC
protocols.motifs.Motif: atom3 name is aroC
protocols.motifs.Motif: Res1 name is ILE
protocols.motifs.Motif: atom1 name is aroC
protocols.motifs.Motif: atom2 name is aroC
protocols.motifs.Motif: atom3 name is S
protocols.motifs.Motif: Res1 name is TYR
protocols.motifs.Motif: atom1 name is Npro
protocols.motifs.Motif: atom2 name is COO
protocols.motifs.Motif: atom3 name is ONH2
protocols.motifs.Motif: Res1 name is LEU
protocols.motifs.Motif: atom1 name is aroC
protocols.motifs.Motif: atom2 name is aroC
protocols.motifs.Motif: atom3 name is aroC
protocols.motifs.Motif: Res1 name is ILE
protocols.motifs.Motif: atom1 name is aroC
protocols.motifs.Motif: atom2 name is COO
protocols.motifs.Motif: atom3 name is Nhis
core.pack.task: Packer task: initialize from command line() 
core.pack.task: Packer task: initialize from command line() 
core.pack.task: Packer task: initialize from command line() 
protocols.moves.MonteCarlo: MonteCarlo:: last_accepted_score,lowest_score: -683.81 -683.81
protocols.motifs.Motif: Res1 name is LEU
protocols.motifs.Motif: atom1 name is aroC
protocols.motifs.Motif: atom2 name is aroC
protocols.motifs.Motif: atom3 name is S
protocols.motifs.Motif: Res1 name is PHE
protocols.motifs.Motif: atom1 name is OOC
protocols.motifs.Motif: atom2 name is COO
protocols.motifs.Motif: atom3 name is OOC
protocols.motifs.Motif: Res1 name is PHE
protocols.motifs.Motif: atom1 name is OOC
protocols.motifs.Motif: atom2 name is COO
protocols.motifs.Motif: atom3 name is OOC
protocols.motifs.Motif: Res1 name is VAL
protocols.motifs.Motif: atom1 name is aroC
protocols.motifs.Motif: atom2 name is aroC
protocols.motifs.Motif: atom3 name is S
protocols.motifs.Motif: Res1 name is TYR
protocols.motifs.Motif: atom1 name is Npro
protocols.motifs.Motif: atom2 name is COO
protocols.motifs.Motif: atom3 name is ONH2
protocols.motifs.Motif: Res1 name is ILE
protocols.motifs.Motif: atom1 name is OOC
protocols.motifs.Motif: atom2 name is COO
protocols.motifs.Motif: atom3 name is OOC
protocols.motifs.Motif: Res1 name is TYR
protocols.motifs.Motif: atom1 name is Npro
protocols.motifs.Motif: atom2 name is COO
protocols.motifs.Motif: atom3 name is ONH2
protocols.motifs.Motif: Res1 name is LEU
protocols.motifs.Motif: atom1 name is aroC
protocols.motifs.Motif: atom2 name is CH2
protocols.motifs.Motif: atom3 name is Ntrp
protocols.motifs.Motif: Res1 name is LYS
protocols.motifs.Motif: atom1 name is aroC
protocols.motifs.Motif: atom2 name is aroC
protocols.motifs.Motif: atom3 name is CH1
core.pack.task: Packer task: initialize from command line() 
core.pack.task: Packer task: initialize from command line() 
core.pack.task: Packer task: initialize from command line() 
protocols.moves.MonteCarlo: MonteCarlo:: last_accepted_score,lowest_score: 1482.77 1482.77
protocols.motifs.Motif: Res1 name is LEU
protocols.motifs.Motif: atom1 name is CH3
protocols.motifs.Motif: atom2 name is Npro
protocols.motifs.Motif: atom3 name is COO
protocols.motifs.Motif: Res1 name is PHE
protocols.motifs.Motif: atom1 name is aroC
protocols.motifs.Motif: atom2 name is COO
protocols.motifs.Motif: atom3 name is Nhis
protocols.motifs.Motif: Res1 name is VAL
protocols.motifs.Motif: atom1 name is aroC
protocols.motifs.Motif: atom2 name is aroC
protocols.motifs.Motif: atom3 name is aroC
protocols.motifs.Motif: Res1 name is LYS
protocols.motifs.Motif: atom1 name is aroC
protocols.motifs.Motif: atom2 name is aroC
protocols.motifs.Motif: atom3 name is aroC
protocols.motifs.Motif: Res1 name is LEU
protocols.motifs.Motif: atom1 name is aroC
protocols.motifs.Motif: atom2 name is aroC
protocols.motifs.Motif: atom3 name is Cl
protocols.motifs.Motif: Res1 name is TYR
protocols.motifs.Motif: atom1 name is aroC
protocols.motifs.Motif: atom2 name is aroC
protocols.motifs.Motif: atom3 name is S
protocols.motifs.Motif: Res1 name is PHE
protocols.motifs.Motif: atom1 name is Npro
protocols.motifs.Motif: atom2 name is COO
protocols.motifs.Motif: atom3 name is ONH2
protocols.motifs.Motif: Res1 name is PHE
protocols.motifs.Motif: atom1 name is aroC
protocols.motifs.Motif: atom2 name is aroC
protocols.motifs.Motif: atom3 name is Cl
protocols.motifs.Motif: Res1 name is LEU
protocols.motifs.Motif: atom1 name is aroC
protocols.motifs.Motif: atom2 name is aroC
protocols.motifs.Motif: atom3 name is aroC
protocols.motifs.Motif: Res1 name is ILE
protocols.motifs.Motif: atom1 name is Npro
protocols.motifs.Motif: atom2 name is COO
protocols.motifs.Motif: atom3 name is ONH2
core.pack.task: Packer task: initialize from command line() 
core.pack.task: Packer task: initialize from command line() 
core.pack.task: Packer task: initialize from command line() 
protocols.moves.MonteCarlo: MonteCarlo:: last_accepted_score,lowest_score: -481.885 -481.885
protocols.motifs.Motif: Res1 name is LEU
protocols.motifs.Motif: atom1 name is Npro
protocols.motifs.Motif: atom2 name is COO
protocols.motifs.Motif: atom3 name is ONH2
protocols.motifs.Motif: Res1 name is PHE
protocols.motifs.Motif: atom1 name is aroC
protocols.motifs.Motif: atom2 name is aroC
protocols.motifs.Motif: atom3 name is Cl
protocols.motifs.Motif: Res1 name is VAL
protocols.motifs.Motif: atom1 name is aroC
protocols.motifs.Motif: atom2 name is aroC
protocols.motifs.Motif: atom3 name is Cl
protocols.motifs.Motif: Res1 name is LEU
protocols.motifs.Motif: atom1 name is aroC
protocols.motifs.Motif: atom2 name is aroC
protocols.motifs.Motif: atom3 name is Cl
protocols.motifs.Motif: Res1 name is TYR
protocols.motifs.Motif: atom1 name is Npro
protocols.motifs.Motif: atom2 name is COO
protocols.motifs.Motif: atom3 name is ONH2
protocols.motifs.Motif: Res1 name is PHE
protocols.motifs.Motif: atom1 name is aroC
protocols.motifs.Motif: atom2 name is aroC
protocols.motifs.Motif: atom3 name is Cl
protocols.motifs.Motif: Res1 name is VAL
protocols.motifs.Motif: atom1 name is CH3
protocols.motifs.Motif: atom2 name is Npro
protocols.motifs.Motif: atom3 name is COO
protocols.motifs.Motif: Res1 name is ILE
protocols.motifs.Motif: atom1 name is Npro
protocols.motifs.Motif: atom2 name is COO
protocols.motifs.Motif: atom3 name is ONH2
protocols.motifs.Motif: Res1 name is LEU
protocols.motifs.Motif: atom1 name is aroC
protocols.motifs.Motif: atom2 name is aroC
protocols.motifs.Motif: atom3 name is aroC
protocols.motifs.Motif: Res1 name is ILE
protocols.motifs.Motif: atom1 name is aroC
protocols.motifs.Motif: atom2 name is aroC
protocols.motifs.Motif: atom3 name is CH1
core.pack.task: Packer task: initialize from command line() 
core.pack.task: Packer task: initialize from command line() 
core.pack.task: Packer task: initialize from command line() 
protocols.moves.MonteCarlo: MonteCarlo:: last_accepted_score,lowest_score: -710.67 -710.67
protocols.motifs.Motif: Res1 name is VAL
protocols.motifs.Motif: atom1 name is aroC
protocols.motifs.Motif: atom2 name is COO
protocols.motifs.Motif: atom3 name is Nhis
protocols.motifs.Motif: Res1 name is LEU
protocols.motifs.Motif: atom1 name is aroC
protocols.motifs.Motif: atom2 name is aroC
protocols.motifs.Motif: atom3 name is aroC
protocols.motifs.Motif: Res1 name is TYR
protocols.motifs.Motif: atom1 name is CH1
protocols.motifs.Motif: atom2 name is CH2
protocols.motifs.Motif: atom3 name is Ntrp
protocols.motifs.Motif: Res1 name is VAL
protocols.motifs.Motif: atom1 name is Npro
protocols.motifs.Motif: atom2 name is COO
protocols.motifs.Motif: atom3 name is ONH2
protocols.motifs.Motif: Res1 name is ILE
protocols.motifs.Motif: atom1 name is aroC
protocols.motifs.Motif: atom2 name is aroC
protocols.motifs.Motif: atom3 name is aroC
protocols.motifs.Motif: Res1 name is ILE
protocols.motifs.Motif: atom1 name is aroC
protocols.motifs.Motif: atom2 name is aroC
protocols.motifs.Motif: atom3 name is S
protocols.motifs.Motif: Res1 name is TYR
protocols.motifs.Motif: atom1 name is Npro
protocols.motifs.Motif: atom2 name is COO
protocols.motifs.Motif: atom3 name is ONH2
protocols.motifs.Motif: Res1 name is ILE
protocols.motifs.Motif: atom1 name is aroC
protocols.motifs.Motif: atom2 name is aroC
protocols.motifs.Motif: atom3 name is Cl
protocols.motifs.Motif: Res1 name is LYS
protocols.motifs.Motif: atom1 name is aroC
protocols.motifs.Motif: atom2 name is aroC
protocols.motifs.Motif: atom3 name is Cl
protocols.motifs.Motif: Res1 name is LEU
protocols.motifs.Motif: atom1 name is Npro
protocols.motifs.Motif: atom2 name is COO
protocols.motifs.Motif: atom3 name is ONH2
protocols.motifs.Motif: Res1 name is LYS
protocols.motifs.Motif: atom1 name is CH3
protocols.motifs.Motif: atom2 name is Npro
protocols.motifs.Motif: atom3 name is COO
protocols.motifs.Motif: Res1 name is ILE
protocols.motifs.Motif: atom1 name is aroC
protocols.motifs.Motif: atom2 name is aroC
protocols.motifs.Motif: atom3 name is aroC
core.pack.task: Packer task: initialize from command line() 
core.pack.task: Packer task: initialize from command line() 
core.pack.task: Packer task: initialize from command line() 
protocols.moves.MonteCarlo: MonteCarlo:: last_accepted_score,lowest_score: -683.032 -683.032
protocols.motifs.Motif: Res1 name is LEU
protocols.motifs.Motif: atom1 name is aroC
protocols.motifs.Motif: atom2 name is aroC
protocols.motifs.Motif: atom3 name is aroC
protocols.motifs.Motif: Res1 name is TYR
protocols.motifs.Motif: atom1 name is aroC
protocols.motifs.Motif: atom2 name is aroC
protocols.motifs.Motif: atom3 name is aroC
protocols.motifs.Motif: Res1 name is THR
protocols.motifs.Motif: atom1 name is aroC
protocols.motifs.Motif: atom2 name is aroC
protocols.motifs.Motif: atom3 name is S
protocols.motifs.Motif: Res1 name is VAL
protocols.motifs.Motif: atom1 name is aroC
protocols.motifs.Motif: atom2 name is aroC
protocols.motifs.Motif: atom3 name is aroC
protocols.motifs.Motif: Res1 name is ILE
protocols.motifs.Motif: atom1 name is aroC
protocols.motifs.Motif: atom2 name is aroC
protocols.motifs.Motif: atom3 name is Cl
protocols.motifs.Motif: Res1 name is TYR
protocols.motifs.Motif: atom1 name is Npro
protocols.motifs.Motif: atom2 name is COO
protocols.motifs.Motif: atom3 name is ONH2
protocols.motifs.Motif: Res1 name is LYS
protocols.motifs.Motif: atom1 name is aroC
protocols.motifs.Motif: atom2 name is COO
protocols.motifs.Motif: atom3 name is Nhis
protocols.motifs.Motif: Res1 name is ILE
protocols.motifs.Motif: atom1 name is aroC
protocols.motifs.Motif: atom2 name is COO
protocols.motifs.Motif: atom3 name is Nhis
core.pack.task: Packer task: initialize from command line() 
core.pack.task: Packer task: initialize from command line() 
core.pack.task: Packer task: initialize from command line() 
protocols.moves.MonteCarlo: MonteCarlo:: last_accepted_score,lowest_score: 515.356 515.356
protocols.motifs.Motif: Res1 name is LEU
protocols.motifs.Motif: atom1 name is aroC
protocols.motifs.Motif: atom2 name is aroC
protocols.motifs.Motif: atom3 name is S
protocols.motifs.Motif: Res1 name is PHE
protocols.motifs.Motif: atom1 name is aroC
protocols.motifs.Motif: atom2 name is aroC
protocols.motifs.Motif: atom3 name is S
protocols.motifs.Motif: Res1 name is VAL
protocols.motifs.Motif: atom1 name is aroC
protocols.motifs.Motif: atom2 name is aroC
protocols.motifs.Motif: atom3 name is aroC
protocols.motifs.Motif: Res1 name is MET
protocols.motifs.Motif: atom1 name is OOC
protocols.motifs.Motif: atom2 name is COO
protocols.motifs.Motif: atom3 name is OOC
protocols.motifs.Motif: Res1 name is LEU
protocols.motifs.Motif: atom1 name is CH3
protocols.motifs.Motif: atom2 name is Npro
protocols.motifs.Motif: atom3 name is COO
protocols.motifs.Motif: Res1 name is TYR
protocols.motifs.Motif: atom1 name is Npro
protocols.motifs.Motif: atom2 name is COO
protocols.motifs.Motif: atom3 name is ONH2
protocols.motifs.Motif: Res1 name is PHE
protocols.motifs.Motif: atom1 name is aroC
protocols.motifs.Motif: atom2 name is aroC
protocols.motifs.Motif: atom3 name is S
protocols.motifs.Motif: Res1 name is VAL
protocols.motifs.Motif: atom1 name is Npro
protocols.motifs.Motif: atom2 name is COO
protocols.motifs.Motif: atom3 name is ONH2
protocols.motifs.Motif: Res1 name is ILE
protocols.motifs.Motif: atom1 name is Npro
protocols.motifs.Motif: atom2 name is COO
protocols.motifs.Motif: atom3 name is ONH2
protocols.motifs.Motif: Res1 name is ILE
protocols.motifs.Motif: atom1 name is aroC
protocols.motifs.Motif: atom2 name is aroC
protocols.motifs.Motif: atom3 name is Cl
protocols.motifs.Motif: Res1 name is TYR
protocols.motifs.Motif: atom1 name is aroC
protocols.motifs.Motif: atom2 name is aroC
protocols.motifs.Motif: atom3 name is Cl
protocols.motifs.Motif: Res1 name is LEU
protocols.motifs.Motif: atom1 name is aroC
protocols.motifs.Motif: atom2 name is CH1
protocols.motifs.Motif: atom3 name is COO
protocols.motifs.Motif: Res1 name is LYS
protocols.motifs.Motif: atom1 name is aroC
protocols.motifs.Motif: atom2 name is COO
protocols.motifs.Motif: atom3 name is Nhis
protocols.motifs.Motif: Res1 name is ILE
protocols.motifs.Motif: atom1 name is CH3
protocols.motifs.Motif: atom2 name is Npro
protocols.motifs.Motif: atom3 name is COO
core.pack.task: Packer task: initialize from command line() 
core.pack.task: Packer task: initialize from command line() 
core.pack.task: Packer task: initialize from command line() 
protocols.moves.MonteCarlo: MonteCarlo:: last_accepted_score,lowest_score: -712.095 -712.095
protocols.motifs.Motif: Res1 name is VAL
protocols.motifs.Motif: atom1 name is aroC
protocols.motifs.Motif: atom2 name is COO
protocols.motifs.Motif: atom3 name is Nhis
protocols.motifs.Motif: Res1 name is LEU
protocols.motifs.Motif: atom1 name is aroC
protocols.motifs.Motif: atom2 name is aroC
protocols.motifs.Motif: atom3 name is aroC
protocols.motifs.Motif: Res1 name is TYR
protocols.motifs.Motif: atom1 name is CH1
protocols.motifs.Motif: atom2 name is CH2
protocols.motifs.Motif: atom3 name is Ntrp
protocols.motifs.Motif: Res1 name is VAL
protocols.motifs.Motif: atom1 name is Npro
protocols.motifs.Motif: atom2 name is COO
protocols.motifs.Motif: atom3 name is ONH2
protocols.motifs.Motif: Res1 name is ILE
protocols.motifs.Motif: atom1 name is aroC
protocols.motifs.Motif: atom2 name is aroC
protocols.motifs.Motif: atom3 name is aroC
protocols.motifs.Motif: Res1 name is ILE
protocols.motifs.Motif: atom1 name is aroC
protocols.motifs.Motif: atom2 name is aroC
protocols.motifs.Motif: atom3 name is S
protocols.motifs.Motif: Res1 name is TYR
protocols.motifs.Motif: atom1 name is Npro
protocols.motifs.Motif: atom2 name is COO
protocols.motifs.Motif: atom3 name is ONH2
protocols.motifs.Motif: Res1 name is LYS
protocols.motifs.Motif: atom1 name is aroC
protocols.motifs.Motif: atom2 name is aroC
protocols.motifs.Motif: atom3 name is Cl
protocols.motifs.Motif: Res1 name is LEU
protocols.motifs.Motif: atom1 name is Npro
protocols.motifs.Motif: atom2 name is COO
protocols.motifs.Motif: atom3 name is ONH2
protocols.motifs.Motif: Res1 name is ILE
protocols.motifs.Motif: atom1 name is aroC
protocols.motifs.Motif: atom2 name is aroC
protocols.motifs.Motif: atom3 name is aroC
core.pack.task: Packer task: initialize from command line() 
core.pack.task: Packer task: initialize from command line() 
core.pack.task: Packer task: initialize from command line() 
protocols.moves.MonteCarlo: MonteCarlo:: last_accepted_score,lowest_score: -577.095 -577.095
protocols.motifs.Motif: Res1 name is LEU
protocols.motifs.Motif: atom1 name is aroC
protocols.motifs.Motif: atom2 name is aroC
protocols.motifs.Motif: atom3 name is Cl
protocols.motifs.Motif: Res1 name is LEU
protocols.motifs.Motif: atom1 name is aroC
protocols.motifs.Motif: atom2 name is COO
protocols.motifs.Motif: atom3 name is Nhis
protocols.motifs.Motif: Res1 name is TYR
protocols.motifs.Motif: atom1 name is aroC
protocols.motifs.Motif: atom2 name is aroC
protocols.motifs.Motif: atom3 name is aroC
protocols.motifs.Motif: Res1 name is ILE
protocols.motifs.Motif: atom1 name is aroC
protocols.motifs.Motif: atom2 name is aroC
protocols.motifs.Motif: atom3 name is Cl
protocols.motifs.Motif: Res1 name is TYR
protocols.motifs.Motif: atom1 name is Npro
protocols.motifs.Motif: atom2 name is COO
protocols.motifs.Motif: atom3 name is ONH2
protocols.motifs.Motif: Res1 name is PHE
protocols.motifs.Motif: atom1 name is aroC
protocols.motifs.Motif: atom2 name is aroC
protocols.motifs.Motif: atom3 name is S
protocols.motifs.Motif: Res1 name is LEU
protocols.motifs.Motif: atom1 name is aroC
protocols.motifs.Motif: atom2 name is aroC
protocols.motifs.Motif: atom3 name is Cl
protocols.motifs.Motif: Res1 name is LYS
protocols.motifs.Motif: atom1 name is Npro
protocols.motifs.Motif: atom2 name is COO
protocols.motifs.Motif: atom3 name is ONH2
protocols.motifs.Motif: Res1 name is ILE
protocols.motifs.Motif: atom1 name is aroC
protocols.motifs.Motif: atom2 name is COO
protocols.motifs.Motif: atom3 name is Nhis
core.pack.task: Packer task: initialize from command line() 
core.pack.task: Packer task: initialize from command line() 
core.pack.task: Packer task: initialize from command line() 
protocols.moves.MonteCarlo: MonteCarlo:: last_accepted_score,lowest_score: -712.516 -712.516
protocols.motifs.Motif: Res1 name is VAL
protocols.motifs.Motif: atom1 name is aroC
protocols.motifs.Motif: atom2 name is aroC
protocols.motifs.Motif: atom3 name is Cl
protocols.motifs.Motif: Res1 name is LEU
protocols.motifs.Motif: atom1 name is aroC
protocols.motifs.Motif: atom2 name is aroC
protocols.motifs.Motif: atom3 name is aroC
protocols.motifs.Motif: Res1 name is TYR
protocols.motifs.Motif: atom1 name is CH1
protocols.motifs.Motif: atom2 name is CH2
protocols.motifs.Motif: atom3 name is Ntrp
protocols.motifs.Motif: Res1 name is VAL
protocols.motifs.Motif: atom1 name is Npro
protocols.motifs.Motif: atom2 name is COO
protocols.motifs.Motif: atom3 name is ONH2
protocols.motifs.Motif: Res1 name is ILE
protocols.motifs.Motif: atom1 name is aroC
protocols.motifs.Motif: atom2 name is aroC
protocols.motifs.Motif: atom3 name is aroC
protocols.motifs.Motif: Res1 name is ILE
protocols.motifs.Motif: atom1 name is aroC
protocols.motifs.Motif: atom2 name is aroC
protocols.motifs.Motif: atom3 name is S
protocols.motifs.Motif: Res1 name is TYR
protocols.motifs.Motif: atom1 name is Npro
protocols.motifs.Motif: atom2 name is COO
protocols.motifs.Motif: atom3 name is ONH2
protocols.motifs.Motif: Res1 name is ILE
protocols.motifs.Motif: atom1 name is aroC
protocols.motifs.Motif: atom2 name is aroC
protocols.motifs.Motif: atom3 name is Cl
protocols.motifs.Motif: Res1 name is LEU
protocols.motifs.Motif: atom1 name is aroC
protocols.motifs.Motif: atom2 name is aroC
protocols.motifs.Motif: atom3 name is aroC
protocols.motifs.Motif: Res1 name is ILE
protocols.motifs.Motif: atom1 name is aroC
protocols.motifs.Motif: atom2 name is aroC
protocols.motifs.Motif: atom3 name is aroC
core.pack.task: Packer task: initialize from command line() 
core.pack.task: Packer task: initialize from command line() 
core.pack.task: Packer task: initialize from command line() 
protocols.moves.MonteCarlo: MonteCarlo:: last_accepted_score,lowest_score: -700.363 -700.363
protocols.motifs.Motif: Res1 name is TYR
protocols.motifs.Motif: atom1 name is aroC
protocols.motifs.Motif: atom2 name is CH1
protocols.motifs.Motif: atom3 name is COO
protocols.motifs.Motif: Res1 name is THR
protocols.motifs.Motif: atom1 name is OOC
protocols.motifs.Motif: atom2 name is COO
protocols.motifs.Motif: atom3 name is OOC
protocols.motifs.Motif: Res1 name is TYR
protocols.motifs.Motif: atom1 name is aroC
protocols.motifs.Motif: atom2 name is aroC
protocols.motifs.Motif: atom3 name is aroC
protocols.motifs.Motif: Res1 name is GLU
protocols.motifs.Motif: atom1 name is aroC
protocols.motifs.Motif: atom2 name is aroC
protocols.motifs.Motif: atom3 name is Cl
protocols.motifs.Motif: Res1 name is LYS
protocols.motifs.Motif: atom1 name is aroC
protocols.motifs.Motif: atom2 name is aroC
protocols.motifs.Motif: atom3 name is Cl
protocols.motifs.Motif: Res1 name is LEU
protocols.motifs.Motif: atom1 name is aroC
protocols.motifs.Motif: atom2 name is aroC
protocols.motifs.Motif: atom3 name is aroC
protocols.motifs.Motif: Res1 name is LYS
protocols.motifs.Motif: atom1 name is Npro
protocols.motifs.Motif: atom2 name is COO
protocols.motifs.Motif: atom3 name is ONH2
core.pack.task: Packer task: initialize from command line() 
core.pack.task: Packer task: initialize from command line() 
core.pack.task: Packer task: initialize from command line() 
protocols.moves.MonteCarlo: MonteCarlo:: last_accepted_score,lowest_score: -712.374 -712.374
protocols.motifs.Motif: Res1 name is VAL
protocols.motifs.Motif: atom1 name is aroC
protocols.motifs.Motif: atom2 name is COO
protocols.motifs.Motif: atom3 name is Nhis
protocols.motifs.Motif: Res1 name is LEU
protocols.motifs.Motif: atom1 name is aroC
protocols.motifs.Motif: atom2 name is aroC
protocols.motifs.Motif: atom3 name is aroC
protocols.motifs.Motif: Res1 name is TYR
protocols.motifs.Motif: atom1 name is CH1
protocols.motifs.Motif: atom2 name is CH2
protocols.motifs.Motif: atom3 name is Ntrp
protocols.motifs.Motif: Res1 name is VAL
protocols.motifs.Motif: atom1 name is Npro
protocols.motifs.Motif: atom2 name is COO
protocols.motifs.Motif: atom3 name is ONH2
protocols.motifs.Motif: Res1 name is ILE
protocols.motifs.Motif: atom1 name is aroC
protocols.motifs.Motif: atom2 name is aroC
protocols.motifs.Motif: atom3 name is aroC
protocols.motifs.Motif: Res1 name is ILE
protocols.motifs.Motif: atom1 name is aroC
protocols.motifs.Motif: atom2 name is aroC
protocols.motifs.Motif: atom3 name is S
protocols.motifs.Motif: Res1 name is TYR
protocols.motifs.Motif: atom1 name is Npro
protocols.motifs.Motif: atom2 name is COO
protocols.motifs.Motif: atom3 name is ONH2
protocols.motifs.Motif: Res1 name is ILE
protocols.motifs.Motif: atom1 name is aroC
protocols.motifs.Motif: atom2 name is aroC
protocols.motifs.Motif: atom3 name is Cl
protocols.motifs.Motif: Res1 name is LYS
protocols.motifs.Motif: atom1 name is aroC
protocols.motifs.Motif: atom2 name is aroC
protocols.motifs.Motif: atom3 name is Cl
protocols.motifs.Motif: Res1 name is LEU
protocols.motifs.Motif: atom1 name is Npro
protocols.motifs.Motif: atom2 name is COO
protocols.motifs.Motif: atom3 name is ONH2
protocols.motifs.Motif: Res1 name is ILE
protocols.motifs.Motif: atom1 name is aroC
protocols.motifs.Motif: atom2 name is aroC
protocols.motifs.Motif: atom3 name is aroC
core.pack.task: Packer task: initialize from command line() 
core.pack.task: Packer task: initialize from command line() 
core.pack.task: Packer task: initialize from command line() 
protocols.moves.MonteCarlo: MonteCarlo:: last_accepted_score,lowest_score: -712.188 -712.188
protocols.motifs.Motif: Res1 name is VAL
protocols.motifs.Motif: atom1 name is aroC
protocols.motifs.Motif: atom2 name is aroC
protocols.motifs.Motif: atom3 name is Cl
protocols.motifs.Motif: Res1 name is LEU
protocols.motifs.Motif: atom1 name is aroC
protocols.motifs.Motif: atom2 name is aroC
protocols.motifs.Motif: atom3 name is aroC
protocols.motifs.Motif: Res1 name is TYR
protocols.motifs.Motif: atom1 name is CH1
protocols.motifs.Motif: atom2 name is CH2
protocols.motifs.Motif: atom3 name is Ntrp
protocols.motifs.Motif: Res1 name is VAL
protocols.motifs.Motif: atom1 name is Npro
protocols.motifs.Motif: atom2 name is COO
protocols.motifs.Motif: atom3 name is ONH2
protocols.motifs.Motif: Res1 name is ILE
protocols.motifs.Motif: atom1 name is aroC
protocols.motifs.Motif: atom2 name is aroC
protocols.motifs.Motif: atom3 name is aroC
protocols.motifs.Motif: Res1 name is ILE
protocols.motifs.Motif: atom1 name is aroC
protocols.motifs.Motif: atom2 name is aroC
protocols.motifs.Motif: atom3 name is S
protocols.motifs.Motif: Res1 name is TYR
protocols.motifs.Motif: atom1 name is Npro
protocols.motifs.Motif: atom2 name is COO
protocols.motifs.Motif: atom3 name is ONH2
protocols.motifs.Motif: Res1 name is ILE
protocols.motifs.Motif: atom1 name is aroC
protocols.motifs.Motif: atom2 name is aroC
protocols.motifs.Motif: atom3 name is Cl
protocols.motifs.Motif: Res1 name is LYS
protocols.motifs.Motif: atom1 name is aroC
protocols.motifs.Motif: atom2 name is aroC
protocols.motifs.Motif: atom3 name is Cl
protocols.motifs.Motif: Res1 name is LEU
protocols.motifs.Motif: atom1 name is aroC
protocols.motifs.Motif: atom2 name is aroC
protocols.motifs.Motif: atom3 name is aroC
protocols.motifs.Motif: Res1 name is ILE
protocols.motifs.Motif: atom1 name is aroC
protocols.motifs.Motif: atom2 name is COO
protocols.motifs.Motif: atom3 name is Nhis
core.pack.task: Packer task: initialize from command line() 
core.pack.task: Packer task: initialize from command line() 
core.pack.task: Packer task: initialize from command line() 
protocols.moves.MonteCarlo: MonteCarlo:: last_accepted_score,lowest_score: -668.806 -668.806
protocols.motifs.Motif: Res1 name is LEU
protocols.motifs.Motif: atom1 name is aroC
protocols.motifs.Motif: atom2 name is aroC
protocols.motifs.Motif: atom3 name is Cl
protocols.motifs.Motif: Res1 name is VAL
protocols.motifs.Motif: atom1 name is aroC
protocols.motifs.Motif: atom2 name is COO
protocols.motifs.Motif: atom3 name is Nhis
protocols.motifs.Motif: Res1 name is LEU
protocols.motifs.Motif: atom1 name is aroC
protocols.motifs.Motif: atom2 name is COO
protocols.motifs.Motif: atom3 name is Nhis
protocols.motifs.Motif: Res1 name is TYR
protocols.motifs.Motif: atom1 name is aroC
protocols.motifs.Motif: atom2 name is aroC
protocols.motifs.Motif: atom3 name is CH1
protocols.motifs.Motif: Res1 name is VAL
protocols.motifs.Motif: atom1 name is Npro
protocols.motifs.Motif: atom2 name is COO
protocols.motifs.Motif: atom3 name is ONH2
protocols.motifs.Motif: Res1 name is ILE
protocols.motifs.Motif: atom1 name is aroC
protocols.motifs.Motif: atom2 name is aroC
protocols.motifs.Motif: atom3 name is aroC
protocols.motifs.Motif: Res1 name is ILE
protocols.motifs.Motif: atom1 name is aroC
protocols.motifs.Motif: atom2 name is aroC
protocols.motifs.Motif: atom3 name is S
protocols.motifs.Motif: Res1 name is TYR
protocols.motifs.Motif: atom1 name is Npro
protocols.motifs.Motif: atom2 name is COO
protocols.motifs.Motif: atom3 name is ONH2
protocols.motifs.Motif: Res1 name is ILE
protocols.motifs.Motif: atom1 name is aroC
protocols.motifs.Motif: atom2 name is aroC
protocols.motifs.Motif: atom3 name is Cl
protocols.motifs.Motif: Res1 name is LEU
protocols.motifs.Motif: atom1 name is Npro
protocols.motifs.Motif: atom2 name is COO
protocols.motifs.Motif: atom3 name is ONH2
protocols.motifs.Motif: Res1 name is ILE
protocols.motifs.Motif: atom1 name is aroC
protocols.motifs.Motif: atom2 name is COO
protocols.motifs.Motif: atom3 name is Nhis
core.pack.task: Packer task: initialize from command line() 
core.pack.task: Packer task: initialize from command line() 
core.pack.task: Packer task: initialize from command line() 
protocols.moves.MonteCarlo: MonteCarlo:: last_accepted_score,lowest_score: -711.541 -711.541
protocols.motifs.Motif: Res1 name is VAL
protocols.motifs.Motif: atom1 name is aroC
protocols.motifs.Motif: atom2 name is COO
protocols.motifs.Motif: atom3 name is Nhis
protocols.motifs.Motif: Res1 name is LEU
protocols.motifs.Motif: atom1 name is aroC
protocols.motifs.Motif: atom2 name is aroC
protocols.motifs.Motif: atom3 name is aroC
protocols.motifs.Motif: Res1 name is TYR
protocols.motifs.Motif: atom1 name is CH1
protocols.motifs.Motif: atom2 name is CH2
protocols.motifs.Motif: atom3 name is Ntrp
protocols.motifs.Motif: Res1 name is VAL
protocols.motifs.Motif: atom1 name is Npro
protocols.motifs.Motif: atom2 name is COO
protocols.motifs.Motif: atom3 name is ONH2
protocols.motifs.Motif: Res1 name is ILE
protocols.motifs.Motif: atom1 name is aroC
protocols.motifs.Motif: atom2 name is aroC
protocols.motifs.Motif: atom3 name is aroC
protocols.motifs.Motif: Res1 name is ILE
protocols.motifs.Motif: atom1 name is aroC
protocols.motifs.Motif: atom2 name is aroC
protocols.motifs.Motif: atom3 name is S
protocols.motifs.Motif: Res1 name is TYR
protocols.motifs.Motif: atom1 name is Npro
protocols.motifs.Motif: atom2 name is COO
protocols.motifs.Motif: atom3 name is ONH2
protocols.motifs.Motif: Res1 name is ILE
protocols.motifs.Motif: atom1 name is aroC
protocols.motifs.Motif: atom2 name is aroC
protocols.motifs.Motif: atom3 name is Cl
protocols.motifs.Motif: Res1 name is LEU
protocols.motifs.Motif: atom1 name is aroC
protocols.motifs.Motif: atom2 name is aroC
protocols.motifs.Motif: atom3 name is aroC
protocols.motifs.Motif: Res1 name is LYS
protocols.motifs.Motif: atom1 name is Npro
protocols.motifs.Motif: atom2 name is COO
protocols.motifs.Motif: atom3 name is ONH2
protocols.motifs.Motif: Res1 name is ILE
protocols.motifs.Motif: atom1 name is aroC
protocols.motifs.Motif: atom2 name is aroC
protocols.motifs.Motif: atom3 name is aroC
core.pack.task: Packer task: initialize from command line() 
core.pack.task: Packer task: initialize from command line() 
core.pack.task: Packer task: initialize from command line() 
protocols.moves.MonteCarlo: MonteCarlo:: last_accepted_score,lowest_score: -711.834 -711.834
protocols.motifs.Motif: Res1 name is VAL
protocols.motifs.Motif: atom1 name is aroC
protocols.motifs.Motif: atom2 name is COO
protocols.motifs.Motif: atom3 name is Nhis
protocols.motifs.Motif: Res1 name is LEU
protocols.motifs.Motif: atom1 name is aroC
protocols.motifs.Motif: atom2 name is aroC
protocols.motifs.Motif: atom3 name is aroC
protocols.motifs.Motif: Res1 name is TYR
protocols.motifs.Motif: atom1 name is CH1
protocols.motifs.Motif: atom2 name is CH2
protocols.motifs.Motif: atom3 name is Ntrp
protocols.motifs.Motif: Res1 name is VAL
protocols.motifs.Motif: atom1 name is Npro
protocols.motifs.Motif: atom2 name is COO
protocols.motifs.Motif: atom3 name is ONH2
protocols.motifs.Motif: Res1 name is ILE
protocols.motifs.Motif: atom1 name is aroC
protocols.motifs.Motif: atom2 name is aroC
protocols.motifs.Motif: atom3 name is aroC
protocols.motifs.Motif: Res1 name is ILE
protocols.motifs.Motif: atom1 name is aroC
protocols.motifs.Motif: atom2 name is aroC
protocols.motifs.Motif: atom3 name is S
protocols.motifs.Motif: Res1 name is TYR
protocols.motifs.Motif: atom1 name is Npro
protocols.motifs.Motif: atom2 name is COO
protocols.motifs.Motif: atom3 name is ONH2
protocols.motifs.Motif: Res1 name is LYS
protocols.motifs.Motif: atom1 name is aroC
protocols.motifs.Motif: atom2 name is aroC
protocols.motifs.Motif: atom3 name is Cl
protocols.motifs.Motif: Res1 name is LEU
protocols.motifs.Motif: atom1 name is Npro
protocols.motifs.Motif: atom2 name is COO
protocols.motifs.Motif: atom3 name is ONH2
protocols.motifs.Motif: Res1 name is ILE
protocols.motifs.Motif: atom1 name is aroC
protocols.motifs.Motif: atom2 name is aroC
protocols.motifs.Motif: atom3 name is aroC
core.pack.task: Packer task: initialize from command line() 
core.pack.task: Packer task: initialize from command line() 
core.pack.task: Packer task: initialize from command line() 
protocols.moves.MonteCarlo: MonteCarlo:: last_accepted_score,lowest_score: -711.596 -711.596
protocols.motifs.Motif: Res1 name is VAL
protocols.motifs.Motif: atom1 name is aroC
protocols.motifs.Motif: atom2 name is COO
protocols.motifs.Motif: atom3 name is Nhis
protocols.motifs.Motif: Res1 name is LEU
protocols.motifs.Motif: atom1 name is aroC
protocols.motifs.Motif: atom2 name is aroC
protocols.motifs.Motif: atom3 name is aroC
protocols.motifs.Motif: Res1 name is TYR
protocols.motifs.Motif: atom1 name is CH1
protocols.motifs.Motif: atom2 name is CH2
protocols.motifs.Motif: atom3 name is Ntrp
protocols.motifs.Motif: Res1 name is VAL
protocols.motifs.Motif: atom1 name is Npro
protocols.motifs.Motif: atom2 name is COO
protocols.motifs.Motif: atom3 name is ONH2
protocols.motifs.Motif: Res1 name is ILE
protocols.motifs.Motif: atom1 name is aroC
protocols.motifs.Motif: atom2 name is aroC
protocols.motifs.Motif: atom3 name is aroC
protocols.motifs.Motif: Res1 name is ILE
protocols.motifs.Motif: atom1 name is aroC
protocols.motifs.Motif: atom2 name is aroC
protocols.motifs.Motif: atom3 name is S
protocols.motifs.Motif: Res1 name is TYR
protocols.motifs.Motif: atom1 name is Npro
protocols.motifs.Motif: atom2 name is COO
protocols.motifs.Motif: atom3 name is ONH2
protocols.motifs.Motif: Res1 name is ILE
protocols.motifs.Motif: atom1 name is aroC
protocols.motifs.Motif: atom2 name is aroC
protocols.motifs.Motif: atom3 name is Cl
protocols.motifs.Motif: Res1 name is LYS
protocols.motifs.Motif: atom1 name is aroC
protocols.motifs.Motif: atom2 name is aroC
protocols.motifs.Motif: atom3 name is Cl
protocols.motifs.Motif: Res1 name is LEU
protocols.motifs.Motif: atom1 name is Npro
protocols.motifs.Motif: atom2 name is COO
protocols.motifs.Motif: atom3 name is ONH2
protocols.motifs.Motif: Res1 name is ILE
protocols.motifs.Motif: atom1 name is aroC
protocols.motifs.Motif: atom2 name is COO
protocols.motifs.Motif: atom3 name is Nhis
core.pack.task: Packer task: initialize from command line() 
core.pack.task: Packer task: initialize from command line() 
core.pack.task: Packer task: initialize from command line() 
protocols.moves.MonteCarlo: MonteCarlo:: last_accepted_score,lowest_score: -622.338 -622.338
protocols.motifs.Motif: Res1 name is LEU
protocols.motifs.Motif: atom1 name is aroC
protocols.motifs.Motif: atom2 name is COO
protocols.motifs.Motif: atom3 name is Nhis
protocols.motifs.Motif: Res1 name is TYR
protocols.motifs.Motif: atom1 name is aroC
protocols.motifs.Motif: atom2 name is aroC
protocols.motifs.Motif: atom3 name is CH1
protocols.motifs.Motif: Res1 name is ILE
protocols.motifs.Motif: atom1 name is aroC
protocols.motifs.Motif: atom2 name is aroC
protocols.motifs.Motif: atom3 name is Cl
protocols.motifs.Motif: Res1 name is TYR
protocols.motifs.Motif: atom1 name is aroC
protocols.motifs.Motif: atom2 name is aroC
protocols.motifs.Motif: atom3 name is aroC
protocols.motifs.Motif: Res1 name is LYS
protocols.motifs.Motif: atom1 name is aroC
protocols.motifs.Motif: atom2 name is aroC
protocols.motifs.Motif: atom3 name is Cl
protocols.motifs.Motif: Res1 name is LEU
protocols.motifs.Motif: atom1 name is aroC
protocols.motifs.Motif: atom2 name is aroC
protocols.motifs.Motif: atom3 name is Cl
protocols.motifs.Motif: Res1 name is LYS
protocols.motifs.Motif: atom1 name is Npro
protocols.motifs.Motif: atom2 name is COO
protocols.motifs.Motif: atom3 name is ONH2
protocols.motifs.Motif: Res1 name is ILE
protocols.motifs.Motif: atom1 name is aroC
protocols.motifs.Motif: atom2 name is aroC
protocols.motifs.Motif: atom3 name is aroC
core.pack.task: Packer task: initialize from command line() 
core.pack.task: Packer task: initialize from command line() 
core.pack.task: Packer task: initialize from command line() 
protocols.moves.MonteCarlo: MonteCarlo:: last_accepted_score,lowest_score: -712.126 -712.126
protocols.motifs.Motif: Res1 name is VAL
protocols.motifs.Motif: atom1 name is aroC
protocols.motifs.Motif: atom2 name is aroC
protocols.motifs.Motif: atom3 name is Cl
protocols.motifs.Motif: Res1 name is TYR
protocols.motifs.Motif: atom1 name is CH1
protocols.motifs.Motif: atom2 name is CH2
protocols.motifs.Motif: atom3 name is Ntrp
protocols.motifs.Motif: Res1 name is VAL
protocols.motifs.Motif: atom1 name is Npro
protocols.motifs.Motif: atom2 name is COO
protocols.motifs.Motif: atom3 name is ONH2
protocols.motifs.Motif: Res1 name is ILE
protocols.motifs.Motif: atom1 name is aroC
protocols.motifs.Motif: atom2 name is aroC
protocols.motifs.Motif: atom3 name is aroC
protocols.motifs.Motif: Res1 name is ILE
protocols.motifs.Motif: atom1 name is aroC
protocols.motifs.Motif: atom2 name is aroC
protocols.motifs.Motif: atom3 name is S
protocols.motifs.Motif: Res1 name is TYR
protocols.motifs.Motif: atom1 name is Npro
protocols.motifs.Motif: atom2 name is COO
protocols.motifs.Motif: atom3 name is ONH2
protocols.motifs.Motif: Res1 name is ILE
protocols.motifs.Motif: atom1 name is aroC
protocols.motifs.Motif: atom2 name is aroC
protocols.motifs.Motif: atom3 name is Cl
protocols.motifs.Motif: Res1 name is LYS
protocols.motifs.Motif: atom1 name is aroC
protocols.motifs.Motif: atom2 name is aroC
protocols.motifs.Motif: atom3 name is Cl
protocols.motifs.Motif: Res1 name is LEU
protocols.motifs.Motif: atom1 name is aroC
protocols.motifs.Motif: atom2 name is aroC
protocols.motifs.Motif: atom3 name is aroC
protocols.motifs.Motif: Res1 name is ILE
protocols.motifs.Motif: atom1 name is aroC
protocols.motifs.Motif: atom2 name is COO
protocols.motifs.Motif: atom3 name is Nhis
core.pack.task: Packer task: initialize from command line() 
core.pack.task: Packer task: initialize from command line() 
core.pack.task: Packer task: initialize from command line() 
protocols.moves.MonteCarlo: MonteCarlo:: last_accepted_score,lowest_score: 134.94 134.94
protocols.motifs.Motif: Res1 name is LEU
protocols.motifs.Motif: atom1 name is aroC
protocols.motifs.Motif: atom2 name is aroC
protocols.motifs.Motif: atom3 name is aroC
protocols.motifs.Motif: Res1 name is PHE
protocols.motifs.Motif: atom1 name is aroC
protocols.motifs.Motif: atom2 name is aroC
protocols.motifs.Motif: atom3 name is Cl
protocols.motifs.Motif: Res1 name is VAL
protocols.motifs.Motif: atom1 name is aroC
protocols.motifs.Motif: atom2 name is COO
protocols.motifs.Motif: atom3 name is Nhis
protocols.motifs.Motif: Res1 name is LEU
protocols.motifs.Motif: atom1 name is aroC
protocols.motifs.Motif: atom2 name is COO
protocols.motifs.Motif: atom3 name is Nhis
protocols.motifs.Motif: Res1 name is TYR
protocols.motifs.Motif: atom1 name is aroC
protocols.motifs.Motif: atom2 name is aroC
protocols.motifs.Motif: atom3 name is CH1
protocols.motifs.Motif: Res1 name is VAL
protocols.motifs.Motif: atom1 name is Npro
protocols.motifs.Motif: atom2 name is COO
protocols.motifs.Motif: atom3 name is ONH2
protocols.motifs.Motif: Res1 name is ILE
protocols.motifs.Motif: atom1 name is aroC
protocols.motifs.Motif: atom2 name is aroC
protocols.motifs.Motif: atom3 name is Cl
protocols.motifs.Motif: Res1 name is ILE
protocols.motifs.Motif: atom1 name is aroC
protocols.motifs.Motif: atom2 name is aroC
protocols.motifs.Motif: atom3 name is S
protocols.motifs.Motif: Res1 name is TYR
protocols.motifs.Motif: atom1 name is Npro
protocols.motifs.Motif: atom2 name is COO
protocols.motifs.Motif: atom3 name is ONH2
protocols.motifs.Motif: Res1 name is ILE
protocols.motifs.Motif: atom1 name is aroC
protocols.motifs.Motif: atom2 name is aroC
protocols.motifs.Motif: atom3 name is Cl
protocols.motifs.Motif: Res1 name is LYS
protocols.motifs.Motif: atom1 name is aroC
protocols.motifs.Motif: atom2 name is aroC
protocols.motifs.Motif: atom3 name is Cl
protocols.motifs.Motif: Res1 name is LEU
protocols.motifs.Motif: atom1 name is aroC
protocols.motifs.Motif: atom2 name is aroC
protocols.motifs.Motif: atom3 name is Cl
protocols.motifs.Motif: Res1 name is LEU
protocols.motifs.Motif: atom1 name is Npro
protocols.motifs.Motif: atom2 name is COO
protocols.motifs.Motif: atom3 name is ONH2
core.pack.task: Packer task: initialize from command line() 
core.pack.task: Packer task: initialize from command line() 
core.pack.task: Packer task: initialize from command line() 
protocols.moves.MonteCarlo: MonteCarlo:: last_accepted_score,lowest_score: -545.058 -545.058
protocols.motifs.Motif: Res1 name is LEU
protocols.motifs.Motif: atom1 name is aroC
protocols.motifs.Motif: atom2 name is aroC
protocols.motifs.Motif: atom3 name is CH1
protocols.motifs.Motif: Res1 name is PHE
protocols.motifs.Motif: atom1 name is aroC
protocols.motifs.Motif: atom2 name is COO
protocols.motifs.Motif: atom3 name is Nhis
protocols.motifs.Motif: Res1 name is PHE
protocols.motifs.Motif: atom1 name is aroC
protocols.motifs.Motif: atom2 name is aroC
protocols.motifs.Motif: atom3 name is Cl
protocols.motifs.Motif: Res1 name is VAL
protocols.motifs.Motif: atom1 name is aroC
protocols.motifs.Motif: atom2 name is aroC
protocols.motifs.Motif: atom3 name is aroC
protocols.motifs.Motif: Res1 name is LEU
protocols.motifs.Motif: atom1 name is Npro
protocols.motifs.Motif: atom2 name is COO
protocols.motifs.Motif: atom3 name is ONH2
protocols.motifs.Motif: Res1 name is TYR
protocols.motifs.Motif: atom1 name is CH3
protocols.motifs.Motif: atom2 name is Npro
protocols.motifs.Motif: atom3 name is COO
protocols.motifs.Motif: Res1 name is PHE
protocols.motifs.Motif: atom1 name is aroC
protocols.motifs.Motif: atom2 name is COO
protocols.motifs.Motif: atom3 name is Nhis
protocols.motifs.Motif: Res1 name is ILE
protocols.motifs.Motif: atom1 name is aroC
protocols.motifs.Motif: atom2 name is aroC
protocols.motifs.Motif: atom3 name is aroC
protocols.motifs.Motif: Res1 name is TYR
protocols.motifs.Motif: atom1 name is aroC
protocols.motifs.Motif: atom2 name is CH2
protocols.motifs.Motif: atom3 name is Ntrp
protocols.motifs.Motif: Res1 name is PHE
protocols.motifs.Motif: atom1 name is aroC
protocols.motifs.Motif: atom2 name is aroC
protocols.motifs.Motif: atom3 name is Cl
protocols.motifs.Motif: Res1 name is LEU
protocols.motifs.Motif: atom1 name is aroC
protocols.motifs.Motif: atom2 name is aroC
protocols.motifs.Motif: atom3 name is aroC
protocols.motifs.Motif: Res1 name is ILE
protocols.motifs.Motif: atom1 name is Npro
protocols.motifs.Motif: atom2 name is COO
protocols.motifs.Motif: atom3 name is ONH2
core.pack.task: Packer task: initialize from command line() 
core.pack.task: Packer task: initialize from command line() 
core.pack.task: Packer task: initialize from command line() 
protocols.moves.MonteCarlo: MonteCarlo:: last_accepted_score,lowest_score: -711.276 -711.276
protocols.motifs.Motif: Res1 name is VAL
protocols.motifs.Motif: atom1 name is aroC
protocols.motifs.Motif: atom2 name is COO
protocols.motifs.Motif: atom3 name is Nhis
protocols.motifs.Motif: Res1 name is TYR
protocols.motifs.Motif: atom1 name is CH1
protocols.motifs.Motif: atom2 name is CH2
protocols.motifs.Motif: atom3 name is Ntrp
protocols.motifs.Motif: Res1 name is VAL
protocols.motifs.Motif: atom1 name is Npro
protocols.motifs.Motif: atom2 name is COO
protocols.motifs.Motif: atom3 name is ONH2
protocols.motifs.Motif: Res1 name is ILE
protocols.motifs.Motif: atom1 name is aroC
protocols.motifs.Motif: atom2 name is aroC
protocols.motifs.Motif: atom3 name is aroC
protocols.motifs.Motif: Res1 name is ILE
protocols.motifs.Motif: atom1 name is aroC
protocols.motifs.Motif: atom2 name is aroC
protocols.motifs.Motif: atom3 name is S
protocols.motifs.Motif: Res1 name is TYR
protocols.motifs.Motif: atom1 name is Npro
protocols.motifs.Motif: atom2 name is COO
protocols.motifs.Motif: atom3 name is ONH2
protocols.motifs.Motif: Res1 name is ILE
protocols.motifs.Motif: atom1 name is aroC
protocols.motifs.Motif: atom2 name is aroC
protocols.motifs.Motif: atom3 name is Cl
protocols.motifs.Motif: Res1 name is LYS
protocols.motifs.Motif: atom1 name is aroC
protocols.motifs.Motif: atom2 name is aroC
protocols.motifs.Motif: atom3 name is Cl
protocols.motifs.Motif: Res1 name is LEU
protocols.motifs.Motif: atom1 name is aroC
protocols.motifs.Motif: atom2 name is aroC
protocols.motifs.Motif: atom3 name is aroC
protocols.motifs.Motif: Res1 name is LYS
protocols.motifs.Motif: atom1 name is aroC
protocols.motifs.Motif: atom2 name is aroC
protocols.motifs.Motif: atom3 name is CH1
protocols.motifs.Motif: Res1 name is ILE
protocols.motifs.Motif: atom1 name is aroC
protocols.motifs.Motif: atom2 name is COO
protocols.motifs.Motif: atom3 name is Nhis
core.pack.task: Packer task: initialize from command line() 
core.pack.task: Packer task: initialize from command line() 
core.pack.task: Packer task: initialize from command line() 
protocols.moves.MonteCarlo: MonteCarlo:: last_accepted_score,lowest_score: -695.127 -695.127
protocols.motifs.Motif: Res1 name is LEU
protocols.motifs.Motif: atom1 name is aroC
protocols.motifs.Motif: atom2 name is aroC
protocols.motifs.Motif: atom3 name is aroC
protocols.motifs.Motif: Res1 name is TYR
protocols.motifs.Motif: atom1 name is aroC
protocols.motifs.Motif: atom2 name is CH1
protocols.motifs.Motif: atom3 name is COO
protocols.motifs.Motif: Res1 name is TYR
protocols.motifs.Motif: atom1 name is aroC
protocols.motifs.Motif: atom2 name is aroC
protocols.motifs.Motif: atom3 name is aroC
protocols.motifs.Motif: Res1 name is LYS
protocols.motifs.Motif: atom1 name is aroC
protocols.motifs.Motif: atom2 name is aroC
protocols.motifs.Motif: atom3 name is Cl
protocols.motifs.Motif: Res1 name is LEU
protocols.motifs.Motif: atom1 name is aroC
protocols.motifs.Motif: atom2 name is aroC
protocols.motifs.Motif: atom3 name is aroC
protocols.motifs.Motif: Res1 name is LYS
protocols.motifs.Motif: atom1 name is Npro
protocols.motifs.Motif: atom2 name is COO
protocols.motifs.Motif: atom3 name is ONH2
core.pack.task: Packer task: initialize from command line() 
core.pack.task: Packer task: initialize from command line() 
core.pack.task: Packer task: initialize from command line() 
protocols.moves.MonteCarlo: MonteCarlo:: last_accepted_score,lowest_score: -694.301 -694.301
protocols.motifs.Motif: Res1 name is TYR
protocols.motifs.Motif: atom1 name is aroC
protocols.motifs.Motif: atom2 name is CH1
protocols.motifs.Motif: atom3 name is COO
protocols.motifs.Motif: Res1 name is THR
protocols.motifs.Motif: atom1 name is aroC
protocols.motifs.Motif: atom2 name is CH2
protocols.motifs.Motif: atom3 name is Ntrp
protocols.motifs.Motif: Res1 name is TYR
protocols.motifs.Motif: atom1 name is aroC
protocols.motifs.Motif: atom2 name is aroC
protocols.motifs.Motif: atom3 name is aroC
protocols.motifs.Motif: Res1 name is GLU
protocols.motifs.Motif: atom1 name is aroC
protocols.motifs.Motif: atom2 name is aroC
protocols.motifs.Motif: atom3 name is Cl
protocols.motifs.Motif: Res1 name is LYS
protocols.motifs.Motif: atom1 name is aroC
protocols.motifs.Motif: atom2 name is aroC
protocols.motifs.Motif: atom3 name is Cl
protocols.motifs.Motif: Res1 name is LEU
protocols.motifs.Motif: atom1 name is aroC
protocols.motifs.Motif: atom2 name is aroC
protocols.motifs.Motif: atom3 name is aroC
protocols.motifs.Motif: Res1 name is LYS
protocols.motifs.Motif: atom1 name is aroC
protocols.motifs.Motif: atom2 name is aroC
protocols.motifs.Motif: atom3 name is Cl
protocols.motifs.Motif: Res1 name is ILE
protocols.motifs.Motif: atom1 name is aroC
protocols.motifs.Motif: atom2 name is aroC
protocols.motifs.Motif: atom3 name is aroC
core.pack.task: Packer task: initialize from command line() 
core.pack.task: Packer task: initialize from command line() 
core.pack.task: Packer task: initialize from command line() 
protocols.moves.MonteCarlo: MonteCarlo:: last_accepted_score,lowest_score: -711.967 -711.967
protocols.motifs.Motif: Res1 name is VAL
protocols.motifs.Motif: atom1 name is aroC
protocols.motifs.Motif: atom2 name is aroC
protocols.motifs.Motif: atom3 name is Cl
protocols.motifs.Motif: Res1 name is LEU
protocols.motifs.Motif: atom1 name is aroC
protocols.motifs.Motif: atom2 name is aroC
protocols.motifs.Motif: atom3 name is aroC
protocols.motifs.Motif: Res1 name is TYR
protocols.motifs.Motif: atom1 name is CH1
protocols.motifs.Motif: atom2 name is CH2
protocols.motifs.Motif: atom3 name is Ntrp
protocols.motifs.Motif: Res1 name is VAL
protocols.motifs.Motif: atom1 name is Npro
protocols.motifs.Motif: atom2 name is COO
protocols.motifs.Motif: atom3 name is ONH2
protocols.motifs.Motif: Res1 name is ILE
protocols.motifs.Motif: atom1 name is aroC
protocols.motifs.Motif: atom2 name is aroC
protocols.motifs.Motif: atom3 name is aroC
protocols.motifs.Motif: Res1 name is ILE
protocols.motifs.Motif: atom1 name is aroC
protocols.motifs.Motif: atom2 name is aroC
protocols.motifs.Motif: atom3 name is S
protocols.motifs.Motif: Res1 name is TYR
protocols.motifs.Motif: atom1 name is CH3
protocols.motifs.Motif: atom2 name is Npro
protocols.motifs.Motif: atom3 name is COO
protocols.motifs.Motif: Res1 name is ILE
protocols.motifs.Motif: atom1 name is aroC
protocols.motifs.Motif: atom2 name is aroC
protocols.motifs.Motif: atom3 name is Cl
protocols.motifs.Motif: Res1 name is LYS
protocols.motifs.Motif: atom1 name is aroC
protocols.motifs.Motif: atom2 name is aroC
protocols.motifs.Motif: atom3 name is Cl
protocols.motifs.Motif: Res1 name is LEU
protocols.motifs.Motif: atom1 name is aroC
protocols.motifs.Motif: atom2 name is aroC
protocols.motifs.Motif: atom3 name is aroC
protocols.motifs.Motif: Res1 name is ILE
protocols.motifs.Motif: atom1 name is aroC
protocols.motifs.Motif: atom2 name is COO
protocols.motifs.Motif: atom3 name is Nhis
core.pack.task: Packer task: initialize from command line() 
core.pack.task: Packer task: initialize from command line() 
core.pack.task: Packer task: initialize from command line() 
protocols.moves.MonteCarlo: MonteCarlo:: last_accepted_score,lowest_score: -633.271 -633.271
protocols.motifs.Motif: Res1 name is VAL
protocols.motifs.Motif: atom1 name is aroC
protocols.motifs.Motif: atom2 name is COO
protocols.motifs.Motif: atom3 name is Nhis
protocols.motifs.Motif: Res1 name is LEU
protocols.motifs.Motif: atom1 name is aroC
protocols.motifs.Motif: atom2 name is COO
protocols.motifs.Motif: atom3 name is Nhis
protocols.motifs.Motif: Res1 name is TYR
protocols.motifs.Motif: atom1 name is aroC
protocols.motifs.Motif: atom2 name is aroC
protocols.motifs.Motif: atom3 name is CH1
protocols.motifs.Motif: Res1 name is VAL
protocols.motifs.Motif: atom1 name is Npro
protocols.motifs.Motif: atom2 name is COO
protocols.motifs.Motif: atom3 name is ONH2
protocols.motifs.Motif: Res1 name is ILE
protocols.motifs.Motif: atom1 name is aroC
protocols.motifs.Motif: atom2 name is aroC
protocols.motifs.Motif: atom3 name is aroC
protocols.motifs.Motif: Res1 name is ILE
protocols.motifs.Motif: atom1 name is aroC
protocols.motifs.Motif: atom2 name is aroC
protocols.motifs.Motif: atom3 name is S
protocols.motifs.Motif: Res1 name is TYR
protocols.motifs.Motif: atom1 name is COO
protocols.motifs.Motif: atom2 name is CH2
protocols.motifs.Motif: atom3 name is Ntrp
protocols.motifs.Motif: Res1 name is ILE
protocols.motifs.Motif: atom1 name is aroC
protocols.motifs.Motif: atom2 name is aroC
protocols.motifs.Motif: atom3 name is Cl
protocols.motifs.Motif: Res1 name is LYS
protocols.motifs.Motif: atom1 name is aroC
protocols.motifs.Motif: atom2 name is aroC
protocols.motifs.Motif: atom3 name is Cl
protocols.motifs.Motif: Res1 name is LEU
protocols.motifs.Motif: atom1 name is Npro
protocols.motifs.Motif: atom2 name is COO
protocols.motifs.Motif: atom3 name is ONH2
core.pack.task: Packer task: initialize from command line() 
core.pack.task: Packer task: initialize from command line() 
core.pack.task: Packer task: initialize from command line() 
protocols.moves.MonteCarlo: MonteCarlo:: last_accepted_score,lowest_score: -694.499 -694.499
protocols.motifs.Motif: Res1 name is TYR
protocols.motifs.Motif: atom1 name is aroC
protocols.motifs.Motif: atom2 name is CH1
protocols.motifs.Motif: atom3 name is COO
protocols.motifs.Motif: Res1 name is THR
protocols.motifs.Motif: atom1 name is aroC
protocols.motifs.Motif: atom2 name is CH2
protocols.motifs.Motif: atom3 name is Ntrp
protocols.motifs.Motif: Res1 name is TYR
protocols.motifs.Motif: atom1 name is aroC
protocols.motifs.Motif: atom2 name is aroC
protocols.motifs.Motif: atom3 name is aroC
protocols.motifs.Motif: Res1 name is GLU
protocols.motifs.Motif: atom1 name is aroC
protocols.motifs.Motif: atom2 name is aroC
protocols.motifs.Motif: atom3 name is Cl
protocols.motifs.Motif: Res1 name is LYS
protocols.motifs.Motif: atom1 name is aroC
protocols.motifs.Motif: atom2 name is aroC
protocols.motifs.Motif: atom3 name is Cl
protocols.motifs.Motif: Res1 name is LEU
protocols.motifs.Motif: atom1 name is aroC
protocols.motifs.Motif: atom2 name is aroC
protocols.motifs.Motif: atom3 name is aroC
protocols.motifs.Motif: Res1 name is LYS
protocols.motifs.Motif: atom1 name is aroC
protocols.motifs.Motif: atom2 name is aroC
protocols.motifs.Motif: atom3 name is Cl
protocols.motifs.Motif: Res1 name is ILE
protocols.motifs.Motif: atom1 name is aroC
protocols.motifs.Motif: atom2 name is aroC
protocols.motifs.Motif: atom3 name is aroC
core.pack.task: Packer task: initialize from command line() 
core.pack.task: Packer task: initialize from command line() 
core.pack.task: Packer task: initialize from command line() 
protocols.moves.MonteCarlo: MonteCarlo:: last_accepted_score,lowest_score: -709.912 -709.912
protocols.motifs.Motif: Res1 name is VAL
protocols.motifs.Motif: atom1 name is aroC
protocols.motifs.Motif: atom2 name is COO
protocols.motifs.Motif: atom3 name is Nhis
protocols.motifs.Motif: Res1 name is TYR
protocols.motifs.Motif: atom1 name is aroC
protocols.motifs.Motif: atom2 name is aroC
protocols.motifs.Motif: atom3 name is CH1
protocols.motifs.Motif: Res1 name is ILE
protocols.motifs.Motif: atom1 name is aroC
protocols.motifs.Motif: atom2 name is aroC
protocols.motifs.Motif: atom3 name is aroC
protocols.motifs.Motif: Res1 name is ILE
protocols.motifs.Motif: atom1 name is aroC
protocols.motifs.Motif: atom2 name is aroC
protocols.motifs.Motif: atom3 name is S
protocols.motifs.Motif: Res1 name is TYR
protocols.motifs.Motif: atom1 name is Npro
protocols.motifs.Motif: atom2 name is COO
protocols.motifs.Motif: atom3 name is ONH2
protocols.motifs.Motif: Res1 name is LYS
protocols.motifs.Motif: atom1 name is aroC
protocols.motifs.Motif: atom2 name is aroC
protocols.motifs.Motif: atom3 name is Cl
protocols.motifs.Motif: Res1 name is LEU
protocols.motifs.Motif: atom1 name is Npro
protocols.motifs.Motif: atom2 name is COO
protocols.motifs.Motif: atom3 name is ONH2
protocols.motifs.Motif: Res1 name is LYS
protocols.motifs.Motif: atom1 name is aroC
protocols.motifs.Motif: atom2 name is aroC
protocols.motifs.Motif: atom3 name is CH1
protocols.motifs.Motif: Res1 name is ILE
protocols.motifs.Motif: atom1 name is aroC
protocols.motifs.Motif: atom2 name is COO
protocols.motifs.Motif: atom3 name is Nhis
core.pack.task: Packer task: initialize from command line() 
core.pack.task: Packer task: initialize from command line() 
core.pack.task: Packer task: initialize from command line() 
protocols.moves.MonteCarlo: MonteCarlo:: last_accepted_score,lowest_score: -710.86 -711.859
protocols.motifs.Motif: Res1 name is VAL
protocols.motifs.Motif: atom1 name is aroC
protocols.motifs.Motif: atom2 name is aroC
protocols.motifs.Motif: atom3 name is Cl
protocols.motifs.Motif: Res1 name is LEU
protocols.motifs.Motif: atom1 name is aroC
protocols.motifs.Motif: atom2 name is aroC
protocols.motifs.Motif: atom3 name is aroC
protocols.motifs.Motif: Res1 name is TYR
protocols.motifs.Motif: atom1 name is CH1
protocols.motifs.Motif: atom2 name is CH2
protocols.motifs.Motif: atom3 name is Ntrp
protocols.motifs.Motif: Res1 name is VAL
protocols.motifs.Motif: atom1 name is Npro
protocols.motifs.Motif: atom2 name is COO
protocols.motifs.Motif: atom3 name is ONH2
protocols.motifs.Motif: Res1 name is ILE
protocols.motifs.Motif: atom1 name is aroC
protocols.motifs.Motif: atom2 name is aroC
protocols.motifs.Motif: atom3 name is aroC
protocols.motifs.Motif: Res1 name is ILE
protocols.motifs.Motif: atom1 name is aroC
protocols.motifs.Motif: atom2 name is aroC
protocols.motifs.Motif: atom3 name is S
protocols.motifs.Motif: Res1 name is TYR
protocols.motifs.Motif: atom1 name is Npro
protocols.motifs.Motif: atom2 name is COO
protocols.motifs.Motif: atom3 name is ONH2
protocols.motifs.Motif: Res1 name is ILE
protocols.motifs.Motif: atom1 name is aroC
protocols.motifs.Motif: atom2 name is aroC
protocols.motifs.Motif: atom3 name is Cl
protocols.motifs.Motif: Res1 name is LEU
protocols.motifs.Motif: atom1 name is aroC
protocols.motifs.Motif: atom2 name is aroC
protocols.motifs.Motif: atom3 name is aroC
protocols.motifs.Motif: Res1 name is ILE
protocols.motifs.Motif: atom1 name is aroC
protocols.motifs.Motif: atom2 name is aroC
protocols.motifs.Motif: atom3 name is aroC
core.pack.task: Packer task: initialize from command line() 
core.pack.task: Packer task: initialize from command line() 
core.pack.task: Packer task: initialize from command line() 
protocols.moves.MonteCarlo: MonteCarlo:: last_accepted_score,lowest_score: -711.818 -711.818
protocols.motifs.Motif: Res1 name is VAL
protocols.motifs.Motif: atom1 name is aroC
protocols.motifs.Motif: atom2 name is COO
protocols.motifs.Motif: atom3 name is Nhis
protocols.motifs.Motif: Res1 name is LEU
protocols.motifs.Motif: atom1 name is aroC
protocols.motifs.Motif: atom2 name is aroC
protocols.motifs.Motif: atom3 name is aroC
protocols.motifs.Motif: Res1 name is TYR
protocols.motifs.Motif: atom1 name is CH1
protocols.motifs.Motif: atom2 name is CH2
protocols.motifs.Motif: atom3 name is Ntrp
protocols.motifs.Motif: Res1 name is VAL
protocols.motifs.Motif: atom1 name is Npro
protocols.motifs.Motif: atom2 name is COO
protocols.motifs.Motif: atom3 name is ONH2
protocols.motifs.Motif: Res1 name is ILE
protocols.motifs.Motif: atom1 name is aroC
protocols.motifs.Motif: atom2 name is aroC
protocols.motifs.Motif: atom3 name is aroC
protocols.motifs.Motif: Res1 name is ILE
protocols.motifs.Motif: atom1 name is aroC
protocols.motifs.Motif: atom2 name is aroC
protocols.motifs.Motif: atom3 name is S
protocols.motifs.Motif: Res1 name is TYR
protocols.motifs.Motif: atom1 name is Npro
protocols.motifs.Motif: atom2 name is COO
protocols.motifs.Motif: atom3 name is ONH2
protocols.motifs.Motif: Res1 name is ILE
protocols.motifs.Motif: atom1 name is aroC
protocols.motifs.Motif: atom2 name is aroC
protocols.motifs.Motif: atom3 name is Cl
protocols.motifs.Motif: Res1 name is LYS
protocols.motifs.Motif: atom1 name is aroC
protocols.motifs.Motif: atom2 name is aroC
protocols.motifs.Motif: atom3 name is Cl
protocols.motifs.Motif: Res1 name is LEU
protocols.motifs.Motif: atom1 name is Npro
protocols.motifs.Motif: atom2 name is COO
protocols.motifs.Motif: atom3 name is ONH2
protocols.motifs.Motif: Res1 name is LYS
protocols.motifs.Motif: atom1 name is aroC
protocols.motifs.Motif: atom2 name is aroC
protocols.motifs.Motif: atom3 name is CH1
protocols.motifs.Motif: Res1 name is ILE
protocols.motifs.Motif: atom1 name is aroC
protocols.motifs.Motif: atom2 name is COO
protocols.motifs.Motif: atom3 name is Nhis
core.pack.task: Packer task: initialize from command line() 
core.pack.task: Packer task: initialize from command line() 
core.pack.task: Packer task: initialize from command line() 
protocols.moves.MonteCarlo: MonteCarlo:: last_accepted_score,lowest_score: -703.384 -703.384
protocols.motifs.Motif: Res1 name is TYR
protocols.motifs.Motif: atom1 name is Npro
protocols.motifs.Motif: atom2 name is COO
protocols.motifs.Motif: atom3 name is ONH2
protocols.motifs.Motif: Res1 name is TYR
protocols.motifs.Motif: atom1 name is aroC
protocols.motifs.Motif: atom2 name is COO
protocols.motifs.Motif: atom3 name is Nhis
protocols.motifs.Motif: Res1 name is GLU
protocols.motifs.Motif: atom1 name is aroC
protocols.motifs.Motif: atom2 name is COO
protocols.motifs.Motif: atom3 name is Nhis
protocols.motifs.Motif: Res1 name is LEU
protocols.motifs.Motif: atom1 name is aroC
protocols.motifs.Motif: atom2 name is aroC
protocols.motifs.Motif: atom3 name is aroC
protocols.motifs.Motif: Res1 name is LYS
protocols.motifs.Motif: atom1 name is Npro
protocols.motifs.Motif: atom2 name is COO
protocols.motifs.Motif: atom3 name is ONH2
protocols.motifs.Motif: Res1 name is ILE
protocols.motifs.Motif: atom1 name is aroC
protocols.motifs.Motif: atom2 name is aroC
protocols.motifs.Motif: atom3 name is S
core.pack.task: Packer task: initialize from command line() 
core.pack.task: Packer task: initialize from command line() 
core.pack.task: Packer task: initialize from command line() 
protocols.moves.MonteCarlo: MonteCarlo:: last_accepted_score,lowest_score: -692.384 -692.384
protocols.motifs.Motif: Res1 name is MET
protocols.motifs.Motif: atom1 name is aroC
protocols.motifs.Motif: atom2 name is aroC
protocols.motifs.Motif: atom3 name is Cl
protocols.motifs.Motif: Res1 name is LEU
protocols.motifs.Motif: atom1 name is aroC
protocols.motifs.Motif: atom2 name is aroC
protocols.motifs.Motif: atom3 name is S
protocols.motifs.Motif: Res1 name is TYR
protocols.motifs.Motif: atom1 name is Npro
protocols.motifs.Motif: atom2 name is COO
protocols.motifs.Motif: atom3 name is ONH2
protocols.motifs.Motif: Res1 name is ILE
protocols.motifs.Motif: atom1 name is aroC
protocols.motifs.Motif: atom2 name is aroC
protocols.motifs.Motif: atom3 name is aroC
protocols.motifs.Motif: Res1 name is TYR
protocols.motifs.Motif: atom1 name is CH1
protocols.motifs.Motif: atom2 name is CH2
protocols.motifs.Motif: atom3 name is Ntrp
protocols.motifs.Motif: Res1 name is LEU
protocols.motifs.Motif: atom1 name is OOC
protocols.motifs.Motif: atom2 name is COO
protocols.motifs.Motif: atom3 name is OOC
protocols.motifs.Motif: Res1 name is LYS
protocols.motifs.Motif: atom1 name is Npro
protocols.motifs.Motif: atom2 name is COO
protocols.motifs.Motif: atom3 name is ONH2
core.pack.task: Packer task: initialize from command line() 
core.pack.task: Packer task: initialize from command line() 
core.pack.task: Packer task: initialize from command line() 
protocols.moves.MonteCarlo: MonteCarlo:: last_accepted_score,lowest_score: -697.526 -698.073
protocols.motifs.Motif: Res1 name is MET
protocols.motifs.Motif: atom1 name is aroC
protocols.motifs.Motif: atom2 name is COO
protocols.motifs.Motif: atom3 name is Nhis
protocols.motifs.Motif: Res1 name is TYR
protocols.motifs.Motif: atom1 name is aroC
protocols.motifs.Motif: atom2 name is aroC
protocols.motifs.Motif: atom3 name is CH1
protocols.motifs.Motif: Res1 name is VAL
protocols.motifs.Motif: atom1 name is CH3
protocols.motifs.Motif: atom2 name is Npro
protocols.motifs.Motif: atom3 name is COO
protocols.motifs.Motif: Res1 name is ILE
protocols.motifs.Motif: atom1 name is OOC
protocols.motifs.Motif: atom2 name is COO
protocols.motifs.Motif: atom3 name is OOC
protocols.motifs.Motif: Res1 name is TYR
protocols.motifs.Motif: atom1 name is aroC
protocols.motifs.Motif: atom2 name is aroC
protocols.motifs.Motif: atom3 name is S
protocols.motifs.Motif: Res1 name is LEU
protocols.motifs.Motif: atom1 name is aroC
protocols.motifs.Motif: atom2 name is CH2
protocols.motifs.Motif: atom3 name is Ntrp
core.pack.task: Packer task: initialize from command line() 
core.pack.task: Packer task: initialize from command line() 
core.pack.task: Packer task: initialize from command line() 
protocols.moves.MonteCarlo: MonteCarlo:: last_accepted_score,lowest_score: -699.126 -699.126
protocols.motifs.Motif: Res1 name is MET
protocols.motifs.Motif: atom1 name is aroC
protocols.motifs.Motif: atom2 name is aroC
protocols.motifs.Motif: atom3 name is aroC
protocols.motifs.Motif: Res1 name is VAL
protocols.motifs.Motif: atom1 name is OOC
protocols.motifs.Motif: atom2 name is COO
protocols.motifs.Motif: atom3 name is OOC
protocols.motifs.Motif: Res1 name is LEU
protocols.motifs.Motif: atom1 name is aroC
protocols.motifs.Motif: atom2 name is aroC
protocols.motifs.Motif: atom3 name is S
protocols.motifs.Motif: Res1 name is TYR
protocols.motifs.Motif: atom1 name is aroC
protocols.motifs.Motif: atom2 name is aroC
protocols.motifs.Motif: atom3 name is S
protocols.motifs.Motif: Res1 name is ILE
protocols.motifs.Motif: atom1 name is aroC
protocols.motifs.Motif: atom2 name is aroC
protocols.motifs.Motif: atom3 name is aroC
protocols.motifs.Motif: Res1 name is TYR
protocols.motifs.Motif: atom1 name is aroC
protocols.motifs.Motif: atom2 name is aroC
protocols.motifs.Motif: atom3 name is CH1
protocols.motifs.Motif: Res1 name is LEU
protocols.motifs.Motif: atom1 name is OOC
protocols.motifs.Motif: atom2 name is COO
protocols.motifs.Motif: atom3 name is OOC
core.pack.task: Packer task: initialize from command line() 
core.pack.task: Packer task: initialize from command line() 
core.pack.task: Packer task: initialize from command line() 
protocols.moves.MonteCarlo: MonteCarlo:: last_accepted_score,lowest_score: -699.189 -699.189
protocols.motifs.Motif: Res1 name is VAL
protocols.motifs.Motif: atom1 name is OOC
protocols.motifs.Motif: atom2 name is COO
protocols.motifs.Motif: atom3 name is OOC
protocols.motifs.Motif: Res1 name is ILE
protocols.motifs.Motif: atom1 name is aroC
protocols.motifs.Motif: atom2 name is aroC
protocols.motifs.Motif: atom3 name is S
protocols.motifs.Motif: Res1 name is ILE
protocols.motifs.Motif: atom1 name is aroC
protocols.motifs.Motif: atom2 name is aroC
protocols.motifs.Motif: atom3 name is Cl
protocols.motifs.Motif: Res1 name is TYR
protocols.motifs.Motif: atom1 name is Npro
protocols.motifs.Motif: atom2 name is COO
protocols.motifs.Motif: atom3 name is ONH2
protocols.motifs.Motif: Res1 name is PHE
protocols.motifs.Motif: atom1 name is aroC
protocols.motifs.Motif: atom2 name is aroC
protocols.motifs.Motif: atom3 name is aroC
protocols.motifs.Motif: Res1 name is LEU
protocols.motifs.Motif: atom1 name is aroC
protocols.motifs.Motif: atom2 name is CH2
protocols.motifs.Motif: atom3 name is Ntrp
core.pack.task: Packer task: initialize from command line() 
core.pack.task: Packer task: initialize from command line() 
core.pack.task: Packer task: initialize from command line() 
protocols.moves.MonteCarlo: MonteCarlo:: last_accepted_score,lowest_score: -699.624 -699.624
protocols.motifs.Motif: Res1 name is MET
protocols.motifs.Motif: atom1 name is aroC
protocols.motifs.Motif: atom2 name is aroC
protocols.motifs.Motif: atom3 name is aroC
protocols.motifs.Motif: Res1 name is LEU
protocols.motifs.Motif: atom1 name is aroC
protocols.motifs.Motif: atom2 name is CH2
protocols.motifs.Motif: atom3 name is Ntrp
protocols.motifs.Motif: Res1 name is VAL
protocols.motifs.Motif: atom1 name is OOC
protocols.motifs.Motif: atom2 name is COO
protocols.motifs.Motif: atom3 name is OOC
protocols.motifs.Motif: Res1 name is TYR
protocols.motifs.Motif: atom1 name is COO
protocols.motifs.Motif: atom2 name is CH2
protocols.motifs.Motif: atom3 name is Ntrp
protocols.motifs.Motif: Res1 name is ILE
protocols.motifs.Motif: atom1 name is OOC
protocols.motifs.Motif: atom2 name is COO
protocols.motifs.Motif: atom3 name is OOC
protocols.motifs.Motif: Res1 name is TYR
protocols.motifs.Motif: atom1 name is aroC
protocols.motifs.Motif: atom2 name is aroC
protocols.motifs.Motif: atom3 name is CH1
protocols.motifs.Motif: Res1 name is LEU
protocols.motifs.Motif: atom1 name is OOC
protocols.motifs.Motif: atom2 name is COO
protocols.motifs.Motif: atom3 name is OOC
core.pack.task: Packer task: initialize from command line() 
core.pack.task: Packer task: initialize from command line() 
core.pack.task: Packer task: initialize from command line() 
protocols.moves.MonteCarlo: MonteCarlo:: last_accepted_score,lowest_score: -699.182 -699.182
protocols.motifs.Motif: Res1 name is MET
protocols.motifs.Motif: atom1 name is aroC
protocols.motifs.Motif: atom2 name is aroC
protocols.motifs.Motif: atom3 name is Cl
protocols.motifs.Motif: Res1 name is VAL
protocols.motifs.Motif: atom1 name is aroC
protocols.motifs.Motif: atom2 name is aroC
protocols.motifs.Motif: atom3 name is Cl
protocols.motifs.Motif: Res1 name is TYR
protocols.motifs.Motif: atom1 name is Npro
protocols.motifs.Motif: atom2 name is COO
protocols.motifs.Motif: atom3 name is ONH2
protocols.motifs.Motif: Res1 name is THR
protocols.motifs.Motif: atom1 name is aroC
protocols.motifs.Motif: atom2 name is aroC
protocols.motifs.Motif: atom3 name is Cl
protocols.motifs.Motif: Res1 name is ILE
protocols.motifs.Motif: atom1 name is aroC
protocols.motifs.Motif: atom2 name is aroC
protocols.motifs.Motif: atom3 name is S
protocols.motifs.Motif: Res1 name is TYR
protocols.motifs.Motif: atom1 name is aroC
protocols.motifs.Motif: atom2 name is CH2
protocols.motifs.Motif: atom3 name is Ntrp
protocols.motifs.Motif: Res1 name is LEU
protocols.motifs.Motif: atom1 name is aroC
protocols.motifs.Motif: atom2 name is aroC
protocols.motifs.Motif: atom3 name is aroC
protocols.motifs.Motif: Res1 name is LYS
protocols.motifs.Motif: atom1 name is aroC
protocols.motifs.Motif: atom2 name is aroC
protocols.motifs.Motif: atom3 name is CH1
core.pack.task: Packer task: initialize from command line() 
core.pack.task: Packer task: initialize from command line() 
core.pack.task: Packer task: initialize from command line() 
protocols.moves.MonteCarlo: MonteCarlo:: last_accepted_score,lowest_score: -697.907 -699.213
protocols.motifs.Motif: Res1 name is MET
protocols.motifs.Motif: atom1 name is aroC
protocols.motifs.Motif: atom2 name is COO
protocols.motifs.Motif: atom3 name is Nhis
protocols.motifs.Motif: Res1 name is TYR
protocols.motifs.Motif: atom1 name is aroC
protocols.motifs.Motif: atom2 name is aroC
protocols.motifs.Motif: atom3 name is CH1
protocols.motifs.Motif: Res1 name is ILE
protocols.motifs.Motif: atom1 name is OOC
protocols.motifs.Motif: atom2 name is COO
protocols.motifs.Motif: atom3 name is OOC
protocols.motifs.Motif: Res1 name is TYR
protocols.motifs.Motif: atom1 name is aroC
protocols.motifs.Motif: atom2 name is aroC
protocols.motifs.Motif: atom3 name is S
protocols.motifs.Motif: Res1 name is LEU
protocols.motifs.Motif: atom1 name is aroC
protocols.motifs.Motif: atom2 name is aroC
protocols.motifs.Motif: atom3 name is S
core.pack.task: Packer task: initialize from command line() 
core.pack.task: Packer task: initialize from command line() 
core.pack.task: Packer task: initialize from command line() 
protocols.moves.MonteCarlo: MonteCarlo:: last_accepted_score,lowest_score: -697.696 -697.696
protocols.motifs.Motif: Res1 name is LEU
protocols.motifs.Motif: atom1 name is OOC
protocols.motifs.Motif: atom2 name is COO
protocols.motifs.Motif: atom3 name is OOC
protocols.motifs.Motif: Res1 name is THR
protocols.motifs.Motif: atom1 name is aroC
protocols.motifs.Motif: atom2 name is aroC
protocols.motifs.Motif: atom3 name is Cl
protocols.motifs.Motif: Res1 name is ILE
protocols.motifs.Motif: atom1 name is aroC
protocols.motifs.Motif: atom2 name is aroC
protocols.motifs.Motif: atom3 name is aroC
protocols.motifs.Motif: Res1 name is TYR
protocols.motifs.Motif: atom1 name is Npro
protocols.motifs.Motif: atom2 name is COO
protocols.motifs.Motif: atom3 name is ONH2
protocols.motifs.Motif: Res1 name is LEU
protocols.motifs.Motif: atom1 name is OOC
protocols.motifs.Motif: atom2 name is COO
protocols.motifs.Motif: atom3 name is OOC
protocols.motifs.Motif: Res1 name is ILE
protocols.motifs.Motif: atom1 name is OOC
protocols.motifs.Motif: atom2 name is COO
protocols.motifs.Motif: atom3 name is OOC
core.pack.task: Packer task: initialize from command line() 
core.pack.task: Packer task: initialize from command line() 
core.pack.task: Packer task: initialize from command line() 
protocols.moves.MonteCarlo: MonteCarlo:: last_accepted_score,lowest_score: -694.811 -694.811
protocols.motifs.Motif: Res1 name is MET
protocols.motifs.Motif: atom1 name is aroC
protocols.motifs.Motif: atom2 name is aroC
protocols.motifs.Motif: atom3 name is Cl
protocols.motifs.Motif: Res1 name is LEU
protocols.motifs.Motif: atom1 name is aroC
protocols.motifs.Motif: atom2 name is aroC
protocols.motifs.Motif: atom3 name is S
protocols.motifs.Motif: Res1 name is TYR
protocols.motifs.Motif: atom1 name is Npro
protocols.motifs.Motif: atom2 name is COO
protocols.motifs.Motif: atom3 name is ONH2
protocols.motifs.Motif: Res1 name is VAL
protocols.motifs.Motif: atom1 name is aroC
protocols.motifs.Motif: atom2 name is CH2
protocols.motifs.Motif: atom3 name is Ntrp
protocols.motifs.Motif: Res1 name is ILE
protocols.motifs.Motif: atom1 name is aroC
protocols.motifs.Motif: atom2 name is aroC
protocols.motifs.Motif: atom3 name is aroC
protocols.motifs.Motif: Res1 name is TYR
protocols.motifs.Motif: atom1 name is CH1
protocols.motifs.Motif: atom2 name is CH2
protocols.motifs.Motif: atom3 name is Ntrp
protocols.motifs.Motif: Res1 name is LEU
protocols.motifs.Motif: atom1 name is OOC
protocols.motifs.Motif: atom2 name is COO
protocols.motifs.Motif: atom3 name is OOC
protocols.motifs.Motif: Res1 name is LYS
protocols.motifs.Motif: atom1 name is Npro
protocols.motifs.Motif: atom2 name is COO
protocols.motifs.Motif: atom3 name is ONH2
core.pack.task: Packer task: initialize from command line() 
core.pack.task: Packer task: initialize from command line() 
core.pack.task: Packer task: initialize from command line() 
protocols.moves.MonteCarlo: MonteCarlo:: last_accepted_score,lowest_score: -697.733 -698.819
protocols.motifs.Motif: Res1 name is VAL
protocols.motifs.Motif: atom1 name is OOC
protocols.motifs.Motif: atom2 name is COO
protocols.motifs.Motif: atom3 name is OOC
protocols.motifs.Motif: Res1 name is ILE
protocols.motifs.Motif: atom1 name is aroC
protocols.motifs.Motif: atom2 name is aroC
protocols.motifs.Motif: atom3 name is S
protocols.motifs.Motif: Res1 name is ILE
protocols.motifs.Motif: atom1 name is aroC
protocols.motifs.Motif: atom2 name is aroC
protocols.motifs.Motif: atom3 name is Cl
protocols.motifs.Motif: Res1 name is TYR
protocols.motifs.Motif: atom1 name is Npro
protocols.motifs.Motif: atom2 name is COO
protocols.motifs.Motif: atom3 name is ONH2
protocols.motifs.Motif: Res1 name is PHE
protocols.motifs.Motif: atom1 name is aroC
protocols.motifs.Motif: atom2 name is aroC
protocols.motifs.Motif: atom3 name is aroC
protocols.motifs.Motif: Res1 name is LEU
protocols.motifs.Motif: atom1 name is OOC
protocols.motifs.Motif: atom2 name is COO
protocols.motifs.Motif: atom3 name is OOC
core.pack.task: Packer task: initialize from command line() 
core.pack.task: Packer task: initialize from command line() 
core.pack.task: Packer task: initialize from command line() 
protocols.moves.MonteCarlo: MonteCarlo:: last_accepted_score,lowest_score: -694.274 -694.274
protocols.motifs.Motif: Res1 name is MET
protocols.motifs.Motif: atom1 name is aroC
protocols.motifs.Motif: atom2 name is aroC
protocols.motifs.Motif: atom3 name is Cl
protocols.motifs.Motif: Res1 name is LEU
protocols.motifs.Motif: atom1 name is aroC
protocols.motifs.Motif: atom2 name is aroC
protocols.motifs.Motif: atom3 name is S
protocols.motifs.Motif: Res1 name is TYR
protocols.motifs.Motif: atom1 name is Npro
protocols.motifs.Motif: atom2 name is COO
protocols.motifs.Motif: atom3 name is ONH2
protocols.motifs.Motif: Res1 name is ILE
protocols.motifs.Motif: atom1 name is aroC
protocols.motifs.Motif: atom2 name is CH2
protocols.motifs.Motif: atom3 name is Ntrp
protocols.motifs.Motif: Res1 name is TYR
protocols.motifs.Motif: atom1 name is CH1
protocols.motifs.Motif: atom2 name is CH2
protocols.motifs.Motif: atom3 name is Ntrp
protocols.motifs.Motif: Res1 name is ILE
protocols.motifs.Motif: atom1 name is OOC
protocols.motifs.Motif: atom2 name is COO
protocols.motifs.Motif: atom3 name is OOC
protocols.motifs.Motif: Res1 name is LEU
protocols.motifs.Motif: atom1 name is OOC
protocols.motifs.Motif: atom2 name is COO
protocols.motifs.Motif: atom3 name is OOC
protocols.motifs.Motif: Res1 name is LYS
protocols.motifs.Motif: atom1 name is Npro
protocols.motifs.Motif: atom2 name is COO
protocols.motifs.Motif: atom3 name is ONH2
core.pack.task: Packer task: initialize from command line() 
core.pack.task: Packer task: initialize from command line() 
core.pack.task: Packer task: initialize from command line() 
protocols.moves.MonteCarlo: MonteCarlo:: last_accepted_score,lowest_score: -698.851 -698.851
protocols.motifs.Motif: Res1 name is MET
protocols.motifs.Motif: atom1 name is aroC
protocols.motifs.Motif: atom2 name is COO
protocols.motifs.Motif: atom3 name is Nhis
protocols.motifs.Motif: Res1 name is TYR
protocols.motifs.Motif: atom1 name is aroC
protocols.motifs.Motif: atom2 name is aroC
protocols.motifs.Motif: atom3 name is CH1
protocols.motifs.Motif: Res1 name is ILE
protocols.motifs.Motif: atom1 name is OOC
protocols.motifs.Motif: atom2 name is COO
protocols.motifs.Motif: atom3 name is OOC
protocols.motifs.Motif: Res1 name is TYR
protocols.motifs.Motif: atom1 name is aroC
protocols.motifs.Motif: atom2 name is aroC
protocols.motifs.Motif: atom3 name is S
protocols.motifs.Motif: Res1 name is LEU
protocols.motifs.Motif: atom1 name is OOC
protocols.motifs.Motif: atom2 name is COO
protocols.motifs.Motif: atom3 name is OOC
core.pack.task: Packer task: initialize from command line() 
core.pack.task: Packer task: initialize from command line() 
core.pack.task: Packer task: initialize from command line() 
protocols.moves.MonteCarlo: MonteCarlo:: last_accepted_score,lowest_score: -696.294 -696.3
protocols.motifs.Motif: Res1 name is MET
protocols.motifs.Motif: atom1 name is aroC
protocols.motifs.Motif: atom2 name is aroC
protocols.motifs.Motif: atom3 name is aroC
protocols.motifs.Motif: Res1 name is LEU
protocols.motifs.Motif: atom1 name is aroC
protocols.motifs.Motif: atom2 name is aroC
protocols.motifs.Motif: atom3 name is S
protocols.motifs.Motif: Res1 name is TYR
protocols.motifs.Motif: atom1 name is Npro
protocols.motifs.Motif: atom2 name is COO
protocols.motifs.Motif: atom3 name is ONH2
protocols.motifs.Motif: Res1 name is VAL
protocols.motifs.Motif: atom1 name is aroC
protocols.motifs.Motif: atom2 name is CH2
protocols.motifs.Motif: atom3 name is Ntrp
protocols.motifs.Motif: Res1 name is ILE
protocols.motifs.Motif: atom1 name is aroC
protocols.motifs.Motif: atom2 name is aroC
protocols.motifs.Motif: atom3 name is aroC
protocols.motifs.Motif: Res1 name is TYR
protocols.motifs.Motif: atom1 name is OOC
protocols.motifs.Motif: atom2 name is COO
protocols.motifs.Motif: atom3 name is OOC
protocols.motifs.Motif: Res1 name is LEU
protocols.motifs.Motif: atom1 name is OOC
protocols.motifs.Motif: atom2 name is COO
protocols.motifs.Motif: atom3 name is OOC
protocols.motifs.Motif: Res1 name is LYS
protocols.motifs.Motif: atom1 name is Npro
protocols.motifs.Motif: atom2 name is COO
protocols.motifs.Motif: atom3 name is ONH2
core.pack.task: Packer task: initialize from command line() 
core.pack.task: Packer task: initialize from command line() 
core.pack.task: Packer task: initialize from command line() 
protocols.moves.MonteCarlo: MonteCarlo:: last_accepted_score,lowest_score: -697.273 -697.273
protocols.motifs.Motif: Res1 name is MET
protocols.motifs.Motif: atom1 name is aroC
protocols.motifs.Motif: atom2 name is aroC
protocols.motifs.Motif: atom3 name is Cl
protocols.motifs.Motif: Res1 name is LEU
protocols.motifs.Motif: atom1 name is aroC
protocols.motifs.Motif: atom2 name is aroC
protocols.motifs.Motif: atom3 name is S
protocols.motifs.Motif: Res1 name is TYR
protocols.motifs.Motif: atom1 name is Npro
protocols.motifs.Motif: atom2 name is COO
protocols.motifs.Motif: atom3 name is ONH2
protocols.motifs.Motif: Res1 name is VAL
protocols.motifs.Motif: atom1 name is aroC
protocols.motifs.Motif: atom2 name is CH2
protocols.motifs.Motif: atom3 name is Ntrp
protocols.motifs.Motif: Res1 name is ILE
protocols.motifs.Motif: atom1 name is aroC
protocols.motifs.Motif: atom2 name is aroC
protocols.motifs.Motif: atom3 name is aroC
protocols.motifs.Motif: Res1 name is TYR
protocols.motifs.Motif: atom1 name is CH1
protocols.motifs.Motif: atom2 name is CH2
protocols.motifs.Motif: atom3 name is Ntrp
protocols.motifs.Motif: Res1 name is LEU
protocols.motifs.Motif: atom1 name is OOC
protocols.motifs.Motif: atom2 name is COO
protocols.motifs.Motif: atom3 name is OOC
protocols.motifs.Motif: Res1 name is LYS
protocols.motifs.Motif: atom1 name is Npro
protocols.motifs.Motif: atom2 name is COO
protocols.motifs.Motif: atom3 name is ONH2
core.pack.task: Packer task: initialize from command line() 
core.pack.task: Packer task: initialize from command line() 
core.pack.task: Packer task: initialize from command line() 
protocols.moves.MonteCarlo: MonteCarlo:: last_accepted_score,lowest_score: -697.286 -697.286
protocols.motifs.Motif: Res1 name is ILE
protocols.motifs.Motif: atom1 name is OOC
protocols.motifs.Motif: atom2 name is COO
protocols.motifs.Motif: atom3 name is OOC
protocols.motifs.Motif: Res1 name is TYR
protocols.motifs.Motif: atom1 name is aroC
protocols.motifs.Motif: atom2 name is aroC
protocols.motifs.Motif: atom3 name is S
protocols.motifs.Motif: Res1 name is LEU
protocols.motifs.Motif: atom1 name is OOC
protocols.motifs.Motif: atom2 name is COO
protocols.motifs.Motif: atom3 name is OOC
core.pack.task: Packer task: initialize from command line() 
core.pack.task: Packer task: initialize from command line() 
core.pack.task: Packer task: initialize from command line() 
protocols.moves.MonteCarlo: MonteCarlo:: last_accepted_score,lowest_score: -697.952 -697.952
protocols.motifs.Motif: Res1 name is VAL
protocols.motifs.Motif: atom1 name is OOC
protocols.motifs.Motif: atom2 name is COO
protocols.motifs.Motif: atom3 name is OOC
protocols.motifs.Motif: Res1 name is ILE
protocols.motifs.Motif: atom1 name is aroC
protocols.motifs.Motif: atom2 name is aroC
protocols.motifs.Motif: atom3 name is S
protocols.motifs.Motif: Res1 name is ILE
protocols.motifs.Motif: atom1 name is aroC
protocols.motifs.Motif: atom2 name is aroC
protocols.motifs.Motif: atom3 name is Cl
protocols.motifs.Motif: Res1 name is TYR
protocols.motifs.Motif: atom1 name is Npro
protocols.motifs.Motif: atom2 name is COO
protocols.motifs.Motif: atom3 name is ONH2
protocols.motifs.Motif: Res1 name is LEU
protocols.motifs.Motif: atom1 name is OOC
protocols.motifs.Motif: atom2 name is COO
protocols.motifs.Motif: atom3 name is OOC
core.pack.task: Packer task: initialize from command line() 
core.pack.task: Packer task: initialize from command line() 
core.pack.task: Packer task: initialize from command line() 
protocols.moves.MonteCarlo: MonteCarlo:: last_accepted_score,lowest_score: -684.117 -684.439
protocols.motifs.Motif: Res1 name is MET
protocols.motifs.Motif: atom1 name is aroC
protocols.motifs.Motif: atom2 name is aroC
protocols.motifs.Motif: atom3 name is Cl
protocols.motifs.Motif: Res1 name is VAL
protocols.motifs.Motif: atom1 name is aroC
protocols.motifs.Motif: atom2 name is aroC
protocols.motifs.Motif: atom3 name is Cl
protocols.motifs.Motif: Res1 name is LEU
protocols.motifs.Motif: atom1 name is aroC
protocols.motifs.Motif: atom2 name is aroC
protocols.motifs.Motif: atom3 name is S
protocols.motifs.Motif: Res1 name is PHE
protocols.motifs.Motif: atom1 name is OOC
protocols.motifs.Motif: atom2 name is COO
protocols.motifs.Motif: atom3 name is OOC
protocols.motifs.Motif: Res1 name is TYR
protocols.motifs.Motif: atom1 name is Npro
protocols.motifs.Motif: atom2 name is COO
protocols.motifs.Motif: atom3 name is ONH2
protocols.motifs.Motif: Res1 name is VAL
protocols.motifs.Motif: atom1 name is aroC
protocols.motifs.Motif: atom2 name is CH2
protocols.motifs.Motif: atom3 name is Ntrp
protocols.motifs.Motif: Res1 name is ILE
protocols.motifs.Motif: atom1 name is aroC
protocols.motifs.Motif: atom2 name is CH2
protocols.motifs.Motif: atom3 name is Ntrp
protocols.motifs.Motif: Res1 name is TYR
protocols.motifs.Motif: atom1 name is CH1
protocols.motifs.Motif: atom2 name is CH2
protocols.motifs.Motif: atom3 name is Ntrp
protocols.motifs.Motif: Res1 name is ILE
protocols.motifs.Motif: atom1 name is OOC
protocols.motifs.Motif: atom2 name is COO
protocols.motifs.Motif: atom3 name is OOC
protocols.motifs.Motif: Res1 name is LEU
protocols.motifs.Motif: atom1 name is OOC
protocols.motifs.Motif: atom2 name is COO
protocols.motifs.Motif: atom3 name is OOC
protocols.motifs.Motif: Res1 name is LYS
protocols.motifs.Motif: atom1 name is Npro
protocols.motifs.Motif: atom2 name is COO
protocols.motifs.Motif: atom3 name is ONH2
core.pack.task: Packer task: initialize from command line() 
core.pack.task: Packer task: initialize from command line() 
core.pack.task: Packer task: initialize from command line() 
protocols.moves.MonteCarlo: MonteCarlo:: last_accepted_score,lowest_score: -708.501 -708.501
protocols.motifs.Motif: Res1 name is VAL
protocols.motifs.Motif: atom1 name is aroC
protocols.motifs.Motif: atom2 name is COO
protocols.motifs.Motif: atom3 name is Nhis
protocols.motifs.Motif: Res1 name is LEU
protocols.motifs.Motif: atom1 name is aroC
protocols.motifs.Motif: atom2 name is aroC
protocols.motifs.Motif: atom3 name is aroC
protocols.motifs.Motif: Res1 name is TYR
protocols.motifs.Motif: atom1 name is CH1
protocols.motifs.Motif: atom2 name is CH2
protocols.motifs.Motif: atom3 name is Ntrp
protocols.motifs.Motif: Res1 name is ILE
protocols.motifs.Motif: atom1 name is aroC
protocols.motifs.Motif: atom2 name is aroC
protocols.motifs.Motif: atom3 name is aroC
protocols.motifs.Motif: Res1 name is TYR
protocols.motifs.Motif: atom1 name is COO
protocols.motifs.Motif: atom2 name is CH2
protocols.motifs.Motif: atom3 name is Ntrp
protocols.motifs.Motif: Res1 name is LEU
protocols.motifs.Motif: atom1 name is aroC
protocols.motifs.Motif: atom2 name is aroC
protocols.motifs.Motif: atom3 name is aroC
protocols.motifs.Motif: Res1 name is LYS
protocols.motifs.Motif: atom1 name is CH3
protocols.motifs.Motif: atom2 name is Npro
protocols.motifs.Motif: atom3 name is COO
protocols.motifs.Motif: Res1 name is ILE
protocols.motifs.Motif: atom1 name is aroC
protocols.motifs.Motif: atom2 name is aroC
protocols.motifs.Motif: atom3 name is aroC
core.pack.task: Packer task: initialize from command line() 
core.pack.task: Packer task: initialize from command line() 
core.pack.task: Packer task: initialize from command line() 
protocols.moves.MonteCarlo: MonteCarlo:: last_accepted_score,lowest_score: -671.502 -671.502
protocols.motifs.Motif: Res1 name is VAL
protocols.motifs.Motif: atom1 name is Npro
protocols.motifs.Motif: atom2 name is COO
protocols.motifs.Motif: atom3 name is ONH2
protocols.motifs.Motif: Res1 name is LEU
protocols.motifs.Motif: atom1 name is aroC
protocols.motifs.Motif: atom2 name is aroC
protocols.motifs.Motif: atom3 name is Cl
protocols.motifs.Motif: Res1 name is VAL
protocols.motifs.Motif: atom1 name is aroC
protocols.motifs.Motif: atom2 name is aroC
protocols.motifs.Motif: atom3 name is aroC
protocols.motifs.Motif: Res1 name is LEU
protocols.motifs.Motif: atom1 name is aroC
protocols.motifs.Motif: atom2 name is aroC
protocols.motifs.Motif: atom3 name is aroC
protocols.motifs.Motif: Res1 name is TYR
protocols.motifs.Motif: atom1 name is aroC
protocols.motifs.Motif: atom2 name is aroC
protocols.motifs.Motif: atom3 name is aroC
protocols.motifs.Motif: Res1 name is PHE
protocols.motifs.Motif: atom1 name is aroC
protocols.motifs.Motif: atom2 name is aroC
protocols.motifs.Motif: atom3 name is Cl
protocols.motifs.Motif: Res1 name is VAL
protocols.motifs.Motif: atom1 name is Npro
protocols.motifs.Motif: atom2 name is COO
protocols.motifs.Motif: atom3 name is ONH2
protocols.motifs.Motif: Res1 name is TYR
protocols.motifs.Motif: atom1 name is aroC
protocols.motifs.Motif: atom2 name is aroC
protocols.motifs.Motif: atom3 name is aroC
protocols.motifs.Motif: Res1 name is LEU
protocols.motifs.Motif: atom1 name is aroC
protocols.motifs.Motif: atom2 name is COO
protocols.motifs.Motif: atom3 name is Nhis
core.pack.task: Packer task: initialize from command line() 
core.pack.task: Packer task: initialize from command line() 
core.pack.task: Packer task: initialize from command line() 
protocols.moves.MonteCarlo: MonteCarlo:: last_accepted_score,lowest_score: -399.035 -399.035
protocols.motifs.Motif: Res1 name is VAL
protocols.motifs.Motif: atom1 name is aroC
protocols.motifs.Motif: atom2 name is aroC
protocols.motifs.Motif: atom3 name is Cl
protocols.motifs.Motif: Res1 name is ILE
protocols.motifs.Motif: atom1 name is aroC
protocols.motifs.Motif: atom2 name is aroC
protocols.motifs.Motif: atom3 name is Cl
protocols.motifs.Motif: Res1 name is ILE
protocols.motifs.Motif: atom1 name is aroC
protocols.motifs.Motif: atom2 name is aroC
protocols.motifs.Motif: atom3 name is aroC
protocols.motifs.Motif: Res1 name is TYR
protocols.motifs.Motif: atom1 name is aroC
protocols.motifs.Motif: atom2 name is aroC
protocols.motifs.Motif: atom3 name is aroC
protocols.motifs.Motif: Res1 name is GLU
protocols.motifs.Motif: atom1 name is Npro
protocols.motifs.Motif: atom2 name is COO
protocols.motifs.Motif: atom3 name is ONH2
protocols.motifs.Motif: Res1 name is PHE
protocols.motifs.Motif: atom1 name is aroC
protocols.motifs.Motif: atom2 name is aroC
protocols.motifs.Motif: atom3 name is Cl
protocols.motifs.Motif: Res1 name is LEU
protocols.motifs.Motif: atom1 name is aroC
protocols.motifs.Motif: atom2 name is aroC
protocols.motifs.Motif: atom3 name is aroC
protocols.motifs.Motif: Res1 name is LYS
protocols.motifs.Motif: atom1 name is aroC
protocols.motifs.Motif: atom2 name is CH2
protocols.motifs.Motif: atom3 name is Ntrp
core.pack.task: Packer task: initialize from command line() 
core.pack.task: Packer task: initialize from command line() 
core.pack.task: Packer task: initialize from command line() 
protocols.moves.MonteCarlo: MonteCarlo:: last_accepted_score,lowest_score: -480.836 -480.836
protocols.motifs.Motif: Res1 name is LEU
protocols.motifs.Motif: atom1 name is aroC
protocols.motifs.Motif: atom2 name is aroC
protocols.motifs.Motif: atom3 name is aroC
protocols.motifs.Motif: Res1 name is PHE
protocols.motifs.Motif: atom1 name is aroC
protocols.motifs.Motif: atom2 name is aroC
protocols.motifs.Motif: atom3 name is Cl
protocols.motifs.Motif: Res1 name is VAL
protocols.motifs.Motif: atom1 name is aroC
protocols.motifs.Motif: atom2 name is aroC
protocols.motifs.Motif: atom3 name is Cl
protocols.motifs.Motif: Res1 name is LEU
protocols.motifs.Motif: atom1 name is aroC
protocols.motifs.Motif: atom2 name is aroC
protocols.motifs.Motif: atom3 name is Cl
protocols.motifs.Motif: Res1 name is TYR
protocols.motifs.Motif: atom1 name is Npro
protocols.motifs.Motif: atom2 name is COO
protocols.motifs.Motif: atom3 name is ONH2
protocols.motifs.Motif: Res1 name is PHE
protocols.motifs.Motif: atom1 name is aroC
protocols.motifs.Motif: atom2 name is aroC
protocols.motifs.Motif: atom3 name is aroC
protocols.motifs.Motif: Res1 name is THR
protocols.motifs.Motif: atom1 name is aroC
protocols.motifs.Motif: atom2 name is aroC
protocols.motifs.Motif: atom3 name is S
protocols.motifs.Motif: Res1 name is ILE
protocols.motifs.Motif: atom1 name is aroC
protocols.motifs.Motif: atom2 name is aroC
protocols.motifs.Motif: atom3 name is Cl
protocols.motifs.Motif: Res1 name is TYR
protocols.motifs.Motif: atom1 name is CH3
protocols.motifs.Motif: atom2 name is Npro
protocols.motifs.Motif: atom3 name is COO
protocols.motifs.Motif: Res1 name is LEU
protocols.motifs.Motif: atom1 name is aroC
protocols.motifs.Motif: atom2 name is COO
protocols.motifs.Motif: atom3 name is Nhis
protocols.motifs.Motif: Res1 name is ILE
protocols.motifs.Motif: atom1 name is aroC
protocols.motifs.Motif: atom2 name is aroC
protocols.motifs.Motif: atom3 name is aroC
core.pack.task: Packer task: initialize from command line() 
core.pack.task: Packer task: initialize from command line() 
core.pack.task: Packer task: initialize from command line() 
protocols.moves.MonteCarlo: MonteCarlo:: last_accepted_score,lowest_score: -681.792 -681.792
protocols.motifs.Motif: Res1 name is LEU
protocols.motifs.Motif: atom1 name is CH3
protocols.motifs.Motif: atom2 name is Npro
protocols.motifs.Motif: atom3 name is COO
protocols.motifs.Motif: Res1 name is VAL
protocols.motifs.Motif: atom1 name is aroC
protocols.motifs.Motif: atom2 name is aroC
protocols.motifs.Motif: atom3 name is aroC
protocols.motifs.Motif: Res1 name is LYS
protocols.motifs.Motif: atom1 name is OOC
protocols.motifs.Motif: atom2 name is COO
protocols.motifs.Motif: atom3 name is OOC
protocols.motifs.Motif: Res1 name is LEU
protocols.motifs.Motif: atom1 name is aroC
protocols.motifs.Motif: atom2 name is CH2
protocols.motifs.Motif: atom3 name is Ntrp
protocols.motifs.Motif: Res1 name is TYR
protocols.motifs.Motif: atom1 name is aroC
protocols.motifs.Motif: atom2 name is CH1
protocols.motifs.Motif: atom3 name is COO
protocols.motifs.Motif: Res1 name is ILE
protocols.motifs.Motif: atom1 name is CH3
protocols.motifs.Motif: atom2 name is Npro
protocols.motifs.Motif: atom3 name is COO
protocols.motifs.Motif: Res1 name is TYR
protocols.motifs.Motif: atom1 name is aroC
protocols.motifs.Motif: atom2 name is aroC
protocols.motifs.Motif: atom3 name is aroC
protocols.motifs.Motif: Res1 name is GLU
protocols.motifs.Motif: atom1 name is aroC
protocols.motifs.Motif: atom2 name is aroC
protocols.motifs.Motif: atom3 name is aroC
protocols.motifs.Motif: Res1 name is PHE
protocols.motifs.Motif: atom1 name is OOC
protocols.motifs.Motif: atom2 name is COO
protocols.motifs.Motif: atom3 name is OOC
protocols.motifs.Motif: Res1 name is LEU
protocols.motifs.Motif: atom1 name is aroC
protocols.motifs.Motif: atom2 name is aroC
protocols.motifs.Motif: atom3 name is S
protocols.motifs.Motif: Res1 name is GLN
protocols.motifs.Motif: atom1 name is OOC
protocols.motifs.Motif: atom2 name is COO
protocols.motifs.Motif: atom3 name is OOC
protocols.motifs.Motif: Res1 name is LYS
protocols.motifs.Motif: atom1 name is aroC
protocols.motifs.Motif: atom2 name is aroC
protocols.motifs.Motif: atom3 name is aroC
protocols.motifs.Motif: Res1 name is ILE
protocols.motifs.Motif: atom1 name is aroC
protocols.motifs.Motif: atom2 name is CH2
protocols.motifs.Motif: atom3 name is Ntrp
core.pack.task: Packer task: initialize from command line() 
core.pack.task: Packer task: initialize from command line() 
core.pack.task: Packer task: initialize from command line() 
protocols.moves.MonteCarlo: MonteCarlo:: last_accepted_score,lowest_score: -698.6 -698.6
protocols.motifs.Motif: Res1 name is VAL
protocols.motifs.Motif: atom1 name is aroC
protocols.motifs.Motif: atom2 name is COO
protocols.motifs.Motif: atom3 name is Nhis
protocols.motifs.Motif: Res1 name is TYR
protocols.motifs.Motif: atom1 name is Npro
protocols.motifs.Motif: atom2 name is COO
protocols.motifs.Motif: atom3 name is ONH2
protocols.motifs.Motif: Res1 name is GLU
protocols.motifs.Motif: atom1 name is aroC
protocols.motifs.Motif: atom2 name is aroC
protocols.motifs.Motif: atom3 name is S
protocols.motifs.Motif: Res1 name is LEU
protocols.motifs.Motif: atom1 name is aroC
protocols.motifs.Motif: atom2 name is aroC
protocols.motifs.Motif: atom3 name is Cl
protocols.motifs.Motif: Res1 name is LYS
protocols.motifs.Motif: atom1 name is Npro
protocols.motifs.Motif: atom2 name is COO
protocols.motifs.Motif: atom3 name is ONH2
core.pack.task: Packer task: initialize from command line() 
core.pack.task: Packer task: initialize from command line() 
core.pack.task: Packer task: initialize from command line() 
protocols.moves.MonteCarlo: MonteCarlo:: last_accepted_score,lowest_score: -711.573 -711.573
protocols.motifs.Motif: Res1 name is VAL
protocols.motifs.Motif: atom1 name is aroC
protocols.motifs.Motif: atom2 name is COO
protocols.motifs.Motif: atom3 name is Nhis
protocols.motifs.Motif: Res1 name is LEU
protocols.motifs.Motif: atom1 name is aroC
protocols.motifs.Motif: atom2 name is aroC
protocols.motifs.Motif: atom3 name is aroC
protocols.motifs.Motif: Res1 name is TYR
protocols.motifs.Motif: atom1 name is CH1
protocols.motifs.Motif: atom2 name is CH2
protocols.motifs.Motif: atom3 name is Ntrp
protocols.motifs.Motif: Res1 name is VAL
protocols.motifs.Motif: atom1 name is Npro
protocols.motifs.Motif: atom2 name is COO
protocols.motifs.Motif: atom3 name is ONH2
protocols.motifs.Motif: Res1 name is ILE
protocols.motifs.Motif: atom1 name is aroC
protocols.motifs.Motif: atom2 name is aroC
protocols.motifs.Motif: atom3 name is aroC
protocols.motifs.Motif: Res1 name is ILE
protocols.motifs.Motif: atom1 name is aroC
protocols.motifs.Motif: atom2 name is aroC
protocols.motifs.Motif: atom3 name is S
protocols.motifs.Motif: Res1 name is TYR
protocols.motifs.Motif: atom1 name is Npro
protocols.motifs.Motif: atom2 name is COO
protocols.motifs.Motif: atom3 name is ONH2
protocols.motifs.Motif: Res1 name is LEU
protocols.motifs.Motif: atom1 name is Npro
protocols.motifs.Motif: atom2 name is COO
protocols.motifs.Motif: atom3 name is ONH2
protocols.motifs.Motif: Res1 name is ILE
protocols.motifs.Motif: atom1 name is aroC
protocols.motifs.Motif: atom2 name is COO
protocols.motifs.Motif: atom3 name is Nhis
core.pack.task: Packer task: initialize from command line() 
core.pack.task: Packer task: initialize from command line() 
core.pack.task: Packer task: initialize from command line() 
protocols.moves.MonteCarlo: MonteCarlo:: last_accepted_score,lowest_score: -696.854 -696.854
protocols.motifs.Motif: Res1 name is MET
protocols.motifs.Motif: atom1 name is OOC
protocols.motifs.Motif: atom2 name is COO
protocols.motifs.Motif: atom3 name is OOC
protocols.motifs.Motif: Res1 name is VAL
protocols.motifs.Motif: atom1 name is aroC
protocols.motifs.Motif: atom2 name is aroC
protocols.motifs.Motif: atom3 name is aroC
protocols.motifs.Motif: Res1 name is LEU
protocols.motifs.Motif: atom1 name is aroC
protocols.motifs.Motif: atom2 name is aroC
protocols.motifs.Motif: atom3 name is CH1
protocols.motifs.Motif: Res1 name is VAL
protocols.motifs.Motif: atom1 name is aroC
protocols.motifs.Motif: atom2 name is COO
protocols.motifs.Motif: atom3 name is Nhis
protocols.motifs.Motif: Res1 name is TYR
protocols.motifs.Motif: atom1 name is CH1
protocols.motifs.Motif: atom2 name is CH2
protocols.motifs.Motif: atom3 name is Ntrp
protocols.motifs.Motif: Res1 name is THR
protocols.motifs.Motif: atom1 name is OOC
protocols.motifs.Motif: atom2 name is COO
protocols.motifs.Motif: atom3 name is OOC
protocols.motifs.Motif: Res1 name is VAL
protocols.motifs.Motif: atom1 name is aroC
protocols.motifs.Motif: atom2 name is CH2
protocols.motifs.Motif: atom3 name is Ntrp
protocols.motifs.Motif: Res1 name is ILE
protocols.motifs.Motif: atom1 name is aroC
protocols.motifs.Motif: atom2 name is aroC
protocols.motifs.Motif: atom3 name is aroC
protocols.motifs.Motif: Res1 name is TYR
protocols.motifs.Motif: atom1 name is Npro
protocols.motifs.Motif: atom2 name is COO
protocols.motifs.Motif: atom3 name is ONH2
protocols.motifs.Motif: Res1 name is LEU
protocols.motifs.Motif: atom1 name is aroC
protocols.motifs.Motif: atom2 name is aroC
protocols.motifs.Motif: atom3 name is aroC
protocols.motifs.Motif: Res1 name is LYS
protocols.motifs.Motif: atom1 name is Npro
protocols.motifs.Motif: atom2 name is COO
protocols.motifs.Motif: atom3 name is ONH2
core.pack.task: Packer task: initialize from command line() 
core.pack.task: Packer task: initialize from command line() 
core.pack.task: Packer task: initialize from command line() 
protocols.moves.MonteCarlo: MonteCarlo:: last_accepted_score,lowest_score: -620.807 -620.807
protocols.motifs.Motif: Res1 name is LEU
protocols.motifs.Motif: atom1 name is Npro
protocols.motifs.Motif: atom2 name is COO
protocols.motifs.Motif: atom3 name is ONH2
protocols.motifs.Motif: Res1 name is PHE
protocols.motifs.Motif: atom1 name is aroC
protocols.motifs.Motif: atom2 name is COO
protocols.motifs.Motif: atom3 name is Nhis
protocols.motifs.Motif: Res1 name is VAL
protocols.motifs.Motif: atom1 name is aroC
protocols.motifs.Motif: atom2 name is aroC
protocols.motifs.Motif: atom3 name is Cl
protocols.motifs.Motif: Res1 name is LYS
protocols.motifs.Motif: atom1 name is aroC
protocols.motifs.Motif: atom2 name is aroC
protocols.motifs.Motif: atom3 name is Cl
protocols.motifs.Motif: Res1 name is LEU
protocols.motifs.Motif: atom1 name is aroC
protocols.motifs.Motif: atom2 name is aroC
protocols.motifs.Motif: atom3 name is Cl
protocols.motifs.Motif: Res1 name is TYR
protocols.motifs.Motif: atom1 name is Npro
protocols.motifs.Motif: atom2 name is COO
protocols.motifs.Motif: atom3 name is ONH2
protocols.motifs.Motif: Res1 name is ILE
protocols.motifs.Motif: atom1 name is aroC
protocols.motifs.Motif: atom2 name is COO
protocols.motifs.Motif: atom3 name is Nhis
protocols.motifs.Motif: Res1 name is TYR
protocols.motifs.Motif: atom1 name is CH1
protocols.motifs.Motif: atom2 name is CH2
protocols.motifs.Motif: atom3 name is Ntrp
protocols.motifs.Motif: Res1 name is PHE
protocols.motifs.Motif: atom1 name is aroC
protocols.motifs.Motif: atom2 name is aroC
protocols.motifs.Motif: atom3 name is Cl
protocols.motifs.Motif: Res1 name is LEU
protocols.motifs.Motif: atom1 name is aroC
protocols.motifs.Motif: atom2 name is aroC
protocols.motifs.Motif: atom3 name is Cl
protocols.motifs.Motif: Res1 name is LYS
protocols.motifs.Motif: atom1 name is Npro
protocols.motifs.Motif: atom2 name is COO
protocols.motifs.Motif: atom3 name is ONH2
protocols.motifs.Motif: Res1 name is ILE
protocols.motifs.Motif: atom1 name is aroC
protocols.motifs.Motif: atom2 name is aroC
protocols.motifs.Motif: atom3 name is aroC
core.pack.task: Packer task: initialize from command line() 
core.pack.task: Packer task: initialize from command line() 
core.pack.task: Packer task: initialize from command line() 
protocols.moves.MonteCarlo: MonteCarlo:: last_accepted_score,lowest_score: -615.249 -615.249
protocols.motifs.Motif: Res1 name is LEU
protocols.motifs.Motif: atom1 name is Npro
protocols.motifs.Motif: atom2 name is COO
protocols.motifs.Motif: atom3 name is ONH2
protocols.motifs.Motif: Res1 name is PHE
protocols.motifs.Motif: atom1 name is aroC
protocols.motifs.Motif: atom2 name is COO
protocols.motifs.Motif: atom3 name is Nhis
protocols.motifs.Motif: Res1 name is VAL
protocols.motifs.Motif: atom1 name is aroC
protocols.motifs.Motif: atom2 name is aroC
protocols.motifs.Motif: atom3 name is Cl
protocols.motifs.Motif: Res1 name is LYS
protocols.motifs.Motif: atom1 name is aroC
protocols.motifs.Motif: atom2 name is aroC
protocols.motifs.Motif: atom3 name is Cl
protocols.motifs.Motif: Res1 name is LEU
protocols.motifs.Motif: atom1 name is aroC
protocols.motifs.Motif: atom2 name is aroC
protocols.motifs.Motif: atom3 name is Cl
protocols.motifs.Motif: Res1 name is TYR
protocols.motifs.Motif: atom1 name is Npro
protocols.motifs.Motif: atom2 name is COO
protocols.motifs.Motif: atom3 name is ONH2
protocols.motifs.Motif: Res1 name is ILE
protocols.motifs.Motif: atom1 name is aroC
protocols.motifs.Motif: atom2 name is COO
protocols.motifs.Motif: atom3 name is Nhis
protocols.motifs.Motif: Res1 name is TYR
protocols.motifs.Motif: atom1 name is CH1
protocols.motifs.Motif: atom2 name is CH2
protocols.motifs.Motif: atom3 name is Ntrp
protocols.motifs.Motif: Res1 name is PHE
protocols.motifs.Motif: atom1 name is aroC
protocols.motifs.Motif: atom2 name is aroC
protocols.motifs.Motif: atom3 name is Cl
protocols.motifs.Motif: Res1 name is LEU
protocols.motifs.Motif: atom1 name is aroC
protocols.motifs.Motif: atom2 name is aroC
protocols.motifs.Motif: atom3 name is Cl
protocols.motifs.Motif: Res1 name is LYS
protocols.motifs.Motif: atom1 name is Npro
protocols.motifs.Motif: atom2 name is COO
protocols.motifs.Motif: atom3 name is ONH2
protocols.motifs.Motif: Res1 name is ILE
protocols.motifs.Motif: atom1 name is aroC
protocols.motifs.Motif: atom2 name is aroC
protocols.motifs.Motif: atom3 name is aroC
core.pack.task: Packer task: initialize from command line() 
core.pack.task: Packer task: initialize from command line() 
core.pack.task: Packer task: initialize from command line() 
protocols.moves.MonteCarlo: MonteCarlo:: last_accepted_score,lowest_score: -495.143 -495.143
protocols.motifs.Motif: Res1 name is LEU
protocols.motifs.Motif: atom1 name is aroC
protocols.motifs.Motif: atom2 name is COO
protocols.motifs.Motif: atom3 name is Nhis
protocols.motifs.Motif: Res1 name is TYR
protocols.motifs.Motif: atom1 name is aroC
protocols.motifs.Motif: atom2 name is aroC
protocols.motifs.Motif: atom3 name is aroC
protocols.motifs.Motif: Res1 name is VAL
protocols.motifs.Motif: atom1 name is aroC
protocols.motifs.Motif: atom2 name is aroC
protocols.motifs.Motif: atom3 name is aroC
protocols.motifs.Motif: Res1 name is ILE
protocols.motifs.Motif: atom1 name is aroC
protocols.motifs.Motif: atom2 name is aroC
protocols.motifs.Motif: atom3 name is Cl
protocols.motifs.Motif: Res1 name is TYR
protocols.motifs.Motif: atom1 name is aroC
protocols.motifs.Motif: atom2 name is aroC
protocols.motifs.Motif: atom3 name is Cl
protocols.motifs.Motif: Res1 name is LYS
protocols.motifs.Motif: atom1 name is aroC
protocols.motifs.Motif: atom2 name is aroC
protocols.motifs.Motif: atom3 name is Cl
protocols.motifs.Motif: Res1 name is LEU
protocols.motifs.Motif: atom1 name is aroC
protocols.motifs.Motif: atom2 name is aroC
protocols.motifs.Motif: atom3 name is Cl
protocols.motifs.Motif: Res1 name is LYS
protocols.motifs.Motif: atom1 name is Npro
protocols.motifs.Motif: atom2 name is COO
protocols.motifs.Motif: atom3 name is ONH2
core.pack.task: Packer task: initialize from command line() 
core.pack.task: Packer task: initialize from command line() 
core.pack.task: Packer task: initialize from command line() 
protocols.moves.MonteCarlo: MonteCarlo:: last_accepted_score,lowest_score: -592.845 -592.845
protocols.motifs.Motif: Res1 name is LEU
protocols.motifs.Motif: atom1 name is aroC
protocols.motifs.Motif: atom2 name is aroC
protocols.motifs.Motif: atom3 name is aroC
protocols.motifs.Motif: Res1 name is PHE
protocols.motifs.Motif: atom1 name is aroC
protocols.motifs.Motif: atom2 name is COO
protocols.motifs.Motif: atom3 name is Nhis
protocols.motifs.Motif: Res1 name is PHE
protocols.motifs.Motif: atom1 name is aroC
protocols.motifs.Motif: atom2 name is aroC
protocols.motifs.Motif: atom3 name is Cl
protocols.motifs.Motif: Res1 name is VAL
protocols.motifs.Motif: atom1 name is aroC
protocols.motifs.Motif: atom2 name is aroC
protocols.motifs.Motif: atom3 name is Cl
protocols.motifs.Motif: Res1 name is LYS
protocols.motifs.Motif: atom1 name is aroC
protocols.motifs.Motif: atom2 name is aroC
protocols.motifs.Motif: atom3 name is Cl
protocols.motifs.Motif: Res1 name is LEU
protocols.motifs.Motif: atom1 name is Npro
protocols.motifs.Motif: atom2 name is COO
protocols.motifs.Motif: atom3 name is ONH2
protocols.motifs.Motif: Res1 name is TYR
protocols.motifs.Motif: atom1 name is CH3
protocols.motifs.Motif: atom2 name is Npro
protocols.motifs.Motif: atom3 name is COO
protocols.motifs.Motif: Res1 name is ILE
protocols.motifs.Motif: atom1 name is aroC
protocols.motifs.Motif: atom2 name is COO
protocols.motifs.Motif: atom3 name is Nhis
protocols.motifs.Motif: Res1 name is TYR
protocols.motifs.Motif: atom1 name is aroC
protocols.motifs.Motif: atom2 name is CH2
protocols.motifs.Motif: atom3 name is Ntrp
protocols.motifs.Motif: Res1 name is PHE
protocols.motifs.Motif: atom1 name is aroC
protocols.motifs.Motif: atom2 name is aroC
protocols.motifs.Motif: atom3 name is Cl
protocols.motifs.Motif: Res1 name is LEU
protocols.motifs.Motif: atom1 name is aroC
protocols.motifs.Motif: atom2 name is aroC
protocols.motifs.Motif: atom3 name is aroC
protocols.motifs.Motif: Res1 name is LYS
protocols.motifs.Motif: atom1 name is aroC
protocols.motifs.Motif: atom2 name is aroC
protocols.motifs.Motif: atom3 name is S
protocols.motifs.Motif: Res1 name is ILE
protocols.motifs.Motif: atom1 name is Npro
protocols.motifs.Motif: atom2 name is COO
protocols.motifs.Motif: atom3 name is ONH2
core.pack.task: Packer task: initialize from command line() 
core.pack.task: Packer task: initialize from command line() 
core.pack.task: Packer task: initialize from command line() 
protocols.moves.MonteCarlo: MonteCarlo:: last_accepted_score,lowest_score: -716.35 -716.35
protocols.motifs.Motif: Res1 name is VAL
protocols.motifs.Motif: atom1 name is aroC
protocols.motifs.Motif: atom2 name is COO
protocols.motifs.Motif: atom3 name is Nhis
protocols.motifs.Motif: Res1 name is TYR
protocols.motifs.Motif: atom1 name is CH1
protocols.motifs.Motif: atom2 name is CH2
protocols.motifs.Motif: atom3 name is Ntrp
protocols.motifs.Motif: Res1 name is VAL
protocols.motifs.Motif: atom1 name is Npro
protocols.motifs.Motif: atom2 name is COO
protocols.motifs.Motif: atom3 name is ONH2
protocols.motifs.Motif: Res1 name is ILE
protocols.motifs.Motif: atom1 name is aroC
protocols.motifs.Motif: atom2 name is aroC
protocols.motifs.Motif: atom3 name is aroC
protocols.motifs.Motif: Res1 name is ILE
protocols.motifs.Motif: atom1 name is aroC
protocols.motifs.Motif: atom2 name is aroC
protocols.motifs.Motif: atom3 name is S
protocols.motifs.Motif: Res1 name is TYR
protocols.motifs.Motif: atom1 name is Npro
protocols.motifs.Motif: atom2 name is COO
protocols.motifs.Motif: atom3 name is ONH2
protocols.motifs.Motif: Res1 name is ILE
protocols.motifs.Motif: atom1 name is aroC
protocols.motifs.Motif: atom2 name is aroC
protocols.motifs.Motif: atom3 name is Cl
protocols.motifs.Motif: Res1 name is LEU
protocols.motifs.Motif: atom1 name is Npro
protocols.motifs.Motif: atom2 name is COO
protocols.motifs.Motif: atom3 name is ONH2
protocols.motifs.Motif: Res1 name is ILE
protocols.motifs.Motif: atom1 name is aroC
protocols.motifs.Motif: atom2 name is aroC
protocols.motifs.Motif: atom3 name is aroC
core.pack.task: Packer task: initialize from command line() 
core.pack.task: Packer task: initialize from command line() 
core.pack.task: Packer task: initialize from command line() 
protocols.moves.MonteCarlo: MonteCarlo:: last_accepted_score,lowest_score: -689.619 -689.619
protocols.motifs.Motif: Res1 name is TYR
protocols.motifs.Motif: atom1 name is aroC
protocols.motifs.Motif: atom2 name is COO
protocols.motifs.Motif: atom3 name is Nhis
protocols.motifs.Motif: Res1 name is TYR
protocols.motifs.Motif: atom1 name is aroC
protocols.motifs.Motif: atom2 name is Npro
protocols.motifs.Motif: atom3 name is COO
protocols.motifs.Motif: Res1 name is GLU
protocols.motifs.Motif: atom1 name is aroC
protocols.motifs.Motif: atom2 name is aroC
protocols.motifs.Motif: atom3 name is aroC
protocols.motifs.Motif: Res1 name is LYS
protocols.motifs.Motif: atom1 name is aroC
protocols.motifs.Motif: atom2 name is aroC
protocols.motifs.Motif: atom3 name is Cl
protocols.motifs.Motif: Res1 name is LEU
protocols.motifs.Motif: atom1 name is aroC
protocols.motifs.Motif: atom2 name is aroC
protocols.motifs.Motif: atom3 name is aroC
protocols.motifs.Motif: Res1 name is LYS
protocols.motifs.Motif: atom1 name is aroC
protocols.motifs.Motif: atom2 name is aroC
protocols.motifs.Motif: atom3 name is Cl
protocols.motifs.Motif: Res1 name is ILE
protocols.motifs.Motif: atom1 name is aroC
protocols.motifs.Motif: atom2 name is COO
protocols.motifs.Motif: atom3 name is Nhis
core.pack.task: Packer task: initialize from command line() 
core.pack.task: Packer task: initialize from command line() 
core.pack.task: Packer task: initialize from command line() 
protocols.moves.MonteCarlo: MonteCarlo:: last_accepted_score,lowest_score: -711.612 -711.612
protocols.motifs.Motif: Res1 name is VAL
protocols.motifs.Motif: atom1 name is aroC
protocols.motifs.Motif: atom2 name is aroC
protocols.motifs.Motif: atom3 name is Cl
protocols.motifs.Motif: Res1 name is TYR
protocols.motifs.Motif: atom1 name is CH1
protocols.motifs.Motif: atom2 name is CH2
protocols.motifs.Motif: atom3 name is Ntrp
protocols.motifs.Motif: Res1 name is VAL
protocols.motifs.Motif: atom1 name is Npro
protocols.motifs.Motif: atom2 name is COO
protocols.motifs.Motif: atom3 name is ONH2
protocols.motifs.Motif: Res1 name is ILE
protocols.motifs.Motif: atom1 name is aroC
protocols.motifs.Motif: atom2 name is aroC
protocols.motifs.Motif: atom3 name is aroC
protocols.motifs.Motif: Res1 name is ILE
protocols.motifs.Motif: atom1 name is aroC
protocols.motifs.Motif: atom2 name is aroC
protocols.motifs.Motif: atom3 name is S
protocols.motifs.Motif: Res1 name is TYR
protocols.motifs.Motif: atom1 name is Npro
protocols.motifs.Motif: atom2 name is COO
protocols.motifs.Motif: atom3 name is ONH2
protocols.motifs.Motif: Res1 name is ILE
protocols.motifs.Motif: atom1 name is aroC
protocols.motifs.Motif: atom2 name is aroC
protocols.motifs.Motif: atom3 name is Cl
protocols.motifs.Motif: Res1 name is LYS
protocols.motifs.Motif: atom1 name is aroC
protocols.motifs.Motif: atom2 name is aroC
protocols.motifs.Motif: atom3 name is Cl
protocols.motifs.Motif: Res1 name is LEU
protocols.motifs.Motif: atom1 name is aroC
protocols.motifs.Motif: atom2 name is aroC
protocols.motifs.Motif: atom3 name is aroC
protocols.motifs.Motif: Res1 name is ILE
protocols.motifs.Motif: atom1 name is aroC
protocols.motifs.Motif: atom2 name is COO
protocols.motifs.Motif: atom3 name is Nhis
core.pack.task: Packer task: initialize from command line() 
core.pack.task: Packer task: initialize from command line() 
core.pack.task: Packer task: initialize from command line() 
protocols.moves.MonteCarlo: MonteCarlo:: last_accepted_score,lowest_score: -700.95 -701.408
protocols.motifs.Motif: Res1 name is TYR
protocols.motifs.Motif: atom1 name is aroC
protocols.motifs.Motif: atom2 name is COO
protocols.motifs.Motif: atom3 name is OOC
protocols.motifs.Motif: Res1 name is GLU
protocols.motifs.Motif: atom1 name is aroC
protocols.motifs.Motif: atom2 name is aroC
protocols.motifs.Motif: atom3 name is S
protocols.motifs.Motif: Res1 name is LYS
protocols.motifs.Motif: atom1 name is OOC
protocols.motifs.Motif: atom2 name is COO
protocols.motifs.Motif: atom3 name is OOC
core.pack.task: Packer task: initialize from command line() 
core.pack.task: Packer task: initialize from command line() 
core.pack.task: Packer task: initialize from command line() 
protocols.moves.MonteCarlo: MonteCarlo:: last_accepted_score,lowest_score: -711.69 -711.69
protocols.motifs.Motif: Res1 name is VAL
protocols.motifs.Motif: atom1 name is aroC
protocols.motifs.Motif: atom2 name is COO
protocols.motifs.Motif: atom3 name is Nhis
protocols.motifs.Motif: Res1 name is LEU
protocols.motifs.Motif: atom1 name is aroC
protocols.motifs.Motif: atom2 name is aroC
protocols.motifs.Motif: atom3 name is aroC
protocols.motifs.Motif: Res1 name is TYR
protocols.motifs.Motif: atom1 name is CH1
protocols.motifs.Motif: atom2 name is CH2
protocols.motifs.Motif: atom3 name is Ntrp
protocols.motifs.Motif: Res1 name is VAL
protocols.motifs.Motif: atom1 name is Npro
protocols.motifs.Motif: atom2 name is COO
protocols.motifs.Motif: atom3 name is ONH2
protocols.motifs.Motif: Res1 name is ILE
protocols.motifs.Motif: atom1 name is aroC
protocols.motifs.Motif: atom2 name is aroC
protocols.motifs.Motif: atom3 name is aroC
protocols.motifs.Motif: Res1 name is ILE
protocols.motifs.Motif: atom1 name is aroC
protocols.motifs.Motif: atom2 name is aroC
protocols.motifs.Motif: atom3 name is S
protocols.motifs.Motif: Res1 name is TYR
protocols.motifs.Motif: atom1 name is Npro
protocols.motifs.Motif: atom2 name is COO
protocols.motifs.Motif: atom3 name is ONH2
protocols.motifs.Motif: Res1 name is ILE
protocols.motifs.Motif: atom1 name is aroC
protocols.motifs.Motif: atom2 name is aroC
protocols.motifs.Motif: atom3 name is Cl
protocols.motifs.Motif: Res1 name is LEU
protocols.motifs.Motif: atom1 name is aroC
protocols.motifs.Motif: atom2 name is aroC
protocols.motifs.Motif: atom3 name is aroC
protocols.motifs.Motif: Res1 name is ILE
protocols.motifs.Motif: atom1 name is aroC
protocols.motifs.Motif: atom2 name is aroC
protocols.motifs.Motif: atom3 name is aroC
core.pack.task: Packer task: initialize from command line() 
core.pack.task: Packer task: initialize from command line() 
core.pack.task: Packer task: initialize from command line() 
protocols.moves.MonteCarlo: MonteCarlo:: last_accepted_score,lowest_score: -488.82 -488.82
protocols.motifs.Motif: Res1 name is TYR
protocols.motifs.Motif: atom1 name is COO
protocols.motifs.Motif: atom2 name is CH2
protocols.motifs.Motif: atom3 name is Ntrp
protocols.motifs.Motif: Res1 name is VAL
protocols.motifs.Motif: atom1 name is aroC
protocols.motifs.Motif: atom2 name is aroC
protocols.motifs.Motif: atom3 name is Cl
protocols.motifs.Motif: Res1 name is ILE
protocols.motifs.Motif: atom1 name is aroC
protocols.motifs.Motif: atom2 name is aroC
protocols.motifs.Motif: atom3 name is Cl
protocols.motifs.Motif: Res1 name is TYR
protocols.motifs.Motif: atom1 name is aroC
protocols.motifs.Motif: atom2 name is COO
protocols.motifs.Motif: atom3 name is Nhis
protocols.motifs.Motif: Res1 name is GLU
protocols.motifs.Motif: atom1 name is aroC
protocols.motifs.Motif: atom2 name is COO
protocols.motifs.Motif: atom3 name is Nhis
protocols.motifs.Motif: Res1 name is LEU
protocols.motifs.Motif: atom1 name is aroC
protocols.motifs.Motif: atom2 name is aroC
protocols.motifs.Motif: atom3 name is Cl
protocols.motifs.Motif: Res1 name is LYS
protocols.motifs.Motif: atom1 name is aroC
protocols.motifs.Motif: atom2 name is CH2
protocols.motifs.Motif: atom3 name is Ntrp
protocols.motifs.Motif: Res1 name is ILE
protocols.motifs.Motif: atom1 name is aroC
protocols.motifs.Motif: atom2 name is aroC
protocols.motifs.Motif: atom3 name is S
core.pack.task: Packer task: initialize from command line() 
core.pack.task: Packer task: initialize from command line() 
core.pack.task: Packer task: initialize from command line() 
protocols.moves.MonteCarlo: MonteCarlo:: last_accepted_score,lowest_score: -712.269 -712.269
protocols.motifs.Motif: Res1 name is VAL
protocols.motifs.Motif: atom1 name is aroC
protocols.motifs.Motif: atom2 name is aroC
protocols.motifs.Motif: atom3 name is Cl
protocols.motifs.Motif: Res1 name is LEU
protocols.motifs.Motif: atom1 name is aroC
protocols.motifs.Motif: atom2 name is aroC
protocols.motifs.Motif: atom3 name is aroC
protocols.motifs.Motif: Res1 name is TYR
protocols.motifs.Motif: atom1 name is CH1
protocols.motifs.Motif: atom2 name is CH2
protocols.motifs.Motif: atom3 name is Ntrp
protocols.motifs.Motif: Res1 name is VAL
protocols.motifs.Motif: atom1 name is Npro
protocols.motifs.Motif: atom2 name is COO
protocols.motifs.Motif: atom3 name is ONH2
protocols.motifs.Motif: Res1 name is ILE
protocols.motifs.Motif: atom1 name is aroC
protocols.motifs.Motif: atom2 name is aroC
protocols.motifs.Motif: atom3 name is aroC
protocols.motifs.Motif: Res1 name is ILE
protocols.motifs.Motif: atom1 name is aroC
protocols.motifs.Motif: atom2 name is aroC
protocols.motifs.Motif: atom3 name is S
protocols.motifs.Motif: Res1 name is TYR
protocols.motifs.Motif: atom1 name is Npro
protocols.motifs.Motif: atom2 name is COO
protocols.motifs.Motif: atom3 name is ONH2
protocols.motifs.Motif: Res1 name is ILE
protocols.motifs.Motif: atom1 name is aroC
protocols.motifs.Motif: atom2 name is aroC
protocols.motifs.Motif: atom3 name is Cl
protocols.motifs.Motif: Res1 name is LYS
protocols.motifs.Motif: atom1 name is aroC
protocols.motifs.Motif: atom2 name is aroC
protocols.motifs.Motif: atom3 name is Cl
protocols.motifs.Motif: Res1 name is LEU
protocols.motifs.Motif: atom1 name is aroC
protocols.motifs.Motif: atom2 name is aroC
protocols.motifs.Motif: atom3 name is aroC
protocols.motifs.Motif: Res1 name is ILE
protocols.motifs.Motif: atom1 name is aroC
protocols.motifs.Motif: atom2 name is COO
protocols.motifs.Motif: atom3 name is Nhis
core.pack.task: Packer task: initialize from command line() 
core.pack.task: Packer task: initialize from command line() 
core.pack.task: Packer task: initialize from command line() 
protocols.moves.MonteCarlo: MonteCarlo:: last_accepted_score,lowest_score: -695.559 -696.577
protocols.motifs.Motif: Res1 name is TYR
protocols.motifs.Motif: atom1 name is aroC
protocols.motifs.Motif: atom2 name is COO
protocols.motifs.Motif: atom3 name is Nhis
protocols.motifs.Motif: Res1 name is TYR
protocols.motifs.Motif: atom1 name is Npro
protocols.motifs.Motif: atom2 name is COO
protocols.motifs.Motif: atom3 name is ONH2
protocols.motifs.Motif: Res1 name is GLU
protocols.motifs.Motif: atom1 name is Npro
protocols.motifs.Motif: atom2 name is COO
protocols.motifs.Motif: atom3 name is ONH2
protocols.motifs.Motif: Res1 name is LEU
protocols.motifs.Motif: atom1 name is aroC
protocols.motifs.Motif: atom2 name is aroC
protocols.motifs.Motif: atom3 name is Cl
protocols.motifs.Motif: Res1 name is LYS
protocols.motifs.Motif: atom1 name is Npro
protocols.motifs.Motif: atom2 name is COO
protocols.motifs.Motif: atom3 name is ONH2
core.pack.task: Packer task: initialize from command line() 
core.pack.task: Packer task: initialize from command line() 
core.pack.task: Packer task: initialize from command line() 
protocols.moves.MonteCarlo: MonteCarlo:: last_accepted_score,lowest_score: -710.52 -712.283
protocols.motifs.Motif: Res1 name is VAL
protocols.motifs.Motif: atom1 name is aroC
protocols.motifs.Motif: atom2 name is COO
protocols.motifs.Motif: atom3 name is Nhis
protocols.motifs.Motif: Res1 name is LEU
protocols.motifs.Motif: atom1 name is aroC
protocols.motifs.Motif: atom2 name is aroC
protocols.motifs.Motif: atom3 name is aroC
protocols.motifs.Motif: Res1 name is TYR
protocols.motifs.Motif: atom1 name is CH1
protocols.motifs.Motif: atom2 name is CH2
protocols.motifs.Motif: atom3 name is Ntrp
protocols.motifs.Motif: Res1 name is VAL
protocols.motifs.Motif: atom1 name is Npro
protocols.motifs.Motif: atom2 name is COO
protocols.motifs.Motif: atom3 name is ONH2
protocols.motifs.Motif: Res1 name is ILE
protocols.motifs.Motif: atom1 name is aroC
protocols.motifs.Motif: atom2 name is aroC
protocols.motifs.Motif: atom3 name is aroC
protocols.motifs.Motif: Res1 name is ILE
protocols.motifs.Motif: atom1 name is aroC
protocols.motifs.Motif: atom2 name is aroC
protocols.motifs.Motif: atom3 name is S
protocols.motifs.Motif: Res1 name is TYR
protocols.motifs.Motif: atom1 name is Npro
protocols.motifs.Motif: atom2 name is COO
protocols.motifs.Motif: atom3 name is ONH2
protocols.motifs.Motif: Res1 name is ILE
protocols.motifs.Motif: atom1 name is aroC
protocols.motifs.Motif: atom2 name is aroC
protocols.motifs.Motif: atom3 name is Cl
protocols.motifs.Motif: Res1 name is LYS
protocols.motifs.Motif: atom1 name is aroC
protocols.motifs.Motif: atom2 name is aroC
protocols.motifs.Motif: atom3 name is Cl
protocols.motifs.Motif: Res1 name is LEU
protocols.motifs.Motif: atom1 name is Npro
protocols.motifs.Motif: atom2 name is COO
protocols.motifs.Motif: atom3 name is ONH2
protocols.motifs.Motif: Res1 name is ILE
protocols.motifs.Motif: atom1 name is aroC
protocols.motifs.Motif: atom2 name is aroC
protocols.motifs.Motif: atom3 name is aroC
core.pack.task: Packer task: initialize from command line() 
core.pack.task: Packer task: initialize from command line() 
core.pack.task: Packer task: initialize from command line() 
protocols.moves.MonteCarlo: MonteCarlo:: last_accepted_score,lowest_score: -712.801 -712.801
protocols.motifs.Motif: Res1 name is VAL
protocols.motifs.Motif: atom1 name is aroC
protocols.motifs.Motif: atom2 name is aroC
protocols.motifs.Motif: atom3 name is Cl
protocols.motifs.Motif: Res1 name is TYR
protocols.motifs.Motif: atom1 name is CH1
protocols.motifs.Motif: atom2 name is CH2
protocols.motifs.Motif: atom3 name is Ntrp
protocols.motifs.Motif: Res1 name is VAL
protocols.motifs.Motif: atom1 name is Npro
protocols.motifs.Motif: atom2 name is COO
protocols.motifs.Motif: atom3 name is ONH2
protocols.motifs.Motif: Res1 name is ILE
protocols.motifs.Motif: atom1 name is aroC
protocols.motifs.Motif: atom2 name is aroC
protocols.motifs.Motif: atom3 name is aroC
protocols.motifs.Motif: Res1 name is ILE
protocols.motifs.Motif: atom1 name is aroC
protocols.motifs.Motif: atom2 name is aroC
protocols.motifs.Motif: atom3 name is S
protocols.motifs.Motif: Res1 name is TYR
protocols.motifs.Motif: atom1 name is Npro
protocols.motifs.Motif: atom2 name is COO
protocols.motifs.Motif: atom3 name is ONH2
protocols.motifs.Motif: Res1 name is ILE
protocols.motifs.Motif: atom1 name is aroC
protocols.motifs.Motif: atom2 name is aroC
protocols.motifs.Motif: atom3 name is Cl
protocols.motifs.Motif: Res1 name is LYS
protocols.motifs.Motif: atom1 name is aroC
protocols.motifs.Motif: atom2 name is aroC
protocols.motifs.Motif: atom3 name is Cl
protocols.motifs.Motif: Res1 name is LEU
protocols.motifs.Motif: atom1 name is aroC
protocols.motifs.Motif: atom2 name is aroC
protocols.motifs.Motif: atom3 name is aroC
protocols.motifs.Motif: Res1 name is ILE
protocols.motifs.Motif: atom1 name is aroC
protocols.motifs.Motif: atom2 name is COO
protocols.motifs.Motif: atom3 name is Nhis
core.pack.task: Packer task: initialize from command line() 
core.pack.task: Packer task: initialize from command line() 
core.pack.task: Packer task: initialize from command line() 
protocols.moves.MonteCarlo: MonteCarlo:: last_accepted_score,lowest_score: -711.305 -711.305
protocols.motifs.Motif: Res1 name is VAL
protocols.motifs.Motif: atom1 name is aroC
protocols.motifs.Motif: atom2 name is aroC
protocols.motifs.Motif: atom3 name is Cl
protocols.motifs.Motif: Res1 name is LEU
protocols.motifs.Motif: atom1 name is aroC
protocols.motifs.Motif: atom2 name is aroC
protocols.motifs.Motif: atom3 name is aroC
protocols.motifs.Motif: Res1 name is TYR
protocols.motifs.Motif: atom1 name is CH1
protocols.motifs.Motif: atom2 name is CH2
protocols.motifs.Motif: atom3 name is Ntrp
protocols.motifs.Motif: Res1 name is VAL
protocols.motifs.Motif: atom1 name is Npro
protocols.motifs.Motif: atom2 name is COO
protocols.motifs.Motif: atom3 name is ONH2
protocols.motifs.Motif: Res1 name is ILE
protocols.motifs.Motif: atom1 name is aroC
protocols.motifs.Motif: atom2 name is aroC
protocols.motifs.Motif: atom3 name is aroC
protocols.motifs.Motif: Res1 name is ILE
protocols.motifs.Motif: atom1 name is aroC
protocols.motifs.Motif: atom2 name is aroC
protocols.motifs.Motif: atom3 name is S
protocols.motifs.Motif: Res1 name is TYR
protocols.motifs.Motif: atom1 name is Npro
protocols.motifs.Motif: atom2 name is COO
protocols.motifs.Motif: atom3 name is ONH2
protocols.motifs.Motif: Res1 name is LYS
protocols.motifs.Motif: atom1 name is aroC
protocols.motifs.Motif: atom2 name is aroC
protocols.motifs.Motif: atom3 name is Cl
protocols.motifs.Motif: Res1 name is LEU
protocols.motifs.Motif: atom1 name is aroC
protocols.motifs.Motif: atom2 name is aroC
protocols.motifs.Motif: atom3 name is aroC
protocols.motifs.Motif: Res1 name is LYS
protocols.motifs.Motif: atom1 name is aroC
protocols.motifs.Motif: atom2 name is aroC
protocols.motifs.Motif: atom3 name is CH1
protocols.motifs.Motif: Res1 name is ILE
protocols.motifs.Motif: atom1 name is aroC
protocols.motifs.Motif: atom2 name is COO
protocols.motifs.Motif: atom3 name is Nhis
core.pack.task: Packer task: initialize from command line() 
core.pack.task: Packer task: initialize from command line() 
core.pack.task: Packer task: initialize from command line() 
protocols.moves.MonteCarlo: MonteCarlo:: last_accepted_score,lowest_score: -632.304 -632.304
protocols.motifs.Motif: Res1 name is VAL
protocols.motifs.Motif: atom1 name is aroC
protocols.motifs.Motif: atom2 name is aroC
protocols.motifs.Motif: atom3 name is Cl
protocols.motifs.Motif: Res1 name is ILE
protocols.motifs.Motif: atom1 name is aroC
protocols.motifs.Motif: atom2 name is aroC
protocols.motifs.Motif: atom3 name is aroC
protocols.motifs.Motif: Res1 name is TYR
protocols.motifs.Motif: atom1 name is Npro
protocols.motifs.Motif: atom2 name is COO
protocols.motifs.Motif: atom3 name is ONH2
protocols.motifs.Motif: Res1 name is ILE
protocols.motifs.Motif: atom1 name is aroC
protocols.motifs.Motif: atom2 name is aroC
protocols.motifs.Motif: atom3 name is Cl
protocols.motifs.Motif: Res1 name is LEU
protocols.motifs.Motif: atom1 name is aroC
protocols.motifs.Motif: atom2 name is aroC
protocols.motifs.Motif: atom3 name is aroC
protocols.motifs.Motif: Res1 name is LYS
protocols.motifs.Motif: atom1 name is aroC
protocols.motifs.Motif: atom2 name is aroC
protocols.motifs.Motif: atom3 name is CH1
protocols.motifs.Motif: Res1 name is ILE
protocols.motifs.Motif: atom1 name is aroC
protocols.motifs.Motif: atom2 name is aroC
protocols.motifs.Motif: atom3 name is aroC
core.pack.task: Packer task: initialize from command line() 
core.pack.task: Packer task: initialize from command line() 
core.pack.task: Packer task: initialize from command line() 
protocols.moves.MonteCarlo: MonteCarlo:: last_accepted_score,lowest_score: -710.366 -710.366
protocols.motifs.Motif: Res1 name is VAL
protocols.motifs.Motif: atom1 name is aroC
protocols.motifs.Motif: atom2 name is COO
protocols.motifs.Motif: atom3 name is Nhis
protocols.motifs.Motif: Res1 name is LEU
protocols.motifs.Motif: atom1 name is aroC
protocols.motifs.Motif: atom2 name is aroC
protocols.motifs.Motif: atom3 name is aroC
protocols.motifs.Motif: Res1 name is TYR
protocols.motifs.Motif: atom1 name is aroC
protocols.motifs.Motif: atom2 name is aroC
protocols.motifs.Motif: atom3 name is CH1
protocols.motifs.Motif: Res1 name is ILE
protocols.motifs.Motif: atom1 name is aroC
protocols.motifs.Motif: atom2 name is aroC
protocols.motifs.Motif: atom3 name is aroC
protocols.motifs.Motif: Res1 name is ILE
protocols.motifs.Motif: atom1 name is aroC
protocols.motifs.Motif: atom2 name is aroC
protocols.motifs.Motif: atom3 name is S
protocols.motifs.Motif: Res1 name is TYR
protocols.motifs.Motif: atom1 name is Npro
protocols.motifs.Motif: atom2 name is COO
protocols.motifs.Motif: atom3 name is ONH2
protocols.motifs.Motif: Res1 name is LYS
protocols.motifs.Motif: atom1 name is aroC
protocols.motifs.Motif: atom2 name is aroC
protocols.motifs.Motif: atom3 name is Cl
protocols.motifs.Motif: Res1 name is LEU
protocols.motifs.Motif: atom1 name is Npro
protocols.motifs.Motif: atom2 name is COO
protocols.motifs.Motif: atom3 name is ONH2
protocols.motifs.Motif: Res1 name is LYS
protocols.motifs.Motif: atom1 name is CH3
protocols.motifs.Motif: atom2 name is Npro
protocols.motifs.Motif: atom3 name is COO
protocols.motifs.Motif: Res1 name is ILE
protocols.motifs.Motif: atom1 name is aroC
protocols.motifs.Motif: atom2 name is COO
protocols.motifs.Motif: atom3 name is Nhis
core.pack.task: Packer task: initialize from command line() 
core.pack.task: Packer task: initialize from command line() 
core.pack.task: Packer task: initialize from command line() 
protocols.moves.MonteCarlo: MonteCarlo:: last_accepted_score,lowest_score: -698.005 -698.005
protocols.motifs.Motif: Res1 name is VAL
protocols.motifs.Motif: atom1 name is OOC
protocols.motifs.Motif: atom2 name is COO
protocols.motifs.Motif: atom3 name is OOC
protocols.motifs.Motif: Res1 name is LEU
protocols.motifs.Motif: atom1 name is aroC
protocols.motifs.Motif: atom2 name is aroC
protocols.motifs.Motif: atom3 name is S
protocols.motifs.Motif: Res1 name is TYR
protocols.motifs.Motif: atom1 name is aroC
protocols.motifs.Motif: atom2 name is aroC
protocols.motifs.Motif: atom3 name is S
protocols.motifs.Motif: Res1 name is ILE
protocols.motifs.Motif: atom1 name is aroC
protocols.motifs.Motif: atom2 name is COO
protocols.motifs.Motif: atom3 name is Nhis
protocols.motifs.Motif: Res1 name is TYR
protocols.motifs.Motif: atom1 name is aroC
protocols.motifs.Motif: atom2 name is aroC
protocols.motifs.Motif: atom3 name is CH1
protocols.motifs.Motif: Res1 name is LEU
protocols.motifs.Motif: atom1 name is OOC
protocols.motifs.Motif: atom2 name is COO
protocols.motifs.Motif: atom3 name is OOC
protocols.motifs.Motif: Res1 name is ILE
protocols.motifs.Motif: atom1 name is aroC
protocols.motifs.Motif: atom2 name is aroC
protocols.motifs.Motif: atom3 name is S
core.pack.task: Packer task: initialize from command line() 
core.pack.task: Packer task: initialize from command line() 
core.pack.task: Packer task: initialize from command line() 
protocols.moves.MonteCarlo: MonteCarlo:: last_accepted_score,lowest_score: -695.746 -697.141
protocols.motifs.Motif: Res1 name is VAL
protocols.motifs.Motif: atom1 name is OOC
protocols.motifs.Motif: atom2 name is COO
protocols.motifs.Motif: atom3 name is OOC
protocols.motifs.Motif: Res1 name is TYR
protocols.motifs.Motif: atom1 name is CH3
protocols.motifs.Motif: atom2 name is Npro
protocols.motifs.Motif: atom3 name is COO
protocols.motifs.Motif: Res1 name is ILE
protocols.motifs.Motif: atom1 name is OOC
protocols.motifs.Motif: atom2 name is COO
protocols.motifs.Motif: atom3 name is OOC
protocols.motifs.Motif: Res1 name is TYR
protocols.motifs.Motif: atom1 name is aroC
protocols.motifs.Motif: atom2 name is aroC
protocols.motifs.Motif: atom3 name is S
protocols.motifs.Motif: Res1 name is LEU
protocols.motifs.Motif: atom1 name is OOC
protocols.motifs.Motif: atom2 name is COO
protocols.motifs.Motif: atom3 name is OOC
protocols.motifs.Motif: Res1 name is LYS
protocols.motifs.Motif: atom1 name is aroC
protocols.motifs.Motif: atom2 name is aroC
protocols.motifs.Motif: atom3 name is CH1
core.pack.task: Packer task: initialize from command line() 
core.pack.task: Packer task: initialize from command line() 
core.pack.task: Packer task: initialize from command line() 
protocols.moves.MonteCarlo: MonteCarlo:: last_accepted_score,lowest_score: -699.232 -699.232
protocols.motifs.Motif: Res1 name is VAL
protocols.motifs.Motif: atom1 name is OOC
protocols.motifs.Motif: atom2 name is COO
protocols.motifs.Motif: atom3 name is OOC
protocols.motifs.Motif: Res1 name is ILE
protocols.motifs.Motif: atom1 name is OOC
protocols.motifs.Motif: atom2 name is COO
protocols.motifs.Motif: atom3 name is OOC
protocols.motifs.Motif: Res1 name is ILE
protocols.motifs.Motif: atom1 name is Npro
protocols.motifs.Motif: atom2 name is COO
protocols.motifs.Motif: atom3 name is ONH2
protocols.motifs.Motif: Res1 name is TYR
protocols.motifs.Motif: atom1 name is Npro
protocols.motifs.Motif: atom2 name is COO
protocols.motifs.Motif: atom3 name is ONH2
protocols.motifs.Motif: Res1 name is PHE
protocols.motifs.Motif: atom1 name is aroC
protocols.motifs.Motif: atom2 name is aroC
protocols.motifs.Motif: atom3 name is Cl
protocols.motifs.Motif: Res1 name is LEU
protocols.motifs.Motif: atom1 name is aroC
protocols.motifs.Motif: atom2 name is aroC
protocols.motifs.Motif: atom3 name is S
core.pack.task: Packer task: initialize from command line() 
core.pack.task: Packer task: initialize from command line() 
core.pack.task: Packer task: initialize from command line() 
protocols.moves.MonteCarlo: MonteCarlo:: last_accepted_score,lowest_score: -696.151 -696.151
protocols.motifs.Motif: Res1 name is VAL
protocols.motifs.Motif: atom1 name is OOC
protocols.motifs.Motif: atom2 name is COO
protocols.motifs.Motif: atom3 name is OOC
protocols.motifs.Motif: Res1 name is TYR
protocols.motifs.Motif: atom1 name is CH3
protocols.motifs.Motif: atom2 name is Npro
protocols.motifs.Motif: atom3 name is COO
protocols.motifs.Motif: Res1 name is ILE
protocols.motifs.Motif: atom1 name is aroC
protocols.motifs.Motif: atom2 name is aroC
protocols.motifs.Motif: atom3 name is S
protocols.motifs.Motif: Res1 name is TYR
protocols.motifs.Motif: atom1 name is aroC
protocols.motifs.Motif: atom2 name is aroC
protocols.motifs.Motif: atom3 name is S
protocols.motifs.Motif: Res1 name is LEU
protocols.motifs.Motif: atom1 name is OOC
protocols.motifs.Motif: atom2 name is COO
protocols.motifs.Motif: atom3 name is OOC
protocols.motifs.Motif: Res1 name is LYS
protocols.motifs.Motif: atom1 name is aroC
protocols.motifs.Motif: atom2 name is aroC
protocols.motifs.Motif: atom3 name is CH1
core.pack.task: Packer task: initialize from command line() 
core.pack.task: Packer task: initialize from command line() 
core.pack.task: Packer task: initialize from command line() 
protocols.moves.MonteCarlo: MonteCarlo:: last_accepted_score,lowest_score: -696.955 -696.955
protocols.motifs.Motif: Res1 name is VAL
protocols.motifs.Motif: atom1 name is OOC
protocols.motifs.Motif: atom2 name is COO
protocols.motifs.Motif: atom3 name is OOC
protocols.motifs.Motif: Res1 name is ILE
protocols.motifs.Motif: atom1 name is aroC
protocols.motifs.Motif: atom2 name is aroC
protocols.motifs.Motif: atom3 name is S
protocols.motifs.Motif: Res1 name is TYR
protocols.motifs.Motif: atom1 name is Npro
protocols.motifs.Motif: atom2 name is COO
protocols.motifs.Motif: atom3 name is ONH2
protocols.motifs.Motif: Res1 name is LEU
protocols.motifs.Motif: atom1 name is aroC
protocols.motifs.Motif: atom2 name is aroC
protocols.motifs.Motif: atom3 name is aroC
protocols.motifs.Motif: Res1 name is LYS
protocols.motifs.Motif: atom1 name is CH1
protocols.motifs.Motif: atom2 name is CH2
protocols.motifs.Motif: atom3 name is Ntrp
core.pack.task: Packer task: initialize from command line() 
core.pack.task: Packer task: initialize from command line() 
core.pack.task: Packer task: initialize from command line() 
protocols.moves.MonteCarlo: MonteCarlo:: last_accepted_score,lowest_score: -699.331 -699.331
protocols.motifs.Motif: Res1 name is VAL
protocols.motifs.Motif: atom1 name is OOC
protocols.motifs.Motif: atom2 name is COO
protocols.motifs.Motif: atom3 name is OOC
protocols.motifs.Motif: Res1 name is ILE
protocols.motifs.Motif: atom1 name is OOC
protocols.motifs.Motif: atom2 name is COO
protocols.motifs.Motif: atom3 name is OOC
protocols.motifs.Motif: Res1 name is TYR
protocols.motifs.Motif: atom1 name is Npro
protocols.motifs.Motif: atom2 name is COO
protocols.motifs.Motif: atom3 name is ONH2
protocols.motifs.Motif: Res1 name is GLU
protocols.motifs.Motif: atom1 name is Npro
protocols.motifs.Motif: atom2 name is COO
protocols.motifs.Motif: atom3 name is ONH2
protocols.motifs.Motif: Res1 name is PHE
protocols.motifs.Motif: atom1 name is aroC
protocols.motifs.Motif: atom2 name is aroC
protocols.motifs.Motif: atom3 name is aroC
protocols.motifs.Motif: Res1 name is LEU
protocols.motifs.Motif: atom1 name is aroC
protocols.motifs.Motif: atom2 name is CH2
protocols.motifs.Motif: atom3 name is Ntrp
core.pack.task: Packer task: initialize from command line() 
core.pack.task: Packer task: initialize from command line() 
core.pack.task: Packer task: initialize from command line() 
protocols.moves.MonteCarlo: MonteCarlo:: last_accepted_score,lowest_score: -696.549 -696.549
protocols.motifs.Motif: Res1 name is VAL
protocols.motifs.Motif: atom1 name is OOC
protocols.motifs.Motif: atom2 name is COO
protocols.motifs.Motif: atom3 name is OOC
protocols.motifs.Motif: Res1 name is TYR
protocols.motifs.Motif: atom1 name is CH3
protocols.motifs.Motif: atom2 name is Npro
protocols.motifs.Motif: atom3 name is COO
protocols.motifs.Motif: Res1 name is ILE
protocols.motifs.Motif: atom1 name is OOC
protocols.motifs.Motif: atom2 name is COO
protocols.motifs.Motif: atom3 name is OOC
protocols.motifs.Motif: Res1 name is TYR
protocols.motifs.Motif: atom1 name is aroC
protocols.motifs.Motif: atom2 name is aroC
protocols.motifs.Motif: atom3 name is S
protocols.motifs.Motif: Res1 name is LEU
protocols.motifs.Motif: atom1 name is OOC
protocols.motifs.Motif: atom2 name is COO
protocols.motifs.Motif: atom3 name is OOC
core.pack.task: Packer task: initialize from command line() 
core.pack.task: Packer task: initialize from command line() 
core.pack.task: Packer task: initialize from command line() 
protocols.moves.MonteCarlo: MonteCarlo:: last_accepted_score,lowest_score: -128.442 -128.442
protocols.motifs.Motif: Res1 name is MET
protocols.motifs.Motif: atom1 name is aroC
protocols.motifs.Motif: atom2 name is aroC
protocols.motifs.Motif: atom3 name is Cl
protocols.motifs.Motif: Res1 name is LEU
protocols.motifs.Motif: atom1 name is aroC
protocols.motifs.Motif: atom2 name is aroC
protocols.motifs.Motif: atom3 name is S
protocols.motifs.Motif: Res1 name is PHE
protocols.motifs.Motif: atom1 name is aroC
protocols.motifs.Motif: atom2 name is aroC
protocols.motifs.Motif: atom3 name is S
protocols.motifs.Motif: Res1 name is PHE
protocols.motifs.Motif: atom1 name is OOC
protocols.motifs.Motif: atom2 name is COO
protocols.motifs.Motif: atom3 name is OOC
protocols.motifs.Motif: Res1 name is VAL
protocols.motifs.Motif: atom1 name is aroC
protocols.motifs.Motif: atom2 name is aroC
protocols.motifs.Motif: atom3 name is S
protocols.motifs.Motif: Res1 name is TYR
protocols.motifs.Motif: atom1 name is aroC
protocols.motifs.Motif: atom2 name is aroC
protocols.motifs.Motif: atom3 name is aroC
protocols.motifs.Motif: Res1 name is ILE
protocols.motifs.Motif: atom1 name is aroC
protocols.motifs.Motif: atom2 name is aroC
protocols.motifs.Motif: atom3 name is S
protocols.motifs.Motif: Res1 name is TYR
protocols.motifs.Motif: atom1 name is aroC
protocols.motifs.Motif: atom2 name is aroC
protocols.motifs.Motif: atom3 name is CH1
protocols.motifs.Motif: Res1 name is ILE
protocols.motifs.Motif: atom1 name is OOC
protocols.motifs.Motif: atom2 name is COO
protocols.motifs.Motif: atom3 name is OOC
protocols.motifs.Motif: Res1 name is LEU
protocols.motifs.Motif: atom1 name is CH3
protocols.motifs.Motif: atom2 name is Npro
protocols.motifs.Motif: atom3 name is COO
protocols.motifs.Motif: Res1 name is LYS
protocols.motifs.Motif: atom1 name is aroC
protocols.motifs.Motif: atom2 name is aroC
protocols.motifs.Motif: atom3 name is CH1
protocols.motifs.Motif: Res1 name is ILE
protocols.motifs.Motif: atom1 name is Npro
protocols.motifs.Motif: atom2 name is COO
protocols.motifs.Motif: atom3 name is ONH2
core.pack.task: Packer task: initialize from command line() 
core.pack.task: Packer task: initialize from command line() 
core.pack.task: Packer task: initialize from command line() 
protocols.moves.MonteCarlo: MonteCarlo:: last_accepted_score,lowest_score: -302.874 -302.874
protocols.motifs.Motif: Res1 name is VAL
protocols.motifs.Motif: atom1 name is CH3
protocols.motifs.Motif: atom2 name is Npro
protocols.motifs.Motif: atom3 name is COO
protocols.motifs.Motif: Res1 name is PHE
protocols.motifs.Motif: atom1 name is OOC
protocols.motifs.Motif: atom2 name is COO
protocols.motifs.Motif: atom3 name is OOC
protocols.motifs.Motif: Res1 name is PHE
protocols.motifs.Motif: atom1 name is OOC
protocols.motifs.Motif: atom2 name is COO
protocols.motifs.Motif: atom3 name is OOC
protocols.motifs.Motif: Res1 name is VAL
protocols.motifs.Motif: atom1 name is OOC
protocols.motifs.Motif: atom2 name is COO
protocols.motifs.Motif: atom3 name is OOC
protocols.motifs.Motif: Res1 name is TYR
protocols.motifs.Motif: atom1 name is CH3
protocols.motifs.Motif: atom2 name is Npro
protocols.motifs.Motif: atom3 name is COO
protocols.motifs.Motif: Res1 name is VAL
protocols.motifs.Motif: atom1 name is CH3
protocols.motifs.Motif: atom2 name is Npro
protocols.motifs.Motif: atom3 name is COO
protocols.motifs.Motif: Res1 name is ILE
protocols.motifs.Motif: atom1 name is aroC
protocols.motifs.Motif: atom2 name is aroC
protocols.motifs.Motif: atom3 name is S
protocols.motifs.Motif: Res1 name is TYR
protocols.motifs.Motif: atom1 name is aroC
protocols.motifs.Motif: atom2 name is aroC
protocols.motifs.Motif: atom3 name is S
protocols.motifs.Motif: Res1 name is LEU
protocols.motifs.Motif: atom1 name is aroC
protocols.motifs.Motif: atom2 name is aroC
protocols.motifs.Motif: atom3 name is aroC
core.pack.task: Packer task: initialize from command line() 
core.pack.task: Packer task: initialize from command line() 
core.pack.task: Packer task: initialize from command line() 
protocols.moves.MonteCarlo: MonteCarlo:: last_accepted_score,lowest_score: -698.272 -698.272
protocols.motifs.Motif: Res1 name is VAL
protocols.motifs.Motif: atom1 name is OOC
protocols.motifs.Motif: atom2 name is COO
protocols.motifs.Motif: atom3 name is OOC
protocols.motifs.Motif: Res1 name is ILE
protocols.motifs.Motif: atom1 name is aroC
protocols.motifs.Motif: atom2 name is aroC
protocols.motifs.Motif: atom3 name is S
protocols.motifs.Motif: Res1 name is ILE
protocols.motifs.Motif: atom1 name is aroC
protocols.motifs.Motif: atom2 name is aroC
protocols.motifs.Motif: atom3 name is Cl
protocols.motifs.Motif: Res1 name is TYR
protocols.motifs.Motif: atom1 name is Npro
protocols.motifs.Motif: atom2 name is COO
protocols.motifs.Motif: atom3 name is ONH2
protocols.motifs.Motif: Res1 name is LEU
protocols.motifs.Motif: atom1 name is aroC
protocols.motifs.Motif: atom2 name is CH2
protocols.motifs.Motif: atom3 name is Ntrp
core.pack.task: Packer task: initialize from command line() 
core.pack.task: Packer task: initialize from command line() 
core.pack.task: Packer task: initialize from command line() 
protocols.moves.MonteCarlo: MonteCarlo:: last_accepted_score,lowest_score: -702.675 -702.675
protocols.motifs.Motif: Res1 name is VAL
protocols.motifs.Motif: atom1 name is OOC
protocols.motifs.Motif: atom2 name is COO
protocols.motifs.Motif: atom3 name is OOC
protocols.motifs.Motif: Res1 name is LEU
protocols.motifs.Motif: atom1 name is aroC
protocols.motifs.Motif: atom2 name is aroC
protocols.motifs.Motif: atom3 name is S
protocols.motifs.Motif: Res1 name is TYR
protocols.motifs.Motif: atom1 name is Npro
protocols.motifs.Motif: atom2 name is COO
protocols.motifs.Motif: atom3 name is ONH2
protocols.motifs.Motif: Res1 name is VAL
protocols.motifs.Motif: atom1 name is aroC
protocols.motifs.Motif: atom2 name is aroC
protocols.motifs.Motif: atom3 name is aroC
protocols.motifs.Motif: Res1 name is ILE
protocols.motifs.Motif: atom1 name is aroC
protocols.motifs.Motif: atom2 name is COO
protocols.motifs.Motif: atom3 name is Nhis
protocols.motifs.Motif: Res1 name is TYR
protocols.motifs.Motif: atom1 name is aroC
protocols.motifs.Motif: atom2 name is aroC
protocols.motifs.Motif: atom3 name is CH1
protocols.motifs.Motif: Res1 name is PHE
protocols.motifs.Motif: atom1 name is OOC
protocols.motifs.Motif: atom2 name is COO
protocols.motifs.Motif: atom3 name is OOC
protocols.motifs.Motif: Res1 name is LEU
protocols.motifs.Motif: atom1 name is OOC
protocols.motifs.Motif: atom2 name is COO
protocols.motifs.Motif: atom3 name is OOC
protocols.motifs.Motif: Res1 name is LYS
protocols.motifs.Motif: atom1 name is aroC
protocols.motifs.Motif: atom2 name is aroC
protocols.motifs.Motif: atom3 name is aroC
protocols.motifs.Motif: Res1 name is ILE
protocols.motifs.Motif: atom1 name is aroC
protocols.motifs.Motif: atom2 name is aroC
protocols.motifs.Motif: atom3 name is S
core.pack.task: Packer task: initialize from command line() 
core.pack.task: Packer task: initialize from command line() 
core.pack.task: Packer task: initialize from command line() 
protocols.moves.MonteCarlo: MonteCarlo:: last_accepted_score,lowest_score: -700.17 -700.17
protocols.motifs.Motif: Res1 name is LEU
protocols.motifs.Motif: atom1 name is aroC
protocols.motifs.Motif: atom2 name is CH2
protocols.motifs.Motif: atom3 name is Ntrp
protocols.motifs.Motif: Res1 name is PHE
protocols.motifs.Motif: atom1 name is OOC
protocols.motifs.Motif: atom2 name is COO
protocols.motifs.Motif: atom3 name is OOC
protocols.motifs.Motif: Res1 name is VAL
protocols.motifs.Motif: atom1 name is OOC
protocols.motifs.Motif: atom2 name is COO
protocols.motifs.Motif: atom3 name is OOC
protocols.motifs.Motif: Res1 name is TYR
protocols.motifs.Motif: atom1 name is Npro
protocols.motifs.Motif: atom2 name is COO
protocols.motifs.Motif: atom3 name is ONH2
protocols.motifs.Motif: Res1 name is ILE
protocols.motifs.Motif: atom1 name is OOC
protocols.motifs.Motif: atom2 name is COO
protocols.motifs.Motif: atom3 name is OOC
protocols.motifs.Motif: Res1 name is TYR
protocols.motifs.Motif: atom1 name is CH3
protocols.motifs.Motif: atom2 name is Npro
protocols.motifs.Motif: atom3 name is COO
protocols.motifs.Motif: Res1 name is LEU
protocols.motifs.Motif: atom1 name is OOC
protocols.motifs.Motif: atom2 name is COO
protocols.motifs.Motif: atom3 name is OOC
core.pack.task: Packer task: initialize from command line() 
core.pack.task: Packer task: initialize from command line() 
core.pack.task: Packer task: initialize from command line() 
protocols.moves.MonteCarlo: MonteCarlo:: last_accepted_score,lowest_score: -698.287 -698.287
protocols.motifs.Motif: Res1 name is LEU
protocols.motifs.Motif: atom1 name is aroC
protocols.motifs.Motif: atom2 name is aroC
protocols.motifs.Motif: atom3 name is aroC
protocols.motifs.Motif: Res1 name is VAL
protocols.motifs.Motif: atom1 name is OOC
protocols.motifs.Motif: atom2 name is COO
protocols.motifs.Motif: atom3 name is OOC
protocols.motifs.Motif: Res1 name is TYR
protocols.motifs.Motif: atom1 name is aroC
protocols.motifs.Motif: atom2 name is CH2
protocols.motifs.Motif: atom3 name is Ntrp
protocols.motifs.Motif: Res1 name is ILE
protocols.motifs.Motif: atom1 name is OOC
protocols.motifs.Motif: atom2 name is COO
protocols.motifs.Motif: atom3 name is OOC
protocols.motifs.Motif: Res1 name is TYR
protocols.motifs.Motif: atom1 name is CH3
protocols.motifs.Motif: atom2 name is Npro
protocols.motifs.Motif: atom3 name is COO
protocols.motifs.Motif: Res1 name is LEU
protocols.motifs.Motif: atom1 name is OOC
protocols.motifs.Motif: atom2 name is COO
protocols.motifs.Motif: atom3 name is OOC
protocols.motifs.Motif: Res1 name is LYS
protocols.motifs.Motif: atom1 name is aroC
protocols.motifs.Motif: atom2 name is aroC
protocols.motifs.Motif: atom3 name is aroC
core.pack.task: Packer task: initialize from command line() 
core.pack.task: Packer task: initialize from command line() 
core.pack.task: Packer task: initialize from command line() 
protocols.moves.MonteCarlo: MonteCarlo:: last_accepted_score,lowest_score: -698.377 -698.377
protocols.motifs.Motif: Res1 name is LEU
protocols.motifs.Motif: atom1 name is aroC
protocols.motifs.Motif: atom2 name is CH2
protocols.motifs.Motif: atom3 name is Ntrp
protocols.motifs.Motif: Res1 name is VAL
protocols.motifs.Motif: atom1 name is OOC
protocols.motifs.Motif: atom2 name is COO
protocols.motifs.Motif: atom3 name is OOC
protocols.motifs.Motif: Res1 name is LEU
protocols.motifs.Motif: atom1 name is aroC
protocols.motifs.Motif: atom2 name is aroC
protocols.motifs.Motif: atom3 name is S
protocols.motifs.Motif: Res1 name is TYR
protocols.motifs.Motif: atom1 name is aroC
protocols.motifs.Motif: atom2 name is aroC
protocols.motifs.Motif: atom3 name is S
protocols.motifs.Motif: Res1 name is ILE
protocols.motifs.Motif: atom1 name is aroC
protocols.motifs.Motif: atom2 name is COO
protocols.motifs.Motif: atom3 name is Nhis
protocols.motifs.Motif: Res1 name is TYR
protocols.motifs.Motif: atom1 name is CH3
protocols.motifs.Motif: atom2 name is Npro
protocols.motifs.Motif: atom3 name is COO
protocols.motifs.Motif: Res1 name is LEU
protocols.motifs.Motif: atom1 name is OOC
protocols.motifs.Motif: atom2 name is COO
protocols.motifs.Motif: atom3 name is OOC
core.pack.task: Packer task: initialize from command line() 
core.pack.task: Packer task: initialize from command line() 
core.pack.task: Packer task: initialize from command line() 
protocols.moves.MonteCarlo: MonteCarlo:: last_accepted_score,lowest_score: -694.921 -694.921
protocols.motifs.Motif: Res1 name is VAL
protocols.motifs.Motif: atom1 name is OOC
protocols.motifs.Motif: atom2 name is COO
protocols.motifs.Motif: atom3 name is OOC
protocols.motifs.Motif: Res1 name is LEU
protocols.motifs.Motif: atom1 name is aroC
protocols.motifs.Motif: atom2 name is aroC
protocols.motifs.Motif: atom3 name is S
protocols.motifs.Motif: Res1 name is TYR
protocols.motifs.Motif: atom1 name is aroC
protocols.motifs.Motif: atom2 name is aroC
protocols.motifs.Motif: atom3 name is S
protocols.motifs.Motif: Res1 name is TYR
protocols.motifs.Motif: atom1 name is aroC
protocols.motifs.Motif: atom2 name is aroC
protocols.motifs.Motif: atom3 name is CH1
protocols.motifs.Motif: Res1 name is GLU
protocols.motifs.Motif: atom1 name is aroC
protocols.motifs.Motif: atom2 name is aroC
protocols.motifs.Motif: atom3 name is aroC
protocols.motifs.Motif: Res1 name is LEU
protocols.motifs.Motif: atom1 name is OOC
protocols.motifs.Motif: atom2 name is COO
protocols.motifs.Motif: atom3 name is OOC
protocols.motifs.Motif: Res1 name is LYS
protocols.motifs.Motif: atom1 name is CH3
protocols.motifs.Motif: atom2 name is Npro
protocols.motifs.Motif: atom3 name is COO
protocols.motifs.Motif: Res1 name is ILE
protocols.motifs.Motif: atom1 name is aroC
protocols.motifs.Motif: atom2 name is aroC
protocols.motifs.Motif: atom3 name is S
core.pack.task: Packer task: initialize from command line() 
core.pack.task: Packer task: initialize from command line() 
core.pack.task: Packer task: initialize from command line() 
protocols.moves.MonteCarlo: MonteCarlo:: last_accepted_score,lowest_score: -711.773 -711.773
protocols.motifs.Motif: Res1 name is VAL
protocols.motifs.Motif: atom1 name is aroC
protocols.motifs.Motif: atom2 name is COO
protocols.motifs.Motif: atom3 name is Nhis
protocols.motifs.Motif: Res1 name is LEU
protocols.motifs.Motif: atom1 name is aroC
protocols.motifs.Motif: atom2 name is aroC
protocols.motifs.Motif: atom3 name is aroC
protocols.motifs.Motif: Res1 name is TYR
protocols.motifs.Motif: atom1 name is CH1
protocols.motifs.Motif: atom2 name is CH2
protocols.motifs.Motif: atom3 name is Ntrp
protocols.motifs.Motif: Res1 name is VAL
protocols.motifs.Motif: atom1 name is Npro
protocols.motifs.Motif: atom2 name is COO
protocols.motifs.Motif: atom3 name is ONH2
protocols.motifs.Motif: Res1 name is ILE
protocols.motifs.Motif: atom1 name is aroC
protocols.motifs.Motif: atom2 name is aroC
protocols.motifs.Motif: atom3 name is aroC
protocols.motifs.Motif: Res1 name is ILE
protocols.motifs.Motif: atom1 name is aroC
protocols.motifs.Motif: atom2 name is aroC
protocols.motifs.Motif: atom3 name is S
protocols.motifs.Motif: Res1 name is TYR
protocols.motifs.Motif: atom1 name is Npro
protocols.motifs.Motif: atom2 name is COO
protocols.motifs.Motif: atom3 name is ONH2
protocols.motifs.Motif: Res1 name is ILE
protocols.motifs.Motif: atom1 name is aroC
protocols.motifs.Motif: atom2 name is aroC
protocols.motifs.Motif: atom3 name is Cl
protocols.motifs.Motif: Res1 name is LYS
protocols.motifs.Motif: atom1 name is aroC
protocols.motifs.Motif: atom2 name is aroC
protocols.motifs.Motif: atom3 name is Cl
protocols.motifs.Motif: Res1 name is LEU
protocols.motifs.Motif: atom1 name is Npro
protocols.motifs.Motif: atom2 name is COO
protocols.motifs.Motif: atom3 name is ONH2
protocols.motifs.Motif: Res1 name is ILE
protocols.motifs.Motif: atom1 name is aroC
protocols.motifs.Motif: atom2 name is aroC
protocols.motifs.Motif: atom3 name is aroC
LigandDiscoverySearch.discover: Done iterating all trios, moving to next ligand
LigandDiscoverySearch.discover: Total passing attempts for ligand is 90
LigandDiscoverySearch.discover: Total clashing attempts for ligand is 4838
