********  (C) Copyright Rosetta Commons Member Institutions.  ***************
* Use of Rosetta for commercial purposes may require purchase of a license. *
********  See LICENSE.md or email license@uw.edu for more details. **********
core.init: Checking for fconfig files in pwd and ./rosetta/flags 
core.init: Rosetta version: 2024.19.post.dev+283.updatedliganddiscoverysearchcodeagmay2024.10ed978 10ed97813f1920392b632603a23dedae0d4f102d https://github.com/RosettaCommons/rosetta.git 2024-10-15T12:35:46
core.init: Rosetta extras: []
core.init: command: /scratch/abgvg9/rosetta_may_for_checkin/rosetta//source/bin/ligand_discovery_search_protocol.linuxgccrelease @grik1_res_80_0_args
basic.random.init_random_generator: Constant seed mode, seed=1111111 seed_offset=0 real_seed=1111111
basic.random.init_random_generator: RandomGenerator:init: Normal mode, seed=1111111 RG_type=mt19937
core.init: Resolved executable path: /scratch/abgvg9/rosetta_may_for_checkin/rosetta/source/build/src/release/linux/3.10/64/x86/gcc/8.2/default/ligand_discovery_search_protocol.default.linuxgccrelease
core.init: Looking for database based on location of executable: /scratch/abgvg9/rosetta_may_for_checkin/rosetta/database/
LDS_app: Making Pose of input pdb file(s)
protocols.motifs.motif_utils: Got filename
protocols.motifs.motif_utils: Made motiflibrary
core.chemical.GlobalResidueTypeSet: Finished initializing fa_standard residue type set.  Created 985 residue types
core.chemical.GlobalResidueTypeSet: Total time to initialize 0.78 seconds.
protocols.motifs.motif_utils: added motifs from file
LDS_app: Collected motifs library with 1644640 motifs. 
core.chemical.GlobalResidueTypeSet: For ResidueTypeSet fa_standard there is no exclude_pdb_component_list.txt file to list known PDB ids.
core.chemical.GlobalResidueTypeSet:     This will turn off PDB component loading for ResidueTypeSet fa_standard
core.chemical.GlobalResidueTypeSet:     Expected file: /data/user/abgvg9/benchmark/files/all/grik1/test_params/exclude_pdb_component_list.txt
core.chemical.GlobalResidueTypeSet: Finished initializing fa_standard residue type set.  Created 1 residue types
core.chemical.GlobalResidueTypeSet: Total time to initialize 0.33 seconds.
core.import_pose.import_pose: File '/data/user/abgvg9/benchmark/files/all/grik1/grik1.pdb' automatically determined to be of type PDB
core.io.pose_from_sfr.PoseFromSFRBuilder: [ WARNING ] discarding 2 atoms at position 1 in file /data/user/abgvg9/benchmark/files/all/grik1/grik1.pdb. Best match rsd_type:  THR:NtermProteinFull
core.io.pose_from_sfr.PoseFromSFRBuilder: [ WARNING ] discarding 1 atoms at position 2 in file /data/user/abgvg9/benchmark/files/all/grik1/grik1.pdb. Best match rsd_type:  LEU
core.io.pose_from_sfr.PoseFromSFRBuilder: [ WARNING ] discarding 1 atoms at position 3 in file /data/user/abgvg9/benchmark/files/all/grik1/grik1.pdb. Best match rsd_type:  ILE
core.io.pose_from_sfr.PoseFromSFRBuilder: [ WARNING ] discarding 1 atoms at position 4 in file /data/user/abgvg9/benchmark/files/all/grik1/grik1.pdb. Best match rsd_type:  VAL
core.io.pose_from_sfr.PoseFromSFRBuilder: [ WARNING ] discarding 2 atoms at position 5 in file /data/user/abgvg9/benchmark/files/all/grik1/grik1.pdb. Best match rsd_type:  THR
core.io.pose_from_sfr.PoseFromSFRBuilder: [ WARNING ] discarding 2 atoms at position 6 in file /data/user/abgvg9/benchmark/files/all/grik1/grik1.pdb. Best match rsd_type:  THR
core.io.pose_from_sfr.PoseFromSFRBuilder: [ WARNING ] discarding 1 atoms at position 7 in file /data/user/abgvg9/benchmark/files/all/grik1/grik1.pdb. Best match rsd_type:  ILE
core.io.pose_from_sfr.PoseFromSFRBuilder: [ WARNING ] discarding 1 atoms at position 8 in file /data/user/abgvg9/benchmark/files/all/grik1/grik1.pdb. Best match rsd_type:  LEU
core.io.pose_from_sfr.PoseFromSFRBuilder: [ WARNING ] discarding 1 atoms at position 9 in file /data/user/abgvg9/benchmark/files/all/grik1/grik1.pdb. Best match rsd_type:  GLU
core.io.pose_from_sfr.PoseFromSFRBuilder: [ WARNING ] discarding 1 atoms at position 10 in file /data/user/abgvg9/benchmark/files/all/grik1/grik1.pdb. Best match rsd_type:  GLU
core.io.pose_from_sfr.PoseFromSFRBuilder: [ WARNING ] discarding 2 atoms at position 12 in file /data/user/abgvg9/benchmark/files/all/grik1/grik1.pdb. Best match rsd_type:  TYR
core.io.pose_from_sfr.PoseFromSFRBuilder: [ WARNING ] discarding 1 atoms at position 13 in file /data/user/abgvg9/benchmark/files/all/grik1/grik1.pdb. Best match rsd_type:  VAL
core.io.pose_from_sfr.PoseFromSFRBuilder: [ WARNING ] discarding 1 atoms at position 14 in file /data/user/abgvg9/benchmark/files/all/grik1/grik1.pdb. Best match rsd_type:  MET
core.io.pose_from_sfr.PoseFromSFRBuilder: [ WARNING ] discarding 2 atoms at position 15 in file /data/user/abgvg9/benchmark/files/all/grik1/grik1.pdb. Best match rsd_type:  TYR
core.io.pose_from_sfr.PoseFromSFRBuilder: [ WARNING ] discarding 6 atoms at position 16 in file /data/user/abgvg9/benchmark/files/all/grik1/grik1.pdb. Best match rsd_type:  ARG
core.io.pose_from_sfr.PoseFromSFRBuilder: [ WARNING ] discarding 4 atoms at position 17 in file /data/user/abgvg9/benchmark/files/all/grik1/grik1.pdb. Best match rsd_type:  LYS
core.io.pose_from_sfr.PoseFromSFRBuilder: [ WARNING ] discarding 2 atoms at position 18 in file /data/user/abgvg9/benchmark/files/all/grik1/grik1.pdb. Best match rsd_type:  SER
core.io.pose_from_sfr.PoseFromSFRBuilder: [ WARNING ] discarding 1 atoms at position 19 in file /data/user/abgvg9/benchmark/files/all/grik1/grik1.pdb. Best match rsd_type:  ASP
core.io.pose_from_sfr.PoseFromSFRBuilder: [ WARNING ] discarding 4 atoms at position 20 in file /data/user/abgvg9/benchmark/files/all/grik1/grik1.pdb. Best match rsd_type:  LYS
core.io.pose_from_sfr.PoseFromSFRBuilder: [ WARNING ] discarding 1 atoms at position 22 in file /data/user/abgvg9/benchmark/files/all/grik1/grik1.pdb. Best match rsd_type:  LEU
core.io.pose_from_sfr.PoseFromSFRBuilder: [ WARNING ] discarding 2 atoms at position 23 in file /data/user/abgvg9/benchmark/files/all/grik1/grik1.pdb. Best match rsd_type:  TYR
core.io.pose_from_sfr.PoseFromSFRBuilder: [ WARNING ] discarding 1 atoms at position 24 in file /data/user/abgvg9/benchmark/files/all/grik1/grik1.pdb. Best match rsd_type:  GLY
core.io.pose_from_sfr.PoseFromSFRBuilder: [ WARNING ] discarding 3 atoms at position 25 in file /data/user/abgvg9/benchmark/files/all/grik1/grik1.pdb. Best match rsd_type:  ASN
core.io.pose_from_sfr.PoseFromSFRBuilder: [ WARNING ] discarding 1 atoms at position 26 in file /data/user/abgvg9/benchmark/files/all/grik1/grik1.pdb. Best match rsd_type:  ASP
core.io.pose_from_sfr.PoseFromSFRBuilder: [ WARNING ] discarding 6 atoms at position 27 in file /data/user/abgvg9/benchmark/files/all/grik1/grik1.pdb. Best match rsd_type:  ARG
core.io.pose_from_sfr.PoseFromSFRBuilder: [ WARNING ] discarding 1 atoms at position 28 in file /data/user/abgvg9/benchmark/files/all/grik1/grik1.pdb. Best match rsd_type:  PHE
core.io.pose_from_sfr.PoseFromSFRBuilder: [ WARNING ] discarding 1 atoms at position 29 in file /data/user/abgvg9/benchmark/files/all/grik1/grik1.pdb. Best match rsd_type:  GLU
core.io.pose_from_sfr.PoseFromSFRBuilder: [ WARNING ] discarding 1 atoms at position 30 in file /data/user/abgvg9/benchmark/files/all/grik1/grik1.pdb. Best match rsd_type:  GLY
core.io.pose_from_sfr.PoseFromSFRBuilder: [ WARNING ] discarding 2 atoms at position 31 in file /data/user/abgvg9/benchmark/files/all/grik1/grik1.pdb. Best match rsd_type:  TYR
core.io.pose_from_sfr.PoseFromSFRBuilder: [ WARNING ] discarding 2 atoms at position 32 in file /data/user/abgvg9/benchmark/files/all/grik1/grik1.pdb. Best match rsd_type:  CYS
core.io.pose_from_sfr.PoseFromSFRBuilder: [ WARNING ] discarding 1 atoms at position 33 in file /data/user/abgvg9/benchmark/files/all/grik1/grik1.pdb. Best match rsd_type:  LEU
core.io.pose_from_sfr.PoseFromSFRBuilder: [ WARNING ] discarding 1 atoms at position 34 in file /data/user/abgvg9/benchmark/files/all/grik1/grik1.pdb. Best match rsd_type:  ASP
core.io.pose_from_sfr.PoseFromSFRBuilder: [ WARNING ] discarding 1 atoms at position 35 in file /data/user/abgvg9/benchmark/files/all/grik1/grik1.pdb. Best match rsd_type:  LEU
core.io.pose_from_sfr.PoseFromSFRBuilder: [ WARNING ] discarding 1 atoms at position 36 in file /data/user/abgvg9/benchmark/files/all/grik1/grik1.pdb. Best match rsd_type:  LEU
core.io.pose_from_sfr.PoseFromSFRBuilder: [ WARNING ] discarding 4 atoms at position 37 in file /data/user/abgvg9/benchmark/files/all/grik1/grik1.pdb. Best match rsd_type:  LYS
core.io.pose_from_sfr.PoseFromSFRBuilder: [ WARNING ] discarding 1 atoms at position 38 in file /data/user/abgvg9/benchmark/files/all/grik1/grik1.pdb. Best match rsd_type:  GLU
core.io.pose_from_sfr.PoseFromSFRBuilder: [ WARNING ] discarding 1 atoms at position 39 in file /data/user/abgvg9/benchmark/files/all/grik1/grik1.pdb. Best match rsd_type:  LEU
core.io.pose_from_sfr.PoseFromSFRBuilder: [ WARNING ] discarding 2 atoms at position 40 in file /data/user/abgvg9/benchmark/files/all/grik1/grik1.pdb. Best match rsd_type:  SER
core.io.pose_from_sfr.PoseFromSFRBuilder: [ WARNING ] discarding 3 atoms at position 41 in file /data/user/abgvg9/benchmark/files/all/grik1/grik1.pdb. Best match rsd_type:  ASN
core.io.pose_from_sfr.PoseFromSFRBuilder: [ WARNING ] discarding 1 atoms at position 42 in file /data/user/abgvg9/benchmark/files/all/grik1/grik1.pdb. Best match rsd_type:  ILE
core.io.pose_from_sfr.PoseFromSFRBuilder: [ WARNING ] discarding 1 atoms at position 43 in file /data/user/abgvg9/benchmark/files/all/grik1/grik1.pdb. Best match rsd_type:  LEU
core.io.pose_from_sfr.PoseFromSFRBuilder: [ WARNING ] discarding 1 atoms at position 44 in file /data/user/abgvg9/benchmark/files/all/grik1/grik1.pdb. Best match rsd_type:  PHE
core.io.pose_from_sfr.PoseFromSFRBuilder: [ WARNING ] discarding 1 atoms at position 45 in file /data/user/abgvg9/benchmark/files/all/grik1/grik1.pdb. Best match rsd_type:  LEU
core.io.pose_from_sfr.PoseFromSFRBuilder: [ WARNING ] discarding 2 atoms at position 46 in file /data/user/abgvg9/benchmark/files/all/grik1/grik1.pdb. Best match rsd_type:  TYR
core.io.pose_from_sfr.PoseFromSFRBuilder: [ WARNING ] discarding 1 atoms at position 47 in file /data/user/abgvg9/benchmark/files/all/grik1/grik1.pdb. Best match rsd_type:  ASP
core.io.pose_from_sfr.PoseFromSFRBuilder: [ WARNING ] discarding 1 atoms at position 48 in file /data/user/abgvg9/benchmark/files/all/grik1/grik1.pdb. Best match rsd_type:  VAL
core.io.pose_from_sfr.PoseFromSFRBuilder: [ WARNING ] discarding 4 atoms at position 49 in file /data/user/abgvg9/benchmark/files/all/grik1/grik1.pdb. Best match rsd_type:  LYS
core.io.pose_from_sfr.PoseFromSFRBuilder: [ WARNING ] discarding 1 atoms at position 50 in file /data/user/abgvg9/benchmark/files/all/grik1/grik1.pdb. Best match rsd_type:  LEU
core.io.pose_from_sfr.PoseFromSFRBuilder: [ WARNING ] discarding 1 atoms at position 51 in file /data/user/abgvg9/benchmark/files/all/grik1/grik1.pdb. Best match rsd_type:  VAL
core.io.pose_from_sfr.PoseFromSFRBuilder: [ WARNING ] discarding 1 atoms at position 53 in file /data/user/abgvg9/benchmark/files/all/grik1/grik1.pdb. Best match rsd_type:  ASP
core.io.pose_from_sfr.PoseFromSFRBuilder: [ WARNING ] discarding 1 atoms at position 54 in file /data/user/abgvg9/benchmark/files/all/grik1/grik1.pdb. Best match rsd_type:  GLY
core.io.pose_from_sfr.PoseFromSFRBuilder: [ WARNING ] discarding 4 atoms at position 55 in file /data/user/abgvg9/benchmark/files/all/grik1/grik1.pdb. Best match rsd_type:  LYS
core.io.pose_from_sfr.PoseFromSFRBuilder: [ WARNING ] discarding 2 atoms at position 56 in file /data/user/abgvg9/benchmark/files/all/grik1/grik1.pdb. Best match rsd_type:  TYR
core.io.pose_from_sfr.PoseFromSFRBuilder: [ WARNING ] discarding 1 atoms at position 57 in file /data/user/abgvg9/benchmark/files/all/grik1/grik1.pdb. Best match rsd_type:  GLY
core.io.pose_from_sfr.PoseFromSFRBuilder: [ WARNING ] discarding 1 atoms at position 58 in file /data/user/abgvg9/benchmark/files/all/grik1/grik1.pdb. Best match rsd_type:  ALA
core.io.pose_from_sfr.PoseFromSFRBuilder: [ WARNING ] discarding 3 atoms at position 59 in file /data/user/abgvg9/benchmark/files/all/grik1/grik1.pdb. Best match rsd_type:  GLN
core.io.pose_from_sfr.PoseFromSFRBuilder: [ WARNING ] discarding 2 atoms at position 60 in file /data/user/abgvg9/benchmark/files/all/grik1/grik1.pdb. Best match rsd_type:  TRP
core.io.pose_from_sfr.PoseFromSFRBuilder: [ WARNING ] discarding 3 atoms at position 61 in file /data/user/abgvg9/benchmark/files/all/grik1/grik1.pdb. Best match rsd_type:  ASN
core.io.pose_from_sfr.PoseFromSFRBuilder: [ WARNING ] discarding 1 atoms at position 62 in file /data/user/abgvg9/benchmark/files/all/grik1/grik1.pdb. Best match rsd_type:  GLY
core.io.pose_from_sfr.PoseFromSFRBuilder: [ WARNING ] discarding 1 atoms at position 63 in file /data/user/abgvg9/benchmark/files/all/grik1/grik1.pdb. Best match rsd_type:  MET
core.io.pose_from_sfr.PoseFromSFRBuilder: [ WARNING ] discarding 1 atoms at position 64 in file /data/user/abgvg9/benchmark/files/all/grik1/grik1.pdb. Best match rsd_type:  VAL
core.io.pose_from_sfr.PoseFromSFRBuilder: [ WARNING ] discarding 4 atoms at position 65 in file /data/user/abgvg9/benchmark/files/all/grik1/grik1.pdb. Best match rsd_type:  LYS
core.io.pose_from_sfr.PoseFromSFRBuilder: [ WARNING ] discarding 1 atoms at position 66 in file /data/user/abgvg9/benchmark/files/all/grik1/grik1.pdb. Best match rsd_type:  GLU
core.io.pose_from_sfr.PoseFromSFRBuilder: [ WARNING ] discarding 1 atoms at position 67 in file /data/user/abgvg9/benchmark/files/all/grik1/grik1.pdb. Best match rsd_type:  LEU
core.io.pose_from_sfr.PoseFromSFRBuilder: [ WARNING ] discarding 1 atoms at position 68 in file /data/user/abgvg9/benchmark/files/all/grik1/grik1.pdb. Best match rsd_type:  ILE
core.io.pose_from_sfr.PoseFromSFRBuilder: [ WARNING ] discarding 1 atoms at position 69 in file /data/user/abgvg9/benchmark/files/all/grik1/grik1.pdb. Best match rsd_type:  ASP
core.io.pose_from_sfr.PoseFromSFRBuilder: [ WARNING ] discarding 2 atoms at position 70 in file /data/user/abgvg9/benchmark/files/all/grik1/grik1.pdb. Best match rsd_type:  HIS
core.io.pose_from_sfr.PoseFromSFRBuilder: [ WARNING ] discarding 6 atoms at position 71 in file /data/user/abgvg9/benchmark/files/all/grik1/grik1.pdb. Best match rsd_type:  ARG
core.io.pose_from_sfr.PoseFromSFRBuilder: [ WARNING ] discarding 1 atoms at position 72 in file /data/user/abgvg9/benchmark/files/all/grik1/grik1.pdb. Best match rsd_type:  ALA
core.io.pose_from_sfr.PoseFromSFRBuilder: [ WARNING ] discarding 1 atoms at position 73 in file /data/user/abgvg9/benchmark/files/all/grik1/grik1.pdb. Best match rsd_type:  ASP
core.io.pose_from_sfr.PoseFromSFRBuilder: [ WARNING ] discarding 1 atoms at position 74 in file /data/user/abgvg9/benchmark/files/all/grik1/grik1.pdb. Best match rsd_type:  LEU
core.io.pose_from_sfr.PoseFromSFRBuilder: [ WARNING ] discarding 1 atoms at position 75 in file /data/user/abgvg9/benchmark/files/all/grik1/grik1.pdb. Best match rsd_type:  ALA
core.io.pose_from_sfr.PoseFromSFRBuilder: [ WARNING ] discarding 1 atoms at position 76 in file /data/user/abgvg9/benchmark/files/all/grik1/grik1.pdb. Best match rsd_type:  VAL
core.io.pose_from_sfr.PoseFromSFRBuilder: [ WARNING ] discarding 1 atoms at position 77 in file /data/user/abgvg9/benchmark/files/all/grik1/grik1.pdb. Best match rsd_type:  ALA
core.io.pose_from_sfr.PoseFromSFRBuilder: [ WARNING ] discarding 1 atoms at position 79 in file /data/user/abgvg9/benchmark/files/all/grik1/grik1.pdb. Best match rsd_type:  LEU
core.io.pose_from_sfr.PoseFromSFRBuilder: [ WARNING ] discarding 2 atoms at position 80 in file /data/user/abgvg9/benchmark/files/all/grik1/grik1.pdb. Best match rsd_type:  THR
core.io.pose_from_sfr.PoseFromSFRBuilder: [ WARNING ] discarding 1 atoms at position 81 in file /data/user/abgvg9/benchmark/files/all/grik1/grik1.pdb. Best match rsd_type:  ILE
core.io.pose_from_sfr.PoseFromSFRBuilder: [ WARNING ] discarding 2 atoms at position 82 in file /data/user/abgvg9/benchmark/files/all/grik1/grik1.pdb. Best match rsd_type:  THR
core.io.pose_from_sfr.PoseFromSFRBuilder: [ WARNING ] discarding 2 atoms at position 83 in file /data/user/abgvg9/benchmark/files/all/grik1/grik1.pdb. Best match rsd_type:  TYR
core.io.pose_from_sfr.PoseFromSFRBuilder: [ WARNING ] discarding 1 atoms at position 84 in file /data/user/abgvg9/benchmark/files/all/grik1/grik1.pdb. Best match rsd_type:  VAL
core.io.pose_from_sfr.PoseFromSFRBuilder: [ WARNING ] discarding 6 atoms at position 85 in file /data/user/abgvg9/benchmark/files/all/grik1/grik1.pdb. Best match rsd_type:  ARG
core.io.pose_from_sfr.PoseFromSFRBuilder: [ WARNING ] discarding 1 atoms at position 86 in file /data/user/abgvg9/benchmark/files/all/grik1/grik1.pdb. Best match rsd_type:  GLU
core.io.pose_from_sfr.PoseFromSFRBuilder: [ WARNING ] discarding 4 atoms at position 87 in file /data/user/abgvg9/benchmark/files/all/grik1/grik1.pdb. Best match rsd_type:  LYS
core.io.pose_from_sfr.PoseFromSFRBuilder: [ WARNING ] discarding 1 atoms at position 88 in file /data/user/abgvg9/benchmark/files/all/grik1/grik1.pdb. Best match rsd_type:  VAL
core.io.pose_from_sfr.PoseFromSFRBuilder: [ WARNING ] discarding 1 atoms at position 89 in file /data/user/abgvg9/benchmark/files/all/grik1/grik1.pdb. Best match rsd_type:  ILE
core.io.pose_from_sfr.PoseFromSFRBuilder: [ WARNING ] discarding 1 atoms at position 90 in file /data/user/abgvg9/benchmark/files/all/grik1/grik1.pdb. Best match rsd_type:  ASP
core.io.pose_from_sfr.PoseFromSFRBuilder: [ WARNING ] discarding 1 atoms at position 91 in file /data/user/abgvg9/benchmark/files/all/grik1/grik1.pdb. Best match rsd_type:  PHE
core.io.pose_from_sfr.PoseFromSFRBuilder: [ WARNING ] discarding 2 atoms at position 92 in file /data/user/abgvg9/benchmark/files/all/grik1/grik1.pdb. Best match rsd_type:  SER
core.io.pose_from_sfr.PoseFromSFRBuilder: [ WARNING ] discarding 4 atoms at position 93 in file /data/user/abgvg9/benchmark/files/all/grik1/grik1.pdb. Best match rsd_type:  LYS
core.io.pose_from_sfr.PoseFromSFRBuilder: [ WARNING ] discarding 1 atoms at position 95 in file /data/user/abgvg9/benchmark/files/all/grik1/grik1.pdb. Best match rsd_type:  PHE
core.io.pose_from_sfr.PoseFromSFRBuilder: [ WARNING ] discarding 1 atoms at position 96 in file /data/user/abgvg9/benchmark/files/all/grik1/grik1.pdb. Best match rsd_type:  MET
core.io.pose_from_sfr.PoseFromSFRBuilder: [ WARNING ] discarding 2 atoms at position 97 in file /data/user/abgvg9/benchmark/files/all/grik1/grik1.pdb. Best match rsd_type:  THR
core.io.pose_from_sfr.PoseFromSFRBuilder: [ WARNING ] discarding 1 atoms at position 98 in file /data/user/abgvg9/benchmark/files/all/grik1/grik1.pdb. Best match rsd_type:  LEU
core.io.pose_from_sfr.PoseFromSFRBuilder: [ WARNING ] discarding 1 atoms at position 99 in file /data/user/abgvg9/benchmark/files/all/grik1/grik1.pdb. Best match rsd_type:  GLY
core.io.pose_from_sfr.PoseFromSFRBuilder: [ WARNING ] discarding 1 atoms at position 100 in file /data/user/abgvg9/benchmark/files/all/grik1/grik1.pdb. Best match rsd_type:  ILE
core.io.pose_from_sfr.PoseFromSFRBuilder: [ WARNING ] discarding 2 atoms at position 101 in file /data/user/abgvg9/benchmark/files/all/grik1/grik1.pdb. Best match rsd_type:  SER
core.io.pose_from_sfr.PoseFromSFRBuilder: [ WARNING ] discarding 1 atoms at position 102 in file /data/user/abgvg9/benchmark/files/all/grik1/grik1.pdb. Best match rsd_type:  ILE
core.io.pose_from_sfr.PoseFromSFRBuilder: [ WARNING ] discarding 1 atoms at position 103 in file /data/user/abgvg9/benchmark/files/all/grik1/grik1.pdb. Best match rsd_type:  LEU
core.io.pose_from_sfr.PoseFromSFRBuilder: [ WARNING ] discarding 2 atoms at position 104 in file /data/user/abgvg9/benchmark/files/all/grik1/grik1.pdb. Best match rsd_type:  TYR
core.io.pose_from_sfr.PoseFromSFRBuilder: [ WARNING ] discarding 6 atoms at position 105 in file /data/user/abgvg9/benchmark/files/all/grik1/grik1.pdb. Best match rsd_type:  ARG
core.io.pose_from_sfr.PoseFromSFRBuilder: [ WARNING ] discarding 4 atoms at position 106 in file /data/user/abgvg9/benchmark/files/all/grik1/grik1.pdb. Best match rsd_type:  LYS
core.io.pose_from_sfr.PoseFromSFRBuilder: [ WARNING ] discarding 1 atoms at position 107 in file /data/user/abgvg9/benchmark/files/all/grik1/grik1.pdb. Best match rsd_type:  GLY
core.io.pose_from_sfr.PoseFromSFRBuilder: [ WARNING ] discarding 2 atoms at position 108 in file /data/user/abgvg9/benchmark/files/all/grik1/grik1.pdb. Best match rsd_type:  THR
core.io.pose_from_sfr.PoseFromSFRBuilder: [ WARNING ] discarding 1 atoms at position 110 in file /data/user/abgvg9/benchmark/files/all/grik1/grik1.pdb. Best match rsd_type:  ILE
core.io.pose_from_sfr.PoseFromSFRBuilder: [ WARNING ] discarding 1 atoms at position 111 in file /data/user/abgvg9/benchmark/files/all/grik1/grik1.pdb. Best match rsd_type:  ASP
core.io.pose_from_sfr.PoseFromSFRBuilder: [ WARNING ] discarding 2 atoms at position 112 in file /data/user/abgvg9/benchmark/files/all/grik1/grik1.pdb. Best match rsd_type:  SER
core.io.pose_from_sfr.PoseFromSFRBuilder: [ WARNING ] discarding 1 atoms at position 113 in file /data/user/abgvg9/benchmark/files/all/grik1/grik1.pdb. Best match rsd_type:  ALA
core.io.pose_from_sfr.PoseFromSFRBuilder: [ WARNING ] discarding 1 atoms at position 114 in file /data/user/abgvg9/benchmark/files/all/grik1/grik1.pdb. Best match rsd_type:  ASP
core.io.pose_from_sfr.PoseFromSFRBuilder: [ WARNING ] discarding 1 atoms at position 115 in file /data/user/abgvg9/benchmark/files/all/grik1/grik1.pdb. Best match rsd_type:  ASP
core.io.pose_from_sfr.PoseFromSFRBuilder: [ WARNING ] discarding 1 atoms at position 116 in file /data/user/abgvg9/benchmark/files/all/grik1/grik1.pdb. Best match rsd_type:  LEU
core.io.pose_from_sfr.PoseFromSFRBuilder: [ WARNING ] discarding 1 atoms at position 117 in file /data/user/abgvg9/benchmark/files/all/grik1/grik1.pdb. Best match rsd_type:  ALA
core.io.pose_from_sfr.PoseFromSFRBuilder: [ WARNING ] discarding 4 atoms at position 118 in file /data/user/abgvg9/benchmark/files/all/grik1/grik1.pdb. Best match rsd_type:  LYS
core.io.pose_from_sfr.PoseFromSFRBuilder: [ WARNING ] discarding 3 atoms at position 119 in file /data/user/abgvg9/benchmark/files/all/grik1/grik1.pdb. Best match rsd_type:  GLN
core.io.pose_from_sfr.PoseFromSFRBuilder: [ WARNING ] discarding 2 atoms at position 120 in file /data/user/abgvg9/benchmark/files/all/grik1/grik1.pdb. Best match rsd_type:  THR
core.io.pose_from_sfr.PoseFromSFRBuilder: [ WARNING ] discarding 4 atoms at position 121 in file /data/user/abgvg9/benchmark/files/all/grik1/grik1.pdb. Best match rsd_type:  LYS
core.io.pose_from_sfr.PoseFromSFRBuilder: [ WARNING ] discarding 1 atoms at position 122 in file /data/user/abgvg9/benchmark/files/all/grik1/grik1.pdb. Best match rsd_type:  ILE
core.io.pose_from_sfr.PoseFromSFRBuilder: [ WARNING ] discarding 1 atoms at position 123 in file /data/user/abgvg9/benchmark/files/all/grik1/grik1.pdb. Best match rsd_type:  GLU
core.io.pose_from_sfr.PoseFromSFRBuilder: [ WARNING ] discarding 2 atoms at position 124 in file /data/user/abgvg9/benchmark/files/all/grik1/grik1.pdb. Best match rsd_type:  TYR
core.io.pose_from_sfr.PoseFromSFRBuilder: [ WARNING ] discarding 1 atoms at position 125 in file /data/user/abgvg9/benchmark/files/all/grik1/grik1.pdb. Best match rsd_type:  GLY
core.io.pose_from_sfr.PoseFromSFRBuilder: [ WARNING ] discarding 1 atoms at position 126 in file /data/user/abgvg9/benchmark/files/all/grik1/grik1.pdb. Best match rsd_type:  ALA
core.io.pose_from_sfr.PoseFromSFRBuilder: [ WARNING ] discarding 1 atoms at position 127 in file /data/user/abgvg9/benchmark/files/all/grik1/grik1.pdb. Best match rsd_type:  VAL
core.io.pose_from_sfr.PoseFromSFRBuilder: [ WARNING ] discarding 6 atoms at position 128 in file /data/user/abgvg9/benchmark/files/all/grik1/grik1.pdb. Best match rsd_type:  ARG
core.io.pose_from_sfr.PoseFromSFRBuilder: [ WARNING ] discarding 1 atoms at position 129 in file /data/user/abgvg9/benchmark/files/all/grik1/grik1.pdb. Best match rsd_type:  ASP
core.io.pose_from_sfr.PoseFromSFRBuilder: [ WARNING ] discarding 1 atoms at position 130 in file /data/user/abgvg9/benchmark/files/all/grik1/grik1.pdb. Best match rsd_type:  GLY
core.io.pose_from_sfr.PoseFromSFRBuilder: [ WARNING ] discarding 2 atoms at position 131 in file /data/user/abgvg9/benchmark/files/all/grik1/grik1.pdb. Best match rsd_type:  SER
core.io.pose_from_sfr.PoseFromSFRBuilder: [ WARNING ] discarding 2 atoms at position 132 in file /data/user/abgvg9/benchmark/files/all/grik1/grik1.pdb. Best match rsd_type:  THR
core.io.pose_from_sfr.PoseFromSFRBuilder: [ WARNING ] discarding 1 atoms at position 133 in file /data/user/abgvg9/benchmark/files/all/grik1/grik1.pdb. Best match rsd_type:  MET
core.io.pose_from_sfr.PoseFromSFRBuilder: [ WARNING ] discarding 2 atoms at position 134 in file /data/user/abgvg9/benchmark/files/all/grik1/grik1.pdb. Best match rsd_type:  THR
core.io.pose_from_sfr.PoseFromSFRBuilder: [ WARNING ] discarding 1 atoms at position 135 in file /data/user/abgvg9/benchmark/files/all/grik1/grik1.pdb. Best match rsd_type:  PHE
core.io.pose_from_sfr.PoseFromSFRBuilder: [ WARNING ] discarding 1 atoms at position 136 in file /data/user/abgvg9/benchmark/files/all/grik1/grik1.pdb. Best match rsd_type:  PHE
core.io.pose_from_sfr.PoseFromSFRBuilder: [ WARNING ] discarding 4 atoms at position 137 in file /data/user/abgvg9/benchmark/files/all/grik1/grik1.pdb. Best match rsd_type:  LYS
core.io.pose_from_sfr.PoseFromSFRBuilder: [ WARNING ] discarding 4 atoms at position 138 in file /data/user/abgvg9/benchmark/files/all/grik1/grik1.pdb. Best match rsd_type:  LYS
core.io.pose_from_sfr.PoseFromSFRBuilder: [ WARNING ] discarding 2 atoms at position 139 in file /data/user/abgvg9/benchmark/files/all/grik1/grik1.pdb. Best match rsd_type:  SER
core.io.pose_from_sfr.PoseFromSFRBuilder: [ WARNING ] discarding 4 atoms at position 140 in file /data/user/abgvg9/benchmark/files/all/grik1/grik1.pdb. Best match rsd_type:  LYS
core.io.pose_from_sfr.PoseFromSFRBuilder: [ WARNING ] discarding 1 atoms at position 141 in file /data/user/abgvg9/benchmark/files/all/grik1/grik1.pdb. Best match rsd_type:  ILE
core.io.pose_from_sfr.PoseFromSFRBuilder: [ WARNING ] discarding 2 atoms at position 142 in file /data/user/abgvg9/benchmark/files/all/grik1/grik1.pdb. Best match rsd_type:  SER
core.io.pose_from_sfr.PoseFromSFRBuilder: [ WARNING ] discarding 2 atoms at position 143 in file /data/user/abgvg9/benchmark/files/all/grik1/grik1.pdb. Best match rsd_type:  THR
core.io.pose_from_sfr.PoseFromSFRBuilder: [ WARNING ] discarding 2 atoms at position 144 in file /data/user/abgvg9/benchmark/files/all/grik1/grik1.pdb. Best match rsd_type:  TYR
core.io.pose_from_sfr.PoseFromSFRBuilder: [ WARNING ] discarding 1 atoms at position 145 in file /data/user/abgvg9/benchmark/files/all/grik1/grik1.pdb. Best match rsd_type:  GLU
core.io.pose_from_sfr.PoseFromSFRBuilder: [ WARNING ] discarding 4 atoms at position 146 in file /data/user/abgvg9/benchmark/files/all/grik1/grik1.pdb. Best match rsd_type:  LYS
core.io.pose_from_sfr.PoseFromSFRBuilder: [ WARNING ] discarding 1 atoms at position 147 in file /data/user/abgvg9/benchmark/files/all/grik1/grik1.pdb. Best match rsd_type:  MET
core.io.pose_from_sfr.PoseFromSFRBuilder: [ WARNING ] discarding 2 atoms at position 148 in file /data/user/abgvg9/benchmark/files/all/grik1/grik1.pdb. Best match rsd_type:  TRP
core.io.pose_from_sfr.PoseFromSFRBuilder: [ WARNING ] discarding 1 atoms at position 149 in file /data/user/abgvg9/benchmark/files/all/grik1/grik1.pdb. Best match rsd_type:  ALA
core.io.pose_from_sfr.PoseFromSFRBuilder: [ WARNING ] discarding 1 atoms at position 150 in file /data/user/abgvg9/benchmark/files/all/grik1/grik1.pdb. Best match rsd_type:  PHE
core.io.pose_from_sfr.PoseFromSFRBuilder: [ WARNING ] discarding 1 atoms at position 151 in file /data/user/abgvg9/benchmark/files/all/grik1/grik1.pdb. Best match rsd_type:  MET
core.io.pose_from_sfr.PoseFromSFRBuilder: [ WARNING ] discarding 2 atoms at position 152 in file /data/user/abgvg9/benchmark/files/all/grik1/grik1.pdb. Best match rsd_type:  SER
core.io.pose_from_sfr.PoseFromSFRBuilder: [ WARNING ] discarding 2 atoms at position 153 in file /data/user/abgvg9/benchmark/files/all/grik1/grik1.pdb. Best match rsd_type:  SER
core.io.pose_from_sfr.PoseFromSFRBuilder: [ WARNING ] discarding 2 atoms at position 154 in file /data/user/abgvg9/benchmark/files/all/grik1/grik1.pdb. Best match rsd_type:  SER
core.io.pose_from_sfr.PoseFromSFRBuilder: [ WARNING ] discarding 1 atoms at position 155 in file /data/user/abgvg9/benchmark/files/all/grik1/grik1.pdb. Best match rsd_type:  ALA
core.io.pose_from_sfr.PoseFromSFRBuilder: [ WARNING ] discarding 1 atoms at position 156 in file /data/user/abgvg9/benchmark/files/all/grik1/grik1.pdb. Best match rsd_type:  LEU
core.io.pose_from_sfr.PoseFromSFRBuilder: [ WARNING ] discarding 1 atoms at position 157 in file /data/user/abgvg9/benchmark/files/all/grik1/grik1.pdb. Best match rsd_type:  VAL
core.io.pose_from_sfr.PoseFromSFRBuilder: [ WARNING ] discarding 4 atoms at position 158 in file /data/user/abgvg9/benchmark/files/all/grik1/grik1.pdb. Best match rsd_type:  LYS
core.io.pose_from_sfr.PoseFromSFRBuilder: [ WARNING ] discarding 3 atoms at position 159 in file /data/user/abgvg9/benchmark/files/all/grik1/grik1.pdb. Best match rsd_type:  ASN
core.io.pose_from_sfr.PoseFromSFRBuilder: [ WARNING ] discarding 2 atoms at position 160 in file /data/user/abgvg9/benchmark/files/all/grik1/grik1.pdb. Best match rsd_type:  SER
core.io.pose_from_sfr.PoseFromSFRBuilder: [ WARNING ] discarding 1 atoms at position 161 in file /data/user/abgvg9/benchmark/files/all/grik1/grik1.pdb. Best match rsd_type:  ASP
core.io.pose_from_sfr.PoseFromSFRBuilder: [ WARNING ] discarding 1 atoms at position 162 in file /data/user/abgvg9/benchmark/files/all/grik1/grik1.pdb. Best match rsd_type:  GLU
core.io.pose_from_sfr.PoseFromSFRBuilder: [ WARNING ] discarding 1 atoms at position 163 in file /data/user/abgvg9/benchmark/files/all/grik1/grik1.pdb. Best match rsd_type:  GLY
core.io.pose_from_sfr.PoseFromSFRBuilder: [ WARNING ] discarding 1 atoms at position 164 in file /data/user/abgvg9/benchmark/files/all/grik1/grik1.pdb. Best match rsd_type:  ILE
core.io.pose_from_sfr.PoseFromSFRBuilder: [ WARNING ] discarding 3 atoms at position 165 in file /data/user/abgvg9/benchmark/files/all/grik1/grik1.pdb. Best match rsd_type:  GLN
core.io.pose_from_sfr.PoseFromSFRBuilder: [ WARNING ] discarding 6 atoms at position 166 in file /data/user/abgvg9/benchmark/files/all/grik1/grik1.pdb. Best match rsd_type:  ARG
core.io.pose_from_sfr.PoseFromSFRBuilder: [ WARNING ] discarding 1 atoms at position 167 in file /data/user/abgvg9/benchmark/files/all/grik1/grik1.pdb. Best match rsd_type:  VAL
core.io.pose_from_sfr.PoseFromSFRBuilder: [ WARNING ] discarding 1 atoms at position 168 in file /data/user/abgvg9/benchmark/files/all/grik1/grik1.pdb. Best match rsd_type:  LEU
core.io.pose_from_sfr.PoseFromSFRBuilder: [ WARNING ] discarding 2 atoms at position 169 in file /data/user/abgvg9/benchmark/files/all/grik1/grik1.pdb. Best match rsd_type:  THR
core.io.pose_from_sfr.PoseFromSFRBuilder: [ WARNING ] discarding 2 atoms at position 170 in file /data/user/abgvg9/benchmark/files/all/grik1/grik1.pdb. Best match rsd_type:  THR
core.io.pose_from_sfr.PoseFromSFRBuilder: [ WARNING ] discarding 1 atoms at position 171 in file /data/user/abgvg9/benchmark/files/all/grik1/grik1.pdb. Best match rsd_type:  ASP
core.io.pose_from_sfr.PoseFromSFRBuilder: [ WARNING ] discarding 2 atoms at position 172 in file /data/user/abgvg9/benchmark/files/all/grik1/grik1.pdb. Best match rsd_type:  TYR
core.io.pose_from_sfr.PoseFromSFRBuilder: [ WARNING ] discarding 1 atoms at position 173 in file /data/user/abgvg9/benchmark/files/all/grik1/grik1.pdb. Best match rsd_type:  ALA
core.io.pose_from_sfr.PoseFromSFRBuilder: [ WARNING ] discarding 1 atoms at position 174 in file /data/user/abgvg9/benchmark/files/all/grik1/grik1.pdb. Best match rsd_type:  LEU
core.io.pose_from_sfr.PoseFromSFRBuilder: [ WARNING ] discarding 1 atoms at position 175 in file /data/user/abgvg9/benchmark/files/all/grik1/grik1.pdb. Best match rsd_type:  LEU
core.io.pose_from_sfr.PoseFromSFRBuilder: [ WARNING ] discarding 1 atoms at position 176 in file /data/user/abgvg9/benchmark/files/all/grik1/grik1.pdb. Best match rsd_type:  MET
core.io.pose_from_sfr.PoseFromSFRBuilder: [ WARNING ] discarding 1 atoms at position 177 in file /data/user/abgvg9/benchmark/files/all/grik1/grik1.pdb. Best match rsd_type:  GLU
core.io.pose_from_sfr.PoseFromSFRBuilder: [ WARNING ] discarding 2 atoms at position 178 in file /data/user/abgvg9/benchmark/files/all/grik1/grik1.pdb. Best match rsd_type:  SER
core.io.pose_from_sfr.PoseFromSFRBuilder: [ WARNING ] discarding 2 atoms at position 179 in file /data/user/abgvg9/benchmark/files/all/grik1/grik1.pdb. Best match rsd_type:  THR
core.io.pose_from_sfr.PoseFromSFRBuilder: [ WARNING ] discarding 2 atoms at position 180 in file /data/user/abgvg9/benchmark/files/all/grik1/grik1.pdb. Best match rsd_type:  SER
core.io.pose_from_sfr.PoseFromSFRBuilder: [ WARNING ] discarding 1 atoms at position 181 in file /data/user/abgvg9/benchmark/files/all/grik1/grik1.pdb. Best match rsd_type:  ILE
core.io.pose_from_sfr.PoseFromSFRBuilder: [ WARNING ] discarding 1 atoms at position 182 in file /data/user/abgvg9/benchmark/files/all/grik1/grik1.pdb. Best match rsd_type:  GLU
core.io.pose_from_sfr.PoseFromSFRBuilder: [ WARNING ] discarding 2 atoms at position 183 in file /data/user/abgvg9/benchmark/files/all/grik1/grik1.pdb. Best match rsd_type:  TYR
core.io.pose_from_sfr.PoseFromSFRBuilder: [ WARNING ] discarding 1 atoms at position 184 in file /data/user/abgvg9/benchmark/files/all/grik1/grik1.pdb. Best match rsd_type:  VAL
core.io.pose_from_sfr.PoseFromSFRBuilder: [ WARNING ] discarding 2 atoms at position 185 in file /data/user/abgvg9/benchmark/files/all/grik1/grik1.pdb. Best match rsd_type:  THR
core.io.pose_from_sfr.PoseFromSFRBuilder: [ WARNING ] discarding 3 atoms at position 186 in file /data/user/abgvg9/benchmark/files/all/grik1/grik1.pdb. Best match rsd_type:  GLN
core.io.pose_from_sfr.PoseFromSFRBuilder: [ WARNING ] discarding 6 atoms at position 187 in file /data/user/abgvg9/benchmark/files/all/grik1/grik1.pdb. Best match rsd_type:  ARG
core.io.pose_from_sfr.PoseFromSFRBuilder: [ WARNING ] discarding 3 atoms at position 188 in file /data/user/abgvg9/benchmark/files/all/grik1/grik1.pdb. Best match rsd_type:  ASN
core.io.pose_from_sfr.PoseFromSFRBuilder: [ WARNING ] discarding 2 atoms at position 189 in file /data/user/abgvg9/benchmark/files/all/grik1/grik1.pdb. Best match rsd_type:  CYS
core.io.pose_from_sfr.PoseFromSFRBuilder: [ WARNING ] discarding 3 atoms at position 190 in file /data/user/abgvg9/benchmark/files/all/grik1/grik1.pdb. Best match rsd_type:  ASN
core.io.pose_from_sfr.PoseFromSFRBuilder: [ WARNING ] discarding 1 atoms at position 191 in file /data/user/abgvg9/benchmark/files/all/grik1/grik1.pdb. Best match rsd_type:  LEU
core.io.pose_from_sfr.PoseFromSFRBuilder: [ WARNING ] discarding 2 atoms at position 192 in file /data/user/abgvg9/benchmark/files/all/grik1/grik1.pdb. Best match rsd_type:  THR
core.io.pose_from_sfr.PoseFromSFRBuilder: [ WARNING ] discarding 3 atoms at position 193 in file /data/user/abgvg9/benchmark/files/all/grik1/grik1.pdb. Best match rsd_type:  GLN
core.io.pose_from_sfr.PoseFromSFRBuilder: [ WARNING ] discarding 1 atoms at position 194 in file /data/user/abgvg9/benchmark/files/all/grik1/grik1.pdb. Best match rsd_type:  ILE
core.io.pose_from_sfr.PoseFromSFRBuilder: [ WARNING ] discarding 1 atoms at position 195 in file /data/user/abgvg9/benchmark/files/all/grik1/grik1.pdb. Best match rsd_type:  GLY
core.io.pose_from_sfr.PoseFromSFRBuilder: [ WARNING ] discarding 1 atoms at position 196 in file /data/user/abgvg9/benchmark/files/all/grik1/grik1.pdb. Best match rsd_type:  GLY
core.io.pose_from_sfr.PoseFromSFRBuilder: [ WARNING ] discarding 1 atoms at position 197 in file /data/user/abgvg9/benchmark/files/all/grik1/grik1.pdb. Best match rsd_type:  LEU
core.io.pose_from_sfr.PoseFromSFRBuilder: [ WARNING ] discarding 1 atoms at position 198 in file /data/user/abgvg9/benchmark/files/all/grik1/grik1.pdb. Best match rsd_type:  ILE
core.io.pose_from_sfr.PoseFromSFRBuilder: [ WARNING ] discarding 1 atoms at position 199 in file /data/user/abgvg9/benchmark/files/all/grik1/grik1.pdb. Best match rsd_type:  ASP
core.io.pose_from_sfr.PoseFromSFRBuilder: [ WARNING ] discarding 2 atoms at position 200 in file /data/user/abgvg9/benchmark/files/all/grik1/grik1.pdb. Best match rsd_type:  SER
core.io.pose_from_sfr.PoseFromSFRBuilder: [ WARNING ] discarding 4 atoms at position 201 in file /data/user/abgvg9/benchmark/files/all/grik1/grik1.pdb. Best match rsd_type:  LYS
core.io.pose_from_sfr.PoseFromSFRBuilder: [ WARNING ] discarding 1 atoms at position 202 in file /data/user/abgvg9/benchmark/files/all/grik1/grik1.pdb. Best match rsd_type:  GLY
core.io.pose_from_sfr.PoseFromSFRBuilder: [ WARNING ] discarding 2 atoms at position 203 in file /data/user/abgvg9/benchmark/files/all/grik1/grik1.pdb. Best match rsd_type:  TYR
core.io.pose_from_sfr.PoseFromSFRBuilder: [ WARNING ] discarding 1 atoms at position 204 in file /data/user/abgvg9/benchmark/files/all/grik1/grik1.pdb. Best match rsd_type:  GLY
core.io.pose_from_sfr.PoseFromSFRBuilder: [ WARNING ] discarding 1 atoms at position 205 in file /data/user/abgvg9/benchmark/files/all/grik1/grik1.pdb. Best match rsd_type:  VAL
core.io.pose_from_sfr.PoseFromSFRBuilder: [ WARNING ] discarding 1 atoms at position 206 in file /data/user/abgvg9/benchmark/files/all/grik1/grik1.pdb. Best match rsd_type:  GLY
core.io.pose_from_sfr.PoseFromSFRBuilder: [ WARNING ] discarding 2 atoms at position 207 in file /data/user/abgvg9/benchmark/files/all/grik1/grik1.pdb. Best match rsd_type:  THR
core.io.pose_from_sfr.PoseFromSFRBuilder: [ WARNING ] discarding 1 atoms at position 209 in file /data/user/abgvg9/benchmark/files/all/grik1/grik1.pdb. Best match rsd_type:  ILE
core.io.pose_from_sfr.PoseFromSFRBuilder: [ WARNING ] discarding 1 atoms at position 210 in file /data/user/abgvg9/benchmark/files/all/grik1/grik1.pdb. Best match rsd_type:  GLY
core.io.pose_from_sfr.PoseFromSFRBuilder: [ WARNING ] discarding 2 atoms at position 211 in file /data/user/abgvg9/benchmark/files/all/grik1/grik1.pdb. Best match rsd_type:  SER
core.io.pose_from_sfr.PoseFromSFRBuilder: [ WARNING ] discarding 2 atoms at position 213 in file /data/user/abgvg9/benchmark/files/all/grik1/grik1.pdb. Best match rsd_type:  TYR
core.io.pose_from_sfr.PoseFromSFRBuilder: [ WARNING ] discarding 6 atoms at position 214 in file /data/user/abgvg9/benchmark/files/all/grik1/grik1.pdb. Best match rsd_type:  ARG
core.io.pose_from_sfr.PoseFromSFRBuilder: [ WARNING ] discarding 1 atoms at position 215 in file /data/user/abgvg9/benchmark/files/all/grik1/grik1.pdb. Best match rsd_type:  ASP
core.io.pose_from_sfr.PoseFromSFRBuilder: [ WARNING ] discarding 4 atoms at position 216 in file /data/user/abgvg9/benchmark/files/all/grik1/grik1.pdb. Best match rsd_type:  LYS
core.io.pose_from_sfr.PoseFromSFRBuilder: [ WARNING ] discarding 1 atoms at position 217 in file /data/user/abgvg9/benchmark/files/all/grik1/grik1.pdb. Best match rsd_type:  ILE
core.io.pose_from_sfr.PoseFromSFRBuilder: [ WARNING ] discarding 2 atoms at position 218 in file /data/user/abgvg9/benchmark/files/all/grik1/grik1.pdb. Best match rsd_type:  THR
core.io.pose_from_sfr.PoseFromSFRBuilder: [ WARNING ] discarding 1 atoms at position 219 in file /data/user/abgvg9/benchmark/files/all/grik1/grik1.pdb. Best match rsd_type:  ILE
core.io.pose_from_sfr.PoseFromSFRBuilder: [ WARNING ] discarding 1 atoms at position 220 in file /data/user/abgvg9/benchmark/files/all/grik1/grik1.pdb. Best match rsd_type:  ALA
core.io.pose_from_sfr.PoseFromSFRBuilder: [ WARNING ] discarding 1 atoms at position 221 in file /data/user/abgvg9/benchmark/files/all/grik1/grik1.pdb. Best match rsd_type:  ILE
core.io.pose_from_sfr.PoseFromSFRBuilder: [ WARNING ] discarding 1 atoms at position 222 in file /data/user/abgvg9/benchmark/files/all/grik1/grik1.pdb. Best match rsd_type:  LEU
core.io.pose_from_sfr.PoseFromSFRBuilder: [ WARNING ] discarding 3 atoms at position 223 in file /data/user/abgvg9/benchmark/files/all/grik1/grik1.pdb. Best match rsd_type:  GLN
core.io.pose_from_sfr.PoseFromSFRBuilder: [ WARNING ] discarding 1 atoms at position 224 in file /data/user/abgvg9/benchmark/files/all/grik1/grik1.pdb. Best match rsd_type:  LEU
core.io.pose_from_sfr.PoseFromSFRBuilder: [ WARNING ] discarding 3 atoms at position 225 in file /data/user/abgvg9/benchmark/files/all/grik1/grik1.pdb. Best match rsd_type:  GLN
core.io.pose_from_sfr.PoseFromSFRBuilder: [ WARNING ] discarding 1 atoms at position 226 in file /data/user/abgvg9/benchmark/files/all/grik1/grik1.pdb. Best match rsd_type:  GLU
core.io.pose_from_sfr.PoseFromSFRBuilder: [ WARNING ] discarding 1 atoms at position 227 in file /data/user/abgvg9/benchmark/files/all/grik1/grik1.pdb. Best match rsd_type:  GLU
core.io.pose_from_sfr.PoseFromSFRBuilder: [ WARNING ] discarding 1 atoms at position 228 in file /data/user/abgvg9/benchmark/files/all/grik1/grik1.pdb. Best match rsd_type:  GLY
core.io.pose_from_sfr.PoseFromSFRBuilder: [ WARNING ] discarding 4 atoms at position 229 in file /data/user/abgvg9/benchmark/files/all/grik1/grik1.pdb. Best match rsd_type:  LYS
core.io.pose_from_sfr.PoseFromSFRBuilder: [ WARNING ] discarding 1 atoms at position 230 in file /data/user/abgvg9/benchmark/files/all/grik1/grik1.pdb. Best match rsd_type:  LEU
core.io.pose_from_sfr.PoseFromSFRBuilder: [ WARNING ] discarding 2 atoms at position 231 in file /data/user/abgvg9/benchmark/files/all/grik1/grik1.pdb. Best match rsd_type:  HIS
core.io.pose_from_sfr.PoseFromSFRBuilder: [ WARNING ] discarding 1 atoms at position 232 in file /data/user/abgvg9/benchmark/files/all/grik1/grik1.pdb. Best match rsd_type:  MET
core.io.pose_from_sfr.PoseFromSFRBuilder: [ WARNING ] discarding 1 atoms at position 233 in file /data/user/abgvg9/benchmark/files/all/grik1/grik1.pdb. Best match rsd_type:  MET
core.io.pose_from_sfr.PoseFromSFRBuilder: [ WARNING ] discarding 4 atoms at position 234 in file /data/user/abgvg9/benchmark/files/all/grik1/grik1.pdb. Best match rsd_type:  LYS
core.io.pose_from_sfr.PoseFromSFRBuilder: [ WARNING ] discarding 1 atoms at position 235 in file /data/user/abgvg9/benchmark/files/all/grik1/grik1.pdb. Best match rsd_type:  GLU
core.io.pose_from_sfr.PoseFromSFRBuilder: [ WARNING ] discarding 4 atoms at position 236 in file /data/user/abgvg9/benchmark/files/all/grik1/grik1.pdb. Best match rsd_type:  LYS
core.io.pose_from_sfr.PoseFromSFRBuilder: [ WARNING ] discarding 2 atoms at position 237 in file /data/user/abgvg9/benchmark/files/all/grik1/grik1.pdb. Best match rsd_type:  TRP
core.io.pose_from_sfr.PoseFromSFRBuilder: [ WARNING ] discarding 2 atoms at position 238 in file /data/user/abgvg9/benchmark/files/all/grik1/grik1.pdb. Best match rsd_type:  TRP
core.io.pose_from_sfr.PoseFromSFRBuilder: [ WARNING ] discarding 6 atoms at position 239 in file /data/user/abgvg9/benchmark/files/all/grik1/grik1.pdb. Best match rsd_type:  ARG
core.io.pose_from_sfr.PoseFromSFRBuilder: [ WARNING ] discarding 1 atoms at position 240 in file /data/user/abgvg9/benchmark/files/all/grik1/grik1.pdb. Best match rsd_type:  GLY
core.io.pose_from_sfr.PoseFromSFRBuilder: [ WARNING ] discarding 3 atoms at position 241 in file /data/user/abgvg9/benchmark/files/all/grik1/grik1.pdb. Best match rsd_type:  ASN
core.io.pose_from_sfr.PoseFromSFRBuilder: [ WARNING ] discarding 1 atoms at position 242 in file /data/user/abgvg9/benchmark/files/all/grik1/grik1.pdb. Best match rsd_type:  GLY:CtermProteinFull
core.conformation.Conformation: [ WARNING ] missing heavyatom:  OXT on residue GLY:CtermProteinFull 242
LDS_app: Making LigandDiscoverySearch object
core.scoring.etable: Starting energy table calculation
core.scoring.etable: smooth_etable: changing atr/rep split to bottom of energy well
core.scoring.etable: smooth_etable: spline smoothing lj etables (maxdis = 6)
core.scoring.etable: smooth_etable: spline smoothing solvation etables (max_dis = 6)
core.scoring.etable: Finished calculating energy tables.
basic.io.database: Database file opened: scoring/score_functions/PairEPotential/pdb_pair_stats_fine
basic.io.database: Database file opened: scoring/score_functions/hbonds/ref2015_params/HBPoly1D.csv
basic.io.database: Database file opened: scoring/score_functions/hbonds/ref2015_params/HBFadeIntervals.csv
basic.io.database: Database file opened: scoring/score_functions/hbonds/ref2015_params/HBEval.csv
basic.io.database: Database file opened: scoring/score_functions/hbonds/ref2015_params/DonStrength.csv
basic.io.database: Database file opened: scoring/score_functions/hbonds/ref2015_params/AccStrength.csv
basic.io.database: Database file opened: scoring/score_functions/P_AA_pp/P_AA
basic.io.database: Database file opened: scoring/score_functions/P_AA_pp/P_AA_n
core.scoring.P_AA: shapovalov_lib::shap_p_aa_pp_smooth_level of 1( aka low_smooth ) got activated.
basic.io.database: Database file opened: scoring/score_functions/P_AA_pp/shapovalov/10deg/kappa131/a20.prop
basic.io.database: Database file opened: scoring/score_functions/omega/omega_ppdep.all.txt
basic.io.database: Database file opened: scoring/score_functions/omega/omega_ppdep.gly.txt
basic.io.database: Database file opened: scoring/score_functions/omega/omega_ppdep.pro.txt
basic.io.database: Database file opened: scoring/score_functions/omega/omega_ppdep.valile.txt
LDS_app: Running discovery for grik1
protocols.ligand_docking.ligand_options.Protocol: Initializing options: 
protocols.ligand_docking.ligand_options.Protocol: allow_minimization_: 1
protocols.ligand_docking.ligand_options.Protocol: allow_repacking_: 1
protocols.ligand_docking.ligand_options.Protocol: all_residues_: 0
LigandDiscoverySearch.discover: Current anchor residue position: 80
LigandDiscoverySearch.create_protein_matrix_space_fill: binding_pocket_dimensions: 10,10,10
LigandDiscoverySearch.create_protein_matrix_space_fill: binding_pocket_dimensions: 3,4,4
LigandDiscoverySearch.create_protein_matrix_space_fill: Sub-region stats without placed region, bound by adjusted coordinates: x(35->41) y(22->30) z(21->29)
LigandDiscoverySearch.discover: Starting to iterate through all ligands
LigandDiscoverySearch.discover: On ligand +
basic.io.database: [ WARNING ] Unable to locate database file chemical/pdb_components/components.c.cif
basic.io.database: [ WARNING ] Unable to locate database file chemical/pdb_components/components.c.cif.gz
core.chemical.GlobalResidueTypeSet: [ WARNING ] Could not find: 'cry' in pdb components files! Skipping residue...
core.pack.task: Packer task: initialize from command line() 
core.pack.task: Packer task: initialize from command line() 
core.pack.task: Packer task: initialize from command line() 
protocols.moves.MonteCarlo: MonteCarlo:: last_accepted_score,lowest_score: -848.387 -848.599
basic.io.database: Database file opened: scoring/score_functions/elec_cp_reps.dat
core.scoring.elec.util: Read 40 countpair representative atoms
core.pack.dunbrack.RotamerLibrary: shapovalov_lib_fixes_enable option is true.
core.pack.dunbrack.RotamerLibrary: shapovalov_lib::shap_dun10_smooth_level of 1( aka lowest_smooth ) got activated.
core.pack.dunbrack.RotamerLibrary: Binary rotamer library selected: /scratch/abgvg9/rosetta_may_for_checkin/rosetta/database/rotamer/shapovalov/StpDwn_0-0-0/Dunbrack10.lib.bin
core.pack.dunbrack.RotamerLibrary: Using Dunbrack library binary file '/scratch/abgvg9/rosetta_may_for_checkin/rosetta/database/rotamer/shapovalov/StpDwn_0-0-0/Dunbrack10.lib.bin'.
core.pack.dunbrack.RotamerLibrary: Dunbrack 2010 library took 0.14 seconds to load from binary
protocols.motifs.Motif: Res1 name is GLU
protocols.motifs.Motif: atom1 name is OOC
protocols.motifs.Motif: atom2 name is Phos
protocols.motifs.Motif: atom3 name is OOC
protocols.motifs.Motif: Res1 name is TYR
protocols.motifs.Motif: atom1 name is OOC
protocols.motifs.Motif: atom2 name is Phos
protocols.motifs.Motif: atom3 name is OOC
protocols.motifs.Motif: Res1 name is ARG
protocols.motifs.Motif: atom1 name is COO
protocols.motifs.Motif: atom2 name is CH1
protocols.motifs.Motif: atom3 name is Nlys
core.pack.task: Packer task: initialize from command line() 
core.pack.task: Packer task: initialize from command line() 
core.pack.task: Packer task: initialize from command line() 
protocols.moves.MonteCarlo: MonteCarlo:: last_accepted_score,lowest_score: -848.362 -848.644
protocols.motifs.Motif: Res1 name is TYR
protocols.motifs.Motif: atom1 name is COO
protocols.motifs.Motif: atom2 name is CH1
protocols.motifs.Motif: atom3 name is Nlys
protocols.motifs.Motif: Res1 name is ARG
protocols.motifs.Motif: atom1 name is CH3
protocols.motifs.Motif: atom2 name is COO
protocols.motifs.Motif: atom3 name is aroC
core.pack.task: Packer task: initialize from command line() 
core.pack.task: Packer task: initialize from command line() 
core.pack.task: Packer task: initialize from command line() 
protocols.moves.MonteCarlo: MonteCarlo:: last_accepted_score,lowest_score: -852.204 -852.581
protocols.motifs.Motif: Res1 name is TYR
protocols.motifs.Motif: atom1 name is COO
protocols.motifs.Motif: atom2 name is CH1
protocols.motifs.Motif: atom3 name is Nlys
protocols.motifs.Motif: Res1 name is ARG
protocols.motifs.Motif: atom1 name is OOC
protocols.motifs.Motif: atom2 name is COO
protocols.motifs.Motif: atom3 name is OOC
protocols.motifs.Motif: Res1 name is GLU
protocols.motifs.Motif: atom1 name is OOC
protocols.motifs.Motif: atom2 name is COO
protocols.motifs.Motif: atom3 name is OOC
core.pack.task: Packer task: initialize from command line() 
core.pack.task: Packer task: initialize from command line() 
core.pack.task: Packer task: initialize from command line() 
protocols.moves.MonteCarlo: MonteCarlo:: last_accepted_score,lowest_score: -850.961 -851.087
protocols.motifs.Motif: Res1 name is TYR
protocols.motifs.Motif: atom1 name is OOC
protocols.motifs.Motif: atom2 name is Phos
protocols.motifs.Motif: atom3 name is OOC
protocols.motifs.Motif: Res1 name is THR
protocols.motifs.Motif: atom1 name is COO
protocols.motifs.Motif: atom2 name is CH1
protocols.motifs.Motif: atom3 name is Nlys
protocols.motifs.Motif: Res1 name is ARG
protocols.motifs.Motif: atom1 name is COO
protocols.motifs.Motif: atom2 name is aroC
protocols.motifs.Motif: atom3 name is Oaro
protocols.motifs.Motif: Res1 name is SER
protocols.motifs.Motif: atom1 name is OOC
protocols.motifs.Motif: atom2 name is COO
protocols.motifs.Motif: atom3 name is OOC
core.pack.task: Packer task: initialize from command line() 
core.pack.task: Packer task: initialize from command line() 
core.pack.task: Packer task: initialize from command line() 
protocols.moves.MonteCarlo: MonteCarlo:: last_accepted_score,lowest_score: -849.259 -849.259
protocols.motifs.Motif: Res1 name is LYS
protocols.motifs.Motif: atom1 name is OOC
protocols.motifs.Motif: atom2 name is COO
protocols.motifs.Motif: atom3 name is OOC
protocols.motifs.Motif: Res1 name is TYR
protocols.motifs.Motif: atom1 name is COO
protocols.motifs.Motif: atom2 name is CH1
protocols.motifs.Motif: atom3 name is Nlys
protocols.motifs.Motif: Res1 name is ARG
protocols.motifs.Motif: atom1 name is OOC
protocols.motifs.Motif: atom2 name is Phos
protocols.motifs.Motif: atom3 name is OOC
core.pack.task: Packer task: initialize from command line() 
core.pack.task: Packer task: initialize from command line() 
core.pack.task: Packer task: initialize from command line() 
protocols.moves.MonteCarlo: MonteCarlo:: last_accepted_score,lowest_score: -851.66 -851.66
protocols.motifs.Motif: Res1 name is GLU
protocols.motifs.Motif: atom1 name is CH3
protocols.motifs.Motif: atom2 name is COO
protocols.motifs.Motif: atom3 name is aroC
protocols.motifs.Motif: Res1 name is TYR
protocols.motifs.Motif: atom1 name is OOC
protocols.motifs.Motif: atom2 name is Phos
protocols.motifs.Motif: atom3 name is OOC
protocols.motifs.Motif: Res1 name is THR
protocols.motifs.Motif: atom1 name is OOC
protocols.motifs.Motif: atom2 name is Phos
protocols.motifs.Motif: atom3 name is OOC
protocols.motifs.Motif: Res1 name is ARG
protocols.motifs.Motif: atom1 name is OOC
protocols.motifs.Motif: atom2 name is Phos
protocols.motifs.Motif: atom3 name is OOC
protocols.motifs.Motif: Res1 name is GLU
protocols.motifs.Motif: atom1 name is Nhis
protocols.motifs.Motif: atom2 name is aroC
protocols.motifs.Motif: atom3 name is OH
core.pack.task: Packer task: initialize from command line() 
core.pack.task: Packer task: initialize from command line() 
core.pack.task: Packer task: initialize from command line() 
protocols.moves.MonteCarlo: MonteCarlo:: last_accepted_score,lowest_score: -851.686 -851.686
protocols.motifs.Motif: Res1 name is TYR
protocols.motifs.Motif: atom1 name is OOC
protocols.motifs.Motif: atom2 name is Phos
protocols.motifs.Motif: atom3 name is OOC
protocols.motifs.Motif: Res1 name is THR
protocols.motifs.Motif: atom1 name is OOC
protocols.motifs.Motif: atom2 name is Phos
protocols.motifs.Motif: atom3 name is OOC
protocols.motifs.Motif: Res1 name is ARG
protocols.motifs.Motif: atom1 name is OOC
protocols.motifs.Motif: atom2 name is Phos
protocols.motifs.Motif: atom3 name is OOC
core.pack.task: Packer task: initialize from command line() 
core.pack.task: Packer task: initialize from command line() 
core.pack.task: Packer task: initialize from command line() 
protocols.moves.MonteCarlo: MonteCarlo:: last_accepted_score,lowest_score: -852.786 -852.786
protocols.motifs.Motif: Res1 name is TYR
protocols.motifs.Motif: atom1 name is OOC
protocols.motifs.Motif: atom2 name is Phos
protocols.motifs.Motif: atom3 name is OOC
protocols.motifs.Motif: Res1 name is THR
protocols.motifs.Motif: atom1 name is OOC
protocols.motifs.Motif: atom2 name is Phos
protocols.motifs.Motif: atom3 name is OOC
protocols.motifs.Motif: Res1 name is ARG
protocols.motifs.Motif: atom1 name is OOC
protocols.motifs.Motif: atom2 name is Phos
protocols.motifs.Motif: atom3 name is OOC
protocols.motifs.Motif: Res1 name is VAL
protocols.motifs.Motif: atom1 name is CH3
protocols.motifs.Motif: atom2 name is COO
protocols.motifs.Motif: atom3 name is aroC
protocols.motifs.Motif: Res1 name is GLU
protocols.motifs.Motif: atom1 name is Nhis
protocols.motifs.Motif: atom2 name is aroC
protocols.motifs.Motif: atom3 name is OH
core.pack.task: Packer task: initialize from command line() 
core.pack.task: Packer task: initialize from command line() 
core.pack.task: Packer task: initialize from command line() 
protocols.moves.MonteCarlo: MonteCarlo:: last_accepted_score,lowest_score: -852.941 -854.22
protocols.motifs.Motif: Res1 name is TYR
protocols.motifs.Motif: atom1 name is OOC
protocols.motifs.Motif: atom2 name is Phos
protocols.motifs.Motif: atom3 name is OOC
protocols.motifs.Motif: Res1 name is THR
protocols.motifs.Motif: atom1 name is OOC
protocols.motifs.Motif: atom2 name is Phos
protocols.motifs.Motif: atom3 name is OOC
protocols.motifs.Motif: Res1 name is ARG
protocols.motifs.Motif: atom1 name is OOC
protocols.motifs.Motif: atom2 name is Phos
protocols.motifs.Motif: atom3 name is OOC
core.pack.task: Packer task: initialize from command line() 
core.pack.task: Packer task: initialize from command line() 
core.pack.task: Packer task: initialize from command line() 
protocols.moves.MonteCarlo: MonteCarlo:: last_accepted_score,lowest_score: -855.321 -855.321
protocols.motifs.Motif: Res1 name is TYR
protocols.motifs.Motif: atom1 name is OOC
protocols.motifs.Motif: atom2 name is Phos
protocols.motifs.Motif: atom3 name is OOC
protocols.motifs.Motif: Res1 name is THR
protocols.motifs.Motif: atom1 name is OOC
protocols.motifs.Motif: atom2 name is Phos
protocols.motifs.Motif: atom3 name is OOC
protocols.motifs.Motif: Res1 name is ARG
protocols.motifs.Motif: atom1 name is OOC
protocols.motifs.Motif: atom2 name is Phos
protocols.motifs.Motif: atom3 name is OOC
protocols.motifs.Motif: Res1 name is GLU
protocols.motifs.Motif: atom1 name is Nhis
protocols.motifs.Motif: atom2 name is aroC
protocols.motifs.Motif: atom3 name is OH
core.pack.task: Packer task: initialize from command line() 
core.pack.task: Packer task: initialize from command line() 
core.pack.task: Packer task: initialize from command line() 
protocols.moves.MonteCarlo: MonteCarlo:: last_accepted_score,lowest_score: -852.654 -852.654
protocols.motifs.Motif: Res1 name is TYR
protocols.motifs.Motif: atom1 name is OOC
protocols.motifs.Motif: atom2 name is Phos
protocols.motifs.Motif: atom3 name is OOC
protocols.motifs.Motif: Res1 name is THR
protocols.motifs.Motif: atom1 name is OOC
protocols.motifs.Motif: atom2 name is Phos
protocols.motifs.Motif: atom3 name is OOC
protocols.motifs.Motif: Res1 name is GLU
protocols.motifs.Motif: atom1 name is OOC
protocols.motifs.Motif: atom2 name is Phos
protocols.motifs.Motif: atom3 name is OOC
core.pack.task: Packer task: initialize from command line() 
core.pack.task: Packer task: initialize from command line() 
core.pack.task: Packer task: initialize from command line() 
protocols.moves.MonteCarlo: MonteCarlo:: last_accepted_score,lowest_score: -850.572 -850.572
protocols.motifs.Motif: Res1 name is TYR
protocols.motifs.Motif: atom1 name is Nhis
protocols.motifs.Motif: atom2 name is aroC
protocols.motifs.Motif: atom3 name is OH
protocols.motifs.Motif: Res1 name is THR
protocols.motifs.Motif: atom1 name is OOC
protocols.motifs.Motif: atom2 name is Phos
protocols.motifs.Motif: atom3 name is OOC
protocols.motifs.Motif: Res1 name is GLU
protocols.motifs.Motif: atom1 name is OOC
protocols.motifs.Motif: atom2 name is Phos
protocols.motifs.Motif: atom3 name is OOC
core.pack.task: Packer task: initialize from command line() 
core.pack.task: Packer task: initialize from command line() 
core.pack.task: Packer task: initialize from command line() 
protocols.moves.MonteCarlo: MonteCarlo:: last_accepted_score,lowest_score: -851.191 -851.252
protocols.motifs.Motif: Res1 name is GLU
protocols.motifs.Motif: atom1 name is COO
protocols.motifs.Motif: atom2 name is aroC
protocols.motifs.Motif: atom3 name is Oaro
protocols.motifs.Motif: Res1 name is TYR
protocols.motifs.Motif: atom1 name is Nhis
protocols.motifs.Motif: atom2 name is aroC
protocols.motifs.Motif: atom3 name is OH
protocols.motifs.Motif: Res1 name is THR
protocols.motifs.Motif: atom1 name is OOC
protocols.motifs.Motif: atom2 name is Phos
protocols.motifs.Motif: atom3 name is OOC
protocols.motifs.Motif: Res1 name is ARG
protocols.motifs.Motif: atom1 name is OOC
protocols.motifs.Motif: atom2 name is Phos
protocols.motifs.Motif: atom3 name is OOC
protocols.motifs.Motif: Res1 name is GLU
protocols.motifs.Motif: atom1 name is OOC
protocols.motifs.Motif: atom2 name is Phos
protocols.motifs.Motif: atom3 name is OOC
core.pack.task: Packer task: initialize from command line() 
core.pack.task: Packer task: initialize from command line() 
core.pack.task: Packer task: initialize from command line() 
protocols.moves.MonteCarlo: MonteCarlo:: last_accepted_score,lowest_score: -850.595 -851.103
protocols.motifs.Motif: Res1 name is TYR
protocols.motifs.Motif: atom1 name is OOC
protocols.motifs.Motif: atom2 name is Phos
protocols.motifs.Motif: atom3 name is OOC
protocols.motifs.Motif: Res1 name is THR
protocols.motifs.Motif: atom1 name is OOC
protocols.motifs.Motif: atom2 name is Phos
protocols.motifs.Motif: atom3 name is OOC
protocols.motifs.Motif: Res1 name is ARG
protocols.motifs.Motif: atom1 name is OOC
protocols.motifs.Motif: atom2 name is Phos
protocols.motifs.Motif: atom3 name is OOC
protocols.motifs.Motif: Res1 name is SER
protocols.motifs.Motif: atom1 name is CH3
protocols.motifs.Motif: atom2 name is COO
protocols.motifs.Motif: atom3 name is aroC
core.pack.task: Packer task: initialize from command line() 
core.pack.task: Packer task: initialize from command line() 
core.pack.task: Packer task: initialize from command line() 
protocols.moves.MonteCarlo: MonteCarlo:: last_accepted_score,lowest_score: -849.268 -850.573
protocols.motifs.Motif: Res1 name is TYR
protocols.motifs.Motif: atom1 name is Nhis
protocols.motifs.Motif: atom2 name is aroC
protocols.motifs.Motif: atom3 name is OH
protocols.motifs.Motif: Res1 name is THR
protocols.motifs.Motif: atom1 name is OOC
protocols.motifs.Motif: atom2 name is Phos
protocols.motifs.Motif: atom3 name is OOC
protocols.motifs.Motif: Res1 name is GLU
protocols.motifs.Motif: atom1 name is OOC
protocols.motifs.Motif: atom2 name is Phos
protocols.motifs.Motif: atom3 name is OOC
core.pack.task: Packer task: initialize from command line() 
core.pack.task: Packer task: initialize from command line() 
core.pack.task: Packer task: initialize from command line() 
protocols.moves.MonteCarlo: MonteCarlo:: last_accepted_score,lowest_score: -851.138 -851.413
protocols.motifs.Motif: Res1 name is TYR
protocols.motifs.Motif: atom1 name is OOC
protocols.motifs.Motif: atom2 name is Phos
protocols.motifs.Motif: atom3 name is OOC
protocols.motifs.Motif: Res1 name is THR
protocols.motifs.Motif: atom1 name is OOC
protocols.motifs.Motif: atom2 name is Phos
protocols.motifs.Motif: atom3 name is OOC
protocols.motifs.Motif: Res1 name is ARG
protocols.motifs.Motif: atom1 name is OOC
protocols.motifs.Motif: atom2 name is Phos
protocols.motifs.Motif: atom3 name is OOC
core.pack.task: Packer task: initialize from command line() 
core.pack.task: Packer task: initialize from command line() 
core.pack.task: Packer task: initialize from command line() 
protocols.moves.MonteCarlo: MonteCarlo:: last_accepted_score,lowest_score: -850.802 -851.629
protocols.motifs.Motif: Res1 name is TYR
protocols.motifs.Motif: atom1 name is Nhis
protocols.motifs.Motif: atom2 name is aroC
protocols.motifs.Motif: atom3 name is OH
protocols.motifs.Motif: Res1 name is THR
protocols.motifs.Motif: atom1 name is OOC
protocols.motifs.Motif: atom2 name is Phos
protocols.motifs.Motif: atom3 name is OOC
protocols.motifs.Motif: Res1 name is ARG
protocols.motifs.Motif: atom1 name is OOC
protocols.motifs.Motif: atom2 name is Phos
protocols.motifs.Motif: atom3 name is OOC
protocols.motifs.Motif: Res1 name is GLU
protocols.motifs.Motif: atom1 name is OOC
protocols.motifs.Motif: atom2 name is Phos
protocols.motifs.Motif: atom3 name is OOC
core.pack.task: Packer task: initialize from command line() 
core.pack.task: Packer task: initialize from command line() 
core.pack.task: Packer task: initialize from command line() 
protocols.moves.MonteCarlo: MonteCarlo:: last_accepted_score,lowest_score: -851.202 -851.464
protocols.motifs.Motif: Res1 name is GLU
protocols.motifs.Motif: atom1 name is COO
protocols.motifs.Motif: atom2 name is aroC
protocols.motifs.Motif: atom3 name is Oaro
protocols.motifs.Motif: Res1 name is TYR
protocols.motifs.Motif: atom1 name is Nhis
protocols.motifs.Motif: atom2 name is aroC
protocols.motifs.Motif: atom3 name is OH
protocols.motifs.Motif: Res1 name is THR
protocols.motifs.Motif: atom1 name is OOC
protocols.motifs.Motif: atom2 name is Phos
protocols.motifs.Motif: atom3 name is OOC
protocols.motifs.Motif: Res1 name is ARG
protocols.motifs.Motif: atom1 name is OOC
protocols.motifs.Motif: atom2 name is Phos
protocols.motifs.Motif: atom3 name is OOC
protocols.motifs.Motif: Res1 name is GLU
protocols.motifs.Motif: atom1 name is OOC
protocols.motifs.Motif: atom2 name is Phos
protocols.motifs.Motif: atom3 name is OOC
protocols.motifs.Motif: Res1 name is TYR
protocols.motifs.Motif: atom1 name is OOC
protocols.motifs.Motif: atom2 name is Phos
protocols.motifs.Motif: atom3 name is OOC
core.pack.task: Packer task: initialize from command line() 
core.pack.task: Packer task: initialize from command line() 
core.pack.task: Packer task: initialize from command line() 
protocols.moves.MonteCarlo: MonteCarlo:: last_accepted_score,lowest_score: -848.023 -848.25
protocols.motifs.Motif: Res1 name is THR
protocols.motifs.Motif: atom1 name is OOC
protocols.motifs.Motif: atom2 name is Phos
protocols.motifs.Motif: atom3 name is OOC
protocols.motifs.Motif: Res1 name is GLU
protocols.motifs.Motif: atom1 name is OOC
protocols.motifs.Motif: atom2 name is COO
protocols.motifs.Motif: atom3 name is OOC
core.pack.task: Packer task: initialize from command line() 
core.pack.task: Packer task: initialize from command line() 
core.pack.task: Packer task: initialize from command line() 
protocols.moves.MonteCarlo: MonteCarlo:: last_accepted_score,lowest_score: -853.113 -853.365
protocols.motifs.Motif: Res1 name is TYR
protocols.motifs.Motif: atom1 name is OOC
protocols.motifs.Motif: atom2 name is Phos
protocols.motifs.Motif: atom3 name is OOC
protocols.motifs.Motif: Res1 name is THR
protocols.motifs.Motif: atom1 name is OOC
protocols.motifs.Motif: atom2 name is Phos
protocols.motifs.Motif: atom3 name is OOC
protocols.motifs.Motif: Res1 name is ARG
protocols.motifs.Motif: atom1 name is OOC
protocols.motifs.Motif: atom2 name is Phos
protocols.motifs.Motif: atom3 name is OOC
core.pack.task: Packer task: initialize from command line() 
core.pack.task: Packer task: initialize from command line() 
core.pack.task: Packer task: initialize from command line() 
protocols.moves.MonteCarlo: MonteCarlo:: last_accepted_score,lowest_score: -862.608 -863.05
protocols.motifs.Motif: Res1 name is GLU
protocols.motifs.Motif: atom1 name is CH3
protocols.motifs.Motif: atom2 name is COO
protocols.motifs.Motif: atom3 name is aroC
protocols.motifs.Motif: Res1 name is TYR
protocols.motifs.Motif: atom1 name is CH3
protocols.motifs.Motif: atom2 name is COO
protocols.motifs.Motif: atom3 name is aroC
protocols.motifs.Motif: Res1 name is THR
protocols.motifs.Motif: atom1 name is OH
protocols.motifs.Motif: atom2 name is CH2
protocols.motifs.Motif: atom3 name is Phos
protocols.motifs.Motif: Res1 name is ARG
protocols.motifs.Motif: atom1 name is OOC
protocols.motifs.Motif: atom2 name is Phos
protocols.motifs.Motif: atom3 name is OOC
protocols.motifs.Motif: Res1 name is GLU
protocols.motifs.Motif: atom1 name is COO
protocols.motifs.Motif: atom2 name is aroC
protocols.motifs.Motif: atom3 name is Oaro
protocols.motifs.Motif: Res1 name is TYR
protocols.motifs.Motif: atom1 name is CH3
protocols.motifs.Motif: atom2 name is COO
protocols.motifs.Motif: atom3 name is aroC
core.pack.task: Packer task: initialize from command line() 
core.pack.task: Packer task: initialize from command line() 
core.pack.task: Packer task: initialize from command line() 
protocols.moves.MonteCarlo: MonteCarlo:: last_accepted_score,lowest_score: -850.77 -850.77
protocols.motifs.Motif: Res1 name is TYR
protocols.motifs.Motif: atom1 name is OOC
protocols.motifs.Motif: atom2 name is Phos
protocols.motifs.Motif: atom3 name is OOC
protocols.motifs.Motif: Res1 name is THR
protocols.motifs.Motif: atom1 name is OOC
protocols.motifs.Motif: atom2 name is Phos
protocols.motifs.Motif: atom3 name is OOC
protocols.motifs.Motif: Res1 name is ARG
protocols.motifs.Motif: atom1 name is OOC
protocols.motifs.Motif: atom2 name is Phos
protocols.motifs.Motif: atom3 name is OOC
core.pack.task: Packer task: initialize from command line() 
core.pack.task: Packer task: initialize from command line() 
core.pack.task: Packer task: initialize from command line() 
protocols.moves.MonteCarlo: MonteCarlo:: last_accepted_score,lowest_score: -861.23 -861.23
protocols.motifs.Motif: Res1 name is GLU
protocols.motifs.Motif: atom1 name is CH3
protocols.motifs.Motif: atom2 name is COO
protocols.motifs.Motif: atom3 name is aroC
protocols.motifs.Motif: Res1 name is TYR
protocols.motifs.Motif: atom1 name is CH3
protocols.motifs.Motif: atom2 name is COO
protocols.motifs.Motif: atom3 name is aroC
protocols.motifs.Motif: Res1 name is THR
protocols.motifs.Motif: atom1 name is OH
protocols.motifs.Motif: atom2 name is CH2
protocols.motifs.Motif: atom3 name is Phos
protocols.motifs.Motif: Res1 name is ARG
protocols.motifs.Motif: atom1 name is OOC
protocols.motifs.Motif: atom2 name is Phos
protocols.motifs.Motif: atom3 name is OOC
protocols.motifs.Motif: Res1 name is SER
protocols.motifs.Motif: atom1 name is OOC
protocols.motifs.Motif: atom2 name is COO
protocols.motifs.Motif: atom3 name is OOC
protocols.motifs.Motif: Res1 name is GLU
protocols.motifs.Motif: atom1 name is COO
protocols.motifs.Motif: atom2 name is aroC
protocols.motifs.Motif: atom3 name is Oaro
core.pack.task: Packer task: initialize from command line() 
core.pack.task: Packer task: initialize from command line() 
core.pack.task: Packer task: initialize from command line() 
protocols.moves.MonteCarlo: MonteCarlo:: last_accepted_score,lowest_score: -849.247 -849.257
protocols.motifs.Motif: Res1 name is TYR
protocols.motifs.Motif: atom1 name is Nhis
protocols.motifs.Motif: atom2 name is aroC
protocols.motifs.Motif: atom3 name is OH
protocols.motifs.Motif: Res1 name is THR
protocols.motifs.Motif: atom1 name is OOC
protocols.motifs.Motif: atom2 name is Phos
protocols.motifs.Motif: atom3 name is OOC
protocols.motifs.Motif: Res1 name is GLU
protocols.motifs.Motif: atom1 name is OOC
protocols.motifs.Motif: atom2 name is Phos
protocols.motifs.Motif: atom3 name is OOC
core.pack.task: Packer task: initialize from command line() 
core.pack.task: Packer task: initialize from command line() 
core.pack.task: Packer task: initialize from command line() 
protocols.moves.MonteCarlo: MonteCarlo:: last_accepted_score,lowest_score: -851.121 -851.121
protocols.motifs.Motif: Res1 name is TYR
protocols.motifs.Motif: atom1 name is OOC
protocols.motifs.Motif: atom2 name is Phos
protocols.motifs.Motif: atom3 name is OOC
protocols.motifs.Motif: Res1 name is THR
protocols.motifs.Motif: atom1 name is OOC
protocols.motifs.Motif: atom2 name is Phos
protocols.motifs.Motif: atom3 name is OOC
protocols.motifs.Motif: Res1 name is ARG
protocols.motifs.Motif: atom1 name is OOC
protocols.motifs.Motif: atom2 name is Phos
protocols.motifs.Motif: atom3 name is OOC
protocols.motifs.Motif: Res1 name is VAL
protocols.motifs.Motif: atom1 name is CH3
protocols.motifs.Motif: atom2 name is COO
protocols.motifs.Motif: atom3 name is aroC
core.pack.task: Packer task: initialize from command line() 
core.pack.task: Packer task: initialize from command line() 
core.pack.task: Packer task: initialize from command line() 
protocols.moves.MonteCarlo: MonteCarlo:: last_accepted_score,lowest_score: -850.839 -851.222
protocols.motifs.Motif: Res1 name is THR
protocols.motifs.Motif: atom1 name is OOC
protocols.motifs.Motif: atom2 name is Phos
protocols.motifs.Motif: atom3 name is OOC
protocols.motifs.Motif: Res1 name is SER
protocols.motifs.Motif: atom1 name is OOC
protocols.motifs.Motif: atom2 name is Phos
protocols.motifs.Motif: atom3 name is OOC
protocols.motifs.Motif: Res1 name is GLU
protocols.motifs.Motif: atom1 name is OOC
protocols.motifs.Motif: atom2 name is Phos
protocols.motifs.Motif: atom3 name is OOC
protocols.motifs.Motif: Res1 name is LYS
protocols.motifs.Motif: atom1 name is OOC
protocols.motifs.Motif: atom2 name is Phos
protocols.motifs.Motif: atom3 name is OOC
core.pack.task: Packer task: initialize from command line() 
core.pack.task: Packer task: initialize from command line() 
core.pack.task: Packer task: initialize from command line() 
protocols.moves.MonteCarlo: MonteCarlo:: last_accepted_score,lowest_score: -850.04 -850.04
protocols.motifs.Motif: Res1 name is TYR
protocols.motifs.Motif: atom1 name is OOC
protocols.motifs.Motif: atom2 name is Phos
protocols.motifs.Motif: atom3 name is OOC
protocols.motifs.Motif: Res1 name is THR
protocols.motifs.Motif: atom1 name is OOC
protocols.motifs.Motif: atom2 name is Phos
protocols.motifs.Motif: atom3 name is OOC
protocols.motifs.Motif: Res1 name is ARG
protocols.motifs.Motif: atom1 name is OOC
protocols.motifs.Motif: atom2 name is Phos
protocols.motifs.Motif: atom3 name is OOC
protocols.motifs.Motif: Res1 name is SER
protocols.motifs.Motif: atom1 name is CH3
protocols.motifs.Motif: atom2 name is COO
protocols.motifs.Motif: atom3 name is aroC
core.pack.task: Packer task: initialize from command line() 
core.pack.task: Packer task: initialize from command line() 
core.pack.task: Packer task: initialize from command line() 
protocols.moves.MonteCarlo: MonteCarlo:: last_accepted_score,lowest_score: -851.905 -851.985
protocols.motifs.Motif: Res1 name is GLU
protocols.motifs.Motif: atom1 name is OOC
protocols.motifs.Motif: atom2 name is COO
protocols.motifs.Motif: atom3 name is OOC
protocols.motifs.Motif: Res1 name is TYR
protocols.motifs.Motif: atom1 name is OOC
protocols.motifs.Motif: atom2 name is COO
protocols.motifs.Motif: atom3 name is OOC
protocols.motifs.Motif: Res1 name is THR
protocols.motifs.Motif: atom1 name is OOC
protocols.motifs.Motif: atom2 name is Phos
protocols.motifs.Motif: atom3 name is OOC
protocols.motifs.Motif: Res1 name is ARG
protocols.motifs.Motif: atom1 name is OOC
protocols.motifs.Motif: atom2 name is Phos
protocols.motifs.Motif: atom3 name is OOC
protocols.motifs.Motif: Res1 name is VAL
protocols.motifs.Motif: atom1 name is CH3
protocols.motifs.Motif: atom2 name is COO
protocols.motifs.Motif: atom3 name is aroC
protocols.motifs.Motif: Res1 name is GLU
protocols.motifs.Motif: atom1 name is OOC
protocols.motifs.Motif: atom2 name is Phos
protocols.motifs.Motif: atom3 name is OOC
core.pack.task: Packer task: initialize from command line() 
core.pack.task: Packer task: initialize from command line() 
core.pack.task: Packer task: initialize from command line() 
protocols.moves.MonteCarlo: MonteCarlo:: last_accepted_score,lowest_score: -849.833 -850.497
protocols.motifs.Motif: Res1 name is GLU
protocols.motifs.Motif: atom1 name is OOC
protocols.motifs.Motif: atom2 name is COO
protocols.motifs.Motif: atom3 name is OOC
protocols.motifs.Motif: Res1 name is TYR
protocols.motifs.Motif: atom1 name is OOC
protocols.motifs.Motif: atom2 name is COO
protocols.motifs.Motif: atom3 name is OOC
protocols.motifs.Motif: Res1 name is THR
protocols.motifs.Motif: atom1 name is OOC
protocols.motifs.Motif: atom2 name is Phos
protocols.motifs.Motif: atom3 name is OOC
protocols.motifs.Motif: Res1 name is GLU
protocols.motifs.Motif: atom1 name is OOC
protocols.motifs.Motif: atom2 name is Phos
protocols.motifs.Motif: atom3 name is OOC
core.pack.task: Packer task: initialize from command line() 
core.pack.task: Packer task: initialize from command line() 
core.pack.task: Packer task: initialize from command line() 
protocols.moves.MonteCarlo: MonteCarlo:: last_accepted_score,lowest_score: -848.744 -848.744
protocols.motifs.Motif: Res1 name is TYR
protocols.motifs.Motif: atom1 name is Nhis
protocols.motifs.Motif: atom2 name is aroC
protocols.motifs.Motif: atom3 name is OH
protocols.motifs.Motif: Res1 name is THR
protocols.motifs.Motif: atom1 name is OOC
protocols.motifs.Motif: atom2 name is Phos
protocols.motifs.Motif: atom3 name is OOC
protocols.motifs.Motif: Res1 name is ARG
protocols.motifs.Motif: atom1 name is OOC
protocols.motifs.Motif: atom2 name is Phos
protocols.motifs.Motif: atom3 name is OOC
core.pack.task: Packer task: initialize from command line() 
core.pack.task: Packer task: initialize from command line() 
core.pack.task: Packer task: initialize from command line() 
protocols.moves.MonteCarlo: MonteCarlo:: last_accepted_score,lowest_score: -849.265 -849.508
protocols.motifs.Motif: Res1 name is TYR
protocols.motifs.Motif: atom1 name is OOC
protocols.motifs.Motif: atom2 name is Phos
protocols.motifs.Motif: atom3 name is OOC
protocols.motifs.Motif: Res1 name is THR
protocols.motifs.Motif: atom1 name is OOC
protocols.motifs.Motif: atom2 name is Phos
protocols.motifs.Motif: atom3 name is OOC
protocols.motifs.Motif: Res1 name is ARG
protocols.motifs.Motif: atom1 name is OOC
protocols.motifs.Motif: atom2 name is Phos
protocols.motifs.Motif: atom3 name is OOC
core.pack.task: Packer task: initialize from command line() 
core.pack.task: Packer task: initialize from command line() 
core.pack.task: Packer task: initialize from command line() 
protocols.moves.MonteCarlo: MonteCarlo:: last_accepted_score,lowest_score: -850.973 -850.973
protocols.motifs.Motif: Res1 name is LYS
protocols.motifs.Motif: atom1 name is CH3
protocols.motifs.Motif: atom2 name is COO
protocols.motifs.Motif: atom3 name is aroC
protocols.motifs.Motif: Res1 name is TYR
protocols.motifs.Motif: atom1 name is OOC
protocols.motifs.Motif: atom2 name is Phos
protocols.motifs.Motif: atom3 name is OOC
protocols.motifs.Motif: Res1 name is THR
protocols.motifs.Motif: atom1 name is OOC
protocols.motifs.Motif: atom2 name is Phos
protocols.motifs.Motif: atom3 name is OOC
protocols.motifs.Motif: Res1 name is ARG
protocols.motifs.Motif: atom1 name is OOC
protocols.motifs.Motif: atom2 name is Phos
protocols.motifs.Motif: atom3 name is OOC
core.pack.task: Packer task: initialize from command line() 
core.pack.task: Packer task: initialize from command line() 
core.pack.task: Packer task: initialize from command line() 
protocols.moves.MonteCarlo: MonteCarlo:: last_accepted_score,lowest_score: -852.26 -852.26
protocols.motifs.Motif: Res1 name is TYR
protocols.motifs.Motif: atom1 name is OOC
protocols.motifs.Motif: atom2 name is Phos
protocols.motifs.Motif: atom3 name is OOC
protocols.motifs.Motif: Res1 name is THR
protocols.motifs.Motif: atom1 name is OOC
protocols.motifs.Motif: atom2 name is Phos
protocols.motifs.Motif: atom3 name is OOC
protocols.motifs.Motif: Res1 name is ARG
protocols.motifs.Motif: atom1 name is OOC
protocols.motifs.Motif: atom2 name is Phos
protocols.motifs.Motif: atom3 name is OOC
protocols.motifs.Motif: Res1 name is MET
protocols.motifs.Motif: atom1 name is CH3
protocols.motifs.Motif: atom2 name is COO
protocols.motifs.Motif: atom3 name is aroC
protocols.motifs.Motif: Res1 name is GLU
protocols.motifs.Motif: atom1 name is Nhis
protocols.motifs.Motif: atom2 name is aroC
protocols.motifs.Motif: atom3 name is OH
core.pack.task: Packer task: initialize from command line() 
core.pack.task: Packer task: initialize from command line() 
core.pack.task: Packer task: initialize from command line() 
protocols.moves.MonteCarlo: MonteCarlo:: last_accepted_score,lowest_score: -852.372 -852.94
protocols.motifs.Motif: Res1 name is TYR
protocols.motifs.Motif: atom1 name is OOC
protocols.motifs.Motif: atom2 name is Phos
protocols.motifs.Motif: atom3 name is OOC
protocols.motifs.Motif: Res1 name is THR
protocols.motifs.Motif: atom1 name is OOC
protocols.motifs.Motif: atom2 name is Phos
protocols.motifs.Motif: atom3 name is OOC
protocols.motifs.Motif: Res1 name is ARG
protocols.motifs.Motif: atom1 name is OOC
protocols.motifs.Motif: atom2 name is Phos
protocols.motifs.Motif: atom3 name is OOC
protocols.motifs.Motif: Res1 name is VAL
protocols.motifs.Motif: atom1 name is CH3
protocols.motifs.Motif: atom2 name is COO
protocols.motifs.Motif: atom3 name is aroC
protocols.motifs.Motif: Res1 name is GLU
protocols.motifs.Motif: atom1 name is Nhis
protocols.motifs.Motif: atom2 name is aroC
protocols.motifs.Motif: atom3 name is OH
core.pack.task: Packer task: initialize from command line() 
core.pack.task: Packer task: initialize from command line() 
core.pack.task: Packer task: initialize from command line() 
protocols.moves.MonteCarlo: MonteCarlo:: last_accepted_score,lowest_score: -862.429 -863.952
protocols.motifs.Motif: Res1 name is TYR
protocols.motifs.Motif: atom1 name is OOC
protocols.motifs.Motif: atom2 name is COO
protocols.motifs.Motif: atom3 name is OOC
protocols.motifs.Motif: Res1 name is THR
protocols.motifs.Motif: atom1 name is OOC
protocols.motifs.Motif: atom2 name is Phos
protocols.motifs.Motif: atom3 name is OOC
protocols.motifs.Motif: Res1 name is ARG
protocols.motifs.Motif: atom1 name is OOC
protocols.motifs.Motif: atom2 name is Phos
protocols.motifs.Motif: atom3 name is OOC
protocols.motifs.Motif: Res1 name is VAL
protocols.motifs.Motif: atom1 name is CH3
protocols.motifs.Motif: atom2 name is COO
protocols.motifs.Motif: atom3 name is aroC
protocols.motifs.Motif: Res1 name is THR
protocols.motifs.Motif: atom1 name is CH3
protocols.motifs.Motif: atom2 name is COO
protocols.motifs.Motif: atom3 name is aroC
protocols.motifs.Motif: Res1 name is GLU
protocols.motifs.Motif: atom1 name is Nhis
protocols.motifs.Motif: atom2 name is aroC
protocols.motifs.Motif: atom3 name is OH
core.pack.task: Packer task: initialize from command line() 
core.pack.task: Packer task: initialize from command line() 
core.pack.task: Packer task: initialize from command line() 
protocols.moves.MonteCarlo: MonteCarlo:: last_accepted_score,lowest_score: -848.832 -849.936
protocols.motifs.Motif: Res1 name is THR
protocols.motifs.Motif: atom1 name is OOC
protocols.motifs.Motif: atom2 name is Phos
protocols.motifs.Motif: atom3 name is OOC
protocols.motifs.Motif: Res1 name is ARG
protocols.motifs.Motif: atom1 name is OOC
protocols.motifs.Motif: atom2 name is Phos
protocols.motifs.Motif: atom3 name is OOC
protocols.motifs.Motif: Res1 name is GLU
protocols.motifs.Motif: atom1 name is OOC
protocols.motifs.Motif: atom2 name is Phos
protocols.motifs.Motif: atom3 name is OOC
core.pack.task: Packer task: initialize from command line() 
core.pack.task: Packer task: initialize from command line() 
core.pack.task: Packer task: initialize from command line() 
protocols.moves.MonteCarlo: MonteCarlo:: last_accepted_score,lowest_score: -851.625 -851.625
protocols.motifs.Motif: Res1 name is TYR
protocols.motifs.Motif: atom1 name is OOC
protocols.motifs.Motif: atom2 name is Phos
protocols.motifs.Motif: atom3 name is OOC
protocols.motifs.Motif: Res1 name is THR
protocols.motifs.Motif: atom1 name is OOC
protocols.motifs.Motif: atom2 name is Phos
protocols.motifs.Motif: atom3 name is OOC
protocols.motifs.Motif: Res1 name is ARG
protocols.motifs.Motif: atom1 name is OOC
protocols.motifs.Motif: atom2 name is Phos
protocols.motifs.Motif: atom3 name is OOC
protocols.motifs.Motif: Res1 name is GLU
protocols.motifs.Motif: atom1 name is OOC
protocols.motifs.Motif: atom2 name is COO
protocols.motifs.Motif: atom3 name is OOC
core.pack.task: Packer task: initialize from command line() 
core.pack.task: Packer task: initialize from command line() 
core.pack.task: Packer task: initialize from command line() 
protocols.moves.MonteCarlo: MonteCarlo:: last_accepted_score,lowest_score: -864.275 -864.275
protocols.motifs.Motif: Res1 name is GLU
protocols.motifs.Motif: atom1 name is OOC
protocols.motifs.Motif: atom2 name is COO
protocols.motifs.Motif: atom3 name is OOC
protocols.motifs.Motif: Res1 name is TYR
protocols.motifs.Motif: atom1 name is OOC
protocols.motifs.Motif: atom2 name is COO
protocols.motifs.Motif: atom3 name is OOC
protocols.motifs.Motif: Res1 name is THR
protocols.motifs.Motif: atom1 name is OOC
protocols.motifs.Motif: atom2 name is Phos
protocols.motifs.Motif: atom3 name is OOC
protocols.motifs.Motif: Res1 name is ARG
protocols.motifs.Motif: atom1 name is OOC
protocols.motifs.Motif: atom2 name is Phos
protocols.motifs.Motif: atom3 name is OOC
protocols.motifs.Motif: Res1 name is GLU
protocols.motifs.Motif: atom1 name is OOC
protocols.motifs.Motif: atom2 name is Phos
protocols.motifs.Motif: atom3 name is OOC
core.pack.task: Packer task: initialize from command line() 
core.pack.task: Packer task: initialize from command line() 
core.pack.task: Packer task: initialize from command line() 
protocols.moves.MonteCarlo: MonteCarlo:: last_accepted_score,lowest_score: -854.347 -854.347
protocols.motifs.Motif: Res1 name is TYR
protocols.motifs.Motif: atom1 name is OOC
protocols.motifs.Motif: atom2 name is Phos
protocols.motifs.Motif: atom3 name is OOC
protocols.motifs.Motif: Res1 name is THR
protocols.motifs.Motif: atom1 name is OOC
protocols.motifs.Motif: atom2 name is Phos
protocols.motifs.Motif: atom3 name is OOC
protocols.motifs.Motif: Res1 name is ARG
protocols.motifs.Motif: atom1 name is OOC
protocols.motifs.Motif: atom2 name is Phos
protocols.motifs.Motif: atom3 name is OOC
protocols.motifs.Motif: Res1 name is VAL
protocols.motifs.Motif: atom1 name is CH3
protocols.motifs.Motif: atom2 name is COO
protocols.motifs.Motif: atom3 name is aroC
protocols.motifs.Motif: Res1 name is GLU
protocols.motifs.Motif: atom1 name is Nhis
protocols.motifs.Motif: atom2 name is aroC
protocols.motifs.Motif: atom3 name is OH
core.pack.task: Packer task: initialize from command line() 
core.pack.task: Packer task: initialize from command line() 
core.pack.task: Packer task: initialize from command line() 
protocols.moves.MonteCarlo: MonteCarlo:: last_accepted_score,lowest_score: -851.811 -851.811
protocols.motifs.Motif: Res1 name is TYR
protocols.motifs.Motif: atom1 name is OOC
protocols.motifs.Motif: atom2 name is Phos
protocols.motifs.Motif: atom3 name is OOC
protocols.motifs.Motif: Res1 name is THR
protocols.motifs.Motif: atom1 name is OOC
protocols.motifs.Motif: atom2 name is Phos
protocols.motifs.Motif: atom3 name is OOC
protocols.motifs.Motif: Res1 name is ARG
protocols.motifs.Motif: atom1 name is OOC
protocols.motifs.Motif: atom2 name is Phos
protocols.motifs.Motif: atom3 name is OOC
protocols.motifs.Motif: Res1 name is VAL
protocols.motifs.Motif: atom1 name is CH3
protocols.motifs.Motif: atom2 name is COO
protocols.motifs.Motif: atom3 name is aroC
core.pack.task: Packer task: initialize from command line() 
core.pack.task: Packer task: initialize from command line() 
core.pack.task: Packer task: initialize from command line() 
protocols.moves.MonteCarlo: MonteCarlo:: last_accepted_score,lowest_score: -851.375 -851.829
protocols.motifs.Motif: Res1 name is TYR
protocols.motifs.Motif: atom1 name is Nhis
protocols.motifs.Motif: atom2 name is aroC
protocols.motifs.Motif: atom3 name is OH
protocols.motifs.Motif: Res1 name is THR
protocols.motifs.Motif: atom1 name is OOC
protocols.motifs.Motif: atom2 name is Phos
protocols.motifs.Motif: atom3 name is OOC
protocols.motifs.Motif: Res1 name is ARG
protocols.motifs.Motif: atom1 name is OOC
protocols.motifs.Motif: atom2 name is Phos
protocols.motifs.Motif: atom3 name is OOC
protocols.motifs.Motif: Res1 name is GLU
protocols.motifs.Motif: atom1 name is OOC
protocols.motifs.Motif: atom2 name is COO
protocols.motifs.Motif: atom3 name is OOC
core.pack.task: Packer task: initialize from command line() 
core.pack.task: Packer task: initialize from command line() 
core.pack.task: Packer task: initialize from command line() 
protocols.moves.MonteCarlo: MonteCarlo:: last_accepted_score,lowest_score: -851.562 -851.562
protocols.motifs.Motif: Res1 name is TYR
protocols.motifs.Motif: atom1 name is Nhis
protocols.motifs.Motif: atom2 name is aroC
protocols.motifs.Motif: atom3 name is OH
protocols.motifs.Motif: Res1 name is THR
protocols.motifs.Motif: atom1 name is OOC
protocols.motifs.Motif: atom2 name is Phos
protocols.motifs.Motif: atom3 name is OOC
protocols.motifs.Motif: Res1 name is ARG
protocols.motifs.Motif: atom1 name is OOC
protocols.motifs.Motif: atom2 name is Phos
protocols.motifs.Motif: atom3 name is OOC
core.pack.task: Packer task: initialize from command line() 
core.pack.task: Packer task: initialize from command line() 
core.pack.task: Packer task: initialize from command line() 
protocols.moves.MonteCarlo: MonteCarlo:: last_accepted_score,lowest_score: -850.905 -850.905
protocols.motifs.Motif: Res1 name is TYR
protocols.motifs.Motif: atom1 name is OOC
protocols.motifs.Motif: atom2 name is Phos
protocols.motifs.Motif: atom3 name is OOC
protocols.motifs.Motif: Res1 name is THR
protocols.motifs.Motif: atom1 name is OOC
protocols.motifs.Motif: atom2 name is Phos
protocols.motifs.Motif: atom3 name is OOC
protocols.motifs.Motif: Res1 name is ARG
protocols.motifs.Motif: atom1 name is OOC
protocols.motifs.Motif: atom2 name is Phos
protocols.motifs.Motif: atom3 name is OOC
protocols.motifs.Motif: Res1 name is SER
protocols.motifs.Motif: atom1 name is CH3
protocols.motifs.Motif: atom2 name is COO
protocols.motifs.Motif: atom3 name is aroC
core.pack.task: Packer task: initialize from command line() 
core.pack.task: Packer task: initialize from command line() 
core.pack.task: Packer task: initialize from command line() 
protocols.moves.MonteCarlo: MonteCarlo:: last_accepted_score,lowest_score: -859.131 -859.131
protocols.motifs.Motif: Res1 name is TYR
protocols.motifs.Motif: atom1 name is OOC
protocols.motifs.Motif: atom2 name is COO
protocols.motifs.Motif: atom3 name is OOC
protocols.motifs.Motif: Res1 name is THR
protocols.motifs.Motif: atom1 name is OOC
protocols.motifs.Motif: atom2 name is Phos
protocols.motifs.Motif: atom3 name is OOC
protocols.motifs.Motif: Res1 name is VAL
protocols.motifs.Motif: atom1 name is CH3
protocols.motifs.Motif: atom2 name is COO
protocols.motifs.Motif: atom3 name is aroC
protocols.motifs.Motif: Res1 name is SER
protocols.motifs.Motif: atom1 name is OH
protocols.motifs.Motif: atom2 name is CH2
protocols.motifs.Motif: atom3 name is Phos
protocols.motifs.Motif: Res1 name is GLU
protocols.motifs.Motif: atom1 name is OOC
protocols.motifs.Motif: atom2 name is Phos
protocols.motifs.Motif: atom3 name is OOC
core.pack.task: Packer task: initialize from command line() 
core.pack.task: Packer task: initialize from command line() 
core.pack.task: Packer task: initialize from command line() 
protocols.moves.MonteCarlo: MonteCarlo:: last_accepted_score,lowest_score: -852.486 -852.486
protocols.motifs.Motif: Res1 name is THR
protocols.motifs.Motif: atom1 name is OOC
protocols.motifs.Motif: atom2 name is Phos
protocols.motifs.Motif: atom3 name is OOC
protocols.motifs.Motif: Res1 name is SER
protocols.motifs.Motif: atom1 name is OH
protocols.motifs.Motif: atom2 name is CH2
protocols.motifs.Motif: atom3 name is Phos
protocols.motifs.Motif: Res1 name is GLU
protocols.motifs.Motif: atom1 name is Nhis
protocols.motifs.Motif: atom2 name is aroC
protocols.motifs.Motif: atom3 name is OH
protocols.motifs.Motif: Res1 name is LYS
protocols.motifs.Motif: atom1 name is OOC
protocols.motifs.Motif: atom2 name is Phos
protocols.motifs.Motif: atom3 name is OOC
core.pack.task: Packer task: initialize from command line() 
core.pack.task: Packer task: initialize from command line() 
core.pack.task: Packer task: initialize from command line() 
protocols.moves.MonteCarlo: MonteCarlo:: last_accepted_score,lowest_score: -861.479 -862.124
protocols.motifs.Motif: Res1 name is GLU
protocols.motifs.Motif: atom1 name is CH3
protocols.motifs.Motif: atom2 name is COO
protocols.motifs.Motif: atom3 name is aroC
protocols.motifs.Motif: Res1 name is TYR
protocols.motifs.Motif: atom1 name is OOC
protocols.motifs.Motif: atom2 name is Phos
protocols.motifs.Motif: atom3 name is OOC
protocols.motifs.Motif: Res1 name is PRO
protocols.motifs.Motif: atom1 name is OOC
protocols.motifs.Motif: atom2 name is COO
protocols.motifs.Motif: atom3 name is OOC
protocols.motifs.Motif: Res1 name is THR
protocols.motifs.Motif: atom1 name is OOC
protocols.motifs.Motif: atom2 name is Phos
protocols.motifs.Motif: atom3 name is OOC
protocols.motifs.Motif: Res1 name is ARG
protocols.motifs.Motif: atom1 name is OOC
protocols.motifs.Motif: atom2 name is Phos
protocols.motifs.Motif: atom3 name is OOC
protocols.motifs.Motif: Res1 name is GLU
protocols.motifs.Motif: atom1 name is COO
protocols.motifs.Motif: atom2 name is CH1
protocols.motifs.Motif: atom3 name is Nlys
protocols.motifs.Motif: Res1 name is TYR
protocols.motifs.Motif: atom1 name is OOC
protocols.motifs.Motif: atom2 name is COO
protocols.motifs.Motif: atom3 name is OOC
core.pack.task: Packer task: initialize from command line() 
core.pack.task: Packer task: initialize from command line() 
core.pack.task: Packer task: initialize from command line() 
protocols.moves.MonteCarlo: MonteCarlo:: last_accepted_score,lowest_score: -851.387 -851.387
protocols.motifs.Motif: Res1 name is TYR
protocols.motifs.Motif: atom1 name is OOC
protocols.motifs.Motif: atom2 name is Phos
protocols.motifs.Motif: atom3 name is OOC
protocols.motifs.Motif: Res1 name is THR
protocols.motifs.Motif: atom1 name is OOC
protocols.motifs.Motif: atom2 name is Phos
protocols.motifs.Motif: atom3 name is OOC
protocols.motifs.Motif: Res1 name is ARG
protocols.motifs.Motif: atom1 name is OOC
protocols.motifs.Motif: atom2 name is Phos
protocols.motifs.Motif: atom3 name is OOC
protocols.motifs.Motif: Res1 name is GLU
protocols.motifs.Motif: atom1 name is OOC
protocols.motifs.Motif: atom2 name is COO
protocols.motifs.Motif: atom3 name is OOC
core.pack.task: Packer task: initialize from command line() 
core.pack.task: Packer task: initialize from command line() 
core.pack.task: Packer task: initialize from command line() 
protocols.moves.MonteCarlo: MonteCarlo:: last_accepted_score,lowest_score: -854.076 -854.076
protocols.motifs.Motif: Res1 name is TYR
protocols.motifs.Motif: atom1 name is OOC
protocols.motifs.Motif: atom2 name is Phos
protocols.motifs.Motif: atom3 name is OOC
protocols.motifs.Motif: Res1 name is THR
protocols.motifs.Motif: atom1 name is OOC
protocols.motifs.Motif: atom2 name is Phos
protocols.motifs.Motif: atom3 name is OOC
protocols.motifs.Motif: Res1 name is ARG
protocols.motifs.Motif: atom1 name is OOC
protocols.motifs.Motif: atom2 name is Phos
protocols.motifs.Motif: atom3 name is OOC
protocols.motifs.Motif: Res1 name is GLU
protocols.motifs.Motif: atom1 name is Nhis
protocols.motifs.Motif: atom2 name is aroC
protocols.motifs.Motif: atom3 name is OH
core.pack.task: Packer task: initialize from command line() 
core.pack.task: Packer task: initialize from command line() 
core.pack.task: Packer task: initialize from command line() 
protocols.moves.MonteCarlo: MonteCarlo:: last_accepted_score,lowest_score: -847.809 -848.218
protocols.motifs.Motif: Res1 name is GLU
protocols.motifs.Motif: atom1 name is OOC
protocols.motifs.Motif: atom2 name is COO
protocols.motifs.Motif: atom3 name is OOC
protocols.motifs.Motif: Res1 name is TYR
protocols.motifs.Motif: atom1 name is OOC
protocols.motifs.Motif: atom2 name is COO
protocols.motifs.Motif: atom3 name is OOC
protocols.motifs.Motif: Res1 name is GLU
protocols.motifs.Motif: atom1 name is OOC
protocols.motifs.Motif: atom2 name is Phos
protocols.motifs.Motif: atom3 name is OOC
core.pack.task: Packer task: initialize from command line() 
core.pack.task: Packer task: initialize from command line() 
core.pack.task: Packer task: initialize from command line() 
protocols.moves.MonteCarlo: MonteCarlo:: last_accepted_score,lowest_score: -855.034 -855.034
protocols.motifs.Motif: Res1 name is GLU
protocols.motifs.Motif: atom1 name is OOC
protocols.motifs.Motif: atom2 name is COO
protocols.motifs.Motif: atom3 name is OOC
protocols.motifs.Motif: Res1 name is TYR
protocols.motifs.Motif: atom1 name is OOC
protocols.motifs.Motif: atom2 name is COO
protocols.motifs.Motif: atom3 name is OOC
protocols.motifs.Motif: Res1 name is THR
protocols.motifs.Motif: atom1 name is OOC
protocols.motifs.Motif: atom2 name is Phos
protocols.motifs.Motif: atom3 name is OOC
protocols.motifs.Motif: Res1 name is ARG
protocols.motifs.Motif: atom1 name is OOC
protocols.motifs.Motif: atom2 name is Phos
protocols.motifs.Motif: atom3 name is OOC
protocols.motifs.Motif: Res1 name is VAL
protocols.motifs.Motif: atom1 name is CH3
protocols.motifs.Motif: atom2 name is COO
protocols.motifs.Motif: atom3 name is aroC
protocols.motifs.Motif: Res1 name is GLU
protocols.motifs.Motif: atom1 name is Nhis
protocols.motifs.Motif: atom2 name is aroC
protocols.motifs.Motif: atom3 name is OH
core.pack.task: Packer task: initialize from command line() 
core.pack.task: Packer task: initialize from command line() 
core.pack.task: Packer task: initialize from command line() 
protocols.moves.MonteCarlo: MonteCarlo:: last_accepted_score,lowest_score: -849.089 -849.089
protocols.motifs.Motif: Res1 name is TYR
protocols.motifs.Motif: atom1 name is OOC
protocols.motifs.Motif: atom2 name is Phos
protocols.motifs.Motif: atom3 name is OOC
protocols.motifs.Motif: Res1 name is THR
protocols.motifs.Motif: atom1 name is OOC
protocols.motifs.Motif: atom2 name is Phos
protocols.motifs.Motif: atom3 name is OOC
protocols.motifs.Motif: Res1 name is GLU
protocols.motifs.Motif: atom1 name is OOC
protocols.motifs.Motif: atom2 name is Phos
protocols.motifs.Motif: atom3 name is OOC
core.pack.task: Packer task: initialize from command line() 
core.pack.task: Packer task: initialize from command line() 
core.pack.task: Packer task: initialize from command line() 
protocols.moves.MonteCarlo: MonteCarlo:: last_accepted_score,lowest_score: -856.091 -856.091
protocols.motifs.Motif: Res1 name is GLU
protocols.motifs.Motif: atom1 name is OOC
protocols.motifs.Motif: atom2 name is COO
protocols.motifs.Motif: atom3 name is OOC
protocols.motifs.Motif: Res1 name is TYR
protocols.motifs.Motif: atom1 name is OOC
protocols.motifs.Motif: atom2 name is COO
protocols.motifs.Motif: atom3 name is OOC
protocols.motifs.Motif: Res1 name is THR
protocols.motifs.Motif: atom1 name is OOC
protocols.motifs.Motif: atom2 name is Phos
protocols.motifs.Motif: atom3 name is OOC
protocols.motifs.Motif: Res1 name is ARG
protocols.motifs.Motif: atom1 name is OOC
protocols.motifs.Motif: atom2 name is Phos
protocols.motifs.Motif: atom3 name is OOC
protocols.motifs.Motif: Res1 name is GLU
protocols.motifs.Motif: atom1 name is Nhis
protocols.motifs.Motif: atom2 name is aroC
protocols.motifs.Motif: atom3 name is OH
core.pack.task: Packer task: initialize from command line() 
core.pack.task: Packer task: initialize from command line() 
core.pack.task: Packer task: initialize from command line() 
protocols.moves.MonteCarlo: MonteCarlo:: last_accepted_score,lowest_score: -849.598 -849.598
protocols.motifs.Motif: Res1 name is LYS
protocols.motifs.Motif: atom1 name is CH3
protocols.motifs.Motif: atom2 name is COO
protocols.motifs.Motif: atom3 name is aroC
protocols.motifs.Motif: Res1 name is TYR
protocols.motifs.Motif: atom1 name is OOC
protocols.motifs.Motif: atom2 name is Phos
protocols.motifs.Motif: atom3 name is OOC
core.pack.task: Packer task: initialize from command line() 
core.pack.task: Packer task: initialize from command line() 
core.pack.task: Packer task: initialize from command line() 
protocols.moves.MonteCarlo: MonteCarlo:: last_accepted_score,lowest_score: -848.66 -848.66
protocols.motifs.Motif: Res1 name is TYR
protocols.motifs.Motif: atom1 name is COO
protocols.motifs.Motif: atom2 name is CH1
protocols.motifs.Motif: atom3 name is Nlys
protocols.motifs.Motif: Res1 name is THR
protocols.motifs.Motif: atom1 name is OOC
protocols.motifs.Motif: atom2 name is Phos
protocols.motifs.Motif: atom3 name is OOC
protocols.motifs.Motif: Res1 name is THR
protocols.motifs.Motif: atom1 name is OOC
protocols.motifs.Motif: atom2 name is Phos
protocols.motifs.Motif: atom3 name is OOC
protocols.motifs.Motif: Res1 name is ARG
protocols.motifs.Motif: atom1 name is OOC
protocols.motifs.Motif: atom2 name is Phos
protocols.motifs.Motif: atom3 name is OOC
protocols.motifs.Motif: Res1 name is SER
protocols.motifs.Motif: atom1 name is OOC
protocols.motifs.Motif: atom2 name is Phos
protocols.motifs.Motif: atom3 name is OOC
core.pack.task: Packer task: initialize from command line() 
core.pack.task: Packer task: initialize from command line() 
core.pack.task: Packer task: initialize from command line() 
protocols.moves.MonteCarlo: MonteCarlo:: last_accepted_score,lowest_score: -848.855 -848.855
protocols.motifs.Motif: Res1 name is TYR
protocols.motifs.Motif: atom1 name is COO
protocols.motifs.Motif: atom2 name is aroC
protocols.motifs.Motif: atom3 name is Oaro
protocols.motifs.Motif: Res1 name is THR
protocols.motifs.Motif: atom1 name is OOC
protocols.motifs.Motif: atom2 name is Phos
protocols.motifs.Motif: atom3 name is OOC
protocols.motifs.Motif: Res1 name is SER
protocols.motifs.Motif: atom1 name is OOC
protocols.motifs.Motif: atom2 name is Phos
protocols.motifs.Motif: atom3 name is OOC
protocols.motifs.Motif: Res1 name is GLU
protocols.motifs.Motif: atom1 name is OOC
protocols.motifs.Motif: atom2 name is Phos
protocols.motifs.Motif: atom3 name is OOC
core.pack.task: Packer task: initialize from command line() 
core.pack.task: Packer task: initialize from command line() 
core.pack.task: Packer task: initialize from command line() 
protocols.moves.MonteCarlo: MonteCarlo:: last_accepted_score,lowest_score: -851.739 -852.025
protocols.motifs.Motif: Res1 name is TYR
protocols.motifs.Motif: atom1 name is OOC
protocols.motifs.Motif: atom2 name is Phos
protocols.motifs.Motif: atom3 name is OOC
protocols.motifs.Motif: Res1 name is THR
protocols.motifs.Motif: atom1 name is OOC
protocols.motifs.Motif: atom2 name is Phos
protocols.motifs.Motif: atom3 name is OOC
protocols.motifs.Motif: Res1 name is ARG
protocols.motifs.Motif: atom1 name is OOC
protocols.motifs.Motif: atom2 name is Phos
protocols.motifs.Motif: atom3 name is OOC
protocols.motifs.Motif: Res1 name is GLU
protocols.motifs.Motif: atom1 name is OOC
protocols.motifs.Motif: atom2 name is Phos
protocols.motifs.Motif: atom3 name is OOC
core.pack.task: Packer task: initialize from command line() 
core.pack.task: Packer task: initialize from command line() 
core.pack.task: Packer task: initialize from command line() 
protocols.moves.MonteCarlo: MonteCarlo:: last_accepted_score,lowest_score: -853.683 -853.683
protocols.motifs.Motif: Res1 name is TYR
protocols.motifs.Motif: atom1 name is OOC
protocols.motifs.Motif: atom2 name is Phos
protocols.motifs.Motif: atom3 name is OOC
protocols.motifs.Motif: Res1 name is THR
protocols.motifs.Motif: atom1 name is OOC
protocols.motifs.Motif: atom2 name is Phos
protocols.motifs.Motif: atom3 name is OOC
protocols.motifs.Motif: Res1 name is ARG
protocols.motifs.Motif: atom1 name is OOC
protocols.motifs.Motif: atom2 name is Phos
protocols.motifs.Motif: atom3 name is OOC
protocols.motifs.Motif: Res1 name is GLU
protocols.motifs.Motif: atom1 name is Nhis
protocols.motifs.Motif: atom2 name is aroC
protocols.motifs.Motif: atom3 name is OH
core.pack.task: Packer task: initialize from command line() 
core.pack.task: Packer task: initialize from command line() 
core.pack.task: Packer task: initialize from command line() 
protocols.moves.MonteCarlo: MonteCarlo:: last_accepted_score,lowest_score: -851.317 -851.321
protocols.motifs.Motif: Res1 name is TYR
protocols.motifs.Motif: atom1 name is OOC
protocols.motifs.Motif: atom2 name is Phos
protocols.motifs.Motif: atom3 name is OOC
protocols.motifs.Motif: Res1 name is THR
protocols.motifs.Motif: atom1 name is OOC
protocols.motifs.Motif: atom2 name is Phos
protocols.motifs.Motif: atom3 name is OOC
protocols.motifs.Motif: Res1 name is ARG
protocols.motifs.Motif: atom1 name is OOC
protocols.motifs.Motif: atom2 name is Phos
protocols.motifs.Motif: atom3 name is OOC
core.pack.task: Packer task: initialize from command line() 
core.pack.task: Packer task: initialize from command line() 
core.pack.task: Packer task: initialize from command line() 
protocols.moves.MonteCarlo: MonteCarlo:: last_accepted_score,lowest_score: -855.825 -855.825
protocols.motifs.Motif: Res1 name is TYR
protocols.motifs.Motif: atom1 name is OOC
protocols.motifs.Motif: atom2 name is Phos
protocols.motifs.Motif: atom3 name is OOC
protocols.motifs.Motif: Res1 name is THR
protocols.motifs.Motif: atom1 name is OOC
protocols.motifs.Motif: atom2 name is Phos
protocols.motifs.Motif: atom3 name is OOC
protocols.motifs.Motif: Res1 name is ARG
protocols.motifs.Motif: atom1 name is OOC
protocols.motifs.Motif: atom2 name is Phos
protocols.motifs.Motif: atom3 name is OOC
protocols.motifs.Motif: Res1 name is GLU
protocols.motifs.Motif: atom1 name is Nhis
protocols.motifs.Motif: atom2 name is aroC
protocols.motifs.Motif: atom3 name is OH
core.pack.task: Packer task: initialize from command line() 
core.pack.task: Packer task: initialize from command line() 
core.pack.task: Packer task: initialize from command line() 
protocols.moves.MonteCarlo: MonteCarlo:: last_accepted_score,lowest_score: -852.122 -853.326
protocols.motifs.Motif: Res1 name is TYR
protocols.motifs.Motif: atom1 name is OOC
protocols.motifs.Motif: atom2 name is COO
protocols.motifs.Motif: atom3 name is OOC
protocols.motifs.Motif: Res1 name is THR
protocols.motifs.Motif: atom1 name is OOC
protocols.motifs.Motif: atom2 name is Phos
protocols.motifs.Motif: atom3 name is OOC
protocols.motifs.Motif: Res1 name is ARG
protocols.motifs.Motif: atom1 name is OOC
protocols.motifs.Motif: atom2 name is Phos
protocols.motifs.Motif: atom3 name is OOC
protocols.motifs.Motif: Res1 name is SER
protocols.motifs.Motif: atom1 name is CH3
protocols.motifs.Motif: atom2 name is COO
protocols.motifs.Motif: atom3 name is aroC
protocols.motifs.Motif: Res1 name is GLU
protocols.motifs.Motif: atom1 name is COO
protocols.motifs.Motif: atom2 name is CH1
protocols.motifs.Motif: atom3 name is Nlys
core.pack.task: Packer task: initialize from command line() 
core.pack.task: Packer task: initialize from command line() 
core.pack.task: Packer task: initialize from command line() 
protocols.moves.MonteCarlo: MonteCarlo:: last_accepted_score,lowest_score: -854.51 -854.51
protocols.motifs.Motif: Res1 name is TYR
protocols.motifs.Motif: atom1 name is OOC
protocols.motifs.Motif: atom2 name is Phos
protocols.motifs.Motif: atom3 name is OOC
protocols.motifs.Motif: Res1 name is THR
protocols.motifs.Motif: atom1 name is OOC
protocols.motifs.Motif: atom2 name is Phos
protocols.motifs.Motif: atom3 name is OOC
protocols.motifs.Motif: Res1 name is ARG
protocols.motifs.Motif: atom1 name is OOC
protocols.motifs.Motif: atom2 name is Phos
protocols.motifs.Motif: atom3 name is OOC
protocols.motifs.Motif: Res1 name is GLU
protocols.motifs.Motif: atom1 name is OOC
protocols.motifs.Motif: atom2 name is Phos
protocols.motifs.Motif: atom3 name is OOC
core.pack.task: Packer task: initialize from command line() 
core.pack.task: Packer task: initialize from command line() 
core.pack.task: Packer task: initialize from command line() 
protocols.moves.MonteCarlo: MonteCarlo:: last_accepted_score,lowest_score: -848.877 -848.877
protocols.motifs.Motif: Res1 name is TYR
protocols.motifs.Motif: atom1 name is OOC
protocols.motifs.Motif: atom2 name is COO
protocols.motifs.Motif: atom3 name is OOC
protocols.motifs.Motif: Res1 name is THR
protocols.motifs.Motif: atom1 name is OOC
protocols.motifs.Motif: atom2 name is Phos
protocols.motifs.Motif: atom3 name is OOC
protocols.motifs.Motif: Res1 name is SER
protocols.motifs.Motif: atom1 name is OH
protocols.motifs.Motif: atom2 name is CH2
protocols.motifs.Motif: atom3 name is Phos
protocols.motifs.Motif: Res1 name is GLU
protocols.motifs.Motif: atom1 name is OOC
protocols.motifs.Motif: atom2 name is Phos
protocols.motifs.Motif: atom3 name is OOC
core.pack.task: Packer task: initialize from command line() 
core.pack.task: Packer task: initialize from command line() 
core.pack.task: Packer task: initialize from command line() 
protocols.moves.MonteCarlo: MonteCarlo:: last_accepted_score,lowest_score: -849.505 -849.505
protocols.motifs.Motif: Res1 name is TYR
protocols.motifs.Motif: atom1 name is aroC
protocols.motifs.Motif: atom2 name is CH2
protocols.motifs.Motif: atom3 name is CH1
protocols.motifs.Motif: Res1 name is THR
protocols.motifs.Motif: atom1 name is OOC
protocols.motifs.Motif: atom2 name is Phos
protocols.motifs.Motif: atom3 name is OOC
protocols.motifs.Motif: Res1 name is GLU
protocols.motifs.Motif: atom1 name is OOC
protocols.motifs.Motif: atom2 name is Phos
protocols.motifs.Motif: atom3 name is OOC
core.pack.task: Packer task: initialize from command line() 
core.pack.task: Packer task: initialize from command line() 
core.pack.task: Packer task: initialize from command line() 
protocols.moves.MonteCarlo: MonteCarlo:: last_accepted_score,lowest_score: -850.179 -850.179
protocols.motifs.Motif: Res1 name is LYS
protocols.motifs.Motif: atom1 name is CH3
protocols.motifs.Motif: atom2 name is COO
protocols.motifs.Motif: atom3 name is aroC
protocols.motifs.Motif: Res1 name is TYR
protocols.motifs.Motif: atom1 name is CH3
protocols.motifs.Motif: atom2 name is COO
protocols.motifs.Motif: atom3 name is aroC
protocols.motifs.Motif: Res1 name is THR
protocols.motifs.Motif: atom1 name is OOC
protocols.motifs.Motif: atom2 name is Phos
protocols.motifs.Motif: atom3 name is OOC
protocols.motifs.Motif: Res1 name is GLU
protocols.motifs.Motif: atom1 name is OOC
protocols.motifs.Motif: atom2 name is Phos
protocols.motifs.Motif: atom3 name is OOC
core.pack.task: Packer task: initialize from command line() 
core.pack.task: Packer task: initialize from command line() 
core.pack.task: Packer task: initialize from command line() 
protocols.moves.MonteCarlo: MonteCarlo:: last_accepted_score,lowest_score: -860.111 -860.601
protocols.motifs.Motif: Res1 name is GLU
protocols.motifs.Motif: atom1 name is OOC
protocols.motifs.Motif: atom2 name is COO
protocols.motifs.Motif: atom3 name is OOC
protocols.motifs.Motif: Res1 name is TYR
protocols.motifs.Motif: atom1 name is OOC
protocols.motifs.Motif: atom2 name is Phos
protocols.motifs.Motif: atom3 name is OOC
protocols.motifs.Motif: Res1 name is THR
protocols.motifs.Motif: atom1 name is OOC
protocols.motifs.Motif: atom2 name is Phos
protocols.motifs.Motif: atom3 name is OOC
protocols.motifs.Motif: Res1 name is VAL
protocols.motifs.Motif: atom1 name is CH3
protocols.motifs.Motif: atom2 name is COO
protocols.motifs.Motif: atom3 name is aroC
protocols.motifs.Motif: Res1 name is GLU
protocols.motifs.Motif: atom1 name is Nhis
protocols.motifs.Motif: atom2 name is aroC
protocols.motifs.Motif: atom3 name is OH
core.pack.task: Packer task: initialize from command line() 
core.pack.task: Packer task: initialize from command line() 
core.pack.task: Packer task: initialize from command line() 
protocols.moves.MonteCarlo: MonteCarlo:: last_accepted_score,lowest_score: -851.935 -851.935
protocols.motifs.Motif: Res1 name is TYR
protocols.motifs.Motif: atom1 name is OOC
protocols.motifs.Motif: atom2 name is Phos
protocols.motifs.Motif: atom3 name is OOC
protocols.motifs.Motif: Res1 name is THR
protocols.motifs.Motif: atom1 name is OOC
protocols.motifs.Motif: atom2 name is Phos
protocols.motifs.Motif: atom3 name is OOC
protocols.motifs.Motif: Res1 name is ARG
protocols.motifs.Motif: atom1 name is OOC
protocols.motifs.Motif: atom2 name is Phos
protocols.motifs.Motif: atom3 name is OOC
protocols.motifs.Motif: Res1 name is GLU
protocols.motifs.Motif: atom1 name is OOC
protocols.motifs.Motif: atom2 name is Phos
protocols.motifs.Motif: atom3 name is OOC
core.pack.task: Packer task: initialize from command line() 
core.pack.task: Packer task: initialize from command line() 
core.pack.task: Packer task: initialize from command line() 
protocols.moves.MonteCarlo: MonteCarlo:: last_accepted_score,lowest_score: -850.92 -851.149
protocols.motifs.Motif: Res1 name is TYR
protocols.motifs.Motif: atom1 name is Nhis
protocols.motifs.Motif: atom2 name is aroC
protocols.motifs.Motif: atom3 name is OH
protocols.motifs.Motif: Res1 name is THR
protocols.motifs.Motif: atom1 name is OOC
protocols.motifs.Motif: atom2 name is Phos
protocols.motifs.Motif: atom3 name is OOC
protocols.motifs.Motif: Res1 name is ARG
protocols.motifs.Motif: atom1 name is OOC
protocols.motifs.Motif: atom2 name is Phos
protocols.motifs.Motif: atom3 name is OOC
protocols.motifs.Motif: Res1 name is SER
protocols.motifs.Motif: atom1 name is CH3
protocols.motifs.Motif: atom2 name is COO
protocols.motifs.Motif: atom3 name is aroC
protocols.motifs.Motif: Res1 name is GLU
protocols.motifs.Motif: atom1 name is OOC
protocols.motifs.Motif: atom2 name is COO
protocols.motifs.Motif: atom3 name is OOC
core.pack.task: Packer task: initialize from command line() 
core.pack.task: Packer task: initialize from command line() 
core.pack.task: Packer task: initialize from command line() 
protocols.moves.MonteCarlo: MonteCarlo:: last_accepted_score,lowest_score: -852.478 -852.478
protocols.motifs.Motif: Res1 name is TYR
protocols.motifs.Motif: atom1 name is OOC
protocols.motifs.Motif: atom2 name is Phos
protocols.motifs.Motif: atom3 name is OOC
protocols.motifs.Motif: Res1 name is ARG
protocols.motifs.Motif: atom1 name is OOC
protocols.motifs.Motif: atom2 name is Phos
protocols.motifs.Motif: atom3 name is OOC
protocols.motifs.Motif: Res1 name is VAL
protocols.motifs.Motif: atom1 name is CH3
protocols.motifs.Motif: atom2 name is COO
protocols.motifs.Motif: atom3 name is aroC
protocols.motifs.Motif: Res1 name is SER
protocols.motifs.Motif: atom1 name is OOC
protocols.motifs.Motif: atom2 name is COO
protocols.motifs.Motif: atom3 name is OOC
protocols.motifs.Motif: Res1 name is SER
protocols.motifs.Motif: atom1 name is CH3
protocols.motifs.Motif: atom2 name is COO
protocols.motifs.Motif: atom3 name is aroC
core.pack.task: Packer task: initialize from command line() 
core.pack.task: Packer task: initialize from command line() 
core.pack.task: Packer task: initialize from command line() 
protocols.moves.MonteCarlo: MonteCarlo:: last_accepted_score,lowest_score: -850.355 -851.473
protocols.motifs.Motif: Res1 name is TYR
protocols.motifs.Motif: atom1 name is OOC
protocols.motifs.Motif: atom2 name is Phos
protocols.motifs.Motif: atom3 name is OOC
protocols.motifs.Motif: Res1 name is THR
protocols.motifs.Motif: atom1 name is OOC
protocols.motifs.Motif: atom2 name is Phos
protocols.motifs.Motif: atom3 name is OOC
protocols.motifs.Motif: Res1 name is ARG
protocols.motifs.Motif: atom1 name is OOC
protocols.motifs.Motif: atom2 name is Phos
protocols.motifs.Motif: atom3 name is OOC
core.pack.task: Packer task: initialize from command line() 
core.pack.task: Packer task: initialize from command line() 
core.pack.task: Packer task: initialize from command line() 
protocols.moves.MonteCarlo: MonteCarlo:: last_accepted_score,lowest_score: -846.934 -847.126
protocols.motifs.Motif: Res1 name is TYR
protocols.motifs.Motif: atom1 name is Nhis
protocols.motifs.Motif: atom2 name is aroC
protocols.motifs.Motif: atom3 name is OH
protocols.motifs.Motif: Res1 name is THR
protocols.motifs.Motif: atom1 name is OOC
protocols.motifs.Motif: atom2 name is Phos
protocols.motifs.Motif: atom3 name is OOC
protocols.motifs.Motif: Res1 name is ARG
protocols.motifs.Motif: atom1 name is OOC
protocols.motifs.Motif: atom2 name is Phos
protocols.motifs.Motif: atom3 name is OOC
core.pack.task: Packer task: initialize from command line() 
core.pack.task: Packer task: initialize from command line() 
core.pack.task: Packer task: initialize from command line() 
protocols.moves.MonteCarlo: MonteCarlo:: last_accepted_score,lowest_score: -850.554 -850.554
protocols.motifs.Motif: Res1 name is TYR
protocols.motifs.Motif: atom1 name is OOC
protocols.motifs.Motif: atom2 name is Phos
protocols.motifs.Motif: atom3 name is OOC
protocols.motifs.Motif: Res1 name is THR
protocols.motifs.Motif: atom1 name is OOC
protocols.motifs.Motif: atom2 name is Phos
protocols.motifs.Motif: atom3 name is OOC
protocols.motifs.Motif: Res1 name is ARG
protocols.motifs.Motif: atom1 name is OOC
protocols.motifs.Motif: atom2 name is Phos
protocols.motifs.Motif: atom3 name is OOC
protocols.motifs.Motif: Res1 name is VAL
protocols.motifs.Motif: atom1 name is CH3
protocols.motifs.Motif: atom2 name is COO
protocols.motifs.Motif: atom3 name is aroC
protocols.motifs.Motif: Res1 name is GLU
protocols.motifs.Motif: atom1 name is OOC
protocols.motifs.Motif: atom2 name is Phos
protocols.motifs.Motif: atom3 name is OOC
protocols.motifs.Motif: Res1 name is TYR
protocols.motifs.Motif: atom1 name is OOC
protocols.motifs.Motif: atom2 name is Phos
protocols.motifs.Motif: atom3 name is OOC
core.pack.task: Packer task: initialize from command line() 
core.pack.task: Packer task: initialize from command line() 
core.pack.task: Packer task: initialize from command line() 
protocols.moves.MonteCarlo: MonteCarlo:: last_accepted_score,lowest_score: -852.05 -852.884
protocols.motifs.Motif: Res1 name is TYR
protocols.motifs.Motif: atom1 name is OOC
protocols.motifs.Motif: atom2 name is Phos
protocols.motifs.Motif: atom3 name is OOC
protocols.motifs.Motif: Res1 name is THR
protocols.motifs.Motif: atom1 name is OOC
protocols.motifs.Motif: atom2 name is Phos
protocols.motifs.Motif: atom3 name is OOC
protocols.motifs.Motif: Res1 name is ARG
protocols.motifs.Motif: atom1 name is OOC
protocols.motifs.Motif: atom2 name is COO
protocols.motifs.Motif: atom3 name is OOC
core.pack.task: Packer task: initialize from command line() 
core.pack.task: Packer task: initialize from command line() 
core.pack.task: Packer task: initialize from command line() 
protocols.moves.MonteCarlo: MonteCarlo:: last_accepted_score,lowest_score: -851.81 -852.496
protocols.motifs.Motif: Res1 name is TYR
protocols.motifs.Motif: atom1 name is Nhis
protocols.motifs.Motif: atom2 name is aroC
protocols.motifs.Motif: atom3 name is OH
protocols.motifs.Motif: Res1 name is THR
protocols.motifs.Motif: atom1 name is OOC
protocols.motifs.Motif: atom2 name is Phos
protocols.motifs.Motif: atom3 name is OOC
protocols.motifs.Motif: Res1 name is ARG
protocols.motifs.Motif: atom1 name is OOC
protocols.motifs.Motif: atom2 name is Phos
protocols.motifs.Motif: atom3 name is OOC
core.pack.task: Packer task: initialize from command line() 
core.pack.task: Packer task: initialize from command line() 
core.pack.task: Packer task: initialize from command line() 
protocols.moves.MonteCarlo: MonteCarlo:: last_accepted_score,lowest_score: -854.311 -854.311
protocols.motifs.Motif: Res1 name is TYR
protocols.motifs.Motif: atom1 name is CH3
protocols.motifs.Motif: atom2 name is COO
protocols.motifs.Motif: atom3 name is aroC
protocols.motifs.Motif: Res1 name is THR
protocols.motifs.Motif: atom1 name is OOC
protocols.motifs.Motif: atom2 name is Phos
protocols.motifs.Motif: atom3 name is OOC
protocols.motifs.Motif: Res1 name is SER
protocols.motifs.Motif: atom1 name is OOC
protocols.motifs.Motif: atom2 name is COO
protocols.motifs.Motif: atom3 name is OOC
protocols.motifs.Motif: Res1 name is GLU
protocols.motifs.Motif: atom1 name is Nhis
protocols.motifs.Motif: atom2 name is aroC
protocols.motifs.Motif: atom3 name is OH
core.pack.task: Packer task: initialize from command line() 
core.pack.task: Packer task: initialize from command line() 
core.pack.task: Packer task: initialize from command line() 
protocols.moves.MonteCarlo: MonteCarlo:: last_accepted_score,lowest_score: -854.278 -854.278
protocols.motifs.Motif: Res1 name is TYR
protocols.motifs.Motif: atom1 name is OOC
protocols.motifs.Motif: atom2 name is Phos
protocols.motifs.Motif: atom3 name is OOC
protocols.motifs.Motif: Res1 name is THR
protocols.motifs.Motif: atom1 name is OOC
protocols.motifs.Motif: atom2 name is Phos
protocols.motifs.Motif: atom3 name is OOC
protocols.motifs.Motif: Res1 name is ARG
protocols.motifs.Motif: atom1 name is OOC
protocols.motifs.Motif: atom2 name is Phos
protocols.motifs.Motif: atom3 name is OOC
protocols.motifs.Motif: Res1 name is SER
protocols.motifs.Motif: atom1 name is CH3
protocols.motifs.Motif: atom2 name is COO
protocols.motifs.Motif: atom3 name is aroC
protocols.motifs.Motif: Res1 name is MET
protocols.motifs.Motif: atom1 name is CH3
protocols.motifs.Motif: atom2 name is COO
protocols.motifs.Motif: atom3 name is aroC
protocols.motifs.Motif: Res1 name is GLU
protocols.motifs.Motif: atom1 name is CH3
protocols.motifs.Motif: atom2 name is COO
protocols.motifs.Motif: atom3 name is aroC
core.pack.task: Packer task: initialize from command line() 
core.pack.task: Packer task: initialize from command line() 
core.pack.task: Packer task: initialize from command line() 
protocols.moves.MonteCarlo: MonteCarlo:: last_accepted_score,lowest_score: -852.37 -852.37
protocols.motifs.Motif: Res1 name is GLU
protocols.motifs.Motif: atom1 name is CH3
protocols.motifs.Motif: atom2 name is COO
protocols.motifs.Motif: atom3 name is aroC
protocols.motifs.Motif: Res1 name is TYR
protocols.motifs.Motif: atom1 name is aroC
protocols.motifs.Motif: atom2 name is CH2
protocols.motifs.Motif: atom3 name is CH1
protocols.motifs.Motif: Res1 name is THR
protocols.motifs.Motif: atom1 name is OOC
protocols.motifs.Motif: atom2 name is Phos
protocols.motifs.Motif: atom3 name is OOC
protocols.motifs.Motif: Res1 name is ARG
protocols.motifs.Motif: atom1 name is OOC
protocols.motifs.Motif: atom2 name is Phos
protocols.motifs.Motif: atom3 name is OOC
protocols.motifs.Motif: Res1 name is GLU
protocols.motifs.Motif: atom1 name is OOC
protocols.motifs.Motif: atom2 name is COO
protocols.motifs.Motif: atom3 name is OOC
core.pack.task: Packer task: initialize from command line() 
core.pack.task: Packer task: initialize from command line() 
core.pack.task: Packer task: initialize from command line() 
protocols.moves.MonteCarlo: MonteCarlo:: last_accepted_score,lowest_score: -849.479 -849.507
protocols.motifs.Motif: Res1 name is GLU
protocols.motifs.Motif: atom1 name is OOC
protocols.motifs.Motif: atom2 name is COO
protocols.motifs.Motif: atom3 name is OOC
protocols.motifs.Motif: Res1 name is TYR
protocols.motifs.Motif: atom1 name is OOC
protocols.motifs.Motif: atom2 name is COO
protocols.motifs.Motif: atom3 name is OOC
protocols.motifs.Motif: Res1 name is THR
protocols.motifs.Motif: atom1 name is OOC
protocols.motifs.Motif: atom2 name is Phos
protocols.motifs.Motif: atom3 name is OOC
protocols.motifs.Motif: Res1 name is ARG
protocols.motifs.Motif: atom1 name is OOC
protocols.motifs.Motif: atom2 name is Phos
protocols.motifs.Motif: atom3 name is OOC
core.pack.task: Packer task: initialize from command line() 
core.pack.task: Packer task: initialize from command line() 
core.pack.task: Packer task: initialize from command line() 
protocols.moves.MonteCarlo: MonteCarlo:: last_accepted_score,lowest_score: -850.817 -851.172
protocols.motifs.Motif: Res1 name is TYR
protocols.motifs.Motif: atom1 name is Nhis
protocols.motifs.Motif: atom2 name is aroC
protocols.motifs.Motif: atom3 name is OH
protocols.motifs.Motif: Res1 name is THR
protocols.motifs.Motif: atom1 name is OOC
protocols.motifs.Motif: atom2 name is Phos
protocols.motifs.Motif: atom3 name is OOC
protocols.motifs.Motif: Res1 name is ARG
protocols.motifs.Motif: atom1 name is OOC
protocols.motifs.Motif: atom2 name is Phos
protocols.motifs.Motif: atom3 name is OOC
protocols.motifs.Motif: Res1 name is SER
protocols.motifs.Motif: atom1 name is CH3
protocols.motifs.Motif: atom2 name is COO
protocols.motifs.Motif: atom3 name is aroC
core.pack.task: Packer task: initialize from command line() 
core.pack.task: Packer task: initialize from command line() 
core.pack.task: Packer task: initialize from command line() 
protocols.moves.MonteCarlo: MonteCarlo:: last_accepted_score,lowest_score: -848.188 -848.413
protocols.motifs.Motif: Res1 name is TYR
protocols.motifs.Motif: atom1 name is Nhis
protocols.motifs.Motif: atom2 name is aroC
protocols.motifs.Motif: atom3 name is OH
protocols.motifs.Motif: Res1 name is THR
protocols.motifs.Motif: atom1 name is OOC
protocols.motifs.Motif: atom2 name is Phos
protocols.motifs.Motif: atom3 name is OOC
protocols.motifs.Motif: Res1 name is ARG
protocols.motifs.Motif: atom1 name is OOC
protocols.motifs.Motif: atom2 name is Phos
protocols.motifs.Motif: atom3 name is OOC
core.pack.task: Packer task: initialize from command line() 
core.pack.task: Packer task: initialize from command line() 
core.pack.task: Packer task: initialize from command line() 
protocols.moves.MonteCarlo: MonteCarlo:: last_accepted_score,lowest_score: -853.335 -853.465
protocols.motifs.Motif: Res1 name is TYR
protocols.motifs.Motif: atom1 name is OOC
protocols.motifs.Motif: atom2 name is Phos
protocols.motifs.Motif: atom3 name is OOC
protocols.motifs.Motif: Res1 name is THR
protocols.motifs.Motif: atom1 name is OOC
protocols.motifs.Motif: atom2 name is Phos
protocols.motifs.Motif: atom3 name is OOC
protocols.motifs.Motif: Res1 name is ARG
protocols.motifs.Motif: atom1 name is OOC
protocols.motifs.Motif: atom2 name is Phos
protocols.motifs.Motif: atom3 name is OOC
protocols.motifs.Motif: Res1 name is VAL
protocols.motifs.Motif: atom1 name is CH3
protocols.motifs.Motif: atom2 name is COO
protocols.motifs.Motif: atom3 name is aroC
protocols.motifs.Motif: Res1 name is GLU
protocols.motifs.Motif: atom1 name is Nhis
protocols.motifs.Motif: atom2 name is aroC
protocols.motifs.Motif: atom3 name is OH
core.pack.task: Packer task: initialize from command line() 
core.pack.task: Packer task: initialize from command line() 
core.pack.task: Packer task: initialize from command line() 
protocols.moves.MonteCarlo: MonteCarlo:: last_accepted_score,lowest_score: -848.491 -849.19
protocols.motifs.Motif: Res1 name is TYR
protocols.motifs.Motif: atom1 name is OOC
protocols.motifs.Motif: atom2 name is Phos
protocols.motifs.Motif: atom3 name is OOC
protocols.motifs.Motif: Res1 name is THR
protocols.motifs.Motif: atom1 name is OOC
protocols.motifs.Motif: atom2 name is Phos
protocols.motifs.Motif: atom3 name is OOC
protocols.motifs.Motif: Res1 name is ARG
protocols.motifs.Motif: atom1 name is OOC
protocols.motifs.Motif: atom2 name is Phos
protocols.motifs.Motif: atom3 name is OOC
core.pack.task: Packer task: initialize from command line() 
core.pack.task: Packer task: initialize from command line() 
core.pack.task: Packer task: initialize from command line() 
protocols.moves.MonteCarlo: MonteCarlo:: last_accepted_score,lowest_score: -852.719 -852.719
protocols.motifs.Motif: Res1 name is TYR
protocols.motifs.Motif: atom1 name is OOC
protocols.motifs.Motif: atom2 name is Phos
protocols.motifs.Motif: atom3 name is OOC
protocols.motifs.Motif: Res1 name is SER
protocols.motifs.Motif: atom1 name is CH3
protocols.motifs.Motif: atom2 name is COO
protocols.motifs.Motif: atom3 name is aroC
protocols.motifs.Motif: Res1 name is GLU
protocols.motifs.Motif: atom1 name is OOC
protocols.motifs.Motif: atom2 name is Phos
protocols.motifs.Motif: atom3 name is OOC
core.pack.task: Packer task: initialize from command line() 
core.pack.task: Packer task: initialize from command line() 
core.pack.task: Packer task: initialize from command line() 
protocols.moves.MonteCarlo: MonteCarlo:: last_accepted_score,lowest_score: -848.004 -848.312
protocols.motifs.Motif: Res1 name is TYR
protocols.motifs.Motif: atom1 name is Nhis
protocols.motifs.Motif: atom2 name is aroC
protocols.motifs.Motif: atom3 name is OH
protocols.motifs.Motif: Res1 name is THR
protocols.motifs.Motif: atom1 name is OOC
protocols.motifs.Motif: atom2 name is Phos
protocols.motifs.Motif: atom3 name is OOC
protocols.motifs.Motif: Res1 name is GLU
protocols.motifs.Motif: atom1 name is OOC
protocols.motifs.Motif: atom2 name is Phos
protocols.motifs.Motif: atom3 name is OOC
core.pack.task: Packer task: initialize from command line() 
core.pack.task: Packer task: initialize from command line() 
core.pack.task: Packer task: initialize from command line() 
protocols.moves.MonteCarlo: MonteCarlo:: last_accepted_score,lowest_score: -850.429 -850.82
protocols.motifs.Motif: Res1 name is LYS
protocols.motifs.Motif: atom1 name is CH3
protocols.motifs.Motif: atom2 name is COO
protocols.motifs.Motif: atom3 name is aroC
protocols.motifs.Motif: Res1 name is TYR
protocols.motifs.Motif: atom1 name is CH3
protocols.motifs.Motif: atom2 name is COO
protocols.motifs.Motif: atom3 name is aroC
protocols.motifs.Motif: Res1 name is THR
protocols.motifs.Motif: atom1 name is OOC
protocols.motifs.Motif: atom2 name is Phos
protocols.motifs.Motif: atom3 name is OOC
protocols.motifs.Motif: Res1 name is ARG
protocols.motifs.Motif: atom1 name is Nhis
protocols.motifs.Motif: atom2 name is aroC
protocols.motifs.Motif: atom3 name is OH
protocols.motifs.Motif: Res1 name is GLU
protocols.motifs.Motif: atom1 name is OOC
protocols.motifs.Motif: atom2 name is Phos
protocols.motifs.Motif: atom3 name is OOC
core.pack.task: Packer task: initialize from command line() 
core.pack.task: Packer task: initialize from command line() 
core.pack.task: Packer task: initialize from command line() 
protocols.moves.MonteCarlo: MonteCarlo:: last_accepted_score,lowest_score: -848.985 -849.177
protocols.motifs.Motif: Res1 name is LYS
protocols.motifs.Motif: atom1 name is CH3
protocols.motifs.Motif: atom2 name is COO
protocols.motifs.Motif: atom3 name is aroC
protocols.motifs.Motif: Res1 name is TYR
protocols.motifs.Motif: atom1 name is Nhis
protocols.motifs.Motif: atom2 name is aroC
protocols.motifs.Motif: atom3 name is OH
protocols.motifs.Motif: Res1 name is THR
protocols.motifs.Motif: atom1 name is OOC
protocols.motifs.Motif: atom2 name is Phos
protocols.motifs.Motif: atom3 name is OOC
protocols.motifs.Motif: Res1 name is GLU
protocols.motifs.Motif: atom1 name is OOC
protocols.motifs.Motif: atom2 name is Phos
protocols.motifs.Motif: atom3 name is OOC
core.pack.task: Packer task: initialize from command line() 
core.pack.task: Packer task: initialize from command line() 
core.pack.task: Packer task: initialize from command line() 
protocols.moves.MonteCarlo: MonteCarlo:: last_accepted_score,lowest_score: -850.949 -851.044
protocols.motifs.Motif: Res1 name is TYR
protocols.motifs.Motif: atom1 name is OOC
protocols.motifs.Motif: atom2 name is Phos
protocols.motifs.Motif: atom3 name is OOC
protocols.motifs.Motif: Res1 name is THR
protocols.motifs.Motif: atom1 name is OOC
protocols.motifs.Motif: atom2 name is Phos
protocols.motifs.Motif: atom3 name is OOC
protocols.motifs.Motif: Res1 name is ARG
protocols.motifs.Motif: atom1 name is OOC
protocols.motifs.Motif: atom2 name is Phos
protocols.motifs.Motif: atom3 name is OOC
core.pack.task: Packer task: initialize from command line() 
core.pack.task: Packer task: initialize from command line() 
core.pack.task: Packer task: initialize from command line() 
protocols.moves.MonteCarlo: MonteCarlo:: last_accepted_score,lowest_score: -850.247 -850.247
protocols.motifs.Motif: Res1 name is TYR
protocols.motifs.Motif: atom1 name is OOC
protocols.motifs.Motif: atom2 name is Phos
protocols.motifs.Motif: atom3 name is OOC
protocols.motifs.Motif: Res1 name is THR
protocols.motifs.Motif: atom1 name is OOC
protocols.motifs.Motif: atom2 name is Phos
protocols.motifs.Motif: atom3 name is OOC
protocols.motifs.Motif: Res1 name is ARG
protocols.motifs.Motif: atom1 name is OOC
protocols.motifs.Motif: atom2 name is Phos
protocols.motifs.Motif: atom3 name is OOC
protocols.motifs.Motif: Res1 name is SER
protocols.motifs.Motif: atom1 name is OOC
protocols.motifs.Motif: atom2 name is COO
protocols.motifs.Motif: atom3 name is OOC
core.pack.task: Packer task: initialize from command line() 
core.pack.task: Packer task: initialize from command line() 
core.pack.task: Packer task: initialize from command line() 
protocols.moves.MonteCarlo: MonteCarlo:: last_accepted_score,lowest_score: -861.243 -861.948
protocols.motifs.Motif: Res1 name is GLU
protocols.motifs.Motif: atom1 name is OOC
protocols.motifs.Motif: atom2 name is COO
protocols.motifs.Motif: atom3 name is OOC
protocols.motifs.Motif: Res1 name is TYR
protocols.motifs.Motif: atom1 name is OOC
protocols.motifs.Motif: atom2 name is COO
protocols.motifs.Motif: atom3 name is OOC
protocols.motifs.Motif: Res1 name is THR
protocols.motifs.Motif: atom1 name is OOC
protocols.motifs.Motif: atom2 name is Phos
protocols.motifs.Motif: atom3 name is OOC
protocols.motifs.Motif: Res1 name is ARG
protocols.motifs.Motif: atom1 name is OOC
protocols.motifs.Motif: atom2 name is Phos
protocols.motifs.Motif: atom3 name is OOC
protocols.motifs.Motif: Res1 name is GLU
protocols.motifs.Motif: atom1 name is OOC
protocols.motifs.Motif: atom2 name is Phos
protocols.motifs.Motif: atom3 name is OOC
core.pack.task: Packer task: initialize from command line() 
core.pack.task: Packer task: initialize from command line() 
core.pack.task: Packer task: initialize from command line() 
protocols.moves.MonteCarlo: MonteCarlo:: last_accepted_score,lowest_score: -860.929 -860.929
protocols.motifs.Motif: Res1 name is GLU
protocols.motifs.Motif: atom1 name is aroC
protocols.motifs.Motif: atom2 name is CH2
protocols.motifs.Motif: atom3 name is CH1
protocols.motifs.Motif: Res1 name is TYR
protocols.motifs.Motif: atom1 name is OOC
protocols.motifs.Motif: atom2 name is Phos
protocols.motifs.Motif: atom3 name is OOC
protocols.motifs.Motif: Res1 name is THR
protocols.motifs.Motif: atom1 name is OOC
protocols.motifs.Motif: atom2 name is Phos
protocols.motifs.Motif: atom3 name is OOC
protocols.motifs.Motif: Res1 name is ARG
protocols.motifs.Motif: atom1 name is OOC
protocols.motifs.Motif: atom2 name is Phos
protocols.motifs.Motif: atom3 name is OOC
protocols.motifs.Motif: Res1 name is GLU
protocols.motifs.Motif: atom1 name is OOC
protocols.motifs.Motif: atom2 name is Phos
protocols.motifs.Motif: atom3 name is OOC
core.pack.task: Packer task: initialize from command line() 
core.pack.task: Packer task: initialize from command line() 
core.pack.task: Packer task: initialize from command line() 
protocols.moves.MonteCarlo: MonteCarlo:: last_accepted_score,lowest_score: -852.914 -853.269
protocols.motifs.Motif: Res1 name is TYR
protocols.motifs.Motif: atom1 name is Nhis
protocols.motifs.Motif: atom2 name is aroC
protocols.motifs.Motif: atom3 name is OH
protocols.motifs.Motif: Res1 name is THR
protocols.motifs.Motif: atom1 name is OOC
protocols.motifs.Motif: atom2 name is Phos
protocols.motifs.Motif: atom3 name is OOC
protocols.motifs.Motif: Res1 name is ARG
protocols.motifs.Motif: atom1 name is OOC
protocols.motifs.Motif: atom2 name is Phos
protocols.motifs.Motif: atom3 name is OOC
protocols.motifs.Motif: Res1 name is SER
protocols.motifs.Motif: atom1 name is CH3
protocols.motifs.Motif: atom2 name is COO
protocols.motifs.Motif: atom3 name is aroC
protocols.motifs.Motif: Res1 name is GLU
protocols.motifs.Motif: atom1 name is OOC
protocols.motifs.Motif: atom2 name is COO
protocols.motifs.Motif: atom3 name is OOC
core.pack.task: Packer task: initialize from command line() 
core.pack.task: Packer task: initialize from command line() 
core.pack.task: Packer task: initialize from command line() 
protocols.moves.MonteCarlo: MonteCarlo:: last_accepted_score,lowest_score: -847.222 -849.302
protocols.motifs.Motif: Res1 name is TYR
protocols.motifs.Motif: atom1 name is OOC
protocols.motifs.Motif: atom2 name is Phos
protocols.motifs.Motif: atom3 name is OOC
protocols.motifs.Motif: Res1 name is ARG
protocols.motifs.Motif: atom1 name is OOC
protocols.motifs.Motif: atom2 name is Phos
protocols.motifs.Motif: atom3 name is OOC
core.pack.task: Packer task: initialize from command line() 
core.pack.task: Packer task: initialize from command line() 
core.pack.task: Packer task: initialize from command line() 
protocols.moves.MonteCarlo: MonteCarlo:: last_accepted_score,lowest_score: -864.642 -864.642
protocols.motifs.Motif: Res1 name is TYR
protocols.motifs.Motif: atom1 name is OOC
protocols.motifs.Motif: atom2 name is Phos
protocols.motifs.Motif: atom3 name is OOC
protocols.motifs.Motif: Res1 name is THR
protocols.motifs.Motif: atom1 name is OOC
protocols.motifs.Motif: atom2 name is Phos
protocols.motifs.Motif: atom3 name is OOC
protocols.motifs.Motif: Res1 name is VAL
protocols.motifs.Motif: atom1 name is CH3
protocols.motifs.Motif: atom2 name is COO
protocols.motifs.Motif: atom3 name is aroC
protocols.motifs.Motif: Res1 name is SER
protocols.motifs.Motif: atom1 name is COO
protocols.motifs.Motif: atom2 name is aroC
protocols.motifs.Motif: atom3 name is Oaro
protocols.motifs.Motif: Res1 name is GLU
protocols.motifs.Motif: atom1 name is OOC
protocols.motifs.Motif: atom2 name is Phos
protocols.motifs.Motif: atom3 name is OOC
protocols.motifs.Motif: Res1 name is TYR
protocols.motifs.Motif: atom1 name is OOC
protocols.motifs.Motif: atom2 name is Phos
protocols.motifs.Motif: atom3 name is OOC
core.pack.task: Packer task: initialize from command line() 
core.pack.task: Packer task: initialize from command line() 
core.pack.task: Packer task: initialize from command line() 
protocols.moves.MonteCarlo: MonteCarlo:: last_accepted_score,lowest_score: -848.991 -850.707
protocols.motifs.Motif: Res1 name is THR
protocols.motifs.Motif: atom1 name is OOC
protocols.motifs.Motif: atom2 name is Phos
protocols.motifs.Motif: atom3 name is OOC
protocols.motifs.Motif: Res1 name is ARG
protocols.motifs.Motif: atom1 name is OOC
protocols.motifs.Motif: atom2 name is Phos
protocols.motifs.Motif: atom3 name is OOC
protocols.motifs.Motif: Res1 name is SER
protocols.motifs.Motif: atom1 name is OOC
protocols.motifs.Motif: atom2 name is Phos
protocols.motifs.Motif: atom3 name is OOC
protocols.motifs.Motif: Res1 name is GLU
protocols.motifs.Motif: atom1 name is OOC
protocols.motifs.Motif: atom2 name is COO
protocols.motifs.Motif: atom3 name is OOC
core.pack.task: Packer task: initialize from command line() 
core.pack.task: Packer task: initialize from command line() 
core.pack.task: Packer task: initialize from command line() 
protocols.moves.MonteCarlo: MonteCarlo:: last_accepted_score,lowest_score: -848.945 -848.945
protocols.motifs.Motif: Res1 name is TYR
protocols.motifs.Motif: atom1 name is OOC
protocols.motifs.Motif: atom2 name is COO
protocols.motifs.Motif: atom3 name is OOC
protocols.motifs.Motif: Res1 name is THR
protocols.motifs.Motif: atom1 name is OOC
protocols.motifs.Motif: atom2 name is Phos
protocols.motifs.Motif: atom3 name is OOC
protocols.motifs.Motif: Res1 name is ARG
protocols.motifs.Motif: atom1 name is OOC
protocols.motifs.Motif: atom2 name is Phos
protocols.motifs.Motif: atom3 name is OOC
protocols.motifs.Motif: Res1 name is VAL
protocols.motifs.Motif: atom1 name is CH3
protocols.motifs.Motif: atom2 name is COO
protocols.motifs.Motif: atom3 name is aroC
protocols.motifs.Motif: Res1 name is SER
protocols.motifs.Motif: atom1 name is OH
protocols.motifs.Motif: atom2 name is CH2
protocols.motifs.Motif: atom3 name is Phos
protocols.motifs.Motif: Res1 name is GLU
protocols.motifs.Motif: atom1 name is OOC
protocols.motifs.Motif: atom2 name is COO
protocols.motifs.Motif: atom3 name is OOC
core.pack.task: Packer task: initialize from command line() 
core.pack.task: Packer task: initialize from command line() 
core.pack.task: Packer task: initialize from command line() 
protocols.moves.MonteCarlo: MonteCarlo:: last_accepted_score,lowest_score: -850.839 -850.839
protocols.motifs.Motif: Res1 name is TYR
protocols.motifs.Motif: atom1 name is OOC
protocols.motifs.Motif: atom2 name is Phos
protocols.motifs.Motif: atom3 name is OOC
protocols.motifs.Motif: Res1 name is ARG
protocols.motifs.Motif: atom1 name is OOC
protocols.motifs.Motif: atom2 name is Phos
protocols.motifs.Motif: atom3 name is OOC
protocols.motifs.Motif: Res1 name is GLU
protocols.motifs.Motif: atom1 name is OOC
protocols.motifs.Motif: atom2 name is COO
protocols.motifs.Motif: atom3 name is OOC
core.pack.task: Packer task: initialize from command line() 
core.pack.task: Packer task: initialize from command line() 
core.pack.task: Packer task: initialize from command line() 
protocols.moves.MonteCarlo: MonteCarlo:: last_accepted_score,lowest_score: -851.628 -852.806
protocols.motifs.Motif: Res1 name is TYR
protocols.motifs.Motif: atom1 name is OOC
protocols.motifs.Motif: atom2 name is Phos
protocols.motifs.Motif: atom3 name is OOC
protocols.motifs.Motif: Res1 name is THR
protocols.motifs.Motif: atom1 name is OOC
protocols.motifs.Motif: atom2 name is Phos
protocols.motifs.Motif: atom3 name is OOC
protocols.motifs.Motif: Res1 name is ARG
protocols.motifs.Motif: atom1 name is OOC
protocols.motifs.Motif: atom2 name is Phos
protocols.motifs.Motif: atom3 name is OOC
protocols.motifs.Motif: Res1 name is GLU
protocols.motifs.Motif: atom1 name is OOC
protocols.motifs.Motif: atom2 name is Phos
protocols.motifs.Motif: atom3 name is OOC
core.pack.task: Packer task: initialize from command line() 
core.pack.task: Packer task: initialize from command line() 
core.pack.task: Packer task: initialize from command line() 
protocols.moves.MonteCarlo: MonteCarlo:: last_accepted_score,lowest_score: -850.368 -850.368
protocols.motifs.Motif: Res1 name is TYR
protocols.motifs.Motif: atom1 name is Nhis
protocols.motifs.Motif: atom2 name is aroC
protocols.motifs.Motif: atom3 name is OH
protocols.motifs.Motif: Res1 name is THR
protocols.motifs.Motif: atom1 name is OOC
protocols.motifs.Motif: atom2 name is Phos
protocols.motifs.Motif: atom3 name is OOC
protocols.motifs.Motif: Res1 name is SER
protocols.motifs.Motif: atom1 name is CH3
protocols.motifs.Motif: atom2 name is COO
protocols.motifs.Motif: atom3 name is aroC
protocols.motifs.Motif: Res1 name is GLU
protocols.motifs.Motif: atom1 name is OOC
protocols.motifs.Motif: atom2 name is Phos
protocols.motifs.Motif: atom3 name is OOC
core.pack.task: Packer task: initialize from command line() 
core.pack.task: Packer task: initialize from command line() 
core.pack.task: Packer task: initialize from command line() 
protocols.moves.MonteCarlo: MonteCarlo:: last_accepted_score,lowest_score: -852.439 -852.827
protocols.motifs.Motif: Res1 name is TYR
protocols.motifs.Motif: atom1 name is OOC
protocols.motifs.Motif: atom2 name is Phos
protocols.motifs.Motif: atom3 name is OOC
protocols.motifs.Motif: Res1 name is THR
protocols.motifs.Motif: atom1 name is OOC
protocols.motifs.Motif: atom2 name is Phos
protocols.motifs.Motif: atom3 name is OOC
protocols.motifs.Motif: Res1 name is ARG
protocols.motifs.Motif: atom1 name is OOC
protocols.motifs.Motif: atom2 name is Phos
protocols.motifs.Motif: atom3 name is OOC
protocols.motifs.Motif: Res1 name is SER
protocols.motifs.Motif: atom1 name is OOC
protocols.motifs.Motif: atom2 name is COO
protocols.motifs.Motif: atom3 name is OOC
protocols.motifs.Motif: Res1 name is SER
protocols.motifs.Motif: atom1 name is CH3
protocols.motifs.Motif: atom2 name is COO
protocols.motifs.Motif: atom3 name is aroC
core.pack.task: Packer task: initialize from command line() 
core.pack.task: Packer task: initialize from command line() 
core.pack.task: Packer task: initialize from command line() 
protocols.moves.MonteCarlo: MonteCarlo:: last_accepted_score,lowest_score: -851.807 -853.071
protocols.motifs.Motif: Res1 name is GLU
protocols.motifs.Motif: atom1 name is COO
protocols.motifs.Motif: atom2 name is aroC
protocols.motifs.Motif: atom3 name is Oaro
protocols.motifs.Motif: Res1 name is TYR
protocols.motifs.Motif: atom1 name is Nhis
protocols.motifs.Motif: atom2 name is aroC
protocols.motifs.Motif: atom3 name is OH
protocols.motifs.Motif: Res1 name is THR
protocols.motifs.Motif: atom1 name is OOC
protocols.motifs.Motif: atom2 name is Phos
protocols.motifs.Motif: atom3 name is OOC
protocols.motifs.Motif: Res1 name is GLU
protocols.motifs.Motif: atom1 name is OOC
protocols.motifs.Motif: atom2 name is Phos
protocols.motifs.Motif: atom3 name is OOC
core.pack.task: Packer task: initialize from command line() 
core.pack.task: Packer task: initialize from command line() 
core.pack.task: Packer task: initialize from command line() 
protocols.moves.MonteCarlo: MonteCarlo:: last_accepted_score,lowest_score: -853.297 -853.297
protocols.motifs.Motif: Res1 name is TYR
protocols.motifs.Motif: atom1 name is OOC
protocols.motifs.Motif: atom2 name is Phos
protocols.motifs.Motif: atom3 name is OOC
protocols.motifs.Motif: Res1 name is THR
protocols.motifs.Motif: atom1 name is OOC
protocols.motifs.Motif: atom2 name is Phos
protocols.motifs.Motif: atom3 name is OOC
protocols.motifs.Motif: Res1 name is ARG
protocols.motifs.Motif: atom1 name is OOC
protocols.motifs.Motif: atom2 name is Phos
protocols.motifs.Motif: atom3 name is OOC
protocols.motifs.Motif: Res1 name is GLU
protocols.motifs.Motif: atom1 name is OOC
protocols.motifs.Motif: atom2 name is COO
protocols.motifs.Motif: atom3 name is OOC
core.pack.task: Packer task: initialize from command line() 
core.pack.task: Packer task: initialize from command line() 
core.pack.task: Packer task: initialize from command line() 
protocols.moves.MonteCarlo: MonteCarlo:: last_accepted_score,lowest_score: -851.424 -851.465
protocols.motifs.Motif: Res1 name is TYR
protocols.motifs.Motif: atom1 name is OOC
protocols.motifs.Motif: atom2 name is COO
protocols.motifs.Motif: atom3 name is OOC
protocols.motifs.Motif: Res1 name is THR
protocols.motifs.Motif: atom1 name is OOC
protocols.motifs.Motif: atom2 name is Phos
protocols.motifs.Motif: atom3 name is OOC
protocols.motifs.Motif: Res1 name is SER
protocols.motifs.Motif: atom1 name is OH
protocols.motifs.Motif: atom2 name is CH2
protocols.motifs.Motif: atom3 name is Phos
protocols.motifs.Motif: Res1 name is GLU
protocols.motifs.Motif: atom1 name is OOC
protocols.motifs.Motif: atom2 name is Phos
protocols.motifs.Motif: atom3 name is OOC
core.pack.task: Packer task: initialize from command line() 
core.pack.task: Packer task: initialize from command line() 
core.pack.task: Packer task: initialize from command line() 
protocols.moves.MonteCarlo: MonteCarlo:: last_accepted_score,lowest_score: -821.5 -821.5
protocols.motifs.Motif: Res1 name is TYR
protocols.motifs.Motif: atom1 name is OOC
protocols.motifs.Motif: atom2 name is COO
protocols.motifs.Motif: atom3 name is OOC
protocols.motifs.Motif: Res1 name is THR
protocols.motifs.Motif: atom1 name is OOC
protocols.motifs.Motif: atom2 name is Phos
protocols.motifs.Motif: atom3 name is OOC
protocols.motifs.Motif: Res1 name is SER
protocols.motifs.Motif: atom1 name is OH
protocols.motifs.Motif: atom2 name is CH2
protocols.motifs.Motif: atom3 name is Phos
protocols.motifs.Motif: Res1 name is GLU
protocols.motifs.Motif: atom1 name is OOC
protocols.motifs.Motif: atom2 name is Phos
protocols.motifs.Motif: atom3 name is OOC
protocols.motifs.Motif: Res1 name is LYS
protocols.motifs.Motif: atom1 name is OOC
protocols.motifs.Motif: atom2 name is Phos
protocols.motifs.Motif: atom3 name is OOC
core.pack.task: Packer task: initialize from command line() 
core.pack.task: Packer task: initialize from command line() 
core.pack.task: Packer task: initialize from command line() 
protocols.moves.MonteCarlo: MonteCarlo:: last_accepted_score,lowest_score: -862.417 -862.595
protocols.motifs.Motif: Res1 name is TYR
protocols.motifs.Motif: atom1 name is OOC
protocols.motifs.Motif: atom2 name is COO
protocols.motifs.Motif: atom3 name is OOC
protocols.motifs.Motif: Res1 name is PRO
protocols.motifs.Motif: atom1 name is OOC
protocols.motifs.Motif: atom2 name is COO
protocols.motifs.Motif: atom3 name is OOC
protocols.motifs.Motif: Res1 name is THR
protocols.motifs.Motif: atom1 name is OOC
protocols.motifs.Motif: atom2 name is Phos
protocols.motifs.Motif: atom3 name is OOC
protocols.motifs.Motif: Res1 name is ARG
protocols.motifs.Motif: atom1 name is OOC
protocols.motifs.Motif: atom2 name is Phos
protocols.motifs.Motif: atom3 name is OOC
protocols.motifs.Motif: Res1 name is GLU
protocols.motifs.Motif: atom1 name is COO
protocols.motifs.Motif: atom2 name is CH1
protocols.motifs.Motif: atom3 name is Nlys
protocols.motifs.Motif: Res1 name is TYR
protocols.motifs.Motif: atom1 name is OOC
protocols.motifs.Motif: atom2 name is COO
protocols.motifs.Motif: atom3 name is OOC
core.pack.task: Packer task: initialize from command line() 
core.pack.task: Packer task: initialize from command line() 
core.pack.task: Packer task: initialize from command line() 
protocols.moves.MonteCarlo: MonteCarlo:: last_accepted_score,lowest_score: -851.912 -851.912
protocols.motifs.Motif: Res1 name is TYR
protocols.motifs.Motif: atom1 name is OOC
protocols.motifs.Motif: atom2 name is Phos
protocols.motifs.Motif: atom3 name is OOC
protocols.motifs.Motif: Res1 name is THR
protocols.motifs.Motif: atom1 name is OOC
protocols.motifs.Motif: atom2 name is Phos
protocols.motifs.Motif: atom3 name is OOC
protocols.motifs.Motif: Res1 name is ARG
protocols.motifs.Motif: atom1 name is OOC
protocols.motifs.Motif: atom2 name is Phos
protocols.motifs.Motif: atom3 name is OOC
protocols.motifs.Motif: Res1 name is GLU
protocols.motifs.Motif: atom1 name is OOC
protocols.motifs.Motif: atom2 name is COO
protocols.motifs.Motif: atom3 name is OOC
core.pack.task: Packer task: initialize from command line() 
core.pack.task: Packer task: initialize from command line() 
core.pack.task: Packer task: initialize from command line() 
protocols.moves.MonteCarlo: MonteCarlo:: last_accepted_score,lowest_score: -785.578 -785.578
protocols.motifs.Motif: Res1 name is TYR
protocols.motifs.Motif: atom1 name is OOC
protocols.motifs.Motif: atom2 name is Phos
protocols.motifs.Motif: atom3 name is OOC
protocols.motifs.Motif: Res1 name is THR
protocols.motifs.Motif: atom1 name is OOC
protocols.motifs.Motif: atom2 name is Phos
protocols.motifs.Motif: atom3 name is OOC
protocols.motifs.Motif: Res1 name is ARG
protocols.motifs.Motif: atom1 name is OOC
protocols.motifs.Motif: atom2 name is Phos
protocols.motifs.Motif: atom3 name is OOC
protocols.motifs.Motif: Res1 name is SER
protocols.motifs.Motif: atom1 name is OOC
protocols.motifs.Motif: atom2 name is COO
protocols.motifs.Motif: atom3 name is OOC
core.pack.task: Packer task: initialize from command line() 
core.pack.task: Packer task: initialize from command line() 
core.pack.task: Packer task: initialize from command line() 
protocols.moves.MonteCarlo: MonteCarlo:: last_accepted_score,lowest_score: -850.487 -852.06
protocols.motifs.Motif: Res1 name is TYR
protocols.motifs.Motif: atom1 name is Nhis
protocols.motifs.Motif: atom2 name is aroC
protocols.motifs.Motif: atom3 name is OH
protocols.motifs.Motif: Res1 name is THR
protocols.motifs.Motif: atom1 name is OOC
protocols.motifs.Motif: atom2 name is Phos
protocols.motifs.Motif: atom3 name is OOC
protocols.motifs.Motif: Res1 name is ARG
protocols.motifs.Motif: atom1 name is OOC
protocols.motifs.Motif: atom2 name is Phos
protocols.motifs.Motif: atom3 name is OOC
protocols.motifs.Motif: Res1 name is GLU
protocols.motifs.Motif: atom1 name is OOC
protocols.motifs.Motif: atom2 name is Phos
protocols.motifs.Motif: atom3 name is OOC
core.pack.task: Packer task: initialize from command line() 
core.pack.task: Packer task: initialize from command line() 
core.pack.task: Packer task: initialize from command line() 
protocols.moves.MonteCarlo: MonteCarlo:: last_accepted_score,lowest_score: -852.393 -852.393
protocols.motifs.Motif: Res1 name is GLU
protocols.motifs.Motif: atom1 name is OOC
protocols.motifs.Motif: atom2 name is Phos
protocols.motifs.Motif: atom3 name is OOC
protocols.motifs.Motif: Res1 name is TYR
protocols.motifs.Motif: atom1 name is OOC
protocols.motifs.Motif: atom2 name is Phos
protocols.motifs.Motif: atom3 name is OOC
protocols.motifs.Motif: Res1 name is THR
protocols.motifs.Motif: atom1 name is OOC
protocols.motifs.Motif: atom2 name is COO
protocols.motifs.Motif: atom3 name is OOC
protocols.motifs.Motif: Res1 name is ARG
protocols.motifs.Motif: atom1 name is OOC
protocols.motifs.Motif: atom2 name is COO
protocols.motifs.Motif: atom3 name is OOC
protocols.motifs.Motif: Res1 name is GLU
protocols.motifs.Motif: atom1 name is OOC
protocols.motifs.Motif: atom2 name is COO
protocols.motifs.Motif: atom3 name is OOC
core.pack.task: Packer task: initialize from command line() 
core.pack.task: Packer task: initialize from command line() 
core.pack.task: Packer task: initialize from command line() 
protocols.moves.MonteCarlo: MonteCarlo:: last_accepted_score,lowest_score: -852.576 -852.576
protocols.motifs.Motif: Res1 name is THR
protocols.motifs.Motif: atom1 name is OOC
protocols.motifs.Motif: atom2 name is COO
protocols.motifs.Motif: atom3 name is OOC
protocols.motifs.Motif: Res1 name is ARG
protocols.motifs.Motif: atom1 name is COO
protocols.motifs.Motif: atom2 name is CH1
protocols.motifs.Motif: atom3 name is Nlys
protocols.motifs.Motif: Res1 name is SER
protocols.motifs.Motif: atom1 name is Nhis
protocols.motifs.Motif: atom2 name is aroC
protocols.motifs.Motif: atom3 name is OH
protocols.motifs.Motif: Res1 name is GLU
protocols.motifs.Motif: atom1 name is OOC
protocols.motifs.Motif: atom2 name is COO
protocols.motifs.Motif: atom3 name is OOC
core.pack.task: Packer task: initialize from command line() 
core.pack.task: Packer task: initialize from command line() 
core.pack.task: Packer task: initialize from command line() 
protocols.moves.MonteCarlo: MonteCarlo:: last_accepted_score,lowest_score: -853.28 -853.28
protocols.motifs.Motif: Res1 name is TYR
protocols.motifs.Motif: atom1 name is OOC
protocols.motifs.Motif: atom2 name is COO
protocols.motifs.Motif: atom3 name is OOC
protocols.motifs.Motif: Res1 name is THR
protocols.motifs.Motif: atom1 name is OOC
protocols.motifs.Motif: atom2 name is COO
protocols.motifs.Motif: atom3 name is OOC
protocols.motifs.Motif: Res1 name is ARG
protocols.motifs.Motif: atom1 name is OOC
protocols.motifs.Motif: atom2 name is Phos
protocols.motifs.Motif: atom3 name is OOC
protocols.motifs.Motif: Res1 name is GLU
protocols.motifs.Motif: atom1 name is CH3
protocols.motifs.Motif: atom2 name is COO
protocols.motifs.Motif: atom3 name is aroC
core.pack.task: Packer task: initialize from command line() 
core.pack.task: Packer task: initialize from command line() 
core.pack.task: Packer task: initialize from command line() 
protocols.moves.MonteCarlo: MonteCarlo:: last_accepted_score,lowest_score: -861.499 -862.22
protocols.motifs.Motif: Res1 name is TYR
protocols.motifs.Motif: atom1 name is OOC
protocols.motifs.Motif: atom2 name is COO
protocols.motifs.Motif: atom3 name is OOC
protocols.motifs.Motif: Res1 name is THR
protocols.motifs.Motif: atom1 name is OOC
protocols.motifs.Motif: atom2 name is Phos
protocols.motifs.Motif: atom3 name is OOC
protocols.motifs.Motif: Res1 name is ARG
protocols.motifs.Motif: atom1 name is OOC
protocols.motifs.Motif: atom2 name is Phos
protocols.motifs.Motif: atom3 name is OOC
protocols.motifs.Motif: Res1 name is VAL
protocols.motifs.Motif: atom1 name is CH3
protocols.motifs.Motif: atom2 name is COO
protocols.motifs.Motif: atom3 name is aroC
protocols.motifs.Motif: Res1 name is THR
protocols.motifs.Motif: atom1 name is CH3
protocols.motifs.Motif: atom2 name is COO
protocols.motifs.Motif: atom3 name is aroC
protocols.motifs.Motif: Res1 name is GLU
protocols.motifs.Motif: atom1 name is Nhis
protocols.motifs.Motif: atom2 name is aroC
protocols.motifs.Motif: atom3 name is OH
core.pack.task: Packer task: initialize from command line() 
core.pack.task: Packer task: initialize from command line() 
core.pack.task: Packer task: initialize from command line() 
protocols.moves.MonteCarlo: MonteCarlo:: last_accepted_score,lowest_score: -798.495 -798.495
protocols.motifs.Motif: Res1 name is GLU
protocols.motifs.Motif: atom1 name is OOC
protocols.motifs.Motif: atom2 name is COO
protocols.motifs.Motif: atom3 name is OOC
protocols.motifs.Motif: Res1 name is TYR
protocols.motifs.Motif: atom1 name is OOC
protocols.motifs.Motif: atom2 name is COO
protocols.motifs.Motif: atom3 name is OOC
protocols.motifs.Motif: Res1 name is THR
protocols.motifs.Motif: atom1 name is OOC
protocols.motifs.Motif: atom2 name is Phos
protocols.motifs.Motif: atom3 name is OOC
protocols.motifs.Motif: Res1 name is GLU
protocols.motifs.Motif: atom1 name is OOC
protocols.motifs.Motif: atom2 name is Phos
protocols.motifs.Motif: atom3 name is OOC
core.pack.task: Packer task: initialize from command line() 
core.pack.task: Packer task: initialize from command line() 
core.pack.task: Packer task: initialize from command line() 
protocols.moves.MonteCarlo: MonteCarlo:: last_accepted_score,lowest_score: -796.782 -796.782
protocols.motifs.Motif: Res1 name is TYR
protocols.motifs.Motif: atom1 name is OOC
protocols.motifs.Motif: atom2 name is Phos
protocols.motifs.Motif: atom3 name is OOC
protocols.motifs.Motif: Res1 name is THR
protocols.motifs.Motif: atom1 name is OOC
protocols.motifs.Motif: atom2 name is Phos
protocols.motifs.Motif: atom3 name is OOC
protocols.motifs.Motif: Res1 name is ARG
protocols.motifs.Motif: atom1 name is OOC
protocols.motifs.Motif: atom2 name is Phos
protocols.motifs.Motif: atom3 name is OOC
core.pack.task: Packer task: initialize from command line() 
core.pack.task: Packer task: initialize from command line() 
core.pack.task: Packer task: initialize from command line() 
protocols.moves.MonteCarlo: MonteCarlo:: last_accepted_score,lowest_score: -847.769 -848.968
protocols.motifs.Motif: Res1 name is TYR
protocols.motifs.Motif: atom1 name is COO
protocols.motifs.Motif: atom2 name is aroC
protocols.motifs.Motif: atom3 name is Oaro
protocols.motifs.Motif: Res1 name is THR
protocols.motifs.Motif: atom1 name is OOC
protocols.motifs.Motif: atom2 name is Phos
protocols.motifs.Motif: atom3 name is OOC
protocols.motifs.Motif: Res1 name is ARG
protocols.motifs.Motif: atom1 name is OOC
protocols.motifs.Motif: atom2 name is Phos
protocols.motifs.Motif: atom3 name is OOC
protocols.motifs.Motif: Res1 name is SER
protocols.motifs.Motif: atom1 name is OOC
protocols.motifs.Motif: atom2 name is Phos
protocols.motifs.Motif: atom3 name is OOC
core.pack.task: Packer task: initialize from command line() 
core.pack.task: Packer task: initialize from command line() 
core.pack.task: Packer task: initialize from command line() 
protocols.moves.MonteCarlo: MonteCarlo:: last_accepted_score,lowest_score: -852.359 -852.451
protocols.motifs.Motif: Res1 name is GLU
protocols.motifs.Motif: atom1 name is CH3
protocols.motifs.Motif: atom2 name is COO
protocols.motifs.Motif: atom3 name is aroC
protocols.motifs.Motif: Res1 name is TYR
protocols.motifs.Motif: atom1 name is aroC
protocols.motifs.Motif: atom2 name is aroC
protocols.motifs.Motif: atom3 name is aroC
protocols.motifs.Motif: Res1 name is THR
protocols.motifs.Motif: atom1 name is OOC
protocols.motifs.Motif: atom2 name is Phos
protocols.motifs.Motif: atom3 name is OOC
protocols.motifs.Motif: Res1 name is ARG
protocols.motifs.Motif: atom1 name is OOC
protocols.motifs.Motif: atom2 name is Phos
protocols.motifs.Motif: atom3 name is OOC
protocols.motifs.Motif: Res1 name is GLU
protocols.motifs.Motif: atom1 name is OOC
protocols.motifs.Motif: atom2 name is COO
protocols.motifs.Motif: atom3 name is OOC
core.pack.task: Packer task: initialize from command line() 
core.pack.task: Packer task: initialize from command line() 
core.pack.task: Packer task: initialize from command line() 
protocols.moves.MonteCarlo: MonteCarlo:: last_accepted_score,lowest_score: -849.642 -849.914
protocols.motifs.Motif: Res1 name is THR
protocols.motifs.Motif: atom1 name is OOC
protocols.motifs.Motif: atom2 name is Phos
protocols.motifs.Motif: atom3 name is OOC
protocols.motifs.Motif: Res1 name is VAL
protocols.motifs.Motif: atom1 name is CH3
protocols.motifs.Motif: atom2 name is COO
protocols.motifs.Motif: atom3 name is aroC
protocols.motifs.Motif: Res1 name is GLU
protocols.motifs.Motif: atom1 name is OOC
protocols.motifs.Motif: atom2 name is Phos
protocols.motifs.Motif: atom3 name is OOC
core.pack.task: Packer task: initialize from command line() 
core.pack.task: Packer task: initialize from command line() 
core.pack.task: Packer task: initialize from command line() 
protocols.moves.MonteCarlo: MonteCarlo:: last_accepted_score,lowest_score: -849.766 -850.212
protocols.motifs.Motif: Res1 name is TYR
protocols.motifs.Motif: atom1 name is OOC
protocols.motifs.Motif: atom2 name is Phos
protocols.motifs.Motif: atom3 name is OOC
protocols.motifs.Motif: Res1 name is THR
protocols.motifs.Motif: atom1 name is OOC
protocols.motifs.Motif: atom2 name is Phos
protocols.motifs.Motif: atom3 name is OOC
protocols.motifs.Motif: Res1 name is ARG
protocols.motifs.Motif: atom1 name is OOC
protocols.motifs.Motif: atom2 name is Phos
protocols.motifs.Motif: atom3 name is OOC
core.pack.task: Packer task: initialize from command line() 
core.pack.task: Packer task: initialize from command line() 
core.pack.task: Packer task: initialize from command line() 
protocols.moves.MonteCarlo: MonteCarlo:: last_accepted_score,lowest_score: -847.456 -848.537
protocols.motifs.Motif: Res1 name is TYR
protocols.motifs.Motif: atom1 name is OOC
protocols.motifs.Motif: atom2 name is Phos
protocols.motifs.Motif: atom3 name is OOC
protocols.motifs.Motif: Res1 name is ARG
protocols.motifs.Motif: atom1 name is OOC
protocols.motifs.Motif: atom2 name is Phos
protocols.motifs.Motif: atom3 name is OOC
core.pack.task: Packer task: initialize from command line() 
core.pack.task: Packer task: initialize from command line() 
core.pack.task: Packer task: initialize from command line() 
protocols.moves.MonteCarlo: MonteCarlo:: last_accepted_score,lowest_score: -851.48 -851.906
protocols.motifs.Motif: Res1 name is TYR
protocols.motifs.Motif: atom1 name is OOC
protocols.motifs.Motif: atom2 name is Phos
protocols.motifs.Motif: atom3 name is OOC
protocols.motifs.Motif: Res1 name is THR
protocols.motifs.Motif: atom1 name is OOC
protocols.motifs.Motif: atom2 name is Phos
protocols.motifs.Motif: atom3 name is OOC
protocols.motifs.Motif: Res1 name is ARG
protocols.motifs.Motif: atom1 name is OOC
protocols.motifs.Motif: atom2 name is Phos
protocols.motifs.Motif: atom3 name is OOC
protocols.motifs.Motif: Res1 name is GLU
protocols.motifs.Motif: atom1 name is OOC
protocols.motifs.Motif: atom2 name is COO
protocols.motifs.Motif: atom3 name is OOC
core.pack.task: Packer task: initialize from command line() 
core.pack.task: Packer task: initialize from command line() 
core.pack.task: Packer task: initialize from command line() 
protocols.moves.MonteCarlo: MonteCarlo:: last_accepted_score,lowest_score: -854.673 -854.754
protocols.motifs.Motif: Res1 name is TYR
protocols.motifs.Motif: atom1 name is OOC
protocols.motifs.Motif: atom2 name is COO
protocols.motifs.Motif: atom3 name is OOC
protocols.motifs.Motif: Res1 name is THR
protocols.motifs.Motif: atom1 name is OOC
protocols.motifs.Motif: atom2 name is Phos
protocols.motifs.Motif: atom3 name is OOC
protocols.motifs.Motif: Res1 name is ARG
protocols.motifs.Motif: atom1 name is OOC
protocols.motifs.Motif: atom2 name is Phos
protocols.motifs.Motif: atom3 name is OOC
protocols.motifs.Motif: Res1 name is VAL
protocols.motifs.Motif: atom1 name is CH3
protocols.motifs.Motif: atom2 name is COO
protocols.motifs.Motif: atom3 name is aroC
protocols.motifs.Motif: Res1 name is THR
protocols.motifs.Motif: atom1 name is CH3
protocols.motifs.Motif: atom2 name is COO
protocols.motifs.Motif: atom3 name is aroC
protocols.motifs.Motif: Res1 name is GLU
protocols.motifs.Motif: atom1 name is Nhis
protocols.motifs.Motif: atom2 name is aroC
protocols.motifs.Motif: atom3 name is OH
core.pack.task: Packer task: initialize from command line() 
core.pack.task: Packer task: initialize from command line() 
core.pack.task: Packer task: initialize from command line() 
protocols.moves.MonteCarlo: MonteCarlo:: last_accepted_score,lowest_score: -854.578 -854.578
protocols.motifs.Motif: Res1 name is TYR
protocols.motifs.Motif: atom1 name is OOC
protocols.motifs.Motif: atom2 name is Phos
protocols.motifs.Motif: atom3 name is OOC
protocols.motifs.Motif: Res1 name is THR
protocols.motifs.Motif: atom1 name is OOC
protocols.motifs.Motif: atom2 name is Phos
protocols.motifs.Motif: atom3 name is OOC
protocols.motifs.Motif: Res1 name is ARG
protocols.motifs.Motif: atom1 name is OOC
protocols.motifs.Motif: atom2 name is Phos
protocols.motifs.Motif: atom3 name is OOC
protocols.motifs.Motif: Res1 name is SER
protocols.motifs.Motif: atom1 name is OOC
protocols.motifs.Motif: atom2 name is COO
protocols.motifs.Motif: atom3 name is OOC
protocols.motifs.Motif: Res1 name is SER
protocols.motifs.Motif: atom1 name is CH3
protocols.motifs.Motif: atom2 name is COO
protocols.motifs.Motif: atom3 name is aroC
protocols.motifs.Motif: Res1 name is GLU
protocols.motifs.Motif: atom1 name is OOC
protocols.motifs.Motif: atom2 name is COO
protocols.motifs.Motif: atom3 name is OOC
core.pack.task: Packer task: initialize from command line() 
core.pack.task: Packer task: initialize from command line() 
core.pack.task: Packer task: initialize from command line() 
protocols.moves.MonteCarlo: MonteCarlo:: last_accepted_score,lowest_score: -854.815 -854.815
protocols.motifs.Motif: Res1 name is TYR
protocols.motifs.Motif: atom1 name is OOC
protocols.motifs.Motif: atom2 name is Phos
protocols.motifs.Motif: atom3 name is OOC
protocols.motifs.Motif: Res1 name is THR
protocols.motifs.Motif: atom1 name is OOC
protocols.motifs.Motif: atom2 name is Phos
protocols.motifs.Motif: atom3 name is OOC
protocols.motifs.Motif: Res1 name is ARG
protocols.motifs.Motif: atom1 name is OOC
protocols.motifs.Motif: atom2 name is Phos
protocols.motifs.Motif: atom3 name is OOC
protocols.motifs.Motif: Res1 name is VAL
protocols.motifs.Motif: atom1 name is CH3
protocols.motifs.Motif: atom2 name is COO
protocols.motifs.Motif: atom3 name is aroC
protocols.motifs.Motif: Res1 name is THR
protocols.motifs.Motif: atom1 name is CH3
protocols.motifs.Motif: atom2 name is COO
protocols.motifs.Motif: atom3 name is aroC
protocols.motifs.Motif: Res1 name is GLU
protocols.motifs.Motif: atom1 name is Nhis
protocols.motifs.Motif: atom2 name is aroC
protocols.motifs.Motif: atom3 name is OH
core.pack.task: Packer task: initialize from command line() 
core.pack.task: Packer task: initialize from command line() 
core.pack.task: Packer task: initialize from command line() 
protocols.moves.MonteCarlo: MonteCarlo:: last_accepted_score,lowest_score: -850.359 -850.359
protocols.motifs.Motif: Res1 name is TYR
protocols.motifs.Motif: atom1 name is OOC
protocols.motifs.Motif: atom2 name is Phos
protocols.motifs.Motif: atom3 name is OOC
protocols.motifs.Motif: Res1 name is ARG
protocols.motifs.Motif: atom1 name is OOC
protocols.motifs.Motif: atom2 name is Phos
protocols.motifs.Motif: atom3 name is OOC
protocols.motifs.Motif: Res1 name is GLU
protocols.motifs.Motif: atom1 name is OOC
protocols.motifs.Motif: atom2 name is Phos
protocols.motifs.Motif: atom3 name is OOC
core.pack.task: Packer task: initialize from command line() 
core.pack.task: Packer task: initialize from command line() 
core.pack.task: Packer task: initialize from command line() 
protocols.moves.MonteCarlo: MonteCarlo:: last_accepted_score,lowest_score: -856.723 -856.723
protocols.motifs.Motif: Res1 name is TYR
protocols.motifs.Motif: atom1 name is OOC
protocols.motifs.Motif: atom2 name is COO
protocols.motifs.Motif: atom3 name is OOC
protocols.motifs.Motif: Res1 name is THR
protocols.motifs.Motif: atom1 name is OOC
protocols.motifs.Motif: atom2 name is Phos
protocols.motifs.Motif: atom3 name is OOC
protocols.motifs.Motif: Res1 name is ARG
protocols.motifs.Motif: atom1 name is OOC
protocols.motifs.Motif: atom2 name is Phos
protocols.motifs.Motif: atom3 name is OOC
protocols.motifs.Motif: Res1 name is THR
protocols.motifs.Motif: atom1 name is CH3
protocols.motifs.Motif: atom2 name is COO
protocols.motifs.Motif: atom3 name is aroC
protocols.motifs.Motif: Res1 name is GLU
protocols.motifs.Motif: atom1 name is Nhis
protocols.motifs.Motif: atom2 name is aroC
protocols.motifs.Motif: atom3 name is OH
core.pack.task: Packer task: initialize from command line() 
core.pack.task: Packer task: initialize from command line() 
core.pack.task: Packer task: initialize from command line() 
protocols.moves.MonteCarlo: MonteCarlo:: last_accepted_score,lowest_score: -851.997 -851.997
protocols.motifs.Motif: Res1 name is TYR
protocols.motifs.Motif: atom1 name is OOC
protocols.motifs.Motif: atom2 name is Phos
protocols.motifs.Motif: atom3 name is OOC
protocols.motifs.Motif: Res1 name is THR
protocols.motifs.Motif: atom1 name is OOC
protocols.motifs.Motif: atom2 name is Phos
protocols.motifs.Motif: atom3 name is OOC
protocols.motifs.Motif: Res1 name is ARG
protocols.motifs.Motif: atom1 name is OOC
protocols.motifs.Motif: atom2 name is Phos
protocols.motifs.Motif: atom3 name is OOC
core.pack.task: Packer task: initialize from command line() 
core.pack.task: Packer task: initialize from command line() 
core.pack.task: Packer task: initialize from command line() 
protocols.moves.MonteCarlo: MonteCarlo:: last_accepted_score,lowest_score: -851.19 -851.19
protocols.motifs.Motif: Res1 name is GLU
protocols.motifs.Motif: atom1 name is CH3
protocols.motifs.Motif: atom2 name is COO
protocols.motifs.Motif: atom3 name is aroC
protocols.motifs.Motif: Res1 name is TYR
protocols.motifs.Motif: atom1 name is OOC
protocols.motifs.Motif: atom2 name is Phos
protocols.motifs.Motif: atom3 name is OOC
protocols.motifs.Motif: Res1 name is ARG
protocols.motifs.Motif: atom1 name is OOC
protocols.motifs.Motif: atom2 name is Phos
protocols.motifs.Motif: atom3 name is OOC
protocols.motifs.Motif: Res1 name is SER
protocols.motifs.Motif: atom1 name is CH3
protocols.motifs.Motif: atom2 name is COO
protocols.motifs.Motif: atom3 name is aroC
core.pack.task: Packer task: initialize from command line() 
core.pack.task: Packer task: initialize from command line() 
core.pack.task: Packer task: initialize from command line() 
protocols.moves.MonteCarlo: MonteCarlo:: last_accepted_score,lowest_score: -853.361 -853.361
protocols.motifs.Motif: Res1 name is TYR
protocols.motifs.Motif: atom1 name is OOC
protocols.motifs.Motif: atom2 name is Phos
protocols.motifs.Motif: atom3 name is OOC
protocols.motifs.Motif: Res1 name is THR
protocols.motifs.Motif: atom1 name is OOC
protocols.motifs.Motif: atom2 name is Phos
protocols.motifs.Motif: atom3 name is OOC
protocols.motifs.Motif: Res1 name is ARG
protocols.motifs.Motif: atom1 name is OOC
protocols.motifs.Motif: atom2 name is Phos
protocols.motifs.Motif: atom3 name is OOC
protocols.motifs.Motif: Res1 name is GLU
protocols.motifs.Motif: atom1 name is Nhis
protocols.motifs.Motif: atom2 name is aroC
protocols.motifs.Motif: atom3 name is OH
core.pack.task: Packer task: initialize from command line() 
core.pack.task: Packer task: initialize from command line() 
core.pack.task: Packer task: initialize from command line() 
protocols.moves.MonteCarlo: MonteCarlo:: last_accepted_score,lowest_score: -850.484 -850.484
protocols.motifs.Motif: Res1 name is TYR
protocols.motifs.Motif: atom1 name is OOC
protocols.motifs.Motif: atom2 name is Phos
protocols.motifs.Motif: atom3 name is OOC
protocols.motifs.Motif: Res1 name is ARG
protocols.motifs.Motif: atom1 name is OOC
protocols.motifs.Motif: atom2 name is Phos
protocols.motifs.Motif: atom3 name is OOC
protocols.motifs.Motif: Res1 name is GLU
protocols.motifs.Motif: atom1 name is OOC
protocols.motifs.Motif: atom2 name is Phos
protocols.motifs.Motif: atom3 name is OOC
core.pack.task: Packer task: initialize from command line() 
core.pack.task: Packer task: initialize from command line() 
core.pack.task: Packer task: initialize from command line() 
protocols.moves.MonteCarlo: MonteCarlo:: last_accepted_score,lowest_score: -845.84 -845.84
protocols.motifs.Motif: Res1 name is TYR
protocols.motifs.Motif: atom1 name is OOC
protocols.motifs.Motif: atom2 name is COO
protocols.motifs.Motif: atom3 name is OOC
protocols.motifs.Motif: Res1 name is THR
protocols.motifs.Motif: atom1 name is OOC
protocols.motifs.Motif: atom2 name is Phos
protocols.motifs.Motif: atom3 name is OOC
protocols.motifs.Motif: Res1 name is VAL
protocols.motifs.Motif: atom1 name is CH3
protocols.motifs.Motif: atom2 name is COO
protocols.motifs.Motif: atom3 name is aroC
protocols.motifs.Motif: Res1 name is SER
protocols.motifs.Motif: atom1 name is OH
protocols.motifs.Motif: atom2 name is CH2
protocols.motifs.Motif: atom3 name is Phos
protocols.motifs.Motif: Res1 name is GLU
protocols.motifs.Motif: atom1 name is OH
protocols.motifs.Motif: atom2 name is CH2
protocols.motifs.Motif: atom3 name is Phos
protocols.motifs.Motif: Res1 name is LYS
protocols.motifs.Motif: atom1 name is OOC
protocols.motifs.Motif: atom2 name is Phos
protocols.motifs.Motif: atom3 name is OOC
core.pack.task: Packer task: initialize from command line() 
core.pack.task: Packer task: initialize from command line() 
core.pack.task: Packer task: initialize from command line() 
protocols.moves.MonteCarlo: MonteCarlo:: last_accepted_score,lowest_score: -858.926 -858.926
protocols.motifs.Motif: Res1 name is GLU
protocols.motifs.Motif: atom1 name is CH3
protocols.motifs.Motif: atom2 name is COO
protocols.motifs.Motif: atom3 name is aroC
protocols.motifs.Motif: Res1 name is TYR
protocols.motifs.Motif: atom1 name is OOC
protocols.motifs.Motif: atom2 name is COO
protocols.motifs.Motif: atom3 name is OOC
protocols.motifs.Motif: Res1 name is TYR
protocols.motifs.Motif: atom1 name is OOC
protocols.motifs.Motif: atom2 name is Phos
protocols.motifs.Motif: atom3 name is OOC
protocols.motifs.Motif: Res1 name is PRO
protocols.motifs.Motif: atom1 name is OOC
protocols.motifs.Motif: atom2 name is COO
protocols.motifs.Motif: atom3 name is OOC
protocols.motifs.Motif: Res1 name is SER
protocols.motifs.Motif: atom1 name is CH3
protocols.motifs.Motif: atom2 name is COO
protocols.motifs.Motif: atom3 name is aroC
protocols.motifs.Motif: Res1 name is GLU
protocols.motifs.Motif: atom1 name is OOC
protocols.motifs.Motif: atom2 name is Phos
protocols.motifs.Motif: atom3 name is OOC
protocols.motifs.Motif: Res1 name is SER
protocols.motifs.Motif: atom1 name is COO
protocols.motifs.Motif: atom2 name is CH1
protocols.motifs.Motif: atom3 name is Nlys
protocols.motifs.Motif: Res1 name is TYR
protocols.motifs.Motif: atom1 name is OOC
protocols.motifs.Motif: atom2 name is COO
protocols.motifs.Motif: atom3 name is OOC
core.pack.task: Packer task: initialize from command line() 
core.pack.task: Packer task: initialize from command line() 
core.pack.task: Packer task: initialize from command line() 
protocols.moves.MonteCarlo: MonteCarlo:: last_accepted_score,lowest_score: -851.456 -851.456
protocols.motifs.Motif: Res1 name is TYR
protocols.motifs.Motif: atom1 name is OOC
protocols.motifs.Motif: atom2 name is Phos
protocols.motifs.Motif: atom3 name is OOC
protocols.motifs.Motif: Res1 name is THR
protocols.motifs.Motif: atom1 name is OOC
protocols.motifs.Motif: atom2 name is Phos
protocols.motifs.Motif: atom3 name is OOC
protocols.motifs.Motif: Res1 name is GLU
protocols.motifs.Motif: atom1 name is OOC
protocols.motifs.Motif: atom2 name is Phos
protocols.motifs.Motif: atom3 name is OOC
core.pack.task: Packer task: initialize from command line() 
core.pack.task: Packer task: initialize from command line() 
core.pack.task: Packer task: initialize from command line() 
protocols.moves.MonteCarlo: MonteCarlo:: last_accepted_score,lowest_score: -851.959 -851.959
protocols.motifs.Motif: Res1 name is TYR
protocols.motifs.Motif: atom1 name is OOC
protocols.motifs.Motif: atom2 name is Phos
protocols.motifs.Motif: atom3 name is OOC
protocols.motifs.Motif: Res1 name is THR
protocols.motifs.Motif: atom1 name is OOC
protocols.motifs.Motif: atom2 name is Phos
protocols.motifs.Motif: atom3 name is OOC
protocols.motifs.Motif: Res1 name is ARG
protocols.motifs.Motif: atom1 name is OOC
protocols.motifs.Motif: atom2 name is Phos
protocols.motifs.Motif: atom3 name is OOC
protocols.motifs.Motif: Res1 name is VAL
protocols.motifs.Motif: atom1 name is CH3
protocols.motifs.Motif: atom2 name is COO
protocols.motifs.Motif: atom3 name is aroC
protocols.motifs.Motif: Res1 name is GLU
protocols.motifs.Motif: atom1 name is OH
protocols.motifs.Motif: atom2 name is CH2
protocols.motifs.Motif: atom3 name is Phos
core.pack.task: Packer task: initialize from command line() 
core.pack.task: Packer task: initialize from command line() 
core.pack.task: Packer task: initialize from command line() 
protocols.moves.MonteCarlo: MonteCarlo:: last_accepted_score,lowest_score: -849.444 -850.992
protocols.motifs.Motif: Res1 name is TYR
protocols.motifs.Motif: atom1 name is OOC
protocols.motifs.Motif: atom2 name is COO
protocols.motifs.Motif: atom3 name is OOC
protocols.motifs.Motif: Res1 name is THR
protocols.motifs.Motif: atom1 name is OOC
protocols.motifs.Motif: atom2 name is Phos
protocols.motifs.Motif: atom3 name is OOC
protocols.motifs.Motif: Res1 name is SER
protocols.motifs.Motif: atom1 name is OH
protocols.motifs.Motif: atom2 name is CH2
protocols.motifs.Motif: atom3 name is Phos
protocols.motifs.Motif: Res1 name is GLU
protocols.motifs.Motif: atom1 name is OOC
protocols.motifs.Motif: atom2 name is Phos
protocols.motifs.Motif: atom3 name is OOC
core.pack.task: Packer task: initialize from command line() 
core.pack.task: Packer task: initialize from command line() 
core.pack.task: Packer task: initialize from command line() 
protocols.moves.MonteCarlo: MonteCarlo:: last_accepted_score,lowest_score: -853.627 -853.632
protocols.motifs.Motif: Res1 name is TYR
protocols.motifs.Motif: atom1 name is COO
protocols.motifs.Motif: atom2 name is aroC
protocols.motifs.Motif: atom3 name is Oaro
protocols.motifs.Motif: Res1 name is THR
protocols.motifs.Motif: atom1 name is OOC
protocols.motifs.Motif: atom2 name is Phos
protocols.motifs.Motif: atom3 name is OOC
protocols.motifs.Motif: Res1 name is ARG
protocols.motifs.Motif: atom1 name is OOC
protocols.motifs.Motif: atom2 name is Phos
protocols.motifs.Motif: atom3 name is OOC
protocols.motifs.Motif: Res1 name is SER
protocols.motifs.Motif: atom1 name is OOC
protocols.motifs.Motif: atom2 name is COO
protocols.motifs.Motif: atom3 name is OOC
protocols.motifs.Motif: Res1 name is GLU
protocols.motifs.Motif: atom1 name is OH
protocols.motifs.Motif: atom2 name is CH2
protocols.motifs.Motif: atom3 name is Phos
core.pack.task: Packer task: initialize from command line() 
core.pack.task: Packer task: initialize from command line() 
core.pack.task: Packer task: initialize from command line() 
protocols.moves.MonteCarlo: MonteCarlo:: last_accepted_score,lowest_score: -853.883 -853.883
protocols.motifs.Motif: Res1 name is TYR
protocols.motifs.Motif: atom1 name is OOC
protocols.motifs.Motif: atom2 name is Phos
protocols.motifs.Motif: atom3 name is OOC
protocols.motifs.Motif: Res1 name is THR
protocols.motifs.Motif: atom1 name is OOC
protocols.motifs.Motif: atom2 name is Phos
protocols.motifs.Motif: atom3 name is OOC
protocols.motifs.Motif: Res1 name is ARG
protocols.motifs.Motif: atom1 name is OOC
protocols.motifs.Motif: atom2 name is COO
protocols.motifs.Motif: atom3 name is OOC
core.pack.task: Packer task: initialize from command line() 
core.pack.task: Packer task: initialize from command line() 
core.pack.task: Packer task: initialize from command line() 
protocols.moves.MonteCarlo: MonteCarlo:: last_accepted_score,lowest_score: -859.473 -859.607
protocols.motifs.Motif: Res1 name is TYR
protocols.motifs.Motif: atom1 name is OOC
protocols.motifs.Motif: atom2 name is COO
protocols.motifs.Motif: atom3 name is OOC
protocols.motifs.Motif: Res1 name is TYR
protocols.motifs.Motif: atom1 name is OOC
protocols.motifs.Motif: atom2 name is COO
protocols.motifs.Motif: atom3 name is OOC
protocols.motifs.Motif: Res1 name is PRO
protocols.motifs.Motif: atom1 name is OOC
protocols.motifs.Motif: atom2 name is COO
protocols.motifs.Motif: atom3 name is OOC
protocols.motifs.Motif: Res1 name is THR
protocols.motifs.Motif: atom1 name is OOC
protocols.motifs.Motif: atom2 name is Phos
protocols.motifs.Motif: atom3 name is OOC
protocols.motifs.Motif: Res1 name is SER
protocols.motifs.Motif: atom1 name is CH3
protocols.motifs.Motif: atom2 name is COO
protocols.motifs.Motif: atom3 name is aroC
protocols.motifs.Motif: Res1 name is GLU
protocols.motifs.Motif: atom1 name is COO
protocols.motifs.Motif: atom2 name is CH1
protocols.motifs.Motif: atom3 name is Nlys
protocols.motifs.Motif: Res1 name is SER
protocols.motifs.Motif: atom1 name is COO
protocols.motifs.Motif: atom2 name is CH1
protocols.motifs.Motif: atom3 name is Nlys
protocols.motifs.Motif: Res1 name is TYR
protocols.motifs.Motif: atom1 name is OOC
protocols.motifs.Motif: atom2 name is COO
protocols.motifs.Motif: atom3 name is OOC
core.pack.task: Packer task: initialize from command line() 
core.pack.task: Packer task: initialize from command line() 
core.pack.task: Packer task: initialize from command line() 
protocols.moves.MonteCarlo: MonteCarlo:: last_accepted_score,lowest_score: -850.131 -850.225
protocols.motifs.Motif: Res1 name is THR
protocols.motifs.Motif: atom1 name is OOC
protocols.motifs.Motif: atom2 name is Phos
protocols.motifs.Motif: atom3 name is OOC
protocols.motifs.Motif: Res1 name is ARG
protocols.motifs.Motif: atom1 name is OOC
protocols.motifs.Motif: atom2 name is Phos
protocols.motifs.Motif: atom3 name is OOC
protocols.motifs.Motif: Res1 name is SER
protocols.motifs.Motif: atom1 name is OOC
protocols.motifs.Motif: atom2 name is COO
protocols.motifs.Motif: atom3 name is OOC
protocols.motifs.Motif: Res1 name is GLU
protocols.motifs.Motif: atom1 name is Nhis
protocols.motifs.Motif: atom2 name is aroC
protocols.motifs.Motif: atom3 name is OH
core.pack.task: Packer task: initialize from command line() 
core.pack.task: Packer task: initialize from command line() 
core.pack.task: Packer task: initialize from command line() 
protocols.moves.MonteCarlo: MonteCarlo:: last_accepted_score,lowest_score: -859.723 -859.723
protocols.motifs.Motif: Res1 name is TYR
protocols.motifs.Motif: atom1 name is OOC
protocols.motifs.Motif: atom2 name is COO
protocols.motifs.Motif: atom3 name is OOC
protocols.motifs.Motif: Res1 name is THR
protocols.motifs.Motif: atom1 name is OOC
protocols.motifs.Motif: atom2 name is Phos
protocols.motifs.Motif: atom3 name is OOC
protocols.motifs.Motif: Res1 name is SER
protocols.motifs.Motif: atom1 name is OH
protocols.motifs.Motif: atom2 name is CH2
protocols.motifs.Motif: atom3 name is Phos
protocols.motifs.Motif: Res1 name is GLU
protocols.motifs.Motif: atom1 name is OOC
protocols.motifs.Motif: atom2 name is Phos
protocols.motifs.Motif: atom3 name is OOC
core.pack.task: Packer task: initialize from command line() 
core.pack.task: Packer task: initialize from command line() 
core.pack.task: Packer task: initialize from command line() 
protocols.moves.MonteCarlo: MonteCarlo:: last_accepted_score,lowest_score: -864.527 -865.408
protocols.motifs.Motif: Res1 name is GLU
protocols.motifs.Motif: atom1 name is CH3
protocols.motifs.Motif: atom2 name is COO
protocols.motifs.Motif: atom3 name is aroC
protocols.motifs.Motif: Res1 name is TYR
protocols.motifs.Motif: atom1 name is OOC
protocols.motifs.Motif: atom2 name is Phos
protocols.motifs.Motif: atom3 name is OOC
protocols.motifs.Motif: Res1 name is THR
protocols.motifs.Motif: atom1 name is OOC
protocols.motifs.Motif: atom2 name is Phos
protocols.motifs.Motif: atom3 name is OOC
protocols.motifs.Motif: Res1 name is ARG
protocols.motifs.Motif: atom1 name is OOC
protocols.motifs.Motif: atom2 name is Phos
protocols.motifs.Motif: atom3 name is OOC
protocols.motifs.Motif: Res1 name is GLU
protocols.motifs.Motif: atom1 name is OOC
protocols.motifs.Motif: atom2 name is Phos
protocols.motifs.Motif: atom3 name is OOC
protocols.motifs.Motif: Res1 name is TYR
protocols.motifs.Motif: atom1 name is OOC
protocols.motifs.Motif: atom2 name is COO
protocols.motifs.Motif: atom3 name is OOC
core.pack.task: Packer task: initialize from command line() 
core.pack.task: Packer task: initialize from command line() 
core.pack.task: Packer task: initialize from command line() 
protocols.moves.MonteCarlo: MonteCarlo:: last_accepted_score,lowest_score: -849.564 -849.696
protocols.motifs.Motif: Res1 name is THR
protocols.motifs.Motif: atom1 name is OOC
protocols.motifs.Motif: atom2 name is Phos
protocols.motifs.Motif: atom3 name is OOC
protocols.motifs.Motif: Res1 name is ARG
protocols.motifs.Motif: atom1 name is OOC
protocols.motifs.Motif: atom2 name is Phos
protocols.motifs.Motif: atom3 name is OOC
protocols.motifs.Motif: Res1 name is VAL
protocols.motifs.Motif: atom1 name is CH3
protocols.motifs.Motif: atom2 name is COO
protocols.motifs.Motif: atom3 name is aroC
protocols.motifs.Motif: Res1 name is GLU
protocols.motifs.Motif: atom1 name is OOC
protocols.motifs.Motif: atom2 name is COO
protocols.motifs.Motif: atom3 name is OOC
core.pack.task: Packer task: initialize from command line() 
core.pack.task: Packer task: initialize from command line() 
core.pack.task: Packer task: initialize from command line() 
protocols.moves.MonteCarlo: MonteCarlo:: last_accepted_score,lowest_score: -851.807 -852.302
protocols.motifs.Motif: Res1 name is TYR
protocols.motifs.Motif: atom1 name is OOC
protocols.motifs.Motif: atom2 name is Phos
protocols.motifs.Motif: atom3 name is OOC
protocols.motifs.Motif: Res1 name is THR
protocols.motifs.Motif: atom1 name is OOC
protocols.motifs.Motif: atom2 name is Phos
protocols.motifs.Motif: atom3 name is OOC
protocols.motifs.Motif: Res1 name is ARG
protocols.motifs.Motif: atom1 name is OOC
protocols.motifs.Motif: atom2 name is Phos
protocols.motifs.Motif: atom3 name is OOC
protocols.motifs.Motif: Res1 name is GLU
protocols.motifs.Motif: atom1 name is OOC
protocols.motifs.Motif: atom2 name is COO
protocols.motifs.Motif: atom3 name is OOC
core.pack.task: Packer task: initialize from command line() 
core.pack.task: Packer task: initialize from command line() 
core.pack.task: Packer task: initialize from command line() 
protocols.moves.MonteCarlo: MonteCarlo:: last_accepted_score,lowest_score: -852.049 -852.202
protocols.motifs.Motif: Res1 name is TYR
protocols.motifs.Motif: atom1 name is Nhis
protocols.motifs.Motif: atom2 name is aroC
protocols.motifs.Motif: atom3 name is OH
protocols.motifs.Motif: Res1 name is THR
protocols.motifs.Motif: atom1 name is OOC
protocols.motifs.Motif: atom2 name is Phos
protocols.motifs.Motif: atom3 name is OOC
protocols.motifs.Motif: Res1 name is ARG
protocols.motifs.Motif: atom1 name is OOC
protocols.motifs.Motif: atom2 name is Phos
protocols.motifs.Motif: atom3 name is OOC
protocols.motifs.Motif: Res1 name is GLU
protocols.motifs.Motif: atom1 name is OOC
protocols.motifs.Motif: atom2 name is Phos
protocols.motifs.Motif: atom3 name is OOC
core.pack.task: Packer task: initialize from command line() 
core.pack.task: Packer task: initialize from command line() 
core.pack.task: Packer task: initialize from command line() 
protocols.moves.MonteCarlo: MonteCarlo:: last_accepted_score,lowest_score: -848.36 -848.36
protocols.motifs.Motif: Res1 name is TYR
protocols.motifs.Motif: atom1 name is OOC
protocols.motifs.Motif: atom2 name is COO
protocols.motifs.Motif: atom3 name is OOC
protocols.motifs.Motif: Res1 name is THR
protocols.motifs.Motif: atom1 name is OOC
protocols.motifs.Motif: atom2 name is Phos
protocols.motifs.Motif: atom3 name is OOC
protocols.motifs.Motif: Res1 name is VAL
protocols.motifs.Motif: atom1 name is CH3
protocols.motifs.Motif: atom2 name is COO
protocols.motifs.Motif: atom3 name is aroC
protocols.motifs.Motif: Res1 name is SER
protocols.motifs.Motif: atom1 name is OH
protocols.motifs.Motif: atom2 name is CH2
protocols.motifs.Motif: atom3 name is Phos
protocols.motifs.Motif: Res1 name is GLU
protocols.motifs.Motif: atom1 name is OOC
protocols.motifs.Motif: atom2 name is Phos
protocols.motifs.Motif: atom3 name is OOC
core.pack.task: Packer task: initialize from command line() 
core.pack.task: Packer task: initialize from command line() 
core.pack.task: Packer task: initialize from command line() 
protocols.moves.MonteCarlo: MonteCarlo:: last_accepted_score,lowest_score: -861.542 -862.26
protocols.motifs.Motif: Res1 name is GLU
protocols.motifs.Motif: atom1 name is aroC
protocols.motifs.Motif: atom2 name is CH2
protocols.motifs.Motif: atom3 name is CH1
protocols.motifs.Motif: Res1 name is TYR
protocols.motifs.Motif: atom1 name is OOC
protocols.motifs.Motif: atom2 name is Phos
protocols.motifs.Motif: atom3 name is OOC
protocols.motifs.Motif: Res1 name is THR
protocols.motifs.Motif: atom1 name is OOC
protocols.motifs.Motif: atom2 name is Phos
protocols.motifs.Motif: atom3 name is OOC
protocols.motifs.Motif: Res1 name is ARG
protocols.motifs.Motif: atom1 name is OOC
protocols.motifs.Motif: atom2 name is Phos
protocols.motifs.Motif: atom3 name is OOC
protocols.motifs.Motif: Res1 name is GLU
protocols.motifs.Motif: atom1 name is OOC
protocols.motifs.Motif: atom2 name is Phos
protocols.motifs.Motif: atom3 name is OOC
core.pack.task: Packer task: initialize from command line() 
core.pack.task: Packer task: initialize from command line() 
core.pack.task: Packer task: initialize from command line() 
protocols.moves.MonteCarlo: MonteCarlo:: last_accepted_score,lowest_score: -859.015 -859.096
protocols.motifs.Motif: Res1 name is TYR
protocols.motifs.Motif: atom1 name is OOC
protocols.motifs.Motif: atom2 name is COO
protocols.motifs.Motif: atom3 name is OOC
protocols.motifs.Motif: Res1 name is THR
protocols.motifs.Motif: atom1 name is OOC
protocols.motifs.Motif: atom2 name is Phos
protocols.motifs.Motif: atom3 name is OOC
protocols.motifs.Motif: Res1 name is GLU
protocols.motifs.Motif: atom1 name is OOC
protocols.motifs.Motif: atom2 name is Phos
protocols.motifs.Motif: atom3 name is OOC
core.pack.task: Packer task: initialize from command line() 
core.pack.task: Packer task: initialize from command line() 
core.pack.task: Packer task: initialize from command line() 
protocols.moves.MonteCarlo: MonteCarlo:: last_accepted_score,lowest_score: -853.087 -853.087
protocols.motifs.Motif: Res1 name is TYR
protocols.motifs.Motif: atom1 name is OOC
protocols.motifs.Motif: atom2 name is COO
protocols.motifs.Motif: atom3 name is OOC
protocols.motifs.Motif: Res1 name is THR
protocols.motifs.Motif: atom1 name is OOC
protocols.motifs.Motif: atom2 name is Phos
protocols.motifs.Motif: atom3 name is OOC
protocols.motifs.Motif: Res1 name is ARG
protocols.motifs.Motif: atom1 name is OOC
protocols.motifs.Motif: atom2 name is Phos
protocols.motifs.Motif: atom3 name is OOC
protocols.motifs.Motif: Res1 name is VAL
protocols.motifs.Motif: atom1 name is CH3
protocols.motifs.Motif: atom2 name is COO
protocols.motifs.Motif: atom3 name is aroC
protocols.motifs.Motif: Res1 name is SER
protocols.motifs.Motif: atom1 name is Nhis
protocols.motifs.Motif: atom2 name is aroC
protocols.motifs.Motif: atom3 name is OH
protocols.motifs.Motif: Res1 name is GLU
protocols.motifs.Motif: atom1 name is COO
protocols.motifs.Motif: atom2 name is CH1
protocols.motifs.Motif: atom3 name is Nlys
core.pack.task: Packer task: initialize from command line() 
core.pack.task: Packer task: initialize from command line() 
core.pack.task: Packer task: initialize from command line() 
protocols.moves.MonteCarlo: MonteCarlo:: last_accepted_score,lowest_score: -852.448 -852.448
protocols.motifs.Motif: Res1 name is TYR
protocols.motifs.Motif: atom1 name is OOC
protocols.motifs.Motif: atom2 name is COO
protocols.motifs.Motif: atom3 name is OOC
protocols.motifs.Motif: Res1 name is THR
protocols.motifs.Motif: atom1 name is OOC
protocols.motifs.Motif: atom2 name is Phos
protocols.motifs.Motif: atom3 name is OOC
protocols.motifs.Motif: Res1 name is ARG
protocols.motifs.Motif: atom1 name is OOC
protocols.motifs.Motif: atom2 name is Phos
protocols.motifs.Motif: atom3 name is OOC
protocols.motifs.Motif: Res1 name is SER
protocols.motifs.Motif: atom1 name is OH
protocols.motifs.Motif: atom2 name is CH2
protocols.motifs.Motif: atom3 name is Phos
protocols.motifs.Motif: Res1 name is MET
protocols.motifs.Motif: atom1 name is CH3
protocols.motifs.Motif: atom2 name is COO
protocols.motifs.Motif: atom3 name is aroC
protocols.motifs.Motif: Res1 name is GLU
protocols.motifs.Motif: atom1 name is COO
protocols.motifs.Motif: atom2 name is CH1
protocols.motifs.Motif: atom3 name is Nlys
core.pack.task: Packer task: initialize from command line() 
core.pack.task: Packer task: initialize from command line() 
core.pack.task: Packer task: initialize from command line() 
protocols.moves.MonteCarlo: MonteCarlo:: last_accepted_score,lowest_score: -860.8 -861.021
protocols.motifs.Motif: Res1 name is GLU
protocols.motifs.Motif: atom1 name is CH3
protocols.motifs.Motif: atom2 name is COO
protocols.motifs.Motif: atom3 name is aroC
protocols.motifs.Motif: Res1 name is TYR
protocols.motifs.Motif: atom1 name is OOC
protocols.motifs.Motif: atom2 name is COO
protocols.motifs.Motif: atom3 name is OOC
protocols.motifs.Motif: Res1 name is TYR
protocols.motifs.Motif: atom1 name is OOC
protocols.motifs.Motif: atom2 name is COO
protocols.motifs.Motif: atom3 name is OOC
protocols.motifs.Motif: Res1 name is PRO
protocols.motifs.Motif: atom1 name is OOC
protocols.motifs.Motif: atom2 name is COO
protocols.motifs.Motif: atom3 name is OOC
protocols.motifs.Motif: Res1 name is THR
protocols.motifs.Motif: atom1 name is OOC
protocols.motifs.Motif: atom2 name is Phos
protocols.motifs.Motif: atom3 name is OOC
protocols.motifs.Motif: Res1 name is SER
protocols.motifs.Motif: atom1 name is CH3
protocols.motifs.Motif: atom2 name is COO
protocols.motifs.Motif: atom3 name is aroC
protocols.motifs.Motif: Res1 name is GLU
protocols.motifs.Motif: atom1 name is COO
protocols.motifs.Motif: atom2 name is CH1
protocols.motifs.Motif: atom3 name is Nlys
protocols.motifs.Motif: Res1 name is SER
protocols.motifs.Motif: atom1 name is COO
protocols.motifs.Motif: atom2 name is CH1
protocols.motifs.Motif: atom3 name is Nlys
protocols.motifs.Motif: Res1 name is TYR
protocols.motifs.Motif: atom1 name is OOC
protocols.motifs.Motif: atom2 name is COO
protocols.motifs.Motif: atom3 name is OOC
core.pack.task: Packer task: initialize from command line() 
core.pack.task: Packer task: initialize from command line() 
core.pack.task: Packer task: initialize from command line() 
protocols.moves.MonteCarlo: MonteCarlo:: last_accepted_score,lowest_score: -854.616 -854.616
protocols.motifs.Motif: Res1 name is TYR
protocols.motifs.Motif: atom1 name is OOC
protocols.motifs.Motif: atom2 name is Phos
protocols.motifs.Motif: atom3 name is OOC
protocols.motifs.Motif: Res1 name is THR
protocols.motifs.Motif: atom1 name is OOC
protocols.motifs.Motif: atom2 name is Phos
protocols.motifs.Motif: atom3 name is OOC
protocols.motifs.Motif: Res1 name is ARG
protocols.motifs.Motif: atom1 name is OOC
protocols.motifs.Motif: atom2 name is Phos
protocols.motifs.Motif: atom3 name is OOC
protocols.motifs.Motif: Res1 name is SER
protocols.motifs.Motif: atom1 name is CH3
protocols.motifs.Motif: atom2 name is COO
protocols.motifs.Motif: atom3 name is aroC
protocols.motifs.Motif: Res1 name is MET
protocols.motifs.Motif: atom1 name is CH3
protocols.motifs.Motif: atom2 name is COO
protocols.motifs.Motif: atom3 name is aroC
protocols.motifs.Motif: Res1 name is GLU
protocols.motifs.Motif: atom1 name is CH3
protocols.motifs.Motif: atom2 name is COO
protocols.motifs.Motif: atom3 name is aroC
core.pack.task: Packer task: initialize from command line() 
core.pack.task: Packer task: initialize from command line() 
core.pack.task: Packer task: initialize from command line() 
protocols.moves.MonteCarlo: MonteCarlo:: last_accepted_score,lowest_score: -848.302 -848.302
protocols.motifs.Motif: Res1 name is TYR
protocols.motifs.Motif: atom1 name is OOC
protocols.motifs.Motif: atom2 name is COO
protocols.motifs.Motif: atom3 name is OOC
protocols.motifs.Motif: Res1 name is THR
protocols.motifs.Motif: atom1 name is OOC
protocols.motifs.Motif: atom2 name is Phos
protocols.motifs.Motif: atom3 name is OOC
protocols.motifs.Motif: Res1 name is ARG
protocols.motifs.Motif: atom1 name is OOC
protocols.motifs.Motif: atom2 name is Phos
protocols.motifs.Motif: atom3 name is OOC
core.pack.task: Packer task: initialize from command line() 
core.pack.task: Packer task: initialize from command line() 
core.pack.task: Packer task: initialize from command line() 
protocols.moves.MonteCarlo: MonteCarlo:: last_accepted_score,lowest_score: -857.409 -857.819
protocols.motifs.Motif: Res1 name is TYR
protocols.motifs.Motif: atom1 name is Nhis
protocols.motifs.Motif: atom2 name is aroC
protocols.motifs.Motif: atom3 name is OH
protocols.motifs.Motif: Res1 name is GLU
protocols.motifs.Motif: atom1 name is OOC
protocols.motifs.Motif: atom2 name is Phos
protocols.motifs.Motif: atom3 name is OOC
core.pack.task: Packer task: initialize from command line() 
core.pack.task: Packer task: initialize from command line() 
core.pack.task: Packer task: initialize from command line() 
protocols.moves.MonteCarlo: MonteCarlo:: last_accepted_score,lowest_score: -858.935 -859.273
protocols.motifs.Motif: Res1 name is GLU
protocols.motifs.Motif: atom1 name is CH3
protocols.motifs.Motif: atom2 name is COO
protocols.motifs.Motif: atom3 name is aroC
protocols.motifs.Motif: Res1 name is TYR
protocols.motifs.Motif: atom1 name is aroC
protocols.motifs.Motif: atom2 name is CH2
protocols.motifs.Motif: atom3 name is CH1
protocols.motifs.Motif: Res1 name is SER
protocols.motifs.Motif: atom1 name is OOC
protocols.motifs.Motif: atom2 name is Phos
protocols.motifs.Motif: atom3 name is OOC
protocols.motifs.Motif: Res1 name is GLU
protocols.motifs.Motif: atom1 name is OOC
protocols.motifs.Motif: atom2 name is COO
protocols.motifs.Motif: atom3 name is OOC
protocols.motifs.Motif: Res1 name is TYR
protocols.motifs.Motif: atom1 name is OOC
protocols.motifs.Motif: atom2 name is COO
protocols.motifs.Motif: atom3 name is OOC
core.pack.task: Packer task: initialize from command line() 
core.pack.task: Packer task: initialize from command line() 
core.pack.task: Packer task: initialize from command line() 
protocols.moves.MonteCarlo: MonteCarlo:: last_accepted_score,lowest_score: -849.144 -850.566
protocols.motifs.Motif: Res1 name is TYR
protocols.motifs.Motif: atom1 name is Nhis
protocols.motifs.Motif: atom2 name is aroC
protocols.motifs.Motif: atom3 name is OH
protocols.motifs.Motif: Res1 name is THR
protocols.motifs.Motif: atom1 name is OOC
protocols.motifs.Motif: atom2 name is Phos
protocols.motifs.Motif: atom3 name is OOC
protocols.motifs.Motif: Res1 name is ARG
protocols.motifs.Motif: atom1 name is OOC
protocols.motifs.Motif: atom2 name is Phos
protocols.motifs.Motif: atom3 name is OOC
protocols.motifs.Motif: Res1 name is GLU
protocols.motifs.Motif: atom1 name is OOC
protocols.motifs.Motif: atom2 name is Phos
protocols.motifs.Motif: atom3 name is OOC
core.pack.task: Packer task: initialize from command line() 
core.pack.task: Packer task: initialize from command line() 
core.pack.task: Packer task: initialize from command line() 
protocols.moves.MonteCarlo: MonteCarlo:: last_accepted_score,lowest_score: -852.83 -852.83
protocols.motifs.Motif: Res1 name is TYR
protocols.motifs.Motif: atom1 name is OOC
protocols.motifs.Motif: atom2 name is Phos
protocols.motifs.Motif: atom3 name is OOC
protocols.motifs.Motif: Res1 name is THR
protocols.motifs.Motif: atom1 name is OOC
protocols.motifs.Motif: atom2 name is Phos
protocols.motifs.Motif: atom3 name is OOC
protocols.motifs.Motif: Res1 name is ARG
protocols.motifs.Motif: atom1 name is OOC
protocols.motifs.Motif: atom2 name is Phos
protocols.motifs.Motif: atom3 name is OOC
protocols.motifs.Motif: Res1 name is GLU
protocols.motifs.Motif: atom1 name is OOC
protocols.motifs.Motif: atom2 name is COO
protocols.motifs.Motif: atom3 name is OOC
core.pack.task: Packer task: initialize from command line() 
core.pack.task: Packer task: initialize from command line() 
core.pack.task: Packer task: initialize from command line() 
protocols.moves.MonteCarlo: MonteCarlo:: last_accepted_score,lowest_score: -851.631 -851.647
protocols.motifs.Motif: Res1 name is TYR
protocols.motifs.Motif: atom1 name is OOC
protocols.motifs.Motif: atom2 name is COO
protocols.motifs.Motif: atom3 name is OOC
protocols.motifs.Motif: Res1 name is THR
protocols.motifs.Motif: atom1 name is OOC
protocols.motifs.Motif: atom2 name is Phos
protocols.motifs.Motif: atom3 name is OOC
protocols.motifs.Motif: Res1 name is ARG
protocols.motifs.Motif: atom1 name is OOC
protocols.motifs.Motif: atom2 name is Phos
protocols.motifs.Motif: atom3 name is OOC
protocols.motifs.Motif: Res1 name is GLU
protocols.motifs.Motif: atom1 name is OOC
protocols.motifs.Motif: atom2 name is COO
protocols.motifs.Motif: atom3 name is OOC
core.pack.task: Packer task: initialize from command line() 
core.pack.task: Packer task: initialize from command line() 
core.pack.task: Packer task: initialize from command line() 
protocols.moves.MonteCarlo: MonteCarlo:: last_accepted_score,lowest_score: -849.502 -849.502
protocols.motifs.Motif: Res1 name is THR
protocols.motifs.Motif: atom1 name is OOC
protocols.motifs.Motif: atom2 name is Phos
protocols.motifs.Motif: atom3 name is OOC
protocols.motifs.Motif: Res1 name is ARG
protocols.motifs.Motif: atom1 name is OOC
protocols.motifs.Motif: atom2 name is Phos
protocols.motifs.Motif: atom3 name is OOC
protocols.motifs.Motif: Res1 name is SER
protocols.motifs.Motif: atom1 name is OOC
protocols.motifs.Motif: atom2 name is COO
protocols.motifs.Motif: atom3 name is OOC
core.pack.task: Packer task: initialize from command line() 
core.pack.task: Packer task: initialize from command line() 
core.pack.task: Packer task: initialize from command line() 
protocols.moves.MonteCarlo: MonteCarlo:: last_accepted_score,lowest_score: -864.669 -864.669
protocols.motifs.Motif: Res1 name is GLU
protocols.motifs.Motif: atom1 name is CH3
protocols.motifs.Motif: atom2 name is COO
protocols.motifs.Motif: atom3 name is aroC
protocols.motifs.Motif: Res1 name is TYR
protocols.motifs.Motif: atom1 name is OOC
protocols.motifs.Motif: atom2 name is Phos
protocols.motifs.Motif: atom3 name is OOC
protocols.motifs.Motif: Res1 name is THR
protocols.motifs.Motif: atom1 name is OOC
protocols.motifs.Motif: atom2 name is Phos
protocols.motifs.Motif: atom3 name is OOC
protocols.motifs.Motif: Res1 name is ARG
protocols.motifs.Motif: atom1 name is OOC
protocols.motifs.Motif: atom2 name is Phos
protocols.motifs.Motif: atom3 name is OOC
protocols.motifs.Motif: Res1 name is GLU
protocols.motifs.Motif: atom1 name is OOC
protocols.motifs.Motif: atom2 name is Phos
protocols.motifs.Motif: atom3 name is OOC
protocols.motifs.Motif: Res1 name is SER
protocols.motifs.Motif: atom1 name is OOC
protocols.motifs.Motif: atom2 name is COO
protocols.motifs.Motif: atom3 name is OOC
protocols.motifs.Motif: Res1 name is TYR
protocols.motifs.Motif: atom1 name is OOC
protocols.motifs.Motif: atom2 name is COO
protocols.motifs.Motif: atom3 name is OOC
core.pack.task: Packer task: initialize from command line() 
core.pack.task: Packer task: initialize from command line() 
core.pack.task: Packer task: initialize from command line() 
protocols.moves.MonteCarlo: MonteCarlo:: last_accepted_score,lowest_score: -861.244 -862.063
protocols.motifs.Motif: Res1 name is TYR
protocols.motifs.Motif: atom1 name is OOC
protocols.motifs.Motif: atom2 name is Phos
protocols.motifs.Motif: atom3 name is OOC
protocols.motifs.Motif: Res1 name is THR
protocols.motifs.Motif: atom1 name is OOC
protocols.motifs.Motif: atom2 name is Phos
protocols.motifs.Motif: atom3 name is OOC
protocols.motifs.Motif: Res1 name is ARG
protocols.motifs.Motif: atom1 name is OOC
protocols.motifs.Motif: atom2 name is Phos
protocols.motifs.Motif: atom3 name is OOC
protocols.motifs.Motif: Res1 name is VAL
protocols.motifs.Motif: atom1 name is CH3
protocols.motifs.Motif: atom2 name is COO
protocols.motifs.Motif: atom3 name is aroC
protocols.motifs.Motif: Res1 name is GLU
protocols.motifs.Motif: atom1 name is Nhis
protocols.motifs.Motif: atom2 name is aroC
protocols.motifs.Motif: atom3 name is OH
core.pack.task: Packer task: initialize from command line() 
core.pack.task: Packer task: initialize from command line() 
core.pack.task: Packer task: initialize from command line() 
protocols.moves.MonteCarlo: MonteCarlo:: last_accepted_score,lowest_score: -862.009 -862.009
protocols.motifs.Motif: Res1 name is TYR
protocols.motifs.Motif: atom1 name is OOC
protocols.motifs.Motif: atom2 name is COO
protocols.motifs.Motif: atom3 name is OOC
protocols.motifs.Motif: Res1 name is THR
protocols.motifs.Motif: atom1 name is OOC
protocols.motifs.Motif: atom2 name is Phos
protocols.motifs.Motif: atom3 name is OOC
protocols.motifs.Motif: Res1 name is SER
protocols.motifs.Motif: atom1 name is OOC
protocols.motifs.Motif: atom2 name is Phos
protocols.motifs.Motif: atom3 name is OOC
protocols.motifs.Motif: Res1 name is GLU
protocols.motifs.Motif: atom1 name is OOC
protocols.motifs.Motif: atom2 name is Phos
protocols.motifs.Motif: atom3 name is OOC
protocols.motifs.Motif: Res1 name is TYR
protocols.motifs.Motif: atom1 name is OOC
protocols.motifs.Motif: atom2 name is COO
protocols.motifs.Motif: atom3 name is OOC
core.pack.task: Packer task: initialize from command line() 
core.pack.task: Packer task: initialize from command line() 
core.pack.task: Packer task: initialize from command line() 
protocols.moves.MonteCarlo: MonteCarlo:: last_accepted_score,lowest_score: -848.92 -848.92
protocols.motifs.Motif: Res1 name is TYR
protocols.motifs.Motif: atom1 name is aroC
protocols.motifs.Motif: atom2 name is aroC
protocols.motifs.Motif: atom3 name is aroC
protocols.motifs.Motif: Res1 name is THR
protocols.motifs.Motif: atom1 name is OOC
protocols.motifs.Motif: atom2 name is Phos
protocols.motifs.Motif: atom3 name is OOC
protocols.motifs.Motif: Res1 name is GLU
protocols.motifs.Motif: atom1 name is OOC
protocols.motifs.Motif: atom2 name is Phos
protocols.motifs.Motif: atom3 name is OOC
core.pack.task: Packer task: initialize from command line() 
core.pack.task: Packer task: initialize from command line() 
core.pack.task: Packer task: initialize from command line() 
protocols.moves.MonteCarlo: MonteCarlo:: last_accepted_score,lowest_score: -849.715 -849.715
protocols.motifs.Motif: Res1 name is GLU
protocols.motifs.Motif: atom1 name is COO
protocols.motifs.Motif: atom2 name is aroC
protocols.motifs.Motif: atom3 name is Oaro
protocols.motifs.Motif: Res1 name is TYR
protocols.motifs.Motif: atom1 name is Nhis
protocols.motifs.Motif: atom2 name is aroC
protocols.motifs.Motif: atom3 name is OH
protocols.motifs.Motif: Res1 name is THR
protocols.motifs.Motif: atom1 name is OOC
protocols.motifs.Motif: atom2 name is Phos
protocols.motifs.Motif: atom3 name is OOC
protocols.motifs.Motif: Res1 name is ARG
protocols.motifs.Motif: atom1 name is OOC
protocols.motifs.Motif: atom2 name is Phos
protocols.motifs.Motif: atom3 name is OOC
core.pack.task: Packer task: initialize from command line() 
core.pack.task: Packer task: initialize from command line() 
core.pack.task: Packer task: initialize from command line() 
protocols.moves.MonteCarlo: MonteCarlo:: last_accepted_score,lowest_score: -853.016 -853.181
protocols.motifs.Motif: Res1 name is TYR
protocols.motifs.Motif: atom1 name is OOC
protocols.motifs.Motif: atom2 name is Phos
protocols.motifs.Motif: atom3 name is OOC
protocols.motifs.Motif: Res1 name is THR
protocols.motifs.Motif: atom1 name is OOC
protocols.motifs.Motif: atom2 name is Phos
protocols.motifs.Motif: atom3 name is OOC
protocols.motifs.Motif: Res1 name is ARG
protocols.motifs.Motif: atom1 name is OOC
protocols.motifs.Motif: atom2 name is Phos
protocols.motifs.Motif: atom3 name is OOC
protocols.motifs.Motif: Res1 name is SER
protocols.motifs.Motif: atom1 name is CH3
protocols.motifs.Motif: atom2 name is COO
protocols.motifs.Motif: atom3 name is aroC
protocols.motifs.Motif: Res1 name is GLU
protocols.motifs.Motif: atom1 name is OOC
protocols.motifs.Motif: atom2 name is Phos
protocols.motifs.Motif: atom3 name is OOC
core.pack.task: Packer task: initialize from command line() 
core.pack.task: Packer task: initialize from command line() 
core.pack.task: Packer task: initialize from command line() 
protocols.moves.MonteCarlo: MonteCarlo:: last_accepted_score,lowest_score: -857.832 -858.375
protocols.motifs.Motif: Res1 name is TYR
protocols.motifs.Motif: atom1 name is OOC
protocols.motifs.Motif: atom2 name is COO
protocols.motifs.Motif: atom3 name is OOC
protocols.motifs.Motif: Res1 name is THR
protocols.motifs.Motif: atom1 name is OOC
protocols.motifs.Motif: atom2 name is Phos
protocols.motifs.Motif: atom3 name is OOC
protocols.motifs.Motif: Res1 name is ARG
protocols.motifs.Motif: atom1 name is OOC
protocols.motifs.Motif: atom2 name is Phos
protocols.motifs.Motif: atom3 name is OOC
protocols.motifs.Motif: Res1 name is GLU
protocols.motifs.Motif: atom1 name is OOC
protocols.motifs.Motif: atom2 name is COO
protocols.motifs.Motif: atom3 name is OOC
core.pack.task: Packer task: initialize from command line() 
core.pack.task: Packer task: initialize from command line() 
core.pack.task: Packer task: initialize from command line() 
protocols.moves.MonteCarlo: MonteCarlo:: last_accepted_score,lowest_score: -848.766 -849.349
protocols.motifs.Motif: Res1 name is TYR
protocols.motifs.Motif: atom1 name is OOC
protocols.motifs.Motif: atom2 name is COO
protocols.motifs.Motif: atom3 name is OOC
protocols.motifs.Motif: Res1 name is THR
protocols.motifs.Motif: atom1 name is OOC
protocols.motifs.Motif: atom2 name is Phos
protocols.motifs.Motif: atom3 name is OOC
protocols.motifs.Motif: Res1 name is SER
protocols.motifs.Motif: atom1 name is OH
protocols.motifs.Motif: atom2 name is CH2
protocols.motifs.Motif: atom3 name is Phos
protocols.motifs.Motif: Res1 name is GLU
protocols.motifs.Motif: atom1 name is OOC
protocols.motifs.Motif: atom2 name is Phos
protocols.motifs.Motif: atom3 name is OOC
protocols.motifs.Motif: Res1 name is LYS
protocols.motifs.Motif: atom1 name is OOC
protocols.motifs.Motif: atom2 name is Phos
protocols.motifs.Motif: atom3 name is OOC
core.pack.task: Packer task: initialize from command line() 
core.pack.task: Packer task: initialize from command line() 
core.pack.task: Packer task: initialize from command line() 
protocols.moves.MonteCarlo: MonteCarlo:: last_accepted_score,lowest_score: -864.904 -865.605
protocols.motifs.Motif: Res1 name is GLU
protocols.motifs.Motif: atom1 name is CH3
protocols.motifs.Motif: atom2 name is COO
protocols.motifs.Motif: atom3 name is aroC
protocols.motifs.Motif: Res1 name is TYR
protocols.motifs.Motif: atom1 name is OOC
protocols.motifs.Motif: atom2 name is COO
protocols.motifs.Motif: atom3 name is OOC
protocols.motifs.Motif: Res1 name is TYR
protocols.motifs.Motif: atom1 name is OOC
protocols.motifs.Motif: atom2 name is Phos
protocols.motifs.Motif: atom3 name is OOC
protocols.motifs.Motif: Res1 name is THR
protocols.motifs.Motif: atom1 name is OOC
protocols.motifs.Motif: atom2 name is Phos
protocols.motifs.Motif: atom3 name is OOC
protocols.motifs.Motif: Res1 name is ARG
protocols.motifs.Motif: atom1 name is OOC
protocols.motifs.Motif: atom2 name is Phos
protocols.motifs.Motif: atom3 name is OOC
protocols.motifs.Motif: Res1 name is GLU
protocols.motifs.Motif: atom1 name is OOC
protocols.motifs.Motif: atom2 name is Phos
protocols.motifs.Motif: atom3 name is OOC
protocols.motifs.Motif: Res1 name is TYR
protocols.motifs.Motif: atom1 name is OOC
protocols.motifs.Motif: atom2 name is COO
protocols.motifs.Motif: atom3 name is OOC
LigandDiscoverySearch.discover: Done iterating all trios, moving to next ligand
LigandDiscoverySearch.discover: Total passing attempts for ligand is 164
LigandDiscoverySearch.discover: Total clashing attempts for ligand is 696
