********  (C) Copyright Rosetta Commons Member Institutions.  ***************
* Use of Rosetta for commercial purposes may require purchase of a license. *
********  See LICENSE.md or email license@uw.edu for more details. **********
core.init: Checking for fconfig files in pwd and ./rosetta/flags 
core.init: Rosetta version: 2024.19.post.dev+283.updatedliganddiscoverysearchcodeagmay2024.10ed978 10ed97813f1920392b632603a23dedae0d4f102d https://github.com/RosettaCommons/rosetta.git 2024-10-15T12:35:46
core.init: Rosetta extras: []
core.init: command: /scratch/abgvg9/rosetta_may_for_checkin/rosetta//source/bin/ligand_discovery_search_protocol.linuxgccrelease @glcm_res_244_0_args
basic.random.init_random_generator: Constant seed mode, seed=1111111 seed_offset=0 real_seed=1111111
basic.random.init_random_generator: RandomGenerator:init: Normal mode, seed=1111111 RG_type=mt19937
core.init: Resolved executable path: /scratch/abgvg9/rosetta_may_for_checkin/rosetta/source/build/src/release/linux/3.10/64/x86/gcc/8.2/default/ligand_discovery_search_protocol.default.linuxgccrelease
core.init: Looking for database based on location of executable: /scratch/abgvg9/rosetta_may_for_checkin/rosetta/database/
LDS_app: Making Pose of input pdb file(s)
protocols.motifs.motif_utils: Got filename
protocols.motifs.motif_utils: Made motiflibrary
core.chemical.GlobalResidueTypeSet: Finished initializing fa_standard residue type set.  Created 985 residue types
core.chemical.GlobalResidueTypeSet: Total time to initialize 0.84 seconds.
protocols.motifs.motif_utils: added motifs from file
LDS_app: Collected motifs library with 1648794 motifs. 
core.chemical.GlobalResidueTypeSet: For ResidueTypeSet fa_standard there is no exclude_pdb_component_list.txt file to list known PDB ids.
core.chemical.GlobalResidueTypeSet:     This will turn off PDB component loading for ResidueTypeSet fa_standard
core.chemical.GlobalResidueTypeSet:     Expected file: /data/user/abgvg9/benchmark/files/all/glcm/test_params/exclude_pdb_component_list.txt
core.chemical.GlobalResidueTypeSet: Finished initializing fa_standard residue type set.  Created 1 residue types
core.chemical.GlobalResidueTypeSet: Total time to initialize 0.35 seconds.
core.import_pose.import_pose: File '/data/user/abgvg9/benchmark/files/all/glcm/glcm.pdb' automatically determined to be of type PDB
core.io.pose_from_sfr.PoseFromSFRBuilder: [ WARNING ] discarding 4 atoms at position 1 in file /data/user/abgvg9/benchmark/files/all/glcm/glcm.pdb. Best match rsd_type:  LYS:NtermProteinFull
core.io.pose_from_sfr.PoseFromSFRBuilder: [ WARNING ] discarding 2 atoms at position 2 in file /data/user/abgvg9/benchmark/files/all/glcm/glcm.pdb. Best match rsd_type:  SER
core.io.pose_from_sfr.PoseFromSFRBuilder: [ WARNING ] discarding 1 atoms at position 3 in file /data/user/abgvg9/benchmark/files/all/glcm/glcm.pdb. Best match rsd_type:  PHE
core.io.pose_from_sfr.PoseFromSFRBuilder: [ WARNING ] discarding 1 atoms at position 4 in file /data/user/abgvg9/benchmark/files/all/glcm/glcm.pdb. Best match rsd_type:  GLY
core.io.pose_from_sfr.PoseFromSFRBuilder: [ WARNING ] discarding 2 atoms at position 5 in file /data/user/abgvg9/benchmark/files/all/glcm/glcm.pdb. Best match rsd_type:  TYR
core.io.pose_from_sfr.PoseFromSFRBuilder: [ WARNING ] discarding 2 atoms at position 6 in file /data/user/abgvg9/benchmark/files/all/glcm/glcm.pdb. Best match rsd_type:  SER
core.io.pose_from_sfr.PoseFromSFRBuilder: [ WARNING ] discarding 2 atoms at position 7 in file /data/user/abgvg9/benchmark/files/all/glcm/glcm.pdb. Best match rsd_type:  SER
core.io.pose_from_sfr.PoseFromSFRBuilder: [ WARNING ] discarding 1 atoms at position 8 in file /data/user/abgvg9/benchmark/files/all/glcm/glcm.pdb. Best match rsd_type:  VAL
core.io.pose_from_sfr.PoseFromSFRBuilder: [ WARNING ] discarding 1 atoms at position 9 in file /data/user/abgvg9/benchmark/files/all/glcm/glcm.pdb. Best match rsd_type:  VAL
core.io.pose_from_sfr.PoseFromSFRBuilder: [ WARNING ] discarding 2 atoms at position 10 in file /data/user/abgvg9/benchmark/files/all/glcm/glcm.pdb. Best match rsd_type:  CYS
core.io.pose_from_sfr.PoseFromSFRBuilder: [ WARNING ] discarding 1 atoms at position 11 in file /data/user/abgvg9/benchmark/files/all/glcm/glcm.pdb. Best match rsd_type:  VAL
core.io.pose_from_sfr.PoseFromSFRBuilder: [ WARNING ] discarding 2 atoms at position 12 in file /data/user/abgvg9/benchmark/files/all/glcm/glcm.pdb. Best match rsd_type:  CYS
core.io.pose_from_sfr.PoseFromSFRBuilder: [ WARNING ] discarding 2 atoms at position 13 in file /data/user/abgvg9/benchmark/files/all/glcm/glcm.pdb. Best match rsd_type:  CYS
core.io.pose_from_sfr.PoseFromSFRBuilder: [ WARNING ] discarding 1 atoms at position 14 in file /data/user/abgvg9/benchmark/files/all/glcm/glcm.pdb. Best match rsd_type:  ASP
core.io.pose_from_sfr.PoseFromSFRBuilder: [ WARNING ] discarding 2 atoms at position 15 in file /data/user/abgvg9/benchmark/files/all/glcm/glcm.pdb. Best match rsd_type:  SER
core.io.pose_from_sfr.PoseFromSFRBuilder: [ WARNING ] discarding 6 atoms at position 16 in file /data/user/abgvg9/benchmark/files/all/glcm/glcm.pdb. Best match rsd_type:  ARG
core.io.pose_from_sfr.PoseFromSFRBuilder: [ WARNING ] discarding 6 atoms at position 17 in file /data/user/abgvg9/benchmark/files/all/glcm/glcm.pdb. Best match rsd_type:  ARG
core.io.pose_from_sfr.PoseFromSFRBuilder: [ WARNING ] discarding 1 atoms at position 18 in file /data/user/abgvg9/benchmark/files/all/glcm/glcm.pdb. Best match rsd_type:  MET
core.io.pose_from_sfr.PoseFromSFRBuilder: [ WARNING ] discarding 3 atoms at position 19 in file /data/user/abgvg9/benchmark/files/all/glcm/glcm.pdb. Best match rsd_type:  GLN
core.io.pose_from_sfr.PoseFromSFRBuilder: [ WARNING ] discarding 4 atoms at position 20 in file /data/user/abgvg9/benchmark/files/all/glcm/glcm.pdb. Best match rsd_type:  LYS
core.io.pose_from_sfr.PoseFromSFRBuilder: [ WARNING ] discarding 1 atoms at position 21 in file /data/user/abgvg9/benchmark/files/all/glcm/glcm.pdb. Best match rsd_type:  VAL
core.io.pose_from_sfr.PoseFromSFRBuilder: [ WARNING ] discarding 4 atoms at position 22 in file /data/user/abgvg9/benchmark/files/all/glcm/glcm.pdb. Best match rsd_type:  LYS
core.io.pose_from_sfr.PoseFromSFRBuilder: [ WARNING ] discarding 1 atoms at position 23 in file /data/user/abgvg9/benchmark/files/all/glcm/glcm.pdb. Best match rsd_type:  GLY
core.io.pose_from_sfr.PoseFromSFRBuilder: [ WARNING ] discarding 1 atoms at position 24 in file /data/user/abgvg9/benchmark/files/all/glcm/glcm.pdb. Best match rsd_type:  PHE
core.io.pose_from_sfr.PoseFromSFRBuilder: [ WARNING ] discarding 1 atoms at position 25 in file /data/user/abgvg9/benchmark/files/all/glcm/glcm.pdb. Best match rsd_type:  GLY
core.io.pose_from_sfr.PoseFromSFRBuilder: [ WARNING ] discarding 1 atoms at position 26 in file /data/user/abgvg9/benchmark/files/all/glcm/glcm.pdb. Best match rsd_type:  GLY
core.io.pose_from_sfr.PoseFromSFRBuilder: [ WARNING ] discarding 1 atoms at position 27 in file /data/user/abgvg9/benchmark/files/all/glcm/glcm.pdb. Best match rsd_type:  ALA
core.io.pose_from_sfr.PoseFromSFRBuilder: [ WARNING ] discarding 1 atoms at position 28 in file /data/user/abgvg9/benchmark/files/all/glcm/glcm.pdb. Best match rsd_type:  MET
core.io.pose_from_sfr.PoseFromSFRBuilder: [ WARNING ] discarding 2 atoms at position 29 in file /data/user/abgvg9/benchmark/files/all/glcm/glcm.pdb. Best match rsd_type:  THR
core.io.pose_from_sfr.PoseFromSFRBuilder: [ WARNING ] discarding 1 atoms at position 30 in file /data/user/abgvg9/benchmark/files/all/glcm/glcm.pdb. Best match rsd_type:  ASP
core.io.pose_from_sfr.PoseFromSFRBuilder: [ WARNING ] discarding 1 atoms at position 31 in file /data/user/abgvg9/benchmark/files/all/glcm/glcm.pdb. Best match rsd_type:  ALA
core.io.pose_from_sfr.PoseFromSFRBuilder: [ WARNING ] discarding 1 atoms at position 32 in file /data/user/abgvg9/benchmark/files/all/glcm/glcm.pdb. Best match rsd_type:  ALA
core.io.pose_from_sfr.PoseFromSFRBuilder: [ WARNING ] discarding 1 atoms at position 33 in file /data/user/abgvg9/benchmark/files/all/glcm/glcm.pdb. Best match rsd_type:  ALA
core.io.pose_from_sfr.PoseFromSFRBuilder: [ WARNING ] discarding 1 atoms at position 34 in file /data/user/abgvg9/benchmark/files/all/glcm/glcm.pdb. Best match rsd_type:  LEU
core.io.pose_from_sfr.PoseFromSFRBuilder: [ WARNING ] discarding 3 atoms at position 35 in file /data/user/abgvg9/benchmark/files/all/glcm/glcm.pdb. Best match rsd_type:  ASN
core.io.pose_from_sfr.PoseFromSFRBuilder: [ WARNING ] discarding 1 atoms at position 36 in file /data/user/abgvg9/benchmark/files/all/glcm/glcm.pdb. Best match rsd_type:  ILE
core.io.pose_from_sfr.PoseFromSFRBuilder: [ WARNING ] discarding 1 atoms at position 37 in file /data/user/abgvg9/benchmark/files/all/glcm/glcm.pdb. Best match rsd_type:  LEU
core.io.pose_from_sfr.PoseFromSFRBuilder: [ WARNING ] discarding 1 atoms at position 38 in file /data/user/abgvg9/benchmark/files/all/glcm/glcm.pdb. Best match rsd_type:  ALA
core.io.pose_from_sfr.PoseFromSFRBuilder: [ WARNING ] discarding 1 atoms at position 39 in file /data/user/abgvg9/benchmark/files/all/glcm/glcm.pdb. Best match rsd_type:  LEU
core.io.pose_from_sfr.PoseFromSFRBuilder: [ WARNING ] discarding 2 atoms at position 40 in file /data/user/abgvg9/benchmark/files/all/glcm/glcm.pdb. Best match rsd_type:  SER
core.io.pose_from_sfr.PoseFromSFRBuilder: [ WARNING ] discarding 1 atoms at position 41 in file /data/user/abgvg9/benchmark/files/all/glcm/glcm.pdb. Best match rsd_type:  ALA
core.io.pose_from_sfr.PoseFromSFRBuilder: [ WARNING ] discarding 3 atoms at position 42 in file /data/user/abgvg9/benchmark/files/all/glcm/glcm.pdb. Best match rsd_type:  GLN
core.io.pose_from_sfr.PoseFromSFRBuilder: [ WARNING ] discarding 3 atoms at position 43 in file /data/user/abgvg9/benchmark/files/all/glcm/glcm.pdb. Best match rsd_type:  ASN
core.io.pose_from_sfr.PoseFromSFRBuilder: [ WARNING ] discarding 1 atoms at position 44 in file /data/user/abgvg9/benchmark/files/all/glcm/glcm.pdb. Best match rsd_type:  LEU
core.io.pose_from_sfr.PoseFromSFRBuilder: [ WARNING ] discarding 1 atoms at position 45 in file /data/user/abgvg9/benchmark/files/all/glcm/glcm.pdb. Best match rsd_type:  LEU
core.io.pose_from_sfr.PoseFromSFRBuilder: [ WARNING ] discarding 1 atoms at position 46 in file /data/user/abgvg9/benchmark/files/all/glcm/glcm.pdb. Best match rsd_type:  LEU
core.io.pose_from_sfr.PoseFromSFRBuilder: [ WARNING ] discarding 4 atoms at position 47 in file /data/user/abgvg9/benchmark/files/all/glcm/glcm.pdb. Best match rsd_type:  LYS
core.io.pose_from_sfr.PoseFromSFRBuilder: [ WARNING ] discarding 2 atoms at position 48 in file /data/user/abgvg9/benchmark/files/all/glcm/glcm.pdb. Best match rsd_type:  SER
core.io.pose_from_sfr.PoseFromSFRBuilder: [ WARNING ] discarding 2 atoms at position 49 in file /data/user/abgvg9/benchmark/files/all/glcm/glcm.pdb. Best match rsd_type:  TYR
core.io.pose_from_sfr.PoseFromSFRBuilder: [ WARNING ] discarding 1 atoms at position 50 in file /data/user/abgvg9/benchmark/files/all/glcm/glcm.pdb. Best match rsd_type:  PHE
core.io.pose_from_sfr.PoseFromSFRBuilder: [ WARNING ] discarding 2 atoms at position 51 in file /data/user/abgvg9/benchmark/files/all/glcm/glcm.pdb. Best match rsd_type:  SER
core.io.pose_from_sfr.PoseFromSFRBuilder: [ WARNING ] discarding 1 atoms at position 52 in file /data/user/abgvg9/benchmark/files/all/glcm/glcm.pdb. Best match rsd_type:  GLY
core.io.pose_from_sfr.PoseFromSFRBuilder: [ WARNING ] discarding 1 atoms at position 53 in file /data/user/abgvg9/benchmark/files/all/glcm/glcm.pdb. Best match rsd_type:  ILE
core.io.pose_from_sfr.PoseFromSFRBuilder: [ WARNING ] discarding 1 atoms at position 54 in file /data/user/abgvg9/benchmark/files/all/glcm/glcm.pdb. Best match rsd_type:  GLY
core.io.pose_from_sfr.PoseFromSFRBuilder: [ WARNING ] discarding 2 atoms at position 55 in file /data/user/abgvg9/benchmark/files/all/glcm/glcm.pdb. Best match rsd_type:  TYR
core.io.pose_from_sfr.PoseFromSFRBuilder: [ WARNING ] discarding 3 atoms at position 56 in file /data/user/abgvg9/benchmark/files/all/glcm/glcm.pdb. Best match rsd_type:  ASN
core.io.pose_from_sfr.PoseFromSFRBuilder: [ WARNING ] discarding 1 atoms at position 57 in file /data/user/abgvg9/benchmark/files/all/glcm/glcm.pdb. Best match rsd_type:  ILE
core.io.pose_from_sfr.PoseFromSFRBuilder: [ WARNING ] discarding 1 atoms at position 58 in file /data/user/abgvg9/benchmark/files/all/glcm/glcm.pdb. Best match rsd_type:  ILE
core.io.pose_from_sfr.PoseFromSFRBuilder: [ WARNING ] discarding 6 atoms at position 59 in file /data/user/abgvg9/benchmark/files/all/glcm/glcm.pdb. Best match rsd_type:  ARG
core.io.pose_from_sfr.PoseFromSFRBuilder: [ WARNING ] discarding 1 atoms at position 60 in file /data/user/abgvg9/benchmark/files/all/glcm/glcm.pdb. Best match rsd_type:  VAL
core.io.pose_from_sfr.PoseFromSFRBuilder: [ WARNING ] discarding 1 atoms at position 62 in file /data/user/abgvg9/benchmark/files/all/glcm/glcm.pdb. Best match rsd_type:  MET
core.io.pose_from_sfr.PoseFromSFRBuilder: [ WARNING ] discarding 1 atoms at position 63 in file /data/user/abgvg9/benchmark/files/all/glcm/glcm.pdb. Best match rsd_type:  ALA
core.io.pose_from_sfr.PoseFromSFRBuilder: [ WARNING ] discarding 2 atoms at position 64 in file /data/user/abgvg9/benchmark/files/all/glcm/glcm.pdb. Best match rsd_type:  SER
core.io.pose_from_sfr.PoseFromSFRBuilder: [ WARNING ] discarding 2 atoms at position 65 in file /data/user/abgvg9/benchmark/files/all/glcm/glcm.pdb. Best match rsd_type:  CYS
core.io.pose_from_sfr.PoseFromSFRBuilder: [ WARNING ] discarding 1 atoms at position 66 in file /data/user/abgvg9/benchmark/files/all/glcm/glcm.pdb. Best match rsd_type:  ASP
core.io.pose_from_sfr.PoseFromSFRBuilder: [ WARNING ] discarding 1 atoms at position 67 in file /data/user/abgvg9/benchmark/files/all/glcm/glcm.pdb. Best match rsd_type:  PHE
core.io.pose_from_sfr.PoseFromSFRBuilder: [ WARNING ] discarding 2 atoms at position 68 in file /data/user/abgvg9/benchmark/files/all/glcm/glcm.pdb. Best match rsd_type:  SER
core.io.pose_from_sfr.PoseFromSFRBuilder: [ WARNING ] discarding 1 atoms at position 69 in file /data/user/abgvg9/benchmark/files/all/glcm/glcm.pdb. Best match rsd_type:  ILE
core.io.pose_from_sfr.PoseFromSFRBuilder: [ WARNING ] discarding 6 atoms at position 70 in file /data/user/abgvg9/benchmark/files/all/glcm/glcm.pdb. Best match rsd_type:  ARG
core.io.pose_from_sfr.PoseFromSFRBuilder: [ WARNING ] discarding 2 atoms at position 71 in file /data/user/abgvg9/benchmark/files/all/glcm/glcm.pdb. Best match rsd_type:  THR
core.io.pose_from_sfr.PoseFromSFRBuilder: [ WARNING ] discarding 2 atoms at position 72 in file /data/user/abgvg9/benchmark/files/all/glcm/glcm.pdb. Best match rsd_type:  TYR
core.io.pose_from_sfr.PoseFromSFRBuilder: [ WARNING ] discarding 2 atoms at position 73 in file /data/user/abgvg9/benchmark/files/all/glcm/glcm.pdb. Best match rsd_type:  THR
core.io.pose_from_sfr.PoseFromSFRBuilder: [ WARNING ] discarding 2 atoms at position 74 in file /data/user/abgvg9/benchmark/files/all/glcm/glcm.pdb. Best match rsd_type:  TYR
core.io.pose_from_sfr.PoseFromSFRBuilder: [ WARNING ] discarding 1 atoms at position 75 in file /data/user/abgvg9/benchmark/files/all/glcm/glcm.pdb. Best match rsd_type:  ALA
core.io.pose_from_sfr.PoseFromSFRBuilder: [ WARNING ] discarding 1 atoms at position 76 in file /data/user/abgvg9/benchmark/files/all/glcm/glcm.pdb. Best match rsd_type:  ASP
core.io.pose_from_sfr.PoseFromSFRBuilder: [ WARNING ] discarding 2 atoms at position 77 in file /data/user/abgvg9/benchmark/files/all/glcm/glcm.pdb. Best match rsd_type:  THR
core.io.pose_from_sfr.PoseFromSFRBuilder: [ WARNING ] discarding 1 atoms at position 79 in file /data/user/abgvg9/benchmark/files/all/glcm/glcm.pdb. Best match rsd_type:  ASP
core.io.pose_from_sfr.PoseFromSFRBuilder: [ WARNING ] discarding 1 atoms at position 80 in file /data/user/abgvg9/benchmark/files/all/glcm/glcm.pdb. Best match rsd_type:  ASP
core.io.pose_from_sfr.PoseFromSFRBuilder: [ WARNING ] discarding 1 atoms at position 81 in file /data/user/abgvg9/benchmark/files/all/glcm/glcm.pdb. Best match rsd_type:  PHE
core.io.pose_from_sfr.PoseFromSFRBuilder: [ WARNING ] discarding 1 atoms at position 82 in file /data/user/abgvg9/benchmark/files/all/glcm/glcm.pdb. Best match rsd_type:  LEU
core.io.pose_from_sfr.PoseFromSFRBuilder: [ WARNING ] discarding 3 atoms at position 83 in file /data/user/abgvg9/benchmark/files/all/glcm/glcm.pdb. Best match rsd_type:  ASN
core.io.pose_from_sfr.PoseFromSFRBuilder: [ WARNING ] discarding 1 atoms at position 84 in file /data/user/abgvg9/benchmark/files/all/glcm/glcm.pdb. Best match rsd_type:  PHE
core.io.pose_from_sfr.PoseFromSFRBuilder: [ WARNING ] discarding 2 atoms at position 85 in file /data/user/abgvg9/benchmark/files/all/glcm/glcm.pdb. Best match rsd_type:  SER
core.io.pose_from_sfr.PoseFromSFRBuilder: [ WARNING ] discarding 1 atoms at position 86 in file /data/user/abgvg9/benchmark/files/all/glcm/glcm.pdb. Best match rsd_type:  LEU
core.io.pose_from_sfr.PoseFromSFRBuilder: [ WARNING ] discarding 1 atoms at position 88 in file /data/user/abgvg9/benchmark/files/all/glcm/glcm.pdb. Best match rsd_type:  GLU
core.io.pose_from_sfr.PoseFromSFRBuilder: [ WARNING ] discarding 1 atoms at position 89 in file /data/user/abgvg9/benchmark/files/all/glcm/glcm.pdb. Best match rsd_type:  GLU
core.io.pose_from_sfr.PoseFromSFRBuilder: [ WARNING ] discarding 1 atoms at position 90 in file /data/user/abgvg9/benchmark/files/all/glcm/glcm.pdb. Best match rsd_type:  ASP
core.io.pose_from_sfr.PoseFromSFRBuilder: [ WARNING ] discarding 2 atoms at position 91 in file /data/user/abgvg9/benchmark/files/all/glcm/glcm.pdb. Best match rsd_type:  THR
core.io.pose_from_sfr.PoseFromSFRBuilder: [ WARNING ] discarding 4 atoms at position 92 in file /data/user/abgvg9/benchmark/files/all/glcm/glcm.pdb. Best match rsd_type:  LYS
core.io.pose_from_sfr.PoseFromSFRBuilder: [ WARNING ] discarding 1 atoms at position 93 in file /data/user/abgvg9/benchmark/files/all/glcm/glcm.pdb. Best match rsd_type:  LEU
core.io.pose_from_sfr.PoseFromSFRBuilder: [ WARNING ] discarding 4 atoms at position 94 in file /data/user/abgvg9/benchmark/files/all/glcm/glcm.pdb. Best match rsd_type:  LYS
core.io.pose_from_sfr.PoseFromSFRBuilder: [ WARNING ] discarding 1 atoms at position 95 in file /data/user/abgvg9/benchmark/files/all/glcm/glcm.pdb. Best match rsd_type:  ILE
core.io.pose_from_sfr.PoseFromSFRBuilder: [ WARNING ] discarding 1 atoms at position 97 in file /data/user/abgvg9/benchmark/files/all/glcm/glcm.pdb. Best match rsd_type:  LEU
core.io.pose_from_sfr.PoseFromSFRBuilder: [ WARNING ] discarding 1 atoms at position 98 in file /data/user/abgvg9/benchmark/files/all/glcm/glcm.pdb. Best match rsd_type:  ILE
core.io.pose_from_sfr.PoseFromSFRBuilder: [ WARNING ] discarding 2 atoms at position 99 in file /data/user/abgvg9/benchmark/files/all/glcm/glcm.pdb. Best match rsd_type:  HIS
core.io.pose_from_sfr.PoseFromSFRBuilder: [ WARNING ] discarding 6 atoms at position 100 in file /data/user/abgvg9/benchmark/files/all/glcm/glcm.pdb. Best match rsd_type:  ARG
core.io.pose_from_sfr.PoseFromSFRBuilder: [ WARNING ] discarding 1 atoms at position 101 in file /data/user/abgvg9/benchmark/files/all/glcm/glcm.pdb. Best match rsd_type:  ALA
core.io.pose_from_sfr.PoseFromSFRBuilder: [ WARNING ] discarding 1 atoms at position 102 in file /data/user/abgvg9/benchmark/files/all/glcm/glcm.pdb. Best match rsd_type:  LEU
core.io.pose_from_sfr.PoseFromSFRBuilder: [ WARNING ] discarding 1 atoms at position 103 in file /data/user/abgvg9/benchmark/files/all/glcm/glcm.pdb. Best match rsd_type:  LEU
core.io.pose_from_sfr.PoseFromSFRBuilder: [ WARNING ] discarding 1 atoms at position 104 in file /data/user/abgvg9/benchmark/files/all/glcm/glcm.pdb. Best match rsd_type:  ALA
core.io.pose_from_sfr.PoseFromSFRBuilder: [ WARNING ] discarding 6 atoms at position 105 in file /data/user/abgvg9/benchmark/files/all/glcm/glcm.pdb. Best match rsd_type:  ARG
core.io.pose_from_sfr.PoseFromSFRBuilder: [ WARNING ] discarding 1 atoms at position 107 in file /data/user/abgvg9/benchmark/files/all/glcm/glcm.pdb. Best match rsd_type:  VAL
core.io.pose_from_sfr.PoseFromSFRBuilder: [ WARNING ] discarding 2 atoms at position 108 in file /data/user/abgvg9/benchmark/files/all/glcm/glcm.pdb. Best match rsd_type:  SER
core.io.pose_from_sfr.PoseFromSFRBuilder: [ WARNING ] discarding 1 atoms at position 109 in file /data/user/abgvg9/benchmark/files/all/glcm/glcm.pdb. Best match rsd_type:  LEU
core.io.pose_from_sfr.PoseFromSFRBuilder: [ WARNING ] discarding 1 atoms at position 110 in file /data/user/abgvg9/benchmark/files/all/glcm/glcm.pdb. Best match rsd_type:  LEU
core.io.pose_from_sfr.PoseFromSFRBuilder: [ WARNING ] discarding 1 atoms at position 111 in file /data/user/abgvg9/benchmark/files/all/glcm/glcm.pdb. Best match rsd_type:  ALA
core.io.pose_from_sfr.PoseFromSFRBuilder: [ WARNING ] discarding 2 atoms at position 112 in file /data/user/abgvg9/benchmark/files/all/glcm/glcm.pdb. Best match rsd_type:  SER
core.io.pose_from_sfr.PoseFromSFRBuilder: [ WARNING ] discarding 2 atoms at position 114 in file /data/user/abgvg9/benchmark/files/all/glcm/glcm.pdb. Best match rsd_type:  TRP
core.io.pose_from_sfr.PoseFromSFRBuilder: [ WARNING ] discarding 2 atoms at position 115 in file /data/user/abgvg9/benchmark/files/all/glcm/glcm.pdb. Best match rsd_type:  THR
core.io.pose_from_sfr.PoseFromSFRBuilder: [ WARNING ] discarding 2 atoms at position 116 in file /data/user/abgvg9/benchmark/files/all/glcm/glcm.pdb. Best match rsd_type:  SER
core.io.pose_from_sfr.PoseFromSFRBuilder: [ WARNING ] discarding 2 atoms at position 118 in file /data/user/abgvg9/benchmark/files/all/glcm/glcm.pdb. Best match rsd_type:  THR
core.io.pose_from_sfr.PoseFromSFRBuilder: [ WARNING ] discarding 2 atoms at position 119 in file /data/user/abgvg9/benchmark/files/all/glcm/glcm.pdb. Best match rsd_type:  TRP
core.io.pose_from_sfr.PoseFromSFRBuilder: [ WARNING ] discarding 1 atoms at position 120 in file /data/user/abgvg9/benchmark/files/all/glcm/glcm.pdb. Best match rsd_type:  LEU
core.io.pose_from_sfr.PoseFromSFRBuilder: [ WARNING ] discarding 4 atoms at position 121 in file /data/user/abgvg9/benchmark/files/all/glcm/glcm.pdb. Best match rsd_type:  LYS
core.io.pose_from_sfr.PoseFromSFRBuilder: [ WARNING ] discarding 2 atoms at position 122 in file /data/user/abgvg9/benchmark/files/all/glcm/glcm.pdb. Best match rsd_type:  THR
core.io.pose_from_sfr.PoseFromSFRBuilder: [ WARNING ] discarding 3 atoms at position 123 in file /data/user/abgvg9/benchmark/files/all/glcm/glcm.pdb. Best match rsd_type:  ASN
core.io.pose_from_sfr.PoseFromSFRBuilder: [ WARNING ] discarding 1 atoms at position 124 in file /data/user/abgvg9/benchmark/files/all/glcm/glcm.pdb. Best match rsd_type:  GLY
core.io.pose_from_sfr.PoseFromSFRBuilder: [ WARNING ] discarding 1 atoms at position 125 in file /data/user/abgvg9/benchmark/files/all/glcm/glcm.pdb. Best match rsd_type:  ALA
core.io.pose_from_sfr.PoseFromSFRBuilder: [ WARNING ] discarding 1 atoms at position 126 in file /data/user/abgvg9/benchmark/files/all/glcm/glcm.pdb. Best match rsd_type:  VAL
core.io.pose_from_sfr.PoseFromSFRBuilder: [ WARNING ] discarding 3 atoms at position 127 in file /data/user/abgvg9/benchmark/files/all/glcm/glcm.pdb. Best match rsd_type:  ASN
core.io.pose_from_sfr.PoseFromSFRBuilder: [ WARNING ] discarding 1 atoms at position 128 in file /data/user/abgvg9/benchmark/files/all/glcm/glcm.pdb. Best match rsd_type:  GLY
core.io.pose_from_sfr.PoseFromSFRBuilder: [ WARNING ] discarding 4 atoms at position 129 in file /data/user/abgvg9/benchmark/files/all/glcm/glcm.pdb. Best match rsd_type:  LYS
core.io.pose_from_sfr.PoseFromSFRBuilder: [ WARNING ] discarding 1 atoms at position 130 in file /data/user/abgvg9/benchmark/files/all/glcm/glcm.pdb. Best match rsd_type:  GLY
core.io.pose_from_sfr.PoseFromSFRBuilder: [ WARNING ] discarding 2 atoms at position 131 in file /data/user/abgvg9/benchmark/files/all/glcm/glcm.pdb. Best match rsd_type:  SER
core.io.pose_from_sfr.PoseFromSFRBuilder: [ WARNING ] discarding 1 atoms at position 132 in file /data/user/abgvg9/benchmark/files/all/glcm/glcm.pdb. Best match rsd_type:  LEU
core.io.pose_from_sfr.PoseFromSFRBuilder: [ WARNING ] discarding 4 atoms at position 133 in file /data/user/abgvg9/benchmark/files/all/glcm/glcm.pdb. Best match rsd_type:  LYS
core.io.pose_from_sfr.PoseFromSFRBuilder: [ WARNING ] discarding 1 atoms at position 134 in file /data/user/abgvg9/benchmark/files/all/glcm/glcm.pdb. Best match rsd_type:  GLY
core.io.pose_from_sfr.PoseFromSFRBuilder: [ WARNING ] discarding 3 atoms at position 135 in file /data/user/abgvg9/benchmark/files/all/glcm/glcm.pdb. Best match rsd_type:  GLN
core.io.pose_from_sfr.PoseFromSFRBuilder: [ WARNING ] discarding 1 atoms at position 137 in file /data/user/abgvg9/benchmark/files/all/glcm/glcm.pdb. Best match rsd_type:  GLY
core.io.pose_from_sfr.PoseFromSFRBuilder: [ WARNING ] discarding 1 atoms at position 138 in file /data/user/abgvg9/benchmark/files/all/glcm/glcm.pdb. Best match rsd_type:  ASP
core.io.pose_from_sfr.PoseFromSFRBuilder: [ WARNING ] discarding 1 atoms at position 139 in file /data/user/abgvg9/benchmark/files/all/glcm/glcm.pdb. Best match rsd_type:  ILE
core.io.pose_from_sfr.PoseFromSFRBuilder: [ WARNING ] discarding 2 atoms at position 140 in file /data/user/abgvg9/benchmark/files/all/glcm/glcm.pdb. Best match rsd_type:  TYR
core.io.pose_from_sfr.PoseFromSFRBuilder: [ WARNING ] discarding 2 atoms at position 141 in file /data/user/abgvg9/benchmark/files/all/glcm/glcm.pdb. Best match rsd_type:  HIS
core.io.pose_from_sfr.PoseFromSFRBuilder: [ WARNING ] discarding 3 atoms at position 142 in file /data/user/abgvg9/benchmark/files/all/glcm/glcm.pdb. Best match rsd_type:  GLN
core.io.pose_from_sfr.PoseFromSFRBuilder: [ WARNING ] discarding 2 atoms at position 143 in file /data/user/abgvg9/benchmark/files/all/glcm/glcm.pdb. Best match rsd_type:  THR
core.io.pose_from_sfr.PoseFromSFRBuilder: [ WARNING ] discarding 2 atoms at position 144 in file /data/user/abgvg9/benchmark/files/all/glcm/glcm.pdb. Best match rsd_type:  TRP
core.io.pose_from_sfr.PoseFromSFRBuilder: [ WARNING ] discarding 1 atoms at position 145 in file /data/user/abgvg9/benchmark/files/all/glcm/glcm.pdb. Best match rsd_type:  ALA
core.io.pose_from_sfr.PoseFromSFRBuilder: [ WARNING ] discarding 6 atoms at position 146 in file /data/user/abgvg9/benchmark/files/all/glcm/glcm.pdb. Best match rsd_type:  ARG
core.io.pose_from_sfr.PoseFromSFRBuilder: [ WARNING ] discarding 2 atoms at position 147 in file /data/user/abgvg9/benchmark/files/all/glcm/glcm.pdb. Best match rsd_type:  TYR
core.io.pose_from_sfr.PoseFromSFRBuilder: [ WARNING ] discarding 1 atoms at position 148 in file /data/user/abgvg9/benchmark/files/all/glcm/glcm.pdb. Best match rsd_type:  PHE
core.io.pose_from_sfr.PoseFromSFRBuilder: [ WARNING ] discarding 1 atoms at position 149 in file /data/user/abgvg9/benchmark/files/all/glcm/glcm.pdb. Best match rsd_type:  VAL
core.io.pose_from_sfr.PoseFromSFRBuilder: [ WARNING ] discarding 4 atoms at position 150 in file /data/user/abgvg9/benchmark/files/all/glcm/glcm.pdb. Best match rsd_type:  LYS
core.io.pose_from_sfr.PoseFromSFRBuilder: [ WARNING ] discarding 1 atoms at position 151 in file /data/user/abgvg9/benchmark/files/all/glcm/glcm.pdb. Best match rsd_type:  PHE
core.io.pose_from_sfr.PoseFromSFRBuilder: [ WARNING ] discarding 1 atoms at position 152 in file /data/user/abgvg9/benchmark/files/all/glcm/glcm.pdb. Best match rsd_type:  LEU
core.io.pose_from_sfr.PoseFromSFRBuilder: [ WARNING ] discarding 1 atoms at position 153 in file /data/user/abgvg9/benchmark/files/all/glcm/glcm.pdb. Best match rsd_type:  ASP
core.io.pose_from_sfr.PoseFromSFRBuilder: [ WARNING ] discarding 1 atoms at position 154 in file /data/user/abgvg9/benchmark/files/all/glcm/glcm.pdb. Best match rsd_type:  ALA
core.io.pose_from_sfr.PoseFromSFRBuilder: [ WARNING ] discarding 2 atoms at position 155 in file /data/user/abgvg9/benchmark/files/all/glcm/glcm.pdb. Best match rsd_type:  TYR
core.io.pose_from_sfr.PoseFromSFRBuilder: [ WARNING ] discarding 1 atoms at position 156 in file /data/user/abgvg9/benchmark/files/all/glcm/glcm.pdb. Best match rsd_type:  ALA
core.io.pose_from_sfr.PoseFromSFRBuilder: [ WARNING ] discarding 2 atoms at position 157 in file /data/user/abgvg9/benchmark/files/all/glcm/glcm.pdb. Best match rsd_type:  HIS
core.io.pose_from_sfr.PoseFromSFRBuilder: [ WARNING ] discarding 4 atoms at position 158 in file /data/user/abgvg9/benchmark/files/all/glcm/glcm.pdb. Best match rsd_type:  LYS
core.io.pose_from_sfr.PoseFromSFRBuilder: [ WARNING ] discarding 1 atoms at position 159 in file /data/user/abgvg9/benchmark/files/all/glcm/glcm.pdb. Best match rsd_type:  LEU
core.io.pose_from_sfr.PoseFromSFRBuilder: [ WARNING ] discarding 3 atoms at position 160 in file /data/user/abgvg9/benchmark/files/all/glcm/glcm.pdb. Best match rsd_type:  GLN
core.io.pose_from_sfr.PoseFromSFRBuilder: [ WARNING ] discarding 1 atoms at position 161 in file /data/user/abgvg9/benchmark/files/all/glcm/glcm.pdb. Best match rsd_type:  PHE
core.io.pose_from_sfr.PoseFromSFRBuilder: [ WARNING ] discarding 2 atoms at position 162 in file /data/user/abgvg9/benchmark/files/all/glcm/glcm.pdb. Best match rsd_type:  TRP
core.io.pose_from_sfr.PoseFromSFRBuilder: [ WARNING ] discarding 1 atoms at position 163 in file /data/user/abgvg9/benchmark/files/all/glcm/glcm.pdb. Best match rsd_type:  ALA
core.io.pose_from_sfr.PoseFromSFRBuilder: [ WARNING ] discarding 1 atoms at position 164 in file /data/user/abgvg9/benchmark/files/all/glcm/glcm.pdb. Best match rsd_type:  VAL
core.io.pose_from_sfr.PoseFromSFRBuilder: [ WARNING ] discarding 2 atoms at position 165 in file /data/user/abgvg9/benchmark/files/all/glcm/glcm.pdb. Best match rsd_type:  THR
core.io.pose_from_sfr.PoseFromSFRBuilder: [ WARNING ] discarding 1 atoms at position 166 in file /data/user/abgvg9/benchmark/files/all/glcm/glcm.pdb. Best match rsd_type:  ALA
core.io.pose_from_sfr.PoseFromSFRBuilder: [ WARNING ] discarding 1 atoms at position 167 in file /data/user/abgvg9/benchmark/files/all/glcm/glcm.pdb. Best match rsd_type:  GLU
core.io.pose_from_sfr.PoseFromSFRBuilder: [ WARNING ] discarding 3 atoms at position 168 in file /data/user/abgvg9/benchmark/files/all/glcm/glcm.pdb. Best match rsd_type:  ASN
core.io.pose_from_sfr.PoseFromSFRBuilder: [ WARNING ] discarding 1 atoms at position 169 in file /data/user/abgvg9/benchmark/files/all/glcm/glcm.pdb. Best match rsd_type:  GLU
core.io.pose_from_sfr.PoseFromSFRBuilder: [ WARNING ] discarding 2 atoms at position 171 in file /data/user/abgvg9/benchmark/files/all/glcm/glcm.pdb. Best match rsd_type:  SER
core.io.pose_from_sfr.PoseFromSFRBuilder: [ WARNING ] discarding 1 atoms at position 172 in file /data/user/abgvg9/benchmark/files/all/glcm/glcm.pdb. Best match rsd_type:  ALA
core.io.pose_from_sfr.PoseFromSFRBuilder: [ WARNING ] discarding 1 atoms at position 173 in file /data/user/abgvg9/benchmark/files/all/glcm/glcm.pdb. Best match rsd_type:  GLY
core.io.pose_from_sfr.PoseFromSFRBuilder: [ WARNING ] discarding 1 atoms at position 174 in file /data/user/abgvg9/benchmark/files/all/glcm/glcm.pdb. Best match rsd_type:  LEU
core.io.pose_from_sfr.PoseFromSFRBuilder: [ WARNING ] discarding 1 atoms at position 175 in file /data/user/abgvg9/benchmark/files/all/glcm/glcm.pdb. Best match rsd_type:  LEU
core.io.pose_from_sfr.PoseFromSFRBuilder: [ WARNING ] discarding 2 atoms at position 176 in file /data/user/abgvg9/benchmark/files/all/glcm/glcm.pdb. Best match rsd_type:  SER
core.io.pose_from_sfr.PoseFromSFRBuilder: [ WARNING ] discarding 1 atoms at position 177 in file /data/user/abgvg9/benchmark/files/all/glcm/glcm.pdb. Best match rsd_type:  GLY
core.io.pose_from_sfr.PoseFromSFRBuilder: [ WARNING ] discarding 2 atoms at position 178 in file /data/user/abgvg9/benchmark/files/all/glcm/glcm.pdb. Best match rsd_type:  TYR
core.io.pose_from_sfr.PoseFromSFRBuilder: [ WARNING ] discarding 1 atoms at position 180 in file /data/user/abgvg9/benchmark/files/all/glcm/glcm.pdb. Best match rsd_type:  PHE
core.io.pose_from_sfr.PoseFromSFRBuilder: [ WARNING ] discarding 3 atoms at position 181 in file /data/user/abgvg9/benchmark/files/all/glcm/glcm.pdb. Best match rsd_type:  GLN
core.io.pose_from_sfr.PoseFromSFRBuilder: [ WARNING ] discarding 2 atoms at position 182 in file /data/user/abgvg9/benchmark/files/all/glcm/glcm.pdb. Best match rsd_type:  CYS
core.io.pose_from_sfr.PoseFromSFRBuilder: [ WARNING ] discarding 1 atoms at position 183 in file /data/user/abgvg9/benchmark/files/all/glcm/glcm.pdb. Best match rsd_type:  LEU
core.io.pose_from_sfr.PoseFromSFRBuilder: [ WARNING ] discarding 1 atoms at position 184 in file /data/user/abgvg9/benchmark/files/all/glcm/glcm.pdb. Best match rsd_type:  GLY
core.io.pose_from_sfr.PoseFromSFRBuilder: [ WARNING ] discarding 1 atoms at position 185 in file /data/user/abgvg9/benchmark/files/all/glcm/glcm.pdb. Best match rsd_type:  PHE
core.io.pose_from_sfr.PoseFromSFRBuilder: [ WARNING ] discarding 2 atoms at position 186 in file /data/user/abgvg9/benchmark/files/all/glcm/glcm.pdb. Best match rsd_type:  THR
core.io.pose_from_sfr.PoseFromSFRBuilder: [ WARNING ] discarding 1 atoms at position 188 in file /data/user/abgvg9/benchmark/files/all/glcm/glcm.pdb. Best match rsd_type:  GLU
core.io.pose_from_sfr.PoseFromSFRBuilder: [ WARNING ] discarding 2 atoms at position 189 in file /data/user/abgvg9/benchmark/files/all/glcm/glcm.pdb. Best match rsd_type:  HIS
core.io.pose_from_sfr.PoseFromSFRBuilder: [ WARNING ] discarding 3 atoms at position 190 in file /data/user/abgvg9/benchmark/files/all/glcm/glcm.pdb. Best match rsd_type:  GLN
core.io.pose_from_sfr.PoseFromSFRBuilder: [ WARNING ] discarding 6 atoms at position 191 in file /data/user/abgvg9/benchmark/files/all/glcm/glcm.pdb. Best match rsd_type:  ARG
core.io.pose_from_sfr.PoseFromSFRBuilder: [ WARNING ] discarding 1 atoms at position 192 in file /data/user/abgvg9/benchmark/files/all/glcm/glcm.pdb. Best match rsd_type:  ASP
core.io.pose_from_sfr.PoseFromSFRBuilder: [ WARNING ] discarding 1 atoms at position 193 in file /data/user/abgvg9/benchmark/files/all/glcm/glcm.pdb. Best match rsd_type:  PHE
core.io.pose_from_sfr.PoseFromSFRBuilder: [ WARNING ] discarding 1 atoms at position 194 in file /data/user/abgvg9/benchmark/files/all/glcm/glcm.pdb. Best match rsd_type:  ILE
core.io.pose_from_sfr.PoseFromSFRBuilder: [ WARNING ] discarding 1 atoms at position 195 in file /data/user/abgvg9/benchmark/files/all/glcm/glcm.pdb. Best match rsd_type:  ALA
core.io.pose_from_sfr.PoseFromSFRBuilder: [ WARNING ] discarding 6 atoms at position 196 in file /data/user/abgvg9/benchmark/files/all/glcm/glcm.pdb. Best match rsd_type:  ARG
core.io.pose_from_sfr.PoseFromSFRBuilder: [ WARNING ] discarding 1 atoms at position 197 in file /data/user/abgvg9/benchmark/files/all/glcm/glcm.pdb. Best match rsd_type:  ASP
core.io.pose_from_sfr.PoseFromSFRBuilder: [ WARNING ] discarding 1 atoms at position 198 in file /data/user/abgvg9/benchmark/files/all/glcm/glcm.pdb. Best match rsd_type:  LEU
core.io.pose_from_sfr.PoseFromSFRBuilder: [ WARNING ] discarding 1 atoms at position 199 in file /data/user/abgvg9/benchmark/files/all/glcm/glcm.pdb. Best match rsd_type:  GLY
core.io.pose_from_sfr.PoseFromSFRBuilder: [ WARNING ] discarding 2 atoms at position 201 in file /data/user/abgvg9/benchmark/files/all/glcm/glcm.pdb. Best match rsd_type:  THR
core.io.pose_from_sfr.PoseFromSFRBuilder: [ WARNING ] discarding 1 atoms at position 202 in file /data/user/abgvg9/benchmark/files/all/glcm/glcm.pdb. Best match rsd_type:  LEU
core.io.pose_from_sfr.PoseFromSFRBuilder: [ WARNING ] discarding 1 atoms at position 203 in file /data/user/abgvg9/benchmark/files/all/glcm/glcm.pdb. Best match rsd_type:  ALA
core.io.pose_from_sfr.PoseFromSFRBuilder: [ WARNING ] discarding 2 atoms at position 204 in file /data/user/abgvg9/benchmark/files/all/glcm/glcm.pdb. Best match rsd_type:  SER
core.io.pose_from_sfr.PoseFromSFRBuilder: [ WARNING ] discarding 2 atoms at position 205 in file /data/user/abgvg9/benchmark/files/all/glcm/glcm.pdb. Best match rsd_type:  HIS
core.io.pose_from_sfr.PoseFromSFRBuilder: [ WARNING ] discarding 2 atoms at position 206 in file /data/user/abgvg9/benchmark/files/all/glcm/glcm.pdb. Best match rsd_type:  HIS
core.io.pose_from_sfr.PoseFromSFRBuilder: [ WARNING ] discarding 3 atoms at position 207 in file /data/user/abgvg9/benchmark/files/all/glcm/glcm.pdb. Best match rsd_type:  ASN
core.io.pose_from_sfr.PoseFromSFRBuilder: [ WARNING ] discarding 1 atoms at position 208 in file /data/user/abgvg9/benchmark/files/all/glcm/glcm.pdb. Best match rsd_type:  VAL
core.io.pose_from_sfr.PoseFromSFRBuilder: [ WARNING ] discarding 6 atoms at position 209 in file /data/user/abgvg9/benchmark/files/all/glcm/glcm.pdb. Best match rsd_type:  ARG
core.io.pose_from_sfr.PoseFromSFRBuilder: [ WARNING ] discarding 1 atoms at position 210 in file /data/user/abgvg9/benchmark/files/all/glcm/glcm.pdb. Best match rsd_type:  LEU
core.io.pose_from_sfr.PoseFromSFRBuilder: [ WARNING ] discarding 1 atoms at position 211 in file /data/user/abgvg9/benchmark/files/all/glcm/glcm.pdb. Best match rsd_type:  LEU
core.io.pose_from_sfr.PoseFromSFRBuilder: [ WARNING ] discarding 1 atoms at position 212 in file /data/user/abgvg9/benchmark/files/all/glcm/glcm.pdb. Best match rsd_type:  MET
core.io.pose_from_sfr.PoseFromSFRBuilder: [ WARNING ] discarding 1 atoms at position 213 in file /data/user/abgvg9/benchmark/files/all/glcm/glcm.pdb. Best match rsd_type:  LEU
core.io.pose_from_sfr.PoseFromSFRBuilder: [ WARNING ] discarding 1 atoms at position 214 in file /data/user/abgvg9/benchmark/files/all/glcm/glcm.pdb. Best match rsd_type:  ASP
core.io.pose_from_sfr.PoseFromSFRBuilder: [ WARNING ] discarding 1 atoms at position 215 in file /data/user/abgvg9/benchmark/files/all/glcm/glcm.pdb. Best match rsd_type:  ASP
core.io.pose_from_sfr.PoseFromSFRBuilder: [ WARNING ] discarding 3 atoms at position 216 in file /data/user/abgvg9/benchmark/files/all/glcm/glcm.pdb. Best match rsd_type:  GLN
core.io.pose_from_sfr.PoseFromSFRBuilder: [ WARNING ] discarding 6 atoms at position 217 in file /data/user/abgvg9/benchmark/files/all/glcm/glcm.pdb. Best match rsd_type:  ARG
core.io.pose_from_sfr.PoseFromSFRBuilder: [ WARNING ] discarding 1 atoms at position 218 in file /data/user/abgvg9/benchmark/files/all/glcm/glcm.pdb. Best match rsd_type:  LEU
core.io.pose_from_sfr.PoseFromSFRBuilder: [ WARNING ] discarding 1 atoms at position 219 in file /data/user/abgvg9/benchmark/files/all/glcm/glcm.pdb. Best match rsd_type:  LEU
core.io.pose_from_sfr.PoseFromSFRBuilder: [ WARNING ] discarding 1 atoms at position 220 in file /data/user/abgvg9/benchmark/files/all/glcm/glcm.pdb. Best match rsd_type:  LEU
core.io.pose_from_sfr.PoseFromSFRBuilder: [ WARNING ] discarding 2 atoms at position 222 in file /data/user/abgvg9/benchmark/files/all/glcm/glcm.pdb. Best match rsd_type:  HIS
core.io.pose_from_sfr.PoseFromSFRBuilder: [ WARNING ] discarding 2 atoms at position 223 in file /data/user/abgvg9/benchmark/files/all/glcm/glcm.pdb. Best match rsd_type:  TRP
core.io.pose_from_sfr.PoseFromSFRBuilder: [ WARNING ] discarding 1 atoms at position 224 in file /data/user/abgvg9/benchmark/files/all/glcm/glcm.pdb. Best match rsd_type:  ALA
core.io.pose_from_sfr.PoseFromSFRBuilder: [ WARNING ] discarding 4 atoms at position 225 in file /data/user/abgvg9/benchmark/files/all/glcm/glcm.pdb. Best match rsd_type:  LYS
core.io.pose_from_sfr.PoseFromSFRBuilder: [ WARNING ] discarding 1 atoms at position 226 in file /data/user/abgvg9/benchmark/files/all/glcm/glcm.pdb. Best match rsd_type:  VAL
core.io.pose_from_sfr.PoseFromSFRBuilder: [ WARNING ] discarding 1 atoms at position 227 in file /data/user/abgvg9/benchmark/files/all/glcm/glcm.pdb. Best match rsd_type:  VAL
core.io.pose_from_sfr.PoseFromSFRBuilder: [ WARNING ] discarding 1 atoms at position 228 in file /data/user/abgvg9/benchmark/files/all/glcm/glcm.pdb. Best match rsd_type:  LEU
core.io.pose_from_sfr.PoseFromSFRBuilder: [ WARNING ] discarding 2 atoms at position 229 in file /data/user/abgvg9/benchmark/files/all/glcm/glcm.pdb. Best match rsd_type:  THR
core.io.pose_from_sfr.PoseFromSFRBuilder: [ WARNING ] discarding 1 atoms at position 230 in file /data/user/abgvg9/benchmark/files/all/glcm/glcm.pdb. Best match rsd_type:  ASP
core.io.pose_from_sfr.PoseFromSFRBuilder: [ WARNING ] discarding 1 atoms at position 231 in file /data/user/abgvg9/benchmark/files/all/glcm/glcm.pdb. Best match rsd_type:  GLU
core.io.pose_from_sfr.PoseFromSFRBuilder: [ WARNING ] discarding 1 atoms at position 232 in file /data/user/abgvg9/benchmark/files/all/glcm/glcm.pdb. Best match rsd_type:  ALA
core.io.pose_from_sfr.PoseFromSFRBuilder: [ WARNING ] discarding 1 atoms at position 233 in file /data/user/abgvg9/benchmark/files/all/glcm/glcm.pdb. Best match rsd_type:  ALA
core.io.pose_from_sfr.PoseFromSFRBuilder: [ WARNING ] discarding 4 atoms at position 234 in file /data/user/abgvg9/benchmark/files/all/glcm/glcm.pdb. Best match rsd_type:  LYS
core.io.pose_from_sfr.PoseFromSFRBuilder: [ WARNING ] discarding 2 atoms at position 235 in file /data/user/abgvg9/benchmark/files/all/glcm/glcm.pdb. Best match rsd_type:  TYR
core.io.pose_from_sfr.PoseFromSFRBuilder: [ WARNING ] discarding 1 atoms at position 236 in file /data/user/abgvg9/benchmark/files/all/glcm/glcm.pdb. Best match rsd_type:  VAL
core.io.pose_from_sfr.PoseFromSFRBuilder: [ WARNING ] discarding 2 atoms at position 237 in file /data/user/abgvg9/benchmark/files/all/glcm/glcm.pdb. Best match rsd_type:  HIS
core.io.pose_from_sfr.PoseFromSFRBuilder: [ WARNING ] discarding 1 atoms at position 238 in file /data/user/abgvg9/benchmark/files/all/glcm/glcm.pdb. Best match rsd_type:  GLY
core.io.pose_from_sfr.PoseFromSFRBuilder: [ WARNING ] discarding 1 atoms at position 239 in file /data/user/abgvg9/benchmark/files/all/glcm/glcm.pdb. Best match rsd_type:  ILE
core.io.pose_from_sfr.PoseFromSFRBuilder: [ WARNING ] discarding 1 atoms at position 240 in file /data/user/abgvg9/benchmark/files/all/glcm/glcm.pdb. Best match rsd_type:  ALA
core.io.pose_from_sfr.PoseFromSFRBuilder: [ WARNING ] discarding 1 atoms at position 241 in file /data/user/abgvg9/benchmark/files/all/glcm/glcm.pdb. Best match rsd_type:  VAL
core.io.pose_from_sfr.PoseFromSFRBuilder: [ WARNING ] discarding 2 atoms at position 242 in file /data/user/abgvg9/benchmark/files/all/glcm/glcm.pdb. Best match rsd_type:  HIS
core.io.pose_from_sfr.PoseFromSFRBuilder: [ WARNING ] discarding 2 atoms at position 243 in file /data/user/abgvg9/benchmark/files/all/glcm/glcm.pdb. Best match rsd_type:  TRP
core.io.pose_from_sfr.PoseFromSFRBuilder: [ WARNING ] discarding 2 atoms at position 244 in file /data/user/abgvg9/benchmark/files/all/glcm/glcm.pdb. Best match rsd_type:  TYR
core.io.pose_from_sfr.PoseFromSFRBuilder: [ WARNING ] discarding 1 atoms at position 245 in file /data/user/abgvg9/benchmark/files/all/glcm/glcm.pdb. Best match rsd_type:  LEU
core.io.pose_from_sfr.PoseFromSFRBuilder: [ WARNING ] discarding 1 atoms at position 246 in file /data/user/abgvg9/benchmark/files/all/glcm/glcm.pdb. Best match rsd_type:  ASP
core.io.pose_from_sfr.PoseFromSFRBuilder: [ WARNING ] discarding 1 atoms at position 247 in file /data/user/abgvg9/benchmark/files/all/glcm/glcm.pdb. Best match rsd_type:  PHE
core.io.pose_from_sfr.PoseFromSFRBuilder: [ WARNING ] discarding 1 atoms at position 248 in file /data/user/abgvg9/benchmark/files/all/glcm/glcm.pdb. Best match rsd_type:  LEU
core.io.pose_from_sfr.PoseFromSFRBuilder: [ WARNING ] discarding 1 atoms at position 249 in file /data/user/abgvg9/benchmark/files/all/glcm/glcm.pdb. Best match rsd_type:  ALA
core.io.pose_from_sfr.PoseFromSFRBuilder: [ WARNING ] discarding 1 atoms at position 251 in file /data/user/abgvg9/benchmark/files/all/glcm/glcm.pdb. Best match rsd_type:  ALA
core.io.pose_from_sfr.PoseFromSFRBuilder: [ WARNING ] discarding 4 atoms at position 252 in file /data/user/abgvg9/benchmark/files/all/glcm/glcm.pdb. Best match rsd_type:  LYS
core.io.pose_from_sfr.PoseFromSFRBuilder: [ WARNING ] discarding 1 atoms at position 253 in file /data/user/abgvg9/benchmark/files/all/glcm/glcm.pdb. Best match rsd_type:  ALA
core.io.pose_from_sfr.PoseFromSFRBuilder: [ WARNING ] discarding 2 atoms at position 254 in file /data/user/abgvg9/benchmark/files/all/glcm/glcm.pdb. Best match rsd_type:  THR
core.io.pose_from_sfr.PoseFromSFRBuilder: [ WARNING ] discarding 1 atoms at position 255 in file /data/user/abgvg9/benchmark/files/all/glcm/glcm.pdb. Best match rsd_type:  LEU
core.io.pose_from_sfr.PoseFromSFRBuilder: [ WARNING ] discarding 1 atoms at position 256 in file /data/user/abgvg9/benchmark/files/all/glcm/glcm.pdb. Best match rsd_type:  GLY
core.io.pose_from_sfr.PoseFromSFRBuilder: [ WARNING ] discarding 1 atoms at position 257 in file /data/user/abgvg9/benchmark/files/all/glcm/glcm.pdb. Best match rsd_type:  GLU
core.io.pose_from_sfr.PoseFromSFRBuilder: [ WARNING ] discarding 2 atoms at position 258 in file /data/user/abgvg9/benchmark/files/all/glcm/glcm.pdb. Best match rsd_type:  THR
core.io.pose_from_sfr.PoseFromSFRBuilder: [ WARNING ] discarding 2 atoms at position 259 in file /data/user/abgvg9/benchmark/files/all/glcm/glcm.pdb. Best match rsd_type:  HIS
core.io.pose_from_sfr.PoseFromSFRBuilder: [ WARNING ] discarding 6 atoms at position 260 in file /data/user/abgvg9/benchmark/files/all/glcm/glcm.pdb. Best match rsd_type:  ARG
core.io.pose_from_sfr.PoseFromSFRBuilder: [ WARNING ] discarding 1 atoms at position 261 in file /data/user/abgvg9/benchmark/files/all/glcm/glcm.pdb. Best match rsd_type:  LEU
core.io.pose_from_sfr.PoseFromSFRBuilder: [ WARNING ] discarding 1 atoms at position 262 in file /data/user/abgvg9/benchmark/files/all/glcm/glcm.pdb. Best match rsd_type:  PHE
core.io.pose_from_sfr.PoseFromSFRBuilder: [ WARNING ] discarding 3 atoms at position 264 in file /data/user/abgvg9/benchmark/files/all/glcm/glcm.pdb. Best match rsd_type:  ASN
core.io.pose_from_sfr.PoseFromSFRBuilder: [ WARNING ] discarding 2 atoms at position 265 in file /data/user/abgvg9/benchmark/files/all/glcm/glcm.pdb. Best match rsd_type:  THR
core.io.pose_from_sfr.PoseFromSFRBuilder: [ WARNING ] discarding 1 atoms at position 266 in file /data/user/abgvg9/benchmark/files/all/glcm/glcm.pdb. Best match rsd_type:  MET
core.io.pose_from_sfr.PoseFromSFRBuilder: [ WARNING ] discarding 1 atoms at position 267 in file /data/user/abgvg9/benchmark/files/all/glcm/glcm.pdb. Best match rsd_type:  LEU
core.io.pose_from_sfr.PoseFromSFRBuilder: [ WARNING ] discarding 1 atoms at position 268 in file /data/user/abgvg9/benchmark/files/all/glcm/glcm.pdb. Best match rsd_type:  PHE
core.io.pose_from_sfr.PoseFromSFRBuilder: [ WARNING ] discarding 1 atoms at position 269 in file /data/user/abgvg9/benchmark/files/all/glcm/glcm.pdb. Best match rsd_type:  ALA
core.io.pose_from_sfr.PoseFromSFRBuilder: [ WARNING ] discarding 2 atoms at position 270 in file /data/user/abgvg9/benchmark/files/all/glcm/glcm.pdb. Best match rsd_type:  SER
core.io.pose_from_sfr.PoseFromSFRBuilder: [ WARNING ] discarding 1 atoms at position 271 in file /data/user/abgvg9/benchmark/files/all/glcm/glcm.pdb. Best match rsd_type:  GLU
core.io.pose_from_sfr.PoseFromSFRBuilder: [ WARNING ] discarding 1 atoms at position 272 in file /data/user/abgvg9/benchmark/files/all/glcm/glcm.pdb. Best match rsd_type:  ALA
core.io.pose_from_sfr.PoseFromSFRBuilder: [ WARNING ] discarding 2 atoms at position 273 in file /data/user/abgvg9/benchmark/files/all/glcm/glcm.pdb. Best match rsd_type:  CYS
core.io.pose_from_sfr.PoseFromSFRBuilder: [ WARNING ] discarding 1 atoms at position 274 in file /data/user/abgvg9/benchmark/files/all/glcm/glcm.pdb. Best match rsd_type:  VAL
core.io.pose_from_sfr.PoseFromSFRBuilder: [ WARNING ] discarding 1 atoms at position 275 in file /data/user/abgvg9/benchmark/files/all/glcm/glcm.pdb. Best match rsd_type:  GLY
core.io.pose_from_sfr.PoseFromSFRBuilder: [ WARNING ] discarding 2 atoms at position 276 in file /data/user/abgvg9/benchmark/files/all/glcm/glcm.pdb. Best match rsd_type:  SER
core.io.pose_from_sfr.PoseFromSFRBuilder: [ WARNING ] discarding 4 atoms at position 277 in file /data/user/abgvg9/benchmark/files/all/glcm/glcm.pdb. Best match rsd_type:  LYS
core.io.pose_from_sfr.PoseFromSFRBuilder: [ WARNING ] discarding 1 atoms at position 278 in file /data/user/abgvg9/benchmark/files/all/glcm/glcm.pdb. Best match rsd_type:  PHE
core.io.pose_from_sfr.PoseFromSFRBuilder: [ WARNING ] discarding 2 atoms at position 279 in file /data/user/abgvg9/benchmark/files/all/glcm/glcm.pdb. Best match rsd_type:  TRP
core.io.pose_from_sfr.PoseFromSFRBuilder: [ WARNING ] discarding 1 atoms at position 280 in file /data/user/abgvg9/benchmark/files/all/glcm/glcm.pdb. Best match rsd_type:  GLU
core.io.pose_from_sfr.PoseFromSFRBuilder: [ WARNING ] discarding 3 atoms at position 281 in file /data/user/abgvg9/benchmark/files/all/glcm/glcm.pdb. Best match rsd_type:  GLN
core.io.pose_from_sfr.PoseFromSFRBuilder: [ WARNING ] discarding 2 atoms at position 282 in file /data/user/abgvg9/benchmark/files/all/glcm/glcm.pdb. Best match rsd_type:  SER
core.io.pose_from_sfr.PoseFromSFRBuilder: [ WARNING ] discarding 1 atoms at position 283 in file /data/user/abgvg9/benchmark/files/all/glcm/glcm.pdb. Best match rsd_type:  VAL
core.io.pose_from_sfr.PoseFromSFRBuilder: [ WARNING ] discarding 6 atoms at position 284 in file /data/user/abgvg9/benchmark/files/all/glcm/glcm.pdb. Best match rsd_type:  ARG
core.io.pose_from_sfr.PoseFromSFRBuilder: [ WARNING ] discarding 1 atoms at position 285 in file /data/user/abgvg9/benchmark/files/all/glcm/glcm.pdb. Best match rsd_type:  LEU
core.io.pose_from_sfr.PoseFromSFRBuilder: [ WARNING ] discarding 1 atoms at position 286 in file /data/user/abgvg9/benchmark/files/all/glcm/glcm.pdb. Best match rsd_type:  GLY
core.io.pose_from_sfr.PoseFromSFRBuilder: [ WARNING ] discarding 2 atoms at position 287 in file /data/user/abgvg9/benchmark/files/all/glcm/glcm.pdb. Best match rsd_type:  SER
core.io.pose_from_sfr.PoseFromSFRBuilder: [ WARNING ] discarding 2 atoms at position 288 in file /data/user/abgvg9/benchmark/files/all/glcm/glcm.pdb. Best match rsd_type:  TRP
core.io.pose_from_sfr.PoseFromSFRBuilder: [ WARNING ] discarding 1 atoms at position 289 in file /data/user/abgvg9/benchmark/files/all/glcm/glcm.pdb. Best match rsd_type:  ASP
core.io.pose_from_sfr.PoseFromSFRBuilder: [ WARNING ] discarding 6 atoms at position 290 in file /data/user/abgvg9/benchmark/files/all/glcm/glcm.pdb. Best match rsd_type:  ARG
core.io.pose_from_sfr.PoseFromSFRBuilder: [ WARNING ] discarding 1 atoms at position 291 in file /data/user/abgvg9/benchmark/files/all/glcm/glcm.pdb. Best match rsd_type:  GLY
core.io.pose_from_sfr.PoseFromSFRBuilder: [ WARNING ] discarding 1 atoms at position 292 in file /data/user/abgvg9/benchmark/files/all/glcm/glcm.pdb. Best match rsd_type:  MET
core.io.pose_from_sfr.PoseFromSFRBuilder: [ WARNING ] discarding 3 atoms at position 293 in file /data/user/abgvg9/benchmark/files/all/glcm/glcm.pdb. Best match rsd_type:  GLN
core.io.pose_from_sfr.PoseFromSFRBuilder: [ WARNING ] discarding 2 atoms at position 294 in file /data/user/abgvg9/benchmark/files/all/glcm/glcm.pdb. Best match rsd_type:  TYR
core.io.pose_from_sfr.PoseFromSFRBuilder: [ WARNING ] discarding 2 atoms at position 295 in file /data/user/abgvg9/benchmark/files/all/glcm/glcm.pdb. Best match rsd_type:  SER
core.io.pose_from_sfr.PoseFromSFRBuilder: [ WARNING ] discarding 2 atoms at position 296 in file /data/user/abgvg9/benchmark/files/all/glcm/glcm.pdb. Best match rsd_type:  HIS
core.io.pose_from_sfr.PoseFromSFRBuilder: [ WARNING ] discarding 2 atoms at position 297 in file /data/user/abgvg9/benchmark/files/all/glcm/glcm.pdb. Best match rsd_type:  SER
core.io.pose_from_sfr.PoseFromSFRBuilder: [ WARNING ] discarding 1 atoms at position 298 in file /data/user/abgvg9/benchmark/files/all/glcm/glcm.pdb. Best match rsd_type:  ILE
core.io.pose_from_sfr.PoseFromSFRBuilder: [ WARNING ] discarding 1 atoms at position 299 in file /data/user/abgvg9/benchmark/files/all/glcm/glcm.pdb. Best match rsd_type:  ILE
core.io.pose_from_sfr.PoseFromSFRBuilder: [ WARNING ] discarding 2 atoms at position 300 in file /data/user/abgvg9/benchmark/files/all/glcm/glcm.pdb. Best match rsd_type:  THR
core.io.pose_from_sfr.PoseFromSFRBuilder: [ WARNING ] discarding 3 atoms at position 301 in file /data/user/abgvg9/benchmark/files/all/glcm/glcm.pdb. Best match rsd_type:  ASN
core.io.pose_from_sfr.PoseFromSFRBuilder: [ WARNING ] discarding 1 atoms at position 302 in file /data/user/abgvg9/benchmark/files/all/glcm/glcm.pdb. Best match rsd_type:  LEU
core.io.pose_from_sfr.PoseFromSFRBuilder: [ WARNING ] discarding 1 atoms at position 303 in file /data/user/abgvg9/benchmark/files/all/glcm/glcm.pdb. Best match rsd_type:  LEU
core.io.pose_from_sfr.PoseFromSFRBuilder: [ WARNING ] discarding 2 atoms at position 304 in file /data/user/abgvg9/benchmark/files/all/glcm/glcm.pdb. Best match rsd_type:  TYR
core.io.pose_from_sfr.PoseFromSFRBuilder: [ WARNING ] discarding 2 atoms at position 305 in file /data/user/abgvg9/benchmark/files/all/glcm/glcm.pdb. Best match rsd_type:  HIS
core.io.pose_from_sfr.PoseFromSFRBuilder: [ WARNING ] discarding 1 atoms at position 306 in file /data/user/abgvg9/benchmark/files/all/glcm/glcm.pdb. Best match rsd_type:  VAL
core.io.pose_from_sfr.PoseFromSFRBuilder: [ WARNING ] discarding 1 atoms at position 307 in file /data/user/abgvg9/benchmark/files/all/glcm/glcm.pdb. Best match rsd_type:  VAL
core.io.pose_from_sfr.PoseFromSFRBuilder: [ WARNING ] discarding 1 atoms at position 308 in file /data/user/abgvg9/benchmark/files/all/glcm/glcm.pdb. Best match rsd_type:  GLY
core.io.pose_from_sfr.PoseFromSFRBuilder: [ WARNING ] discarding 2 atoms at position 309 in file /data/user/abgvg9/benchmark/files/all/glcm/glcm.pdb. Best match rsd_type:  TRP
core.io.pose_from_sfr.PoseFromSFRBuilder: [ WARNING ] discarding 2 atoms at position 310 in file /data/user/abgvg9/benchmark/files/all/glcm/glcm.pdb. Best match rsd_type:  THR
core.io.pose_from_sfr.PoseFromSFRBuilder: [ WARNING ] discarding 1 atoms at position 311 in file /data/user/abgvg9/benchmark/files/all/glcm/glcm.pdb. Best match rsd_type:  ASP
core.io.pose_from_sfr.PoseFromSFRBuilder: [ WARNING ] discarding 2 atoms at position 312 in file /data/user/abgvg9/benchmark/files/all/glcm/glcm.pdb. Best match rsd_type:  TRP
core.io.pose_from_sfr.PoseFromSFRBuilder: [ WARNING ] discarding 3 atoms at position 313 in file /data/user/abgvg9/benchmark/files/all/glcm/glcm.pdb. Best match rsd_type:  ASN
core.io.pose_from_sfr.PoseFromSFRBuilder: [ WARNING ] discarding 1 atoms at position 314 in file /data/user/abgvg9/benchmark/files/all/glcm/glcm.pdb. Best match rsd_type:  LEU
core.io.pose_from_sfr.PoseFromSFRBuilder: [ WARNING ] discarding 1 atoms at position 315 in file /data/user/abgvg9/benchmark/files/all/glcm/glcm.pdb. Best match rsd_type:  ALA
core.io.pose_from_sfr.PoseFromSFRBuilder: [ WARNING ] discarding 1 atoms at position 316 in file /data/user/abgvg9/benchmark/files/all/glcm/glcm.pdb. Best match rsd_type:  LEU
core.io.pose_from_sfr.PoseFromSFRBuilder: [ WARNING ] discarding 3 atoms at position 317 in file /data/user/abgvg9/benchmark/files/all/glcm/glcm.pdb. Best match rsd_type:  ASN
core.io.pose_from_sfr.PoseFromSFRBuilder: [ WARNING ] discarding 1 atoms at position 319 in file /data/user/abgvg9/benchmark/files/all/glcm/glcm.pdb. Best match rsd_type:  GLU
core.io.pose_from_sfr.PoseFromSFRBuilder: [ WARNING ] discarding 1 atoms at position 320 in file /data/user/abgvg9/benchmark/files/all/glcm/glcm.pdb. Best match rsd_type:  GLY
core.io.pose_from_sfr.PoseFromSFRBuilder: [ WARNING ] discarding 1 atoms at position 321 in file /data/user/abgvg9/benchmark/files/all/glcm/glcm.pdb. Best match rsd_type:  GLY
core.io.pose_from_sfr.PoseFromSFRBuilder: [ WARNING ] discarding 3 atoms at position 323 in file /data/user/abgvg9/benchmark/files/all/glcm/glcm.pdb. Best match rsd_type:  ASN
core.io.pose_from_sfr.PoseFromSFRBuilder: [ WARNING ] discarding 2 atoms at position 324 in file /data/user/abgvg9/benchmark/files/all/glcm/glcm.pdb. Best match rsd_type:  TRP
core.io.pose_from_sfr.PoseFromSFRBuilder: [ WARNING ] discarding 1 atoms at position 325 in file /data/user/abgvg9/benchmark/files/all/glcm/glcm.pdb. Best match rsd_type:  VAL
core.io.pose_from_sfr.PoseFromSFRBuilder: [ WARNING ] discarding 6 atoms at position 326 in file /data/user/abgvg9/benchmark/files/all/glcm/glcm.pdb. Best match rsd_type:  ARG
core.io.pose_from_sfr.PoseFromSFRBuilder: [ WARNING ] discarding 3 atoms at position 327 in file /data/user/abgvg9/benchmark/files/all/glcm/glcm.pdb. Best match rsd_type:  ASN
core.io.pose_from_sfr.PoseFromSFRBuilder: [ WARNING ] discarding 1 atoms at position 328 in file /data/user/abgvg9/benchmark/files/all/glcm/glcm.pdb. Best match rsd_type:  PHE
core.io.pose_from_sfr.PoseFromSFRBuilder: [ WARNING ] discarding 1 atoms at position 329 in file /data/user/abgvg9/benchmark/files/all/glcm/glcm.pdb. Best match rsd_type:  VAL
core.io.pose_from_sfr.PoseFromSFRBuilder: [ WARNING ] discarding 1 atoms at position 330 in file /data/user/abgvg9/benchmark/files/all/glcm/glcm.pdb. Best match rsd_type:  ASP
core.io.pose_from_sfr.PoseFromSFRBuilder: [ WARNING ] discarding 2 atoms at position 331 in file /data/user/abgvg9/benchmark/files/all/glcm/glcm.pdb. Best match rsd_type:  SER
core.io.pose_from_sfr.PoseFromSFRBuilder: [ WARNING ] discarding 1 atoms at position 333 in file /data/user/abgvg9/benchmark/files/all/glcm/glcm.pdb. Best match rsd_type:  ILE
core.io.pose_from_sfr.PoseFromSFRBuilder: [ WARNING ] discarding 1 atoms at position 334 in file /data/user/abgvg9/benchmark/files/all/glcm/glcm.pdb. Best match rsd_type:  ILE
core.io.pose_from_sfr.PoseFromSFRBuilder: [ WARNING ] discarding 1 atoms at position 335 in file /data/user/abgvg9/benchmark/files/all/glcm/glcm.pdb. Best match rsd_type:  VAL
core.io.pose_from_sfr.PoseFromSFRBuilder: [ WARNING ] discarding 1 atoms at position 336 in file /data/user/abgvg9/benchmark/files/all/glcm/glcm.pdb. Best match rsd_type:  ASP
core.io.pose_from_sfr.PoseFromSFRBuilder: [ WARNING ] discarding 1 atoms at position 337 in file /data/user/abgvg9/benchmark/files/all/glcm/glcm.pdb. Best match rsd_type:  ILE
core.io.pose_from_sfr.PoseFromSFRBuilder: [ WARNING ] discarding 2 atoms at position 338 in file /data/user/abgvg9/benchmark/files/all/glcm/glcm.pdb. Best match rsd_type:  THR
core.io.pose_from_sfr.PoseFromSFRBuilder: [ WARNING ] discarding 4 atoms at position 339 in file /data/user/abgvg9/benchmark/files/all/glcm/glcm.pdb. Best match rsd_type:  LYS
core.io.pose_from_sfr.PoseFromSFRBuilder: [ WARNING ] discarding 1 atoms at position 340 in file /data/user/abgvg9/benchmark/files/all/glcm/glcm.pdb. Best match rsd_type:  ASP
core.io.pose_from_sfr.PoseFromSFRBuilder: [ WARNING ] discarding 2 atoms at position 341 in file /data/user/abgvg9/benchmark/files/all/glcm/glcm.pdb. Best match rsd_type:  THR
core.io.pose_from_sfr.PoseFromSFRBuilder: [ WARNING ] discarding 1 atoms at position 342 in file /data/user/abgvg9/benchmark/files/all/glcm/glcm.pdb. Best match rsd_type:  PHE
core.io.pose_from_sfr.PoseFromSFRBuilder: [ WARNING ] discarding 2 atoms at position 343 in file /data/user/abgvg9/benchmark/files/all/glcm/glcm.pdb. Best match rsd_type:  TYR
core.io.pose_from_sfr.PoseFromSFRBuilder: [ WARNING ] discarding 4 atoms at position 344 in file /data/user/abgvg9/benchmark/files/all/glcm/glcm.pdb. Best match rsd_type:  LYS
core.io.pose_from_sfr.PoseFromSFRBuilder: [ WARNING ] discarding 3 atoms at position 345 in file /data/user/abgvg9/benchmark/files/all/glcm/glcm.pdb. Best match rsd_type:  GLN
core.io.pose_from_sfr.PoseFromSFRBuilder: [ WARNING ] discarding 1 atoms at position 347 in file /data/user/abgvg9/benchmark/files/all/glcm/glcm.pdb. Best match rsd_type:  MET
core.io.pose_from_sfr.PoseFromSFRBuilder: [ WARNING ] discarding 1 atoms at position 348 in file /data/user/abgvg9/benchmark/files/all/glcm/glcm.pdb. Best match rsd_type:  PHE
core.io.pose_from_sfr.PoseFromSFRBuilder: [ WARNING ] discarding 2 atoms at position 349 in file /data/user/abgvg9/benchmark/files/all/glcm/glcm.pdb. Best match rsd_type:  TYR
core.io.pose_from_sfr.PoseFromSFRBuilder: [ WARNING ] discarding 2 atoms at position 350 in file /data/user/abgvg9/benchmark/files/all/glcm/glcm.pdb. Best match rsd_type:  HIS
core.io.pose_from_sfr.PoseFromSFRBuilder: [ WARNING ] discarding 1 atoms at position 351 in file /data/user/abgvg9/benchmark/files/all/glcm/glcm.pdb. Best match rsd_type:  LEU
core.io.pose_from_sfr.PoseFromSFRBuilder: [ WARNING ] discarding 1 atoms at position 352 in file /data/user/abgvg9/benchmark/files/all/glcm/glcm.pdb. Best match rsd_type:  GLY
core.io.pose_from_sfr.PoseFromSFRBuilder: [ WARNING ] discarding 2 atoms at position 353 in file /data/user/abgvg9/benchmark/files/all/glcm/glcm.pdb. Best match rsd_type:  HIS
core.io.pose_from_sfr.PoseFromSFRBuilder: [ WARNING ] discarding 1 atoms at position 354 in file /data/user/abgvg9/benchmark/files/all/glcm/glcm.pdb. Best match rsd_type:  PHE
core.io.pose_from_sfr.PoseFromSFRBuilder: [ WARNING ] discarding 2 atoms at position 355 in file /data/user/abgvg9/benchmark/files/all/glcm/glcm.pdb. Best match rsd_type:  SER
core.io.pose_from_sfr.PoseFromSFRBuilder: [ WARNING ] discarding 4 atoms at position 356 in file /data/user/abgvg9/benchmark/files/all/glcm/glcm.pdb. Best match rsd_type:  LYS
core.io.pose_from_sfr.PoseFromSFRBuilder: [ WARNING ] discarding 1 atoms at position 357 in file /data/user/abgvg9/benchmark/files/all/glcm/glcm.pdb. Best match rsd_type:  ILE
core.io.pose_from_sfr.PoseFromSFRBuilder: [ WARNING ] discarding 1 atoms at position 358 in file /data/user/abgvg9/benchmark/files/all/glcm/glcm.pdb. Best match rsd_type:  GLU
core.io.pose_from_sfr.PoseFromSFRBuilder: [ WARNING ] discarding 1 atoms at position 359 in file /data/user/abgvg9/benchmark/files/all/glcm/glcm.pdb. Best match rsd_type:  ASP
core.io.pose_from_sfr.PoseFromSFRBuilder: [ WARNING ] discarding 1 atoms at position 360 in file /data/user/abgvg9/benchmark/files/all/glcm/glcm.pdb. Best match rsd_type:  VAL
core.io.pose_from_sfr.PoseFromSFRBuilder: [ WARNING ] discarding 1 atoms at position 361 in file /data/user/abgvg9/benchmark/files/all/glcm/glcm.pdb. Best match rsd_type:  VAL
core.io.pose_from_sfr.PoseFromSFRBuilder: [ WARNING ] discarding 1 atoms at position 362 in file /data/user/abgvg9/benchmark/files/all/glcm/glcm.pdb. Best match rsd_type:  LEU
core.io.pose_from_sfr.PoseFromSFRBuilder: [ WARNING ] discarding 3 atoms at position 363 in file /data/user/abgvg9/benchmark/files/all/glcm/glcm.pdb. Best match rsd_type:  ASN
core.io.pose_from_sfr.PoseFromSFRBuilder: [ WARNING ] discarding 6 atoms at position 364 in file /data/user/abgvg9/benchmark/files/all/glcm/glcm.pdb. Best match rsd_type:  ARG
core.io.pose_from_sfr.PoseFromSFRBuilder: [ WARNING ] discarding 2 atoms at position 365 in file /data/user/abgvg9/benchmark/files/all/glcm/glcm.pdb. Best match rsd_type:  TYR
core.io.pose_from_sfr.PoseFromSFRBuilder: [ WARNING ] discarding 2 atoms at position 366 in file /data/user/abgvg9/benchmark/files/all/glcm/glcm.pdb. Best match rsd_type:  SER
core.io.pose_from_sfr.PoseFromSFRBuilder: [ WARNING ] discarding 1 atoms at position 367 in file /data/user/abgvg9/benchmark/files/all/glcm/glcm.pdb. Best match rsd_type:  ILE
core.io.pose_from_sfr.PoseFromSFRBuilder: [ WARNING ] discarding 2 atoms at position 368 in file /data/user/abgvg9/benchmark/files/all/glcm/glcm.pdb. Best match rsd_type:  TYR
core.io.pose_from_sfr.PoseFromSFRBuilder: [ WARNING ] discarding 6 atoms at position 369 in file /data/user/abgvg9/benchmark/files/all/glcm/glcm.pdb. Best match rsd_type:  ARG
core.io.pose_from_sfr.PoseFromSFRBuilder: [ WARNING ] discarding 2 atoms at position 370 in file /data/user/abgvg9/benchmark/files/all/glcm/glcm.pdb. Best match rsd_type:  CYS
core.io.pose_from_sfr.PoseFromSFRBuilder: [ WARNING ] discarding 1 atoms at position 371 in file /data/user/abgvg9/benchmark/files/all/glcm/glcm.pdb. Best match rsd_type:  ASP
core.io.pose_from_sfr.PoseFromSFRBuilder: [ WARNING ] discarding 1 atoms at position 372 in file /data/user/abgvg9/benchmark/files/all/glcm/glcm.pdb. Best match rsd_type:  PHE
core.io.pose_from_sfr.PoseFromSFRBuilder: [ WARNING ] discarding 2 atoms at position 373 in file /data/user/abgvg9/benchmark/files/all/glcm/glcm.pdb. Best match rsd_type:  TRP
core.io.pose_from_sfr.PoseFromSFRBuilder: [ WARNING ] discarding 3 atoms at position 374 in file /data/user/abgvg9/benchmark/files/all/glcm/glcm.pdb. Best match rsd_type:  ASN
core.io.pose_from_sfr.PoseFromSFRBuilder: [ WARNING ] discarding 1 atoms at position 375 in file /data/user/abgvg9/benchmark/files/all/glcm/glcm.pdb. Best match rsd_type:  ALA
core.io.pose_from_sfr.PoseFromSFRBuilder: [ WARNING ] discarding 1 atoms at position 376 in file /data/user/abgvg9/benchmark/files/all/glcm/glcm.pdb. Best match rsd_type:  VAL
core.io.pose_from_sfr.PoseFromSFRBuilder: [ WARNING ] discarding 3 atoms at position 377 in file /data/user/abgvg9/benchmark/files/all/glcm/glcm.pdb. Best match rsd_type:  ASN
core.io.pose_from_sfr.PoseFromSFRBuilder: [ WARNING ] discarding 1 atoms at position 378 in file /data/user/abgvg9/benchmark/files/all/glcm/glcm.pdb. Best match rsd_type:  GLY
core.io.pose_from_sfr.PoseFromSFRBuilder: [ WARNING ] discarding 4 atoms at position 379 in file /data/user/abgvg9/benchmark/files/all/glcm/glcm.pdb. Best match rsd_type:  LYS
core.io.pose_from_sfr.PoseFromSFRBuilder: [ WARNING ] discarding 1 atoms at position 380 in file /data/user/abgvg9/benchmark/files/all/glcm/glcm.pdb. Best match rsd_type:  GLY
core.io.pose_from_sfr.PoseFromSFRBuilder: [ WARNING ] discarding 2 atoms at position 381 in file /data/user/abgvg9/benchmark/files/all/glcm/glcm.pdb. Best match rsd_type:  SER
core.io.pose_from_sfr.PoseFromSFRBuilder: [ WARNING ] discarding 1 atoms at position 382 in file /data/user/abgvg9/benchmark/files/all/glcm/glcm.pdb. Best match rsd_type:  GLU
core.io.pose_from_sfr.PoseFromSFRBuilder: [ WARNING ] discarding 3 atoms at position 383 in file /data/user/abgvg9/benchmark/files/all/glcm/glcm.pdb. Best match rsd_type:  ASN
core.io.pose_from_sfr.PoseFromSFRBuilder: [ WARNING ] discarding 1 atoms at position 384 in file /data/user/abgvg9/benchmark/files/all/glcm/glcm.pdb. Best match rsd_type:  GLU
core.io.pose_from_sfr.PoseFromSFRBuilder: [ WARNING ] discarding 2 atoms at position 386 in file /data/user/abgvg9/benchmark/files/all/glcm/glcm.pdb. Best match rsd_type:  SER
core.io.pose_from_sfr.PoseFromSFRBuilder: [ WARNING ] discarding 1 atoms at position 387 in file /data/user/abgvg9/benchmark/files/all/glcm/glcm.pdb. Best match rsd_type:  ALA
core.io.pose_from_sfr.PoseFromSFRBuilder: [ WARNING ] discarding 1 atoms at position 388 in file /data/user/abgvg9/benchmark/files/all/glcm/glcm.pdb. Best match rsd_type:  GLY
core.io.pose_from_sfr.PoseFromSFRBuilder: [ WARNING ] discarding 1 atoms at position 389 in file /data/user/abgvg9/benchmark/files/all/glcm/glcm.pdb. Best match rsd_type:  LEU
core.io.pose_from_sfr.PoseFromSFRBuilder: [ WARNING ] discarding 1 atoms at position 390 in file /data/user/abgvg9/benchmark/files/all/glcm/glcm.pdb. Best match rsd_type:  LEU
core.io.pose_from_sfr.PoseFromSFRBuilder: [ WARNING ] discarding 2 atoms at position 391 in file /data/user/abgvg9/benchmark/files/all/glcm/glcm.pdb. Best match rsd_type:  SER
core.io.pose_from_sfr.PoseFromSFRBuilder: [ WARNING ] discarding 1 atoms at position 392 in file /data/user/abgvg9/benchmark/files/all/glcm/glcm.pdb. Best match rsd_type:  GLY
core.io.pose_from_sfr.PoseFromSFRBuilder: [ WARNING ] discarding 2 atoms at position 393 in file /data/user/abgvg9/benchmark/files/all/glcm/glcm.pdb. Best match rsd_type:  TYR
core.io.pose_from_sfr.PoseFromSFRBuilder: [ WARNING ] discarding 1 atoms at position 395 in file /data/user/abgvg9/benchmark/files/all/glcm/glcm.pdb. Best match rsd_type:  PHE
core.io.pose_from_sfr.PoseFromSFRBuilder: [ WARNING ] discarding 3 atoms at position 396 in file /data/user/abgvg9/benchmark/files/all/glcm/glcm.pdb. Best match rsd_type:  GLN
core.io.pose_from_sfr.PoseFromSFRBuilder: [ WARNING ] discarding 2 atoms at position 397 in file /data/user/abgvg9/benchmark/files/all/glcm/glcm.pdb. Best match rsd_type:  CYS
core.io.pose_from_sfr.PoseFromSFRBuilder: [ WARNING ] discarding 1 atoms at position 398 in file /data/user/abgvg9/benchmark/files/all/glcm/glcm.pdb. Best match rsd_type:  LEU
core.io.pose_from_sfr.PoseFromSFRBuilder: [ WARNING ] discarding 1 atoms at position 399 in file /data/user/abgvg9/benchmark/files/all/glcm/glcm.pdb. Best match rsd_type:  GLY
core.io.pose_from_sfr.PoseFromSFRBuilder: [ WARNING ] discarding 1 atoms at position 400 in file /data/user/abgvg9/benchmark/files/all/glcm/glcm.pdb. Best match rsd_type:  PHE
core.io.pose_from_sfr.PoseFromSFRBuilder: [ WARNING ] discarding 2 atoms at position 401 in file /data/user/abgvg9/benchmark/files/all/glcm/glcm.pdb. Best match rsd_type:  THR
core.io.pose_from_sfr.PoseFromSFRBuilder: [ WARNING ] discarding 1 atoms at position 403 in file /data/user/abgvg9/benchmark/files/all/glcm/glcm.pdb. Best match rsd_type:  GLU
core.io.pose_from_sfr.PoseFromSFRBuilder: [ WARNING ] discarding 1 atoms at position 404 in file /data/user/abgvg9/benchmark/files/all/glcm/glcm.pdb. Best match rsd_type:  LEU
core.io.pose_from_sfr.PoseFromSFRBuilder: [ WARNING ] discarding 1 atoms at position 405 in file /data/user/abgvg9/benchmark/files/all/glcm/glcm.pdb. Best match rsd_type:  ASP
core.io.pose_from_sfr.PoseFromSFRBuilder: [ WARNING ] discarding 1 atoms at position 406 in file /data/user/abgvg9/benchmark/files/all/glcm/glcm.pdb. Best match rsd_type:  ASP
core.io.pose_from_sfr.PoseFromSFRBuilder: [ WARNING ] discarding 3 atoms at position 407 in file /data/user/abgvg9/benchmark/files/all/glcm/glcm.pdb. Best match rsd_type:  GLN
core.io.pose_from_sfr.PoseFromSFRBuilder: [ WARNING ] discarding 6 atoms at position 408 in file /data/user/abgvg9/benchmark/files/all/glcm/glcm.pdb. Best match rsd_type:  ARG
core.io.pose_from_sfr.PoseFromSFRBuilder: [ WARNING ] discarding 1 atoms at position 409 in file /data/user/abgvg9/benchmark/files/all/glcm/glcm.pdb. Best match rsd_type:  LEU
core.io.pose_from_sfr.PoseFromSFRBuilder: [ WARNING ] discarding 1 atoms at position 410 in file /data/user/abgvg9/benchmark/files/all/glcm/glcm.pdb. Best match rsd_type:  LEU
core.io.pose_from_sfr.PoseFromSFRBuilder: [ WARNING ] discarding 1 atoms at position 411 in file /data/user/abgvg9/benchmark/files/all/glcm/glcm.pdb. Best match rsd_type:  LEU
core.io.pose_from_sfr.PoseFromSFRBuilder: [ WARNING ] discarding 2 atoms at position 413 in file /data/user/abgvg9/benchmark/files/all/glcm/glcm.pdb. Best match rsd_type:  HIS
core.io.pose_from_sfr.PoseFromSFRBuilder: [ WARNING ] discarding 2 atoms at position 414 in file /data/user/abgvg9/benchmark/files/all/glcm/glcm.pdb. Best match rsd_type:  TRP
core.io.pose_from_sfr.PoseFromSFRBuilder: [ WARNING ] discarding 1 atoms at position 415 in file /data/user/abgvg9/benchmark/files/all/glcm/glcm.pdb. Best match rsd_type:  ALA
core.io.pose_from_sfr.PoseFromSFRBuilder: [ WARNING ] discarding 1 atoms at position 416 in file /data/user/abgvg9/benchmark/files/all/glcm/glcm.pdb. Best match rsd_type:  VAL
core.io.pose_from_sfr.PoseFromSFRBuilder: [ WARNING ] discarding 2 atoms at position 417 in file /data/user/abgvg9/benchmark/files/all/glcm/glcm.pdb. Best match rsd_type:  HIS
core.io.pose_from_sfr.PoseFromSFRBuilder: [ WARNING ] discarding 2 atoms at position 418 in file /data/user/abgvg9/benchmark/files/all/glcm/glcm.pdb. Best match rsd_type:  TRP
core.io.pose_from_sfr.PoseFromSFRBuilder: [ WARNING ] discarding 2 atoms at position 419 in file /data/user/abgvg9/benchmark/files/all/glcm/glcm.pdb. Best match rsd_type:  TYR
core.io.pose_from_sfr.PoseFromSFRBuilder: [ WARNING ] discarding 1 atoms at position 420 in file /data/user/abgvg9/benchmark/files/all/glcm/glcm.pdb. Best match rsd_type:  LEU
core.io.pose_from_sfr.PoseFromSFRBuilder: [ WARNING ] discarding 1 atoms at position 421 in file /data/user/abgvg9/benchmark/files/all/glcm/glcm.pdb. Best match rsd_type:  ASP
core.io.pose_from_sfr.PoseFromSFRBuilder: [ WARNING ] discarding 1 atoms at position 422 in file /data/user/abgvg9/benchmark/files/all/glcm/glcm.pdb. Best match rsd_type:  PHE
core.io.pose_from_sfr.PoseFromSFRBuilder: [ WARNING ] discarding 1 atoms at position 423 in file /data/user/abgvg9/benchmark/files/all/glcm/glcm.pdb. Best match rsd_type:  LEU
core.io.pose_from_sfr.PoseFromSFRBuilder: [ WARNING ] discarding 1 atoms at position 424 in file /data/user/abgvg9/benchmark/files/all/glcm/glcm.pdb. Best match rsd_type:  ALA
core.io.pose_from_sfr.PoseFromSFRBuilder: [ WARNING ] discarding 1 atoms at position 426 in file /data/user/abgvg9/benchmark/files/all/glcm/glcm.pdb. Best match rsd_type:  ALA
core.io.pose_from_sfr.PoseFromSFRBuilder: [ WARNING ] discarding 4 atoms at position 427 in file /data/user/abgvg9/benchmark/files/all/glcm/glcm.pdb. Best match rsd_type:  LYS
core.io.pose_from_sfr.PoseFromSFRBuilder: [ WARNING ] discarding 1 atoms at position 428 in file /data/user/abgvg9/benchmark/files/all/glcm/glcm.pdb. Best match rsd_type:  ALA
core.io.pose_from_sfr.PoseFromSFRBuilder: [ WARNING ] discarding 2 atoms at position 429 in file /data/user/abgvg9/benchmark/files/all/glcm/glcm.pdb. Best match rsd_type:  THR
core.io.pose_from_sfr.PoseFromSFRBuilder: [ WARNING ] discarding 1 atoms at position 430 in file /data/user/abgvg9/benchmark/files/all/glcm/glcm.pdb. Best match rsd_type:  LEU
core.io.pose_from_sfr.PoseFromSFRBuilder: [ WARNING ] discarding 2 atoms at position 431 in file /data/user/abgvg9/benchmark/files/all/glcm/glcm.pdb. Best match rsd_type:  THR
core.io.pose_from_sfr.PoseFromSFRBuilder: [ WARNING ] discarding 2 atoms at position 432 in file /data/user/abgvg9/benchmark/files/all/glcm/glcm.pdb. Best match rsd_type:  SER
core.io.pose_from_sfr.PoseFromSFRBuilder: [ WARNING ] discarding 1 atoms at position 433 in file /data/user/abgvg9/benchmark/files/all/glcm/glcm.pdb. Best match rsd_type:  GLU
core.io.pose_from_sfr.PoseFromSFRBuilder: [ WARNING ] discarding 1 atoms at position 434 in file /data/user/abgvg9/benchmark/files/all/glcm/glcm.pdb. Best match rsd_type:  ALA
core.io.pose_from_sfr.PoseFromSFRBuilder: [ WARNING ] discarding 2 atoms at position 435 in file /data/user/abgvg9/benchmark/files/all/glcm/glcm.pdb. Best match rsd_type:  CYS
core.io.pose_from_sfr.PoseFromSFRBuilder: [ WARNING ] discarding 1 atoms at position 436 in file /data/user/abgvg9/benchmark/files/all/glcm/glcm.pdb. Best match rsd_type:  VAL
core.io.pose_from_sfr.PoseFromSFRBuilder: [ WARNING ] discarding 1 atoms at position 437 in file /data/user/abgvg9/benchmark/files/all/glcm/glcm.pdb. Best match rsd_type:  GLY
core.io.pose_from_sfr.PoseFromSFRBuilder: [ WARNING ] discarding 2 atoms at position 438 in file /data/user/abgvg9/benchmark/files/all/glcm/glcm.pdb. Best match rsd_type:  SER
core.io.pose_from_sfr.PoseFromSFRBuilder: [ WARNING ] discarding 4 atoms at position 439 in file /data/user/abgvg9/benchmark/files/all/glcm/glcm.pdb. Best match rsd_type:  LYS
core.io.pose_from_sfr.PoseFromSFRBuilder: [ WARNING ] discarding 1 atoms at position 440 in file /data/user/abgvg9/benchmark/files/all/glcm/glcm.pdb. Best match rsd_type:  PHE
core.io.pose_from_sfr.PoseFromSFRBuilder: [ WARNING ] discarding 2 atoms at position 441 in file /data/user/abgvg9/benchmark/files/all/glcm/glcm.pdb. Best match rsd_type:  TRP
core.io.pose_from_sfr.PoseFromSFRBuilder: [ WARNING ] discarding 1 atoms at position 442 in file /data/user/abgvg9/benchmark/files/all/glcm/glcm.pdb. Best match rsd_type:  GLU
core.io.pose_from_sfr.PoseFromSFRBuilder: [ WARNING ] discarding 3 atoms at position 443 in file /data/user/abgvg9/benchmark/files/all/glcm/glcm.pdb. Best match rsd_type:  GLN
core.io.pose_from_sfr.PoseFromSFRBuilder: [ WARNING ] discarding 2 atoms at position 444 in file /data/user/abgvg9/benchmark/files/all/glcm/glcm.pdb. Best match rsd_type:  SER
core.io.pose_from_sfr.PoseFromSFRBuilder: [ WARNING ] discarding 1 atoms at position 445 in file /data/user/abgvg9/benchmark/files/all/glcm/glcm.pdb. Best match rsd_type:  VAL
core.io.pose_from_sfr.PoseFromSFRBuilder: [ WARNING ] discarding 6 atoms at position 446 in file /data/user/abgvg9/benchmark/files/all/glcm/glcm.pdb. Best match rsd_type:  ARG
core.io.pose_from_sfr.PoseFromSFRBuilder: [ WARNING ] discarding 2 atoms at position 447 in file /data/user/abgvg9/benchmark/files/all/glcm/glcm.pdb. Best match rsd_type:  SER
core.io.pose_from_sfr.PoseFromSFRBuilder: [ WARNING ] discarding 1 atoms at position 448 in file /data/user/abgvg9/benchmark/files/all/glcm/glcm.pdb. Best match rsd_type:  ASP
core.io.pose_from_sfr.PoseFromSFRBuilder: [ WARNING ] discarding 6 atoms at position 449 in file /data/user/abgvg9/benchmark/files/all/glcm/glcm.pdb. Best match rsd_type:  ARG
core.io.pose_from_sfr.PoseFromSFRBuilder: [ WARNING ] discarding 1 atoms at position 450 in file /data/user/abgvg9/benchmark/files/all/glcm/glcm.pdb. Best match rsd_type:  GLY
core.io.pose_from_sfr.PoseFromSFRBuilder: [ WARNING ] discarding 1 atoms at position 451 in file /data/user/abgvg9/benchmark/files/all/glcm/glcm.pdb. Best match rsd_type:  MET
core.io.pose_from_sfr.PoseFromSFRBuilder: [ WARNING ] discarding 3 atoms at position 452 in file /data/user/abgvg9/benchmark/files/all/glcm/glcm.pdb. Best match rsd_type:  GLN
core.io.pose_from_sfr.PoseFromSFRBuilder: [ WARNING ] discarding 2 atoms at position 453 in file /data/user/abgvg9/benchmark/files/all/glcm/glcm.pdb. Best match rsd_type:  TYR
core.io.pose_from_sfr.PoseFromSFRBuilder: [ WARNING ] discarding 2 atoms at position 454 in file /data/user/abgvg9/benchmark/files/all/glcm/glcm.pdb. Best match rsd_type:  HIS
core.io.pose_from_sfr.PoseFromSFRBuilder: [ WARNING ] discarding 2 atoms at position 455 in file /data/user/abgvg9/benchmark/files/all/glcm/glcm.pdb. Best match rsd_type:  SER
core.io.pose_from_sfr.PoseFromSFRBuilder: [ WARNING ] discarding 2 atoms at position 456 in file /data/user/abgvg9/benchmark/files/all/glcm/glcm.pdb. Best match rsd_type:  THR
core.io.pose_from_sfr.PoseFromSFRBuilder: [ WARNING ] discarding 3 atoms at position 457 in file /data/user/abgvg9/benchmark/files/all/glcm/glcm.pdb. Best match rsd_type:  ASN
core.io.pose_from_sfr.PoseFromSFRBuilder: [ WARNING ] discarding 2 atoms at position 458 in file /data/user/abgvg9/benchmark/files/all/glcm/glcm.pdb. Best match rsd_type:  TRP
core.io.pose_from_sfr.PoseFromSFRBuilder: [ WARNING ] discarding 2 atoms at position 459 in file /data/user/abgvg9/benchmark/files/all/glcm/glcm.pdb. Best match rsd_type:  TRP
core.io.pose_from_sfr.PoseFromSFRBuilder: [ WARNING ] discarding 3 atoms at position 460 in file /data/user/abgvg9/benchmark/files/all/glcm/glcm.pdb. Best match rsd_type:  ASN
core.io.pose_from_sfr.PoseFromSFRBuilder: [ WARNING ] discarding 1 atoms at position 461 in file /data/user/abgvg9/benchmark/files/all/glcm/glcm.pdb. Best match rsd_type:  LEU
core.io.pose_from_sfr.PoseFromSFRBuilder: [ WARNING ] discarding 1 atoms at position 462 in file /data/user/abgvg9/benchmark/files/all/glcm/glcm.pdb. Best match rsd_type:  GLU
core.io.pose_from_sfr.PoseFromSFRBuilder: [ WARNING ] discarding 1 atoms at position 463 in file /data/user/abgvg9/benchmark/files/all/glcm/glcm.pdb. Best match rsd_type:  GLY
core.io.pose_from_sfr.PoseFromSFRBuilder: [ WARNING ] discarding 3 atoms at position 464 in file /data/user/abgvg9/benchmark/files/all/glcm/glcm.pdb. Best match rsd_type:  ASN
core.io.pose_from_sfr.PoseFromSFRBuilder: [ WARNING ] discarding 2 atoms at position 465 in file /data/user/abgvg9/benchmark/files/all/glcm/glcm.pdb. Best match rsd_type:  TRP
core.io.pose_from_sfr.PoseFromSFRBuilder: [ WARNING ] discarding 1 atoms at position 466 in file /data/user/abgvg9/benchmark/files/all/glcm/glcm.pdb. Best match rsd_type:  VAL
core.io.pose_from_sfr.PoseFromSFRBuilder: [ WARNING ] discarding 6 atoms at position 467 in file /data/user/abgvg9/benchmark/files/all/glcm/glcm.pdb. Best match rsd_type:  ARG
core.io.pose_from_sfr.PoseFromSFRBuilder: [ WARNING ] discarding 3 atoms at position 468 in file /data/user/abgvg9/benchmark/files/all/glcm/glcm.pdb. Best match rsd_type:  ASN
core.io.pose_from_sfr.PoseFromSFRBuilder: [ WARNING ] discarding 1 atoms at position 469 in file /data/user/abgvg9/benchmark/files/all/glcm/glcm.pdb. Best match rsd_type:  PHE
core.io.pose_from_sfr.PoseFromSFRBuilder: [ WARNING ] discarding 1 atoms at position 470 in file /data/user/abgvg9/benchmark/files/all/glcm/glcm.pdb. Best match rsd_type:  VAL
core.io.pose_from_sfr.PoseFromSFRBuilder: [ WARNING ] discarding 1 atoms at position 471 in file /data/user/abgvg9/benchmark/files/all/glcm/glcm.pdb. Best match rsd_type:  ASP
core.io.pose_from_sfr.PoseFromSFRBuilder: [ WARNING ] discarding 2 atoms at position 472 in file /data/user/abgvg9/benchmark/files/all/glcm/glcm.pdb. Best match rsd_type:  SER
core.io.pose_from_sfr.PoseFromSFRBuilder: [ WARNING ] discarding 1 atoms at position 473 in file /data/user/abgvg9/benchmark/files/all/glcm/glcm.pdb. Best match rsd_type:  MET
core.io.pose_from_sfr.PoseFromSFRBuilder: [ WARNING ] discarding 6 atoms at position 474 in file /data/user/abgvg9/benchmark/files/all/glcm/glcm.pdb. Best match rsd_type:  ARG:CtermProteinFull
core.conformation.Conformation: [ WARNING ] missing heavyatom:  OXT on residue ARG:CtermProteinFull 474
core.conformation.Conformation: Found disulfide between residues 12 13
LDS_app: Making LigandDiscoverySearch object
core.scoring.etable: Starting energy table calculation
core.scoring.etable: smooth_etable: changing atr/rep split to bottom of energy well
core.scoring.etable: smooth_etable: spline smoothing lj etables (maxdis = 6)
core.scoring.etable: smooth_etable: spline smoothing solvation etables (max_dis = 6)
core.scoring.etable: Finished calculating energy tables.
basic.io.database: Database file opened: scoring/score_functions/PairEPotential/pdb_pair_stats_fine
basic.io.database: Database file opened: scoring/score_functions/hbonds/ref2015_params/HBPoly1D.csv
basic.io.database: Database file opened: scoring/score_functions/hbonds/ref2015_params/HBFadeIntervals.csv
basic.io.database: Database file opened: scoring/score_functions/hbonds/ref2015_params/HBEval.csv
basic.io.database: Database file opened: scoring/score_functions/hbonds/ref2015_params/DonStrength.csv
basic.io.database: Database file opened: scoring/score_functions/hbonds/ref2015_params/AccStrength.csv
basic.io.database: Database file opened: scoring/score_functions/P_AA_pp/P_AA
basic.io.database: Database file opened: scoring/score_functions/P_AA_pp/P_AA_n
core.scoring.P_AA: shapovalov_lib::shap_p_aa_pp_smooth_level of 1( aka low_smooth ) got activated.
basic.io.database: Database file opened: scoring/score_functions/P_AA_pp/shapovalov/10deg/kappa131/a20.prop
basic.io.database: Database file opened: scoring/score_functions/omega/omega_ppdep.all.txt
basic.io.database: Database file opened: scoring/score_functions/omega/omega_ppdep.gly.txt
basic.io.database: Database file opened: scoring/score_functions/omega/omega_ppdep.pro.txt
basic.io.database: Database file opened: scoring/score_functions/omega/omega_ppdep.valile.txt
LDS_app: Running discovery for glcm
protocols.ligand_docking.ligand_options.Protocol: Initializing options: 
protocols.ligand_docking.ligand_options.Protocol: allow_minimization_: 1
protocols.ligand_docking.ligand_options.Protocol: allow_repacking_: 1
protocols.ligand_docking.ligand_options.Protocol: all_residues_: 0
LigandDiscoverySearch.discover: Current anchor residue position: 244
LigandDiscoverySearch.create_protein_matrix_space_fill: binding_pocket_dimensions: 10,10,10
LigandDiscoverySearch.create_protein_matrix_space_fill: binding_pocket_dimensions: 3,3,2
LigandDiscoverySearch.create_protein_matrix_space_fill: Sub-region stats without placed region, bound by adjusted coordinates: x(32->38) y(29->35) z(34->38)
LigandDiscoverySearch.discover: Starting to iterate through all ligands
LigandDiscoverySearch.discover: On ligand +
basic.io.database: [ WARNING ] Unable to locate database file chemical/pdb_components/components.c.cif
basic.io.database: [ WARNING ] Unable to locate database file chemical/pdb_components/components.c.cif.gz
core.chemical.GlobalResidueTypeSet: [ WARNING ] Could not find: 'cry' in pdb components files! Skipping residue...
core.pack.task: Packer task: initialize from command line() 
core.pack.task: Packer task: initialize from command line() 
core.pack.task: Packer task: initialize from command line() 
protocols.moves.MonteCarlo: MonteCarlo:: last_accepted_score,lowest_score: -1949.33 -1950.02
basic.io.database: Database file opened: scoring/score_functions/elec_cp_reps.dat
core.scoring.elec.util: Read 40 countpair representative atoms
basic.io.database: Database file opened: scoring/score_functions/disulfides/fa_SS_distance_score
core.pack.dunbrack.RotamerLibrary: shapovalov_lib_fixes_enable option is true.
core.pack.dunbrack.RotamerLibrary: shapovalov_lib::shap_dun10_smooth_level of 1( aka lowest_smooth ) got activated.
core.pack.dunbrack.RotamerLibrary: Binary rotamer library selected: /scratch/abgvg9/rosetta_may_for_checkin/rosetta/database/rotamer/shapovalov/StpDwn_0-0-0/Dunbrack10.lib.bin
core.pack.dunbrack.RotamerLibrary: Using Dunbrack library binary file '/scratch/abgvg9/rosetta_may_for_checkin/rosetta/database/rotamer/shapovalov/StpDwn_0-0-0/Dunbrack10.lib.bin'.
core.pack.dunbrack.RotamerLibrary: Dunbrack 2010 library took 0.14 seconds to load from binary
protocols.motifs.Motif: Res1 name is TYR
protocols.motifs.Motif: atom1 name is COO
protocols.motifs.Motif: atom2 name is CH2
protocols.motifs.Motif: atom3 name is OH
protocols.motifs.Motif: Res1 name is LEU
protocols.motifs.Motif: atom1 name is COO
protocols.motifs.Motif: atom2 name is CH2
protocols.motifs.Motif: atom3 name is OH
protocols.motifs.Motif: Res1 name is SER
protocols.motifs.Motif: atom1 name is CH2
protocols.motifs.Motif: atom2 name is CH2
protocols.motifs.Motif: atom3 name is OH
protocols.motifs.Motif: Res1 name is LYS
protocols.motifs.Motif: atom1 name is CH2
protocols.motifs.Motif: atom2 name is CH2
protocols.motifs.Motif: atom3 name is OH
core.pack.task: Packer task: initialize from command line() 
core.pack.task: Packer task: initialize from command line() 
core.pack.task: Packer task: initialize from command line() 
protocols.moves.MonteCarlo: MonteCarlo:: last_accepted_score,lowest_score: -1954.57 -1954.57
protocols.motifs.Motif: Res1 name is ASP
protocols.motifs.Motif: atom1 name is COO
protocols.motifs.Motif: atom2 name is CH2
protocols.motifs.Motif: atom3 name is OH
protocols.motifs.Motif: Res1 name is GLU
protocols.motifs.Motif: atom1 name is CH2
protocols.motifs.Motif: atom2 name is CH2
protocols.motifs.Motif: atom3 name is Ntrp
protocols.motifs.Motif: Res1 name is TYR
protocols.motifs.Motif: atom1 name is COO
protocols.motifs.Motif: atom2 name is CH2
protocols.motifs.Motif: atom3 name is OH
protocols.motifs.Motif: Res1 name is PHE
protocols.motifs.Motif: atom1 name is COO
protocols.motifs.Motif: atom2 name is CH2
protocols.motifs.Motif: atom3 name is OH
protocols.motifs.Motif: Res1 name is TYR
protocols.motifs.Motif: atom1 name is CH2
protocols.motifs.Motif: atom2 name is CH2
protocols.motifs.Motif: atom3 name is OH
protocols.motifs.Motif: Res1 name is GLU
protocols.motifs.Motif: atom1 name is COO
protocols.motifs.Motif: atom2 name is CH2
protocols.motifs.Motif: atom3 name is OH
protocols.motifs.Motif: Res1 name is SER
protocols.motifs.Motif: atom1 name is CH2
protocols.motifs.Motif: atom2 name is CH2
protocols.motifs.Motif: atom3 name is Ntrp
protocols.motifs.Motif: Res1 name is ASN
protocols.motifs.Motif: atom1 name is COO
protocols.motifs.Motif: atom2 name is CH2
protocols.motifs.Motif: atom3 name is OH
core.pack.task: Packer task: initialize from command line() 
core.pack.task: Packer task: initialize from command line() 
core.pack.task: Packer task: initialize from command line() 
protocols.moves.MonteCarlo: MonteCarlo:: last_accepted_score,lowest_score: -1774.43 -1774.43
protocols.motifs.Motif: Res1 name is PHE
protocols.motifs.Motif: atom1 name is CH2
protocols.motifs.Motif: atom2 name is CH2
protocols.motifs.Motif: atom3 name is Ntrp
protocols.motifs.Motif: Res1 name is TYR
protocols.motifs.Motif: atom1 name is CH2
protocols.motifs.Motif: atom2 name is CH2
protocols.motifs.Motif: atom3 name is Ntrp
protocols.motifs.Motif: Res1 name is ASN
protocols.motifs.Motif: atom1 name is CH2
protocols.motifs.Motif: atom2 name is CH2
protocols.motifs.Motif: atom3 name is Ntrp
protocols.motifs.Motif: Res1 name is PHE
protocols.motifs.Motif: atom1 name is COO
protocols.motifs.Motif: atom2 name is CH2
protocols.motifs.Motif: atom3 name is OH
core.pack.task: Packer task: initialize from command line() 
core.pack.task: Packer task: initialize from command line() 
core.pack.task: Packer task: initialize from command line() 
protocols.moves.MonteCarlo: MonteCarlo:: last_accepted_score,lowest_score: -1948.84 -1949.03
protocols.motifs.Motif: Res1 name is PHE
protocols.motifs.Motif: atom1 name is CH2
protocols.motifs.Motif: atom2 name is CH2
protocols.motifs.Motif: atom3 name is Ntrp
protocols.motifs.Motif: Res1 name is TYR
protocols.motifs.Motif: atom1 name is CH2
protocols.motifs.Motif: atom2 name is CH2
protocols.motifs.Motif: atom3 name is Ntrp
protocols.motifs.Motif: Res1 name is PHE
protocols.motifs.Motif: atom1 name is COO
protocols.motifs.Motif: atom2 name is CH2
protocols.motifs.Motif: atom3 name is OH
core.pack.task: Packer task: initialize from command line() 
core.pack.task: Packer task: initialize from command line() 
core.pack.task: Packer task: initialize from command line() 
protocols.moves.MonteCarlo: MonteCarlo:: last_accepted_score,lowest_score: -1949.3 -1949.7
protocols.motifs.Motif: Res1 name is TYR
protocols.motifs.Motif: atom1 name is CH2
protocols.motifs.Motif: atom2 name is CH2
protocols.motifs.Motif: atom3 name is OH
protocols.motifs.Motif: Res1 name is PHE
protocols.motifs.Motif: atom1 name is COO
protocols.motifs.Motif: atom2 name is CH2
protocols.motifs.Motif: atom3 name is OH
protocols.motifs.Motif: Res1 name is TYR
protocols.motifs.Motif: atom1 name is CH2
protocols.motifs.Motif: atom2 name is CH2
protocols.motifs.Motif: atom3 name is OH
protocols.motifs.Motif: Res1 name is SER
protocols.motifs.Motif: atom1 name is COO
protocols.motifs.Motif: atom2 name is CH2
protocols.motifs.Motif: atom3 name is OH
protocols.motifs.Motif: Res1 name is LYS
protocols.motifs.Motif: atom1 name is COO
protocols.motifs.Motif: atom2 name is CH2
protocols.motifs.Motif: atom3 name is OH
protocols.motifs.Motif: Res1 name is PHE
protocols.motifs.Motif: atom1 name is COO
protocols.motifs.Motif: atom2 name is CH2
protocols.motifs.Motif: atom3 name is OH
core.pack.task: Packer task: initialize from command line() 
core.pack.task: Packer task: initialize from command line() 
core.pack.task: Packer task: initialize from command line() 
protocols.moves.MonteCarlo: MonteCarlo:: last_accepted_score,lowest_score: -1949.99 -1950.17
protocols.motifs.Motif: Res1 name is GLU
protocols.motifs.Motif: atom1 name is COO
protocols.motifs.Motif: atom2 name is CH2
protocols.motifs.Motif: atom3 name is OH
protocols.motifs.Motif: Res1 name is TYR
protocols.motifs.Motif: atom1 name is CH2
protocols.motifs.Motif: atom2 name is CH2
protocols.motifs.Motif: atom3 name is Ntrp
protocols.motifs.Motif: Res1 name is PHE
protocols.motifs.Motif: atom1 name is CH2
protocols.motifs.Motif: atom2 name is CH2
protocols.motifs.Motif: atom3 name is Ntrp
protocols.motifs.Motif: Res1 name is TYR
protocols.motifs.Motif: atom1 name is COO
protocols.motifs.Motif: atom2 name is CH2
protocols.motifs.Motif: atom3 name is OH
core.pack.task: Packer task: initialize from command line() 
core.pack.task: Packer task: initialize from command line() 
core.pack.task: Packer task: initialize from command line() 
protocols.moves.MonteCarlo: MonteCarlo:: last_accepted_score,lowest_score: -1949.24 -1949.65
protocols.motifs.Motif: Res1 name is PHE
protocols.motifs.Motif: atom1 name is COO
protocols.motifs.Motif: atom2 name is CH2
protocols.motifs.Motif: atom3 name is OH
protocols.motifs.Motif: Res1 name is TYR
protocols.motifs.Motif: atom1 name is CH2
protocols.motifs.Motif: atom2 name is CH2
protocols.motifs.Motif: atom3 name is OH
protocols.motifs.Motif: Res1 name is SER
protocols.motifs.Motif: atom1 name is COO
protocols.motifs.Motif: atom2 name is CH2
protocols.motifs.Motif: atom3 name is OH
protocols.motifs.Motif: Res1 name is LYS
protocols.motifs.Motif: atom1 name is CH2
protocols.motifs.Motif: atom2 name is CH2
protocols.motifs.Motif: atom3 name is OH
protocols.motifs.Motif: Res1 name is ASN
protocols.motifs.Motif: atom1 name is COO
protocols.motifs.Motif: atom2 name is CH2
protocols.motifs.Motif: atom3 name is OH
core.pack.task: Packer task: initialize from command line() 
core.pack.task: Packer task: initialize from command line() 
core.pack.task: Packer task: initialize from command line() 
protocols.moves.MonteCarlo: MonteCarlo:: last_accepted_score,lowest_score: -1948.61 -1948.61
protocols.motifs.Motif: Res1 name is TYR
protocols.motifs.Motif: atom1 name is CH2
protocols.motifs.Motif: atom2 name is CH2
protocols.motifs.Motif: atom3 name is Ntrp
protocols.motifs.Motif: Res1 name is PHE
protocols.motifs.Motif: atom1 name is CH2
protocols.motifs.Motif: atom2 name is CH2
protocols.motifs.Motif: atom3 name is Ntrp
protocols.motifs.Motif: Res1 name is TYR
protocols.motifs.Motif: atom1 name is COO
protocols.motifs.Motif: atom2 name is CH2
protocols.motifs.Motif: atom3 name is OH
protocols.motifs.Motif: Res1 name is LEU
protocols.motifs.Motif: atom1 name is COO
protocols.motifs.Motif: atom2 name is CH2
protocols.motifs.Motif: atom3 name is OH
protocols.motifs.Motif: Res1 name is PHE
protocols.motifs.Motif: atom1 name is CH2
protocols.motifs.Motif: atom2 name is CH2
protocols.motifs.Motif: atom3 name is OH
core.pack.task: Packer task: initialize from command line() 
core.pack.task: Packer task: initialize from command line() 
core.pack.task: Packer task: initialize from command line() 
protocols.moves.MonteCarlo: MonteCarlo:: last_accepted_score,lowest_score: -1944.56 -1944.56
protocols.motifs.Motif: Res1 name is ASP
protocols.motifs.Motif: atom1 name is COO
protocols.motifs.Motif: atom2 name is CH2
protocols.motifs.Motif: atom3 name is OH
protocols.motifs.Motif: Res1 name is TRP
protocols.motifs.Motif: atom1 name is COO
protocols.motifs.Motif: atom2 name is CH2
protocols.motifs.Motif: atom3 name is OH
protocols.motifs.Motif: Res1 name is ASN
protocols.motifs.Motif: atom1 name is COO
protocols.motifs.Motif: atom2 name is CH2
protocols.motifs.Motif: atom3 name is OH
protocols.motifs.Motif: Res1 name is GLU
protocols.motifs.Motif: atom1 name is CH2
protocols.motifs.Motif: atom2 name is CH2
protocols.motifs.Motif: atom3 name is OH
protocols.motifs.Motif: Res1 name is TYR
protocols.motifs.Motif: atom1 name is CH2
protocols.motifs.Motif: atom2 name is CH2
protocols.motifs.Motif: atom3 name is OH
protocols.motifs.Motif: Res1 name is PHE
protocols.motifs.Motif: atom1 name is CH2
protocols.motifs.Motif: atom2 name is CH2
protocols.motifs.Motif: atom3 name is Ntrp
protocols.motifs.Motif: Res1 name is TYR
protocols.motifs.Motif: atom1 name is COO
protocols.motifs.Motif: atom2 name is CH2
protocols.motifs.Motif: atom3 name is OH
protocols.motifs.Motif: Res1 name is GLU
protocols.motifs.Motif: atom1 name is COO
protocols.motifs.Motif: atom2 name is CH2
protocols.motifs.Motif: atom3 name is OH
protocols.motifs.Motif: Res1 name is TRP
protocols.motifs.Motif: atom1 name is COO
protocols.motifs.Motif: atom2 name is CH2
protocols.motifs.Motif: atom3 name is OH
core.pack.task: Packer task: initialize from command line() 
core.pack.task: Packer task: initialize from command line() 
core.pack.task: Packer task: initialize from command line() 
protocols.moves.MonteCarlo: MonteCarlo:: last_accepted_score,lowest_score: -1942.85 -1943.29
protocols.motifs.Motif: Res1 name is GLU
protocols.motifs.Motif: atom1 name is CH2
protocols.motifs.Motif: atom2 name is CH2
protocols.motifs.Motif: atom3 name is OH
protocols.motifs.Motif: Res1 name is PHE
protocols.motifs.Motif: atom1 name is CH2
protocols.motifs.Motif: atom2 name is CH2
protocols.motifs.Motif: atom3 name is Ntrp
protocols.motifs.Motif: Res1 name is TYR
protocols.motifs.Motif: atom1 name is COO
protocols.motifs.Motif: atom2 name is CH2
protocols.motifs.Motif: atom3 name is OH
protocols.motifs.Motif: Res1 name is SER
protocols.motifs.Motif: atom1 name is COO
protocols.motifs.Motif: atom2 name is CH2
protocols.motifs.Motif: atom3 name is OH
protocols.motifs.Motif: Res1 name is LYS
protocols.motifs.Motif: atom1 name is COO
protocols.motifs.Motif: atom2 name is CH2
protocols.motifs.Motif: atom3 name is OH
protocols.motifs.Motif: Res1 name is ASN
protocols.motifs.Motif: atom1 name is CH2
protocols.motifs.Motif: atom2 name is CH2
protocols.motifs.Motif: atom3 name is OH
core.pack.task: Packer task: initialize from command line() 
core.pack.task: Packer task: initialize from command line() 
core.pack.task: Packer task: initialize from command line() 
protocols.moves.MonteCarlo: MonteCarlo:: last_accepted_score,lowest_score: -1950.75 -1951.46
protocols.motifs.Motif: Res1 name is GLU
protocols.motifs.Motif: atom1 name is COO
protocols.motifs.Motif: atom2 name is CH2
protocols.motifs.Motif: atom3 name is OH
protocols.motifs.Motif: Res1 name is TYR
protocols.motifs.Motif: atom1 name is COO
protocols.motifs.Motif: atom2 name is CH2
protocols.motifs.Motif: atom3 name is OH
protocols.motifs.Motif: Res1 name is PHE
protocols.motifs.Motif: atom1 name is COO
protocols.motifs.Motif: atom2 name is CH2
protocols.motifs.Motif: atom3 name is OH
protocols.motifs.Motif: Res1 name is TYR
protocols.motifs.Motif: atom1 name is COO
protocols.motifs.Motif: atom2 name is CH2
protocols.motifs.Motif: atom3 name is OH
protocols.motifs.Motif: Res1 name is SER
protocols.motifs.Motif: atom1 name is CH2
protocols.motifs.Motif: atom2 name is CH2
protocols.motifs.Motif: atom3 name is OH
core.pack.task: Packer task: initialize from command line() 
core.pack.task: Packer task: initialize from command line() 
core.pack.task: Packer task: initialize from command line() 
protocols.moves.MonteCarlo: MonteCarlo:: last_accepted_score,lowest_score: -1949.95 -1949.95
protocols.motifs.Motif: Res1 name is GLU
protocols.motifs.Motif: atom1 name is CH2
protocols.motifs.Motif: atom2 name is CH2
protocols.motifs.Motif: atom3 name is OH
protocols.motifs.Motif: Res1 name is TYR
protocols.motifs.Motif: atom1 name is CH2
protocols.motifs.Motif: atom2 name is CH2
protocols.motifs.Motif: atom3 name is Ntrp
protocols.motifs.Motif: Res1 name is TYR
protocols.motifs.Motif: atom1 name is COO
protocols.motifs.Motif: atom2 name is CH2
protocols.motifs.Motif: atom3 name is OH
protocols.motifs.Motif: Res1 name is LEU
protocols.motifs.Motif: atom1 name is CH2
protocols.motifs.Motif: atom2 name is CH2
protocols.motifs.Motif: atom3 name is Ntrp
protocols.motifs.Motif: Res1 name is SER
protocols.motifs.Motif: atom1 name is COO
protocols.motifs.Motif: atom2 name is CH2
protocols.motifs.Motif: atom3 name is OH
protocols.motifs.Motif: Res1 name is LYS
protocols.motifs.Motif: atom1 name is CH2
protocols.motifs.Motif: atom2 name is CH2
protocols.motifs.Motif: atom3 name is OH
core.pack.task: Packer task: initialize from command line() 
core.pack.task: Packer task: initialize from command line() 
core.pack.task: Packer task: initialize from command line() 
protocols.moves.MonteCarlo: MonteCarlo:: last_accepted_score,lowest_score: -1955.93 -1955.93
protocols.motifs.Motif: Res1 name is ASP
protocols.motifs.Motif: atom1 name is COO
protocols.motifs.Motif: atom2 name is CH2
protocols.motifs.Motif: atom3 name is OH
protocols.motifs.Motif: Res1 name is GLU
protocols.motifs.Motif: atom1 name is COO
protocols.motifs.Motif: atom2 name is CH2
protocols.motifs.Motif: atom3 name is OH
protocols.motifs.Motif: Res1 name is PHE
protocols.motifs.Motif: atom1 name is COO
protocols.motifs.Motif: atom2 name is CH2
protocols.motifs.Motif: atom3 name is OH
protocols.motifs.Motif: Res1 name is TYR
protocols.motifs.Motif: atom1 name is CH2
protocols.motifs.Motif: atom2 name is CH2
protocols.motifs.Motif: atom3 name is Ntrp
protocols.motifs.Motif: Res1 name is GLU
protocols.motifs.Motif: atom1 name is COO
protocols.motifs.Motif: atom2 name is CH2
protocols.motifs.Motif: atom3 name is OH
protocols.motifs.Motif: Res1 name is SER
protocols.motifs.Motif: atom1 name is CH2
protocols.motifs.Motif: atom2 name is CH2
protocols.motifs.Motif: atom3 name is Ntrp
protocols.motifs.Motif: Res1 name is TRP
protocols.motifs.Motif: atom1 name is CH2
protocols.motifs.Motif: atom2 name is CH2
protocols.motifs.Motif: atom3 name is Ntrp
protocols.motifs.Motif: Res1 name is ASN
protocols.motifs.Motif: atom1 name is CH2
protocols.motifs.Motif: atom2 name is CH2
protocols.motifs.Motif: atom3 name is OH
core.pack.task: Packer task: initialize from command line() 
core.pack.task: Packer task: initialize from command line() 
core.pack.task: Packer task: initialize from command line() 
protocols.moves.MonteCarlo: MonteCarlo:: last_accepted_score,lowest_score: -1948.24 -1948.24
protocols.motifs.Motif: Res1 name is ASP
protocols.motifs.Motif: atom1 name is COO
protocols.motifs.Motif: atom2 name is CH2
protocols.motifs.Motif: atom3 name is OH
protocols.motifs.Motif: Res1 name is GLU
protocols.motifs.Motif: atom1 name is CH2
protocols.motifs.Motif: atom2 name is CH2
protocols.motifs.Motif: atom3 name is Ntrp
protocols.motifs.Motif: Res1 name is PHE
protocols.motifs.Motif: atom1 name is COO
protocols.motifs.Motif: atom2 name is CH2
protocols.motifs.Motif: atom3 name is OH
protocols.motifs.Motif: Res1 name is TYR
protocols.motifs.Motif: atom1 name is CH2
protocols.motifs.Motif: atom2 name is CH2
protocols.motifs.Motif: atom3 name is OH
protocols.motifs.Motif: Res1 name is GLU
protocols.motifs.Motif: atom1 name is CH2
protocols.motifs.Motif: atom2 name is CH2
protocols.motifs.Motif: atom3 name is OH
protocols.motifs.Motif: Res1 name is ASN
protocols.motifs.Motif: atom1 name is COO
protocols.motifs.Motif: atom2 name is CH2
protocols.motifs.Motif: atom3 name is OH
core.pack.task: Packer task: initialize from command line() 
core.pack.task: Packer task: initialize from command line() 
core.pack.task: Packer task: initialize from command line() 
protocols.moves.MonteCarlo: MonteCarlo:: last_accepted_score,lowest_score: -1953.12 -1953.93
protocols.motifs.Motif: Res1 name is GLU
protocols.motifs.Motif: atom1 name is COO
protocols.motifs.Motif: atom2 name is CH2
protocols.motifs.Motif: atom3 name is OH
protocols.motifs.Motif: Res1 name is TYR
protocols.motifs.Motif: atom1 name is COO
protocols.motifs.Motif: atom2 name is CH2
protocols.motifs.Motif: atom3 name is OH
protocols.motifs.Motif: Res1 name is PHE
protocols.motifs.Motif: atom1 name is CH2
protocols.motifs.Motif: atom2 name is CH2
protocols.motifs.Motif: atom3 name is Ntrp
protocols.motifs.Motif: Res1 name is TYR
protocols.motifs.Motif: atom1 name is COO
protocols.motifs.Motif: atom2 name is CH2
protocols.motifs.Motif: atom3 name is OH
core.pack.task: Packer task: initialize from command line() 
core.pack.task: Packer task: initialize from command line() 
core.pack.task: Packer task: initialize from command line() 
protocols.moves.MonteCarlo: MonteCarlo:: last_accepted_score,lowest_score: -1949.64 -1949.64
protocols.motifs.Motif: Res1 name is GLU
protocols.motifs.Motif: atom1 name is COO
protocols.motifs.Motif: atom2 name is CH2
protocols.motifs.Motif: atom3 name is OH
protocols.motifs.Motif: Res1 name is TYR
protocols.motifs.Motif: atom1 name is COO
protocols.motifs.Motif: atom2 name is CH2
protocols.motifs.Motif: atom3 name is OH
protocols.motifs.Motif: Res1 name is PHE
protocols.motifs.Motif: atom1 name is CH2
protocols.motifs.Motif: atom2 name is CH2
protocols.motifs.Motif: atom3 name is Ntrp
protocols.motifs.Motif: Res1 name is TYR
protocols.motifs.Motif: atom1 name is CH2
protocols.motifs.Motif: atom2 name is CH2
protocols.motifs.Motif: atom3 name is OH
protocols.motifs.Motif: Res1 name is SER
protocols.motifs.Motif: atom1 name is CH2
protocols.motifs.Motif: atom2 name is CH2
protocols.motifs.Motif: atom3 name is OH
protocols.motifs.Motif: Res1 name is ASN
protocols.motifs.Motif: atom1 name is CH2
protocols.motifs.Motif: atom2 name is CH2
protocols.motifs.Motif: atom3 name is Ntrp
core.pack.task: Packer task: initialize from command line() 
core.pack.task: Packer task: initialize from command line() 
core.pack.task: Packer task: initialize from command line() 
protocols.moves.MonteCarlo: MonteCarlo:: last_accepted_score,lowest_score: -1951.28 -1951.28
protocols.motifs.Motif: Res1 name is GLU
protocols.motifs.Motif: atom1 name is COO
protocols.motifs.Motif: atom2 name is CH2
protocols.motifs.Motif: atom3 name is OH
protocols.motifs.Motif: Res1 name is TYR
protocols.motifs.Motif: atom1 name is COO
protocols.motifs.Motif: atom2 name is CH2
protocols.motifs.Motif: atom3 name is OH
protocols.motifs.Motif: Res1 name is LEU
protocols.motifs.Motif: atom1 name is COO
protocols.motifs.Motif: atom2 name is CH2
protocols.motifs.Motif: atom3 name is OH
core.pack.task: Packer task: initialize from command line() 
core.pack.task: Packer task: initialize from command line() 
core.pack.task: Packer task: initialize from command line() 
protocols.moves.MonteCarlo: MonteCarlo:: last_accepted_score,lowest_score: -1946.46 -1946.46
protocols.motifs.Motif: Res1 name is PHE
protocols.motifs.Motif: atom1 name is COO
protocols.motifs.Motif: atom2 name is CH2
protocols.motifs.Motif: atom3 name is OH
protocols.motifs.Motif: Res1 name is TYR
protocols.motifs.Motif: atom1 name is CH2
protocols.motifs.Motif: atom2 name is CH2
protocols.motifs.Motif: atom3 name is Ntrp
protocols.motifs.Motif: Res1 name is SER
protocols.motifs.Motif: atom1 name is CH2
protocols.motifs.Motif: atom2 name is CH2
protocols.motifs.Motif: atom3 name is OH
protocols.motifs.Motif: Res1 name is LYS
protocols.motifs.Motif: atom1 name is CH2
protocols.motifs.Motif: atom2 name is CH2
protocols.motifs.Motif: atom3 name is Ntrp
protocols.motifs.Motif: Res1 name is PHE
protocols.motifs.Motif: atom1 name is COO
protocols.motifs.Motif: atom2 name is CH2
protocols.motifs.Motif: atom3 name is OH
core.pack.task: Packer task: initialize from command line() 
core.pack.task: Packer task: initialize from command line() 
core.pack.task: Packer task: initialize from command line() 
protocols.moves.MonteCarlo: MonteCarlo:: last_accepted_score,lowest_score: -1899.97 -1899.97
protocols.motifs.Motif: Res1 name is GLU
protocols.motifs.Motif: atom1 name is COO
protocols.motifs.Motif: atom2 name is CH2
protocols.motifs.Motif: atom3 name is OH
protocols.motifs.Motif: Res1 name is TYR
protocols.motifs.Motif: atom1 name is COO
protocols.motifs.Motif: atom2 name is CH2
protocols.motifs.Motif: atom3 name is OH
protocols.motifs.Motif: Res1 name is PHE
protocols.motifs.Motif: atom1 name is COO
protocols.motifs.Motif: atom2 name is CH2
protocols.motifs.Motif: atom3 name is OH
protocols.motifs.Motif: Res1 name is TYR
protocols.motifs.Motif: atom1 name is CH2
protocols.motifs.Motif: atom2 name is CH2
protocols.motifs.Motif: atom3 name is Ntrp
core.pack.task: Packer task: initialize from command line() 
core.pack.task: Packer task: initialize from command line() 
core.pack.task: Packer task: initialize from command line() 
protocols.moves.MonteCarlo: MonteCarlo:: last_accepted_score,lowest_score: -1950.97 -1950.97
protocols.motifs.Motif: Res1 name is ASP
protocols.motifs.Motif: atom1 name is CH2
protocols.motifs.Motif: atom2 name is CH2
protocols.motifs.Motif: atom3 name is OH
protocols.motifs.Motif: Res1 name is TRP
protocols.motifs.Motif: atom1 name is CH2
protocols.motifs.Motif: atom2 name is CH2
protocols.motifs.Motif: atom3 name is Ntrp
protocols.motifs.Motif: Res1 name is GLU
protocols.motifs.Motif: atom1 name is COO
protocols.motifs.Motif: atom2 name is CH2
protocols.motifs.Motif: atom3 name is OH
protocols.motifs.Motif: Res1 name is PHE
protocols.motifs.Motif: atom1 name is CH2
protocols.motifs.Motif: atom2 name is CH2
protocols.motifs.Motif: atom3 name is Ntrp
protocols.motifs.Motif: Res1 name is TYR
protocols.motifs.Motif: atom1 name is COO
protocols.motifs.Motif: atom2 name is CH2
protocols.motifs.Motif: atom3 name is OH
protocols.motifs.Motif: Res1 name is GLU
protocols.motifs.Motif: atom1 name is CH2
protocols.motifs.Motif: atom2 name is CH2
protocols.motifs.Motif: atom3 name is OH
protocols.motifs.Motif: Res1 name is TRP
protocols.motifs.Motif: atom1 name is CH2
protocols.motifs.Motif: atom2 name is CH2
protocols.motifs.Motif: atom3 name is Ntrp
protocols.motifs.Motif: Res1 name is ASN
protocols.motifs.Motif: atom1 name is CH2
protocols.motifs.Motif: atom2 name is CH2
protocols.motifs.Motif: atom3 name is OH
core.pack.task: Packer task: initialize from command line() 
core.pack.task: Packer task: initialize from command line() 
core.pack.task: Packer task: initialize from command line() 
protocols.moves.MonteCarlo: MonteCarlo:: last_accepted_score,lowest_score: -1950.16 -1950.38
protocols.motifs.Motif: Res1 name is GLU
protocols.motifs.Motif: atom1 name is COO
protocols.motifs.Motif: atom2 name is CH2
protocols.motifs.Motif: atom3 name is OH
protocols.motifs.Motif: Res1 name is TYR
protocols.motifs.Motif: atom1 name is COO
protocols.motifs.Motif: atom2 name is CH2
protocols.motifs.Motif: atom3 name is OH
protocols.motifs.Motif: Res1 name is GLN
protocols.motifs.Motif: atom1 name is COO
protocols.motifs.Motif: atom2 name is CH2
protocols.motifs.Motif: atom3 name is OH
protocols.motifs.Motif: Res1 name is TYR
protocols.motifs.Motif: atom1 name is COO
protocols.motifs.Motif: atom2 name is CH2
protocols.motifs.Motif: atom3 name is OH
core.pack.task: Packer task: initialize from command line() 
core.pack.task: Packer task: initialize from command line() 
core.pack.task: Packer task: initialize from command line() 
protocols.moves.MonteCarlo: MonteCarlo:: last_accepted_score,lowest_score: -1960.93 -1961.45
protocols.motifs.Motif: Res1 name is ASP
protocols.motifs.Motif: atom1 name is COO
protocols.motifs.Motif: atom2 name is CH2
protocols.motifs.Motif: atom3 name is OH
protocols.motifs.Motif: Res1 name is TRP
protocols.motifs.Motif: atom1 name is COO
protocols.motifs.Motif: atom2 name is CH2
protocols.motifs.Motif: atom3 name is OH
protocols.motifs.Motif: Res1 name is GLU
protocols.motifs.Motif: atom1 name is CH2
protocols.motifs.Motif: atom2 name is CH2
protocols.motifs.Motif: atom3 name is OH
protocols.motifs.Motif: Res1 name is PHE
protocols.motifs.Motif: atom1 name is COO
protocols.motifs.Motif: atom2 name is CH2
protocols.motifs.Motif: atom3 name is OH
protocols.motifs.Motif: Res1 name is TYR
protocols.motifs.Motif: atom1 name is CH2
protocols.motifs.Motif: atom2 name is CH2
protocols.motifs.Motif: atom3 name is Ntrp
protocols.motifs.Motif: Res1 name is GLU
protocols.motifs.Motif: atom1 name is COO
protocols.motifs.Motif: atom2 name is CH2
protocols.motifs.Motif: atom3 name is OH
protocols.motifs.Motif: Res1 name is TRP
protocols.motifs.Motif: atom1 name is COO
protocols.motifs.Motif: atom2 name is CH2
protocols.motifs.Motif: atom3 name is OH
protocols.motifs.Motif: Res1 name is ASN
protocols.motifs.Motif: atom1 name is CH2
protocols.motifs.Motif: atom2 name is CH2
protocols.motifs.Motif: atom3 name is OH
core.pack.task: Packer task: initialize from command line() 
core.pack.task: Packer task: initialize from command line() 
core.pack.task: Packer task: initialize from command line() 
protocols.moves.MonteCarlo: MonteCarlo:: last_accepted_score,lowest_score: -1948.32 -1948.32
protocols.motifs.Motif: Res1 name is GLU
protocols.motifs.Motif: atom1 name is CH2
protocols.motifs.Motif: atom2 name is CH2
protocols.motifs.Motif: atom3 name is OH
protocols.motifs.Motif: Res1 name is TYR
protocols.motifs.Motif: atom1 name is CH2
protocols.motifs.Motif: atom2 name is CH2
protocols.motifs.Motif: atom3 name is OH
protocols.motifs.Motif: Res1 name is SER
protocols.motifs.Motif: atom1 name is CH2
protocols.motifs.Motif: atom2 name is CH2
protocols.motifs.Motif: atom3 name is OH
core.pack.task: Packer task: initialize from command line() 
core.pack.task: Packer task: initialize from command line() 
core.pack.task: Packer task: initialize from command line() 
protocols.moves.MonteCarlo: MonteCarlo:: last_accepted_score,lowest_score: -1945.45 -1945.98
protocols.motifs.Motif: Res1 name is TRP
protocols.motifs.Motif: atom1 name is CH2
protocols.motifs.Motif: atom2 name is CH2
protocols.motifs.Motif: atom3 name is OH
protocols.motifs.Motif: Res1 name is GLU
protocols.motifs.Motif: atom1 name is COO
protocols.motifs.Motif: atom2 name is CH2
protocols.motifs.Motif: atom3 name is OH
protocols.motifs.Motif: Res1 name is PHE
protocols.motifs.Motif: atom1 name is COO
protocols.motifs.Motif: atom2 name is CH2
protocols.motifs.Motif: atom3 name is OH
protocols.motifs.Motif: Res1 name is TYR
protocols.motifs.Motif: atom1 name is CH2
protocols.motifs.Motif: atom2 name is CH2
protocols.motifs.Motif: atom3 name is OH
protocols.motifs.Motif: Res1 name is GLU
protocols.motifs.Motif: atom1 name is CH2
protocols.motifs.Motif: atom2 name is CH2
protocols.motifs.Motif: atom3 name is Ntrp
protocols.motifs.Motif: Res1 name is TRP
protocols.motifs.Motif: atom1 name is CH2
protocols.motifs.Motif: atom2 name is CH2
protocols.motifs.Motif: atom3 name is Ntrp
protocols.motifs.Motif: Res1 name is ASN
protocols.motifs.Motif: atom1 name is CH2
protocols.motifs.Motif: atom2 name is CH2
protocols.motifs.Motif: atom3 name is Ntrp
core.pack.task: Packer task: initialize from command line() 
core.pack.task: Packer task: initialize from command line() 
core.pack.task: Packer task: initialize from command line() 
protocols.moves.MonteCarlo: MonteCarlo:: last_accepted_score,lowest_score: -1956.07 -1956.65
protocols.motifs.Motif: Res1 name is ASP
protocols.motifs.Motif: atom1 name is COO
protocols.motifs.Motif: atom2 name is CH2
protocols.motifs.Motif: atom3 name is OH
protocols.motifs.Motif: Res1 name is TRP
protocols.motifs.Motif: atom1 name is COO
protocols.motifs.Motif: atom2 name is CH2
protocols.motifs.Motif: atom3 name is OH
protocols.motifs.Motif: Res1 name is ASN
protocols.motifs.Motif: atom1 name is COO
protocols.motifs.Motif: atom2 name is CH2
protocols.motifs.Motif: atom3 name is OH
protocols.motifs.Motif: Res1 name is GLU
protocols.motifs.Motif: atom1 name is COO
protocols.motifs.Motif: atom2 name is CH2
protocols.motifs.Motif: atom3 name is OH
protocols.motifs.Motif: Res1 name is TYR
protocols.motifs.Motif: atom1 name is COO
protocols.motifs.Motif: atom2 name is CH2
protocols.motifs.Motif: atom3 name is OH
protocols.motifs.Motif: Res1 name is PHE
protocols.motifs.Motif: atom1 name is COO
protocols.motifs.Motif: atom2 name is CH2
protocols.motifs.Motif: atom3 name is OH
protocols.motifs.Motif: Res1 name is TYR
protocols.motifs.Motif: atom1 name is CH2
protocols.motifs.Motif: atom2 name is CH2
protocols.motifs.Motif: atom3 name is Ntrp
protocols.motifs.Motif: Res1 name is GLU
protocols.motifs.Motif: atom1 name is COO
protocols.motifs.Motif: atom2 name is CH2
protocols.motifs.Motif: atom3 name is OH
protocols.motifs.Motif: Res1 name is TRP
protocols.motifs.Motif: atom1 name is CH2
protocols.motifs.Motif: atom2 name is CH2
protocols.motifs.Motif: atom3 name is Ntrp
protocols.motifs.Motif: Res1 name is ASN
protocols.motifs.Motif: atom1 name is CH2
protocols.motifs.Motif: atom2 name is CH2
protocols.motifs.Motif: atom3 name is OH
core.pack.task: Packer task: initialize from command line() 
core.pack.task: Packer task: initialize from command line() 
core.pack.task: Packer task: initialize from command line() 
protocols.moves.MonteCarlo: MonteCarlo:: last_accepted_score,lowest_score: -1952.84 -1952.94
protocols.motifs.Motif: Res1 name is GLU
protocols.motifs.Motif: atom1 name is COO
protocols.motifs.Motif: atom2 name is CH2
protocols.motifs.Motif: atom3 name is OH
protocols.motifs.Motif: Res1 name is TYR
protocols.motifs.Motif: atom1 name is COO
protocols.motifs.Motif: atom2 name is CH2
protocols.motifs.Motif: atom3 name is OH
protocols.motifs.Motif: Res1 name is PHE
protocols.motifs.Motif: atom1 name is COO
protocols.motifs.Motif: atom2 name is CH2
protocols.motifs.Motif: atom3 name is OH
protocols.motifs.Motif: Res1 name is TYR
protocols.motifs.Motif: atom1 name is CH2
protocols.motifs.Motif: atom2 name is CH2
protocols.motifs.Motif: atom3 name is OH
protocols.motifs.Motif: Res1 name is SER
protocols.motifs.Motif: atom1 name is CH2
protocols.motifs.Motif: atom2 name is CH2
protocols.motifs.Motif: atom3 name is OH
protocols.motifs.Motif: Res1 name is LYS
protocols.motifs.Motif: atom1 name is CH2
protocols.motifs.Motif: atom2 name is CH2
protocols.motifs.Motif: atom3 name is OH
protocols.motifs.Motif: Res1 name is ASN
protocols.motifs.Motif: atom1 name is CH2
protocols.motifs.Motif: atom2 name is CH2
protocols.motifs.Motif: atom3 name is OH
core.pack.task: Packer task: initialize from command line() 
core.pack.task: Packer task: initialize from command line() 
core.pack.task: Packer task: initialize from command line() 
protocols.moves.MonteCarlo: MonteCarlo:: last_accepted_score,lowest_score: -1952.4 -1952.4
protocols.motifs.Motif: Res1 name is ASP
protocols.motifs.Motif: atom1 name is COO
protocols.motifs.Motif: atom2 name is CH2
protocols.motifs.Motif: atom3 name is OH
protocols.motifs.Motif: Res1 name is PHE
protocols.motifs.Motif: atom1 name is COO
protocols.motifs.Motif: atom2 name is CH2
protocols.motifs.Motif: atom3 name is OH
protocols.motifs.Motif: Res1 name is TRP
protocols.motifs.Motif: atom1 name is COO
protocols.motifs.Motif: atom2 name is CH2
protocols.motifs.Motif: atom3 name is OH
protocols.motifs.Motif: Res1 name is GLU
protocols.motifs.Motif: atom1 name is CH2
protocols.motifs.Motif: atom2 name is CH2
protocols.motifs.Motif: atom3 name is Ntrp
protocols.motifs.Motif: Res1 name is PHE
protocols.motifs.Motif: atom1 name is COO
protocols.motifs.Motif: atom2 name is CH2
protocols.motifs.Motif: atom3 name is OH
protocols.motifs.Motif: Res1 name is TYR
protocols.motifs.Motif: atom1 name is CH2
protocols.motifs.Motif: atom2 name is CH2
protocols.motifs.Motif: atom3 name is Ntrp
protocols.motifs.Motif: Res1 name is GLU
protocols.motifs.Motif: atom1 name is CH2
protocols.motifs.Motif: atom2 name is CH2
protocols.motifs.Motif: atom3 name is OH
protocols.motifs.Motif: Res1 name is TRP
protocols.motifs.Motif: atom1 name is COO
protocols.motifs.Motif: atom2 name is CH2
protocols.motifs.Motif: atom3 name is OH
protocols.motifs.Motif: Res1 name is ASN
protocols.motifs.Motif: atom1 name is COO
protocols.motifs.Motif: atom2 name is CH2
protocols.motifs.Motif: atom3 name is OH
core.pack.task: Packer task: initialize from command line() 
core.pack.task: Packer task: initialize from command line() 
core.pack.task: Packer task: initialize from command line() 
protocols.moves.MonteCarlo: MonteCarlo:: last_accepted_score,lowest_score: -1948.75 -1948.75
protocols.motifs.Motif: Res1 name is GLU
protocols.motifs.Motif: atom1 name is CH2
protocols.motifs.Motif: atom2 name is CH2
protocols.motifs.Motif: atom3 name is OH
protocols.motifs.Motif: Res1 name is TYR
protocols.motifs.Motif: atom1 name is COO
protocols.motifs.Motif: atom2 name is CH2
protocols.motifs.Motif: atom3 name is OH
protocols.motifs.Motif: Res1 name is TYR
protocols.motifs.Motif: atom1 name is CH2
protocols.motifs.Motif: atom2 name is CH2
protocols.motifs.Motif: atom3 name is Ntrp
core.pack.task: Packer task: initialize from command line() 
core.pack.task: Packer task: initialize from command line() 
core.pack.task: Packer task: initialize from command line() 
protocols.moves.MonteCarlo: MonteCarlo:: last_accepted_score,lowest_score: -1956.7 -1957.19
protocols.motifs.Motif: Res1 name is ASP
protocols.motifs.Motif: atom1 name is COO
protocols.motifs.Motif: atom2 name is CH2
protocols.motifs.Motif: atom3 name is OH
protocols.motifs.Motif: Res1 name is GLU
protocols.motifs.Motif: atom1 name is CH2
protocols.motifs.Motif: atom2 name is CH2
protocols.motifs.Motif: atom3 name is OH
protocols.motifs.Motif: Res1 name is PHE
protocols.motifs.Motif: atom1 name is COO
protocols.motifs.Motif: atom2 name is CH2
protocols.motifs.Motif: atom3 name is OH
protocols.motifs.Motif: Res1 name is TYR
protocols.motifs.Motif: atom1 name is COO
protocols.motifs.Motif: atom2 name is CH2
protocols.motifs.Motif: atom3 name is OH
protocols.motifs.Motif: Res1 name is GLU
protocols.motifs.Motif: atom1 name is COO
protocols.motifs.Motif: atom2 name is CH2
protocols.motifs.Motif: atom3 name is OH
protocols.motifs.Motif: Res1 name is TRP
protocols.motifs.Motif: atom1 name is COO
protocols.motifs.Motif: atom2 name is CH2
protocols.motifs.Motif: atom3 name is OH
protocols.motifs.Motif: Res1 name is ASN
protocols.motifs.Motif: atom1 name is COO
protocols.motifs.Motif: atom2 name is CH2
protocols.motifs.Motif: atom3 name is OH
core.pack.task: Packer task: initialize from command line() 
core.pack.task: Packer task: initialize from command line() 
core.pack.task: Packer task: initialize from command line() 
protocols.moves.MonteCarlo: MonteCarlo:: last_accepted_score,lowest_score: -1949.91 -1950.37
protocols.motifs.Motif: Res1 name is GLU
protocols.motifs.Motif: atom1 name is COO
protocols.motifs.Motif: atom2 name is CH2
protocols.motifs.Motif: atom3 name is OH
protocols.motifs.Motif: Res1 name is TYR
protocols.motifs.Motif: atom1 name is COO
protocols.motifs.Motif: atom2 name is CH2
protocols.motifs.Motif: atom3 name is OH
protocols.motifs.Motif: Res1 name is PHE
protocols.motifs.Motif: atom1 name is CH2
protocols.motifs.Motif: atom2 name is CH2
protocols.motifs.Motif: atom3 name is Ntrp
protocols.motifs.Motif: Res1 name is TYR
protocols.motifs.Motif: atom1 name is CH2
protocols.motifs.Motif: atom2 name is CH2
protocols.motifs.Motif: atom3 name is OH
protocols.motifs.Motif: Res1 name is SER
protocols.motifs.Motif: atom1 name is CH2
protocols.motifs.Motif: atom2 name is CH2
protocols.motifs.Motif: atom3 name is OH
core.pack.task: Packer task: initialize from command line() 
core.pack.task: Packer task: initialize from command line() 
core.pack.task: Packer task: initialize from command line() 
protocols.moves.MonteCarlo: MonteCarlo:: last_accepted_score,lowest_score: -1949.42 -1949.42
protocols.motifs.Motif: Res1 name is TYR
protocols.motifs.Motif: atom1 name is CH2
protocols.motifs.Motif: atom2 name is CH2
protocols.motifs.Motif: atom3 name is OH
protocols.motifs.Motif: Res1 name is LEU
protocols.motifs.Motif: atom1 name is CH2
protocols.motifs.Motif: atom2 name is CH2
protocols.motifs.Motif: atom3 name is OH
protocols.motifs.Motif: Res1 name is LYS
protocols.motifs.Motif: atom1 name is CH2
protocols.motifs.Motif: atom2 name is CH2
protocols.motifs.Motif: atom3 name is Ntrp
protocols.motifs.Motif: Res1 name is PHE
protocols.motifs.Motif: atom1 name is COO
protocols.motifs.Motif: atom2 name is CH2
protocols.motifs.Motif: atom3 name is OH
core.pack.task: Packer task: initialize from command line() 
core.pack.task: Packer task: initialize from command line() 
core.pack.task: Packer task: initialize from command line() 
protocols.moves.MonteCarlo: MonteCarlo:: last_accepted_score,lowest_score: -1957.3 -1957.3
protocols.motifs.Motif: Res1 name is ASP
protocols.motifs.Motif: atom1 name is CH2
protocols.motifs.Motif: atom2 name is CH2
protocols.motifs.Motif: atom3 name is OH
protocols.motifs.Motif: Res1 name is PHE
protocols.motifs.Motif: atom1 name is CH2
protocols.motifs.Motif: atom2 name is CH2
protocols.motifs.Motif: atom3 name is Ntrp
protocols.motifs.Motif: Res1 name is TRP
protocols.motifs.Motif: atom1 name is CH2
protocols.motifs.Motif: atom2 name is CH2
protocols.motifs.Motif: atom3 name is Ntrp
protocols.motifs.Motif: Res1 name is ASN
protocols.motifs.Motif: atom1 name is COO
protocols.motifs.Motif: atom2 name is CH2
protocols.motifs.Motif: atom3 name is OH
protocols.motifs.Motif: Res1 name is GLU
protocols.motifs.Motif: atom1 name is COO
protocols.motifs.Motif: atom2 name is CH2
protocols.motifs.Motif: atom3 name is OH
protocols.motifs.Motif: Res1 name is TYR
protocols.motifs.Motif: atom1 name is COO
protocols.motifs.Motif: atom2 name is CH2
protocols.motifs.Motif: atom3 name is OH
protocols.motifs.Motif: Res1 name is PHE
protocols.motifs.Motif: atom1 name is CH2
protocols.motifs.Motif: atom2 name is CH2
protocols.motifs.Motif: atom3 name is OH
protocols.motifs.Motif: Res1 name is TYR
protocols.motifs.Motif: atom1 name is COO
protocols.motifs.Motif: atom2 name is CH2
protocols.motifs.Motif: atom3 name is OH
protocols.motifs.Motif: Res1 name is GLU
protocols.motifs.Motif: atom1 name is COO
protocols.motifs.Motif: atom2 name is CH2
protocols.motifs.Motif: atom3 name is OH
protocols.motifs.Motif: Res1 name is TRP
protocols.motifs.Motif: atom1 name is CH2
protocols.motifs.Motif: atom2 name is CH2
protocols.motifs.Motif: atom3 name is OH
protocols.motifs.Motif: Res1 name is ASN
protocols.motifs.Motif: atom1 name is CH2
protocols.motifs.Motif: atom2 name is CH2
protocols.motifs.Motif: atom3 name is Ntrp
core.pack.task: Packer task: initialize from command line() 
core.pack.task: Packer task: initialize from command line() 
core.pack.task: Packer task: initialize from command line() 
protocols.moves.MonteCarlo: MonteCarlo:: last_accepted_score,lowest_score: -1946.95 -1947.64
protocols.motifs.Motif: Res1 name is TYR
protocols.motifs.Motif: atom1 name is CH2
protocols.motifs.Motif: atom2 name is CH2
protocols.motifs.Motif: atom3 name is Ntrp
protocols.motifs.Motif: Res1 name is LEU
protocols.motifs.Motif: atom1 name is CH2
protocols.motifs.Motif: atom2 name is CH2
protocols.motifs.Motif: atom3 name is Ntrp
protocols.motifs.Motif: Res1 name is PHE
protocols.motifs.Motif: atom1 name is COO
protocols.motifs.Motif: atom2 name is CH2
protocols.motifs.Motif: atom3 name is OH
core.pack.task: Packer task: initialize from command line() 
core.pack.task: Packer task: initialize from command line() 
core.pack.task: Packer task: initialize from command line() 
protocols.moves.MonteCarlo: MonteCarlo:: last_accepted_score,lowest_score: -1960.56 -1962.74
protocols.motifs.Motif: Res1 name is ASP
protocols.motifs.Motif: atom1 name is COO
protocols.motifs.Motif: atom2 name is CH2
protocols.motifs.Motif: atom3 name is OH
protocols.motifs.Motif: Res1 name is PHE
protocols.motifs.Motif: atom1 name is CH2
protocols.motifs.Motif: atom2 name is CH2
protocols.motifs.Motif: atom3 name is OH
protocols.motifs.Motif: Res1 name is TRP
protocols.motifs.Motif: atom1 name is COO
protocols.motifs.Motif: atom2 name is CH2
protocols.motifs.Motif: atom3 name is OH
protocols.motifs.Motif: Res1 name is ASN
protocols.motifs.Motif: atom1 name is COO
protocols.motifs.Motif: atom2 name is CH2
protocols.motifs.Motif: atom3 name is OH
protocols.motifs.Motif: Res1 name is GLU
protocols.motifs.Motif: atom1 name is COO
protocols.motifs.Motif: atom2 name is CH2
protocols.motifs.Motif: atom3 name is OH
protocols.motifs.Motif: Res1 name is PHE
protocols.motifs.Motif: atom1 name is COO
protocols.motifs.Motif: atom2 name is CH2
protocols.motifs.Motif: atom3 name is OH
protocols.motifs.Motif: Res1 name is TYR
protocols.motifs.Motif: atom1 name is CH2
protocols.motifs.Motif: atom2 name is CH2
protocols.motifs.Motif: atom3 name is Ntrp
protocols.motifs.Motif: Res1 name is GLU
protocols.motifs.Motif: atom1 name is CH2
protocols.motifs.Motif: atom2 name is CH2
protocols.motifs.Motif: atom3 name is Ntrp
protocols.motifs.Motif: Res1 name is TRP
protocols.motifs.Motif: atom1 name is COO
protocols.motifs.Motif: atom2 name is CH2
protocols.motifs.Motif: atom3 name is OH
protocols.motifs.Motif: Res1 name is ASN
protocols.motifs.Motif: atom1 name is CH2
protocols.motifs.Motif: atom2 name is CH2
protocols.motifs.Motif: atom3 name is Ntrp
core.pack.task: Packer task: initialize from command line() 
core.pack.task: Packer task: initialize from command line() 
core.pack.task: Packer task: initialize from command line() 
protocols.moves.MonteCarlo: MonteCarlo:: last_accepted_score,lowest_score: -1949.94 -1949.94
protocols.motifs.Motif: Res1 name is GLU
protocols.motifs.Motif: atom1 name is CH2
protocols.motifs.Motif: atom2 name is CH2
protocols.motifs.Motif: atom3 name is OH
protocols.motifs.Motif: Res1 name is TYR
protocols.motifs.Motif: atom1 name is CH2
protocols.motifs.Motif: atom2 name is CH2
protocols.motifs.Motif: atom3 name is Ntrp
protocols.motifs.Motif: Res1 name is PHE
protocols.motifs.Motif: atom1 name is COO
protocols.motifs.Motif: atom2 name is CH2
protocols.motifs.Motif: atom3 name is OH
protocols.motifs.Motif: Res1 name is TYR
protocols.motifs.Motif: atom1 name is COO
protocols.motifs.Motif: atom2 name is CH2
protocols.motifs.Motif: atom3 name is OH
protocols.motifs.Motif: Res1 name is SER
protocols.motifs.Motif: atom1 name is COO
protocols.motifs.Motif: atom2 name is CH2
protocols.motifs.Motif: atom3 name is OH
protocols.motifs.Motif: Res1 name is ASN
protocols.motifs.Motif: atom1 name is COO
protocols.motifs.Motif: atom2 name is CH2
protocols.motifs.Motif: atom3 name is OH
core.pack.task: Packer task: initialize from command line() 
core.pack.task: Packer task: initialize from command line() 
core.pack.task: Packer task: initialize from command line() 
protocols.moves.MonteCarlo: MonteCarlo:: last_accepted_score,lowest_score: -1952.63 -1952.96
protocols.motifs.Motif: Res1 name is GLU
protocols.motifs.Motif: atom1 name is COO
protocols.motifs.Motif: atom2 name is CH2
protocols.motifs.Motif: atom3 name is OH
protocols.motifs.Motif: Res1 name is TYR
protocols.motifs.Motif: atom1 name is COO
protocols.motifs.Motif: atom2 name is CH2
protocols.motifs.Motif: atom3 name is OH
protocols.motifs.Motif: Res1 name is PHE
protocols.motifs.Motif: atom1 name is COO
protocols.motifs.Motif: atom2 name is CH2
protocols.motifs.Motif: atom3 name is OH
protocols.motifs.Motif: Res1 name is TYR
protocols.motifs.Motif: atom1 name is CH2
protocols.motifs.Motif: atom2 name is CH2
protocols.motifs.Motif: atom3 name is OH
protocols.motifs.Motif: Res1 name is SER
protocols.motifs.Motif: atom1 name is CH2
protocols.motifs.Motif: atom2 name is CH2
protocols.motifs.Motif: atom3 name is OH
protocols.motifs.Motif: Res1 name is LYS
protocols.motifs.Motif: atom1 name is CH2
protocols.motifs.Motif: atom2 name is CH2
protocols.motifs.Motif: atom3 name is OH
core.pack.task: Packer task: initialize from command line() 
core.pack.task: Packer task: initialize from command line() 
core.pack.task: Packer task: initialize from command line() 
protocols.moves.MonteCarlo: MonteCarlo:: last_accepted_score,lowest_score: -1953.75 -1953.75
protocols.motifs.Motif: Res1 name is GLU
protocols.motifs.Motif: atom1 name is CH2
protocols.motifs.Motif: atom2 name is CH2
protocols.motifs.Motif: atom3 name is OH
protocols.motifs.Motif: Res1 name is PHE
protocols.motifs.Motif: atom1 name is COO
protocols.motifs.Motif: atom2 name is CH2
protocols.motifs.Motif: atom3 name is OH
protocols.motifs.Motif: Res1 name is TYR
protocols.motifs.Motif: atom1 name is CH2
protocols.motifs.Motif: atom2 name is CH2
protocols.motifs.Motif: atom3 name is Ntrp
protocols.motifs.Motif: Res1 name is SER
protocols.motifs.Motif: atom1 name is COO
protocols.motifs.Motif: atom2 name is CH2
protocols.motifs.Motif: atom3 name is OH
protocols.motifs.Motif: Res1 name is ASN
protocols.motifs.Motif: atom1 name is COO
protocols.motifs.Motif: atom2 name is CH2
protocols.motifs.Motif: atom3 name is OH
core.pack.task: Packer task: initialize from command line() 
core.pack.task: Packer task: initialize from command line() 
core.pack.task: Packer task: initialize from command line() 
protocols.moves.MonteCarlo: MonteCarlo:: last_accepted_score,lowest_score: -1951.53 -1951.79
protocols.motifs.Motif: Res1 name is PHE
protocols.motifs.Motif: atom1 name is COO
protocols.motifs.Motif: atom2 name is CH2
protocols.motifs.Motif: atom3 name is OH
protocols.motifs.Motif: Res1 name is TYR
protocols.motifs.Motif: atom1 name is COO
protocols.motifs.Motif: atom2 name is CH2
protocols.motifs.Motif: atom3 name is OH
protocols.motifs.Motif: Res1 name is SER
protocols.motifs.Motif: atom1 name is COO
protocols.motifs.Motif: atom2 name is CH2
protocols.motifs.Motif: atom3 name is OH
protocols.motifs.Motif: Res1 name is LYS
protocols.motifs.Motif: atom1 name is CH2
protocols.motifs.Motif: atom2 name is CH2
protocols.motifs.Motif: atom3 name is OH
core.pack.task: Packer task: initialize from command line() 
core.pack.task: Packer task: initialize from command line() 
core.pack.task: Packer task: initialize from command line() 
protocols.moves.MonteCarlo: MonteCarlo:: last_accepted_score,lowest_score: -1965.36 -1965.36
protocols.motifs.Motif: Res1 name is ASP
protocols.motifs.Motif: atom1 name is COO
protocols.motifs.Motif: atom2 name is CH2
protocols.motifs.Motif: atom3 name is OH
protocols.motifs.Motif: Res1 name is TRP
protocols.motifs.Motif: atom1 name is COO
protocols.motifs.Motif: atom2 name is CH2
protocols.motifs.Motif: atom3 name is OH
protocols.motifs.Motif: Res1 name is ASN
protocols.motifs.Motif: atom1 name is COO
protocols.motifs.Motif: atom2 name is CH2
protocols.motifs.Motif: atom3 name is OH
protocols.motifs.Motif: Res1 name is GLU
protocols.motifs.Motif: atom1 name is COO
protocols.motifs.Motif: atom2 name is CH2
protocols.motifs.Motif: atom3 name is OH
protocols.motifs.Motif: Res1 name is TYR
protocols.motifs.Motif: atom1 name is COO
protocols.motifs.Motif: atom2 name is CH2
protocols.motifs.Motif: atom3 name is OH
protocols.motifs.Motif: Res1 name is PHE
protocols.motifs.Motif: atom1 name is COO
protocols.motifs.Motif: atom2 name is CH2
protocols.motifs.Motif: atom3 name is OH
protocols.motifs.Motif: Res1 name is TYR
protocols.motifs.Motif: atom1 name is CH2
protocols.motifs.Motif: atom2 name is CH2
protocols.motifs.Motif: atom3 name is Ntrp
protocols.motifs.Motif: Res1 name is GLU
protocols.motifs.Motif: atom1 name is COO
protocols.motifs.Motif: atom2 name is CH2
protocols.motifs.Motif: atom3 name is OH
protocols.motifs.Motif: Res1 name is TRP
protocols.motifs.Motif: atom1 name is CH2
protocols.motifs.Motif: atom2 name is CH2
protocols.motifs.Motif: atom3 name is Ntrp
protocols.motifs.Motif: Res1 name is ASN
protocols.motifs.Motif: atom1 name is CH2
protocols.motifs.Motif: atom2 name is CH2
protocols.motifs.Motif: atom3 name is OH
core.pack.task: Packer task: initialize from command line() 
core.pack.task: Packer task: initialize from command line() 
core.pack.task: Packer task: initialize from command line() 
protocols.moves.MonteCarlo: MonteCarlo:: last_accepted_score,lowest_score: -1950.34 -1950.34
protocols.motifs.Motif: Res1 name is ASP
protocols.motifs.Motif: atom1 name is CH2
protocols.motifs.Motif: atom2 name is CH2
protocols.motifs.Motif: atom3 name is Ntrp
protocols.motifs.Motif: Res1 name is GLU
protocols.motifs.Motif: atom1 name is CH2
protocols.motifs.Motif: atom2 name is CH2
protocols.motifs.Motif: atom3 name is OH
protocols.motifs.Motif: Res1 name is TYR
protocols.motifs.Motif: atom1 name is COO
protocols.motifs.Motif: atom2 name is CH2
protocols.motifs.Motif: atom3 name is OH
protocols.motifs.Motif: Res1 name is PHE
protocols.motifs.Motif: atom1 name is COO
protocols.motifs.Motif: atom2 name is CH2
protocols.motifs.Motif: atom3 name is OH
protocols.motifs.Motif: Res1 name is TYR
protocols.motifs.Motif: atom1 name is CH2
protocols.motifs.Motif: atom2 name is CH2
protocols.motifs.Motif: atom3 name is OH
protocols.motifs.Motif: Res1 name is GLU
protocols.motifs.Motif: atom1 name is CH2
protocols.motifs.Motif: atom2 name is CH2
protocols.motifs.Motif: atom3 name is OH
protocols.motifs.Motif: Res1 name is TRP
protocols.motifs.Motif: atom1 name is CH2
protocols.motifs.Motif: atom2 name is CH2
protocols.motifs.Motif: atom3 name is OH
protocols.motifs.Motif: Res1 name is ASN
protocols.motifs.Motif: atom1 name is COO
protocols.motifs.Motif: atom2 name is CH2
protocols.motifs.Motif: atom3 name is OH
core.pack.task: Packer task: initialize from command line() 
core.pack.task: Packer task: initialize from command line() 
core.pack.task: Packer task: initialize from command line() 
protocols.moves.MonteCarlo: MonteCarlo:: last_accepted_score,lowest_score: -1950.69 -1950.69
protocols.motifs.Motif: Res1 name is ASP
protocols.motifs.Motif: atom1 name is CH2
protocols.motifs.Motif: atom2 name is CH2
protocols.motifs.Motif: atom3 name is Ntrp
protocols.motifs.Motif: Res1 name is TRP
protocols.motifs.Motif: atom1 name is CH2
protocols.motifs.Motif: atom2 name is CH2
protocols.motifs.Motif: atom3 name is Ntrp
protocols.motifs.Motif: Res1 name is ASN
protocols.motifs.Motif: atom1 name is CH2
protocols.motifs.Motif: atom2 name is CH2
protocols.motifs.Motif: atom3 name is OH
protocols.motifs.Motif: Res1 name is GLU
protocols.motifs.Motif: atom1 name is COO
protocols.motifs.Motif: atom2 name is CH2
protocols.motifs.Motif: atom3 name is OH
protocols.motifs.Motif: Res1 name is PHE
protocols.motifs.Motif: atom1 name is COO
protocols.motifs.Motif: atom2 name is CH2
protocols.motifs.Motif: atom3 name is OH
protocols.motifs.Motif: Res1 name is TYR
protocols.motifs.Motif: atom1 name is COO
protocols.motifs.Motif: atom2 name is CH2
protocols.motifs.Motif: atom3 name is OH
protocols.motifs.Motif: Res1 name is GLU
protocols.motifs.Motif: atom1 name is CH2
protocols.motifs.Motif: atom2 name is CH2
protocols.motifs.Motif: atom3 name is Ntrp
protocols.motifs.Motif: Res1 name is TRP
protocols.motifs.Motif: atom1 name is CH2
protocols.motifs.Motif: atom2 name is CH2
protocols.motifs.Motif: atom3 name is OH
protocols.motifs.Motif: Res1 name is ASN
protocols.motifs.Motif: atom1 name is CH2
protocols.motifs.Motif: atom2 name is CH2
protocols.motifs.Motif: atom3 name is Ntrp
core.pack.task: Packer task: initialize from command line() 
core.pack.task: Packer task: initialize from command line() 
core.pack.task: Packer task: initialize from command line() 
protocols.moves.MonteCarlo: MonteCarlo:: last_accepted_score,lowest_score: -1962.02 -1963.45
protocols.motifs.Motif: Res1 name is ASP
protocols.motifs.Motif: atom1 name is COO
protocols.motifs.Motif: atom2 name is CH2
protocols.motifs.Motif: atom3 name is OH
protocols.motifs.Motif: Res1 name is TRP
protocols.motifs.Motif: atom1 name is COO
protocols.motifs.Motif: atom2 name is CH2
protocols.motifs.Motif: atom3 name is OH
protocols.motifs.Motif: Res1 name is ASN
protocols.motifs.Motif: atom1 name is COO
protocols.motifs.Motif: atom2 name is CH2
protocols.motifs.Motif: atom3 name is OH
protocols.motifs.Motif: Res1 name is GLU
protocols.motifs.Motif: atom1 name is COO
protocols.motifs.Motif: atom2 name is CH2
protocols.motifs.Motif: atom3 name is OH
protocols.motifs.Motif: Res1 name is PHE
protocols.motifs.Motif: atom1 name is COO
protocols.motifs.Motif: atom2 name is CH2
protocols.motifs.Motif: atom3 name is OH
protocols.motifs.Motif: Res1 name is TYR
protocols.motifs.Motif: atom1 name is CH2
protocols.motifs.Motif: atom2 name is CH2
protocols.motifs.Motif: atom3 name is Ntrp
protocols.motifs.Motif: Res1 name is GLU
protocols.motifs.Motif: atom1 name is CH2
protocols.motifs.Motif: atom2 name is CH2
protocols.motifs.Motif: atom3 name is Ntrp
protocols.motifs.Motif: Res1 name is TRP
protocols.motifs.Motif: atom1 name is COO
protocols.motifs.Motif: atom2 name is CH2
protocols.motifs.Motif: atom3 name is OH
protocols.motifs.Motif: Res1 name is ASN
protocols.motifs.Motif: atom1 name is CH2
protocols.motifs.Motif: atom2 name is CH2
protocols.motifs.Motif: atom3 name is Ntrp
core.pack.task: Packer task: initialize from command line() 
core.pack.task: Packer task: initialize from command line() 
core.pack.task: Packer task: initialize from command line() 
protocols.moves.MonteCarlo: MonteCarlo:: last_accepted_score,lowest_score: -1950.81 -1950.81
protocols.motifs.Motif: Res1 name is GLU
protocols.motifs.Motif: atom1 name is COO
protocols.motifs.Motif: atom2 name is CH2
protocols.motifs.Motif: atom3 name is OH
protocols.motifs.Motif: Res1 name is TYR
protocols.motifs.Motif: atom1 name is COO
protocols.motifs.Motif: atom2 name is CH2
protocols.motifs.Motif: atom3 name is OH
protocols.motifs.Motif: Res1 name is TYR
protocols.motifs.Motif: atom1 name is CH2
protocols.motifs.Motif: atom2 name is CH2
protocols.motifs.Motif: atom3 name is Ntrp
core.pack.task: Packer task: initialize from command line() 
core.pack.task: Packer task: initialize from command line() 
core.pack.task: Packer task: initialize from command line() 
protocols.moves.MonteCarlo: MonteCarlo:: last_accepted_score,lowest_score: -1953.54 -1953.54
protocols.motifs.Motif: Res1 name is GLU
protocols.motifs.Motif: atom1 name is COO
protocols.motifs.Motif: atom2 name is CH2
protocols.motifs.Motif: atom3 name is OH
protocols.motifs.Motif: Res1 name is TYR
protocols.motifs.Motif: atom1 name is COO
protocols.motifs.Motif: atom2 name is CH2
protocols.motifs.Motif: atom3 name is OH
protocols.motifs.Motif: Res1 name is PHE
protocols.motifs.Motif: atom1 name is COO
protocols.motifs.Motif: atom2 name is CH2
protocols.motifs.Motif: atom3 name is OH
protocols.motifs.Motif: Res1 name is TYR
protocols.motifs.Motif: atom1 name is CH2
protocols.motifs.Motif: atom2 name is CH2
protocols.motifs.Motif: atom3 name is OH
protocols.motifs.Motif: Res1 name is SER
protocols.motifs.Motif: atom1 name is CH2
protocols.motifs.Motif: atom2 name is CH2
protocols.motifs.Motif: atom3 name is OH
protocols.motifs.Motif: Res1 name is LYS
protocols.motifs.Motif: atom1 name is CH2
protocols.motifs.Motif: atom2 name is CH2
protocols.motifs.Motif: atom3 name is OH
protocols.motifs.Motif: Res1 name is ASN
protocols.motifs.Motif: atom1 name is CH2
protocols.motifs.Motif: atom2 name is CH2
protocols.motifs.Motif: atom3 name is OH
core.pack.task: Packer task: initialize from command line() 
core.pack.task: Packer task: initialize from command line() 
core.pack.task: Packer task: initialize from command line() 
protocols.moves.MonteCarlo: MonteCarlo:: last_accepted_score,lowest_score: -1959.19 -1959.19
protocols.motifs.Motif: Res1 name is ASP
protocols.motifs.Motif: atom1 name is COO
protocols.motifs.Motif: atom2 name is CH2
protocols.motifs.Motif: atom3 name is OH
protocols.motifs.Motif: Res1 name is PHE
protocols.motifs.Motif: atom1 name is CH2
protocols.motifs.Motif: atom2 name is CH2
protocols.motifs.Motif: atom3 name is OH
protocols.motifs.Motif: Res1 name is TRP
protocols.motifs.Motif: atom1 name is COO
protocols.motifs.Motif: atom2 name is CH2
protocols.motifs.Motif: atom3 name is OH
protocols.motifs.Motif: Res1 name is ASN
protocols.motifs.Motif: atom1 name is COO
protocols.motifs.Motif: atom2 name is CH2
protocols.motifs.Motif: atom3 name is OH
protocols.motifs.Motif: Res1 name is GLU
protocols.motifs.Motif: atom1 name is CH2
protocols.motifs.Motif: atom2 name is CH2
protocols.motifs.Motif: atom3 name is OH
protocols.motifs.Motif: Res1 name is PHE
protocols.motifs.Motif: atom1 name is COO
protocols.motifs.Motif: atom2 name is CH2
protocols.motifs.Motif: atom3 name is OH
protocols.motifs.Motif: Res1 name is TYR
protocols.motifs.Motif: atom1 name is CH2
protocols.motifs.Motif: atom2 name is CH2
protocols.motifs.Motif: atom3 name is Ntrp
protocols.motifs.Motif: Res1 name is GLU
protocols.motifs.Motif: atom1 name is CH2
protocols.motifs.Motif: atom2 name is CH2
protocols.motifs.Motif: atom3 name is Ntrp
protocols.motifs.Motif: Res1 name is TRP
protocols.motifs.Motif: atom1 name is COO
protocols.motifs.Motif: atom2 name is CH2
protocols.motifs.Motif: atom3 name is OH
protocols.motifs.Motif: Res1 name is ASN
protocols.motifs.Motif: atom1 name is CH2
protocols.motifs.Motif: atom2 name is CH2
protocols.motifs.Motif: atom3 name is OH
core.pack.task: Packer task: initialize from command line() 
core.pack.task: Packer task: initialize from command line() 
core.pack.task: Packer task: initialize from command line() 
protocols.moves.MonteCarlo: MonteCarlo:: last_accepted_score,lowest_score: -1950.53 -1950.53
protocols.motifs.Motif: Res1 name is GLU
protocols.motifs.Motif: atom1 name is COO
protocols.motifs.Motif: atom2 name is CH2
protocols.motifs.Motif: atom3 name is OH
protocols.motifs.Motif: Res1 name is TYR
protocols.motifs.Motif: atom1 name is COO
protocols.motifs.Motif: atom2 name is CH2
protocols.motifs.Motif: atom3 name is OH
protocols.motifs.Motif: Res1 name is GLN
protocols.motifs.Motif: atom1 name is COO
protocols.motifs.Motif: atom2 name is CH2
protocols.motifs.Motif: atom3 name is OH
protocols.motifs.Motif: Res1 name is TYR
protocols.motifs.Motif: atom1 name is COO
protocols.motifs.Motif: atom2 name is CH2
protocols.motifs.Motif: atom3 name is OH
protocols.motifs.Motif: Res1 name is LEU
protocols.motifs.Motif: atom1 name is CH2
protocols.motifs.Motif: atom2 name is CH2
protocols.motifs.Motif: atom3 name is OH
core.pack.task: Packer task: initialize from command line() 
core.pack.task: Packer task: initialize from command line() 
core.pack.task: Packer task: initialize from command line() 
protocols.moves.MonteCarlo: MonteCarlo:: last_accepted_score,lowest_score: -1916.62 -1916.62
protocols.motifs.Motif: Res1 name is ASP
protocols.motifs.Motif: atom1 name is COO
protocols.motifs.Motif: atom2 name is CH2
protocols.motifs.Motif: atom3 name is OH
protocols.motifs.Motif: Res1 name is GLU
protocols.motifs.Motif: atom1 name is COO
protocols.motifs.Motif: atom2 name is CH2
protocols.motifs.Motif: atom3 name is OH
protocols.motifs.Motif: Res1 name is TYR
protocols.motifs.Motif: atom1 name is COO
protocols.motifs.Motif: atom2 name is CH2
protocols.motifs.Motif: atom3 name is OH
protocols.motifs.Motif: Res1 name is PHE
protocols.motifs.Motif: atom1 name is COO
protocols.motifs.Motif: atom2 name is CH2
protocols.motifs.Motif: atom3 name is OH
protocols.motifs.Motif: Res1 name is TYR
protocols.motifs.Motif: atom1 name is CH2
protocols.motifs.Motif: atom2 name is CH2
protocols.motifs.Motif: atom3 name is OH
protocols.motifs.Motif: Res1 name is SER
protocols.motifs.Motif: atom1 name is CH2
protocols.motifs.Motif: atom2 name is CH2
protocols.motifs.Motif: atom3 name is OH
protocols.motifs.Motif: Res1 name is ASN
protocols.motifs.Motif: atom1 name is CH2
protocols.motifs.Motif: atom2 name is CH2
protocols.motifs.Motif: atom3 name is OH
core.pack.task: Packer task: initialize from command line() 
core.pack.task: Packer task: initialize from command line() 
core.pack.task: Packer task: initialize from command line() 
protocols.moves.MonteCarlo: MonteCarlo:: last_accepted_score,lowest_score: -1951.49 -1952.52
protocols.motifs.Motif: Res1 name is GLU
protocols.motifs.Motif: atom1 name is CH2
protocols.motifs.Motif: atom2 name is CH2
protocols.motifs.Motif: atom3 name is OH
protocols.motifs.Motif: Res1 name is PHE
protocols.motifs.Motif: atom1 name is COO
protocols.motifs.Motif: atom2 name is CH2
protocols.motifs.Motif: atom3 name is OH
protocols.motifs.Motif: Res1 name is TYR
protocols.motifs.Motif: atom1 name is CH2
protocols.motifs.Motif: atom2 name is CH2
protocols.motifs.Motif: atom3 name is Ntrp
protocols.motifs.Motif: Res1 name is SER
protocols.motifs.Motif: atom1 name is COO
protocols.motifs.Motif: atom2 name is CH2
protocols.motifs.Motif: atom3 name is OH
protocols.motifs.Motif: Res1 name is ASN
protocols.motifs.Motif: atom1 name is COO
protocols.motifs.Motif: atom2 name is CH2
protocols.motifs.Motif: atom3 name is OH
core.pack.task: Packer task: initialize from command line() 
core.pack.task: Packer task: initialize from command line() 
core.pack.task: Packer task: initialize from command line() 
protocols.moves.MonteCarlo: MonteCarlo:: last_accepted_score,lowest_score: -1949.66 -1950.24
protocols.motifs.Motif: Res1 name is GLU
protocols.motifs.Motif: atom1 name is COO
protocols.motifs.Motif: atom2 name is CH2
protocols.motifs.Motif: atom3 name is OH
protocols.motifs.Motif: Res1 name is TYR
protocols.motifs.Motif: atom1 name is COO
protocols.motifs.Motif: atom2 name is CH2
protocols.motifs.Motif: atom3 name is OH
protocols.motifs.Motif: Res1 name is GLN
protocols.motifs.Motif: atom1 name is COO
protocols.motifs.Motif: atom2 name is CH2
protocols.motifs.Motif: atom3 name is OH
protocols.motifs.Motif: Res1 name is LEU
protocols.motifs.Motif: atom1 name is COO
protocols.motifs.Motif: atom2 name is CH2
protocols.motifs.Motif: atom3 name is OH
core.pack.task: Packer task: initialize from command line() 
core.pack.task: Packer task: initialize from command line() 
core.pack.task: Packer task: initialize from command line() 
protocols.moves.MonteCarlo: MonteCarlo:: last_accepted_score,lowest_score: -1950.94 -1950.94
protocols.motifs.Motif: Res1 name is GLU
protocols.motifs.Motif: atom1 name is CH2
protocols.motifs.Motif: atom2 name is CH2
protocols.motifs.Motif: atom3 name is OH
protocols.motifs.Motif: Res1 name is TYR
protocols.motifs.Motif: atom1 name is CH2
protocols.motifs.Motif: atom2 name is CH2
protocols.motifs.Motif: atom3 name is Ntrp
protocols.motifs.Motif: Res1 name is TYR
protocols.motifs.Motif: atom1 name is COO
protocols.motifs.Motif: atom2 name is CH2
protocols.motifs.Motif: atom3 name is OH
protocols.motifs.Motif: Res1 name is LEU
protocols.motifs.Motif: atom1 name is CH2
protocols.motifs.Motif: atom2 name is CH2
protocols.motifs.Motif: atom3 name is OH
protocols.motifs.Motif: Res1 name is SER
protocols.motifs.Motif: atom1 name is COO
protocols.motifs.Motif: atom2 name is CH2
protocols.motifs.Motif: atom3 name is OH
protocols.motifs.Motif: Res1 name is LYS
protocols.motifs.Motif: atom1 name is COO
protocols.motifs.Motif: atom2 name is CH2
protocols.motifs.Motif: atom3 name is OH
core.pack.task: Packer task: initialize from command line() 
core.pack.task: Packer task: initialize from command line() 
core.pack.task: Packer task: initialize from command line() 
protocols.moves.MonteCarlo: MonteCarlo:: last_accepted_score,lowest_score: -1950.86 -1951.07
protocols.motifs.Motif: Res1 name is TYR
protocols.motifs.Motif: atom1 name is COO
protocols.motifs.Motif: atom2 name is CH2
protocols.motifs.Motif: atom3 name is OH
protocols.motifs.Motif: Res1 name is LEU
protocols.motifs.Motif: atom1 name is COO
protocols.motifs.Motif: atom2 name is CH2
protocols.motifs.Motif: atom3 name is OH
protocols.motifs.Motif: Res1 name is SER
protocols.motifs.Motif: atom1 name is CH2
protocols.motifs.Motif: atom2 name is CH2
protocols.motifs.Motif: atom3 name is OH
protocols.motifs.Motif: Res1 name is LYS
protocols.motifs.Motif: atom1 name is COO
protocols.motifs.Motif: atom2 name is CH2
protocols.motifs.Motif: atom3 name is OH
core.pack.task: Packer task: initialize from command line() 
core.pack.task: Packer task: initialize from command line() 
core.pack.task: Packer task: initialize from command line() 
protocols.moves.MonteCarlo: MonteCarlo:: last_accepted_score,lowest_score: -1945.79 -1946.54
protocols.motifs.Motif: Res1 name is GLU
protocols.motifs.Motif: atom1 name is COO
protocols.motifs.Motif: atom2 name is CH2
protocols.motifs.Motif: atom3 name is OH
protocols.motifs.Motif: Res1 name is TYR
protocols.motifs.Motif: atom1 name is COO
protocols.motifs.Motif: atom2 name is CH2
protocols.motifs.Motif: atom3 name is OH
protocols.motifs.Motif: Res1 name is PHE
protocols.motifs.Motif: atom1 name is COO
protocols.motifs.Motif: atom2 name is CH2
protocols.motifs.Motif: atom3 name is OH
protocols.motifs.Motif: Res1 name is TYR
protocols.motifs.Motif: atom1 name is CH2
protocols.motifs.Motif: atom2 name is CH2
protocols.motifs.Motif: atom3 name is OH
protocols.motifs.Motif: Res1 name is SER
protocols.motifs.Motif: atom1 name is CH2
protocols.motifs.Motif: atom2 name is CH2
protocols.motifs.Motif: atom3 name is Ntrp
protocols.motifs.Motif: Res1 name is ASN
protocols.motifs.Motif: atom1 name is CH2
protocols.motifs.Motif: atom2 name is CH2
protocols.motifs.Motif: atom3 name is OH
core.pack.task: Packer task: initialize from command line() 
core.pack.task: Packer task: initialize from command line() 
core.pack.task: Packer task: initialize from command line() 
protocols.moves.MonteCarlo: MonteCarlo:: last_accepted_score,lowest_score: -1959.2 -1959.33
protocols.motifs.Motif: Res1 name is ASP
protocols.motifs.Motif: atom1 name is COO
protocols.motifs.Motif: atom2 name is CH2
protocols.motifs.Motif: atom3 name is OH
protocols.motifs.Motif: Res1 name is PHE
protocols.motifs.Motif: atom1 name is COO
protocols.motifs.Motif: atom2 name is CH2
protocols.motifs.Motif: atom3 name is OH
protocols.motifs.Motif: Res1 name is TRP
protocols.motifs.Motif: atom1 name is COO
protocols.motifs.Motif: atom2 name is CH2
protocols.motifs.Motif: atom3 name is OH
protocols.motifs.Motif: Res1 name is ASN
protocols.motifs.Motif: atom1 name is CH2
protocols.motifs.Motif: atom2 name is CH2
protocols.motifs.Motif: atom3 name is Ntrp
protocols.motifs.Motif: Res1 name is GLU
protocols.motifs.Motif: atom1 name is CH2
protocols.motifs.Motif: atom2 name is CH2
protocols.motifs.Motif: atom3 name is Ntrp
protocols.motifs.Motif: Res1 name is PHE
protocols.motifs.Motif: atom1 name is COO
protocols.motifs.Motif: atom2 name is CH2
protocols.motifs.Motif: atom3 name is OH
protocols.motifs.Motif: Res1 name is TYR
protocols.motifs.Motif: atom1 name is CH2
protocols.motifs.Motif: atom2 name is CH2
protocols.motifs.Motif: atom3 name is Ntrp
protocols.motifs.Motif: Res1 name is GLU
protocols.motifs.Motif: atom1 name is CH2
protocols.motifs.Motif: atom2 name is CH2
protocols.motifs.Motif: atom3 name is OH
protocols.motifs.Motif: Res1 name is TRP
protocols.motifs.Motif: atom1 name is COO
protocols.motifs.Motif: atom2 name is CH2
protocols.motifs.Motif: atom3 name is OH
protocols.motifs.Motif: Res1 name is ASN
protocols.motifs.Motif: atom1 name is COO
protocols.motifs.Motif: atom2 name is CH2
protocols.motifs.Motif: atom3 name is OH
core.pack.task: Packer task: initialize from command line() 
core.pack.task: Packer task: initialize from command line() 
core.pack.task: Packer task: initialize from command line() 
protocols.moves.MonteCarlo: MonteCarlo:: last_accepted_score,lowest_score: -1949.19 -1950
protocols.motifs.Motif: Res1 name is PHE
protocols.motifs.Motif: atom1 name is CH2
protocols.motifs.Motif: atom2 name is CH2
protocols.motifs.Motif: atom3 name is Ntrp
protocols.motifs.Motif: Res1 name is TYR
protocols.motifs.Motif: atom1 name is COO
protocols.motifs.Motif: atom2 name is CH2
protocols.motifs.Motif: atom3 name is OH
protocols.motifs.Motif: Res1 name is LEU
protocols.motifs.Motif: atom1 name is COO
protocols.motifs.Motif: atom2 name is CH2
protocols.motifs.Motif: atom3 name is OH
protocols.motifs.Motif: Res1 name is LYS
protocols.motifs.Motif: atom1 name is COO
protocols.motifs.Motif: atom2 name is CH2
protocols.motifs.Motif: atom3 name is OH
protocols.motifs.Motif: Res1 name is PHE
protocols.motifs.Motif: atom1 name is CH2
protocols.motifs.Motif: atom2 name is CH2
protocols.motifs.Motif: atom3 name is OH
core.pack.task: Packer task: initialize from command line() 
core.pack.task: Packer task: initialize from command line() 
core.pack.task: Packer task: initialize from command line() 
protocols.moves.MonteCarlo: MonteCarlo:: last_accepted_score,lowest_score: -1964.48 -1965.35
protocols.motifs.Motif: Res1 name is ASP
protocols.motifs.Motif: atom1 name is COO
protocols.motifs.Motif: atom2 name is CH2
protocols.motifs.Motif: atom3 name is OH
protocols.motifs.Motif: Res1 name is PHE
protocols.motifs.Motif: atom1 name is CH2
protocols.motifs.Motif: atom2 name is CH2
protocols.motifs.Motif: atom3 name is OH
protocols.motifs.Motif: Res1 name is TRP
protocols.motifs.Motif: atom1 name is COO
protocols.motifs.Motif: atom2 name is CH2
protocols.motifs.Motif: atom3 name is OH
protocols.motifs.Motif: Res1 name is GLU
protocols.motifs.Motif: atom1 name is COO
protocols.motifs.Motif: atom2 name is CH2
protocols.motifs.Motif: atom3 name is OH
protocols.motifs.Motif: Res1 name is PHE
protocols.motifs.Motif: atom1 name is COO
protocols.motifs.Motif: atom2 name is CH2
protocols.motifs.Motif: atom3 name is OH
protocols.motifs.Motif: Res1 name is TYR
protocols.motifs.Motif: atom1 name is CH2
protocols.motifs.Motif: atom2 name is CH2
protocols.motifs.Motif: atom3 name is Ntrp
protocols.motifs.Motif: Res1 name is GLU
protocols.motifs.Motif: atom1 name is CH2
protocols.motifs.Motif: atom2 name is CH2
protocols.motifs.Motif: atom3 name is Ntrp
protocols.motifs.Motif: Res1 name is TRP
protocols.motifs.Motif: atom1 name is CH2
protocols.motifs.Motif: atom2 name is CH2
protocols.motifs.Motif: atom3 name is OH
protocols.motifs.Motif: Res1 name is ASN
protocols.motifs.Motif: atom1 name is CH2
protocols.motifs.Motif: atom2 name is CH2
protocols.motifs.Motif: atom3 name is Ntrp
core.pack.task: Packer task: initialize from command line() 
core.pack.task: Packer task: initialize from command line() 
core.pack.task: Packer task: initialize from command line() 
protocols.moves.MonteCarlo: MonteCarlo:: last_accepted_score,lowest_score: -1948.82 -1948.82
protocols.motifs.Motif: Res1 name is GLU
protocols.motifs.Motif: atom1 name is CH2
protocols.motifs.Motif: atom2 name is CH2
protocols.motifs.Motif: atom3 name is Ntrp
protocols.motifs.Motif: Res1 name is TYR
protocols.motifs.Motif: atom1 name is CH2
protocols.motifs.Motif: atom2 name is CH2
protocols.motifs.Motif: atom3 name is Ntrp
protocols.motifs.Motif: Res1 name is PHE
protocols.motifs.Motif: atom1 name is CH2
protocols.motifs.Motif: atom2 name is CH2
protocols.motifs.Motif: atom3 name is Ntrp
protocols.motifs.Motif: Res1 name is GLN
protocols.motifs.Motif: atom1 name is CH2
protocols.motifs.Motif: atom2 name is CH2
protocols.motifs.Motif: atom3 name is Ntrp
protocols.motifs.Motif: Res1 name is TYR
protocols.motifs.Motif: atom1 name is CH2
protocols.motifs.Motif: atom2 name is CH2
protocols.motifs.Motif: atom3 name is Ntrp
protocols.motifs.Motif: Res1 name is PHE
protocols.motifs.Motif: atom1 name is COO
protocols.motifs.Motif: atom2 name is CH2
protocols.motifs.Motif: atom3 name is OH
core.pack.task: Packer task: initialize from command line() 
core.pack.task: Packer task: initialize from command line() 
core.pack.task: Packer task: initialize from command line() 
protocols.moves.MonteCarlo: MonteCarlo:: last_accepted_score,lowest_score: -1954.26 -1954.26
protocols.motifs.Motif: Res1 name is ASP
protocols.motifs.Motif: atom1 name is CH2
protocols.motifs.Motif: atom2 name is CH2
protocols.motifs.Motif: atom3 name is Ntrp
protocols.motifs.Motif: Res1 name is TRP
protocols.motifs.Motif: atom1 name is CH2
protocols.motifs.Motif: atom2 name is CH2
protocols.motifs.Motif: atom3 name is OH
protocols.motifs.Motif: Res1 name is GLU
protocols.motifs.Motif: atom1 name is CH2
protocols.motifs.Motif: atom2 name is CH2
protocols.motifs.Motif: atom3 name is Ntrp
protocols.motifs.Motif: Res1 name is PHE
protocols.motifs.Motif: atom1 name is COO
protocols.motifs.Motif: atom2 name is CH2
protocols.motifs.Motif: atom3 name is OH
protocols.motifs.Motif: Res1 name is TYR
protocols.motifs.Motif: atom1 name is COO
protocols.motifs.Motif: atom2 name is CH2
protocols.motifs.Motif: atom3 name is OH
protocols.motifs.Motif: Res1 name is GLU
protocols.motifs.Motif: atom1 name is CH2
protocols.motifs.Motif: atom2 name is CH2
protocols.motifs.Motif: atom3 name is OH
protocols.motifs.Motif: Res1 name is TRP
protocols.motifs.Motif: atom1 name is CH2
protocols.motifs.Motif: atom2 name is CH2
protocols.motifs.Motif: atom3 name is OH
protocols.motifs.Motif: Res1 name is ASN
protocols.motifs.Motif: atom1 name is COO
protocols.motifs.Motif: atom2 name is CH2
protocols.motifs.Motif: atom3 name is OH
core.pack.task: Packer task: initialize from command line() 
core.pack.task: Packer task: initialize from command line() 
core.pack.task: Packer task: initialize from command line() 
protocols.moves.MonteCarlo: MonteCarlo:: last_accepted_score,lowest_score: -1949.03 -1949.03
protocols.motifs.Motif: Res1 name is GLU
protocols.motifs.Motif: atom1 name is CH2
protocols.motifs.Motif: atom2 name is CH2
protocols.motifs.Motif: atom3 name is Ntrp
protocols.motifs.Motif: Res1 name is TYR
protocols.motifs.Motif: atom1 name is CH2
protocols.motifs.Motif: atom2 name is CH2
protocols.motifs.Motif: atom3 name is Ntrp
protocols.motifs.Motif: Res1 name is PHE
protocols.motifs.Motif: atom1 name is COO
protocols.motifs.Motif: atom2 name is CH2
protocols.motifs.Motif: atom3 name is OH
protocols.motifs.Motif: Res1 name is GLN
protocols.motifs.Motif: atom1 name is CH2
protocols.motifs.Motif: atom2 name is CH2
protocols.motifs.Motif: atom3 name is Ntrp
protocols.motifs.Motif: Res1 name is TYR
protocols.motifs.Motif: atom1 name is CH2
protocols.motifs.Motif: atom2 name is CH2
protocols.motifs.Motif: atom3 name is Ntrp
protocols.motifs.Motif: Res1 name is PHE
protocols.motifs.Motif: atom1 name is COO
protocols.motifs.Motif: atom2 name is CH2
protocols.motifs.Motif: atom3 name is OH
core.pack.task: Packer task: initialize from command line() 
core.pack.task: Packer task: initialize from command line() 
core.pack.task: Packer task: initialize from command line() 
protocols.moves.MonteCarlo: MonteCarlo:: last_accepted_score,lowest_score: -1947.47 -1947.47
protocols.motifs.Motif: Res1 name is ASP
protocols.motifs.Motif: atom1 name is COO
protocols.motifs.Motif: atom2 name is CH2
protocols.motifs.Motif: atom3 name is OH
protocols.motifs.Motif: Res1 name is TRP
protocols.motifs.Motif: atom1 name is COO
protocols.motifs.Motif: atom2 name is CH2
protocols.motifs.Motif: atom3 name is OH
protocols.motifs.Motif: Res1 name is ASN
protocols.motifs.Motif: atom1 name is CH2
protocols.motifs.Motif: atom2 name is CH2
protocols.motifs.Motif: atom3 name is Ntrp
protocols.motifs.Motif: Res1 name is GLU
protocols.motifs.Motif: atom1 name is CH2
protocols.motifs.Motif: atom2 name is CH2
protocols.motifs.Motif: atom3 name is Ntrp
protocols.motifs.Motif: Res1 name is PHE
protocols.motifs.Motif: atom1 name is COO
protocols.motifs.Motif: atom2 name is CH2
protocols.motifs.Motif: atom3 name is OH
protocols.motifs.Motif: Res1 name is TYR
protocols.motifs.Motif: atom1 name is CH2
protocols.motifs.Motif: atom2 name is CH2
protocols.motifs.Motif: atom3 name is Ntrp
protocols.motifs.Motif: Res1 name is GLU
protocols.motifs.Motif: atom1 name is CH2
protocols.motifs.Motif: atom2 name is CH2
protocols.motifs.Motif: atom3 name is OH
protocols.motifs.Motif: Res1 name is TRP
protocols.motifs.Motif: atom1 name is COO
protocols.motifs.Motif: atom2 name is CH2
protocols.motifs.Motif: atom3 name is OH
protocols.motifs.Motif: Res1 name is ASN
protocols.motifs.Motif: atom1 name is COO
protocols.motifs.Motif: atom2 name is CH2
protocols.motifs.Motif: atom3 name is OH
core.pack.task: Packer task: initialize from command line() 
core.pack.task: Packer task: initialize from command line() 
core.pack.task: Packer task: initialize from command line() 
protocols.moves.MonteCarlo: MonteCarlo:: last_accepted_score,lowest_score: -1948.92 -1949.82
protocols.motifs.Motif: Res1 name is PHE
protocols.motifs.Motif: atom1 name is CH2
protocols.motifs.Motif: atom2 name is CH2
protocols.motifs.Motif: atom3 name is Ntrp
protocols.motifs.Motif: Res1 name is TYR
protocols.motifs.Motif: atom1 name is CH2
protocols.motifs.Motif: atom2 name is CH2
protocols.motifs.Motif: atom3 name is OH
protocols.motifs.Motif: Res1 name is SER
protocols.motifs.Motif: atom1 name is CH2
protocols.motifs.Motif: atom2 name is CH2
protocols.motifs.Motif: atom3 name is OH
core.pack.task: Packer task: initialize from command line() 
core.pack.task: Packer task: initialize from command line() 
core.pack.task: Packer task: initialize from command line() 
protocols.moves.MonteCarlo: MonteCarlo:: last_accepted_score,lowest_score: -1950.37 -1950.52
protocols.motifs.Motif: Res1 name is GLU
protocols.motifs.Motif: atom1 name is COO
protocols.motifs.Motif: atom2 name is CH2
protocols.motifs.Motif: atom3 name is OH
protocols.motifs.Motif: Res1 name is TYR
protocols.motifs.Motif: atom1 name is COO
protocols.motifs.Motif: atom2 name is CH2
protocols.motifs.Motif: atom3 name is OH
protocols.motifs.Motif: Res1 name is TYR
protocols.motifs.Motif: atom1 name is COO
protocols.motifs.Motif: atom2 name is CH2
protocols.motifs.Motif: atom3 name is OH
protocols.motifs.Motif: Res1 name is LYS
protocols.motifs.Motif: atom1 name is CH2
protocols.motifs.Motif: atom2 name is CH2
protocols.motifs.Motif: atom3 name is Ntrp
core.pack.task: Packer task: initialize from command line() 
core.pack.task: Packer task: initialize from command line() 
core.pack.task: Packer task: initialize from command line() 
protocols.moves.MonteCarlo: MonteCarlo:: last_accepted_score,lowest_score: -1793.6 -1793.6
protocols.motifs.Motif: Res1 name is GLU
protocols.motifs.Motif: atom1 name is CH2
protocols.motifs.Motif: atom2 name is CH2
protocols.motifs.Motif: atom3 name is OH
protocols.motifs.Motif: Res1 name is TYR
protocols.motifs.Motif: atom1 name is CH2
protocols.motifs.Motif: atom2 name is CH2
protocols.motifs.Motif: atom3 name is OH
protocols.motifs.Motif: Res1 name is PHE
protocols.motifs.Motif: atom1 name is CH2
protocols.motifs.Motif: atom2 name is CH2
protocols.motifs.Motif: atom3 name is Ntrp
protocols.motifs.Motif: Res1 name is TYR
protocols.motifs.Motif: atom1 name is COO
protocols.motifs.Motif: atom2 name is CH2
protocols.motifs.Motif: atom3 name is OH
protocols.motifs.Motif: Res1 name is GLU
protocols.motifs.Motif: atom1 name is COO
protocols.motifs.Motif: atom2 name is CH2
protocols.motifs.Motif: atom3 name is OH
protocols.motifs.Motif: Res1 name is SER
protocols.motifs.Motif: atom1 name is CH2
protocols.motifs.Motif: atom2 name is CH2
protocols.motifs.Motif: atom3 name is Ntrp
protocols.motifs.Motif: Res1 name is TRP
protocols.motifs.Motif: atom1 name is COO
protocols.motifs.Motif: atom2 name is CH2
protocols.motifs.Motif: atom3 name is OH
core.pack.task: Packer task: initialize from command line() 
core.pack.task: Packer task: initialize from command line() 
core.pack.task: Packer task: initialize from command line() 
protocols.moves.MonteCarlo: MonteCarlo:: last_accepted_score,lowest_score: -1950.82 -1951.32
protocols.motifs.Motif: Res1 name is TYR
protocols.motifs.Motif: atom1 name is COO
protocols.motifs.Motif: atom2 name is CH2
protocols.motifs.Motif: atom3 name is OH
protocols.motifs.Motif: Res1 name is SER
protocols.motifs.Motif: atom1 name is COO
protocols.motifs.Motif: atom2 name is CH2
protocols.motifs.Motif: atom3 name is OH
core.pack.task: Packer task: initialize from command line() 
core.pack.task: Packer task: initialize from command line() 
core.pack.task: Packer task: initialize from command line() 
protocols.moves.MonteCarlo: MonteCarlo:: last_accepted_score,lowest_score: -1961.16 -1961.16
protocols.motifs.Motif: Res1 name is ASP
protocols.motifs.Motif: atom1 name is COO
protocols.motifs.Motif: atom2 name is CH2
protocols.motifs.Motif: atom3 name is OH
protocols.motifs.Motif: Res1 name is GLU
protocols.motifs.Motif: atom1 name is CH2
protocols.motifs.Motif: atom2 name is CH2
protocols.motifs.Motif: atom3 name is Ntrp
protocols.motifs.Motif: Res1 name is TYR
protocols.motifs.Motif: atom1 name is COO
protocols.motifs.Motif: atom2 name is CH2
protocols.motifs.Motif: atom3 name is OH
protocols.motifs.Motif: Res1 name is GLU
protocols.motifs.Motif: atom1 name is COO
protocols.motifs.Motif: atom2 name is CH2
protocols.motifs.Motif: atom3 name is OH
protocols.motifs.Motif: Res1 name is TRP
protocols.motifs.Motif: atom1 name is COO
protocols.motifs.Motif: atom2 name is CH2
protocols.motifs.Motif: atom3 name is OH
protocols.motifs.Motif: Res1 name is ASN
protocols.motifs.Motif: atom1 name is COO
protocols.motifs.Motif: atom2 name is CH2
protocols.motifs.Motif: atom3 name is OH
core.pack.task: Packer task: initialize from command line() 
core.pack.task: Packer task: initialize from command line() 
core.pack.task: Packer task: initialize from command line() 
protocols.moves.MonteCarlo: MonteCarlo:: last_accepted_score,lowest_score: -1941.49 -1941.49
protocols.motifs.Motif: Res1 name is TYR
protocols.motifs.Motif: atom1 name is CH2
protocols.motifs.Motif: atom2 name is CH2
protocols.motifs.Motif: atom3 name is OH
protocols.motifs.Motif: Res1 name is PHE
protocols.motifs.Motif: atom1 name is CH2
protocols.motifs.Motif: atom2 name is CH2
protocols.motifs.Motif: atom3 name is Ntrp
protocols.motifs.Motif: Res1 name is TYR
protocols.motifs.Motif: atom1 name is COO
protocols.motifs.Motif: atom2 name is CH2
protocols.motifs.Motif: atom3 name is OH
protocols.motifs.Motif: Res1 name is CYS
protocols.motifs.Motif: atom1 name is COO
protocols.motifs.Motif: atom2 name is CH2
protocols.motifs.Motif: atom3 name is OH
protocols.motifs.Motif: Res1 name is SER
protocols.motifs.Motif: atom1 name is CH2
protocols.motifs.Motif: atom2 name is CH2
protocols.motifs.Motif: atom3 name is OH
protocols.motifs.Motif: Res1 name is TRP
protocols.motifs.Motif: atom1 name is COO
protocols.motifs.Motif: atom2 name is CH2
protocols.motifs.Motif: atom3 name is OH
protocols.motifs.Motif: Res1 name is ASN
protocols.motifs.Motif: atom1 name is COO
protocols.motifs.Motif: atom2 name is CH2
protocols.motifs.Motif: atom3 name is OH
core.pack.task: Packer task: initialize from command line() 
core.pack.task: Packer task: initialize from command line() 
core.pack.task: Packer task: initialize from command line() 
protocols.moves.MonteCarlo: MonteCarlo:: last_accepted_score,lowest_score: -1954.66 -1954.66
protocols.motifs.Motif: Res1 name is ASP
protocols.motifs.Motif: atom1 name is CH2
protocols.motifs.Motif: atom2 name is CH2
protocols.motifs.Motif: atom3 name is OH
protocols.motifs.Motif: Res1 name is TRP
protocols.motifs.Motif: atom1 name is COO
protocols.motifs.Motif: atom2 name is CH2
protocols.motifs.Motif: atom3 name is OH
protocols.motifs.Motif: Res1 name is ASN
protocols.motifs.Motif: atom1 name is COO
protocols.motifs.Motif: atom2 name is CH2
protocols.motifs.Motif: atom3 name is OH
protocols.motifs.Motif: Res1 name is GLU
protocols.motifs.Motif: atom1 name is COO
protocols.motifs.Motif: atom2 name is CH2
protocols.motifs.Motif: atom3 name is OH
protocols.motifs.Motif: Res1 name is PHE
protocols.motifs.Motif: atom1 name is CH2
protocols.motifs.Motif: atom2 name is CH2
protocols.motifs.Motif: atom3 name is Ntrp
protocols.motifs.Motif: Res1 name is TYR
protocols.motifs.Motif: atom1 name is CH2
protocols.motifs.Motif: atom2 name is CH2
protocols.motifs.Motif: atom3 name is Ntrp
protocols.motifs.Motif: Res1 name is GLU
protocols.motifs.Motif: atom1 name is COO
protocols.motifs.Motif: atom2 name is CH2
protocols.motifs.Motif: atom3 name is OH
protocols.motifs.Motif: Res1 name is TRP
protocols.motifs.Motif: atom1 name is CH2
protocols.motifs.Motif: atom2 name is CH2
protocols.motifs.Motif: atom3 name is Ntrp
protocols.motifs.Motif: Res1 name is ASN
protocols.motifs.Motif: atom1 name is CH2
protocols.motifs.Motif: atom2 name is CH2
protocols.motifs.Motif: atom3 name is OH
core.pack.task: Packer task: initialize from command line() 
core.pack.task: Packer task: initialize from command line() 
core.pack.task: Packer task: initialize from command line() 
protocols.moves.MonteCarlo: MonteCarlo:: last_accepted_score,lowest_score: -1954.08 -1954.73
protocols.motifs.Motif: Res1 name is ASP
protocols.motifs.Motif: atom1 name is COO
protocols.motifs.Motif: atom2 name is CH2
protocols.motifs.Motif: atom3 name is OH
protocols.motifs.Motif: Res1 name is TRP
protocols.motifs.Motif: atom1 name is COO
protocols.motifs.Motif: atom2 name is CH2
protocols.motifs.Motif: atom3 name is OH
protocols.motifs.Motif: Res1 name is GLU
protocols.motifs.Motif: atom1 name is COO
protocols.motifs.Motif: atom2 name is CH2
protocols.motifs.Motif: atom3 name is OH
protocols.motifs.Motif: Res1 name is PHE
protocols.motifs.Motif: atom1 name is COO
protocols.motifs.Motif: atom2 name is CH2
protocols.motifs.Motif: atom3 name is OH
protocols.motifs.Motif: Res1 name is TYR
protocols.motifs.Motif: atom1 name is CH2
protocols.motifs.Motif: atom2 name is CH2
protocols.motifs.Motif: atom3 name is Ntrp
protocols.motifs.Motif: Res1 name is GLU
protocols.motifs.Motif: atom1 name is COO
protocols.motifs.Motif: atom2 name is CH2
protocols.motifs.Motif: atom3 name is OH
protocols.motifs.Motif: Res1 name is TRP
protocols.motifs.Motif: atom1 name is CH2
protocols.motifs.Motif: atom2 name is CH2
protocols.motifs.Motif: atom3 name is Ntrp
protocols.motifs.Motif: Res1 name is ASN
protocols.motifs.Motif: atom1 name is CH2
protocols.motifs.Motif: atom2 name is CH2
protocols.motifs.Motif: atom3 name is OH
core.pack.task: Packer task: initialize from command line() 
core.pack.task: Packer task: initialize from command line() 
core.pack.task: Packer task: initialize from command line() 
protocols.moves.MonteCarlo: MonteCarlo:: last_accepted_score,lowest_score: -1952.03 -1952.28
protocols.motifs.Motif: Res1 name is ASP
protocols.motifs.Motif: atom1 name is COO
protocols.motifs.Motif: atom2 name is CH2
protocols.motifs.Motif: atom3 name is OH
protocols.motifs.Motif: Res1 name is GLU
protocols.motifs.Motif: atom1 name is COO
protocols.motifs.Motif: atom2 name is CH2
protocols.motifs.Motif: atom3 name is OH
protocols.motifs.Motif: Res1 name is TYR
protocols.motifs.Motif: atom1 name is CH2
protocols.motifs.Motif: atom2 name is CH2
protocols.motifs.Motif: atom3 name is OH
protocols.motifs.Motif: Res1 name is PHE
protocols.motifs.Motif: atom1 name is CH2
protocols.motifs.Motif: atom2 name is CH2
protocols.motifs.Motif: atom3 name is Ntrp
protocols.motifs.Motif: Res1 name is TYR
protocols.motifs.Motif: atom1 name is CH2
protocols.motifs.Motif: atom2 name is CH2
protocols.motifs.Motif: atom3 name is Ntrp
protocols.motifs.Motif: Res1 name is GLU
protocols.motifs.Motif: atom1 name is COO
protocols.motifs.Motif: atom2 name is CH2
protocols.motifs.Motif: atom3 name is OH
protocols.motifs.Motif: Res1 name is ASN
protocols.motifs.Motif: atom1 name is COO
protocols.motifs.Motif: atom2 name is CH2
protocols.motifs.Motif: atom3 name is OH
core.pack.task: Packer task: initialize from command line() 
core.pack.task: Packer task: initialize from command line() 
core.pack.task: Packer task: initialize from command line() 
protocols.moves.MonteCarlo: MonteCarlo:: last_accepted_score,lowest_score: -1948.92 -1948.92
protocols.motifs.Motif: Res1 name is PHE
protocols.motifs.Motif: atom1 name is CH2
protocols.motifs.Motif: atom2 name is CH2
protocols.motifs.Motif: atom3 name is Ntrp
protocols.motifs.Motif: Res1 name is TYR
protocols.motifs.Motif: atom1 name is CH2
protocols.motifs.Motif: atom2 name is CH2
protocols.motifs.Motif: atom3 name is Ntrp
protocols.motifs.Motif: Res1 name is LYS
protocols.motifs.Motif: atom1 name is COO
protocols.motifs.Motif: atom2 name is CH2
protocols.motifs.Motif: atom3 name is OH
protocols.motifs.Motif: Res1 name is PHE
protocols.motifs.Motif: atom1 name is CH2
protocols.motifs.Motif: atom2 name is CH2
protocols.motifs.Motif: atom3 name is OH
core.pack.task: Packer task: initialize from command line() 
core.pack.task: Packer task: initialize from command line() 
core.pack.task: Packer task: initialize from command line() 
protocols.moves.MonteCarlo: MonteCarlo:: last_accepted_score,lowest_score: -1952.36 -1952.5
protocols.motifs.Motif: Res1 name is GLU
protocols.motifs.Motif: atom1 name is CH2
protocols.motifs.Motif: atom2 name is CH2
protocols.motifs.Motif: atom3 name is Ntrp
protocols.motifs.Motif: Res1 name is PHE
protocols.motifs.Motif: atom1 name is COO
protocols.motifs.Motif: atom2 name is CH2
protocols.motifs.Motif: atom3 name is OH
protocols.motifs.Motif: Res1 name is TYR
protocols.motifs.Motif: atom1 name is CH2
protocols.motifs.Motif: atom2 name is CH2
protocols.motifs.Motif: atom3 name is OH
protocols.motifs.Motif: Res1 name is SER
protocols.motifs.Motif: atom1 name is COO
protocols.motifs.Motif: atom2 name is CH2
protocols.motifs.Motif: atom3 name is OH
core.pack.task: Packer task: initialize from command line() 
core.pack.task: Packer task: initialize from command line() 
core.pack.task: Packer task: initialize from command line() 
protocols.moves.MonteCarlo: MonteCarlo:: last_accepted_score,lowest_score: -1950.72 -1950.77
protocols.motifs.Motif: Res1 name is GLU
protocols.motifs.Motif: atom1 name is COO
protocols.motifs.Motif: atom2 name is CH2
protocols.motifs.Motif: atom3 name is OH
protocols.motifs.Motif: Res1 name is TYR
protocols.motifs.Motif: atom1 name is COO
protocols.motifs.Motif: atom2 name is CH2
protocols.motifs.Motif: atom3 name is OH
protocols.motifs.Motif: Res1 name is TYR
protocols.motifs.Motif: atom1 name is COO
protocols.motifs.Motif: atom2 name is CH2
protocols.motifs.Motif: atom3 name is OH
protocols.motifs.Motif: Res1 name is SER
protocols.motifs.Motif: atom1 name is CH2
protocols.motifs.Motif: atom2 name is CH2
protocols.motifs.Motif: atom3 name is Ntrp
core.pack.task: Packer task: initialize from command line() 
core.pack.task: Packer task: initialize from command line() 
core.pack.task: Packer task: initialize from command line() 
protocols.moves.MonteCarlo: MonteCarlo:: last_accepted_score,lowest_score: -1938.19 -1939.51
protocols.motifs.Motif: Res1 name is TYR
protocols.motifs.Motif: atom1 name is CH2
protocols.motifs.Motif: atom2 name is CH2
protocols.motifs.Motif: atom3 name is OH
protocols.motifs.Motif: Res1 name is PHE
protocols.motifs.Motif: atom1 name is COO
protocols.motifs.Motif: atom2 name is CH2
protocols.motifs.Motif: atom3 name is OH
protocols.motifs.Motif: Res1 name is TYR
protocols.motifs.Motif: atom1 name is CH2
protocols.motifs.Motif: atom2 name is CH2
protocols.motifs.Motif: atom3 name is Ntrp
protocols.motifs.Motif: Res1 name is LYS
protocols.motifs.Motif: atom1 name is CH2
protocols.motifs.Motif: atom2 name is CH2
protocols.motifs.Motif: atom3 name is OH
protocols.motifs.Motif: Res1 name is PHE
protocols.motifs.Motif: atom1 name is COO
protocols.motifs.Motif: atom2 name is CH2
protocols.motifs.Motif: atom3 name is OH
core.pack.task: Packer task: initialize from command line() 
core.pack.task: Packer task: initialize from command line() 
core.pack.task: Packer task: initialize from command line() 
protocols.moves.MonteCarlo: MonteCarlo:: last_accepted_score,lowest_score: -1950.35 -1950.35
protocols.motifs.Motif: Res1 name is GLU
protocols.motifs.Motif: atom1 name is CH2
protocols.motifs.Motif: atom2 name is CH2
protocols.motifs.Motif: atom3 name is Ntrp
protocols.motifs.Motif: Res1 name is TYR
protocols.motifs.Motif: atom1 name is CH2
protocols.motifs.Motif: atom2 name is CH2
protocols.motifs.Motif: atom3 name is Ntrp
protocols.motifs.Motif: Res1 name is SER
protocols.motifs.Motif: atom1 name is COO
protocols.motifs.Motif: atom2 name is CH2
protocols.motifs.Motif: atom3 name is OH
core.pack.task: Packer task: initialize from command line() 
core.pack.task: Packer task: initialize from command line() 
core.pack.task: Packer task: initialize from command line() 
protocols.moves.MonteCarlo: MonteCarlo:: last_accepted_score,lowest_score: -1961.98 -1961.98
protocols.motifs.Motif: Res1 name is ASP
protocols.motifs.Motif: atom1 name is CH2
protocols.motifs.Motif: atom2 name is CH2
protocols.motifs.Motif: atom3 name is OH
protocols.motifs.Motif: Res1 name is PHE
protocols.motifs.Motif: atom1 name is CH2
protocols.motifs.Motif: atom2 name is CH2
protocols.motifs.Motif: atom3 name is OH
protocols.motifs.Motif: Res1 name is TRP
protocols.motifs.Motif: atom1 name is CH2
protocols.motifs.Motif: atom2 name is CH2
protocols.motifs.Motif: atom3 name is Ntrp
protocols.motifs.Motif: Res1 name is ASN
protocols.motifs.Motif: atom1 name is CH2
protocols.motifs.Motif: atom2 name is CH2
protocols.motifs.Motif: atom3 name is OH
protocols.motifs.Motif: Res1 name is GLU
protocols.motifs.Motif: atom1 name is CH2
protocols.motifs.Motif: atom2 name is CH2
protocols.motifs.Motif: atom3 name is OH
protocols.motifs.Motif: Res1 name is TYR
protocols.motifs.Motif: atom1 name is COO
protocols.motifs.Motif: atom2 name is CH2
protocols.motifs.Motif: atom3 name is OH
protocols.motifs.Motif: Res1 name is PHE
protocols.motifs.Motif: atom1 name is COO
protocols.motifs.Motif: atom2 name is CH2
protocols.motifs.Motif: atom3 name is OH
protocols.motifs.Motif: Res1 name is TYR
protocols.motifs.Motif: atom1 name is CH2
protocols.motifs.Motif: atom2 name is CH2
protocols.motifs.Motif: atom3 name is Ntrp
protocols.motifs.Motif: Res1 name is GLU
protocols.motifs.Motif: atom1 name is CH2
protocols.motifs.Motif: atom2 name is CH2
protocols.motifs.Motif: atom3 name is Ntrp
protocols.motifs.Motif: Res1 name is TRP
protocols.motifs.Motif: atom1 name is CH2
protocols.motifs.Motif: atom2 name is CH2
protocols.motifs.Motif: atom3 name is OH
protocols.motifs.Motif: Res1 name is ASN
protocols.motifs.Motif: atom1 name is COO
protocols.motifs.Motif: atom2 name is CH2
protocols.motifs.Motif: atom3 name is OH
core.pack.task: Packer task: initialize from command line() 
core.pack.task: Packer task: initialize from command line() 
core.pack.task: Packer task: initialize from command line() 
protocols.moves.MonteCarlo: MonteCarlo:: last_accepted_score,lowest_score: -1945.12 -1945.83
protocols.motifs.Motif: Res1 name is GLU
protocols.motifs.Motif: atom1 name is COO
protocols.motifs.Motif: atom2 name is CH2
protocols.motifs.Motif: atom3 name is OH
protocols.motifs.Motif: Res1 name is TYR
protocols.motifs.Motif: atom1 name is COO
protocols.motifs.Motif: atom2 name is CH2
protocols.motifs.Motif: atom3 name is OH
protocols.motifs.Motif: Res1 name is PHE
protocols.motifs.Motif: atom1 name is CH2
protocols.motifs.Motif: atom2 name is CH2
protocols.motifs.Motif: atom3 name is OH
protocols.motifs.Motif: Res1 name is TYR
protocols.motifs.Motif: atom1 name is COO
protocols.motifs.Motif: atom2 name is CH2
protocols.motifs.Motif: atom3 name is OH
protocols.motifs.Motif: Res1 name is SER
protocols.motifs.Motif: atom1 name is CH2
protocols.motifs.Motif: atom2 name is CH2
protocols.motifs.Motif: atom3 name is Ntrp
protocols.motifs.Motif: Res1 name is ASN
protocols.motifs.Motif: atom1 name is CH2
protocols.motifs.Motif: atom2 name is CH2
protocols.motifs.Motif: atom3 name is OH
core.pack.task: Packer task: initialize from command line() 
core.pack.task: Packer task: initialize from command line() 
core.pack.task: Packer task: initialize from command line() 
protocols.moves.MonteCarlo: MonteCarlo:: last_accepted_score,lowest_score: -1937.6 -1937.6
protocols.motifs.Motif: Res1 name is ASP
protocols.motifs.Motif: atom1 name is COO
protocols.motifs.Motif: atom2 name is CH2
protocols.motifs.Motif: atom3 name is OH
protocols.motifs.Motif: Res1 name is TRP
protocols.motifs.Motif: atom1 name is COO
protocols.motifs.Motif: atom2 name is CH2
protocols.motifs.Motif: atom3 name is OH
protocols.motifs.Motif: Res1 name is ASN
protocols.motifs.Motif: atom1 name is CH2
protocols.motifs.Motif: atom2 name is CH2
protocols.motifs.Motif: atom3 name is Ntrp
protocols.motifs.Motif: Res1 name is GLU
protocols.motifs.Motif: atom1 name is CH2
protocols.motifs.Motif: atom2 name is CH2
protocols.motifs.Motif: atom3 name is OH
protocols.motifs.Motif: Res1 name is TYR
protocols.motifs.Motif: atom1 name is COO
protocols.motifs.Motif: atom2 name is CH2
protocols.motifs.Motif: atom3 name is OH
protocols.motifs.Motif: Res1 name is PHE
protocols.motifs.Motif: atom1 name is COO
protocols.motifs.Motif: atom2 name is CH2
protocols.motifs.Motif: atom3 name is OH
protocols.motifs.Motif: Res1 name is TYR
protocols.motifs.Motif: atom1 name is CH2
protocols.motifs.Motif: atom2 name is CH2
protocols.motifs.Motif: atom3 name is Ntrp
protocols.motifs.Motif: Res1 name is GLU
protocols.motifs.Motif: atom1 name is CH2
protocols.motifs.Motif: atom2 name is CH2
protocols.motifs.Motif: atom3 name is OH
protocols.motifs.Motif: Res1 name is TRP
protocols.motifs.Motif: atom1 name is CH2
protocols.motifs.Motif: atom2 name is CH2
protocols.motifs.Motif: atom3 name is OH
protocols.motifs.Motif: Res1 name is ASN
protocols.motifs.Motif: atom1 name is COO
protocols.motifs.Motif: atom2 name is CH2
protocols.motifs.Motif: atom3 name is OH
core.pack.task: Packer task: initialize from command line() 
core.pack.task: Packer task: initialize from command line() 
core.pack.task: Packer task: initialize from command line() 
protocols.moves.MonteCarlo: MonteCarlo:: last_accepted_score,lowest_score: -1951.59 -1951.59
protocols.motifs.Motif: Res1 name is GLU
protocols.motifs.Motif: atom1 name is COO
protocols.motifs.Motif: atom2 name is CH2
protocols.motifs.Motif: atom3 name is OH
protocols.motifs.Motif: Res1 name is TYR
protocols.motifs.Motif: atom1 name is COO
protocols.motifs.Motif: atom2 name is CH2
protocols.motifs.Motif: atom3 name is OH
protocols.motifs.Motif: Res1 name is PHE
protocols.motifs.Motif: atom1 name is COO
protocols.motifs.Motif: atom2 name is CH2
protocols.motifs.Motif: atom3 name is OH
protocols.motifs.Motif: Res1 name is TYR
protocols.motifs.Motif: atom1 name is COO
protocols.motifs.Motif: atom2 name is CH2
protocols.motifs.Motif: atom3 name is OH
protocols.motifs.Motif: Res1 name is LEU
protocols.motifs.Motif: atom1 name is CH2
protocols.motifs.Motif: atom2 name is CH2
protocols.motifs.Motif: atom3 name is OH
core.pack.task: Packer task: initialize from command line() 
core.pack.task: Packer task: initialize from command line() 
core.pack.task: Packer task: initialize from command line() 
protocols.moves.MonteCarlo: MonteCarlo:: last_accepted_score,lowest_score: -1943.88 -1943.88
protocols.motifs.Motif: Res1 name is ASP
protocols.motifs.Motif: atom1 name is COO
protocols.motifs.Motif: atom2 name is CH2
protocols.motifs.Motif: atom3 name is OH
protocols.motifs.Motif: Res1 name is GLU
protocols.motifs.Motif: atom1 name is CH2
protocols.motifs.Motif: atom2 name is CH2
protocols.motifs.Motif: atom3 name is OH
protocols.motifs.Motif: Res1 name is TYR
protocols.motifs.Motif: atom1 name is CH2
protocols.motifs.Motif: atom2 name is CH2
protocols.motifs.Motif: atom3 name is OH
protocols.motifs.Motif: Res1 name is PHE
protocols.motifs.Motif: atom1 name is COO
protocols.motifs.Motif: atom2 name is CH2
protocols.motifs.Motif: atom3 name is OH
protocols.motifs.Motif: Res1 name is TYR
protocols.motifs.Motif: atom1 name is CH2
protocols.motifs.Motif: atom2 name is CH2
protocols.motifs.Motif: atom3 name is OH
protocols.motifs.Motif: Res1 name is GLU
protocols.motifs.Motif: atom1 name is CH2
protocols.motifs.Motif: atom2 name is CH2
protocols.motifs.Motif: atom3 name is OH
protocols.motifs.Motif: Res1 name is ASN
protocols.motifs.Motif: atom1 name is COO
protocols.motifs.Motif: atom2 name is CH2
protocols.motifs.Motif: atom3 name is OH
core.pack.task: Packer task: initialize from command line() 
core.pack.task: Packer task: initialize from command line() 
core.pack.task: Packer task: initialize from command line() 
protocols.moves.MonteCarlo: MonteCarlo:: last_accepted_score,lowest_score: -1809.84 -1809.84
protocols.motifs.Motif: Res1 name is ASP
protocols.motifs.Motif: atom1 name is COO
protocols.motifs.Motif: atom2 name is CH2
protocols.motifs.Motif: atom3 name is OH
protocols.motifs.Motif: Res1 name is TRP
protocols.motifs.Motif: atom1 name is COO
protocols.motifs.Motif: atom2 name is CH2
protocols.motifs.Motif: atom3 name is OH
protocols.motifs.Motif: Res1 name is ASN
protocols.motifs.Motif: atom1 name is CH2
protocols.motifs.Motif: atom2 name is CH2
protocols.motifs.Motif: atom3 name is OH
protocols.motifs.Motif: Res1 name is GLU
protocols.motifs.Motif: atom1 name is COO
protocols.motifs.Motif: atom2 name is CH2
protocols.motifs.Motif: atom3 name is OH
protocols.motifs.Motif: Res1 name is TYR
protocols.motifs.Motif: atom1 name is COO
protocols.motifs.Motif: atom2 name is CH2
protocols.motifs.Motif: atom3 name is OH
protocols.motifs.Motif: Res1 name is PHE
protocols.motifs.Motif: atom1 name is COO
protocols.motifs.Motif: atom2 name is CH2
protocols.motifs.Motif: atom3 name is OH
protocols.motifs.Motif: Res1 name is HIS
protocols.motifs.Motif: atom1 name is CH2
protocols.motifs.Motif: atom2 name is CH2
protocols.motifs.Motif: atom3 name is Ntrp
protocols.motifs.Motif: Res1 name is TYR
protocols.motifs.Motif: atom1 name is CH2
protocols.motifs.Motif: atom2 name is CH2
protocols.motifs.Motif: atom3 name is Ntrp
protocols.motifs.Motif: Res1 name is GLU
protocols.motifs.Motif: atom1 name is CH2
protocols.motifs.Motif: atom2 name is CH2
protocols.motifs.Motif: atom3 name is OH
protocols.motifs.Motif: Res1 name is TRP
protocols.motifs.Motif: atom1 name is CH2
protocols.motifs.Motif: atom2 name is CH2
protocols.motifs.Motif: atom3 name is Ntrp
protocols.motifs.Motif: Res1 name is ASN
protocols.motifs.Motif: atom1 name is COO
protocols.motifs.Motif: atom2 name is CH2
protocols.motifs.Motif: atom3 name is OH
core.pack.task: Packer task: initialize from command line() 
core.pack.task: Packer task: initialize from command line() 
core.pack.task: Packer task: initialize from command line() 
protocols.moves.MonteCarlo: MonteCarlo:: last_accepted_score,lowest_score: -1951.09 -1951.57
protocols.motifs.Motif: Res1 name is GLU
protocols.motifs.Motif: atom1 name is CH2
protocols.motifs.Motif: atom2 name is CH2
protocols.motifs.Motif: atom3 name is Ntrp
protocols.motifs.Motif: Res1 name is PHE
protocols.motifs.Motif: atom1 name is COO
protocols.motifs.Motif: atom2 name is CH2
protocols.motifs.Motif: atom3 name is OH
protocols.motifs.Motif: Res1 name is TYR
protocols.motifs.Motif: atom1 name is CH2
protocols.motifs.Motif: atom2 name is CH2
protocols.motifs.Motif: atom3 name is OH
protocols.motifs.Motif: Res1 name is SER
protocols.motifs.Motif: atom1 name is COO
protocols.motifs.Motif: atom2 name is CH2
protocols.motifs.Motif: atom3 name is OH
core.pack.task: Packer task: initialize from command line() 
core.pack.task: Packer task: initialize from command line() 
core.pack.task: Packer task: initialize from command line() 
protocols.moves.MonteCarlo: MonteCarlo:: last_accepted_score,lowest_score: -1955.57 -1955.57
protocols.motifs.Motif: Res1 name is ASP
protocols.motifs.Motif: atom1 name is COO
protocols.motifs.Motif: atom2 name is CH2
protocols.motifs.Motif: atom3 name is OH
protocols.motifs.Motif: Res1 name is PHE
protocols.motifs.Motif: atom1 name is COO
protocols.motifs.Motif: atom2 name is CH2
protocols.motifs.Motif: atom3 name is OH
protocols.motifs.Motif: Res1 name is TRP
protocols.motifs.Motif: atom1 name is CH2
protocols.motifs.Motif: atom2 name is CH2
protocols.motifs.Motif: atom3 name is OH
protocols.motifs.Motif: Res1 name is GLU
protocols.motifs.Motif: atom1 name is CH2
protocols.motifs.Motif: atom2 name is CH2
protocols.motifs.Motif: atom3 name is Ntrp
protocols.motifs.Motif: Res1 name is TYR
protocols.motifs.Motif: atom1 name is CH2
protocols.motifs.Motif: atom2 name is CH2
protocols.motifs.Motif: atom3 name is Ntrp
protocols.motifs.Motif: Res1 name is PHE
protocols.motifs.Motif: atom1 name is CH2
protocols.motifs.Motif: atom2 name is CH2
protocols.motifs.Motif: atom3 name is Ntrp
protocols.motifs.Motif: Res1 name is TYR
protocols.motifs.Motif: atom1 name is COO
protocols.motifs.Motif: atom2 name is CH2
protocols.motifs.Motif: atom3 name is OH
protocols.motifs.Motif: Res1 name is GLU
protocols.motifs.Motif: atom1 name is COO
protocols.motifs.Motif: atom2 name is CH2
protocols.motifs.Motif: atom3 name is OH
protocols.motifs.Motif: Res1 name is TRP
protocols.motifs.Motif: atom1 name is COO
protocols.motifs.Motif: atom2 name is CH2
protocols.motifs.Motif: atom3 name is OH
protocols.motifs.Motif: Res1 name is ASN
protocols.motifs.Motif: atom1 name is COO
protocols.motifs.Motif: atom2 name is CH2
protocols.motifs.Motif: atom3 name is OH
core.pack.task: Packer task: initialize from command line() 
core.pack.task: Packer task: initialize from command line() 
core.pack.task: Packer task: initialize from command line() 
protocols.moves.MonteCarlo: MonteCarlo:: last_accepted_score,lowest_score: -1948.72 -1948.72
protocols.motifs.Motif: Res1 name is ASP
protocols.motifs.Motif: atom1 name is CH2
protocols.motifs.Motif: atom2 name is CH2
protocols.motifs.Motif: atom3 name is OH
protocols.motifs.Motif: Res1 name is GLU
protocols.motifs.Motif: atom1 name is CH2
protocols.motifs.Motif: atom2 name is CH2
protocols.motifs.Motif: atom3 name is OH
protocols.motifs.Motif: Res1 name is TYR
protocols.motifs.Motif: atom1 name is CH2
protocols.motifs.Motif: atom2 name is CH2
protocols.motifs.Motif: atom3 name is Ntrp
protocols.motifs.Motif: Res1 name is PHE
protocols.motifs.Motif: atom1 name is CH2
protocols.motifs.Motif: atom2 name is CH2
protocols.motifs.Motif: atom3 name is OH
protocols.motifs.Motif: Res1 name is TYR
protocols.motifs.Motif: atom1 name is COO
protocols.motifs.Motif: atom2 name is CH2
protocols.motifs.Motif: atom3 name is OH
protocols.motifs.Motif: Res1 name is GLU
protocols.motifs.Motif: atom1 name is CH2
protocols.motifs.Motif: atom2 name is CH2
protocols.motifs.Motif: atom3 name is Ntrp
protocols.motifs.Motif: Res1 name is ASN
protocols.motifs.Motif: atom1 name is CH2
protocols.motifs.Motif: atom2 name is CH2
protocols.motifs.Motif: atom3 name is OH
core.pack.task: Packer task: initialize from command line() 
core.pack.task: Packer task: initialize from command line() 
core.pack.task: Packer task: initialize from command line() 
protocols.moves.MonteCarlo: MonteCarlo:: last_accepted_score,lowest_score: -1953.01 -1953.01
protocols.motifs.Motif: Res1 name is GLU
protocols.motifs.Motif: atom1 name is COO
protocols.motifs.Motif: atom2 name is CH2
protocols.motifs.Motif: atom3 name is OH
protocols.motifs.Motif: Res1 name is TYR
protocols.motifs.Motif: atom1 name is COO
protocols.motifs.Motif: atom2 name is CH2
protocols.motifs.Motif: atom3 name is OH
protocols.motifs.Motif: Res1 name is PHE
protocols.motifs.Motif: atom1 name is COO
protocols.motifs.Motif: atom2 name is CH2
protocols.motifs.Motif: atom3 name is OH
protocols.motifs.Motif: Res1 name is TYR
protocols.motifs.Motif: atom1 name is COO
protocols.motifs.Motif: atom2 name is CH2
protocols.motifs.Motif: atom3 name is OH
protocols.motifs.Motif: Res1 name is GLU
protocols.motifs.Motif: atom1 name is CH2
protocols.motifs.Motif: atom2 name is CH2
protocols.motifs.Motif: atom3 name is Ntrp
protocols.motifs.Motif: Res1 name is SER
protocols.motifs.Motif: atom1 name is COO
protocols.motifs.Motif: atom2 name is CH2
protocols.motifs.Motif: atom3 name is OH
protocols.motifs.Motif: Res1 name is ASN
protocols.motifs.Motif: atom1 name is CH2
protocols.motifs.Motif: atom2 name is CH2
protocols.motifs.Motif: atom3 name is Ntrp
core.pack.task: Packer task: initialize from command line() 
core.pack.task: Packer task: initialize from command line() 
core.pack.task: Packer task: initialize from command line() 
protocols.moves.MonteCarlo: MonteCarlo:: last_accepted_score,lowest_score: -1950.58 -1950.64
protocols.motifs.Motif: Res1 name is ASP
protocols.motifs.Motif: atom1 name is CH2
protocols.motifs.Motif: atom2 name is CH2
protocols.motifs.Motif: atom3 name is Ntrp
protocols.motifs.Motif: Res1 name is GLU
protocols.motifs.Motif: atom1 name is CH2
protocols.motifs.Motif: atom2 name is CH2
protocols.motifs.Motif: atom3 name is Ntrp
protocols.motifs.Motif: Res1 name is TYR
protocols.motifs.Motif: atom1 name is COO
protocols.motifs.Motif: atom2 name is CH2
protocols.motifs.Motif: atom3 name is OH
protocols.motifs.Motif: Res1 name is PHE
protocols.motifs.Motif: atom1 name is COO
protocols.motifs.Motif: atom2 name is CH2
protocols.motifs.Motif: atom3 name is OH
protocols.motifs.Motif: Res1 name is TYR
protocols.motifs.Motif: atom1 name is CH2
protocols.motifs.Motif: atom2 name is CH2
protocols.motifs.Motif: atom3 name is Ntrp
protocols.motifs.Motif: Res1 name is GLU
protocols.motifs.Motif: atom1 name is CH2
protocols.motifs.Motif: atom2 name is CH2
protocols.motifs.Motif: atom3 name is Ntrp
protocols.motifs.Motif: Res1 name is ASN
protocols.motifs.Motif: atom1 name is CH2
protocols.motifs.Motif: atom2 name is CH2
protocols.motifs.Motif: atom3 name is OH
core.pack.task: Packer task: initialize from command line() 
core.pack.task: Packer task: initialize from command line() 
core.pack.task: Packer task: initialize from command line() 
protocols.moves.MonteCarlo: MonteCarlo:: last_accepted_score,lowest_score: -1913.61 -1913.61
protocols.motifs.Motif: Res1 name is ASP
protocols.motifs.Motif: atom1 name is COO
protocols.motifs.Motif: atom2 name is CH2
protocols.motifs.Motif: atom3 name is OH
protocols.motifs.Motif: Res1 name is GLU
protocols.motifs.Motif: atom1 name is COO
protocols.motifs.Motif: atom2 name is CH2
protocols.motifs.Motif: atom3 name is OH
protocols.motifs.Motif: Res1 name is TYR
protocols.motifs.Motif: atom1 name is CH2
protocols.motifs.Motif: atom2 name is CH2
protocols.motifs.Motif: atom3 name is OH
protocols.motifs.Motif: Res1 name is PHE
protocols.motifs.Motif: atom1 name is CH2
protocols.motifs.Motif: atom2 name is CH2
protocols.motifs.Motif: atom3 name is Ntrp
protocols.motifs.Motif: Res1 name is TYR
protocols.motifs.Motif: atom1 name is COO
protocols.motifs.Motif: atom2 name is CH2
protocols.motifs.Motif: atom3 name is OH
protocols.motifs.Motif: Res1 name is GLU
protocols.motifs.Motif: atom1 name is COO
protocols.motifs.Motif: atom2 name is CH2
protocols.motifs.Motif: atom3 name is OH
protocols.motifs.Motif: Res1 name is ASN
protocols.motifs.Motif: atom1 name is CH2
protocols.motifs.Motif: atom2 name is CH2
protocols.motifs.Motif: atom3 name is OH
core.pack.task: Packer task: initialize from command line() 
core.pack.task: Packer task: initialize from command line() 
core.pack.task: Packer task: initialize from command line() 
protocols.moves.MonteCarlo: MonteCarlo:: last_accepted_score,lowest_score: -1950 -1950.67
protocols.motifs.Motif: Res1 name is GLU
protocols.motifs.Motif: atom1 name is COO
protocols.motifs.Motif: atom2 name is CH2
protocols.motifs.Motif: atom3 name is OH
protocols.motifs.Motif: Res1 name is TYR
protocols.motifs.Motif: atom1 name is COO
protocols.motifs.Motif: atom2 name is CH2
protocols.motifs.Motif: atom3 name is OH
protocols.motifs.Motif: Res1 name is PHE
protocols.motifs.Motif: atom1 name is COO
protocols.motifs.Motif: atom2 name is CH2
protocols.motifs.Motif: atom3 name is OH
protocols.motifs.Motif: Res1 name is TYR
protocols.motifs.Motif: atom1 name is COO
protocols.motifs.Motif: atom2 name is CH2
protocols.motifs.Motif: atom3 name is OH
protocols.motifs.Motif: Res1 name is SER
protocols.motifs.Motif: atom1 name is CH2
protocols.motifs.Motif: atom2 name is CH2
protocols.motifs.Motif: atom3 name is OH
core.pack.task: Packer task: initialize from command line() 
core.pack.task: Packer task: initialize from command line() 
core.pack.task: Packer task: initialize from command line() 
protocols.moves.MonteCarlo: MonteCarlo:: last_accepted_score,lowest_score: -1949.77 -1950.97
protocols.motifs.Motif: Res1 name is TYR
protocols.motifs.Motif: atom1 name is COO
protocols.motifs.Motif: atom2 name is CH2
protocols.motifs.Motif: atom3 name is OH
protocols.motifs.Motif: Res1 name is PHE
protocols.motifs.Motif: atom1 name is CH2
protocols.motifs.Motif: atom2 name is CH2
protocols.motifs.Motif: atom3 name is OH
protocols.motifs.Motif: Res1 name is TYR
protocols.motifs.Motif: atom1 name is CH2
protocols.motifs.Motif: atom2 name is CH2
protocols.motifs.Motif: atom3 name is OH
protocols.motifs.Motif: Res1 name is SER
protocols.motifs.Motif: atom1 name is CH2
protocols.motifs.Motif: atom2 name is CH2
protocols.motifs.Motif: atom3 name is Ntrp
protocols.motifs.Motif: Res1 name is LYS
protocols.motifs.Motif: atom1 name is CH2
protocols.motifs.Motif: atom2 name is CH2
protocols.motifs.Motif: atom3 name is OH
core.pack.task: Packer task: initialize from command line() 
core.pack.task: Packer task: initialize from command line() 
core.pack.task: Packer task: initialize from command line() 
protocols.moves.MonteCarlo: MonteCarlo:: last_accepted_score,lowest_score: -1957.25 -1957.25
protocols.motifs.Motif: Res1 name is ASP
protocols.motifs.Motif: atom1 name is COO
protocols.motifs.Motif: atom2 name is CH2
protocols.motifs.Motif: atom3 name is OH
protocols.motifs.Motif: Res1 name is GLU
protocols.motifs.Motif: atom1 name is CH2
protocols.motifs.Motif: atom2 name is CH2
protocols.motifs.Motif: atom3 name is OH
protocols.motifs.Motif: Res1 name is TYR
protocols.motifs.Motif: atom1 name is CH2
protocols.motifs.Motif: atom2 name is CH2
protocols.motifs.Motif: atom3 name is Ntrp
protocols.motifs.Motif: Res1 name is PHE
protocols.motifs.Motif: atom1 name is COO
protocols.motifs.Motif: atom2 name is CH2
protocols.motifs.Motif: atom3 name is OH
protocols.motifs.Motif: Res1 name is TYR
protocols.motifs.Motif: atom1 name is COO
protocols.motifs.Motif: atom2 name is CH2
protocols.motifs.Motif: atom3 name is OH
protocols.motifs.Motif: Res1 name is ASN
protocols.motifs.Motif: atom1 name is COO
protocols.motifs.Motif: atom2 name is CH2
protocols.motifs.Motif: atom3 name is OH
core.pack.task: Packer task: initialize from command line() 
core.pack.task: Packer task: initialize from command line() 
core.pack.task: Packer task: initialize from command line() 
protocols.moves.MonteCarlo: MonteCarlo:: last_accepted_score,lowest_score: -1957.98 -1958.81
protocols.motifs.Motif: Res1 name is GLU
protocols.motifs.Motif: atom1 name is CH2
protocols.motifs.Motif: atom2 name is CH2
protocols.motifs.Motif: atom3 name is OH
protocols.motifs.Motif: Res1 name is TYR
protocols.motifs.Motif: atom1 name is COO
protocols.motifs.Motif: atom2 name is CH2
protocols.motifs.Motif: atom3 name is OH
protocols.motifs.Motif: Res1 name is PHE
protocols.motifs.Motif: atom1 name is COO
protocols.motifs.Motif: atom2 name is CH2
protocols.motifs.Motif: atom3 name is OH
protocols.motifs.Motif: Res1 name is TYR
protocols.motifs.Motif: atom1 name is CH2
protocols.motifs.Motif: atom2 name is CH2
protocols.motifs.Motif: atom3 name is OH
protocols.motifs.Motif: Res1 name is GLU
protocols.motifs.Motif: atom1 name is CH2
protocols.motifs.Motif: atom2 name is CH2
protocols.motifs.Motif: atom3 name is OH
protocols.motifs.Motif: Res1 name is SER
protocols.motifs.Motif: atom1 name is COO
protocols.motifs.Motif: atom2 name is CH2
protocols.motifs.Motif: atom3 name is OH
protocols.motifs.Motif: Res1 name is TRP
protocols.motifs.Motif: atom1 name is CH2
protocols.motifs.Motif: atom2 name is CH2
protocols.motifs.Motif: atom3 name is OH
protocols.motifs.Motif: Res1 name is ASN
protocols.motifs.Motif: atom1 name is COO
protocols.motifs.Motif: atom2 name is CH2
protocols.motifs.Motif: atom3 name is OH
core.pack.task: Packer task: initialize from command line() 
core.pack.task: Packer task: initialize from command line() 
core.pack.task: Packer task: initialize from command line() 
protocols.moves.MonteCarlo: MonteCarlo:: last_accepted_score,lowest_score: -1954.08 -1954.09
protocols.motifs.Motif: Res1 name is ASP
protocols.motifs.Motif: atom1 name is COO
protocols.motifs.Motif: atom2 name is CH2
protocols.motifs.Motif: atom3 name is OH
protocols.motifs.Motif: Res1 name is ASN
protocols.motifs.Motif: atom1 name is CH2
protocols.motifs.Motif: atom2 name is CH2
protocols.motifs.Motif: atom3 name is OH
protocols.motifs.Motif: Res1 name is GLU
protocols.motifs.Motif: atom1 name is CH2
protocols.motifs.Motif: atom2 name is CH2
protocols.motifs.Motif: atom3 name is Ntrp
protocols.motifs.Motif: Res1 name is TYR
protocols.motifs.Motif: atom1 name is CH2
protocols.motifs.Motif: atom2 name is CH2
protocols.motifs.Motif: atom3 name is Ntrp
protocols.motifs.Motif: Res1 name is PHE
protocols.motifs.Motif: atom1 name is COO
protocols.motifs.Motif: atom2 name is CH2
protocols.motifs.Motif: atom3 name is OH
protocols.motifs.Motif: Res1 name is TYR
protocols.motifs.Motif: atom1 name is CH2
protocols.motifs.Motif: atom2 name is CH2
protocols.motifs.Motif: atom3 name is OH
protocols.motifs.Motif: Res1 name is GLU
protocols.motifs.Motif: atom1 name is COO
protocols.motifs.Motif: atom2 name is CH2
protocols.motifs.Motif: atom3 name is OH
protocols.motifs.Motif: Res1 name is TRP
protocols.motifs.Motif: atom1 name is COO
protocols.motifs.Motif: atom2 name is CH2
protocols.motifs.Motif: atom3 name is OH
protocols.motifs.Motif: Res1 name is ASN
protocols.motifs.Motif: atom1 name is COO
protocols.motifs.Motif: atom2 name is CH2
protocols.motifs.Motif: atom3 name is OH
core.pack.task: Packer task: initialize from command line() 
core.pack.task: Packer task: initialize from command line() 
core.pack.task: Packer task: initialize from command line() 
protocols.moves.MonteCarlo: MonteCarlo:: last_accepted_score,lowest_score: -1946.99 -1946.99
protocols.motifs.Motif: Res1 name is GLU
protocols.motifs.Motif: atom1 name is CH2
protocols.motifs.Motif: atom2 name is CH2
protocols.motifs.Motif: atom3 name is OH
protocols.motifs.Motif: Res1 name is PHE
protocols.motifs.Motif: atom1 name is CH2
protocols.motifs.Motif: atom2 name is CH2
protocols.motifs.Motif: atom3 name is Ntrp
protocols.motifs.Motif: Res1 name is TYR
protocols.motifs.Motif: atom1 name is CH2
protocols.motifs.Motif: atom2 name is CH2
protocols.motifs.Motif: atom3 name is Ntrp
protocols.motifs.Motif: Res1 name is SER
protocols.motifs.Motif: atom1 name is COO
protocols.motifs.Motif: atom2 name is CH2
protocols.motifs.Motif: atom3 name is OH
protocols.motifs.Motif: Res1 name is LYS
protocols.motifs.Motif: atom1 name is COO
protocols.motifs.Motif: atom2 name is CH2
protocols.motifs.Motif: atom3 name is OH
protocols.motifs.Motif: Res1 name is ASN
protocols.motifs.Motif: atom1 name is CH2
protocols.motifs.Motif: atom2 name is CH2
protocols.motifs.Motif: atom3 name is Ntrp
core.pack.task: Packer task: initialize from command line() 
core.pack.task: Packer task: initialize from command line() 
core.pack.task: Packer task: initialize from command line() 
protocols.moves.MonteCarlo: MonteCarlo:: last_accepted_score,lowest_score: -1959.14 -1959.14
protocols.motifs.Motif: Res1 name is ASP
protocols.motifs.Motif: atom1 name is COO
protocols.motifs.Motif: atom2 name is CH2
protocols.motifs.Motif: atom3 name is OH
protocols.motifs.Motif: Res1 name is GLU
protocols.motifs.Motif: atom1 name is CH2
protocols.motifs.Motif: atom2 name is CH2
protocols.motifs.Motif: atom3 name is OH
protocols.motifs.Motif: Res1 name is TYR
protocols.motifs.Motif: atom1 name is COO
protocols.motifs.Motif: atom2 name is CH2
protocols.motifs.Motif: atom3 name is OH
protocols.motifs.Motif: Res1 name is PHE
protocols.motifs.Motif: atom1 name is COO
protocols.motifs.Motif: atom2 name is CH2
protocols.motifs.Motif: atom3 name is OH
protocols.motifs.Motif: Res1 name is TYR
protocols.motifs.Motif: atom1 name is CH2
protocols.motifs.Motif: atom2 name is CH2
protocols.motifs.Motif: atom3 name is OH
protocols.motifs.Motif: Res1 name is GLU
protocols.motifs.Motif: atom1 name is CH2
protocols.motifs.Motif: atom2 name is CH2
protocols.motifs.Motif: atom3 name is OH
protocols.motifs.Motif: Res1 name is TRP
protocols.motifs.Motif: atom1 name is CH2
protocols.motifs.Motif: atom2 name is CH2
protocols.motifs.Motif: atom3 name is Ntrp
protocols.motifs.Motif: Res1 name is ASN
protocols.motifs.Motif: atom1 name is COO
protocols.motifs.Motif: atom2 name is CH2
protocols.motifs.Motif: atom3 name is OH
core.pack.task: Packer task: initialize from command line() 
core.pack.task: Packer task: initialize from command line() 
core.pack.task: Packer task: initialize from command line() 
protocols.moves.MonteCarlo: MonteCarlo:: last_accepted_score,lowest_score: -1953.01 -1953.08
protocols.motifs.Motif: Res1 name is ASP
protocols.motifs.Motif: atom1 name is COO
protocols.motifs.Motif: atom2 name is CH2
protocols.motifs.Motif: atom3 name is OH
protocols.motifs.Motif: Res1 name is TRP
protocols.motifs.Motif: atom1 name is CH2
protocols.motifs.Motif: atom2 name is CH2
protocols.motifs.Motif: atom3 name is OH
protocols.motifs.Motif: Res1 name is GLU
protocols.motifs.Motif: atom1 name is CH2
protocols.motifs.Motif: atom2 name is CH2
protocols.motifs.Motif: atom3 name is Ntrp
protocols.motifs.Motif: Res1 name is TYR
protocols.motifs.Motif: atom1 name is CH2
protocols.motifs.Motif: atom2 name is CH2
protocols.motifs.Motif: atom3 name is Ntrp
protocols.motifs.Motif: Res1 name is PHE
protocols.motifs.Motif: atom1 name is CH2
protocols.motifs.Motif: atom2 name is CH2
protocols.motifs.Motif: atom3 name is Ntrp
protocols.motifs.Motif: Res1 name is TYR
protocols.motifs.Motif: atom1 name is COO
protocols.motifs.Motif: atom2 name is CH2
protocols.motifs.Motif: atom3 name is OH
protocols.motifs.Motif: Res1 name is GLU
protocols.motifs.Motif: atom1 name is COO
protocols.motifs.Motif: atom2 name is CH2
protocols.motifs.Motif: atom3 name is OH
protocols.motifs.Motif: Res1 name is TRP
protocols.motifs.Motif: atom1 name is COO
protocols.motifs.Motif: atom2 name is CH2
protocols.motifs.Motif: atom3 name is OH
protocols.motifs.Motif: Res1 name is ASN
protocols.motifs.Motif: atom1 name is COO
protocols.motifs.Motif: atom2 name is CH2
protocols.motifs.Motif: atom3 name is OH
core.pack.task: Packer task: initialize from command line() 
core.pack.task: Packer task: initialize from command line() 
core.pack.task: Packer task: initialize from command line() 
protocols.moves.MonteCarlo: MonteCarlo:: last_accepted_score,lowest_score: -1951.56 -1951.56
protocols.motifs.Motif: Res1 name is ASP
protocols.motifs.Motif: atom1 name is COO
protocols.motifs.Motif: atom2 name is CH2
protocols.motifs.Motif: atom3 name is OH
protocols.motifs.Motif: Res1 name is TRP
protocols.motifs.Motif: atom1 name is COO
protocols.motifs.Motif: atom2 name is CH2
protocols.motifs.Motif: atom3 name is OH
protocols.motifs.Motif: Res1 name is GLU
protocols.motifs.Motif: atom1 name is COO
protocols.motifs.Motif: atom2 name is CH2
protocols.motifs.Motif: atom3 name is OH
protocols.motifs.Motif: Res1 name is TYR
protocols.motifs.Motif: atom1 name is COO
protocols.motifs.Motif: atom2 name is CH2
protocols.motifs.Motif: atom3 name is OH
protocols.motifs.Motif: Res1 name is PHE
protocols.motifs.Motif: atom1 name is COO
protocols.motifs.Motif: atom2 name is CH2
protocols.motifs.Motif: atom3 name is OH
protocols.motifs.Motif: Res1 name is TYR
protocols.motifs.Motif: atom1 name is CH2
protocols.motifs.Motif: atom2 name is CH2
protocols.motifs.Motif: atom3 name is Ntrp
protocols.motifs.Motif: Res1 name is GLU
protocols.motifs.Motif: atom1 name is CH2
protocols.motifs.Motif: atom2 name is CH2
protocols.motifs.Motif: atom3 name is OH
protocols.motifs.Motif: Res1 name is TRP
protocols.motifs.Motif: atom1 name is CH2
protocols.motifs.Motif: atom2 name is CH2
protocols.motifs.Motif: atom3 name is OH
protocols.motifs.Motif: Res1 name is ASN
protocols.motifs.Motif: atom1 name is CH2
protocols.motifs.Motif: atom2 name is CH2
protocols.motifs.Motif: atom3 name is Ntrp
core.pack.task: Packer task: initialize from command line() 
core.pack.task: Packer task: initialize from command line() 
core.pack.task: Packer task: initialize from command line() 
protocols.moves.MonteCarlo: MonteCarlo:: last_accepted_score,lowest_score: -1949.14 -1949.47
protocols.motifs.Motif: Res1 name is TYR
protocols.motifs.Motif: atom1 name is CH2
protocols.motifs.Motif: atom2 name is CH2
protocols.motifs.Motif: atom3 name is OH
protocols.motifs.Motif: Res1 name is PHE
protocols.motifs.Motif: atom1 name is CH2
protocols.motifs.Motif: atom2 name is CH2
protocols.motifs.Motif: atom3 name is Ntrp
protocols.motifs.Motif: Res1 name is TYR
protocols.motifs.Motif: atom1 name is CH2
protocols.motifs.Motif: atom2 name is CH2
protocols.motifs.Motif: atom3 name is Ntrp
protocols.motifs.Motif: Res1 name is PHE
protocols.motifs.Motif: atom1 name is COO
protocols.motifs.Motif: atom2 name is CH2
protocols.motifs.Motif: atom3 name is OH
core.pack.task: Packer task: initialize from command line() 
core.pack.task: Packer task: initialize from command line() 
core.pack.task: Packer task: initialize from command line() 
protocols.moves.MonteCarlo: MonteCarlo:: last_accepted_score,lowest_score: -1954.33 -1954.33
protocols.motifs.Motif: Res1 name is ASP
protocols.motifs.Motif: atom1 name is COO
protocols.motifs.Motif: atom2 name is CH2
protocols.motifs.Motif: atom3 name is OH
protocols.motifs.Motif: Res1 name is TRP
protocols.motifs.Motif: atom1 name is COO
protocols.motifs.Motif: atom2 name is CH2
protocols.motifs.Motif: atom3 name is OH
protocols.motifs.Motif: Res1 name is GLU
protocols.motifs.Motif: atom1 name is CH2
protocols.motifs.Motif: atom2 name is CH2
protocols.motifs.Motif: atom3 name is Ntrp
protocols.motifs.Motif: Res1 name is PHE
protocols.motifs.Motif: atom1 name is COO
protocols.motifs.Motif: atom2 name is CH2
protocols.motifs.Motif: atom3 name is OH
protocols.motifs.Motif: Res1 name is TYR
protocols.motifs.Motif: atom1 name is CH2
protocols.motifs.Motif: atom2 name is CH2
protocols.motifs.Motif: atom3 name is OH
protocols.motifs.Motif: Res1 name is GLU
protocols.motifs.Motif: atom1 name is CH2
protocols.motifs.Motif: atom2 name is CH2
protocols.motifs.Motif: atom3 name is OH
protocols.motifs.Motif: Res1 name is TRP
protocols.motifs.Motif: atom1 name is COO
protocols.motifs.Motif: atom2 name is CH2
protocols.motifs.Motif: atom3 name is OH
protocols.motifs.Motif: Res1 name is ASN
protocols.motifs.Motif: atom1 name is CH2
protocols.motifs.Motif: atom2 name is CH2
protocols.motifs.Motif: atom3 name is OH
core.pack.task: Packer task: initialize from command line() 
core.pack.task: Packer task: initialize from command line() 
core.pack.task: Packer task: initialize from command line() 
protocols.moves.MonteCarlo: MonteCarlo:: last_accepted_score,lowest_score: -1949.08 -1949.08
protocols.motifs.Motif: Res1 name is GLU
protocols.motifs.Motif: atom1 name is CH2
protocols.motifs.Motif: atom2 name is CH2
protocols.motifs.Motif: atom3 name is OH
protocols.motifs.Motif: Res1 name is TYR
protocols.motifs.Motif: atom1 name is CH2
protocols.motifs.Motif: atom2 name is CH2
protocols.motifs.Motif: atom3 name is OH
protocols.motifs.Motif: Res1 name is PHE
protocols.motifs.Motif: atom1 name is CH2
protocols.motifs.Motif: atom2 name is CH2
protocols.motifs.Motif: atom3 name is OH
protocols.motifs.Motif: Res1 name is TYR
protocols.motifs.Motif: atom1 name is CH2
protocols.motifs.Motif: atom2 name is CH2
protocols.motifs.Motif: atom3 name is OH
core.pack.task: Packer task: initialize from command line() 
core.pack.task: Packer task: initialize from command line() 
core.pack.task: Packer task: initialize from command line() 
protocols.moves.MonteCarlo: MonteCarlo:: last_accepted_score,lowest_score: -1950.68 -1950.68
protocols.motifs.Motif: Res1 name is ASP
protocols.motifs.Motif: atom1 name is CH2
protocols.motifs.Motif: atom2 name is CH2
protocols.motifs.Motif: atom3 name is OH
protocols.motifs.Motif: Res1 name is TRP
protocols.motifs.Motif: atom1 name is CH2
protocols.motifs.Motif: atom2 name is CH2
protocols.motifs.Motif: atom3 name is OH
protocols.motifs.Motif: Res1 name is GLU
protocols.motifs.Motif: atom1 name is CH2
protocols.motifs.Motif: atom2 name is CH2
protocols.motifs.Motif: atom3 name is Ntrp
protocols.motifs.Motif: Res1 name is PHE
protocols.motifs.Motif: atom1 name is CH2
protocols.motifs.Motif: atom2 name is CH2
protocols.motifs.Motif: atom3 name is Ntrp
protocols.motifs.Motif: Res1 name is TYR
protocols.motifs.Motif: atom1 name is COO
protocols.motifs.Motif: atom2 name is CH2
protocols.motifs.Motif: atom3 name is OH
protocols.motifs.Motif: Res1 name is SER
protocols.motifs.Motif: atom1 name is COO
protocols.motifs.Motif: atom2 name is CH2
protocols.motifs.Motif: atom3 name is OH
protocols.motifs.Motif: Res1 name is TRP
protocols.motifs.Motif: atom1 name is COO
protocols.motifs.Motif: atom2 name is CH2
protocols.motifs.Motif: atom3 name is OH
protocols.motifs.Motif: Res1 name is ASN
protocols.motifs.Motif: atom1 name is COO
protocols.motifs.Motif: atom2 name is CH2
protocols.motifs.Motif: atom3 name is OH
core.pack.task: Packer task: initialize from command line() 
core.pack.task: Packer task: initialize from command line() 
core.pack.task: Packer task: initialize from command line() 
protocols.moves.MonteCarlo: MonteCarlo:: last_accepted_score,lowest_score: -1797.15 -1797.15
protocols.motifs.Motif: Res1 name is TRP
protocols.motifs.Motif: atom1 name is CH2
protocols.motifs.Motif: atom2 name is CH2
protocols.motifs.Motif: atom3 name is Ntrp
protocols.motifs.Motif: Res1 name is ASN
protocols.motifs.Motif: atom1 name is CH2
protocols.motifs.Motif: atom2 name is CH2
protocols.motifs.Motif: atom3 name is OH
protocols.motifs.Motif: Res1 name is GLU
protocols.motifs.Motif: atom1 name is CH2
protocols.motifs.Motif: atom2 name is CH2
protocols.motifs.Motif: atom3 name is Ntrp
protocols.motifs.Motif: Res1 name is TYR
protocols.motifs.Motif: atom1 name is CH2
protocols.motifs.Motif: atom2 name is CH2
protocols.motifs.Motif: atom3 name is Ntrp
protocols.motifs.Motif: Res1 name is PHE
protocols.motifs.Motif: atom1 name is CH2
protocols.motifs.Motif: atom2 name is CH2
protocols.motifs.Motif: atom3 name is Ntrp
protocols.motifs.Motif: Res1 name is HIS
protocols.motifs.Motif: atom1 name is COO
protocols.motifs.Motif: atom2 name is CH2
protocols.motifs.Motif: atom3 name is OH
protocols.motifs.Motif: Res1 name is TYR
protocols.motifs.Motif: atom1 name is COO
protocols.motifs.Motif: atom2 name is CH2
protocols.motifs.Motif: atom3 name is OH
protocols.motifs.Motif: Res1 name is GLU
protocols.motifs.Motif: atom1 name is COO
protocols.motifs.Motif: atom2 name is CH2
protocols.motifs.Motif: atom3 name is OH
protocols.motifs.Motif: Res1 name is TRP
protocols.motifs.Motif: atom1 name is COO
protocols.motifs.Motif: atom2 name is CH2
protocols.motifs.Motif: atom3 name is OH
core.pack.task: Packer task: initialize from command line() 
core.pack.task: Packer task: initialize from command line() 
core.pack.task: Packer task: initialize from command line() 
protocols.moves.MonteCarlo: MonteCarlo:: last_accepted_score,lowest_score: -1948.73 -1949.21
protocols.motifs.Motif: Res1 name is GLU
protocols.motifs.Motif: atom1 name is COO
protocols.motifs.Motif: atom2 name is CH2
protocols.motifs.Motif: atom3 name is OH
protocols.motifs.Motif: Res1 name is TYR
protocols.motifs.Motif: atom1 name is COO
protocols.motifs.Motif: atom2 name is CH2
protocols.motifs.Motif: atom3 name is OH
protocols.motifs.Motif: Res1 name is PHE
protocols.motifs.Motif: atom1 name is COO
protocols.motifs.Motif: atom2 name is CH2
protocols.motifs.Motif: atom3 name is OH
protocols.motifs.Motif: Res1 name is TYR
protocols.motifs.Motif: atom1 name is COO
protocols.motifs.Motif: atom2 name is CH2
protocols.motifs.Motif: atom3 name is OH
protocols.motifs.Motif: Res1 name is LYS
protocols.motifs.Motif: atom1 name is CH2
protocols.motifs.Motif: atom2 name is CH2
protocols.motifs.Motif: atom3 name is OH
core.pack.task: Packer task: initialize from command line() 
core.pack.task: Packer task: initialize from command line() 
core.pack.task: Packer task: initialize from command line() 
protocols.moves.MonteCarlo: MonteCarlo:: last_accepted_score,lowest_score: -1950.3 -1950.3
protocols.motifs.Motif: Res1 name is GLU
protocols.motifs.Motif: atom1 name is CH2
protocols.motifs.Motif: atom2 name is CH2
protocols.motifs.Motif: atom3 name is OH
protocols.motifs.Motif: Res1 name is TYR
protocols.motifs.Motif: atom1 name is CH2
protocols.motifs.Motif: atom2 name is CH2
protocols.motifs.Motif: atom3 name is Ntrp
protocols.motifs.Motif: Res1 name is PHE
protocols.motifs.Motif: atom1 name is CH2
protocols.motifs.Motif: atom2 name is CH2
protocols.motifs.Motif: atom3 name is Ntrp
protocols.motifs.Motif: Res1 name is TYR
protocols.motifs.Motif: atom1 name is COO
protocols.motifs.Motif: atom2 name is CH2
protocols.motifs.Motif: atom3 name is OH
protocols.motifs.Motif: Res1 name is LYS
protocols.motifs.Motif: atom1 name is COO
protocols.motifs.Motif: atom2 name is CH2
protocols.motifs.Motif: atom3 name is OH
protocols.motifs.Motif: Res1 name is PHE
protocols.motifs.Motif: atom1 name is CH2
protocols.motifs.Motif: atom2 name is CH2
protocols.motifs.Motif: atom3 name is OH
core.pack.task: Packer task: initialize from command line() 
core.pack.task: Packer task: initialize from command line() 
core.pack.task: Packer task: initialize from command line() 
protocols.moves.MonteCarlo: MonteCarlo:: last_accepted_score,lowest_score: -1951.03 -1951.13
protocols.motifs.Motif: Res1 name is TYR
protocols.motifs.Motif: atom1 name is CH2
protocols.motifs.Motif: atom2 name is CH2
protocols.motifs.Motif: atom3 name is OH
protocols.motifs.Motif: Res1 name is TYR
protocols.motifs.Motif: atom1 name is COO
protocols.motifs.Motif: atom2 name is CH2
protocols.motifs.Motif: atom3 name is OH
protocols.motifs.Motif: Res1 name is LEU
protocols.motifs.Motif: atom1 name is COO
protocols.motifs.Motif: atom2 name is CH2
protocols.motifs.Motif: atom3 name is OH
protocols.motifs.Motif: Res1 name is LYS
protocols.motifs.Motif: atom1 name is COO
protocols.motifs.Motif: atom2 name is CH2
protocols.motifs.Motif: atom3 name is OH
core.pack.task: Packer task: initialize from command line() 
core.pack.task: Packer task: initialize from command line() 
core.pack.task: Packer task: initialize from command line() 
protocols.moves.MonteCarlo: MonteCarlo:: last_accepted_score,lowest_score: -1949.73 -1949.73
protocols.motifs.Motif: Res1 name is ASP
protocols.motifs.Motif: atom1 name is COO
protocols.motifs.Motif: atom2 name is CH2
protocols.motifs.Motif: atom3 name is OH
protocols.motifs.Motif: Res1 name is PHE
protocols.motifs.Motif: atom1 name is COO
protocols.motifs.Motif: atom2 name is CH2
protocols.motifs.Motif: atom3 name is OH
protocols.motifs.Motif: Res1 name is TRP
protocols.motifs.Motif: atom1 name is CH2
protocols.motifs.Motif: atom2 name is CH2
protocols.motifs.Motif: atom3 name is OH
protocols.motifs.Motif: Res1 name is GLU
protocols.motifs.Motif: atom1 name is CH2
protocols.motifs.Motif: atom2 name is CH2
protocols.motifs.Motif: atom3 name is Ntrp
protocols.motifs.Motif: Res1 name is TYR
protocols.motifs.Motif: atom1 name is CH2
protocols.motifs.Motif: atom2 name is CH2
protocols.motifs.Motif: atom3 name is Ntrp
protocols.motifs.Motif: Res1 name is PHE
protocols.motifs.Motif: atom1 name is CH2
protocols.motifs.Motif: atom2 name is CH2
protocols.motifs.Motif: atom3 name is Ntrp
protocols.motifs.Motif: Res1 name is TYR
protocols.motifs.Motif: atom1 name is COO
protocols.motifs.Motif: atom2 name is CH2
protocols.motifs.Motif: atom3 name is OH
protocols.motifs.Motif: Res1 name is GLU
protocols.motifs.Motif: atom1 name is COO
protocols.motifs.Motif: atom2 name is CH2
protocols.motifs.Motif: atom3 name is OH
protocols.motifs.Motif: Res1 name is TRP
protocols.motifs.Motif: atom1 name is COO
protocols.motifs.Motif: atom2 name is CH2
protocols.motifs.Motif: atom3 name is OH
protocols.motifs.Motif: Res1 name is ASN
protocols.motifs.Motif: atom1 name is COO
protocols.motifs.Motif: atom2 name is CH2
protocols.motifs.Motif: atom3 name is OH
core.pack.task: Packer task: initialize from command line() 
core.pack.task: Packer task: initialize from command line() 
core.pack.task: Packer task: initialize from command line() 
protocols.moves.MonteCarlo: MonteCarlo:: last_accepted_score,lowest_score: -1951.47 -1951.47
protocols.motifs.Motif: Res1 name is GLU
protocols.motifs.Motif: atom1 name is CH2
protocols.motifs.Motif: atom2 name is CH2
protocols.motifs.Motif: atom3 name is Ntrp
protocols.motifs.Motif: Res1 name is TYR
protocols.motifs.Motif: atom1 name is CH2
protocols.motifs.Motif: atom2 name is CH2
protocols.motifs.Motif: atom3 name is Ntrp
protocols.motifs.Motif: Res1 name is PHE
protocols.motifs.Motif: atom1 name is CH2
protocols.motifs.Motif: atom2 name is CH2
protocols.motifs.Motif: atom3 name is Ntrp
protocols.motifs.Motif: Res1 name is TYR
protocols.motifs.Motif: atom1 name is COO
protocols.motifs.Motif: atom2 name is CH2
protocols.motifs.Motif: atom3 name is OH
protocols.motifs.Motif: Res1 name is SER
protocols.motifs.Motif: atom1 name is COO
protocols.motifs.Motif: atom2 name is CH2
protocols.motifs.Motif: atom3 name is OH
protocols.motifs.Motif: Res1 name is LYS
protocols.motifs.Motif: atom1 name is COO
protocols.motifs.Motif: atom2 name is CH2
protocols.motifs.Motif: atom3 name is OH
core.pack.task: Packer task: initialize from command line() 
core.pack.task: Packer task: initialize from command line() 
core.pack.task: Packer task: initialize from command line() 
protocols.moves.MonteCarlo: MonteCarlo:: last_accepted_score,lowest_score: -1873.19 -1873.19
protocols.motifs.Motif: Res1 name is ASP
protocols.motifs.Motif: atom1 name is CH2
protocols.motifs.Motif: atom2 name is CH2
protocols.motifs.Motif: atom3 name is Ntrp
protocols.motifs.Motif: Res1 name is PHE
protocols.motifs.Motif: atom1 name is COO
protocols.motifs.Motif: atom2 name is CH2
protocols.motifs.Motif: atom3 name is OH
protocols.motifs.Motif: Res1 name is TRP
protocols.motifs.Motif: atom1 name is CH2
protocols.motifs.Motif: atom2 name is CH2
protocols.motifs.Motif: atom3 name is OH
protocols.motifs.Motif: Res1 name is GLU
protocols.motifs.Motif: atom1 name is CH2
protocols.motifs.Motif: atom2 name is CH2
protocols.motifs.Motif: atom3 name is Ntrp
protocols.motifs.Motif: Res1 name is PHE
protocols.motifs.Motif: atom1 name is CH2
protocols.motifs.Motif: atom2 name is CH2
protocols.motifs.Motif: atom3 name is Ntrp
protocols.motifs.Motif: Res1 name is TYR
protocols.motifs.Motif: atom1 name is COO
protocols.motifs.Motif: atom2 name is CH2
protocols.motifs.Motif: atom3 name is OH
protocols.motifs.Motif: Res1 name is GLU
protocols.motifs.Motif: atom1 name is COO
protocols.motifs.Motif: atom2 name is CH2
protocols.motifs.Motif: atom3 name is OH
protocols.motifs.Motif: Res1 name is CYS
protocols.motifs.Motif: atom1 name is COO
protocols.motifs.Motif: atom2 name is CH2
protocols.motifs.Motif: atom3 name is OH
protocols.motifs.Motif: Res1 name is TRP
protocols.motifs.Motif: atom1 name is COO
protocols.motifs.Motif: atom2 name is CH2
protocols.motifs.Motif: atom3 name is OH
protocols.motifs.Motif: Res1 name is ASN
protocols.motifs.Motif: atom1 name is COO
protocols.motifs.Motif: atom2 name is CH2
protocols.motifs.Motif: atom3 name is OH
core.pack.task: Packer task: initialize from command line() 
core.pack.task: Packer task: initialize from command line() 
core.pack.task: Packer task: initialize from command line() 
protocols.moves.MonteCarlo: MonteCarlo:: last_accepted_score,lowest_score: -1949.56 -1949.73
protocols.motifs.Motif: Res1 name is TYR
protocols.motifs.Motif: atom1 name is COO
protocols.motifs.Motif: atom2 name is CH2
protocols.motifs.Motif: atom3 name is OH
protocols.motifs.Motif: Res1 name is TYR
protocols.motifs.Motif: atom1 name is CH2
protocols.motifs.Motif: atom2 name is CH2
protocols.motifs.Motif: atom3 name is OH
protocols.motifs.Motif: Res1 name is LEU
protocols.motifs.Motif: atom1 name is COO
protocols.motifs.Motif: atom2 name is CH2
protocols.motifs.Motif: atom3 name is OH
core.pack.task: Packer task: initialize from command line() 
core.pack.task: Packer task: initialize from command line() 
core.pack.task: Packer task: initialize from command line() 
protocols.moves.MonteCarlo: MonteCarlo:: last_accepted_score,lowest_score: -1957 -1957
protocols.motifs.Motif: Res1 name is ASP
protocols.motifs.Motif: atom1 name is COO
protocols.motifs.Motif: atom2 name is CH2
protocols.motifs.Motif: atom3 name is OH
protocols.motifs.Motif: Res1 name is PHE
protocols.motifs.Motif: atom1 name is COO
protocols.motifs.Motif: atom2 name is CH2
protocols.motifs.Motif: atom3 name is OH
protocols.motifs.Motif: Res1 name is ASN
protocols.motifs.Motif: atom1 name is CH2
protocols.motifs.Motif: atom2 name is CH2
protocols.motifs.Motif: atom3 name is OH
protocols.motifs.Motif: Res1 name is GLU
protocols.motifs.Motif: atom1 name is CH2
protocols.motifs.Motif: atom2 name is CH2
protocols.motifs.Motif: atom3 name is Ntrp
protocols.motifs.Motif: Res1 name is TYR
protocols.motifs.Motif: atom1 name is CH2
protocols.motifs.Motif: atom2 name is CH2
protocols.motifs.Motif: atom3 name is Ntrp
protocols.motifs.Motif: Res1 name is PHE
protocols.motifs.Motif: atom1 name is COO
protocols.motifs.Motif: atom2 name is CH2
protocols.motifs.Motif: atom3 name is OH
protocols.motifs.Motif: Res1 name is TYR
protocols.motifs.Motif: atom1 name is CH2
protocols.motifs.Motif: atom2 name is CH2
protocols.motifs.Motif: atom3 name is Ntrp
protocols.motifs.Motif: Res1 name is GLU
protocols.motifs.Motif: atom1 name is COO
protocols.motifs.Motif: atom2 name is CH2
protocols.motifs.Motif: atom3 name is OH
protocols.motifs.Motif: Res1 name is TRP
protocols.motifs.Motif: atom1 name is COO
protocols.motifs.Motif: atom2 name is CH2
protocols.motifs.Motif: atom3 name is OH
protocols.motifs.Motif: Res1 name is ASN
protocols.motifs.Motif: atom1 name is COO
protocols.motifs.Motif: atom2 name is CH2
protocols.motifs.Motif: atom3 name is OH
core.pack.task: Packer task: initialize from command line() 
core.pack.task: Packer task: initialize from command line() 
core.pack.task: Packer task: initialize from command line() 
protocols.moves.MonteCarlo: MonteCarlo:: last_accepted_score,lowest_score: -1957.43 -1957.43
protocols.motifs.Motif: Res1 name is ASP
protocols.motifs.Motif: atom1 name is COO
protocols.motifs.Motif: atom2 name is CH2
protocols.motifs.Motif: atom3 name is OH
protocols.motifs.Motif: Res1 name is TRP
protocols.motifs.Motif: atom1 name is CH2
protocols.motifs.Motif: atom2 name is CH2
protocols.motifs.Motif: atom3 name is OH
protocols.motifs.Motif: Res1 name is ASN
protocols.motifs.Motif: atom1 name is CH2
protocols.motifs.Motif: atom2 name is CH2
protocols.motifs.Motif: atom3 name is OH
protocols.motifs.Motif: Res1 name is GLU
protocols.motifs.Motif: atom1 name is CH2
protocols.motifs.Motif: atom2 name is CH2
protocols.motifs.Motif: atom3 name is OH
protocols.motifs.Motif: Res1 name is PHE
protocols.motifs.Motif: atom1 name is COO
protocols.motifs.Motif: atom2 name is CH2
protocols.motifs.Motif: atom3 name is OH
protocols.motifs.Motif: Res1 name is TYR
protocols.motifs.Motif: atom1 name is CH2
protocols.motifs.Motif: atom2 name is CH2
protocols.motifs.Motif: atom3 name is Ntrp
protocols.motifs.Motif: Res1 name is GLU
protocols.motifs.Motif: atom1 name is CH2
protocols.motifs.Motif: atom2 name is CH2
protocols.motifs.Motif: atom3 name is OH
protocols.motifs.Motif: Res1 name is TRP
protocols.motifs.Motif: atom1 name is COO
protocols.motifs.Motif: atom2 name is CH2
protocols.motifs.Motif: atom3 name is OH
protocols.motifs.Motif: Res1 name is ASN
protocols.motifs.Motif: atom1 name is COO
protocols.motifs.Motif: atom2 name is CH2
protocols.motifs.Motif: atom3 name is OH
core.pack.task: Packer task: initialize from command line() 
core.pack.task: Packer task: initialize from command line() 
core.pack.task: Packer task: initialize from command line() 
protocols.moves.MonteCarlo: MonteCarlo:: last_accepted_score,lowest_score: -1957.87 -1957.87
protocols.motifs.Motif: Res1 name is ASP
protocols.motifs.Motif: atom1 name is COO
protocols.motifs.Motif: atom2 name is CH2
protocols.motifs.Motif: atom3 name is OH
protocols.motifs.Motif: Res1 name is TRP
protocols.motifs.Motif: atom1 name is COO
protocols.motifs.Motif: atom2 name is CH2
protocols.motifs.Motif: atom3 name is OH
protocols.motifs.Motif: Res1 name is GLU
protocols.motifs.Motif: atom1 name is CH2
protocols.motifs.Motif: atom2 name is CH2
protocols.motifs.Motif: atom3 name is OH
protocols.motifs.Motif: Res1 name is TYR
protocols.motifs.Motif: atom1 name is CH2
protocols.motifs.Motif: atom2 name is CH2
protocols.motifs.Motif: atom3 name is Ntrp
protocols.motifs.Motif: Res1 name is PHE
protocols.motifs.Motif: atom1 name is COO
protocols.motifs.Motif: atom2 name is CH2
protocols.motifs.Motif: atom3 name is OH
protocols.motifs.Motif: Res1 name is TYR
protocols.motifs.Motif: atom1 name is CH2
protocols.motifs.Motif: atom2 name is CH2
protocols.motifs.Motif: atom3 name is OH
protocols.motifs.Motif: Res1 name is GLU
protocols.motifs.Motif: atom1 name is COO
protocols.motifs.Motif: atom2 name is CH2
protocols.motifs.Motif: atom3 name is OH
protocols.motifs.Motif: Res1 name is TRP
protocols.motifs.Motif: atom1 name is COO
protocols.motifs.Motif: atom2 name is CH2
protocols.motifs.Motif: atom3 name is OH
protocols.motifs.Motif: Res1 name is ASN
protocols.motifs.Motif: atom1 name is COO
protocols.motifs.Motif: atom2 name is CH2
protocols.motifs.Motif: atom3 name is OH
core.pack.task: Packer task: initialize from command line() 
core.pack.task: Packer task: initialize from command line() 
core.pack.task: Packer task: initialize from command line() 
protocols.moves.MonteCarlo: MonteCarlo:: last_accepted_score,lowest_score: -1950.89 -1950.89
protocols.motifs.Motif: Res1 name is ASP
protocols.motifs.Motif: atom1 name is COO
protocols.motifs.Motif: atom2 name is CH2
protocols.motifs.Motif: atom3 name is OH
protocols.motifs.Motif: Res1 name is TRP
protocols.motifs.Motif: atom1 name is CH2
protocols.motifs.Motif: atom2 name is CH2
protocols.motifs.Motif: atom3 name is OH
protocols.motifs.Motif: Res1 name is ASN
protocols.motifs.Motif: atom1 name is CH2
protocols.motifs.Motif: atom2 name is CH2
protocols.motifs.Motif: atom3 name is OH
protocols.motifs.Motif: Res1 name is GLU
protocols.motifs.Motif: atom1 name is CH2
protocols.motifs.Motif: atom2 name is CH2
protocols.motifs.Motif: atom3 name is OH
protocols.motifs.Motif: Res1 name is TYR
protocols.motifs.Motif: atom1 name is CH2
protocols.motifs.Motif: atom2 name is CH2
protocols.motifs.Motif: atom3 name is Ntrp
protocols.motifs.Motif: Res1 name is PHE
protocols.motifs.Motif: atom1 name is CH2
protocols.motifs.Motif: atom2 name is CH2
protocols.motifs.Motif: atom3 name is Ntrp
protocols.motifs.Motif: Res1 name is TYR
protocols.motifs.Motif: atom1 name is COO
protocols.motifs.Motif: atom2 name is CH2
protocols.motifs.Motif: atom3 name is OH
protocols.motifs.Motif: Res1 name is GLU
protocols.motifs.Motif: atom1 name is COO
protocols.motifs.Motif: atom2 name is CH2
protocols.motifs.Motif: atom3 name is OH
protocols.motifs.Motif: Res1 name is TRP
protocols.motifs.Motif: atom1 name is COO
protocols.motifs.Motif: atom2 name is CH2
protocols.motifs.Motif: atom3 name is OH
protocols.motifs.Motif: Res1 name is ASN
protocols.motifs.Motif: atom1 name is COO
protocols.motifs.Motif: atom2 name is CH2
protocols.motifs.Motif: atom3 name is OH
core.pack.task: Packer task: initialize from command line() 
core.pack.task: Packer task: initialize from command line() 
core.pack.task: Packer task: initialize from command line() 
protocols.moves.MonteCarlo: MonteCarlo:: last_accepted_score,lowest_score: -1949.37 -1949.72
protocols.motifs.Motif: Res1 name is GLU
protocols.motifs.Motif: atom1 name is COO
protocols.motifs.Motif: atom2 name is CH2
protocols.motifs.Motif: atom3 name is OH
protocols.motifs.Motif: Res1 name is TYR
protocols.motifs.Motif: atom1 name is COO
protocols.motifs.Motif: atom2 name is CH2
protocols.motifs.Motif: atom3 name is OH
protocols.motifs.Motif: Res1 name is PHE
protocols.motifs.Motif: atom1 name is CH2
protocols.motifs.Motif: atom2 name is CH2
protocols.motifs.Motif: atom3 name is Ntrp
protocols.motifs.Motif: Res1 name is TYR
protocols.motifs.Motif: atom1 name is CH2
protocols.motifs.Motif: atom2 name is CH2
protocols.motifs.Motif: atom3 name is Ntrp
protocols.motifs.Motif: Res1 name is SER
protocols.motifs.Motif: atom1 name is CH2
protocols.motifs.Motif: atom2 name is CH2
protocols.motifs.Motif: atom3 name is Ntrp
core.pack.task: Packer task: initialize from command line() 
core.pack.task: Packer task: initialize from command line() 
core.pack.task: Packer task: initialize from command line() 
protocols.moves.MonteCarlo: MonteCarlo:: last_accepted_score,lowest_score: -1951.44 -1951.44
protocols.motifs.Motif: Res1 name is TYR
protocols.motifs.Motif: atom1 name is COO
protocols.motifs.Motif: atom2 name is CH2
protocols.motifs.Motif: atom3 name is OH
protocols.motifs.Motif: Res1 name is PHE
protocols.motifs.Motif: atom1 name is COO
protocols.motifs.Motif: atom2 name is CH2
protocols.motifs.Motif: atom3 name is OH
protocols.motifs.Motif: Res1 name is TYR
protocols.motifs.Motif: atom1 name is CH2
protocols.motifs.Motif: atom2 name is CH2
protocols.motifs.Motif: atom3 name is OH
protocols.motifs.Motif: Res1 name is LEU
protocols.motifs.Motif: atom1 name is CH2
protocols.motifs.Motif: atom2 name is CH2
protocols.motifs.Motif: atom3 name is OH
core.pack.task: Packer task: initialize from command line() 
core.pack.task: Packer task: initialize from command line() 
core.pack.task: Packer task: initialize from command line() 
protocols.moves.MonteCarlo: MonteCarlo:: last_accepted_score,lowest_score: -1957.28 -1957.3
protocols.motifs.Motif: Res1 name is ASP
protocols.motifs.Motif: atom1 name is COO
protocols.motifs.Motif: atom2 name is CH2
protocols.motifs.Motif: atom3 name is OH
protocols.motifs.Motif: Res1 name is TRP
protocols.motifs.Motif: atom1 name is COO
protocols.motifs.Motif: atom2 name is CH2
protocols.motifs.Motif: atom3 name is OH
protocols.motifs.Motif: Res1 name is GLU
protocols.motifs.Motif: atom1 name is COO
protocols.motifs.Motif: atom2 name is CH2
protocols.motifs.Motif: atom3 name is OH
protocols.motifs.Motif: Res1 name is TYR
protocols.motifs.Motif: atom1 name is COO
protocols.motifs.Motif: atom2 name is CH2
protocols.motifs.Motif: atom3 name is OH
protocols.motifs.Motif: Res1 name is PHE
protocols.motifs.Motif: atom1 name is COO
protocols.motifs.Motif: atom2 name is CH2
protocols.motifs.Motif: atom3 name is OH
protocols.motifs.Motif: Res1 name is TYR
protocols.motifs.Motif: atom1 name is CH2
protocols.motifs.Motif: atom2 name is CH2
protocols.motifs.Motif: atom3 name is Ntrp
protocols.motifs.Motif: Res1 name is GLU
protocols.motifs.Motif: atom1 name is COO
protocols.motifs.Motif: atom2 name is CH2
protocols.motifs.Motif: atom3 name is OH
protocols.motifs.Motif: Res1 name is ASN
protocols.motifs.Motif: atom1 name is CH2
protocols.motifs.Motif: atom2 name is CH2
protocols.motifs.Motif: atom3 name is OH
core.pack.task: Packer task: initialize from command line() 
core.pack.task: Packer task: initialize from command line() 
core.pack.task: Packer task: initialize from command line() 
protocols.moves.MonteCarlo: MonteCarlo:: last_accepted_score,lowest_score: -1956.26 -1957.83
protocols.motifs.Motif: Res1 name is GLU
protocols.motifs.Motif: atom1 name is COO
protocols.motifs.Motif: atom2 name is CH2
protocols.motifs.Motif: atom3 name is OH
protocols.motifs.Motif: Res1 name is TYR
protocols.motifs.Motif: atom1 name is COO
protocols.motifs.Motif: atom2 name is CH2
protocols.motifs.Motif: atom3 name is OH
protocols.motifs.Motif: Res1 name is PHE
protocols.motifs.Motif: atom1 name is COO
protocols.motifs.Motif: atom2 name is CH2
protocols.motifs.Motif: atom3 name is OH
protocols.motifs.Motif: Res1 name is TYR
protocols.motifs.Motif: atom1 name is COO
protocols.motifs.Motif: atom2 name is CH2
protocols.motifs.Motif: atom3 name is OH
protocols.motifs.Motif: Res1 name is GLU
protocols.motifs.Motif: atom1 name is CH2
protocols.motifs.Motif: atom2 name is CH2
protocols.motifs.Motif: atom3 name is Ntrp
protocols.motifs.Motif: Res1 name is SER
protocols.motifs.Motif: atom1 name is COO
protocols.motifs.Motif: atom2 name is CH2
protocols.motifs.Motif: atom3 name is OH
protocols.motifs.Motif: Res1 name is TRP
protocols.motifs.Motif: atom1 name is CH2
protocols.motifs.Motif: atom2 name is CH2
protocols.motifs.Motif: atom3 name is Ntrp
protocols.motifs.Motif: Res1 name is ASN
protocols.motifs.Motif: atom1 name is CH2
protocols.motifs.Motif: atom2 name is CH2
protocols.motifs.Motif: atom3 name is Ntrp
core.pack.task: Packer task: initialize from command line() 
core.pack.task: Packer task: initialize from command line() 
core.pack.task: Packer task: initialize from command line() 
protocols.moves.MonteCarlo: MonteCarlo:: last_accepted_score,lowest_score: -1952.56 -1953.37
protocols.motifs.Motif: Res1 name is ASP
protocols.motifs.Motif: atom1 name is COO
protocols.motifs.Motif: atom2 name is CH2
protocols.motifs.Motif: atom3 name is OH
protocols.motifs.Motif: Res1 name is GLU
protocols.motifs.Motif: atom1 name is COO
protocols.motifs.Motif: atom2 name is CH2
protocols.motifs.Motif: atom3 name is OH
protocols.motifs.Motif: Res1 name is TYR
protocols.motifs.Motif: atom1 name is CH2
protocols.motifs.Motif: atom2 name is CH2
protocols.motifs.Motif: atom3 name is OH
protocols.motifs.Motif: Res1 name is PHE
protocols.motifs.Motif: atom1 name is COO
protocols.motifs.Motif: atom2 name is CH2
protocols.motifs.Motif: atom3 name is OH
protocols.motifs.Motif: Res1 name is TYR
protocols.motifs.Motif: atom1 name is CH2
protocols.motifs.Motif: atom2 name is CH2
protocols.motifs.Motif: atom3 name is Ntrp
protocols.motifs.Motif: Res1 name is ASN
protocols.motifs.Motif: atom1 name is COO
protocols.motifs.Motif: atom2 name is CH2
protocols.motifs.Motif: atom3 name is OH
core.pack.task: Packer task: initialize from command line() 
core.pack.task: Packer task: initialize from command line() 
core.pack.task: Packer task: initialize from command line() 
protocols.moves.MonteCarlo: MonteCarlo:: last_accepted_score,lowest_score: -1960.08 -1960.31
protocols.motifs.Motif: Res1 name is ASP
protocols.motifs.Motif: atom1 name is CH2
protocols.motifs.Motif: atom2 name is CH2
protocols.motifs.Motif: atom3 name is Ntrp
protocols.motifs.Motif: Res1 name is TRP
protocols.motifs.Motif: atom1 name is CH2
protocols.motifs.Motif: atom2 name is CH2
protocols.motifs.Motif: atom3 name is OH
protocols.motifs.Motif: Res1 name is GLU
protocols.motifs.Motif: atom1 name is COO
protocols.motifs.Motif: atom2 name is CH2
protocols.motifs.Motif: atom3 name is OH
protocols.motifs.Motif: Res1 name is TYR
protocols.motifs.Motif: atom1 name is COO
protocols.motifs.Motif: atom2 name is CH2
protocols.motifs.Motif: atom3 name is OH
protocols.motifs.Motif: Res1 name is PHE
protocols.motifs.Motif: atom1 name is COO
protocols.motifs.Motif: atom2 name is CH2
protocols.motifs.Motif: atom3 name is OH
protocols.motifs.Motif: Res1 name is TYR
protocols.motifs.Motif: atom1 name is CH2
protocols.motifs.Motif: atom2 name is CH2
protocols.motifs.Motif: atom3 name is OH
protocols.motifs.Motif: Res1 name is GLU
protocols.motifs.Motif: atom1 name is CH2
protocols.motifs.Motif: atom2 name is CH2
protocols.motifs.Motif: atom3 name is OH
protocols.motifs.Motif: Res1 name is TRP
protocols.motifs.Motif: atom1 name is CH2
protocols.motifs.Motif: atom2 name is CH2
protocols.motifs.Motif: atom3 name is OH
protocols.motifs.Motif: Res1 name is ASN
protocols.motifs.Motif: atom1 name is COO
protocols.motifs.Motif: atom2 name is CH2
protocols.motifs.Motif: atom3 name is OH
core.pack.task: Packer task: initialize from command line() 
core.pack.task: Packer task: initialize from command line() 
core.pack.task: Packer task: initialize from command line() 
protocols.moves.MonteCarlo: MonteCarlo:: last_accepted_score,lowest_score: -1956.3 -1956.38
protocols.motifs.Motif: Res1 name is ASP
protocols.motifs.Motif: atom1 name is COO
protocols.motifs.Motif: atom2 name is CH2
protocols.motifs.Motif: atom3 name is OH
protocols.motifs.Motif: Res1 name is TRP
protocols.motifs.Motif: atom1 name is COO
protocols.motifs.Motif: atom2 name is CH2
protocols.motifs.Motif: atom3 name is OH
protocols.motifs.Motif: Res1 name is GLU
protocols.motifs.Motif: atom1 name is CH2
protocols.motifs.Motif: atom2 name is CH2
protocols.motifs.Motif: atom3 name is Ntrp
protocols.motifs.Motif: Res1 name is TYR
protocols.motifs.Motif: atom1 name is COO
protocols.motifs.Motif: atom2 name is CH2
protocols.motifs.Motif: atom3 name is OH
protocols.motifs.Motif: Res1 name is PHE
protocols.motifs.Motif: atom1 name is COO
protocols.motifs.Motif: atom2 name is CH2
protocols.motifs.Motif: atom3 name is OH
protocols.motifs.Motif: Res1 name is TYR
protocols.motifs.Motif: atom1 name is CH2
protocols.motifs.Motif: atom2 name is CH2
protocols.motifs.Motif: atom3 name is Ntrp
protocols.motifs.Motif: Res1 name is GLU
protocols.motifs.Motif: atom1 name is CH2
protocols.motifs.Motif: atom2 name is CH2
protocols.motifs.Motif: atom3 name is OH
protocols.motifs.Motif: Res1 name is TRP
protocols.motifs.Motif: atom1 name is CH2
protocols.motifs.Motif: atom2 name is CH2
protocols.motifs.Motif: atom3 name is Ntrp
protocols.motifs.Motif: Res1 name is ASN
protocols.motifs.Motif: atom1 name is COO
protocols.motifs.Motif: atom2 name is CH2
protocols.motifs.Motif: atom3 name is OH
core.pack.task: Packer task: initialize from command line() 
core.pack.task: Packer task: initialize from command line() 
core.pack.task: Packer task: initialize from command line() 
protocols.moves.MonteCarlo: MonteCarlo:: last_accepted_score,lowest_score: -1951.4 -1951.4
protocols.motifs.Motif: Res1 name is GLU
protocols.motifs.Motif: atom1 name is CH2
protocols.motifs.Motif: atom2 name is CH2
protocols.motifs.Motif: atom3 name is Ntrp
protocols.motifs.Motif: Res1 name is TYR
protocols.motifs.Motif: atom1 name is CH2
protocols.motifs.Motif: atom2 name is CH2
protocols.motifs.Motif: atom3 name is OH
protocols.motifs.Motif: Res1 name is TYR
protocols.motifs.Motif: atom1 name is CH2
protocols.motifs.Motif: atom2 name is CH2
protocols.motifs.Motif: atom3 name is OH
protocols.motifs.Motif: Res1 name is SER
protocols.motifs.Motif: atom1 name is COO
protocols.motifs.Motif: atom2 name is CH2
protocols.motifs.Motif: atom3 name is OH
core.pack.task: Packer task: initialize from command line() 
core.pack.task: Packer task: initialize from command line() 
core.pack.task: Packer task: initialize from command line() 
protocols.moves.MonteCarlo: MonteCarlo:: last_accepted_score,lowest_score: -1950 -1950.99
protocols.motifs.Motif: Res1 name is GLU
protocols.motifs.Motif: atom1 name is CH2
protocols.motifs.Motif: atom2 name is CH2
protocols.motifs.Motif: atom3 name is OH
protocols.motifs.Motif: Res1 name is PHE
protocols.motifs.Motif: atom1 name is CH2
protocols.motifs.Motif: atom2 name is CH2
protocols.motifs.Motif: atom3 name is Ntrp
protocols.motifs.Motif: Res1 name is TYR
protocols.motifs.Motif: atom1 name is COO
protocols.motifs.Motif: atom2 name is CH2
protocols.motifs.Motif: atom3 name is OH
core.pack.task: Packer task: initialize from command line() 
core.pack.task: Packer task: initialize from command line() 
core.pack.task: Packer task: initialize from command line() 
protocols.moves.MonteCarlo: MonteCarlo:: last_accepted_score,lowest_score: -1951.79 -1951.86
protocols.motifs.Motif: Res1 name is GLU
protocols.motifs.Motif: atom1 name is CH2
protocols.motifs.Motif: atom2 name is CH2
protocols.motifs.Motif: atom3 name is OH
protocols.motifs.Motif: Res1 name is TYR
protocols.motifs.Motif: atom1 name is CH2
protocols.motifs.Motif: atom2 name is CH2
protocols.motifs.Motif: atom3 name is OH
protocols.motifs.Motif: Res1 name is PHE
protocols.motifs.Motif: atom1 name is COO
protocols.motifs.Motif: atom2 name is CH2
protocols.motifs.Motif: atom3 name is OH
protocols.motifs.Motif: Res1 name is TYR
protocols.motifs.Motif: atom1 name is CH2
protocols.motifs.Motif: atom2 name is CH2
protocols.motifs.Motif: atom3 name is OH
protocols.motifs.Motif: Res1 name is PHE
protocols.motifs.Motif: atom1 name is COO
protocols.motifs.Motif: atom2 name is CH2
protocols.motifs.Motif: atom3 name is OH
core.pack.task: Packer task: initialize from command line() 
core.pack.task: Packer task: initialize from command line() 
core.pack.task: Packer task: initialize from command line() 
protocols.moves.MonteCarlo: MonteCarlo:: last_accepted_score,lowest_score: -1960.84 -1961.26
protocols.motifs.Motif: Res1 name is ASP
protocols.motifs.Motif: atom1 name is COO
protocols.motifs.Motif: atom2 name is CH2
protocols.motifs.Motif: atom3 name is OH
protocols.motifs.Motif: Res1 name is TRP
protocols.motifs.Motif: atom1 name is COO
protocols.motifs.Motif: atom2 name is CH2
protocols.motifs.Motif: atom3 name is OH
protocols.motifs.Motif: Res1 name is GLU
protocols.motifs.Motif: atom1 name is CH2
protocols.motifs.Motif: atom2 name is CH2
protocols.motifs.Motif: atom3 name is OH
protocols.motifs.Motif: Res1 name is PHE
protocols.motifs.Motif: atom1 name is CH2
protocols.motifs.Motif: atom2 name is CH2
protocols.motifs.Motif: atom3 name is Ntrp
protocols.motifs.Motif: Res1 name is TYR
protocols.motifs.Motif: atom1 name is CH2
protocols.motifs.Motif: atom2 name is CH2
protocols.motifs.Motif: atom3 name is Ntrp
protocols.motifs.Motif: Res1 name is GLU
protocols.motifs.Motif: atom1 name is COO
protocols.motifs.Motif: atom2 name is CH2
protocols.motifs.Motif: atom3 name is OH
protocols.motifs.Motif: Res1 name is TRP
protocols.motifs.Motif: atom1 name is COO
protocols.motifs.Motif: atom2 name is CH2
protocols.motifs.Motif: atom3 name is OH
protocols.motifs.Motif: Res1 name is ASN
protocols.motifs.Motif: atom1 name is CH2
protocols.motifs.Motif: atom2 name is CH2
protocols.motifs.Motif: atom3 name is OH
core.pack.task: Packer task: initialize from command line() 
core.pack.task: Packer task: initialize from command line() 
core.pack.task: Packer task: initialize from command line() 
protocols.moves.MonteCarlo: MonteCarlo:: last_accepted_score,lowest_score: -1949.4 -1949.78
protocols.motifs.Motif: Res1 name is TYR
protocols.motifs.Motif: atom1 name is CH2
protocols.motifs.Motif: atom2 name is CH2
protocols.motifs.Motif: atom3 name is Ntrp
core.pack.task: Packer task: initialize from command line() 
core.pack.task: Packer task: initialize from command line() 
core.pack.task: Packer task: initialize from command line() 
protocols.moves.MonteCarlo: MonteCarlo:: last_accepted_score,lowest_score: -1956.58 -1956.58
protocols.motifs.Motif: Res1 name is ASP
protocols.motifs.Motif: atom1 name is COO
protocols.motifs.Motif: atom2 name is CH2
protocols.motifs.Motif: atom3 name is OH
protocols.motifs.Motif: Res1 name is TRP
protocols.motifs.Motif: atom1 name is COO
protocols.motifs.Motif: atom2 name is CH2
protocols.motifs.Motif: atom3 name is OH
protocols.motifs.Motif: Res1 name is GLU
protocols.motifs.Motif: atom1 name is COO
protocols.motifs.Motif: atom2 name is CH2
protocols.motifs.Motif: atom3 name is OH
protocols.motifs.Motif: Res1 name is PHE
protocols.motifs.Motif: atom1 name is COO
protocols.motifs.Motif: atom2 name is CH2
protocols.motifs.Motif: atom3 name is OH
protocols.motifs.Motif: Res1 name is TYR
protocols.motifs.Motif: atom1 name is CH2
protocols.motifs.Motif: atom2 name is CH2
protocols.motifs.Motif: atom3 name is Ntrp
protocols.motifs.Motif: Res1 name is GLU
protocols.motifs.Motif: atom1 name is CH2
protocols.motifs.Motif: atom2 name is CH2
protocols.motifs.Motif: atom3 name is Ntrp
protocols.motifs.Motif: Res1 name is SER
protocols.motifs.Motif: atom1 name is CH2
protocols.motifs.Motif: atom2 name is CH2
protocols.motifs.Motif: atom3 name is Ntrp
protocols.motifs.Motif: Res1 name is TRP
protocols.motifs.Motif: atom1 name is CH2
protocols.motifs.Motif: atom2 name is CH2
protocols.motifs.Motif: atom3 name is Ntrp
protocols.motifs.Motif: Res1 name is ASN
protocols.motifs.Motif: atom1 name is CH2
protocols.motifs.Motif: atom2 name is CH2
protocols.motifs.Motif: atom3 name is OH
core.pack.task: Packer task: initialize from command line() 
core.pack.task: Packer task: initialize from command line() 
core.pack.task: Packer task: initialize from command line() 
protocols.moves.MonteCarlo: MonteCarlo:: last_accepted_score,lowest_score: -1867.83 -1867.83
protocols.motifs.Motif: Res1 name is ASP
protocols.motifs.Motif: atom1 name is CH2
protocols.motifs.Motif: atom2 name is CH2
protocols.motifs.Motif: atom3 name is Ntrp
protocols.motifs.Motif: Res1 name is PHE
protocols.motifs.Motif: atom1 name is CH2
protocols.motifs.Motif: atom2 name is CH2
protocols.motifs.Motif: atom3 name is OH
protocols.motifs.Motif: Res1 name is GLU
protocols.motifs.Motif: atom1 name is CH2
protocols.motifs.Motif: atom2 name is CH2
protocols.motifs.Motif: atom3 name is OH
protocols.motifs.Motif: Res1 name is PHE
protocols.motifs.Motif: atom1 name is COO
protocols.motifs.Motif: atom2 name is CH2
protocols.motifs.Motif: atom3 name is OH
protocols.motifs.Motif: Res1 name is TYR
protocols.motifs.Motif: atom1 name is CH2
protocols.motifs.Motif: atom2 name is CH2
protocols.motifs.Motif: atom3 name is Ntrp
protocols.motifs.Motif: Res1 name is GLU
protocols.motifs.Motif: atom1 name is CH2
protocols.motifs.Motif: atom2 name is CH2
protocols.motifs.Motif: atom3 name is Ntrp
protocols.motifs.Motif: Res1 name is TRP
protocols.motifs.Motif: atom1 name is CH2
protocols.motifs.Motif: atom2 name is CH2
protocols.motifs.Motif: atom3 name is OH
protocols.motifs.Motif: Res1 name is ASN
protocols.motifs.Motif: atom1 name is COO
protocols.motifs.Motif: atom2 name is CH2
protocols.motifs.Motif: atom3 name is OH
core.pack.task: Packer task: initialize from command line() 
core.pack.task: Packer task: initialize from command line() 
core.pack.task: Packer task: initialize from command line() 
protocols.moves.MonteCarlo: MonteCarlo:: last_accepted_score,lowest_score: -1951.58 -1951.85
protocols.motifs.Motif: Res1 name is GLU
protocols.motifs.Motif: atom1 name is CH2
protocols.motifs.Motif: atom2 name is CH2
protocols.motifs.Motif: atom3 name is OH
protocols.motifs.Motif: Res1 name is TYR
protocols.motifs.Motif: atom1 name is CH2
protocols.motifs.Motif: atom2 name is CH2
protocols.motifs.Motif: atom3 name is OH
protocols.motifs.Motif: Res1 name is PHE
protocols.motifs.Motif: atom1 name is COO
protocols.motifs.Motif: atom2 name is CH2
protocols.motifs.Motif: atom3 name is OH
protocols.motifs.Motif: Res1 name is TYR
protocols.motifs.Motif: atom1 name is CH2
protocols.motifs.Motif: atom2 name is CH2
protocols.motifs.Motif: atom3 name is Ntrp
protocols.motifs.Motif: Res1 name is SER
protocols.motifs.Motif: atom1 name is COO
protocols.motifs.Motif: atom2 name is CH2
protocols.motifs.Motif: atom3 name is OH
protocols.motifs.Motif: Res1 name is ASN
protocols.motifs.Motif: atom1 name is COO
protocols.motifs.Motif: atom2 name is CH2
protocols.motifs.Motif: atom3 name is OH
core.pack.task: Packer task: initialize from command line() 
core.pack.task: Packer task: initialize from command line() 
core.pack.task: Packer task: initialize from command line() 
protocols.moves.MonteCarlo: MonteCarlo:: last_accepted_score,lowest_score: -1951.09 -1951.12
protocols.motifs.Motif: Res1 name is GLU
protocols.motifs.Motif: atom1 name is CH2
protocols.motifs.Motif: atom2 name is CH2
protocols.motifs.Motif: atom3 name is OH
protocols.motifs.Motif: Res1 name is TYR
protocols.motifs.Motif: atom1 name is CH2
protocols.motifs.Motif: atom2 name is CH2
protocols.motifs.Motif: atom3 name is Ntrp
protocols.motifs.Motif: Res1 name is PHE
protocols.motifs.Motif: atom1 name is COO
protocols.motifs.Motif: atom2 name is CH2
protocols.motifs.Motif: atom3 name is OH
protocols.motifs.Motif: Res1 name is TYR
protocols.motifs.Motif: atom1 name is COO
protocols.motifs.Motif: atom2 name is CH2
protocols.motifs.Motif: atom3 name is OH
protocols.motifs.Motif: Res1 name is SER
protocols.motifs.Motif: atom1 name is COO
protocols.motifs.Motif: atom2 name is CH2
protocols.motifs.Motif: atom3 name is OH
protocols.motifs.Motif: Res1 name is ASN
protocols.motifs.Motif: atom1 name is COO
protocols.motifs.Motif: atom2 name is CH2
protocols.motifs.Motif: atom3 name is OH
core.pack.task: Packer task: initialize from command line() 
core.pack.task: Packer task: initialize from command line() 
core.pack.task: Packer task: initialize from command line() 
protocols.moves.MonteCarlo: MonteCarlo:: last_accepted_score,lowest_score: -1949.94 -1949.94
protocols.motifs.Motif: Res1 name is GLU
protocols.motifs.Motif: atom1 name is CH2
protocols.motifs.Motif: atom2 name is CH2
protocols.motifs.Motif: atom3 name is Ntrp
protocols.motifs.Motif: Res1 name is TYR
protocols.motifs.Motif: atom1 name is COO
protocols.motifs.Motif: atom2 name is CH2
protocols.motifs.Motif: atom3 name is OH
protocols.motifs.Motif: Res1 name is PHE
protocols.motifs.Motif: atom1 name is COO
protocols.motifs.Motif: atom2 name is CH2
protocols.motifs.Motif: atom3 name is OH
protocols.motifs.Motif: Res1 name is TYR
protocols.motifs.Motif: atom1 name is CH2
protocols.motifs.Motif: atom2 name is CH2
protocols.motifs.Motif: atom3 name is Ntrp
protocols.motifs.Motif: Res1 name is PHE
protocols.motifs.Motif: atom1 name is COO
protocols.motifs.Motif: atom2 name is CH2
protocols.motifs.Motif: atom3 name is OH
core.pack.task: Packer task: initialize from command line() 
core.pack.task: Packer task: initialize from command line() 
core.pack.task: Packer task: initialize from command line() 
protocols.moves.MonteCarlo: MonteCarlo:: last_accepted_score,lowest_score: -1950.25 -1950.25
protocols.motifs.Motif: Res1 name is TYR
protocols.motifs.Motif: atom1 name is COO
protocols.motifs.Motif: atom2 name is CH2
protocols.motifs.Motif: atom3 name is OH
protocols.motifs.Motif: Res1 name is TYR
protocols.motifs.Motif: atom1 name is CH2
protocols.motifs.Motif: atom2 name is CH2
protocols.motifs.Motif: atom3 name is OH
protocols.motifs.Motif: Res1 name is LEU
protocols.motifs.Motif: atom1 name is CH2
protocols.motifs.Motif: atom2 name is CH2
protocols.motifs.Motif: atom3 name is OH
protocols.motifs.Motif: Res1 name is LYS
protocols.motifs.Motif: atom1 name is CH2
protocols.motifs.Motif: atom2 name is CH2
protocols.motifs.Motif: atom3 name is Ntrp
core.pack.task: Packer task: initialize from command line() 
core.pack.task: Packer task: initialize from command line() 
core.pack.task: Packer task: initialize from command line() 
protocols.moves.MonteCarlo: MonteCarlo:: last_accepted_score,lowest_score: -1947.57 -1947.57
protocols.motifs.Motif: Res1 name is ASP
protocols.motifs.Motif: atom1 name is CH2
protocols.motifs.Motif: atom2 name is CH2
protocols.motifs.Motif: atom3 name is OH
protocols.motifs.Motif: Res1 name is TRP
protocols.motifs.Motif: atom1 name is COO
protocols.motifs.Motif: atom2 name is CH2
protocols.motifs.Motif: atom3 name is OH
protocols.motifs.Motif: Res1 name is ASN
protocols.motifs.Motif: atom1 name is COO
protocols.motifs.Motif: atom2 name is CH2
protocols.motifs.Motif: atom3 name is OH
protocols.motifs.Motif: Res1 name is GLU
protocols.motifs.Motif: atom1 name is COO
protocols.motifs.Motif: atom2 name is CH2
protocols.motifs.Motif: atom3 name is OH
protocols.motifs.Motif: Res1 name is TYR
protocols.motifs.Motif: atom1 name is COO
protocols.motifs.Motif: atom2 name is CH2
protocols.motifs.Motif: atom3 name is OH
protocols.motifs.Motif: Res1 name is PHE
protocols.motifs.Motif: atom1 name is COO
protocols.motifs.Motif: atom2 name is CH2
protocols.motifs.Motif: atom3 name is OH
protocols.motifs.Motif: Res1 name is TYR
protocols.motifs.Motif: atom1 name is CH2
protocols.motifs.Motif: atom2 name is CH2
protocols.motifs.Motif: atom3 name is OH
protocols.motifs.Motif: Res1 name is GLU
protocols.motifs.Motif: atom1 name is CH2
protocols.motifs.Motif: atom2 name is CH2
protocols.motifs.Motif: atom3 name is Ntrp
protocols.motifs.Motif: Res1 name is TRP
protocols.motifs.Motif: atom1 name is CH2
protocols.motifs.Motif: atom2 name is CH2
protocols.motifs.Motif: atom3 name is Ntrp
core.pack.task: Packer task: initialize from command line() 
core.pack.task: Packer task: initialize from command line() 
core.pack.task: Packer task: initialize from command line() 
protocols.moves.MonteCarlo: MonteCarlo:: last_accepted_score,lowest_score: -1950.54 -1951.37
protocols.motifs.Motif: Res1 name is GLU
protocols.motifs.Motif: atom1 name is COO
protocols.motifs.Motif: atom2 name is CH2
protocols.motifs.Motif: atom3 name is OH
protocols.motifs.Motif: Res1 name is PHE
protocols.motifs.Motif: atom1 name is CH2
protocols.motifs.Motif: atom2 name is CH2
protocols.motifs.Motif: atom3 name is Ntrp
protocols.motifs.Motif: Res1 name is TYR
protocols.motifs.Motif: atom1 name is COO
protocols.motifs.Motif: atom2 name is CH2
protocols.motifs.Motif: atom3 name is OH
protocols.motifs.Motif: Res1 name is SER
protocols.motifs.Motif: atom1 name is CH2
protocols.motifs.Motif: atom2 name is CH2
protocols.motifs.Motif: atom3 name is OH
protocols.motifs.Motif: Res1 name is ASN
protocols.motifs.Motif: atom1 name is CH2
protocols.motifs.Motif: atom2 name is CH2
protocols.motifs.Motif: atom3 name is Ntrp
core.pack.task: Packer task: initialize from command line() 
core.pack.task: Packer task: initialize from command line() 
core.pack.task: Packer task: initialize from command line() 
protocols.moves.MonteCarlo: MonteCarlo:: last_accepted_score,lowest_score: -1963.49 -1963.49
protocols.motifs.Motif: Res1 name is ASP
protocols.motifs.Motif: atom1 name is COO
protocols.motifs.Motif: atom2 name is CH2
protocols.motifs.Motif: atom3 name is OH
protocols.motifs.Motif: Res1 name is PHE
protocols.motifs.Motif: atom1 name is CH2
protocols.motifs.Motif: atom2 name is CH2
protocols.motifs.Motif: atom3 name is OH
protocols.motifs.Motif: Res1 name is TRP
protocols.motifs.Motif: atom1 name is COO
protocols.motifs.Motif: atom2 name is CH2
protocols.motifs.Motif: atom3 name is OH
protocols.motifs.Motif: Res1 name is ASN
protocols.motifs.Motif: atom1 name is COO
protocols.motifs.Motif: atom2 name is CH2
protocols.motifs.Motif: atom3 name is OH
protocols.motifs.Motif: Res1 name is GLU
protocols.motifs.Motif: atom1 name is COO
protocols.motifs.Motif: atom2 name is CH2
protocols.motifs.Motif: atom3 name is OH
protocols.motifs.Motif: Res1 name is TYR
protocols.motifs.Motif: atom1 name is COO
protocols.motifs.Motif: atom2 name is CH2
protocols.motifs.Motif: atom3 name is OH
protocols.motifs.Motif: Res1 name is PHE
protocols.motifs.Motif: atom1 name is CH2
protocols.motifs.Motif: atom2 name is CH2
protocols.motifs.Motif: atom3 name is Ntrp
protocols.motifs.Motif: Res1 name is TYR
protocols.motifs.Motif: atom1 name is CH2
protocols.motifs.Motif: atom2 name is CH2
protocols.motifs.Motif: atom3 name is Ntrp
protocols.motifs.Motif: Res1 name is GLU
protocols.motifs.Motif: atom1 name is CH2
protocols.motifs.Motif: atom2 name is CH2
protocols.motifs.Motif: atom3 name is Ntrp
protocols.motifs.Motif: Res1 name is TRP
protocols.motifs.Motif: atom1 name is CH2
protocols.motifs.Motif: atom2 name is CH2
protocols.motifs.Motif: atom3 name is OH
protocols.motifs.Motif: Res1 name is ASN
protocols.motifs.Motif: atom1 name is CH2
protocols.motifs.Motif: atom2 name is CH2
protocols.motifs.Motif: atom3 name is Ntrp
core.pack.task: Packer task: initialize from command line() 
core.pack.task: Packer task: initialize from command line() 
core.pack.task: Packer task: initialize from command line() 
protocols.moves.MonteCarlo: MonteCarlo:: last_accepted_score,lowest_score: -1955.71 -1955.71
protocols.motifs.Motif: Res1 name is ASP
protocols.motifs.Motif: atom1 name is COO
protocols.motifs.Motif: atom2 name is CH2
protocols.motifs.Motif: atom3 name is OH
protocols.motifs.Motif: Res1 name is TRP
protocols.motifs.Motif: atom1 name is COO
protocols.motifs.Motif: atom2 name is CH2
protocols.motifs.Motif: atom3 name is OH
protocols.motifs.Motif: Res1 name is GLU
protocols.motifs.Motif: atom1 name is COO
protocols.motifs.Motif: atom2 name is CH2
protocols.motifs.Motif: atom3 name is OH
protocols.motifs.Motif: Res1 name is TYR
protocols.motifs.Motif: atom1 name is COO
protocols.motifs.Motif: atom2 name is CH2
protocols.motifs.Motif: atom3 name is OH
protocols.motifs.Motif: Res1 name is PHE
protocols.motifs.Motif: atom1 name is COO
protocols.motifs.Motif: atom2 name is CH2
protocols.motifs.Motif: atom3 name is OH
protocols.motifs.Motif: Res1 name is TYR
protocols.motifs.Motif: atom1 name is CH2
protocols.motifs.Motif: atom2 name is CH2
protocols.motifs.Motif: atom3 name is Ntrp
protocols.motifs.Motif: Res1 name is GLU
protocols.motifs.Motif: atom1 name is CH2
protocols.motifs.Motif: atom2 name is CH2
protocols.motifs.Motif: atom3 name is OH
protocols.motifs.Motif: Res1 name is TRP
protocols.motifs.Motif: atom1 name is CH2
protocols.motifs.Motif: atom2 name is CH2
protocols.motifs.Motif: atom3 name is OH
protocols.motifs.Motif: Res1 name is ASN
protocols.motifs.Motif: atom1 name is CH2
protocols.motifs.Motif: atom2 name is CH2
protocols.motifs.Motif: atom3 name is Ntrp
core.pack.task: Packer task: initialize from command line() 
core.pack.task: Packer task: initialize from command line() 
core.pack.task: Packer task: initialize from command line() 
protocols.moves.MonteCarlo: MonteCarlo:: last_accepted_score,lowest_score: -1953.23 -1953.23
protocols.motifs.Motif: Res1 name is ASP
protocols.motifs.Motif: atom1 name is COO
protocols.motifs.Motif: atom2 name is CH2
protocols.motifs.Motif: atom3 name is OH
protocols.motifs.Motif: Res1 name is TRP
protocols.motifs.Motif: atom1 name is COO
protocols.motifs.Motif: atom2 name is CH2
protocols.motifs.Motif: atom3 name is OH
protocols.motifs.Motif: Res1 name is ASN
protocols.motifs.Motif: atom1 name is COO
protocols.motifs.Motif: atom2 name is CH2
protocols.motifs.Motif: atom3 name is OH
protocols.motifs.Motif: Res1 name is GLU
protocols.motifs.Motif: atom1 name is COO
protocols.motifs.Motif: atom2 name is CH2
protocols.motifs.Motif: atom3 name is OH
protocols.motifs.Motif: Res1 name is TYR
protocols.motifs.Motif: atom1 name is CH2
protocols.motifs.Motif: atom2 name is CH2
protocols.motifs.Motif: atom3 name is OH
protocols.motifs.Motif: Res1 name is PHE
protocols.motifs.Motif: atom1 name is CH2
protocols.motifs.Motif: atom2 name is CH2
protocols.motifs.Motif: atom3 name is Ntrp
protocols.motifs.Motif: Res1 name is TYR
protocols.motifs.Motif: atom1 name is CH2
protocols.motifs.Motif: atom2 name is CH2
protocols.motifs.Motif: atom3 name is Ntrp
protocols.motifs.Motif: Res1 name is GLU
protocols.motifs.Motif: atom1 name is COO
protocols.motifs.Motif: atom2 name is CH2
protocols.motifs.Motif: atom3 name is OH
protocols.motifs.Motif: Res1 name is ASN
protocols.motifs.Motif: atom1 name is CH2
protocols.motifs.Motif: atom2 name is CH2
protocols.motifs.Motif: atom3 name is OH
core.pack.task: Packer task: initialize from command line() 
core.pack.task: Packer task: initialize from command line() 
core.pack.task: Packer task: initialize from command line() 
protocols.moves.MonteCarlo: MonteCarlo:: last_accepted_score,lowest_score: -1954.79 -1955.21
protocols.motifs.Motif: Res1 name is ASP
protocols.motifs.Motif: atom1 name is COO
protocols.motifs.Motif: atom2 name is CH2
protocols.motifs.Motif: atom3 name is OH
protocols.motifs.Motif: Res1 name is TRP
protocols.motifs.Motif: atom1 name is COO
protocols.motifs.Motif: atom2 name is CH2
protocols.motifs.Motif: atom3 name is OH
protocols.motifs.Motif: Res1 name is GLU
protocols.motifs.Motif: atom1 name is COO
protocols.motifs.Motif: atom2 name is CH2
protocols.motifs.Motif: atom3 name is OH
protocols.motifs.Motif: Res1 name is TYR
protocols.motifs.Motif: atom1 name is COO
protocols.motifs.Motif: atom2 name is CH2
protocols.motifs.Motif: atom3 name is OH
protocols.motifs.Motif: Res1 name is PHE
protocols.motifs.Motif: atom1 name is COO
protocols.motifs.Motif: atom2 name is CH2
protocols.motifs.Motif: atom3 name is OH
protocols.motifs.Motif: Res1 name is TYR
protocols.motifs.Motif: atom1 name is CH2
protocols.motifs.Motif: atom2 name is CH2
protocols.motifs.Motif: atom3 name is Ntrp
protocols.motifs.Motif: Res1 name is GLU
protocols.motifs.Motif: atom1 name is CH2
protocols.motifs.Motif: atom2 name is CH2
protocols.motifs.Motif: atom3 name is Ntrp
protocols.motifs.Motif: Res1 name is ASN
protocols.motifs.Motif: atom1 name is CH2
protocols.motifs.Motif: atom2 name is CH2
protocols.motifs.Motif: atom3 name is OH
core.pack.task: Packer task: initialize from command line() 
core.pack.task: Packer task: initialize from command line() 
core.pack.task: Packer task: initialize from command line() 
protocols.moves.MonteCarlo: MonteCarlo:: last_accepted_score,lowest_score: -1943.38 -1943.38
protocols.motifs.Motif: Res1 name is GLU
protocols.motifs.Motif: atom1 name is CH2
protocols.motifs.Motif: atom2 name is CH2
protocols.motifs.Motif: atom3 name is Ntrp
protocols.motifs.Motif: Res1 name is PHE
protocols.motifs.Motif: atom1 name is COO
protocols.motifs.Motif: atom2 name is CH2
protocols.motifs.Motif: atom3 name is OH
protocols.motifs.Motif: Res1 name is TYR
protocols.motifs.Motif: atom1 name is COO
protocols.motifs.Motif: atom2 name is CH2
protocols.motifs.Motif: atom3 name is OH
protocols.motifs.Motif: Res1 name is GLU
protocols.motifs.Motif: atom1 name is CH2
protocols.motifs.Motif: atom2 name is CH2
protocols.motifs.Motif: atom3 name is OH
protocols.motifs.Motif: Res1 name is SER
protocols.motifs.Motif: atom1 name is COO
protocols.motifs.Motif: atom2 name is CH2
protocols.motifs.Motif: atom3 name is OH
protocols.motifs.Motif: Res1 name is ASN
protocols.motifs.Motif: atom1 name is COO
protocols.motifs.Motif: atom2 name is CH2
protocols.motifs.Motif: atom3 name is OH
core.pack.task: Packer task: initialize from command line() 
core.pack.task: Packer task: initialize from command line() 
core.pack.task: Packer task: initialize from command line() 
protocols.moves.MonteCarlo: MonteCarlo:: last_accepted_score,lowest_score: -1943.39 -1943.39
protocols.motifs.Motif: Res1 name is GLU
protocols.motifs.Motif: atom1 name is COO
protocols.motifs.Motif: atom2 name is CH2
protocols.motifs.Motif: atom3 name is OH
protocols.motifs.Motif: Res1 name is TYR
protocols.motifs.Motif: atom1 name is COO
protocols.motifs.Motif: atom2 name is CH2
protocols.motifs.Motif: atom3 name is OH
protocols.motifs.Motif: Res1 name is PHE
protocols.motifs.Motif: atom1 name is COO
protocols.motifs.Motif: atom2 name is CH2
protocols.motifs.Motif: atom3 name is OH
protocols.motifs.Motif: Res1 name is TYR
protocols.motifs.Motif: atom1 name is CH2
protocols.motifs.Motif: atom2 name is CH2
protocols.motifs.Motif: atom3 name is OH
protocols.motifs.Motif: Res1 name is SER
protocols.motifs.Motif: atom1 name is CH2
protocols.motifs.Motif: atom2 name is CH2
protocols.motifs.Motif: atom3 name is Ntrp
core.pack.task: Packer task: initialize from command line() 
core.pack.task: Packer task: initialize from command line() 
core.pack.task: Packer task: initialize from command line() 
protocols.moves.MonteCarlo: MonteCarlo:: last_accepted_score,lowest_score: -1957.33 -1957.33
protocols.motifs.Motif: Res1 name is GLU
protocols.motifs.Motif: atom1 name is COO
protocols.motifs.Motif: atom2 name is CH2
protocols.motifs.Motif: atom3 name is OH
protocols.motifs.Motif: Res1 name is PHE
protocols.motifs.Motif: atom1 name is COO
protocols.motifs.Motif: atom2 name is CH2
protocols.motifs.Motif: atom3 name is OH
protocols.motifs.Motif: Res1 name is TYR
protocols.motifs.Motif: atom1 name is COO
protocols.motifs.Motif: atom2 name is CH2
protocols.motifs.Motif: atom3 name is OH
protocols.motifs.Motif: Res1 name is GLU
protocols.motifs.Motif: atom1 name is CH2
protocols.motifs.Motif: atom2 name is CH2
protocols.motifs.Motif: atom3 name is Ntrp
protocols.motifs.Motif: Res1 name is SER
protocols.motifs.Motif: atom1 name is CH2
protocols.motifs.Motif: atom2 name is CH2
protocols.motifs.Motif: atom3 name is OH
protocols.motifs.Motif: Res1 name is ASN
protocols.motifs.Motif: atom1 name is CH2
protocols.motifs.Motif: atom2 name is CH2
protocols.motifs.Motif: atom3 name is Ntrp
core.pack.task: Packer task: initialize from command line() 
core.pack.task: Packer task: initialize from command line() 
core.pack.task: Packer task: initialize from command line() 
protocols.moves.MonteCarlo: MonteCarlo:: last_accepted_score,lowest_score: -1943.34 -1943.34
protocols.motifs.Motif: Res1 name is ASP
protocols.motifs.Motif: atom1 name is COO
protocols.motifs.Motif: atom2 name is CH2
protocols.motifs.Motif: atom3 name is OH
protocols.motifs.Motif: Res1 name is TRP
protocols.motifs.Motif: atom1 name is COO
protocols.motifs.Motif: atom2 name is CH2
protocols.motifs.Motif: atom3 name is OH
protocols.motifs.Motif: Res1 name is ASN
protocols.motifs.Motif: atom1 name is COO
protocols.motifs.Motif: atom2 name is CH2
protocols.motifs.Motif: atom3 name is OH
protocols.motifs.Motif: Res1 name is GLU
protocols.motifs.Motif: atom1 name is CH2
protocols.motifs.Motif: atom2 name is CH2
protocols.motifs.Motif: atom3 name is OH
protocols.motifs.Motif: Res1 name is TYR
protocols.motifs.Motif: atom1 name is CH2
protocols.motifs.Motif: atom2 name is CH2
protocols.motifs.Motif: atom3 name is OH
protocols.motifs.Motif: Res1 name is PHE
protocols.motifs.Motif: atom1 name is CH2
protocols.motifs.Motif: atom2 name is CH2
protocols.motifs.Motif: atom3 name is Ntrp
protocols.motifs.Motif: Res1 name is TYR
protocols.motifs.Motif: atom1 name is COO
protocols.motifs.Motif: atom2 name is CH2
protocols.motifs.Motif: atom3 name is OH
protocols.motifs.Motif: Res1 name is GLU
protocols.motifs.Motif: atom1 name is COO
protocols.motifs.Motif: atom2 name is CH2
protocols.motifs.Motif: atom3 name is OH
protocols.motifs.Motif: Res1 name is TRP
protocols.motifs.Motif: atom1 name is COO
protocols.motifs.Motif: atom2 name is CH2
protocols.motifs.Motif: atom3 name is OH
protocols.motifs.Motif: Res1 name is ASN
protocols.motifs.Motif: atom1 name is CH2
protocols.motifs.Motif: atom2 name is CH2
protocols.motifs.Motif: atom3 name is OH
core.pack.task: Packer task: initialize from command line() 
core.pack.task: Packer task: initialize from command line() 
core.pack.task: Packer task: initialize from command line() 
protocols.moves.MonteCarlo: MonteCarlo:: last_accepted_score,lowest_score: -1949.23 -1949.23
protocols.motifs.Motif: Res1 name is GLU
protocols.motifs.Motif: atom1 name is COO
protocols.motifs.Motif: atom2 name is CH2
protocols.motifs.Motif: atom3 name is OH
protocols.motifs.Motif: Res1 name is TYR
protocols.motifs.Motif: atom1 name is COO
protocols.motifs.Motif: atom2 name is CH2
protocols.motifs.Motif: atom3 name is OH
protocols.motifs.Motif: Res1 name is TYR
protocols.motifs.Motif: atom1 name is COO
protocols.motifs.Motif: atom2 name is CH2
protocols.motifs.Motif: atom3 name is OH
protocols.motifs.Motif: Res1 name is LEU
protocols.motifs.Motif: atom1 name is COO
protocols.motifs.Motif: atom2 name is CH2
protocols.motifs.Motif: atom3 name is OH
protocols.motifs.Motif: Res1 name is SER
protocols.motifs.Motif: atom1 name is CH2
protocols.motifs.Motif: atom2 name is CH2
protocols.motifs.Motif: atom3 name is Ntrp
protocols.motifs.Motif: Res1 name is LYS
protocols.motifs.Motif: atom1 name is CH2
protocols.motifs.Motif: atom2 name is CH2
protocols.motifs.Motif: atom3 name is OH
core.pack.task: Packer task: initialize from command line() 
core.pack.task: Packer task: initialize from command line() 
core.pack.task: Packer task: initialize from command line() 
protocols.moves.MonteCarlo: MonteCarlo:: last_accepted_score,lowest_score: -1960.43 -1960.43
protocols.motifs.Motif: Res1 name is ASP
protocols.motifs.Motif: atom1 name is COO
protocols.motifs.Motif: atom2 name is CH2
protocols.motifs.Motif: atom3 name is OH
protocols.motifs.Motif: Res1 name is PHE
protocols.motifs.Motif: atom1 name is COO
protocols.motifs.Motif: atom2 name is CH2
protocols.motifs.Motif: atom3 name is OH
protocols.motifs.Motif: Res1 name is TRP
protocols.motifs.Motif: atom1 name is COO
protocols.motifs.Motif: atom2 name is CH2
protocols.motifs.Motif: atom3 name is OH
protocols.motifs.Motif: Res1 name is GLU
protocols.motifs.Motif: atom1 name is CH2
protocols.motifs.Motif: atom2 name is CH2
protocols.motifs.Motif: atom3 name is OH
protocols.motifs.Motif: Res1 name is PHE
protocols.motifs.Motif: atom1 name is COO
protocols.motifs.Motif: atom2 name is CH2
protocols.motifs.Motif: atom3 name is OH
protocols.motifs.Motif: Res1 name is TYR
protocols.motifs.Motif: atom1 name is CH2
protocols.motifs.Motif: atom2 name is CH2
protocols.motifs.Motif: atom3 name is OH
protocols.motifs.Motif: Res1 name is GLU
protocols.motifs.Motif: atom1 name is COO
protocols.motifs.Motif: atom2 name is CH2
protocols.motifs.Motif: atom3 name is OH
protocols.motifs.Motif: Res1 name is TRP
protocols.motifs.Motif: atom1 name is COO
protocols.motifs.Motif: atom2 name is CH2
protocols.motifs.Motif: atom3 name is OH
protocols.motifs.Motif: Res1 name is ASN
protocols.motifs.Motif: atom1 name is CH2
protocols.motifs.Motif: atom2 name is CH2
protocols.motifs.Motif: atom3 name is OH
core.pack.task: Packer task: initialize from command line() 
core.pack.task: Packer task: initialize from command line() 
core.pack.task: Packer task: initialize from command line() 
protocols.moves.MonteCarlo: MonteCarlo:: last_accepted_score,lowest_score: -1951.69 -1951.69
protocols.motifs.Motif: Res1 name is GLU
protocols.motifs.Motif: atom1 name is CH2
protocols.motifs.Motif: atom2 name is CH2
protocols.motifs.Motif: atom3 name is OH
protocols.motifs.Motif: Res1 name is TYR
protocols.motifs.Motif: atom1 name is CH2
protocols.motifs.Motif: atom2 name is CH2
protocols.motifs.Motif: atom3 name is OH
protocols.motifs.Motif: Res1 name is PHE
protocols.motifs.Motif: atom1 name is COO
protocols.motifs.Motif: atom2 name is CH2
protocols.motifs.Motif: atom3 name is OH
protocols.motifs.Motif: Res1 name is TYR
protocols.motifs.Motif: atom1 name is CH2
protocols.motifs.Motif: atom2 name is CH2
protocols.motifs.Motif: atom3 name is OH
core.pack.task: Packer task: initialize from command line() 
core.pack.task: Packer task: initialize from command line() 
core.pack.task: Packer task: initialize from command line() 
protocols.moves.MonteCarlo: MonteCarlo:: last_accepted_score,lowest_score: -1951.22 -1951.22
protocols.motifs.Motif: Res1 name is GLU
protocols.motifs.Motif: atom1 name is CH2
protocols.motifs.Motif: atom2 name is CH2
protocols.motifs.Motif: atom3 name is OH
protocols.motifs.Motif: Res1 name is TYR
protocols.motifs.Motif: atom1 name is CH2
protocols.motifs.Motif: atom2 name is CH2
protocols.motifs.Motif: atom3 name is OH
protocols.motifs.Motif: Res1 name is TYR
protocols.motifs.Motif: atom1 name is CH2
protocols.motifs.Motif: atom2 name is CH2
protocols.motifs.Motif: atom3 name is Ntrp
protocols.motifs.Motif: Res1 name is SER
protocols.motifs.Motif: atom1 name is COO
protocols.motifs.Motif: atom2 name is CH2
protocols.motifs.Motif: atom3 name is OH
core.pack.task: Packer task: initialize from command line() 
core.pack.task: Packer task: initialize from command line() 
core.pack.task: Packer task: initialize from command line() 
protocols.moves.MonteCarlo: MonteCarlo:: last_accepted_score,lowest_score: -1953.57 -1953.65
protocols.motifs.Motif: Res1 name is GLU
protocols.motifs.Motif: atom1 name is COO
protocols.motifs.Motif: atom2 name is CH2
protocols.motifs.Motif: atom3 name is OH
protocols.motifs.Motif: Res1 name is TYR
protocols.motifs.Motif: atom1 name is COO
protocols.motifs.Motif: atom2 name is CH2
protocols.motifs.Motif: atom3 name is OH
protocols.motifs.Motif: Res1 name is PHE
protocols.motifs.Motif: atom1 name is COO
protocols.motifs.Motif: atom2 name is CH2
protocols.motifs.Motif: atom3 name is OH
protocols.motifs.Motif: Res1 name is TYR
protocols.motifs.Motif: atom1 name is CH2
protocols.motifs.Motif: atom2 name is CH2
protocols.motifs.Motif: atom3 name is OH
protocols.motifs.Motif: Res1 name is SER
protocols.motifs.Motif: atom1 name is CH2
protocols.motifs.Motif: atom2 name is CH2
protocols.motifs.Motif: atom3 name is OH
protocols.motifs.Motif: Res1 name is ASN
protocols.motifs.Motif: atom1 name is CH2
protocols.motifs.Motif: atom2 name is CH2
protocols.motifs.Motif: atom3 name is OH
core.pack.task: Packer task: initialize from command line() 
core.pack.task: Packer task: initialize from command line() 
core.pack.task: Packer task: initialize from command line() 
protocols.moves.MonteCarlo: MonteCarlo:: last_accepted_score,lowest_score: -1950.04 -1950.16
protocols.motifs.Motif: Res1 name is GLU
protocols.motifs.Motif: atom1 name is CH2
protocols.motifs.Motif: atom2 name is CH2
protocols.motifs.Motif: atom3 name is OH
protocols.motifs.Motif: Res1 name is TYR
protocols.motifs.Motif: atom1 name is COO
protocols.motifs.Motif: atom2 name is CH2
protocols.motifs.Motif: atom3 name is OH
protocols.motifs.Motif: Res1 name is PHE
protocols.motifs.Motif: atom1 name is COO
protocols.motifs.Motif: atom2 name is CH2
protocols.motifs.Motif: atom3 name is OH
protocols.motifs.Motif: Res1 name is TYR
protocols.motifs.Motif: atom1 name is CH2
protocols.motifs.Motif: atom2 name is CH2
protocols.motifs.Motif: atom3 name is Ntrp
protocols.motifs.Motif: Res1 name is LYS
protocols.motifs.Motif: atom1 name is CH2
protocols.motifs.Motif: atom2 name is CH2
protocols.motifs.Motif: atom3 name is OH
protocols.motifs.Motif: Res1 name is PHE
protocols.motifs.Motif: atom1 name is COO
protocols.motifs.Motif: atom2 name is CH2
protocols.motifs.Motif: atom3 name is OH
core.pack.task: Packer task: initialize from command line() 
core.pack.task: Packer task: initialize from command line() 
core.pack.task: Packer task: initialize from command line() 
protocols.moves.MonteCarlo: MonteCarlo:: last_accepted_score,lowest_score: -1949.38 -1950.78
protocols.motifs.Motif: Res1 name is GLU
protocols.motifs.Motif: atom1 name is COO
protocols.motifs.Motif: atom2 name is CH2
protocols.motifs.Motif: atom3 name is OH
protocols.motifs.Motif: Res1 name is TYR
protocols.motifs.Motif: atom1 name is COO
protocols.motifs.Motif: atom2 name is CH2
protocols.motifs.Motif: atom3 name is OH
protocols.motifs.Motif: Res1 name is PHE
protocols.motifs.Motif: atom1 name is CH2
protocols.motifs.Motif: atom2 name is CH2
protocols.motifs.Motif: atom3 name is Ntrp
protocols.motifs.Motif: Res1 name is TYR
protocols.motifs.Motif: atom1 name is CH2
protocols.motifs.Motif: atom2 name is CH2
protocols.motifs.Motif: atom3 name is Ntrp
protocols.motifs.Motif: Res1 name is SER
protocols.motifs.Motif: atom1 name is CH2
protocols.motifs.Motif: atom2 name is CH2
protocols.motifs.Motif: atom3 name is OH
core.pack.task: Packer task: initialize from command line() 
core.pack.task: Packer task: initialize from command line() 
core.pack.task: Packer task: initialize from command line() 
protocols.moves.MonteCarlo: MonteCarlo:: last_accepted_score,lowest_score: -1953.59 -1953.59
protocols.motifs.Motif: Res1 name is GLU
protocols.motifs.Motif: atom1 name is CH2
protocols.motifs.Motif: atom2 name is CH2
protocols.motifs.Motif: atom3 name is Ntrp
protocols.motifs.Motif: Res1 name is PHE
protocols.motifs.Motif: atom1 name is COO
protocols.motifs.Motif: atom2 name is CH2
protocols.motifs.Motif: atom3 name is OH
protocols.motifs.Motif: Res1 name is TYR
protocols.motifs.Motif: atom1 name is CH2
protocols.motifs.Motif: atom2 name is CH2
protocols.motifs.Motif: atom3 name is Ntrp
protocols.motifs.Motif: Res1 name is SER
protocols.motifs.Motif: atom1 name is COO
protocols.motifs.Motif: atom2 name is CH2
protocols.motifs.Motif: atom3 name is OH
protocols.motifs.Motif: Res1 name is ASN
protocols.motifs.Motif: atom1 name is COO
protocols.motifs.Motif: atom2 name is CH2
protocols.motifs.Motif: atom3 name is OH
core.pack.task: Packer task: initialize from command line() 
core.pack.task: Packer task: initialize from command line() 
core.pack.task: Packer task: initialize from command line() 
protocols.moves.MonteCarlo: MonteCarlo:: last_accepted_score,lowest_score: -1952.13 -1952.62
protocols.motifs.Motif: Res1 name is ASP
protocols.motifs.Motif: atom1 name is COO
protocols.motifs.Motif: atom2 name is CH2
protocols.motifs.Motif: atom3 name is OH
protocols.motifs.Motif: Res1 name is TRP
protocols.motifs.Motif: atom1 name is COO
protocols.motifs.Motif: atom2 name is CH2
protocols.motifs.Motif: atom3 name is OH
protocols.motifs.Motif: Res1 name is GLU
protocols.motifs.Motif: atom1 name is COO
protocols.motifs.Motif: atom2 name is CH2
protocols.motifs.Motif: atom3 name is OH
protocols.motifs.Motif: Res1 name is TYR
protocols.motifs.Motif: atom1 name is COO
protocols.motifs.Motif: atom2 name is CH2
protocols.motifs.Motif: atom3 name is OH
protocols.motifs.Motif: Res1 name is PHE
protocols.motifs.Motif: atom1 name is COO
protocols.motifs.Motif: atom2 name is CH2
protocols.motifs.Motif: atom3 name is OH
protocols.motifs.Motif: Res1 name is TYR
protocols.motifs.Motif: atom1 name is CH2
protocols.motifs.Motif: atom2 name is CH2
protocols.motifs.Motif: atom3 name is OH
protocols.motifs.Motif: Res1 name is GLU
protocols.motifs.Motif: atom1 name is CH2
protocols.motifs.Motif: atom2 name is CH2
protocols.motifs.Motif: atom3 name is OH
protocols.motifs.Motif: Res1 name is TRP
protocols.motifs.Motif: atom1 name is CH2
protocols.motifs.Motif: atom2 name is CH2
protocols.motifs.Motif: atom3 name is OH
protocols.motifs.Motif: Res1 name is ASN
protocols.motifs.Motif: atom1 name is CH2
protocols.motifs.Motif: atom2 name is CH2
protocols.motifs.Motif: atom3 name is Ntrp
core.pack.task: Packer task: initialize from command line() 
core.pack.task: Packer task: initialize from command line() 
core.pack.task: Packer task: initialize from command line() 
protocols.moves.MonteCarlo: MonteCarlo:: last_accepted_score,lowest_score: -1679.66 -1679.66
protocols.motifs.Motif: Res1 name is ASP
protocols.motifs.Motif: atom1 name is CH2
protocols.motifs.Motif: atom2 name is CH2
protocols.motifs.Motif: atom3 name is Ntrp
protocols.motifs.Motif: Res1 name is PHE
protocols.motifs.Motif: atom1 name is CH2
protocols.motifs.Motif: atom2 name is CH2
protocols.motifs.Motif: atom3 name is Ntrp
protocols.motifs.Motif: Res1 name is TRP
protocols.motifs.Motif: atom1 name is COO
protocols.motifs.Motif: atom2 name is CH2
protocols.motifs.Motif: atom3 name is OH
protocols.motifs.Motif: Res1 name is ASN
protocols.motifs.Motif: atom1 name is COO
protocols.motifs.Motif: atom2 name is CH2
protocols.motifs.Motif: atom3 name is OH
protocols.motifs.Motif: Res1 name is GLU
protocols.motifs.Motif: atom1 name is COO
protocols.motifs.Motif: atom2 name is CH2
protocols.motifs.Motif: atom3 name is OH
protocols.motifs.Motif: Res1 name is TYR
protocols.motifs.Motif: atom1 name is COO
protocols.motifs.Motif: atom2 name is CH2
protocols.motifs.Motif: atom3 name is OH
protocols.motifs.Motif: Res1 name is PHE
protocols.motifs.Motif: atom1 name is CH2
protocols.motifs.Motif: atom2 name is CH2
protocols.motifs.Motif: atom3 name is OH
protocols.motifs.Motif: Res1 name is TYR
protocols.motifs.Motif: atom1 name is CH2
protocols.motifs.Motif: atom2 name is CH2
protocols.motifs.Motif: atom3 name is OH
protocols.motifs.Motif: Res1 name is GLU
protocols.motifs.Motif: atom1 name is CH2
protocols.motifs.Motif: atom2 name is CH2
protocols.motifs.Motif: atom3 name is OH
protocols.motifs.Motif: Res1 name is TRP
protocols.motifs.Motif: atom1 name is CH2
protocols.motifs.Motif: atom2 name is CH2
protocols.motifs.Motif: atom3 name is Ntrp
core.pack.task: Packer task: initialize from command line() 
core.pack.task: Packer task: initialize from command line() 
core.pack.task: Packer task: initialize from command line() 
protocols.moves.MonteCarlo: MonteCarlo:: last_accepted_score,lowest_score: -1950.33 -1950.82
protocols.motifs.Motif: Res1 name is GLU
protocols.motifs.Motif: atom1 name is COO
protocols.motifs.Motif: atom2 name is CH2
protocols.motifs.Motif: atom3 name is OH
protocols.motifs.Motif: Res1 name is TYR
protocols.motifs.Motif: atom1 name is COO
protocols.motifs.Motif: atom2 name is CH2
protocols.motifs.Motif: atom3 name is OH
protocols.motifs.Motif: Res1 name is PHE
protocols.motifs.Motif: atom1 name is COO
protocols.motifs.Motif: atom2 name is CH2
protocols.motifs.Motif: atom3 name is OH
protocols.motifs.Motif: Res1 name is TYR
protocols.motifs.Motif: atom1 name is CH2
protocols.motifs.Motif: atom2 name is CH2
protocols.motifs.Motif: atom3 name is OH
protocols.motifs.Motif: Res1 name is SER
protocols.motifs.Motif: atom1 name is CH2
protocols.motifs.Motif: atom2 name is CH2
protocols.motifs.Motif: atom3 name is OH
protocols.motifs.Motif: Res1 name is LYS
protocols.motifs.Motif: atom1 name is CH2
protocols.motifs.Motif: atom2 name is CH2
protocols.motifs.Motif: atom3 name is OH
core.pack.task: Packer task: initialize from command line() 
core.pack.task: Packer task: initialize from command line() 
core.pack.task: Packer task: initialize from command line() 
protocols.moves.MonteCarlo: MonteCarlo:: last_accepted_score,lowest_score: -1948.78 -1948.78
protocols.motifs.Motif: Res1 name is ASP
protocols.motifs.Motif: atom1 name is COO
protocols.motifs.Motif: atom2 name is CH2
protocols.motifs.Motif: atom3 name is OH
protocols.motifs.Motif: Res1 name is GLU
protocols.motifs.Motif: atom1 name is CH2
protocols.motifs.Motif: atom2 name is CH2
protocols.motifs.Motif: atom3 name is Ntrp
protocols.motifs.Motif: Res1 name is PHE
protocols.motifs.Motif: atom1 name is COO
protocols.motifs.Motif: atom2 name is CH2
protocols.motifs.Motif: atom3 name is OH
protocols.motifs.Motif: Res1 name is TYR
protocols.motifs.Motif: atom1 name is CH2
protocols.motifs.Motif: atom2 name is CH2
protocols.motifs.Motif: atom3 name is OH
protocols.motifs.Motif: Res1 name is GLU
protocols.motifs.Motif: atom1 name is CH2
protocols.motifs.Motif: atom2 name is CH2
protocols.motifs.Motif: atom3 name is OH
protocols.motifs.Motif: Res1 name is ASN
protocols.motifs.Motif: atom1 name is COO
protocols.motifs.Motif: atom2 name is CH2
protocols.motifs.Motif: atom3 name is OH
core.pack.task: Packer task: initialize from command line() 
core.pack.task: Packer task: initialize from command line() 
core.pack.task: Packer task: initialize from command line() 
protocols.moves.MonteCarlo: MonteCarlo:: last_accepted_score,lowest_score: -1955.18 -1955.18
protocols.motifs.Motif: Res1 name is ASP
protocols.motifs.Motif: atom1 name is COO
protocols.motifs.Motif: atom2 name is CH2
protocols.motifs.Motif: atom3 name is OH
protocols.motifs.Motif: Res1 name is PHE
protocols.motifs.Motif: atom1 name is COO
protocols.motifs.Motif: atom2 name is CH2
protocols.motifs.Motif: atom3 name is OH
protocols.motifs.Motif: Res1 name is TRP
protocols.motifs.Motif: atom1 name is COO
protocols.motifs.Motif: atom2 name is CH2
protocols.motifs.Motif: atom3 name is OH
protocols.motifs.Motif: Res1 name is ASN
protocols.motifs.Motif: atom1 name is CH2
protocols.motifs.Motif: atom2 name is CH2
protocols.motifs.Motif: atom3 name is Ntrp
protocols.motifs.Motif: Res1 name is GLU
protocols.motifs.Motif: atom1 name is CH2
protocols.motifs.Motif: atom2 name is CH2
protocols.motifs.Motif: atom3 name is Ntrp
protocols.motifs.Motif: Res1 name is PHE
protocols.motifs.Motif: atom1 name is COO
protocols.motifs.Motif: atom2 name is CH2
protocols.motifs.Motif: atom3 name is OH
protocols.motifs.Motif: Res1 name is TYR
protocols.motifs.Motif: atom1 name is CH2
protocols.motifs.Motif: atom2 name is CH2
protocols.motifs.Motif: atom3 name is Ntrp
protocols.motifs.Motif: Res1 name is GLU
protocols.motifs.Motif: atom1 name is CH2
protocols.motifs.Motif: atom2 name is CH2
protocols.motifs.Motif: atom3 name is OH
protocols.motifs.Motif: Res1 name is TRP
protocols.motifs.Motif: atom1 name is COO
protocols.motifs.Motif: atom2 name is CH2
protocols.motifs.Motif: atom3 name is OH
protocols.motifs.Motif: Res1 name is ASN
protocols.motifs.Motif: atom1 name is COO
protocols.motifs.Motif: atom2 name is CH2
protocols.motifs.Motif: atom3 name is OH
core.pack.task: Packer task: initialize from command line() 
core.pack.task: Packer task: initialize from command line() 
core.pack.task: Packer task: initialize from command line() 
protocols.moves.MonteCarlo: MonteCarlo:: last_accepted_score,lowest_score: -1948.71 -1948.71
protocols.motifs.Motif: Res1 name is TYR
protocols.motifs.Motif: atom1 name is COO
protocols.motifs.Motif: atom2 name is CH2
protocols.motifs.Motif: atom3 name is OH
protocols.motifs.Motif: Res1 name is TYR
protocols.motifs.Motif: atom1 name is CH2
protocols.motifs.Motif: atom2 name is CH2
protocols.motifs.Motif: atom3 name is OH
protocols.motifs.Motif: Res1 name is LEU
protocols.motifs.Motif: atom1 name is CH2
protocols.motifs.Motif: atom2 name is CH2
protocols.motifs.Motif: atom3 name is OH
protocols.motifs.Motif: Res1 name is LYS
protocols.motifs.Motif: atom1 name is CH2
protocols.motifs.Motif: atom2 name is CH2
protocols.motifs.Motif: atom3 name is Ntrp
core.pack.task: Packer task: initialize from command line() 
core.pack.task: Packer task: initialize from command line() 
core.pack.task: Packer task: initialize from command line() 
protocols.moves.MonteCarlo: MonteCarlo:: last_accepted_score,lowest_score: -1951.82 -1951.82
protocols.motifs.Motif: Res1 name is GLU
protocols.motifs.Motif: atom1 name is CH2
protocols.motifs.Motif: atom2 name is CH2
protocols.motifs.Motif: atom3 name is OH
protocols.motifs.Motif: Res1 name is TYR
protocols.motifs.Motif: atom1 name is CH2
protocols.motifs.Motif: atom2 name is CH2
protocols.motifs.Motif: atom3 name is Ntrp
protocols.motifs.Motif: Res1 name is PHE
protocols.motifs.Motif: atom1 name is COO
protocols.motifs.Motif: atom2 name is CH2
protocols.motifs.Motif: atom3 name is OH
protocols.motifs.Motif: Res1 name is TYR
protocols.motifs.Motif: atom1 name is CH2
protocols.motifs.Motif: atom2 name is CH2
protocols.motifs.Motif: atom3 name is Ntrp
protocols.motifs.Motif: Res1 name is SER
protocols.motifs.Motif: atom1 name is CH2
protocols.motifs.Motif: atom2 name is CH2
protocols.motifs.Motif: atom3 name is OH
protocols.motifs.Motif: Res1 name is ASN
protocols.motifs.Motif: atom1 name is COO
protocols.motifs.Motif: atom2 name is CH2
protocols.motifs.Motif: atom3 name is OH
core.pack.task: Packer task: initialize from command line() 
core.pack.task: Packer task: initialize from command line() 
core.pack.task: Packer task: initialize from command line() 
protocols.moves.MonteCarlo: MonteCarlo:: last_accepted_score,lowest_score: -1950.29 -1950.29
protocols.motifs.Motif: Res1 name is GLU
protocols.motifs.Motif: atom1 name is CH2
protocols.motifs.Motif: atom2 name is CH2
protocols.motifs.Motif: atom3 name is OH
protocols.motifs.Motif: Res1 name is PHE
protocols.motifs.Motif: atom1 name is COO
protocols.motifs.Motif: atom2 name is CH2
protocols.motifs.Motif: atom3 name is OH
protocols.motifs.Motif: Res1 name is GLN
protocols.motifs.Motif: atom1 name is CH2
protocols.motifs.Motif: atom2 name is CH2
protocols.motifs.Motif: atom3 name is OH
protocols.motifs.Motif: Res1 name is TYR
protocols.motifs.Motif: atom1 name is CH2
protocols.motifs.Motif: atom2 name is CH2
protocols.motifs.Motif: atom3 name is OH
protocols.motifs.Motif: Res1 name is LYS
protocols.motifs.Motif: atom1 name is CH2
protocols.motifs.Motif: atom2 name is CH2
protocols.motifs.Motif: atom3 name is Ntrp
core.pack.task: Packer task: initialize from command line() 
core.pack.task: Packer task: initialize from command line() 
core.pack.task: Packer task: initialize from command line() 
protocols.moves.MonteCarlo: MonteCarlo:: last_accepted_score,lowest_score: -1831.58 -1831.58
protocols.motifs.Motif: Res1 name is ASP
protocols.motifs.Motif: atom1 name is COO
protocols.motifs.Motif: atom2 name is CH2
protocols.motifs.Motif: atom3 name is OH
protocols.motifs.Motif: Res1 name is GLU
protocols.motifs.Motif: atom1 name is CH2
protocols.motifs.Motif: atom2 name is CH2
protocols.motifs.Motif: atom3 name is OH
protocols.motifs.Motif: Res1 name is TYR
protocols.motifs.Motif: atom1 name is CH2
protocols.motifs.Motif: atom2 name is CH2
protocols.motifs.Motif: atom3 name is Ntrp
protocols.motifs.Motif: Res1 name is PHE
protocols.motifs.Motif: atom1 name is CH2
protocols.motifs.Motif: atom2 name is CH2
protocols.motifs.Motif: atom3 name is Ntrp
protocols.motifs.Motif: Res1 name is TYR
protocols.motifs.Motif: atom1 name is COO
protocols.motifs.Motif: atom2 name is CH2
protocols.motifs.Motif: atom3 name is OH
protocols.motifs.Motif: Res1 name is GLU
protocols.motifs.Motif: atom1 name is COO
protocols.motifs.Motif: atom2 name is CH2
protocols.motifs.Motif: atom3 name is OH
protocols.motifs.Motif: Res1 name is TRP
protocols.motifs.Motif: atom1 name is COO
protocols.motifs.Motif: atom2 name is CH2
protocols.motifs.Motif: atom3 name is OH
core.pack.task: Packer task: initialize from command line() 
core.pack.task: Packer task: initialize from command line() 
core.pack.task: Packer task: initialize from command line() 
protocols.moves.MonteCarlo: MonteCarlo:: last_accepted_score,lowest_score: -1950.09 -1950.09
protocols.motifs.Motif: Res1 name is GLU
protocols.motifs.Motif: atom1 name is COO
protocols.motifs.Motif: atom2 name is CH2
protocols.motifs.Motif: atom3 name is OH
protocols.motifs.Motif: Res1 name is TYR
protocols.motifs.Motif: atom1 name is CH2
protocols.motifs.Motif: atom2 name is CH2
protocols.motifs.Motif: atom3 name is Ntrp
protocols.motifs.Motif: Res1 name is GLN
protocols.motifs.Motif: atom1 name is COO
protocols.motifs.Motif: atom2 name is CH2
protocols.motifs.Motif: atom3 name is OH
protocols.motifs.Motif: Res1 name is TYR
protocols.motifs.Motif: atom1 name is COO
protocols.motifs.Motif: atom2 name is CH2
protocols.motifs.Motif: atom3 name is OH
protocols.motifs.Motif: Res1 name is LEU
protocols.motifs.Motif: atom1 name is COO
protocols.motifs.Motif: atom2 name is CH2
protocols.motifs.Motif: atom3 name is OH
core.pack.task: Packer task: initialize from command line() 
core.pack.task: Packer task: initialize from command line() 
core.pack.task: Packer task: initialize from command line() 
protocols.moves.MonteCarlo: MonteCarlo:: last_accepted_score,lowest_score: -1960.09 -1961.28
protocols.motifs.Motif: Res1 name is ASP
protocols.motifs.Motif: atom1 name is COO
protocols.motifs.Motif: atom2 name is CH2
protocols.motifs.Motif: atom3 name is OH
protocols.motifs.Motif: Res1 name is TRP
protocols.motifs.Motif: atom1 name is COO
protocols.motifs.Motif: atom2 name is CH2
protocols.motifs.Motif: atom3 name is OH
protocols.motifs.Motif: Res1 name is ASN
protocols.motifs.Motif: atom1 name is COO
protocols.motifs.Motif: atom2 name is CH2
protocols.motifs.Motif: atom3 name is OH
protocols.motifs.Motif: Res1 name is GLU
protocols.motifs.Motif: atom1 name is COO
protocols.motifs.Motif: atom2 name is CH2
protocols.motifs.Motif: atom3 name is OH
protocols.motifs.Motif: Res1 name is PHE
protocols.motifs.Motif: atom1 name is CH2
protocols.motifs.Motif: atom2 name is CH2
protocols.motifs.Motif: atom3 name is Ntrp
protocols.motifs.Motif: Res1 name is TYR
protocols.motifs.Motif: atom1 name is CH2
protocols.motifs.Motif: atom2 name is CH2
protocols.motifs.Motif: atom3 name is Ntrp
protocols.motifs.Motif: Res1 name is GLU
protocols.motifs.Motif: atom1 name is CH2
protocols.motifs.Motif: atom2 name is CH2
protocols.motifs.Motif: atom3 name is Ntrp
protocols.motifs.Motif: Res1 name is TRP
protocols.motifs.Motif: atom1 name is COO
protocols.motifs.Motif: atom2 name is CH2
protocols.motifs.Motif: atom3 name is OH
protocols.motifs.Motif: Res1 name is ASN
protocols.motifs.Motif: atom1 name is CH2
protocols.motifs.Motif: atom2 name is CH2
protocols.motifs.Motif: atom3 name is Ntrp
core.pack.task: Packer task: initialize from command line() 
core.pack.task: Packer task: initialize from command line() 
core.pack.task: Packer task: initialize from command line() 
protocols.moves.MonteCarlo: MonteCarlo:: last_accepted_score,lowest_score: -1961.07 -1961.07
protocols.motifs.Motif: Res1 name is ASP
protocols.motifs.Motif: atom1 name is COO
protocols.motifs.Motif: atom2 name is CH2
protocols.motifs.Motif: atom3 name is OH
protocols.motifs.Motif: Res1 name is TRP
protocols.motifs.Motif: atom1 name is COO
protocols.motifs.Motif: atom2 name is CH2
protocols.motifs.Motif: atom3 name is OH
protocols.motifs.Motif: Res1 name is ASN
protocols.motifs.Motif: atom1 name is COO
protocols.motifs.Motif: atom2 name is CH2
protocols.motifs.Motif: atom3 name is OH
protocols.motifs.Motif: Res1 name is GLU
protocols.motifs.Motif: atom1 name is CH2
protocols.motifs.Motif: atom2 name is CH2
protocols.motifs.Motif: atom3 name is OH
protocols.motifs.Motif: Res1 name is PHE
protocols.motifs.Motif: atom1 name is COO
protocols.motifs.Motif: atom2 name is CH2
protocols.motifs.Motif: atom3 name is OH
protocols.motifs.Motif: Res1 name is TYR
protocols.motifs.Motif: atom1 name is CH2
protocols.motifs.Motif: atom2 name is CH2
protocols.motifs.Motif: atom3 name is Ntrp
protocols.motifs.Motif: Res1 name is GLU
protocols.motifs.Motif: atom1 name is CH2
protocols.motifs.Motif: atom2 name is CH2
protocols.motifs.Motif: atom3 name is Ntrp
protocols.motifs.Motif: Res1 name is TRP
protocols.motifs.Motif: atom1 name is COO
protocols.motifs.Motif: atom2 name is CH2
protocols.motifs.Motif: atom3 name is OH
protocols.motifs.Motif: Res1 name is ASN
protocols.motifs.Motif: atom1 name is CH2
protocols.motifs.Motif: atom2 name is CH2
protocols.motifs.Motif: atom3 name is OH
core.pack.task: Packer task: initialize from command line() 
core.pack.task: Packer task: initialize from command line() 
core.pack.task: Packer task: initialize from command line() 
protocols.moves.MonteCarlo: MonteCarlo:: last_accepted_score,lowest_score: -1957.58 -1960.62
protocols.motifs.Motif: Res1 name is ASP
protocols.motifs.Motif: atom1 name is COO
protocols.motifs.Motif: atom2 name is CH2
protocols.motifs.Motif: atom3 name is OH
protocols.motifs.Motif: Res1 name is TRP
protocols.motifs.Motif: atom1 name is COO
protocols.motifs.Motif: atom2 name is CH2
protocols.motifs.Motif: atom3 name is OH
protocols.motifs.Motif: Res1 name is ASN
protocols.motifs.Motif: atom1 name is COO
protocols.motifs.Motif: atom2 name is CH2
protocols.motifs.Motif: atom3 name is OH
protocols.motifs.Motif: Res1 name is GLU
protocols.motifs.Motif: atom1 name is COO
protocols.motifs.Motif: atom2 name is CH2
protocols.motifs.Motif: atom3 name is OH
protocols.motifs.Motif: Res1 name is TYR
protocols.motifs.Motif: atom1 name is COO
protocols.motifs.Motif: atom2 name is CH2
protocols.motifs.Motif: atom3 name is OH
protocols.motifs.Motif: Res1 name is PHE
protocols.motifs.Motif: atom1 name is COO
protocols.motifs.Motif: atom2 name is CH2
protocols.motifs.Motif: atom3 name is OH
protocols.motifs.Motif: Res1 name is TYR
protocols.motifs.Motif: atom1 name is CH2
protocols.motifs.Motif: atom2 name is CH2
protocols.motifs.Motif: atom3 name is Ntrp
protocols.motifs.Motif: Res1 name is GLU
protocols.motifs.Motif: atom1 name is CH2
protocols.motifs.Motif: atom2 name is CH2
protocols.motifs.Motif: atom3 name is Ntrp
protocols.motifs.Motif: Res1 name is TRP
protocols.motifs.Motif: atom1 name is CH2
protocols.motifs.Motif: atom2 name is CH2
protocols.motifs.Motif: atom3 name is Ntrp
protocols.motifs.Motif: Res1 name is ASN
protocols.motifs.Motif: atom1 name is CH2
protocols.motifs.Motif: atom2 name is CH2
protocols.motifs.Motif: atom3 name is OH
core.pack.task: Packer task: initialize from command line() 
core.pack.task: Packer task: initialize from command line() 
core.pack.task: Packer task: initialize from command line() 
protocols.moves.MonteCarlo: MonteCarlo:: last_accepted_score,lowest_score: -1950.15 -1950.15
protocols.motifs.Motif: Res1 name is TYR
protocols.motifs.Motif: atom1 name is COO
protocols.motifs.Motif: atom2 name is CH2
protocols.motifs.Motif: atom3 name is OH
protocols.motifs.Motif: Res1 name is PHE
protocols.motifs.Motif: atom1 name is COO
protocols.motifs.Motif: atom2 name is CH2
protocols.motifs.Motif: atom3 name is OH
protocols.motifs.Motif: Res1 name is TYR
protocols.motifs.Motif: atom1 name is CH2
protocols.motifs.Motif: atom2 name is CH2
protocols.motifs.Motif: atom3 name is Ntrp
protocols.motifs.Motif: Res1 name is LYS
protocols.motifs.Motif: atom1 name is CH2
protocols.motifs.Motif: atom2 name is CH2
protocols.motifs.Motif: atom3 name is Ntrp
core.pack.task: Packer task: initialize from command line() 
core.pack.task: Packer task: initialize from command line() 
core.pack.task: Packer task: initialize from command line() 
protocols.moves.MonteCarlo: MonteCarlo:: last_accepted_score,lowest_score: -1596.33 -1596.33
protocols.motifs.Motif: Res1 name is ASP
protocols.motifs.Motif: atom1 name is COO
protocols.motifs.Motif: atom2 name is CH2
protocols.motifs.Motif: atom3 name is OH
protocols.motifs.Motif: Res1 name is PHE
protocols.motifs.Motif: atom1 name is COO
protocols.motifs.Motif: atom2 name is CH2
protocols.motifs.Motif: atom3 name is OH
protocols.motifs.Motif: Res1 name is PHE
protocols.motifs.Motif: atom1 name is COO
protocols.motifs.Motif: atom2 name is CH2
protocols.motifs.Motif: atom3 name is OH
protocols.motifs.Motif: Res1 name is TYR
protocols.motifs.Motif: atom1 name is CH2
protocols.motifs.Motif: atom2 name is CH2
protocols.motifs.Motif: atom3 name is OH
protocols.motifs.Motif: Res1 name is GLU
protocols.motifs.Motif: atom1 name is CH2
protocols.motifs.Motif: atom2 name is CH2
protocols.motifs.Motif: atom3 name is OH
protocols.motifs.Motif: Res1 name is CYS
protocols.motifs.Motif: atom1 name is CH2
protocols.motifs.Motif: atom2 name is CH2
protocols.motifs.Motif: atom3 name is Ntrp
protocols.motifs.Motif: Res1 name is SER
protocols.motifs.Motif: atom1 name is CH2
protocols.motifs.Motif: atom2 name is CH2
protocols.motifs.Motif: atom3 name is OH
protocols.motifs.Motif: Res1 name is TRP
protocols.motifs.Motif: atom1 name is CH2
protocols.motifs.Motif: atom2 name is CH2
protocols.motifs.Motif: atom3 name is Ntrp
protocols.motifs.Motif: Res1 name is ASN
protocols.motifs.Motif: atom1 name is COO
protocols.motifs.Motif: atom2 name is CH2
protocols.motifs.Motif: atom3 name is OH
protocols.motifs.Motif: Res1 name is VAL
protocols.motifs.Motif: atom1 name is CH2
protocols.motifs.Motif: atom2 name is CH2
protocols.motifs.Motif: atom3 name is OH
core.pack.task: Packer task: initialize from command line() 
core.pack.task: Packer task: initialize from command line() 
core.pack.task: Packer task: initialize from command line() 
protocols.moves.MonteCarlo: MonteCarlo:: last_accepted_score,lowest_score: -1879.08 -1879.08
protocols.motifs.Motif: Res1 name is GLU
protocols.motifs.Motif: atom1 name is CH2
protocols.motifs.Motif: atom2 name is CH2
protocols.motifs.Motif: atom3 name is Ntrp
protocols.motifs.Motif: Res1 name is TYR
protocols.motifs.Motif: atom1 name is CH2
protocols.motifs.Motif: atom2 name is CH2
protocols.motifs.Motif: atom3 name is OH
protocols.motifs.Motif: Res1 name is GLN
protocols.motifs.Motif: atom1 name is CH2
protocols.motifs.Motif: atom2 name is CH2
protocols.motifs.Motif: atom3 name is Ntrp
protocols.motifs.Motif: Res1 name is TYR
protocols.motifs.Motif: atom1 name is COO
protocols.motifs.Motif: atom2 name is CH2
protocols.motifs.Motif: atom3 name is OH
protocols.motifs.Motif: Res1 name is SER
protocols.motifs.Motif: atom1 name is COO
protocols.motifs.Motif: atom2 name is CH2
protocols.motifs.Motif: atom3 name is OH
protocols.motifs.Motif: Res1 name is LYS
protocols.motifs.Motif: atom1 name is COO
protocols.motifs.Motif: atom2 name is CH2
protocols.motifs.Motif: atom3 name is OH
core.pack.task: Packer task: initialize from command line() 
core.pack.task: Packer task: initialize from command line() 
core.pack.task: Packer task: initialize from command line() 
protocols.moves.MonteCarlo: MonteCarlo:: last_accepted_score,lowest_score: -1949.59 -1949.59
protocols.motifs.Motif: Res1 name is GLU
protocols.motifs.Motif: atom1 name is COO
protocols.motifs.Motif: atom2 name is CH2
protocols.motifs.Motif: atom3 name is OH
protocols.motifs.Motif: Res1 name is TYR
protocols.motifs.Motif: atom1 name is CH2
protocols.motifs.Motif: atom2 name is CH2
protocols.motifs.Motif: atom3 name is Ntrp
protocols.motifs.Motif: Res1 name is PHE
protocols.motifs.Motif: atom1 name is COO
protocols.motifs.Motif: atom2 name is CH2
protocols.motifs.Motif: atom3 name is OH
protocols.motifs.Motif: Res1 name is TYR
protocols.motifs.Motif: atom1 name is COO
protocols.motifs.Motif: atom2 name is CH2
protocols.motifs.Motif: atom3 name is OH
protocols.motifs.Motif: Res1 name is SER
protocols.motifs.Motif: atom1 name is CH2
protocols.motifs.Motif: atom2 name is CH2
protocols.motifs.Motif: atom3 name is OH
core.pack.task: Packer task: initialize from command line() 
core.pack.task: Packer task: initialize from command line() 
core.pack.task: Packer task: initialize from command line() 
protocols.moves.MonteCarlo: MonteCarlo:: last_accepted_score,lowest_score: -1963.65 -1964.48
protocols.motifs.Motif: Res1 name is ASP
protocols.motifs.Motif: atom1 name is COO
protocols.motifs.Motif: atom2 name is CH2
protocols.motifs.Motif: atom3 name is OH
protocols.motifs.Motif: Res1 name is PHE
protocols.motifs.Motif: atom1 name is CH2
protocols.motifs.Motif: atom2 name is CH2
protocols.motifs.Motif: atom3 name is OH
protocols.motifs.Motif: Res1 name is TRP
protocols.motifs.Motif: atom1 name is COO
protocols.motifs.Motif: atom2 name is CH2
protocols.motifs.Motif: atom3 name is OH
protocols.motifs.Motif: Res1 name is ASN
protocols.motifs.Motif: atom1 name is COO
protocols.motifs.Motif: atom2 name is CH2
protocols.motifs.Motif: atom3 name is OH
protocols.motifs.Motif: Res1 name is GLU
protocols.motifs.Motif: atom1 name is COO
protocols.motifs.Motif: atom2 name is CH2
protocols.motifs.Motif: atom3 name is OH
protocols.motifs.Motif: Res1 name is PHE
protocols.motifs.Motif: atom1 name is COO
protocols.motifs.Motif: atom2 name is CH2
protocols.motifs.Motif: atom3 name is OH
protocols.motifs.Motif: Res1 name is TYR
protocols.motifs.Motif: atom1 name is CH2
protocols.motifs.Motif: atom2 name is CH2
protocols.motifs.Motif: atom3 name is Ntrp
protocols.motifs.Motif: Res1 name is GLU
protocols.motifs.Motif: atom1 name is CH2
protocols.motifs.Motif: atom2 name is CH2
protocols.motifs.Motif: atom3 name is Ntrp
protocols.motifs.Motif: Res1 name is TRP
protocols.motifs.Motif: atom1 name is COO
protocols.motifs.Motif: atom2 name is CH2
protocols.motifs.Motif: atom3 name is OH
protocols.motifs.Motif: Res1 name is ASN
protocols.motifs.Motif: atom1 name is CH2
protocols.motifs.Motif: atom2 name is CH2
protocols.motifs.Motif: atom3 name is Ntrp
core.pack.task: Packer task: initialize from command line() 
core.pack.task: Packer task: initialize from command line() 
core.pack.task: Packer task: initialize from command line() 
protocols.moves.MonteCarlo: MonteCarlo:: last_accepted_score,lowest_score: -1948.61 -1949.43
protocols.motifs.Motif: Res1 name is PHE
protocols.motifs.Motif: atom1 name is COO
protocols.motifs.Motif: atom2 name is CH2
protocols.motifs.Motif: atom3 name is OH
protocols.motifs.Motif: Res1 name is TYR
protocols.motifs.Motif: atom1 name is CH2
protocols.motifs.Motif: atom2 name is CH2
protocols.motifs.Motif: atom3 name is Ntrp
protocols.motifs.Motif: Res1 name is SER
protocols.motifs.Motif: atom1 name is COO
protocols.motifs.Motif: atom2 name is CH2
protocols.motifs.Motif: atom3 name is OH
protocols.motifs.Motif: Res1 name is PHE
protocols.motifs.Motif: atom1 name is COO
protocols.motifs.Motif: atom2 name is CH2
protocols.motifs.Motif: atom3 name is OH
core.pack.task: Packer task: initialize from command line() 
core.pack.task: Packer task: initialize from command line() 
core.pack.task: Packer task: initialize from command line() 
protocols.moves.MonteCarlo: MonteCarlo:: last_accepted_score,lowest_score: -1952.92 -1953.13
protocols.motifs.Motif: Res1 name is GLU
protocols.motifs.Motif: atom1 name is COO
protocols.motifs.Motif: atom2 name is CH2
protocols.motifs.Motif: atom3 name is OH
protocols.motifs.Motif: Res1 name is TYR
protocols.motifs.Motif: atom1 name is CH2
protocols.motifs.Motif: atom2 name is CH2
protocols.motifs.Motif: atom3 name is Ntrp
protocols.motifs.Motif: Res1 name is PHE
protocols.motifs.Motif: atom1 name is CH2
protocols.motifs.Motif: atom2 name is CH2
protocols.motifs.Motif: atom3 name is OH
protocols.motifs.Motif: Res1 name is TYR
protocols.motifs.Motif: atom1 name is COO
protocols.motifs.Motif: atom2 name is CH2
protocols.motifs.Motif: atom3 name is OH
protocols.motifs.Motif: Res1 name is SER
protocols.motifs.Motif: atom1 name is COO
protocols.motifs.Motif: atom2 name is CH2
protocols.motifs.Motif: atom3 name is OH
protocols.motifs.Motif: Res1 name is ASN
protocols.motifs.Motif: atom1 name is CH2
protocols.motifs.Motif: atom2 name is CH2
protocols.motifs.Motif: atom3 name is Ntrp
core.pack.task: Packer task: initialize from command line() 
core.pack.task: Packer task: initialize from command line() 
core.pack.task: Packer task: initialize from command line() 
protocols.moves.MonteCarlo: MonteCarlo:: last_accepted_score,lowest_score: -1954.84 -1954.84
protocols.motifs.Motif: Res1 name is ASP
protocols.motifs.Motif: atom1 name is COO
protocols.motifs.Motif: atom2 name is CH2
protocols.motifs.Motif: atom3 name is OH
protocols.motifs.Motif: Res1 name is GLU
protocols.motifs.Motif: atom1 name is CH2
protocols.motifs.Motif: atom2 name is CH2
protocols.motifs.Motif: atom3 name is OH
protocols.motifs.Motif: Res1 name is PHE
protocols.motifs.Motif: atom1 name is COO
protocols.motifs.Motif: atom2 name is CH2
protocols.motifs.Motif: atom3 name is OH
protocols.motifs.Motif: Res1 name is TYR
protocols.motifs.Motif: atom1 name is COO
protocols.motifs.Motif: atom2 name is CH2
protocols.motifs.Motif: atom3 name is OH
protocols.motifs.Motif: Res1 name is GLU
protocols.motifs.Motif: atom1 name is COO
protocols.motifs.Motif: atom2 name is CH2
protocols.motifs.Motif: atom3 name is OH
protocols.motifs.Motif: Res1 name is TRP
protocols.motifs.Motif: atom1 name is COO
protocols.motifs.Motif: atom2 name is CH2
protocols.motifs.Motif: atom3 name is OH
protocols.motifs.Motif: Res1 name is ASN
protocols.motifs.Motif: atom1 name is COO
protocols.motifs.Motif: atom2 name is CH2
protocols.motifs.Motif: atom3 name is OH
core.pack.task: Packer task: initialize from command line() 
core.pack.task: Packer task: initialize from command line() 
core.pack.task: Packer task: initialize from command line() 
protocols.moves.MonteCarlo: MonteCarlo:: last_accepted_score,lowest_score: -1950.02 -1950.02
protocols.motifs.Motif: Res1 name is GLU
protocols.motifs.Motif: atom1 name is CH2
protocols.motifs.Motif: atom2 name is CH2
protocols.motifs.Motif: atom3 name is OH
protocols.motifs.Motif: Res1 name is TYR
protocols.motifs.Motif: atom1 name is COO
protocols.motifs.Motif: atom2 name is CH2
protocols.motifs.Motif: atom3 name is OH
protocols.motifs.Motif: Res1 name is TYR
protocols.motifs.Motif: atom1 name is CH2
protocols.motifs.Motif: atom2 name is CH2
protocols.motifs.Motif: atom3 name is Ntrp
protocols.motifs.Motif: Res1 name is SER
protocols.motifs.Motif: atom1 name is CH2
protocols.motifs.Motif: atom2 name is CH2
protocols.motifs.Motif: atom3 name is OH
core.pack.task: Packer task: initialize from command line() 
core.pack.task: Packer task: initialize from command line() 
core.pack.task: Packer task: initialize from command line() 
protocols.moves.MonteCarlo: MonteCarlo:: last_accepted_score,lowest_score: -1942.55 -1942.55
protocols.motifs.Motif: Res1 name is ASP
protocols.motifs.Motif: atom1 name is COO
protocols.motifs.Motif: atom2 name is CH2
protocols.motifs.Motif: atom3 name is OH
protocols.motifs.Motif: Res1 name is TRP
protocols.motifs.Motif: atom1 name is COO
protocols.motifs.Motif: atom2 name is CH2
protocols.motifs.Motif: atom3 name is OH
protocols.motifs.Motif: Res1 name is GLU
protocols.motifs.Motif: atom1 name is CH2
protocols.motifs.Motif: atom2 name is CH2
protocols.motifs.Motif: atom3 name is Ntrp
protocols.motifs.Motif: Res1 name is TYR
protocols.motifs.Motif: atom1 name is COO
protocols.motifs.Motif: atom2 name is CH2
protocols.motifs.Motif: atom3 name is OH
protocols.motifs.Motif: Res1 name is PHE
protocols.motifs.Motif: atom1 name is COO
protocols.motifs.Motif: atom2 name is CH2
protocols.motifs.Motif: atom3 name is OH
protocols.motifs.Motif: Res1 name is TYR
protocols.motifs.Motif: atom1 name is CH2
protocols.motifs.Motif: atom2 name is CH2
protocols.motifs.Motif: atom3 name is OH
protocols.motifs.Motif: Res1 name is GLU
protocols.motifs.Motif: atom1 name is CH2
protocols.motifs.Motif: atom2 name is CH2
protocols.motifs.Motif: atom3 name is Ntrp
core.pack.task: Packer task: initialize from command line() 
core.pack.task: Packer task: initialize from command line() 
core.pack.task: Packer task: initialize from command line() 
protocols.moves.MonteCarlo: MonteCarlo:: last_accepted_score,lowest_score: -1949.49 -1949.49
protocols.motifs.Motif: Res1 name is GLU
protocols.motifs.Motif: atom1 name is CH2
protocols.motifs.Motif: atom2 name is CH2
protocols.motifs.Motif: atom3 name is OH
protocols.motifs.Motif: Res1 name is TYR
protocols.motifs.Motif: atom1 name is COO
protocols.motifs.Motif: atom2 name is CH2
protocols.motifs.Motif: atom3 name is OH
protocols.motifs.Motif: Res1 name is TYR
protocols.motifs.Motif: atom1 name is CH2
protocols.motifs.Motif: atom2 name is CH2
protocols.motifs.Motif: atom3 name is Ntrp
core.pack.task: Packer task: initialize from command line() 
core.pack.task: Packer task: initialize from command line() 
core.pack.task: Packer task: initialize from command line() 
protocols.moves.MonteCarlo: MonteCarlo:: last_accepted_score,lowest_score: -1948.23 -1948.23
protocols.motifs.Motif: Res1 name is GLU
protocols.motifs.Motif: atom1 name is COO
protocols.motifs.Motif: atom2 name is CH2
protocols.motifs.Motif: atom3 name is OH
protocols.motifs.Motif: Res1 name is TYR
protocols.motifs.Motif: atom1 name is COO
protocols.motifs.Motif: atom2 name is CH2
protocols.motifs.Motif: atom3 name is OH
protocols.motifs.Motif: Res1 name is TYR
protocols.motifs.Motif: atom1 name is CH2
protocols.motifs.Motif: atom2 name is CH2
protocols.motifs.Motif: atom3 name is Ntrp
core.pack.task: Packer task: initialize from command line() 
core.pack.task: Packer task: initialize from command line() 
core.pack.task: Packer task: initialize from command line() 
protocols.moves.MonteCarlo: MonteCarlo:: last_accepted_score,lowest_score: -1946.8 -1946.8
protocols.motifs.Motif: Res1 name is GLU
protocols.motifs.Motif: atom1 name is COO
protocols.motifs.Motif: atom2 name is CH2
protocols.motifs.Motif: atom3 name is OH
protocols.motifs.Motif: Res1 name is TYR
protocols.motifs.Motif: atom1 name is COO
protocols.motifs.Motif: atom2 name is CH2
protocols.motifs.Motif: atom3 name is OH
protocols.motifs.Motif: Res1 name is PHE
protocols.motifs.Motif: atom1 name is CH2
protocols.motifs.Motif: atom2 name is CH2
protocols.motifs.Motif: atom3 name is Ntrp
protocols.motifs.Motif: Res1 name is TYR
protocols.motifs.Motif: atom1 name is CH2
protocols.motifs.Motif: atom2 name is CH2
protocols.motifs.Motif: atom3 name is Ntrp
core.pack.task: Packer task: initialize from command line() 
core.pack.task: Packer task: initialize from command line() 
core.pack.task: Packer task: initialize from command line() 
protocols.moves.MonteCarlo: MonteCarlo:: last_accepted_score,lowest_score: -1950.38 -1950.38
protocols.motifs.Motif: Res1 name is GLU
protocols.motifs.Motif: atom1 name is COO
protocols.motifs.Motif: atom2 name is CH2
protocols.motifs.Motif: atom3 name is OH
protocols.motifs.Motif: Res1 name is TYR
protocols.motifs.Motif: atom1 name is COO
protocols.motifs.Motif: atom2 name is CH2
protocols.motifs.Motif: atom3 name is OH
protocols.motifs.Motif: Res1 name is PHE
protocols.motifs.Motif: atom1 name is CH2
protocols.motifs.Motif: atom2 name is CH2
protocols.motifs.Motif: atom3 name is Ntrp
protocols.motifs.Motif: Res1 name is TYR
protocols.motifs.Motif: atom1 name is COO
protocols.motifs.Motif: atom2 name is CH2
protocols.motifs.Motif: atom3 name is OH
protocols.motifs.Motif: Res1 name is SER
protocols.motifs.Motif: atom1 name is CH2
protocols.motifs.Motif: atom2 name is CH2
protocols.motifs.Motif: atom3 name is Ntrp
protocols.motifs.Motif: Res1 name is ASN
protocols.motifs.Motif: atom1 name is CH2
protocols.motifs.Motif: atom2 name is CH2
protocols.motifs.Motif: atom3 name is OH
core.pack.task: Packer task: initialize from command line() 
core.pack.task: Packer task: initialize from command line() 
core.pack.task: Packer task: initialize from command line() 
protocols.moves.MonteCarlo: MonteCarlo:: last_accepted_score,lowest_score: -1949.68 -1950.68
protocols.motifs.Motif: Res1 name is GLU
protocols.motifs.Motif: atom1 name is COO
protocols.motifs.Motif: atom2 name is CH2
protocols.motifs.Motif: atom3 name is OH
protocols.motifs.Motif: Res1 name is TYR
protocols.motifs.Motif: atom1 name is COO
protocols.motifs.Motif: atom2 name is CH2
protocols.motifs.Motif: atom3 name is OH
protocols.motifs.Motif: Res1 name is PHE
protocols.motifs.Motif: atom1 name is CH2
protocols.motifs.Motif: atom2 name is CH2
protocols.motifs.Motif: atom3 name is Ntrp
protocols.motifs.Motif: Res1 name is TYR
protocols.motifs.Motif: atom1 name is COO
protocols.motifs.Motif: atom2 name is CH2
protocols.motifs.Motif: atom3 name is OH
protocols.motifs.Motif: Res1 name is SER
protocols.motifs.Motif: atom1 name is CH2
protocols.motifs.Motif: atom2 name is CH2
protocols.motifs.Motif: atom3 name is Ntrp
core.pack.task: Packer task: initialize from command line() 
core.pack.task: Packer task: initialize from command line() 
core.pack.task: Packer task: initialize from command line() 
protocols.moves.MonteCarlo: MonteCarlo:: last_accepted_score,lowest_score: -1958.04 -1958.04
protocols.motifs.Motif: Res1 name is ASP
protocols.motifs.Motif: atom1 name is COO
protocols.motifs.Motif: atom2 name is CH2
protocols.motifs.Motif: atom3 name is OH
protocols.motifs.Motif: Res1 name is TRP
protocols.motifs.Motif: atom1 name is COO
protocols.motifs.Motif: atom2 name is CH2
protocols.motifs.Motif: atom3 name is OH
protocols.motifs.Motif: Res1 name is GLU
protocols.motifs.Motif: atom1 name is COO
protocols.motifs.Motif: atom2 name is CH2
protocols.motifs.Motif: atom3 name is OH
protocols.motifs.Motif: Res1 name is TYR
protocols.motifs.Motif: atom1 name is COO
protocols.motifs.Motif: atom2 name is CH2
protocols.motifs.Motif: atom3 name is OH
protocols.motifs.Motif: Res1 name is PHE
protocols.motifs.Motif: atom1 name is COO
protocols.motifs.Motif: atom2 name is CH2
protocols.motifs.Motif: atom3 name is OH
protocols.motifs.Motif: Res1 name is TYR
protocols.motifs.Motif: atom1 name is CH2
protocols.motifs.Motif: atom2 name is CH2
protocols.motifs.Motif: atom3 name is Ntrp
protocols.motifs.Motif: Res1 name is ASN
protocols.motifs.Motif: atom1 name is CH2
protocols.motifs.Motif: atom2 name is CH2
protocols.motifs.Motif: atom3 name is OH
core.pack.task: Packer task: initialize from command line() 
core.pack.task: Packer task: initialize from command line() 
core.pack.task: Packer task: initialize from command line() 
protocols.moves.MonteCarlo: MonteCarlo:: last_accepted_score,lowest_score: -1952.09 -1952.09
protocols.motifs.Motif: Res1 name is GLU
protocols.motifs.Motif: atom1 name is CH2
protocols.motifs.Motif: atom2 name is CH2
protocols.motifs.Motif: atom3 name is OH
protocols.motifs.Motif: Res1 name is PHE
protocols.motifs.Motif: atom1 name is CH2
protocols.motifs.Motif: atom2 name is CH2
protocols.motifs.Motif: atom3 name is Ntrp
protocols.motifs.Motif: Res1 name is TYR
protocols.motifs.Motif: atom1 name is CH2
protocols.motifs.Motif: atom2 name is CH2
protocols.motifs.Motif: atom3 name is Ntrp
protocols.motifs.Motif: Res1 name is SER
protocols.motifs.Motif: atom1 name is COO
protocols.motifs.Motif: atom2 name is CH2
protocols.motifs.Motif: atom3 name is OH
protocols.motifs.Motif: Res1 name is ASN
protocols.motifs.Motif: atom1 name is COO
protocols.motifs.Motif: atom2 name is CH2
protocols.motifs.Motif: atom3 name is OH
core.pack.task: Packer task: initialize from command line() 
core.pack.task: Packer task: initialize from command line() 
core.pack.task: Packer task: initialize from command line() 
protocols.moves.MonteCarlo: MonteCarlo:: last_accepted_score,lowest_score: -1953.05 -1953.05
protocols.motifs.Motif: Res1 name is ASP
protocols.motifs.Motif: atom1 name is COO
protocols.motifs.Motif: atom2 name is CH2
protocols.motifs.Motif: atom3 name is OH
protocols.motifs.Motif: Res1 name is GLU
protocols.motifs.Motif: atom1 name is COO
protocols.motifs.Motif: atom2 name is CH2
protocols.motifs.Motif: atom3 name is OH
protocols.motifs.Motif: Res1 name is TYR
protocols.motifs.Motif: atom1 name is CH2
protocols.motifs.Motif: atom2 name is CH2
protocols.motifs.Motif: atom3 name is OH
protocols.motifs.Motif: Res1 name is PHE
protocols.motifs.Motif: atom1 name is CH2
protocols.motifs.Motif: atom2 name is CH2
protocols.motifs.Motif: atom3 name is Ntrp
protocols.motifs.Motif: Res1 name is TYR
protocols.motifs.Motif: atom1 name is CH2
protocols.motifs.Motif: atom2 name is CH2
protocols.motifs.Motif: atom3 name is Ntrp
protocols.motifs.Motif: Res1 name is ASN
protocols.motifs.Motif: atom1 name is COO
protocols.motifs.Motif: atom2 name is CH2
protocols.motifs.Motif: atom3 name is OH
core.pack.task: Packer task: initialize from command line() 
core.pack.task: Packer task: initialize from command line() 
core.pack.task: Packer task: initialize from command line() 
protocols.moves.MonteCarlo: MonteCarlo:: last_accepted_score,lowest_score: -1947.52 -1947.52
protocols.motifs.Motif: Res1 name is PHE
protocols.motifs.Motif: atom1 name is COO
protocols.motifs.Motif: atom2 name is CH2
protocols.motifs.Motif: atom3 name is OH
protocols.motifs.Motif: Res1 name is TYR
protocols.motifs.Motif: atom1 name is CH2
protocols.motifs.Motif: atom2 name is CH2
protocols.motifs.Motif: atom3 name is OH
protocols.motifs.Motif: Res1 name is PHE
protocols.motifs.Motif: atom1 name is CH2
protocols.motifs.Motif: atom2 name is CH2
protocols.motifs.Motif: atom3 name is Ntrp
protocols.motifs.Motif: Res1 name is TYR
protocols.motifs.Motif: atom1 name is COO
protocols.motifs.Motif: atom2 name is CH2
protocols.motifs.Motif: atom3 name is OH
protocols.motifs.Motif: Res1 name is CYS
protocols.motifs.Motif: atom1 name is COO
protocols.motifs.Motif: atom2 name is CH2
protocols.motifs.Motif: atom3 name is OH
protocols.motifs.Motif: Res1 name is SER
protocols.motifs.Motif: atom1 name is CH2
protocols.motifs.Motif: atom2 name is CH2
protocols.motifs.Motif: atom3 name is OH
protocols.motifs.Motif: Res1 name is TRP
protocols.motifs.Motif: atom1 name is COO
protocols.motifs.Motif: atom2 name is CH2
protocols.motifs.Motif: atom3 name is OH
protocols.motifs.Motif: Res1 name is ASN
protocols.motifs.Motif: atom1 name is COO
protocols.motifs.Motif: atom2 name is CH2
protocols.motifs.Motif: atom3 name is OH
core.pack.task: Packer task: initialize from command line() 
core.pack.task: Packer task: initialize from command line() 
core.pack.task: Packer task: initialize from command line() 
protocols.moves.MonteCarlo: MonteCarlo:: last_accepted_score,lowest_score: -1942.89 -1942.89
protocols.motifs.Motif: Res1 name is PHE
protocols.motifs.Motif: atom1 name is COO
protocols.motifs.Motif: atom2 name is CH2
protocols.motifs.Motif: atom3 name is OH
protocols.motifs.Motif: Res1 name is TYR
protocols.motifs.Motif: atom1 name is CH2
protocols.motifs.Motif: atom2 name is CH2
protocols.motifs.Motif: atom3 name is Ntrp
protocols.motifs.Motif: Res1 name is SER
protocols.motifs.Motif: atom1 name is CH2
protocols.motifs.Motif: atom2 name is CH2
protocols.motifs.Motif: atom3 name is Ntrp
protocols.motifs.Motif: Res1 name is LYS
protocols.motifs.Motif: atom1 name is CH2
protocols.motifs.Motif: atom2 name is CH2
protocols.motifs.Motif: atom3 name is OH
protocols.motifs.Motif: Res1 name is ASN
protocols.motifs.Motif: atom1 name is COO
protocols.motifs.Motif: atom2 name is CH2
protocols.motifs.Motif: atom3 name is OH
protocols.motifs.Motif: Res1 name is PHE
protocols.motifs.Motif: atom1 name is COO
protocols.motifs.Motif: atom2 name is CH2
protocols.motifs.Motif: atom3 name is OH
core.pack.task: Packer task: initialize from command line() 
core.pack.task: Packer task: initialize from command line() 
core.pack.task: Packer task: initialize from command line() 
protocols.moves.MonteCarlo: MonteCarlo:: last_accepted_score,lowest_score: -1942.57 -1942.57
protocols.motifs.Motif: Res1 name is ASP
protocols.motifs.Motif: atom1 name is COO
protocols.motifs.Motif: atom2 name is CH2
protocols.motifs.Motif: atom3 name is OH
protocols.motifs.Motif: Res1 name is PHE
protocols.motifs.Motif: atom1 name is CH2
protocols.motifs.Motif: atom2 name is CH2
protocols.motifs.Motif: atom3 name is Ntrp
protocols.motifs.Motif: Res1 name is TRP
protocols.motifs.Motif: atom1 name is CH2
protocols.motifs.Motif: atom2 name is CH2
protocols.motifs.Motif: atom3 name is OH
protocols.motifs.Motif: Res1 name is TYR
protocols.motifs.Motif: atom1 name is COO
protocols.motifs.Motif: atom2 name is CH2
protocols.motifs.Motif: atom3 name is OH
protocols.motifs.Motif: Res1 name is PHE
protocols.motifs.Motif: atom1 name is COO
protocols.motifs.Motif: atom2 name is CH2
protocols.motifs.Motif: atom3 name is OH
protocols.motifs.Motif: Res1 name is TYR
protocols.motifs.Motif: atom1 name is CH2
protocols.motifs.Motif: atom2 name is CH2
protocols.motifs.Motif: atom3 name is OH
protocols.motifs.Motif: Res1 name is GLU
protocols.motifs.Motif: atom1 name is CH2
protocols.motifs.Motif: atom2 name is CH2
protocols.motifs.Motif: atom3 name is OH
protocols.motifs.Motif: Res1 name is TRP
protocols.motifs.Motif: atom1 name is CH2
protocols.motifs.Motif: atom2 name is CH2
protocols.motifs.Motif: atom3 name is OH
protocols.motifs.Motif: Res1 name is ASN
protocols.motifs.Motif: atom1 name is COO
protocols.motifs.Motif: atom2 name is CH2
protocols.motifs.Motif: atom3 name is OH
core.pack.task: Packer task: initialize from command line() 
core.pack.task: Packer task: initialize from command line() 
core.pack.task: Packer task: initialize from command line() 
protocols.moves.MonteCarlo: MonteCarlo:: last_accepted_score,lowest_score: -1951.12 -1951.12
protocols.motifs.Motif: Res1 name is ASP
protocols.motifs.Motif: atom1 name is COO
protocols.motifs.Motif: atom2 name is CH2
protocols.motifs.Motif: atom3 name is OH
protocols.motifs.Motif: Res1 name is PHE
protocols.motifs.Motif: atom1 name is CH2
protocols.motifs.Motif: atom2 name is CH2
protocols.motifs.Motif: atom3 name is Ntrp
protocols.motifs.Motif: Res1 name is GLU
protocols.motifs.Motif: atom1 name is CH2
protocols.motifs.Motif: atom2 name is CH2
protocols.motifs.Motif: atom3 name is Ntrp
protocols.motifs.Motif: Res1 name is PHE
protocols.motifs.Motif: atom1 name is COO
protocols.motifs.Motif: atom2 name is CH2
protocols.motifs.Motif: atom3 name is OH
protocols.motifs.Motif: Res1 name is TYR
protocols.motifs.Motif: atom1 name is CH2
protocols.motifs.Motif: atom2 name is CH2
protocols.motifs.Motif: atom3 name is Ntrp
protocols.motifs.Motif: Res1 name is GLU
protocols.motifs.Motif: atom1 name is CH2
protocols.motifs.Motif: atom2 name is CH2
protocols.motifs.Motif: atom3 name is OH
protocols.motifs.Motif: Res1 name is TRP
protocols.motifs.Motif: atom1 name is CH2
protocols.motifs.Motif: atom2 name is CH2
protocols.motifs.Motif: atom3 name is OH
protocols.motifs.Motif: Res1 name is ASN
protocols.motifs.Motif: atom1 name is COO
protocols.motifs.Motif: atom2 name is CH2
protocols.motifs.Motif: atom3 name is OH
core.pack.task: Packer task: initialize from command line() 
core.pack.task: Packer task: initialize from command line() 
core.pack.task: Packer task: initialize from command line() 
protocols.moves.MonteCarlo: MonteCarlo:: last_accepted_score,lowest_score: -1950.55 -1950.82
protocols.motifs.Motif: Res1 name is TYR
protocols.motifs.Motif: atom1 name is COO
protocols.motifs.Motif: atom2 name is CH2
protocols.motifs.Motif: atom3 name is OH
protocols.motifs.Motif: Res1 name is GLN
protocols.motifs.Motif: atom1 name is CH2
protocols.motifs.Motif: atom2 name is CH2
protocols.motifs.Motif: atom3 name is Ntrp
protocols.motifs.Motif: Res1 name is TYR
protocols.motifs.Motif: atom1 name is CH2
protocols.motifs.Motif: atom2 name is CH2
protocols.motifs.Motif: atom3 name is OH
protocols.motifs.Motif: Res1 name is LEU
protocols.motifs.Motif: atom1 name is CH2
protocols.motifs.Motif: atom2 name is CH2
protocols.motifs.Motif: atom3 name is OH
protocols.motifs.Motif: Res1 name is PHE
protocols.motifs.Motif: atom1 name is COO
protocols.motifs.Motif: atom2 name is CH2
protocols.motifs.Motif: atom3 name is OH
core.pack.task: Packer task: initialize from command line() 
core.pack.task: Packer task: initialize from command line() 
core.pack.task: Packer task: initialize from command line() 
protocols.moves.MonteCarlo: MonteCarlo:: last_accepted_score,lowest_score: -1950.09 -1950.09
protocols.motifs.Motif: Res1 name is TYR
protocols.motifs.Motif: atom1 name is CH2
protocols.motifs.Motif: atom2 name is CH2
protocols.motifs.Motif: atom3 name is Ntrp
protocols.motifs.Motif: Res1 name is LYS
protocols.motifs.Motif: atom1 name is COO
protocols.motifs.Motif: atom2 name is CH2
protocols.motifs.Motif: atom3 name is OH
core.pack.task: Packer task: initialize from command line() 
core.pack.task: Packer task: initialize from command line() 
core.pack.task: Packer task: initialize from command line() 
protocols.moves.MonteCarlo: MonteCarlo:: last_accepted_score,lowest_score: -1949.3 -1950.43
protocols.motifs.Motif: Res1 name is GLU
protocols.motifs.Motif: atom1 name is COO
protocols.motifs.Motif: atom2 name is CH2
protocols.motifs.Motif: atom3 name is OH
protocols.motifs.Motif: Res1 name is TYR
protocols.motifs.Motif: atom1 name is CH2
protocols.motifs.Motif: atom2 name is CH2
protocols.motifs.Motif: atom3 name is Ntrp
protocols.motifs.Motif: Res1 name is GLN
protocols.motifs.Motif: atom1 name is COO
protocols.motifs.Motif: atom2 name is CH2
protocols.motifs.Motif: atom3 name is OH
protocols.motifs.Motif: Res1 name is TYR
protocols.motifs.Motif: atom1 name is COO
protocols.motifs.Motif: atom2 name is CH2
protocols.motifs.Motif: atom3 name is OH
protocols.motifs.Motif: Res1 name is LEU
protocols.motifs.Motif: atom1 name is COO
protocols.motifs.Motif: atom2 name is CH2
protocols.motifs.Motif: atom3 name is OH
core.pack.task: Packer task: initialize from command line() 
core.pack.task: Packer task: initialize from command line() 
core.pack.task: Packer task: initialize from command line() 
protocols.moves.MonteCarlo: MonteCarlo:: last_accepted_score,lowest_score: -1368.13 -1368.13
protocols.motifs.Motif: Res1 name is ASP
protocols.motifs.Motif: atom1 name is COO
protocols.motifs.Motif: atom2 name is CH2
protocols.motifs.Motif: atom3 name is OH
protocols.motifs.Motif: Res1 name is PHE
protocols.motifs.Motif: atom1 name is COO
protocols.motifs.Motif: atom2 name is CH2
protocols.motifs.Motif: atom3 name is OH
protocols.motifs.Motif: Res1 name is TRP
protocols.motifs.Motif: atom1 name is CH2
protocols.motifs.Motif: atom2 name is CH2
protocols.motifs.Motif: atom3 name is OH
protocols.motifs.Motif: Res1 name is PHE
protocols.motifs.Motif: atom1 name is COO
protocols.motifs.Motif: atom2 name is CH2
protocols.motifs.Motif: atom3 name is OH
protocols.motifs.Motif: Res1 name is TYR
protocols.motifs.Motif: atom1 name is CH2
protocols.motifs.Motif: atom2 name is CH2
protocols.motifs.Motif: atom3 name is Ntrp
protocols.motifs.Motif: Res1 name is GLU
protocols.motifs.Motif: atom1 name is CH2
protocols.motifs.Motif: atom2 name is CH2
protocols.motifs.Motif: atom3 name is OH
protocols.motifs.Motif: Res1 name is TRP
protocols.motifs.Motif: atom1 name is COO
protocols.motifs.Motif: atom2 name is CH2
protocols.motifs.Motif: atom3 name is OH
protocols.motifs.Motif: Res1 name is ASN
protocols.motifs.Motif: atom1 name is COO
protocols.motifs.Motif: atom2 name is CH2
protocols.motifs.Motif: atom3 name is OH
core.pack.task: Packer task: initialize from command line() 
core.pack.task: Packer task: initialize from command line() 
core.pack.task: Packer task: initialize from command line() 
protocols.moves.MonteCarlo: MonteCarlo:: last_accepted_score,lowest_score: -1956.9 -1957.43
protocols.motifs.Motif: Res1 name is ASP
protocols.motifs.Motif: atom1 name is COO
protocols.motifs.Motif: atom2 name is CH2
protocols.motifs.Motif: atom3 name is OH
protocols.motifs.Motif: Res1 name is TRP
protocols.motifs.Motif: atom1 name is COO
protocols.motifs.Motif: atom2 name is CH2
protocols.motifs.Motif: atom3 name is OH
protocols.motifs.Motif: Res1 name is ASN
protocols.motifs.Motif: atom1 name is COO
protocols.motifs.Motif: atom2 name is CH2
protocols.motifs.Motif: atom3 name is OH
protocols.motifs.Motif: Res1 name is GLU
protocols.motifs.Motif: atom1 name is COO
protocols.motifs.Motif: atom2 name is CH2
protocols.motifs.Motif: atom3 name is OH
protocols.motifs.Motif: Res1 name is TYR
protocols.motifs.Motif: atom1 name is CH2
protocols.motifs.Motif: atom2 name is CH2
protocols.motifs.Motif: atom3 name is OH
protocols.motifs.Motif: Res1 name is PHE
protocols.motifs.Motif: atom1 name is CH2
protocols.motifs.Motif: atom2 name is CH2
protocols.motifs.Motif: atom3 name is Ntrp
protocols.motifs.Motif: Res1 name is TYR
protocols.motifs.Motif: atom1 name is CH2
protocols.motifs.Motif: atom2 name is CH2
protocols.motifs.Motif: atom3 name is Ntrp
protocols.motifs.Motif: Res1 name is GLU
protocols.motifs.Motif: atom1 name is COO
protocols.motifs.Motif: atom2 name is CH2
protocols.motifs.Motif: atom3 name is OH
core.pack.task: Packer task: initialize from command line() 
core.pack.task: Packer task: initialize from command line() 
core.pack.task: Packer task: initialize from command line() 
protocols.moves.MonteCarlo: MonteCarlo:: last_accepted_score,lowest_score: -1941.18 -1941.18
protocols.motifs.Motif: Res1 name is GLU
protocols.motifs.Motif: atom1 name is COO
protocols.motifs.Motif: atom2 name is CH2
protocols.motifs.Motif: atom3 name is OH
protocols.motifs.Motif: Res1 name is TYR
protocols.motifs.Motif: atom1 name is COO
protocols.motifs.Motif: atom2 name is CH2
protocols.motifs.Motif: atom3 name is OH
protocols.motifs.Motif: Res1 name is PHE
protocols.motifs.Motif: atom1 name is COO
protocols.motifs.Motif: atom2 name is CH2
protocols.motifs.Motif: atom3 name is OH
protocols.motifs.Motif: Res1 name is TYR
protocols.motifs.Motif: atom1 name is CH2
protocols.motifs.Motif: atom2 name is CH2
protocols.motifs.Motif: atom3 name is Ntrp
protocols.motifs.Motif: Res1 name is SER
protocols.motifs.Motif: atom1 name is CH2
protocols.motifs.Motif: atom2 name is CH2
protocols.motifs.Motif: atom3 name is Ntrp
protocols.motifs.Motif: Res1 name is LYS
protocols.motifs.Motif: atom1 name is CH2
protocols.motifs.Motif: atom2 name is CH2
protocols.motifs.Motif: atom3 name is OH
core.pack.task: Packer task: initialize from command line() 
core.pack.task: Packer task: initialize from command line() 
core.pack.task: Packer task: initialize from command line() 
protocols.moves.MonteCarlo: MonteCarlo:: last_accepted_score,lowest_score: -1944.78 -1944.78
protocols.motifs.Motif: Res1 name is TYR
protocols.motifs.Motif: atom1 name is COO
protocols.motifs.Motif: atom2 name is CH2
protocols.motifs.Motif: atom3 name is OH
protocols.motifs.Motif: Res1 name is PHE
protocols.motifs.Motif: atom1 name is CH2
protocols.motifs.Motif: atom2 name is CH2
protocols.motifs.Motif: atom3 name is Ntrp
protocols.motifs.Motif: Res1 name is TYR
protocols.motifs.Motif: atom1 name is CH2
protocols.motifs.Motif: atom2 name is CH2
protocols.motifs.Motif: atom3 name is OH
protocols.motifs.Motif: Res1 name is SER
protocols.motifs.Motif: atom1 name is CH2
protocols.motifs.Motif: atom2 name is CH2
protocols.motifs.Motif: atom3 name is Ntrp
protocols.motifs.Motif: Res1 name is LYS
protocols.motifs.Motif: atom1 name is CH2
protocols.motifs.Motif: atom2 name is CH2
protocols.motifs.Motif: atom3 name is OH
protocols.motifs.Motif: Res1 name is PHE
protocols.motifs.Motif: atom1 name is COO
protocols.motifs.Motif: atom2 name is CH2
protocols.motifs.Motif: atom3 name is OH
core.pack.task: Packer task: initialize from command line() 
core.pack.task: Packer task: initialize from command line() 
core.pack.task: Packer task: initialize from command line() 
protocols.moves.MonteCarlo: MonteCarlo:: last_accepted_score,lowest_score: -1956.04 -1956.04
protocols.motifs.Motif: Res1 name is ASP
protocols.motifs.Motif: atom1 name is COO
protocols.motifs.Motif: atom2 name is CH2
protocols.motifs.Motif: atom3 name is OH
protocols.motifs.Motif: Res1 name is TRP
protocols.motifs.Motif: atom1 name is COO
protocols.motifs.Motif: atom2 name is CH2
protocols.motifs.Motif: atom3 name is OH
protocols.motifs.Motif: Res1 name is GLU
protocols.motifs.Motif: atom1 name is CH2
protocols.motifs.Motif: atom2 name is CH2
protocols.motifs.Motif: atom3 name is OH
protocols.motifs.Motif: Res1 name is PHE
protocols.motifs.Motif: atom1 name is COO
protocols.motifs.Motif: atom2 name is CH2
protocols.motifs.Motif: atom3 name is OH
protocols.motifs.Motif: Res1 name is TYR
protocols.motifs.Motif: atom1 name is CH2
protocols.motifs.Motif: atom2 name is CH2
protocols.motifs.Motif: atom3 name is Ntrp
protocols.motifs.Motif: Res1 name is GLU
protocols.motifs.Motif: atom1 name is COO
protocols.motifs.Motif: atom2 name is CH2
protocols.motifs.Motif: atom3 name is OH
protocols.motifs.Motif: Res1 name is TRP
protocols.motifs.Motif: atom1 name is COO
protocols.motifs.Motif: atom2 name is CH2
protocols.motifs.Motif: atom3 name is OH
protocols.motifs.Motif: Res1 name is ASN
protocols.motifs.Motif: atom1 name is CH2
protocols.motifs.Motif: atom2 name is CH2
protocols.motifs.Motif: atom3 name is OH
core.pack.task: Packer task: initialize from command line() 
core.pack.task: Packer task: initialize from command line() 
core.pack.task: Packer task: initialize from command line() 
protocols.moves.MonteCarlo: MonteCarlo:: last_accepted_score,lowest_score: -1951.1 -1951.1
protocols.motifs.Motif: Res1 name is TYR
protocols.motifs.Motif: atom1 name is COO
protocols.motifs.Motif: atom2 name is CH2
protocols.motifs.Motif: atom3 name is OH
protocols.motifs.Motif: Res1 name is PHE
protocols.motifs.Motif: atom1 name is COO
protocols.motifs.Motif: atom2 name is CH2
protocols.motifs.Motif: atom3 name is OH
protocols.motifs.Motif: Res1 name is TYR
protocols.motifs.Motif: atom1 name is CH2
protocols.motifs.Motif: atom2 name is CH2
protocols.motifs.Motif: atom3 name is OH
protocols.motifs.Motif: Res1 name is SER
protocols.motifs.Motif: atom1 name is CH2
protocols.motifs.Motif: atom2 name is CH2
protocols.motifs.Motif: atom3 name is OH
protocols.motifs.Motif: Res1 name is LYS
protocols.motifs.Motif: atom1 name is CH2
protocols.motifs.Motif: atom2 name is CH2
protocols.motifs.Motif: atom3 name is Ntrp
protocols.motifs.Motif: Res1 name is PHE
protocols.motifs.Motif: atom1 name is COO
protocols.motifs.Motif: atom2 name is CH2
protocols.motifs.Motif: atom3 name is OH
core.pack.task: Packer task: initialize from command line() 
core.pack.task: Packer task: initialize from command line() 
core.pack.task: Packer task: initialize from command line() 
protocols.moves.MonteCarlo: MonteCarlo:: last_accepted_score,lowest_score: -1951.14 -1951.39
protocols.motifs.Motif: Res1 name is GLU
protocols.motifs.Motif: atom1 name is CH2
protocols.motifs.Motif: atom2 name is CH2
protocols.motifs.Motif: atom3 name is OH
protocols.motifs.Motif: Res1 name is TYR
protocols.motifs.Motif: atom1 name is CH2
protocols.motifs.Motif: atom2 name is CH2
protocols.motifs.Motif: atom3 name is OH
protocols.motifs.Motif: Res1 name is PHE
protocols.motifs.Motif: atom1 name is COO
protocols.motifs.Motif: atom2 name is CH2
protocols.motifs.Motif: atom3 name is OH
protocols.motifs.Motif: Res1 name is TYR
protocols.motifs.Motif: atom1 name is COO
protocols.motifs.Motif: atom2 name is CH2
protocols.motifs.Motif: atom3 name is OH
core.pack.task: Packer task: initialize from command line() 
core.pack.task: Packer task: initialize from command line() 
core.pack.task: Packer task: initialize from command line() 
protocols.moves.MonteCarlo: MonteCarlo:: last_accepted_score,lowest_score: -1957.02 -1957.02
protocols.motifs.Motif: Res1 name is GLU
protocols.motifs.Motif: atom1 name is COO
protocols.motifs.Motif: atom2 name is CH2
protocols.motifs.Motif: atom3 name is OH
protocols.motifs.Motif: Res1 name is TYR
protocols.motifs.Motif: atom1 name is COO
protocols.motifs.Motif: atom2 name is CH2
protocols.motifs.Motif: atom3 name is OH
protocols.motifs.Motif: Res1 name is PHE
protocols.motifs.Motif: atom1 name is CH2
protocols.motifs.Motif: atom2 name is CH2
protocols.motifs.Motif: atom3 name is OH
protocols.motifs.Motif: Res1 name is TYR
protocols.motifs.Motif: atom1 name is COO
protocols.motifs.Motif: atom2 name is CH2
protocols.motifs.Motif: atom3 name is OH
protocols.motifs.Motif: Res1 name is SER
protocols.motifs.Motif: atom1 name is CH2
protocols.motifs.Motif: atom2 name is CH2
protocols.motifs.Motif: atom3 name is OH
core.pack.task: Packer task: initialize from command line() 
core.pack.task: Packer task: initialize from command line() 
core.pack.task: Packer task: initialize from command line() 
protocols.moves.MonteCarlo: MonteCarlo:: last_accepted_score,lowest_score: -1950.15 -1950.15
protocols.motifs.Motif: Res1 name is GLU
protocols.motifs.Motif: atom1 name is CH2
protocols.motifs.Motif: atom2 name is CH2
protocols.motifs.Motif: atom3 name is OH
protocols.motifs.Motif: Res1 name is PHE
protocols.motifs.Motif: atom1 name is CH2
protocols.motifs.Motif: atom2 name is CH2
protocols.motifs.Motif: atom3 name is Ntrp
protocols.motifs.Motif: Res1 name is TYR
protocols.motifs.Motif: atom1 name is CH2
protocols.motifs.Motif: atom2 name is CH2
protocols.motifs.Motif: atom3 name is Ntrp
protocols.motifs.Motif: Res1 name is SER
protocols.motifs.Motif: atom1 name is COO
protocols.motifs.Motif: atom2 name is CH2
protocols.motifs.Motif: atom3 name is OH
protocols.motifs.Motif: Res1 name is ASN
protocols.motifs.Motif: atom1 name is CH2
protocols.motifs.Motif: atom2 name is CH2
protocols.motifs.Motif: atom3 name is OH
protocols.motifs.Motif: Res1 name is PHE
protocols.motifs.Motif: atom1 name is COO
protocols.motifs.Motif: atom2 name is CH2
protocols.motifs.Motif: atom3 name is OH
core.pack.task: Packer task: initialize from command line() 
core.pack.task: Packer task: initialize from command line() 
core.pack.task: Packer task: initialize from command line() 
protocols.moves.MonteCarlo: MonteCarlo:: last_accepted_score,lowest_score: -1642.55 -1642.55
protocols.motifs.Motif: Res1 name is ASP
protocols.motifs.Motif: atom1 name is COO
protocols.motifs.Motif: atom2 name is CH2
protocols.motifs.Motif: atom3 name is OH
protocols.motifs.Motif: Res1 name is PHE
protocols.motifs.Motif: atom1 name is COO
protocols.motifs.Motif: atom2 name is CH2
protocols.motifs.Motif: atom3 name is OH
protocols.motifs.Motif: Res1 name is TRP
protocols.motifs.Motif: atom1 name is COO
protocols.motifs.Motif: atom2 name is CH2
protocols.motifs.Motif: atom3 name is OH
protocols.motifs.Motif: Res1 name is GLU
protocols.motifs.Motif: atom1 name is CH2
protocols.motifs.Motif: atom2 name is CH2
protocols.motifs.Motif: atom3 name is OH
protocols.motifs.Motif: Res1 name is PHE
protocols.motifs.Motif: atom1 name is COO
protocols.motifs.Motif: atom2 name is CH2
protocols.motifs.Motif: atom3 name is OH
protocols.motifs.Motif: Res1 name is TYR
protocols.motifs.Motif: atom1 name is CH2
protocols.motifs.Motif: atom2 name is CH2
protocols.motifs.Motif: atom3 name is Ntrp
protocols.motifs.Motif: Res1 name is GLU
protocols.motifs.Motif: atom1 name is CH2
protocols.motifs.Motif: atom2 name is CH2
protocols.motifs.Motif: atom3 name is Ntrp
protocols.motifs.Motif: Res1 name is TRP
protocols.motifs.Motif: atom1 name is COO
protocols.motifs.Motif: atom2 name is CH2
protocols.motifs.Motif: atom3 name is OH
protocols.motifs.Motif: Res1 name is ASN
protocols.motifs.Motif: atom1 name is COO
protocols.motifs.Motif: atom2 name is CH2
protocols.motifs.Motif: atom3 name is OH
core.pack.task: Packer task: initialize from command line() 
core.pack.task: Packer task: initialize from command line() 
core.pack.task: Packer task: initialize from command line() 
protocols.moves.MonteCarlo: MonteCarlo:: last_accepted_score,lowest_score: -1950.99 -1951.52
protocols.motifs.Motif: Res1 name is TYR
protocols.motifs.Motif: atom1 name is COO
protocols.motifs.Motif: atom2 name is CH2
protocols.motifs.Motif: atom3 name is OH
protocols.motifs.Motif: Res1 name is PHE
protocols.motifs.Motif: atom1 name is COO
protocols.motifs.Motif: atom2 name is CH2
protocols.motifs.Motif: atom3 name is OH
protocols.motifs.Motif: Res1 name is TYR
protocols.motifs.Motif: atom1 name is CH2
protocols.motifs.Motif: atom2 name is CH2
protocols.motifs.Motif: atom3 name is OH
protocols.motifs.Motif: Res1 name is LYS
protocols.motifs.Motif: atom1 name is CH2
protocols.motifs.Motif: atom2 name is CH2
protocols.motifs.Motif: atom3 name is Ntrp
protocols.motifs.Motif: Res1 name is PHE
protocols.motifs.Motif: atom1 name is COO
protocols.motifs.Motif: atom2 name is CH2
protocols.motifs.Motif: atom3 name is OH
core.pack.task: Packer task: initialize from command line() 
core.pack.task: Packer task: initialize from command line() 
core.pack.task: Packer task: initialize from command line() 
protocols.moves.MonteCarlo: MonteCarlo:: last_accepted_score,lowest_score: -1950.6 -1951.53
protocols.motifs.Motif: Res1 name is TYR
protocols.motifs.Motif: atom1 name is COO
protocols.motifs.Motif: atom2 name is CH2
protocols.motifs.Motif: atom3 name is OH
protocols.motifs.Motif: Res1 name is PHE
protocols.motifs.Motif: atom1 name is COO
protocols.motifs.Motif: atom2 name is CH2
protocols.motifs.Motif: atom3 name is OH
protocols.motifs.Motif: Res1 name is TYR
protocols.motifs.Motif: atom1 name is CH2
protocols.motifs.Motif: atom2 name is CH2
protocols.motifs.Motif: atom3 name is OH
protocols.motifs.Motif: Res1 name is LEU
protocols.motifs.Motif: atom1 name is CH2
protocols.motifs.Motif: atom2 name is CH2
protocols.motifs.Motif: atom3 name is OH
core.pack.task: Packer task: initialize from command line() 
core.pack.task: Packer task: initialize from command line() 
core.pack.task: Packer task: initialize from command line() 
protocols.moves.MonteCarlo: MonteCarlo:: last_accepted_score,lowest_score: -1948.81 -1948.81
protocols.motifs.Motif: Res1 name is TYR
protocols.motifs.Motif: atom1 name is COO
protocols.motifs.Motif: atom2 name is CH2
protocols.motifs.Motif: atom3 name is OH
protocols.motifs.Motif: Res1 name is TYR
protocols.motifs.Motif: atom1 name is CH2
protocols.motifs.Motif: atom2 name is CH2
protocols.motifs.Motif: atom3 name is OH
protocols.motifs.Motif: Res1 name is LYS
protocols.motifs.Motif: atom1 name is CH2
protocols.motifs.Motif: atom2 name is CH2
protocols.motifs.Motif: atom3 name is OH
protocols.motifs.Motif: Res1 name is PHE
protocols.motifs.Motif: atom1 name is COO
protocols.motifs.Motif: atom2 name is CH2
protocols.motifs.Motif: atom3 name is OH
core.pack.task: Packer task: initialize from command line() 
core.pack.task: Packer task: initialize from command line() 
core.pack.task: Packer task: initialize from command line() 
protocols.moves.MonteCarlo: MonteCarlo:: last_accepted_score,lowest_score: -1951.65 -1951.65
protocols.motifs.Motif: Res1 name is TYR
protocols.motifs.Motif: atom1 name is CH2
protocols.motifs.Motif: atom2 name is CH2
protocols.motifs.Motif: atom3 name is Ntrp
protocols.motifs.Motif: Res1 name is PHE
protocols.motifs.Motif: atom1 name is CH2
protocols.motifs.Motif: atom2 name is CH2
protocols.motifs.Motif: atom3 name is OH
protocols.motifs.Motif: Res1 name is TYR
protocols.motifs.Motif: atom1 name is CH2
protocols.motifs.Motif: atom2 name is CH2
protocols.motifs.Motif: atom3 name is Ntrp
protocols.motifs.Motif: Res1 name is LYS
protocols.motifs.Motif: atom1 name is COO
protocols.motifs.Motif: atom2 name is CH2
protocols.motifs.Motif: atom3 name is OH
protocols.motifs.Motif: Res1 name is PHE
protocols.motifs.Motif: atom1 name is CH2
protocols.motifs.Motif: atom2 name is CH2
protocols.motifs.Motif: atom3 name is OH
core.pack.task: Packer task: initialize from command line() 
core.pack.task: Packer task: initialize from command line() 
core.pack.task: Packer task: initialize from command line() 
protocols.moves.MonteCarlo: MonteCarlo:: last_accepted_score,lowest_score: -1948.28 -1948.28
protocols.motifs.Motif: Res1 name is GLU
protocols.motifs.Motif: atom1 name is CH2
protocols.motifs.Motif: atom2 name is CH2
protocols.motifs.Motif: atom3 name is OH
protocols.motifs.Motif: Res1 name is TYR
protocols.motifs.Motif: atom1 name is CH2
protocols.motifs.Motif: atom2 name is CH2
protocols.motifs.Motif: atom3 name is OH
protocols.motifs.Motif: Res1 name is GLN
protocols.motifs.Motif: atom1 name is COO
protocols.motifs.Motif: atom2 name is CH2
protocols.motifs.Motif: atom3 name is OH
protocols.motifs.Motif: Res1 name is TYR
protocols.motifs.Motif: atom1 name is COO
protocols.motifs.Motif: atom2 name is CH2
protocols.motifs.Motif: atom3 name is OH
protocols.motifs.Motif: Res1 name is LEU
protocols.motifs.Motif: atom1 name is COO
protocols.motifs.Motif: atom2 name is CH2
protocols.motifs.Motif: atom3 name is OH
core.pack.task: Packer task: initialize from command line() 
core.pack.task: Packer task: initialize from command line() 
core.pack.task: Packer task: initialize from command line() 
protocols.moves.MonteCarlo: MonteCarlo:: last_accepted_score,lowest_score: -1952.82 -1952.82
protocols.motifs.Motif: Res1 name is ASP
protocols.motifs.Motif: atom1 name is CH2
protocols.motifs.Motif: atom2 name is CH2
protocols.motifs.Motif: atom3 name is Ntrp
protocols.motifs.Motif: Res1 name is TRP
protocols.motifs.Motif: atom1 name is CH2
protocols.motifs.Motif: atom2 name is CH2
protocols.motifs.Motif: atom3 name is OH
protocols.motifs.Motif: Res1 name is ASN
protocols.motifs.Motif: atom1 name is COO
protocols.motifs.Motif: atom2 name is CH2
protocols.motifs.Motif: atom3 name is OH
protocols.motifs.Motif: Res1 name is GLU
protocols.motifs.Motif: atom1 name is COO
protocols.motifs.Motif: atom2 name is CH2
protocols.motifs.Motif: atom3 name is OH
protocols.motifs.Motif: Res1 name is TYR
protocols.motifs.Motif: atom1 name is CH2
protocols.motifs.Motif: atom2 name is CH2
protocols.motifs.Motif: atom3 name is Ntrp
protocols.motifs.Motif: Res1 name is PHE
protocols.motifs.Motif: atom1 name is CH2
protocols.motifs.Motif: atom2 name is CH2
protocols.motifs.Motif: atom3 name is Ntrp
protocols.motifs.Motif: Res1 name is TYR
protocols.motifs.Motif: atom1 name is COO
protocols.motifs.Motif: atom2 name is CH2
protocols.motifs.Motif: atom3 name is OH
protocols.motifs.Motif: Res1 name is GLU
protocols.motifs.Motif: atom1 name is COO
protocols.motifs.Motif: atom2 name is CH2
protocols.motifs.Motif: atom3 name is OH
protocols.motifs.Motif: Res1 name is TRP
protocols.motifs.Motif: atom1 name is COO
protocols.motifs.Motif: atom2 name is CH2
protocols.motifs.Motif: atom3 name is OH
protocols.motifs.Motif: Res1 name is ASN
protocols.motifs.Motif: atom1 name is CH2
protocols.motifs.Motif: atom2 name is CH2
protocols.motifs.Motif: atom3 name is OH
core.pack.task: Packer task: initialize from command line() 
core.pack.task: Packer task: initialize from command line() 
core.pack.task: Packer task: initialize from command line() 
protocols.moves.MonteCarlo: MonteCarlo:: last_accepted_score,lowest_score: -1951.82 -1951.89
protocols.motifs.Motif: Res1 name is GLU
protocols.motifs.Motif: atom1 name is COO
protocols.motifs.Motif: atom2 name is CH2
protocols.motifs.Motif: atom3 name is OH
protocols.motifs.Motif: Res1 name is TYR
protocols.motifs.Motif: atom1 name is COO
protocols.motifs.Motif: atom2 name is CH2
protocols.motifs.Motif: atom3 name is OH
protocols.motifs.Motif: Res1 name is PHE
protocols.motifs.Motif: atom1 name is CH2
protocols.motifs.Motif: atom2 name is CH2
protocols.motifs.Motif: atom3 name is OH
protocols.motifs.Motif: Res1 name is TYR
protocols.motifs.Motif: atom1 name is COO
protocols.motifs.Motif: atom2 name is CH2
protocols.motifs.Motif: atom3 name is OH
protocols.motifs.Motif: Res1 name is SER
protocols.motifs.Motif: atom1 name is CH2
protocols.motifs.Motif: atom2 name is CH2
protocols.motifs.Motif: atom3 name is OH
protocols.motifs.Motif: Res1 name is LYS
protocols.motifs.Motif: atom1 name is CH2
protocols.motifs.Motif: atom2 name is CH2
protocols.motifs.Motif: atom3 name is OH
protocols.motifs.Motif: Res1 name is ASN
protocols.motifs.Motif: atom1 name is CH2
protocols.motifs.Motif: atom2 name is CH2
protocols.motifs.Motif: atom3 name is OH
core.pack.task: Packer task: initialize from command line() 
core.pack.task: Packer task: initialize from command line() 
core.pack.task: Packer task: initialize from command line() 
protocols.moves.MonteCarlo: MonteCarlo:: last_accepted_score,lowest_score: -1954.4 -1954.4
protocols.motifs.Motif: Res1 name is ASP
protocols.motifs.Motif: atom1 name is COO
protocols.motifs.Motif: atom2 name is CH2
protocols.motifs.Motif: atom3 name is OH
protocols.motifs.Motif: Res1 name is TRP
protocols.motifs.Motif: atom1 name is CH2
protocols.motifs.Motif: atom2 name is CH2
protocols.motifs.Motif: atom3 name is OH
protocols.motifs.Motif: Res1 name is ASN
protocols.motifs.Motif: atom1 name is CH2
protocols.motifs.Motif: atom2 name is CH2
protocols.motifs.Motif: atom3 name is OH
protocols.motifs.Motif: Res1 name is GLU
protocols.motifs.Motif: atom1 name is CH2
protocols.motifs.Motif: atom2 name is CH2
protocols.motifs.Motif: atom3 name is Ntrp
protocols.motifs.Motif: Res1 name is TYR
protocols.motifs.Motif: atom1 name is CH2
protocols.motifs.Motif: atom2 name is CH2
protocols.motifs.Motif: atom3 name is Ntrp
protocols.motifs.Motif: Res1 name is PHE
protocols.motifs.Motif: atom1 name is CH2
protocols.motifs.Motif: atom2 name is CH2
protocols.motifs.Motif: atom3 name is OH
protocols.motifs.Motif: Res1 name is TYR
protocols.motifs.Motif: atom1 name is COO
protocols.motifs.Motif: atom2 name is CH2
protocols.motifs.Motif: atom3 name is OH
protocols.motifs.Motif: Res1 name is GLU
protocols.motifs.Motif: atom1 name is COO
protocols.motifs.Motif: atom2 name is CH2
protocols.motifs.Motif: atom3 name is OH
protocols.motifs.Motif: Res1 name is TRP
protocols.motifs.Motif: atom1 name is COO
protocols.motifs.Motif: atom2 name is CH2
protocols.motifs.Motif: atom3 name is OH
core.pack.task: Packer task: initialize from command line() 
core.pack.task: Packer task: initialize from command line() 
core.pack.task: Packer task: initialize from command line() 
protocols.moves.MonteCarlo: MonteCarlo:: last_accepted_score,lowest_score: -1950.8 -1950.8
protocols.motifs.Motif: Res1 name is GLU
protocols.motifs.Motif: atom1 name is COO
protocols.motifs.Motif: atom2 name is CH2
protocols.motifs.Motif: atom3 name is OH
protocols.motifs.Motif: Res1 name is TYR
protocols.motifs.Motif: atom1 name is COO
protocols.motifs.Motif: atom2 name is CH2
protocols.motifs.Motif: atom3 name is OH
protocols.motifs.Motif: Res1 name is TYR
protocols.motifs.Motif: atom1 name is COO
protocols.motifs.Motif: atom2 name is CH2
protocols.motifs.Motif: atom3 name is OH
protocols.motifs.Motif: Res1 name is SER
protocols.motifs.Motif: atom1 name is CH2
protocols.motifs.Motif: atom2 name is CH2
protocols.motifs.Motif: atom3 name is Ntrp
core.pack.task: Packer task: initialize from command line() 
core.pack.task: Packer task: initialize from command line() 
core.pack.task: Packer task: initialize from command line() 
protocols.moves.MonteCarlo: MonteCarlo:: last_accepted_score,lowest_score: -1940.3 -1940.3
protocols.motifs.Motif: Res1 name is PHE
protocols.motifs.Motif: atom1 name is COO
protocols.motifs.Motif: atom2 name is CH2
protocols.motifs.Motif: atom3 name is OH
protocols.motifs.Motif: Res1 name is TYR
protocols.motifs.Motif: atom1 name is CH2
protocols.motifs.Motif: atom2 name is CH2
protocols.motifs.Motif: atom3 name is Ntrp
protocols.motifs.Motif: Res1 name is SER
protocols.motifs.Motif: atom1 name is CH2
protocols.motifs.Motif: atom2 name is CH2
protocols.motifs.Motif: atom3 name is Ntrp
protocols.motifs.Motif: Res1 name is LYS
protocols.motifs.Motif: atom1 name is CH2
protocols.motifs.Motif: atom2 name is CH2
protocols.motifs.Motif: atom3 name is OH
protocols.motifs.Motif: Res1 name is ASN
protocols.motifs.Motif: atom1 name is COO
protocols.motifs.Motif: atom2 name is CH2
protocols.motifs.Motif: atom3 name is OH
protocols.motifs.Motif: Res1 name is PHE
protocols.motifs.Motif: atom1 name is COO
protocols.motifs.Motif: atom2 name is CH2
protocols.motifs.Motif: atom3 name is OH
core.pack.task: Packer task: initialize from command line() 
core.pack.task: Packer task: initialize from command line() 
core.pack.task: Packer task: initialize from command line() 
protocols.moves.MonteCarlo: MonteCarlo:: last_accepted_score,lowest_score: -1950.73 -1950.73
protocols.motifs.Motif: Res1 name is ASP
protocols.motifs.Motif: atom1 name is COO
protocols.motifs.Motif: atom2 name is CH2
protocols.motifs.Motif: atom3 name is OH
protocols.motifs.Motif: Res1 name is TRP
protocols.motifs.Motif: atom1 name is COO
protocols.motifs.Motif: atom2 name is CH2
protocols.motifs.Motif: atom3 name is OH
protocols.motifs.Motif: Res1 name is ASN
protocols.motifs.Motif: atom1 name is COO
protocols.motifs.Motif: atom2 name is CH2
protocols.motifs.Motif: atom3 name is OH
protocols.motifs.Motif: Res1 name is GLU
protocols.motifs.Motif: atom1 name is COO
protocols.motifs.Motif: atom2 name is CH2
protocols.motifs.Motif: atom3 name is OH
protocols.motifs.Motif: Res1 name is TYR
protocols.motifs.Motif: atom1 name is COO
protocols.motifs.Motif: atom2 name is CH2
protocols.motifs.Motif: atom3 name is OH
protocols.motifs.Motif: Res1 name is PHE
protocols.motifs.Motif: atom1 name is COO
protocols.motifs.Motif: atom2 name is CH2
protocols.motifs.Motif: atom3 name is OH
protocols.motifs.Motif: Res1 name is TYR
protocols.motifs.Motif: atom1 name is CH2
protocols.motifs.Motif: atom2 name is CH2
protocols.motifs.Motif: atom3 name is Ntrp
protocols.motifs.Motif: Res1 name is GLU
protocols.motifs.Motif: atom1 name is CH2
protocols.motifs.Motif: atom2 name is CH2
protocols.motifs.Motif: atom3 name is Ntrp
protocols.motifs.Motif: Res1 name is TRP
protocols.motifs.Motif: atom1 name is CH2
protocols.motifs.Motif: atom2 name is CH2
protocols.motifs.Motif: atom3 name is OH
protocols.motifs.Motif: Res1 name is ASN
protocols.motifs.Motif: atom1 name is CH2
protocols.motifs.Motif: atom2 name is CH2
protocols.motifs.Motif: atom3 name is Ntrp
core.pack.task: Packer task: initialize from command line() 
core.pack.task: Packer task: initialize from command line() 
core.pack.task: Packer task: initialize from command line() 
protocols.moves.MonteCarlo: MonteCarlo:: last_accepted_score,lowest_score: -1949.93 -1949.93
protocols.motifs.Motif: Res1 name is ASN
protocols.motifs.Motif: atom1 name is CH2
protocols.motifs.Motif: atom2 name is CH2
protocols.motifs.Motif: atom3 name is OH
protocols.motifs.Motif: Res1 name is GLU
protocols.motifs.Motif: atom1 name is COO
protocols.motifs.Motif: atom2 name is CH2
protocols.motifs.Motif: atom3 name is OH
protocols.motifs.Motif: Res1 name is TYR
protocols.motifs.Motif: atom1 name is COO
protocols.motifs.Motif: atom2 name is CH2
protocols.motifs.Motif: atom3 name is OH
protocols.motifs.Motif: Res1 name is PHE
protocols.motifs.Motif: atom1 name is COO
protocols.motifs.Motif: atom2 name is CH2
protocols.motifs.Motif: atom3 name is OH
protocols.motifs.Motif: Res1 name is TYR
protocols.motifs.Motif: atom1 name is COO
protocols.motifs.Motif: atom2 name is CH2
protocols.motifs.Motif: atom3 name is OH
protocols.motifs.Motif: Res1 name is GLU
protocols.motifs.Motif: atom1 name is CH2
protocols.motifs.Motif: atom2 name is CH2
protocols.motifs.Motif: atom3 name is Ntrp
protocols.motifs.Motif: Res1 name is SER
protocols.motifs.Motif: atom1 name is CH2
protocols.motifs.Motif: atom2 name is CH2
protocols.motifs.Motif: atom3 name is OH
protocols.motifs.Motif: Res1 name is ASN
protocols.motifs.Motif: atom1 name is CH2
protocols.motifs.Motif: atom2 name is CH2
protocols.motifs.Motif: atom3 name is Ntrp
core.pack.task: Packer task: initialize from command line() 
core.pack.task: Packer task: initialize from command line() 
core.pack.task: Packer task: initialize from command line() 
protocols.moves.MonteCarlo: MonteCarlo:: last_accepted_score,lowest_score: -1957.4 -1958.2
protocols.motifs.Motif: Res1 name is ASP
protocols.motifs.Motif: atom1 name is COO
protocols.motifs.Motif: atom2 name is CH2
protocols.motifs.Motif: atom3 name is OH
protocols.motifs.Motif: Res1 name is TRP
protocols.motifs.Motif: atom1 name is COO
protocols.motifs.Motif: atom2 name is CH2
protocols.motifs.Motif: atom3 name is OH
protocols.motifs.Motif: Res1 name is ASN
protocols.motifs.Motif: atom1 name is COO
protocols.motifs.Motif: atom2 name is CH2
protocols.motifs.Motif: atom3 name is OH
protocols.motifs.Motif: Res1 name is GLU
protocols.motifs.Motif: atom1 name is COO
protocols.motifs.Motif: atom2 name is CH2
protocols.motifs.Motif: atom3 name is OH
protocols.motifs.Motif: Res1 name is TYR
protocols.motifs.Motif: atom1 name is COO
protocols.motifs.Motif: atom2 name is CH2
protocols.motifs.Motif: atom3 name is OH
protocols.motifs.Motif: Res1 name is PHE
protocols.motifs.Motif: atom1 name is CH2
protocols.motifs.Motif: atom2 name is CH2
protocols.motifs.Motif: atom3 name is Ntrp
protocols.motifs.Motif: Res1 name is TYR
protocols.motifs.Motif: atom1 name is CH2
protocols.motifs.Motif: atom2 name is CH2
protocols.motifs.Motif: atom3 name is Ntrp
protocols.motifs.Motif: Res1 name is GLU
protocols.motifs.Motif: atom1 name is COO
protocols.motifs.Motif: atom2 name is CH2
protocols.motifs.Motif: atom3 name is OH
protocols.motifs.Motif: Res1 name is TRP
protocols.motifs.Motif: atom1 name is CH2
protocols.motifs.Motif: atom2 name is CH2
protocols.motifs.Motif: atom3 name is Ntrp
protocols.motifs.Motif: Res1 name is ASN
protocols.motifs.Motif: atom1 name is CH2
protocols.motifs.Motif: atom2 name is CH2
protocols.motifs.Motif: atom3 name is OH
core.pack.task: Packer task: initialize from command line() 
core.pack.task: Packer task: initialize from command line() 
core.pack.task: Packer task: initialize from command line() 
protocols.moves.MonteCarlo: MonteCarlo:: last_accepted_score,lowest_score: -1950.46 -1950.46
protocols.motifs.Motif: Res1 name is ASP
protocols.motifs.Motif: atom1 name is COO
protocols.motifs.Motif: atom2 name is CH2
protocols.motifs.Motif: atom3 name is OH
protocols.motifs.Motif: Res1 name is GLU
protocols.motifs.Motif: atom1 name is COO
protocols.motifs.Motif: atom2 name is CH2
protocols.motifs.Motif: atom3 name is OH
protocols.motifs.Motif: Res1 name is TYR
protocols.motifs.Motif: atom1 name is COO
protocols.motifs.Motif: atom2 name is CH2
protocols.motifs.Motif: atom3 name is OH
protocols.motifs.Motif: Res1 name is PHE
protocols.motifs.Motif: atom1 name is CH2
protocols.motifs.Motif: atom2 name is CH2
protocols.motifs.Motif: atom3 name is Ntrp
protocols.motifs.Motif: Res1 name is TYR
protocols.motifs.Motif: atom1 name is CH2
protocols.motifs.Motif: atom2 name is CH2
protocols.motifs.Motif: atom3 name is Ntrp
protocols.motifs.Motif: Res1 name is GLU
protocols.motifs.Motif: atom1 name is COO
protocols.motifs.Motif: atom2 name is CH2
protocols.motifs.Motif: atom3 name is OH
protocols.motifs.Motif: Res1 name is ASN
protocols.motifs.Motif: atom1 name is CH2
protocols.motifs.Motif: atom2 name is CH2
protocols.motifs.Motif: atom3 name is OH
core.pack.task: Packer task: initialize from command line() 
core.pack.task: Packer task: initialize from command line() 
core.pack.task: Packer task: initialize from command line() 
protocols.moves.MonteCarlo: MonteCarlo:: last_accepted_score,lowest_score: -1959.53 -1959.53
protocols.motifs.Motif: Res1 name is ASP
protocols.motifs.Motif: atom1 name is CH2
protocols.motifs.Motif: atom2 name is CH2
protocols.motifs.Motif: atom3 name is OH
protocols.motifs.Motif: Res1 name is TRP
protocols.motifs.Motif: atom1 name is CH2
protocols.motifs.Motif: atom2 name is CH2
protocols.motifs.Motif: atom3 name is OH
protocols.motifs.Motif: Res1 name is GLU
protocols.motifs.Motif: atom1 name is COO
protocols.motifs.Motif: atom2 name is CH2
protocols.motifs.Motif: atom3 name is OH
protocols.motifs.Motif: Res1 name is PHE
protocols.motifs.Motif: atom1 name is COO
protocols.motifs.Motif: atom2 name is CH2
protocols.motifs.Motif: atom3 name is OH
protocols.motifs.Motif: Res1 name is TYR
protocols.motifs.Motif: atom1 name is CH2
protocols.motifs.Motif: atom2 name is CH2
protocols.motifs.Motif: atom3 name is OH
protocols.motifs.Motif: Res1 name is GLU
protocols.motifs.Motif: atom1 name is CH2
protocols.motifs.Motif: atom2 name is CH2
protocols.motifs.Motif: atom3 name is OH
protocols.motifs.Motif: Res1 name is TRP
protocols.motifs.Motif: atom1 name is CH2
protocols.motifs.Motif: atom2 name is CH2
protocols.motifs.Motif: atom3 name is OH
protocols.motifs.Motif: Res1 name is ASN
protocols.motifs.Motif: atom1 name is CH2
protocols.motifs.Motif: atom2 name is CH2
protocols.motifs.Motif: atom3 name is Ntrp
core.pack.task: Packer task: initialize from command line() 
core.pack.task: Packer task: initialize from command line() 
core.pack.task: Packer task: initialize from command line() 
protocols.moves.MonteCarlo: MonteCarlo:: last_accepted_score,lowest_score: -1950.87 -1950.87
protocols.motifs.Motif: Res1 name is ASP
protocols.motifs.Motif: atom1 name is COO
protocols.motifs.Motif: atom2 name is CH2
protocols.motifs.Motif: atom3 name is OH
protocols.motifs.Motif: Res1 name is GLU
protocols.motifs.Motif: atom1 name is COO
protocols.motifs.Motif: atom2 name is CH2
protocols.motifs.Motif: atom3 name is OH
protocols.motifs.Motif: Res1 name is TYR
protocols.motifs.Motif: atom1 name is CH2
protocols.motifs.Motif: atom2 name is CH2
protocols.motifs.Motif: atom3 name is OH
protocols.motifs.Motif: Res1 name is PHE
protocols.motifs.Motif: atom1 name is CH2
protocols.motifs.Motif: atom2 name is CH2
protocols.motifs.Motif: atom3 name is Ntrp
protocols.motifs.Motif: Res1 name is TYR
protocols.motifs.Motif: atom1 name is CH2
protocols.motifs.Motif: atom2 name is CH2
protocols.motifs.Motif: atom3 name is Ntrp
protocols.motifs.Motif: Res1 name is GLU
protocols.motifs.Motif: atom1 name is COO
protocols.motifs.Motif: atom2 name is CH2
protocols.motifs.Motif: atom3 name is OH
protocols.motifs.Motif: Res1 name is ASN
protocols.motifs.Motif: atom1 name is COO
protocols.motifs.Motif: atom2 name is CH2
protocols.motifs.Motif: atom3 name is OH
core.pack.task: Packer task: initialize from command line() 
core.pack.task: Packer task: initialize from command line() 
core.pack.task: Packer task: initialize from command line() 
protocols.moves.MonteCarlo: MonteCarlo:: last_accepted_score,lowest_score: -1959.68 -1959.68
protocols.motifs.Motif: Res1 name is ASP
protocols.motifs.Motif: atom1 name is COO
protocols.motifs.Motif: atom2 name is CH2
protocols.motifs.Motif: atom3 name is OH
protocols.motifs.Motif: Res1 name is GLU
protocols.motifs.Motif: atom1 name is COO
protocols.motifs.Motif: atom2 name is CH2
protocols.motifs.Motif: atom3 name is OH
protocols.motifs.Motif: Res1 name is TYR
protocols.motifs.Motif: atom1 name is CH2
protocols.motifs.Motif: atom2 name is CH2
protocols.motifs.Motif: atom3 name is OH
protocols.motifs.Motif: Res1 name is PHE
protocols.motifs.Motif: atom1 name is CH2
protocols.motifs.Motif: atom2 name is CH2
protocols.motifs.Motif: atom3 name is Ntrp
protocols.motifs.Motif: Res1 name is TYR
protocols.motifs.Motif: atom1 name is CH2
protocols.motifs.Motif: atom2 name is CH2
protocols.motifs.Motif: atom3 name is Ntrp
protocols.motifs.Motif: Res1 name is GLU
protocols.motifs.Motif: atom1 name is COO
protocols.motifs.Motif: atom2 name is CH2
protocols.motifs.Motif: atom3 name is OH
protocols.motifs.Motif: Res1 name is ASN
protocols.motifs.Motif: atom1 name is CH2
protocols.motifs.Motif: atom2 name is CH2
protocols.motifs.Motif: atom3 name is OH
core.pack.task: Packer task: initialize from command line() 
core.pack.task: Packer task: initialize from command line() 
core.pack.task: Packer task: initialize from command line() 
protocols.moves.MonteCarlo: MonteCarlo:: last_accepted_score,lowest_score: -1947.48 -1947.51
protocols.motifs.Motif: Res1 name is GLU
protocols.motifs.Motif: atom1 name is CH2
protocols.motifs.Motif: atom2 name is CH2
protocols.motifs.Motif: atom3 name is Ntrp
protocols.motifs.Motif: Res1 name is PHE
protocols.motifs.Motif: atom1 name is COO
protocols.motifs.Motif: atom2 name is CH2
protocols.motifs.Motif: atom3 name is OH
protocols.motifs.Motif: Res1 name is TYR
protocols.motifs.Motif: atom1 name is CH2
protocols.motifs.Motif: atom2 name is CH2
protocols.motifs.Motif: atom3 name is OH
protocols.motifs.Motif: Res1 name is SER
protocols.motifs.Motif: atom1 name is COO
protocols.motifs.Motif: atom2 name is CH2
protocols.motifs.Motif: atom3 name is OH
protocols.motifs.Motif: Res1 name is PHE
protocols.motifs.Motif: atom1 name is COO
protocols.motifs.Motif: atom2 name is CH2
protocols.motifs.Motif: atom3 name is OH
core.pack.task: Packer task: initialize from command line() 
core.pack.task: Packer task: initialize from command line() 
core.pack.task: Packer task: initialize from command line() 
protocols.moves.MonteCarlo: MonteCarlo:: last_accepted_score,lowest_score: -1943.41 -1943.41
protocols.motifs.Motif: Res1 name is ASP
protocols.motifs.Motif: atom1 name is COO
protocols.motifs.Motif: atom2 name is CH2
protocols.motifs.Motif: atom3 name is OH
protocols.motifs.Motif: Res1 name is TRP
protocols.motifs.Motif: atom1 name is COO
protocols.motifs.Motif: atom2 name is CH2
protocols.motifs.Motif: atom3 name is OH
protocols.motifs.Motif: Res1 name is GLU
protocols.motifs.Motif: atom1 name is COO
protocols.motifs.Motif: atom2 name is CH2
protocols.motifs.Motif: atom3 name is OH
protocols.motifs.Motif: Res1 name is TYR
protocols.motifs.Motif: atom1 name is COO
protocols.motifs.Motif: atom2 name is CH2
protocols.motifs.Motif: atom3 name is OH
protocols.motifs.Motif: Res1 name is PHE
protocols.motifs.Motif: atom1 name is COO
protocols.motifs.Motif: atom2 name is CH2
protocols.motifs.Motif: atom3 name is OH
protocols.motifs.Motif: Res1 name is TYR
protocols.motifs.Motif: atom1 name is CH2
protocols.motifs.Motif: atom2 name is CH2
protocols.motifs.Motif: atom3 name is Ntrp
protocols.motifs.Motif: Res1 name is GLU
protocols.motifs.Motif: atom1 name is CH2
protocols.motifs.Motif: atom2 name is CH2
protocols.motifs.Motif: atom3 name is OH
protocols.motifs.Motif: Res1 name is TRP
protocols.motifs.Motif: atom1 name is CH2
protocols.motifs.Motif: atom2 name is CH2
protocols.motifs.Motif: atom3 name is OH
protocols.motifs.Motif: Res1 name is ASN
protocols.motifs.Motif: atom1 name is CH2
protocols.motifs.Motif: atom2 name is CH2
protocols.motifs.Motif: atom3 name is Ntrp
core.pack.task: Packer task: initialize from command line() 
core.pack.task: Packer task: initialize from command line() 
core.pack.task: Packer task: initialize from command line() 
protocols.moves.MonteCarlo: MonteCarlo:: last_accepted_score,lowest_score: -1951.67 -1951.67
protocols.motifs.Motif: Res1 name is GLU
protocols.motifs.Motif: atom1 name is CH2
protocols.motifs.Motif: atom2 name is CH2
protocols.motifs.Motif: atom3 name is OH
protocols.motifs.Motif: Res1 name is TYR
protocols.motifs.Motif: atom1 name is CH2
protocols.motifs.Motif: atom2 name is CH2
protocols.motifs.Motif: atom3 name is OH
protocols.motifs.Motif: Res1 name is PHE
protocols.motifs.Motif: atom1 name is COO
protocols.motifs.Motif: atom2 name is CH2
protocols.motifs.Motif: atom3 name is OH
protocols.motifs.Motif: Res1 name is TYR
protocols.motifs.Motif: atom1 name is COO
protocols.motifs.Motif: atom2 name is CH2
protocols.motifs.Motif: atom3 name is OH
protocols.motifs.Motif: Res1 name is SER
protocols.motifs.Motif: atom1 name is COO
protocols.motifs.Motif: atom2 name is CH2
protocols.motifs.Motif: atom3 name is OH
protocols.motifs.Motif: Res1 name is ASN
protocols.motifs.Motif: atom1 name is COO
protocols.motifs.Motif: atom2 name is CH2
protocols.motifs.Motif: atom3 name is OH
core.pack.task: Packer task: initialize from command line() 
core.pack.task: Packer task: initialize from command line() 
core.pack.task: Packer task: initialize from command line() 
protocols.moves.MonteCarlo: MonteCarlo:: last_accepted_score,lowest_score: -1949.04 -1949.04
protocols.motifs.Motif: Res1 name is TYR
protocols.motifs.Motif: atom1 name is COO
protocols.motifs.Motif: atom2 name is CH2
protocols.motifs.Motif: atom3 name is OH
protocols.motifs.Motif: Res1 name is PHE
protocols.motifs.Motif: atom1 name is COO
protocols.motifs.Motif: atom2 name is CH2
protocols.motifs.Motif: atom3 name is OH
protocols.motifs.Motif: Res1 name is TYR
protocols.motifs.Motif: atom1 name is CH2
protocols.motifs.Motif: atom2 name is CH2
protocols.motifs.Motif: atom3 name is Ntrp
protocols.motifs.Motif: Res1 name is SER
protocols.motifs.Motif: atom1 name is CH2
protocols.motifs.Motif: atom2 name is CH2
protocols.motifs.Motif: atom3 name is Ntrp
protocols.motifs.Motif: Res1 name is LYS
protocols.motifs.Motif: atom1 name is CH2
protocols.motifs.Motif: atom2 name is CH2
protocols.motifs.Motif: atom3 name is Ntrp
core.pack.task: Packer task: initialize from command line() 
core.pack.task: Packer task: initialize from command line() 
core.pack.task: Packer task: initialize from command line() 
protocols.moves.MonteCarlo: MonteCarlo:: last_accepted_score,lowest_score: -1950.14 -1950.14
protocols.motifs.Motif: Res1 name is GLU
protocols.motifs.Motif: atom1 name is COO
protocols.motifs.Motif: atom2 name is CH2
protocols.motifs.Motif: atom3 name is OH
protocols.motifs.Motif: Res1 name is TYR
protocols.motifs.Motif: atom1 name is COO
protocols.motifs.Motif: atom2 name is CH2
protocols.motifs.Motif: atom3 name is OH
protocols.motifs.Motif: Res1 name is PHE
protocols.motifs.Motif: atom1 name is COO
protocols.motifs.Motif: atom2 name is CH2
protocols.motifs.Motif: atom3 name is OH
protocols.motifs.Motif: Res1 name is TYR
protocols.motifs.Motif: atom1 name is CH2
protocols.motifs.Motif: atom2 name is CH2
protocols.motifs.Motif: atom3 name is Ntrp
protocols.motifs.Motif: Res1 name is LYS
protocols.motifs.Motif: atom1 name is CH2
protocols.motifs.Motif: atom2 name is CH2
protocols.motifs.Motif: atom3 name is Ntrp
core.pack.task: Packer task: initialize from command line() 
core.pack.task: Packer task: initialize from command line() 
core.pack.task: Packer task: initialize from command line() 
protocols.moves.MonteCarlo: MonteCarlo:: last_accepted_score,lowest_score: -1956.65 -1956.65
protocols.motifs.Motif: Res1 name is GLU
protocols.motifs.Motif: atom1 name is COO
protocols.motifs.Motif: atom2 name is CH2
protocols.motifs.Motif: atom3 name is OH
protocols.motifs.Motif: Res1 name is TYR
protocols.motifs.Motif: atom1 name is COO
protocols.motifs.Motif: atom2 name is CH2
protocols.motifs.Motif: atom3 name is OH
protocols.motifs.Motif: Res1 name is PHE
protocols.motifs.Motif: atom1 name is COO
protocols.motifs.Motif: atom2 name is CH2
protocols.motifs.Motif: atom3 name is OH
protocols.motifs.Motif: Res1 name is TYR
protocols.motifs.Motif: atom1 name is CH2
protocols.motifs.Motif: atom2 name is CH2
protocols.motifs.Motif: atom3 name is Ntrp
protocols.motifs.Motif: Res1 name is GLU
protocols.motifs.Motif: atom1 name is CH2
protocols.motifs.Motif: atom2 name is CH2
protocols.motifs.Motif: atom3 name is Ntrp
protocols.motifs.Motif: Res1 name is SER
protocols.motifs.Motif: atom1 name is CH2
protocols.motifs.Motif: atom2 name is CH2
protocols.motifs.Motif: atom3 name is OH
protocols.motifs.Motif: Res1 name is ASN
protocols.motifs.Motif: atom1 name is CH2
protocols.motifs.Motif: atom2 name is CH2
protocols.motifs.Motif: atom3 name is Ntrp
core.pack.task: Packer task: initialize from command line() 
core.pack.task: Packer task: initialize from command line() 
core.pack.task: Packer task: initialize from command line() 
protocols.moves.MonteCarlo: MonteCarlo:: last_accepted_score,lowest_score: -1949.55 -1949.82
protocols.motifs.Motif: Res1 name is GLU
protocols.motifs.Motif: atom1 name is COO
protocols.motifs.Motif: atom2 name is CH2
protocols.motifs.Motif: atom3 name is OH
protocols.motifs.Motif: Res1 name is TYR
protocols.motifs.Motif: atom1 name is COO
protocols.motifs.Motif: atom2 name is CH2
protocols.motifs.Motif: atom3 name is OH
protocols.motifs.Motif: Res1 name is GLN
protocols.motifs.Motif: atom1 name is COO
protocols.motifs.Motif: atom2 name is CH2
protocols.motifs.Motif: atom3 name is OH
protocols.motifs.Motif: Res1 name is TYR
protocols.motifs.Motif: atom1 name is COO
protocols.motifs.Motif: atom2 name is CH2
protocols.motifs.Motif: atom3 name is OH
protocols.motifs.Motif: Res1 name is SER
protocols.motifs.Motif: atom1 name is CH2
protocols.motifs.Motif: atom2 name is CH2
protocols.motifs.Motif: atom3 name is Ntrp
core.pack.task: Packer task: initialize from command line() 
core.pack.task: Packer task: initialize from command line() 
core.pack.task: Packer task: initialize from command line() 
protocols.moves.MonteCarlo: MonteCarlo:: last_accepted_score,lowest_score: -1950.2 -1950.2
protocols.motifs.Motif: Res1 name is GLU
protocols.motifs.Motif: atom1 name is COO
protocols.motifs.Motif: atom2 name is CH2
protocols.motifs.Motif: atom3 name is OH
protocols.motifs.Motif: Res1 name is TYR
protocols.motifs.Motif: atom1 name is COO
protocols.motifs.Motif: atom2 name is CH2
protocols.motifs.Motif: atom3 name is OH
protocols.motifs.Motif: Res1 name is PHE
protocols.motifs.Motif: atom1 name is COO
protocols.motifs.Motif: atom2 name is CH2
protocols.motifs.Motif: atom3 name is OH
protocols.motifs.Motif: Res1 name is TYR
protocols.motifs.Motif: atom1 name is COO
protocols.motifs.Motif: atom2 name is CH2
protocols.motifs.Motif: atom3 name is OH
protocols.motifs.Motif: Res1 name is SER
protocols.motifs.Motif: atom1 name is CH2
protocols.motifs.Motif: atom2 name is CH2
protocols.motifs.Motif: atom3 name is OH
protocols.motifs.Motif: Res1 name is LYS
protocols.motifs.Motif: atom1 name is CH2
protocols.motifs.Motif: atom2 name is CH2
protocols.motifs.Motif: atom3 name is Ntrp
protocols.motifs.Motif: Res1 name is ASN
protocols.motifs.Motif: atom1 name is COO
protocols.motifs.Motif: atom2 name is CH2
protocols.motifs.Motif: atom3 name is OH
core.pack.task: Packer task: initialize from command line() 
core.pack.task: Packer task: initialize from command line() 
core.pack.task: Packer task: initialize from command line() 
protocols.moves.MonteCarlo: MonteCarlo:: last_accepted_score,lowest_score: -1945.57 -1946.48
protocols.motifs.Motif: Res1 name is PHE
protocols.motifs.Motif: atom1 name is COO
protocols.motifs.Motif: atom2 name is CH2
protocols.motifs.Motif: atom3 name is OH
protocols.motifs.Motif: Res1 name is TYR
protocols.motifs.Motif: atom1 name is COO
protocols.motifs.Motif: atom2 name is CH2
protocols.motifs.Motif: atom3 name is OH
protocols.motifs.Motif: Res1 name is SER
protocols.motifs.Motif: atom1 name is CH2
protocols.motifs.Motif: atom2 name is CH2
protocols.motifs.Motif: atom3 name is Ntrp
protocols.motifs.Motif: Res1 name is ASN
protocols.motifs.Motif: atom1 name is COO
protocols.motifs.Motif: atom2 name is CH2
protocols.motifs.Motif: atom3 name is OH
protocols.motifs.Motif: Res1 name is PHE
protocols.motifs.Motif: atom1 name is CH2
protocols.motifs.Motif: atom2 name is CH2
protocols.motifs.Motif: atom3 name is OH
LigandDiscoverySearch.discover: Done iterating all trios, moving to next ligand
LigandDiscoverySearch.discover: Total passing attempts for ligand is 220
LigandDiscoverySearch.discover: Total clashing attempts for ligand is 2188
