********  (C) Copyright Rosetta Commons Member Institutions.  ***************
* Use of Rosetta for commercial purposes may require purchase of a license. *
********  See LICENSE.md or email license@uw.edu for more details. **********
core.init: Checking for fconfig files in pwd and ./rosetta/flags 
core.init: Rosetta version: 2024.19.post.dev+283.updatedliganddiscoverysearchcodeagmay2024.10ed978 10ed97813f1920392b632603a23dedae0d4f102d https://github.com/RosettaCommons/rosetta.git 2024-10-15T12:35:46
core.init: Rosetta extras: []
core.init: command: /scratch/abgvg9/rosetta_may_for_checkin/rosetta//source/bin/ligand_discovery_search_protocol.linuxgccrelease @fpps_res_204_0_args
basic.random.init_random_generator: Constant seed mode, seed=1111111 seed_offset=0 real_seed=1111111
basic.random.init_random_generator: RandomGenerator:init: Normal mode, seed=1111111 RG_type=mt19937
core.init: Resolved executable path: /scratch/abgvg9/rosetta_may_for_checkin/rosetta/source/build/src/release/linux/3.10/64/x86/gcc/8.2/default/ligand_discovery_search_protocol.default.linuxgccrelease
core.init: Looking for database based on location of executable: /scratch/abgvg9/rosetta_may_for_checkin/rosetta/database/
LDS_app: Making Pose of input pdb file(s)
protocols.motifs.motif_utils: Got filename
protocols.motifs.motif_utils: Made motiflibrary
core.chemical.GlobalResidueTypeSet: Finished initializing fa_standard residue type set.  Created 985 residue types
core.chemical.GlobalResidueTypeSet: Total time to initialize 0.82 seconds.
protocols.motifs.motif_utils: added motifs from file
LDS_app: Collected motifs library with 1647961 motifs. 
core.chemical.GlobalResidueTypeSet: For ResidueTypeSet fa_standard there is no exclude_pdb_component_list.txt file to list known PDB ids.
core.chemical.GlobalResidueTypeSet:     This will turn off PDB component loading for ResidueTypeSet fa_standard
core.chemical.GlobalResidueTypeSet:     Expected file: /data/user/abgvg9/benchmark/files/all/fpps/test_params/exclude_pdb_component_list.txt
core.chemical.GlobalResidueTypeSet: Finished initializing fa_standard residue type set.  Created 1 residue types
core.chemical.GlobalResidueTypeSet: Total time to initialize 0.33 seconds.
core.import_pose.import_pose: File '/data/user/abgvg9/benchmark/files/all/fpps/fpps.pdb' automatically determined to be of type PDB
core.io.pose_from_sfr.PoseFromSFRBuilder: [ WARNING ] discarding 1 atoms at position 1 in file /data/user/abgvg9/benchmark/files/all/fpps/fpps.pdb. Best match rsd_type:  GLU:NtermProteinFull
core.io.pose_from_sfr.PoseFromSFRBuilder: [ WARNING ] discarding 4 atoms at position 2 in file /data/user/abgvg9/benchmark/files/all/fpps/fpps.pdb. Best match rsd_type:  LYS
core.io.pose_from_sfr.PoseFromSFRBuilder: [ WARNING ] discarding 3 atoms at position 3 in file /data/user/abgvg9/benchmark/files/all/fpps/fpps.pdb. Best match rsd_type:  GLN
core.io.pose_from_sfr.PoseFromSFRBuilder: [ WARNING ] discarding 1 atoms at position 4 in file /data/user/abgvg9/benchmark/files/all/fpps/fpps.pdb. Best match rsd_type:  ASP
core.io.pose_from_sfr.PoseFromSFRBuilder: [ WARNING ] discarding 1 atoms at position 5 in file /data/user/abgvg9/benchmark/files/all/fpps/fpps.pdb. Best match rsd_type:  PHE
core.io.pose_from_sfr.PoseFromSFRBuilder: [ WARNING ] discarding 1 atoms at position 6 in file /data/user/abgvg9/benchmark/files/all/fpps/fpps.pdb. Best match rsd_type:  VAL
core.io.pose_from_sfr.PoseFromSFRBuilder: [ WARNING ] discarding 3 atoms at position 7 in file /data/user/abgvg9/benchmark/files/all/fpps/fpps.pdb. Best match rsd_type:  GLN
core.io.pose_from_sfr.PoseFromSFRBuilder: [ WARNING ] discarding 2 atoms at position 8 in file /data/user/abgvg9/benchmark/files/all/fpps/fpps.pdb. Best match rsd_type:  HIS
core.io.pose_from_sfr.PoseFromSFRBuilder: [ WARNING ] discarding 1 atoms at position 9 in file /data/user/abgvg9/benchmark/files/all/fpps/fpps.pdb. Best match rsd_type:  PHE
core.io.pose_from_sfr.PoseFromSFRBuilder: [ WARNING ] discarding 2 atoms at position 10 in file /data/user/abgvg9/benchmark/files/all/fpps/fpps.pdb. Best match rsd_type:  SER
core.io.pose_from_sfr.PoseFromSFRBuilder: [ WARNING ] discarding 1 atoms at position 11 in file /data/user/abgvg9/benchmark/files/all/fpps/fpps.pdb. Best match rsd_type:  ILE
core.io.pose_from_sfr.PoseFromSFRBuilder: [ WARNING ] discarding 1 atoms at position 12 in file /data/user/abgvg9/benchmark/files/all/fpps/fpps.pdb. Best match rsd_type:  VAL
core.io.pose_from_sfr.PoseFromSFRBuilder: [ WARNING ] discarding 1 atoms at position 13 in file /data/user/abgvg9/benchmark/files/all/fpps/fpps.pdb. Best match rsd_type:  LEU
core.io.pose_from_sfr.PoseFromSFRBuilder: [ WARNING ] discarding 1 atoms at position 14 in file /data/user/abgvg9/benchmark/files/all/fpps/fpps.pdb. Best match rsd_type:  ALA
core.io.pose_from_sfr.PoseFromSFRBuilder: [ WARNING ] discarding 1 atoms at position 15 in file /data/user/abgvg9/benchmark/files/all/fpps/fpps.pdb. Best match rsd_type:  ILE
core.io.pose_from_sfr.PoseFromSFRBuilder: [ WARNING ] discarding 1 atoms at position 16 in file /data/user/abgvg9/benchmark/files/all/fpps/fpps.pdb. Best match rsd_type:  ALA
core.io.pose_from_sfr.PoseFromSFRBuilder: [ WARNING ] discarding 6 atoms at position 17 in file /data/user/abgvg9/benchmark/files/all/fpps/fpps.pdb. Best match rsd_type:  ARG
core.io.pose_from_sfr.PoseFromSFRBuilder: [ WARNING ] discarding 1 atoms at position 18 in file /data/user/abgvg9/benchmark/files/all/fpps/fpps.pdb. Best match rsd_type:  LEU
core.io.pose_from_sfr.PoseFromSFRBuilder: [ WARNING ] discarding 4 atoms at position 19 in file /data/user/abgvg9/benchmark/files/all/fpps/fpps.pdb. Best match rsd_type:  LYS
core.io.pose_from_sfr.PoseFromSFRBuilder: [ WARNING ] discarding 1 atoms at position 20 in file /data/user/abgvg9/benchmark/files/all/fpps/fpps.pdb. Best match rsd_type:  GLU
core.io.pose_from_sfr.PoseFromSFRBuilder: [ WARNING ] discarding 1 atoms at position 21 in file /data/user/abgvg9/benchmark/files/all/fpps/fpps.pdb. Best match rsd_type:  VAL
core.io.pose_from_sfr.PoseFromSFRBuilder: [ WARNING ] discarding 1 atoms at position 22 in file /data/user/abgvg9/benchmark/files/all/fpps/fpps.pdb. Best match rsd_type:  LEU
core.io.pose_from_sfr.PoseFromSFRBuilder: [ WARNING ] discarding 1 atoms at position 23 in file /data/user/abgvg9/benchmark/files/all/fpps/fpps.pdb. Best match rsd_type:  GLU
core.io.pose_from_sfr.PoseFromSFRBuilder: [ WARNING ] discarding 2 atoms at position 24 in file /data/user/abgvg9/benchmark/files/all/fpps/fpps.pdb. Best match rsd_type:  TYR
core.io.pose_from_sfr.PoseFromSFRBuilder: [ WARNING ] discarding 3 atoms at position 25 in file /data/user/abgvg9/benchmark/files/all/fpps/fpps.pdb. Best match rsd_type:  ASN
core.io.pose_from_sfr.PoseFromSFRBuilder: [ WARNING ] discarding 1 atoms at position 26 in file /data/user/abgvg9/benchmark/files/all/fpps/fpps.pdb. Best match rsd_type:  ALA
core.io.pose_from_sfr.PoseFromSFRBuilder: [ WARNING ] discarding 1 atoms at position 27 in file /data/user/abgvg9/benchmark/files/all/fpps/fpps.pdb. Best match rsd_type:  ILE
core.io.pose_from_sfr.PoseFromSFRBuilder: [ WARNING ] discarding 1 atoms at position 28 in file /data/user/abgvg9/benchmark/files/all/fpps/fpps.pdb. Best match rsd_type:  GLY
core.io.pose_from_sfr.PoseFromSFRBuilder: [ WARNING ] discarding 1 atoms at position 29 in file /data/user/abgvg9/benchmark/files/all/fpps/fpps.pdb. Best match rsd_type:  GLY
core.io.pose_from_sfr.PoseFromSFRBuilder: [ WARNING ] discarding 4 atoms at position 30 in file /data/user/abgvg9/benchmark/files/all/fpps/fpps.pdb. Best match rsd_type:  LYS
core.io.pose_from_sfr.PoseFromSFRBuilder: [ WARNING ] discarding 2 atoms at position 31 in file /data/user/abgvg9/benchmark/files/all/fpps/fpps.pdb. Best match rsd_type:  TYR
core.io.pose_from_sfr.PoseFromSFRBuilder: [ WARNING ] discarding 3 atoms at position 32 in file /data/user/abgvg9/benchmark/files/all/fpps/fpps.pdb. Best match rsd_type:  ASN
core.io.pose_from_sfr.PoseFromSFRBuilder: [ WARNING ] discarding 6 atoms at position 33 in file /data/user/abgvg9/benchmark/files/all/fpps/fpps.pdb. Best match rsd_type:  ARG
core.io.pose_from_sfr.PoseFromSFRBuilder: [ WARNING ] discarding 1 atoms at position 34 in file /data/user/abgvg9/benchmark/files/all/fpps/fpps.pdb. Best match rsd_type:  GLY
core.io.pose_from_sfr.PoseFromSFRBuilder: [ WARNING ] discarding 1 atoms at position 35 in file /data/user/abgvg9/benchmark/files/all/fpps/fpps.pdb. Best match rsd_type:  LEU
core.io.pose_from_sfr.PoseFromSFRBuilder: [ WARNING ] discarding 2 atoms at position 36 in file /data/user/abgvg9/benchmark/files/all/fpps/fpps.pdb. Best match rsd_type:  THR
core.io.pose_from_sfr.PoseFromSFRBuilder: [ WARNING ] discarding 1 atoms at position 37 in file /data/user/abgvg9/benchmark/files/all/fpps/fpps.pdb. Best match rsd_type:  VAL
core.io.pose_from_sfr.PoseFromSFRBuilder: [ WARNING ] discarding 1 atoms at position 38 in file /data/user/abgvg9/benchmark/files/all/fpps/fpps.pdb. Best match rsd_type:  VAL
core.io.pose_from_sfr.PoseFromSFRBuilder: [ WARNING ] discarding 1 atoms at position 39 in file /data/user/abgvg9/benchmark/files/all/fpps/fpps.pdb. Best match rsd_type:  VAL
core.io.pose_from_sfr.PoseFromSFRBuilder: [ WARNING ] discarding 1 atoms at position 40 in file /data/user/abgvg9/benchmark/files/all/fpps/fpps.pdb. Best match rsd_type:  ALA
core.io.pose_from_sfr.PoseFromSFRBuilder: [ WARNING ] discarding 1 atoms at position 41 in file /data/user/abgvg9/benchmark/files/all/fpps/fpps.pdb. Best match rsd_type:  PHE
core.io.pose_from_sfr.PoseFromSFRBuilder: [ WARNING ] discarding 1 atoms at position 42 in file /data/user/abgvg9/benchmark/files/all/fpps/fpps.pdb. Best match rsd_type:  GLU
core.io.pose_from_sfr.PoseFromSFRBuilder: [ WARNING ] discarding 1 atoms at position 43 in file /data/user/abgvg9/benchmark/files/all/fpps/fpps.pdb. Best match rsd_type:  LEU
core.io.pose_from_sfr.PoseFromSFRBuilder: [ WARNING ] discarding 6 atoms at position 44 in file /data/user/abgvg9/benchmark/files/all/fpps/fpps.pdb. Best match rsd_type:  ARG
core.io.pose_from_sfr.PoseFromSFRBuilder: [ WARNING ] discarding 1 atoms at position 45 in file /data/user/abgvg9/benchmark/files/all/fpps/fpps.pdb. Best match rsd_type:  ALA
core.io.pose_from_sfr.PoseFromSFRBuilder: [ WARNING ] discarding 2 atoms at position 46 in file /data/user/abgvg9/benchmark/files/all/fpps/fpps.pdb. Best match rsd_type:  TRP
core.io.pose_from_sfr.PoseFromSFRBuilder: [ WARNING ] discarding 2 atoms at position 47 in file /data/user/abgvg9/benchmark/files/all/fpps/fpps.pdb. Best match rsd_type:  THR
core.io.pose_from_sfr.PoseFromSFRBuilder: [ WARNING ] discarding 1 atoms at position 48 in file /data/user/abgvg9/benchmark/files/all/fpps/fpps.pdb. Best match rsd_type:  VAL
core.io.pose_from_sfr.PoseFromSFRBuilder: [ WARNING ] discarding 1 atoms at position 49 in file /data/user/abgvg9/benchmark/files/all/fpps/fpps.pdb. Best match rsd_type:  GLY
core.io.pose_from_sfr.PoseFromSFRBuilder: [ WARNING ] discarding 2 atoms at position 50 in file /data/user/abgvg9/benchmark/files/all/fpps/fpps.pdb. Best match rsd_type:  TRP
core.io.pose_from_sfr.PoseFromSFRBuilder: [ WARNING ] discarding 2 atoms at position 51 in file /data/user/abgvg9/benchmark/files/all/fpps/fpps.pdb. Best match rsd_type:  CYS
core.io.pose_from_sfr.PoseFromSFRBuilder: [ WARNING ] discarding 1 atoms at position 52 in file /data/user/abgvg9/benchmark/files/all/fpps/fpps.pdb. Best match rsd_type:  VAL
core.io.pose_from_sfr.PoseFromSFRBuilder: [ WARNING ] discarding 1 atoms at position 53 in file /data/user/abgvg9/benchmark/files/all/fpps/fpps.pdb. Best match rsd_type:  GLU
core.io.pose_from_sfr.PoseFromSFRBuilder: [ WARNING ] discarding 1 atoms at position 54 in file /data/user/abgvg9/benchmark/files/all/fpps/fpps.pdb. Best match rsd_type:  LEU
core.io.pose_from_sfr.PoseFromSFRBuilder: [ WARNING ] discarding 1 atoms at position 55 in file /data/user/abgvg9/benchmark/files/all/fpps/fpps.pdb. Best match rsd_type:  LEU
core.io.pose_from_sfr.PoseFromSFRBuilder: [ WARNING ] discarding 3 atoms at position 56 in file /data/user/abgvg9/benchmark/files/all/fpps/fpps.pdb. Best match rsd_type:  GLN
core.io.pose_from_sfr.PoseFromSFRBuilder: [ WARNING ] discarding 1 atoms at position 57 in file /data/user/abgvg9/benchmark/files/all/fpps/fpps.pdb. Best match rsd_type:  ALA
core.io.pose_from_sfr.PoseFromSFRBuilder: [ WARNING ] discarding 1 atoms at position 58 in file /data/user/abgvg9/benchmark/files/all/fpps/fpps.pdb. Best match rsd_type:  PHE
core.io.pose_from_sfr.PoseFromSFRBuilder: [ WARNING ] discarding 1 atoms at position 59 in file /data/user/abgvg9/benchmark/files/all/fpps/fpps.pdb. Best match rsd_type:  PHE
core.io.pose_from_sfr.PoseFromSFRBuilder: [ WARNING ] discarding 1 atoms at position 60 in file /data/user/abgvg9/benchmark/files/all/fpps/fpps.pdb. Best match rsd_type:  LEU
core.io.pose_from_sfr.PoseFromSFRBuilder: [ WARNING ] discarding 1 atoms at position 61 in file /data/user/abgvg9/benchmark/files/all/fpps/fpps.pdb. Best match rsd_type:  VAL
core.io.pose_from_sfr.PoseFromSFRBuilder: [ WARNING ] discarding 1 atoms at position 62 in file /data/user/abgvg9/benchmark/files/all/fpps/fpps.pdb. Best match rsd_type:  ALA
core.io.pose_from_sfr.PoseFromSFRBuilder: [ WARNING ] discarding 1 atoms at position 63 in file /data/user/abgvg9/benchmark/files/all/fpps/fpps.pdb. Best match rsd_type:  ASP
core.io.pose_from_sfr.PoseFromSFRBuilder: [ WARNING ] discarding 1 atoms at position 64 in file /data/user/abgvg9/benchmark/files/all/fpps/fpps.pdb. Best match rsd_type:  ILE
core.io.pose_from_sfr.PoseFromSFRBuilder: [ WARNING ] discarding 1 atoms at position 65 in file /data/user/abgvg9/benchmark/files/all/fpps/fpps.pdb. Best match rsd_type:  MET
core.io.pose_from_sfr.PoseFromSFRBuilder: [ WARNING ] discarding 2 atoms at position 66 in file /data/user/abgvg9/benchmark/files/all/fpps/fpps.pdb. Best match rsd_type:  SER
core.io.pose_from_sfr.PoseFromSFRBuilder: [ WARNING ] discarding 2 atoms at position 67 in file /data/user/abgvg9/benchmark/files/all/fpps/fpps.pdb. Best match rsd_type:  SER
core.io.pose_from_sfr.PoseFromSFRBuilder: [ WARNING ] discarding 1 atoms at position 68 in file /data/user/abgvg9/benchmark/files/all/fpps/fpps.pdb. Best match rsd_type:  LEU
core.io.pose_from_sfr.PoseFromSFRBuilder: [ WARNING ] discarding 2 atoms at position 69 in file /data/user/abgvg9/benchmark/files/all/fpps/fpps.pdb. Best match rsd_type:  THR
core.io.pose_from_sfr.PoseFromSFRBuilder: [ WARNING ] discarding 6 atoms at position 70 in file /data/user/abgvg9/benchmark/files/all/fpps/fpps.pdb. Best match rsd_type:  ARG
core.io.pose_from_sfr.PoseFromSFRBuilder: [ WARNING ] discarding 6 atoms at position 71 in file /data/user/abgvg9/benchmark/files/all/fpps/fpps.pdb. Best match rsd_type:  ARG
core.io.pose_from_sfr.PoseFromSFRBuilder: [ WARNING ] discarding 1 atoms at position 72 in file /data/user/abgvg9/benchmark/files/all/fpps/fpps.pdb. Best match rsd_type:  GLY
core.io.pose_from_sfr.PoseFromSFRBuilder: [ WARNING ] discarding 3 atoms at position 73 in file /data/user/abgvg9/benchmark/files/all/fpps/fpps.pdb. Best match rsd_type:  GLN
core.io.pose_from_sfr.PoseFromSFRBuilder: [ WARNING ] discarding 1 atoms at position 74 in file /data/user/abgvg9/benchmark/files/all/fpps/fpps.pdb. Best match rsd_type:  ILE
core.io.pose_from_sfr.PoseFromSFRBuilder: [ WARNING ] discarding 2 atoms at position 75 in file /data/user/abgvg9/benchmark/files/all/fpps/fpps.pdb. Best match rsd_type:  CYS
core.io.pose_from_sfr.PoseFromSFRBuilder: [ WARNING ] discarding 2 atoms at position 76 in file /data/user/abgvg9/benchmark/files/all/fpps/fpps.pdb. Best match rsd_type:  TRP
core.io.pose_from_sfr.PoseFromSFRBuilder: [ WARNING ] discarding 2 atoms at position 77 in file /data/user/abgvg9/benchmark/files/all/fpps/fpps.pdb. Best match rsd_type:  TYR
core.io.pose_from_sfr.PoseFromSFRBuilder: [ WARNING ] discarding 3 atoms at position 78 in file /data/user/abgvg9/benchmark/files/all/fpps/fpps.pdb. Best match rsd_type:  GLN
core.io.pose_from_sfr.PoseFromSFRBuilder: [ WARNING ] discarding 4 atoms at position 79 in file /data/user/abgvg9/benchmark/files/all/fpps/fpps.pdb. Best match rsd_type:  LYS
core.io.pose_from_sfr.PoseFromSFRBuilder: [ WARNING ] discarding 1 atoms at position 81 in file /data/user/abgvg9/benchmark/files/all/fpps/fpps.pdb. Best match rsd_type:  GLY
core.io.pose_from_sfr.PoseFromSFRBuilder: [ WARNING ] discarding 1 atoms at position 82 in file /data/user/abgvg9/benchmark/files/all/fpps/fpps.pdb. Best match rsd_type:  VAL
core.io.pose_from_sfr.PoseFromSFRBuilder: [ WARNING ] discarding 1 atoms at position 83 in file /data/user/abgvg9/benchmark/files/all/fpps/fpps.pdb. Best match rsd_type:  GLY
core.io.pose_from_sfr.PoseFromSFRBuilder: [ WARNING ] discarding 1 atoms at position 84 in file /data/user/abgvg9/benchmark/files/all/fpps/fpps.pdb. Best match rsd_type:  LEU
core.io.pose_from_sfr.PoseFromSFRBuilder: [ WARNING ] discarding 1 atoms at position 85 in file /data/user/abgvg9/benchmark/files/all/fpps/fpps.pdb. Best match rsd_type:  ASP
core.io.pose_from_sfr.PoseFromSFRBuilder: [ WARNING ] discarding 1 atoms at position 86 in file /data/user/abgvg9/benchmark/files/all/fpps/fpps.pdb. Best match rsd_type:  ALA
core.io.pose_from_sfr.PoseFromSFRBuilder: [ WARNING ] discarding 1 atoms at position 87 in file /data/user/abgvg9/benchmark/files/all/fpps/fpps.pdb. Best match rsd_type:  ILE
core.io.pose_from_sfr.PoseFromSFRBuilder: [ WARNING ] discarding 3 atoms at position 88 in file /data/user/abgvg9/benchmark/files/all/fpps/fpps.pdb. Best match rsd_type:  ASN
core.io.pose_from_sfr.PoseFromSFRBuilder: [ WARNING ] discarding 1 atoms at position 89 in file /data/user/abgvg9/benchmark/files/all/fpps/fpps.pdb. Best match rsd_type:  ASP
core.io.pose_from_sfr.PoseFromSFRBuilder: [ WARNING ] discarding 1 atoms at position 90 in file /data/user/abgvg9/benchmark/files/all/fpps/fpps.pdb. Best match rsd_type:  ALA
core.io.pose_from_sfr.PoseFromSFRBuilder: [ WARNING ] discarding 3 atoms at position 91 in file /data/user/abgvg9/benchmark/files/all/fpps/fpps.pdb. Best match rsd_type:  ASN
core.io.pose_from_sfr.PoseFromSFRBuilder: [ WARNING ] discarding 1 atoms at position 92 in file /data/user/abgvg9/benchmark/files/all/fpps/fpps.pdb. Best match rsd_type:  LEU
core.io.pose_from_sfr.PoseFromSFRBuilder: [ WARNING ] discarding 1 atoms at position 93 in file /data/user/abgvg9/benchmark/files/all/fpps/fpps.pdb. Best match rsd_type:  LEU
core.io.pose_from_sfr.PoseFromSFRBuilder: [ WARNING ] discarding 1 atoms at position 94 in file /data/user/abgvg9/benchmark/files/all/fpps/fpps.pdb. Best match rsd_type:  GLU
core.io.pose_from_sfr.PoseFromSFRBuilder: [ WARNING ] discarding 1 atoms at position 95 in file /data/user/abgvg9/benchmark/files/all/fpps/fpps.pdb. Best match rsd_type:  ALA
core.io.pose_from_sfr.PoseFromSFRBuilder: [ WARNING ] discarding 2 atoms at position 96 in file /data/user/abgvg9/benchmark/files/all/fpps/fpps.pdb. Best match rsd_type:  CYS
core.io.pose_from_sfr.PoseFromSFRBuilder: [ WARNING ] discarding 1 atoms at position 97 in file /data/user/abgvg9/benchmark/files/all/fpps/fpps.pdb. Best match rsd_type:  ILE
core.io.pose_from_sfr.PoseFromSFRBuilder: [ WARNING ] discarding 2 atoms at position 98 in file /data/user/abgvg9/benchmark/files/all/fpps/fpps.pdb. Best match rsd_type:  TYR
core.io.pose_from_sfr.PoseFromSFRBuilder: [ WARNING ] discarding 6 atoms at position 99 in file /data/user/abgvg9/benchmark/files/all/fpps/fpps.pdb. Best match rsd_type:  ARG
core.io.pose_from_sfr.PoseFromSFRBuilder: [ WARNING ] discarding 1 atoms at position 100 in file /data/user/abgvg9/benchmark/files/all/fpps/fpps.pdb. Best match rsd_type:  LEU
core.io.pose_from_sfr.PoseFromSFRBuilder: [ WARNING ] discarding 1 atoms at position 101 in file /data/user/abgvg9/benchmark/files/all/fpps/fpps.pdb. Best match rsd_type:  LEU
core.io.pose_from_sfr.PoseFromSFRBuilder: [ WARNING ] discarding 4 atoms at position 102 in file /data/user/abgvg9/benchmark/files/all/fpps/fpps.pdb. Best match rsd_type:  LYS
core.io.pose_from_sfr.PoseFromSFRBuilder: [ WARNING ] discarding 2 atoms at position 103 in file /data/user/abgvg9/benchmark/files/all/fpps/fpps.pdb. Best match rsd_type:  CYS
core.io.pose_from_sfr.PoseFromSFRBuilder: [ WARNING ] discarding 2 atoms at position 104 in file /data/user/abgvg9/benchmark/files/all/fpps/fpps.pdb. Best match rsd_type:  TYR
core.io.pose_from_sfr.PoseFromSFRBuilder: [ WARNING ] discarding 2 atoms at position 105 in file /data/user/abgvg9/benchmark/files/all/fpps/fpps.pdb. Best match rsd_type:  TYR
core.io.pose_from_sfr.PoseFromSFRBuilder: [ WARNING ] discarding 1 atoms at position 106 in file /data/user/abgvg9/benchmark/files/all/fpps/fpps.pdb. Best match rsd_type:  LEU
core.io.pose_from_sfr.PoseFromSFRBuilder: [ WARNING ] discarding 3 atoms at position 107 in file /data/user/abgvg9/benchmark/files/all/fpps/fpps.pdb. Best match rsd_type:  ASN
core.io.pose_from_sfr.PoseFromSFRBuilder: [ WARNING ] discarding 1 atoms at position 108 in file /data/user/abgvg9/benchmark/files/all/fpps/fpps.pdb. Best match rsd_type:  LEU
core.io.pose_from_sfr.PoseFromSFRBuilder: [ WARNING ] discarding 1 atoms at position 109 in file /data/user/abgvg9/benchmark/files/all/fpps/fpps.pdb. Best match rsd_type:  ILE
core.io.pose_from_sfr.PoseFromSFRBuilder: [ WARNING ] discarding 1 atoms at position 110 in file /data/user/abgvg9/benchmark/files/all/fpps/fpps.pdb. Best match rsd_type:  GLU
core.io.pose_from_sfr.PoseFromSFRBuilder: [ WARNING ] discarding 1 atoms at position 111 in file /data/user/abgvg9/benchmark/files/all/fpps/fpps.pdb. Best match rsd_type:  LEU
core.io.pose_from_sfr.PoseFromSFRBuilder: [ WARNING ] discarding 1 atoms at position 112 in file /data/user/abgvg9/benchmark/files/all/fpps/fpps.pdb. Best match rsd_type:  PHE
core.io.pose_from_sfr.PoseFromSFRBuilder: [ WARNING ] discarding 1 atoms at position 113 in file /data/user/abgvg9/benchmark/files/all/fpps/fpps.pdb. Best match rsd_type:  LEU
core.io.pose_from_sfr.PoseFromSFRBuilder: [ WARNING ] discarding 3 atoms at position 114 in file /data/user/abgvg9/benchmark/files/all/fpps/fpps.pdb. Best match rsd_type:  GLN
core.io.pose_from_sfr.PoseFromSFRBuilder: [ WARNING ] discarding 2 atoms at position 115 in file /data/user/abgvg9/benchmark/files/all/fpps/fpps.pdb. Best match rsd_type:  SER
core.io.pose_from_sfr.PoseFromSFRBuilder: [ WARNING ] discarding 2 atoms at position 116 in file /data/user/abgvg9/benchmark/files/all/fpps/fpps.pdb. Best match rsd_type:  SER
core.io.pose_from_sfr.PoseFromSFRBuilder: [ WARNING ] discarding 2 atoms at position 117 in file /data/user/abgvg9/benchmark/files/all/fpps/fpps.pdb. Best match rsd_type:  TYR
core.io.pose_from_sfr.PoseFromSFRBuilder: [ WARNING ] discarding 3 atoms at position 118 in file /data/user/abgvg9/benchmark/files/all/fpps/fpps.pdb. Best match rsd_type:  GLN
core.io.pose_from_sfr.PoseFromSFRBuilder: [ WARNING ] discarding 2 atoms at position 119 in file /data/user/abgvg9/benchmark/files/all/fpps/fpps.pdb. Best match rsd_type:  THR
core.io.pose_from_sfr.PoseFromSFRBuilder: [ WARNING ] discarding 1 atoms at position 120 in file /data/user/abgvg9/benchmark/files/all/fpps/fpps.pdb. Best match rsd_type:  GLU
core.io.pose_from_sfr.PoseFromSFRBuilder: [ WARNING ] discarding 1 atoms at position 121 in file /data/user/abgvg9/benchmark/files/all/fpps/fpps.pdb. Best match rsd_type:  ILE
core.io.pose_from_sfr.PoseFromSFRBuilder: [ WARNING ] discarding 1 atoms at position 122 in file /data/user/abgvg9/benchmark/files/all/fpps/fpps.pdb. Best match rsd_type:  GLY
core.io.pose_from_sfr.PoseFromSFRBuilder: [ WARNING ] discarding 3 atoms at position 123 in file /data/user/abgvg9/benchmark/files/all/fpps/fpps.pdb. Best match rsd_type:  GLN
core.io.pose_from_sfr.PoseFromSFRBuilder: [ WARNING ] discarding 2 atoms at position 124 in file /data/user/abgvg9/benchmark/files/all/fpps/fpps.pdb. Best match rsd_type:  THR
core.io.pose_from_sfr.PoseFromSFRBuilder: [ WARNING ] discarding 1 atoms at position 125 in file /data/user/abgvg9/benchmark/files/all/fpps/fpps.pdb. Best match rsd_type:  LEU
core.io.pose_from_sfr.PoseFromSFRBuilder: [ WARNING ] discarding 1 atoms at position 126 in file /data/user/abgvg9/benchmark/files/all/fpps/fpps.pdb. Best match rsd_type:  ASP
core.io.pose_from_sfr.PoseFromSFRBuilder: [ WARNING ] discarding 1 atoms at position 127 in file /data/user/abgvg9/benchmark/files/all/fpps/fpps.pdb. Best match rsd_type:  LEU
core.io.pose_from_sfr.PoseFromSFRBuilder: [ WARNING ] discarding 1 atoms at position 128 in file /data/user/abgvg9/benchmark/files/all/fpps/fpps.pdb. Best match rsd_type:  LEU
core.io.pose_from_sfr.PoseFromSFRBuilder: [ WARNING ] discarding 2 atoms at position 129 in file /data/user/abgvg9/benchmark/files/all/fpps/fpps.pdb. Best match rsd_type:  THR
core.io.pose_from_sfr.PoseFromSFRBuilder: [ WARNING ] discarding 1 atoms at position 130 in file /data/user/abgvg9/benchmark/files/all/fpps/fpps.pdb. Best match rsd_type:  ALA
core.io.pose_from_sfr.PoseFromSFRBuilder: [ WARNING ] discarding 3 atoms at position 132 in file /data/user/abgvg9/benchmark/files/all/fpps/fpps.pdb. Best match rsd_type:  GLN
core.io.pose_from_sfr.PoseFromSFRBuilder: [ WARNING ] discarding 1 atoms at position 133 in file /data/user/abgvg9/benchmark/files/all/fpps/fpps.pdb. Best match rsd_type:  GLY
core.io.pose_from_sfr.PoseFromSFRBuilder: [ WARNING ] discarding 3 atoms at position 134 in file /data/user/abgvg9/benchmark/files/all/fpps/fpps.pdb. Best match rsd_type:  ASN
core.io.pose_from_sfr.PoseFromSFRBuilder: [ WARNING ] discarding 1 atoms at position 135 in file /data/user/abgvg9/benchmark/files/all/fpps/fpps.pdb. Best match rsd_type:  VAL
core.io.pose_from_sfr.PoseFromSFRBuilder: [ WARNING ] discarding 1 atoms at position 136 in file /data/user/abgvg9/benchmark/files/all/fpps/fpps.pdb. Best match rsd_type:  ASP
core.io.pose_from_sfr.PoseFromSFRBuilder: [ WARNING ] discarding 1 atoms at position 137 in file /data/user/abgvg9/benchmark/files/all/fpps/fpps.pdb. Best match rsd_type:  LEU
core.io.pose_from_sfr.PoseFromSFRBuilder: [ WARNING ] discarding 1 atoms at position 138 in file /data/user/abgvg9/benchmark/files/all/fpps/fpps.pdb. Best match rsd_type:  VAL
core.io.pose_from_sfr.PoseFromSFRBuilder: [ WARNING ] discarding 6 atoms at position 139 in file /data/user/abgvg9/benchmark/files/all/fpps/fpps.pdb. Best match rsd_type:  ARG
core.io.pose_from_sfr.PoseFromSFRBuilder: [ WARNING ] discarding 1 atoms at position 140 in file /data/user/abgvg9/benchmark/files/all/fpps/fpps.pdb. Best match rsd_type:  PHE
core.io.pose_from_sfr.PoseFromSFRBuilder: [ WARNING ] discarding 2 atoms at position 141 in file /data/user/abgvg9/benchmark/files/all/fpps/fpps.pdb. Best match rsd_type:  THR
core.io.pose_from_sfr.PoseFromSFRBuilder: [ WARNING ] discarding 1 atoms at position 142 in file /data/user/abgvg9/benchmark/files/all/fpps/fpps.pdb. Best match rsd_type:  GLU
core.io.pose_from_sfr.PoseFromSFRBuilder: [ WARNING ] discarding 4 atoms at position 143 in file /data/user/abgvg9/benchmark/files/all/fpps/fpps.pdb. Best match rsd_type:  LYS
core.io.pose_from_sfr.PoseFromSFRBuilder: [ WARNING ] discarding 6 atoms at position 144 in file /data/user/abgvg9/benchmark/files/all/fpps/fpps.pdb. Best match rsd_type:  ARG
core.io.pose_from_sfr.PoseFromSFRBuilder: [ WARNING ] discarding 2 atoms at position 145 in file /data/user/abgvg9/benchmark/files/all/fpps/fpps.pdb. Best match rsd_type:  TYR
core.io.pose_from_sfr.PoseFromSFRBuilder: [ WARNING ] discarding 4 atoms at position 146 in file /data/user/abgvg9/benchmark/files/all/fpps/fpps.pdb. Best match rsd_type:  LYS
core.io.pose_from_sfr.PoseFromSFRBuilder: [ WARNING ] discarding 2 atoms at position 147 in file /data/user/abgvg9/benchmark/files/all/fpps/fpps.pdb. Best match rsd_type:  SER
core.io.pose_from_sfr.PoseFromSFRBuilder: [ WARNING ] discarding 1 atoms at position 148 in file /data/user/abgvg9/benchmark/files/all/fpps/fpps.pdb. Best match rsd_type:  ILE
core.io.pose_from_sfr.PoseFromSFRBuilder: [ WARNING ] discarding 1 atoms at position 149 in file /data/user/abgvg9/benchmark/files/all/fpps/fpps.pdb. Best match rsd_type:  VAL
core.io.pose_from_sfr.PoseFromSFRBuilder: [ WARNING ] discarding 4 atoms at position 150 in file /data/user/abgvg9/benchmark/files/all/fpps/fpps.pdb. Best match rsd_type:  LYS
core.io.pose_from_sfr.PoseFromSFRBuilder: [ WARNING ] discarding 2 atoms at position 151 in file /data/user/abgvg9/benchmark/files/all/fpps/fpps.pdb. Best match rsd_type:  TYR
core.io.pose_from_sfr.PoseFromSFRBuilder: [ WARNING ] discarding 4 atoms at position 152 in file /data/user/abgvg9/benchmark/files/all/fpps/fpps.pdb. Best match rsd_type:  LYS
core.io.pose_from_sfr.PoseFromSFRBuilder: [ WARNING ] discarding 2 atoms at position 153 in file /data/user/abgvg9/benchmark/files/all/fpps/fpps.pdb. Best match rsd_type:  THR
core.io.pose_from_sfr.PoseFromSFRBuilder: [ WARNING ] discarding 1 atoms at position 154 in file /data/user/abgvg9/benchmark/files/all/fpps/fpps.pdb. Best match rsd_type:  ALA
core.io.pose_from_sfr.PoseFromSFRBuilder: [ WARNING ] discarding 1 atoms at position 155 in file /data/user/abgvg9/benchmark/files/all/fpps/fpps.pdb. Best match rsd_type:  PHE
core.io.pose_from_sfr.PoseFromSFRBuilder: [ WARNING ] discarding 2 atoms at position 156 in file /data/user/abgvg9/benchmark/files/all/fpps/fpps.pdb. Best match rsd_type:  TYR
core.io.pose_from_sfr.PoseFromSFRBuilder: [ WARNING ] discarding 2 atoms at position 157 in file /data/user/abgvg9/benchmark/files/all/fpps/fpps.pdb. Best match rsd_type:  SER
core.io.pose_from_sfr.PoseFromSFRBuilder: [ WARNING ] discarding 1 atoms at position 158 in file /data/user/abgvg9/benchmark/files/all/fpps/fpps.pdb. Best match rsd_type:  PHE
core.io.pose_from_sfr.PoseFromSFRBuilder: [ WARNING ] discarding 2 atoms at position 159 in file /data/user/abgvg9/benchmark/files/all/fpps/fpps.pdb. Best match rsd_type:  TYR
core.io.pose_from_sfr.PoseFromSFRBuilder: [ WARNING ] discarding 1 atoms at position 160 in file /data/user/abgvg9/benchmark/files/all/fpps/fpps.pdb. Best match rsd_type:  LEU
core.io.pose_from_sfr.PoseFromSFRBuilder: [ WARNING ] discarding 1 atoms at position 162 in file /data/user/abgvg9/benchmark/files/all/fpps/fpps.pdb. Best match rsd_type:  ILE
core.io.pose_from_sfr.PoseFromSFRBuilder: [ WARNING ] discarding 1 atoms at position 163 in file /data/user/abgvg9/benchmark/files/all/fpps/fpps.pdb. Best match rsd_type:  ALA
core.io.pose_from_sfr.PoseFromSFRBuilder: [ WARNING ] discarding 1 atoms at position 164 in file /data/user/abgvg9/benchmark/files/all/fpps/fpps.pdb. Best match rsd_type:  ALA
core.io.pose_from_sfr.PoseFromSFRBuilder: [ WARNING ] discarding 1 atoms at position 165 in file /data/user/abgvg9/benchmark/files/all/fpps/fpps.pdb. Best match rsd_type:  ALA
core.io.pose_from_sfr.PoseFromSFRBuilder: [ WARNING ] discarding 1 atoms at position 166 in file /data/user/abgvg9/benchmark/files/all/fpps/fpps.pdb. Best match rsd_type:  MET
core.io.pose_from_sfr.PoseFromSFRBuilder: [ WARNING ] discarding 2 atoms at position 167 in file /data/user/abgvg9/benchmark/files/all/fpps/fpps.pdb. Best match rsd_type:  TYR
core.io.pose_from_sfr.PoseFromSFRBuilder: [ WARNING ] discarding 1 atoms at position 168 in file /data/user/abgvg9/benchmark/files/all/fpps/fpps.pdb. Best match rsd_type:  MET
core.io.pose_from_sfr.PoseFromSFRBuilder: [ WARNING ] discarding 1 atoms at position 169 in file /data/user/abgvg9/benchmark/files/all/fpps/fpps.pdb. Best match rsd_type:  ILE
core.io.pose_from_sfr.PoseFromSFRBuilder: [ WARNING ] discarding 1 atoms at position 170 in file /data/user/abgvg9/benchmark/files/all/fpps/fpps.pdb. Best match rsd_type:  GLU
core.io.pose_from_sfr.PoseFromSFRBuilder: [ WARNING ] discarding 4 atoms at position 171 in file /data/user/abgvg9/benchmark/files/all/fpps/fpps.pdb. Best match rsd_type:  LYS
core.io.pose_from_sfr.PoseFromSFRBuilder: [ WARNING ] discarding 1 atoms at position 172 in file /data/user/abgvg9/benchmark/files/all/fpps/fpps.pdb. Best match rsd_type:  GLU
core.io.pose_from_sfr.PoseFromSFRBuilder: [ WARNING ] discarding 2 atoms at position 173 in file /data/user/abgvg9/benchmark/files/all/fpps/fpps.pdb. Best match rsd_type:  HIS
core.io.pose_from_sfr.PoseFromSFRBuilder: [ WARNING ] discarding 1 atoms at position 174 in file /data/user/abgvg9/benchmark/files/all/fpps/fpps.pdb. Best match rsd_type:  ALA
core.io.pose_from_sfr.PoseFromSFRBuilder: [ WARNING ] discarding 3 atoms at position 175 in file /data/user/abgvg9/benchmark/files/all/fpps/fpps.pdb. Best match rsd_type:  ASN
core.io.pose_from_sfr.PoseFromSFRBuilder: [ WARNING ] discarding 1 atoms at position 176 in file /data/user/abgvg9/benchmark/files/all/fpps/fpps.pdb. Best match rsd_type:  ALA
core.io.pose_from_sfr.PoseFromSFRBuilder: [ WARNING ] discarding 4 atoms at position 177 in file /data/user/abgvg9/benchmark/files/all/fpps/fpps.pdb. Best match rsd_type:  LYS
core.io.pose_from_sfr.PoseFromSFRBuilder: [ WARNING ] discarding 4 atoms at position 178 in file /data/user/abgvg9/benchmark/files/all/fpps/fpps.pdb. Best match rsd_type:  LYS
core.io.pose_from_sfr.PoseFromSFRBuilder: [ WARNING ] discarding 1 atoms at position 179 in file /data/user/abgvg9/benchmark/files/all/fpps/fpps.pdb. Best match rsd_type:  ILE
core.io.pose_from_sfr.PoseFromSFRBuilder: [ WARNING ] discarding 1 atoms at position 180 in file /data/user/abgvg9/benchmark/files/all/fpps/fpps.pdb. Best match rsd_type:  LEU
core.io.pose_from_sfr.PoseFromSFRBuilder: [ WARNING ] discarding 1 atoms at position 181 in file /data/user/abgvg9/benchmark/files/all/fpps/fpps.pdb. Best match rsd_type:  LEU
core.io.pose_from_sfr.PoseFromSFRBuilder: [ WARNING ] discarding 1 atoms at position 182 in file /data/user/abgvg9/benchmark/files/all/fpps/fpps.pdb. Best match rsd_type:  GLU
core.io.pose_from_sfr.PoseFromSFRBuilder: [ WARNING ] discarding 1 atoms at position 183 in file /data/user/abgvg9/benchmark/files/all/fpps/fpps.pdb. Best match rsd_type:  MET
core.io.pose_from_sfr.PoseFromSFRBuilder: [ WARNING ] discarding 1 atoms at position 184 in file /data/user/abgvg9/benchmark/files/all/fpps/fpps.pdb. Best match rsd_type:  GLY
core.io.pose_from_sfr.PoseFromSFRBuilder: [ WARNING ] discarding 1 atoms at position 185 in file /data/user/abgvg9/benchmark/files/all/fpps/fpps.pdb. Best match rsd_type:  GLU
core.io.pose_from_sfr.PoseFromSFRBuilder: [ WARNING ] discarding 1 atoms at position 186 in file /data/user/abgvg9/benchmark/files/all/fpps/fpps.pdb. Best match rsd_type:  PHE
core.io.pose_from_sfr.PoseFromSFRBuilder: [ WARNING ] discarding 1 atoms at position 187 in file /data/user/abgvg9/benchmark/files/all/fpps/fpps.pdb. Best match rsd_type:  PHE
core.io.pose_from_sfr.PoseFromSFRBuilder: [ WARNING ] discarding 3 atoms at position 188 in file /data/user/abgvg9/benchmark/files/all/fpps/fpps.pdb. Best match rsd_type:  GLN
core.io.pose_from_sfr.PoseFromSFRBuilder: [ WARNING ] discarding 1 atoms at position 189 in file /data/user/abgvg9/benchmark/files/all/fpps/fpps.pdb. Best match rsd_type:  ILE
core.io.pose_from_sfr.PoseFromSFRBuilder: [ WARNING ] discarding 3 atoms at position 190 in file /data/user/abgvg9/benchmark/files/all/fpps/fpps.pdb. Best match rsd_type:  GLN
core.io.pose_from_sfr.PoseFromSFRBuilder: [ WARNING ] discarding 1 atoms at position 191 in file /data/user/abgvg9/benchmark/files/all/fpps/fpps.pdb. Best match rsd_type:  ASP
core.io.pose_from_sfr.PoseFromSFRBuilder: [ WARNING ] discarding 2 atoms at position 192 in file /data/user/abgvg9/benchmark/files/all/fpps/fpps.pdb. Best match rsd_type:  TYR
core.io.pose_from_sfr.PoseFromSFRBuilder: [ WARNING ] discarding 1 atoms at position 193 in file /data/user/abgvg9/benchmark/files/all/fpps/fpps.pdb. Best match rsd_type:  LEU
core.io.pose_from_sfr.PoseFromSFRBuilder: [ WARNING ] discarding 1 atoms at position 194 in file /data/user/abgvg9/benchmark/files/all/fpps/fpps.pdb. Best match rsd_type:  ASP
core.io.pose_from_sfr.PoseFromSFRBuilder: [ WARNING ] discarding 1 atoms at position 195 in file /data/user/abgvg9/benchmark/files/all/fpps/fpps.pdb. Best match rsd_type:  LEU
core.io.pose_from_sfr.PoseFromSFRBuilder: [ WARNING ] discarding 1 atoms at position 196 in file /data/user/abgvg9/benchmark/files/all/fpps/fpps.pdb. Best match rsd_type:  PHE
core.io.pose_from_sfr.PoseFromSFRBuilder: [ WARNING ] discarding 1 atoms at position 197 in file /data/user/abgvg9/benchmark/files/all/fpps/fpps.pdb. Best match rsd_type:  GLY
core.io.pose_from_sfr.PoseFromSFRBuilder: [ WARNING ] discarding 1 atoms at position 198 in file /data/user/abgvg9/benchmark/files/all/fpps/fpps.pdb. Best match rsd_type:  ASP
core.io.pose_from_sfr.PoseFromSFRBuilder: [ WARNING ] discarding 2 atoms at position 200 in file /data/user/abgvg9/benchmark/files/all/fpps/fpps.pdb. Best match rsd_type:  SER
core.io.pose_from_sfr.PoseFromSFRBuilder: [ WARNING ] discarding 1 atoms at position 201 in file /data/user/abgvg9/benchmark/files/all/fpps/fpps.pdb. Best match rsd_type:  VAL
core.io.pose_from_sfr.PoseFromSFRBuilder: [ WARNING ] discarding 2 atoms at position 202 in file /data/user/abgvg9/benchmark/files/all/fpps/fpps.pdb. Best match rsd_type:  THR
core.io.pose_from_sfr.PoseFromSFRBuilder: [ WARNING ] discarding 1 atoms at position 203 in file /data/user/abgvg9/benchmark/files/all/fpps/fpps.pdb. Best match rsd_type:  GLY
core.io.pose_from_sfr.PoseFromSFRBuilder: [ WARNING ] discarding 4 atoms at position 204 in file /data/user/abgvg9/benchmark/files/all/fpps/fpps.pdb. Best match rsd_type:  LYS
core.io.pose_from_sfr.PoseFromSFRBuilder: [ WARNING ] discarding 1 atoms at position 205 in file /data/user/abgvg9/benchmark/files/all/fpps/fpps.pdb. Best match rsd_type:  ILE
core.io.pose_from_sfr.PoseFromSFRBuilder: [ WARNING ] discarding 1 atoms at position 206 in file /data/user/abgvg9/benchmark/files/all/fpps/fpps.pdb. Best match rsd_type:  GLY
core.io.pose_from_sfr.PoseFromSFRBuilder: [ WARNING ] discarding 2 atoms at position 207 in file /data/user/abgvg9/benchmark/files/all/fpps/fpps.pdb. Best match rsd_type:  THR
core.io.pose_from_sfr.PoseFromSFRBuilder: [ WARNING ] discarding 1 atoms at position 208 in file /data/user/abgvg9/benchmark/files/all/fpps/fpps.pdb. Best match rsd_type:  ASP
core.io.pose_from_sfr.PoseFromSFRBuilder: [ WARNING ] discarding 1 atoms at position 209 in file /data/user/abgvg9/benchmark/files/all/fpps/fpps.pdb. Best match rsd_type:  ILE
core.io.pose_from_sfr.PoseFromSFRBuilder: [ WARNING ] discarding 3 atoms at position 210 in file /data/user/abgvg9/benchmark/files/all/fpps/fpps.pdb. Best match rsd_type:  GLN
core.io.pose_from_sfr.PoseFromSFRBuilder: [ WARNING ] discarding 1 atoms at position 211 in file /data/user/abgvg9/benchmark/files/all/fpps/fpps.pdb. Best match rsd_type:  ASP
core.io.pose_from_sfr.PoseFromSFRBuilder: [ WARNING ] discarding 3 atoms at position 212 in file /data/user/abgvg9/benchmark/files/all/fpps/fpps.pdb. Best match rsd_type:  ASN
core.io.pose_from_sfr.PoseFromSFRBuilder: [ WARNING ] discarding 4 atoms at position 213 in file /data/user/abgvg9/benchmark/files/all/fpps/fpps.pdb. Best match rsd_type:  LYS
core.io.pose_from_sfr.PoseFromSFRBuilder: [ WARNING ] discarding 2 atoms at position 214 in file /data/user/abgvg9/benchmark/files/all/fpps/fpps.pdb. Best match rsd_type:  CYS
core.io.pose_from_sfr.PoseFromSFRBuilder: [ WARNING ] discarding 2 atoms at position 215 in file /data/user/abgvg9/benchmark/files/all/fpps/fpps.pdb. Best match rsd_type:  SER
core.io.pose_from_sfr.PoseFromSFRBuilder: [ WARNING ] discarding 2 atoms at position 216 in file /data/user/abgvg9/benchmark/files/all/fpps/fpps.pdb. Best match rsd_type:  TRP
core.io.pose_from_sfr.PoseFromSFRBuilder: [ WARNING ] discarding 1 atoms at position 217 in file /data/user/abgvg9/benchmark/files/all/fpps/fpps.pdb. Best match rsd_type:  LEU
core.io.pose_from_sfr.PoseFromSFRBuilder: [ WARNING ] discarding 1 atoms at position 218 in file /data/user/abgvg9/benchmark/files/all/fpps/fpps.pdb. Best match rsd_type:  VAL
core.io.pose_from_sfr.PoseFromSFRBuilder: [ WARNING ] discarding 1 atoms at position 219 in file /data/user/abgvg9/benchmark/files/all/fpps/fpps.pdb. Best match rsd_type:  VAL
core.io.pose_from_sfr.PoseFromSFRBuilder: [ WARNING ] discarding 3 atoms at position 220 in file /data/user/abgvg9/benchmark/files/all/fpps/fpps.pdb. Best match rsd_type:  GLN
core.io.pose_from_sfr.PoseFromSFRBuilder: [ WARNING ] discarding 2 atoms at position 221 in file /data/user/abgvg9/benchmark/files/all/fpps/fpps.pdb. Best match rsd_type:  CYS
core.io.pose_from_sfr.PoseFromSFRBuilder: [ WARNING ] discarding 1 atoms at position 222 in file /data/user/abgvg9/benchmark/files/all/fpps/fpps.pdb. Best match rsd_type:  LEU
core.io.pose_from_sfr.PoseFromSFRBuilder: [ WARNING ] discarding 3 atoms at position 223 in file /data/user/abgvg9/benchmark/files/all/fpps/fpps.pdb. Best match rsd_type:  GLN
core.io.pose_from_sfr.PoseFromSFRBuilder: [ WARNING ] discarding 6 atoms at position 224 in file /data/user/abgvg9/benchmark/files/all/fpps/fpps.pdb. Best match rsd_type:  ARG
core.io.pose_from_sfr.PoseFromSFRBuilder: [ WARNING ] discarding 1 atoms at position 225 in file /data/user/abgvg9/benchmark/files/all/fpps/fpps.pdb. Best match rsd_type:  ALA
core.io.pose_from_sfr.PoseFromSFRBuilder: [ WARNING ] discarding 3 atoms at position 226 in file /data/user/abgvg9/benchmark/files/all/fpps/fpps.pdb. Best match rsd_type:  GLN
core.io.pose_from_sfr.PoseFromSFRBuilder: [ WARNING ] discarding 2 atoms at position 227 in file /data/user/abgvg9/benchmark/files/all/fpps/fpps.pdb. Best match rsd_type:  TYR
core.io.pose_from_sfr.PoseFromSFRBuilder: [ WARNING ] discarding 3 atoms at position 228 in file /data/user/abgvg9/benchmark/files/all/fpps/fpps.pdb. Best match rsd_type:  GLN
core.io.pose_from_sfr.PoseFromSFRBuilder: [ WARNING ] discarding 1 atoms at position 229 in file /data/user/abgvg9/benchmark/files/all/fpps/fpps.pdb. Best match rsd_type:  ILE
core.io.pose_from_sfr.PoseFromSFRBuilder: [ WARNING ] discarding 1 atoms at position 230 in file /data/user/abgvg9/benchmark/files/all/fpps/fpps.pdb. Best match rsd_type:  LEU
core.io.pose_from_sfr.PoseFromSFRBuilder: [ WARNING ] discarding 4 atoms at position 231 in file /data/user/abgvg9/benchmark/files/all/fpps/fpps.pdb. Best match rsd_type:  LYS
core.io.pose_from_sfr.PoseFromSFRBuilder: [ WARNING ] discarding 1 atoms at position 232 in file /data/user/abgvg9/benchmark/files/all/fpps/fpps.pdb. Best match rsd_type:  GLU
core.io.pose_from_sfr.PoseFromSFRBuilder: [ WARNING ] discarding 3 atoms at position 233 in file /data/user/abgvg9/benchmark/files/all/fpps/fpps.pdb. Best match rsd_type:  ASN
core.io.pose_from_sfr.PoseFromSFRBuilder: [ WARNING ] discarding 2 atoms at position 234 in file /data/user/abgvg9/benchmark/files/all/fpps/fpps.pdb. Best match rsd_type:  TYR
core.io.pose_from_sfr.PoseFromSFRBuilder: [ WARNING ] discarding 1 atoms at position 235 in file /data/user/abgvg9/benchmark/files/all/fpps/fpps.pdb. Best match rsd_type:  GLY
core.io.pose_from_sfr.PoseFromSFRBuilder: [ WARNING ] discarding 3 atoms at position 236 in file /data/user/abgvg9/benchmark/files/all/fpps/fpps.pdb. Best match rsd_type:  GLN
core.io.pose_from_sfr.PoseFromSFRBuilder: [ WARNING ] discarding 4 atoms at position 237 in file /data/user/abgvg9/benchmark/files/all/fpps/fpps.pdb. Best match rsd_type:  LYS
core.io.pose_from_sfr.PoseFromSFRBuilder: [ WARNING ] discarding 1 atoms at position 238 in file /data/user/abgvg9/benchmark/files/all/fpps/fpps.pdb. Best match rsd_type:  GLU
core.io.pose_from_sfr.PoseFromSFRBuilder: [ WARNING ] discarding 1 atoms at position 239 in file /data/user/abgvg9/benchmark/files/all/fpps/fpps.pdb. Best match rsd_type:  ALA
core.io.pose_from_sfr.PoseFromSFRBuilder: [ WARNING ] discarding 1 atoms at position 240 in file /data/user/abgvg9/benchmark/files/all/fpps/fpps.pdb. Best match rsd_type:  GLU
core.io.pose_from_sfr.PoseFromSFRBuilder: [ WARNING ] discarding 4 atoms at position 241 in file /data/user/abgvg9/benchmark/files/all/fpps/fpps.pdb. Best match rsd_type:  LYS
core.io.pose_from_sfr.PoseFromSFRBuilder: [ WARNING ] discarding 1 atoms at position 242 in file /data/user/abgvg9/benchmark/files/all/fpps/fpps.pdb. Best match rsd_type:  VAL
core.io.pose_from_sfr.PoseFromSFRBuilder: [ WARNING ] discarding 1 atoms at position 243 in file /data/user/abgvg9/benchmark/files/all/fpps/fpps.pdb. Best match rsd_type:  ALA
core.io.pose_from_sfr.PoseFromSFRBuilder: [ WARNING ] discarding 6 atoms at position 244 in file /data/user/abgvg9/benchmark/files/all/fpps/fpps.pdb. Best match rsd_type:  ARG
core.io.pose_from_sfr.PoseFromSFRBuilder: [ WARNING ] discarding 1 atoms at position 245 in file /data/user/abgvg9/benchmark/files/all/fpps/fpps.pdb. Best match rsd_type:  VAL
core.io.pose_from_sfr.PoseFromSFRBuilder: [ WARNING ] discarding 4 atoms at position 246 in file /data/user/abgvg9/benchmark/files/all/fpps/fpps.pdb. Best match rsd_type:  LYS
core.io.pose_from_sfr.PoseFromSFRBuilder: [ WARNING ] discarding 1 atoms at position 247 in file /data/user/abgvg9/benchmark/files/all/fpps/fpps.pdb. Best match rsd_type:  ALA
core.io.pose_from_sfr.PoseFromSFRBuilder: [ WARNING ] discarding 1 atoms at position 248 in file /data/user/abgvg9/benchmark/files/all/fpps/fpps.pdb. Best match rsd_type:  LEU
core.io.pose_from_sfr.PoseFromSFRBuilder: [ WARNING ] discarding 2 atoms at position 249 in file /data/user/abgvg9/benchmark/files/all/fpps/fpps.pdb. Best match rsd_type:  TYR
core.io.pose_from_sfr.PoseFromSFRBuilder: [ WARNING ] discarding 1 atoms at position 250 in file /data/user/abgvg9/benchmark/files/all/fpps/fpps.pdb. Best match rsd_type:  GLU
core.io.pose_from_sfr.PoseFromSFRBuilder: [ WARNING ] discarding 1 atoms at position 251 in file /data/user/abgvg9/benchmark/files/all/fpps/fpps.pdb. Best match rsd_type:  GLU
core.io.pose_from_sfr.PoseFromSFRBuilder: [ WARNING ] discarding 1 atoms at position 252 in file /data/user/abgvg9/benchmark/files/all/fpps/fpps.pdb. Best match rsd_type:  LEU
core.io.pose_from_sfr.PoseFromSFRBuilder: [ WARNING ] discarding 1 atoms at position 253 in file /data/user/abgvg9/benchmark/files/all/fpps/fpps.pdb. Best match rsd_type:  ASP
core.io.pose_from_sfr.PoseFromSFRBuilder: [ WARNING ] discarding 1 atoms at position 254 in file /data/user/abgvg9/benchmark/files/all/fpps/fpps.pdb. Best match rsd_type:  LEU
core.io.pose_from_sfr.PoseFromSFRBuilder: [ WARNING ] discarding 1 atoms at position 256 in file /data/user/abgvg9/benchmark/files/all/fpps/fpps.pdb. Best match rsd_type:  ALA
core.io.pose_from_sfr.PoseFromSFRBuilder: [ WARNING ] discarding 1 atoms at position 257 in file /data/user/abgvg9/benchmark/files/all/fpps/fpps.pdb. Best match rsd_type:  VAL
core.io.pose_from_sfr.PoseFromSFRBuilder: [ WARNING ] discarding 1 atoms at position 258 in file /data/user/abgvg9/benchmark/files/all/fpps/fpps.pdb. Best match rsd_type:  PHE
core.io.pose_from_sfr.PoseFromSFRBuilder: [ WARNING ] discarding 1 atoms at position 259 in file /data/user/abgvg9/benchmark/files/all/fpps/fpps.pdb. Best match rsd_type:  LEU
core.io.pose_from_sfr.PoseFromSFRBuilder: [ WARNING ] discarding 3 atoms at position 260 in file /data/user/abgvg9/benchmark/files/all/fpps/fpps.pdb. Best match rsd_type:  GLN
core.io.pose_from_sfr.PoseFromSFRBuilder: [ WARNING ] discarding 2 atoms at position 261 in file /data/user/abgvg9/benchmark/files/all/fpps/fpps.pdb. Best match rsd_type:  TYR
core.io.pose_from_sfr.PoseFromSFRBuilder: [ WARNING ] discarding 1 atoms at position 262 in file /data/user/abgvg9/benchmark/files/all/fpps/fpps.pdb. Best match rsd_type:  GLU
core.io.pose_from_sfr.PoseFromSFRBuilder: [ WARNING ] discarding 1 atoms at position 263 in file /data/user/abgvg9/benchmark/files/all/fpps/fpps.pdb. Best match rsd_type:  GLU
core.io.pose_from_sfr.PoseFromSFRBuilder: [ WARNING ] discarding 1 atoms at position 264 in file /data/user/abgvg9/benchmark/files/all/fpps/fpps.pdb. Best match rsd_type:  ASP
core.io.pose_from_sfr.PoseFromSFRBuilder: [ WARNING ] discarding 2 atoms at position 265 in file /data/user/abgvg9/benchmark/files/all/fpps/fpps.pdb. Best match rsd_type:  SER
core.io.pose_from_sfr.PoseFromSFRBuilder: [ WARNING ] discarding 2 atoms at position 266 in file /data/user/abgvg9/benchmark/files/all/fpps/fpps.pdb. Best match rsd_type:  TYR
core.io.pose_from_sfr.PoseFromSFRBuilder: [ WARNING ] discarding 2 atoms at position 267 in file /data/user/abgvg9/benchmark/files/all/fpps/fpps.pdb. Best match rsd_type:  SER
core.io.pose_from_sfr.PoseFromSFRBuilder: [ WARNING ] discarding 2 atoms at position 268 in file /data/user/abgvg9/benchmark/files/all/fpps/fpps.pdb. Best match rsd_type:  HIS
core.io.pose_from_sfr.PoseFromSFRBuilder: [ WARNING ] discarding 1 atoms at position 269 in file /data/user/abgvg9/benchmark/files/all/fpps/fpps.pdb. Best match rsd_type:  ILE
core.io.pose_from_sfr.PoseFromSFRBuilder: [ WARNING ] discarding 1 atoms at position 270 in file /data/user/abgvg9/benchmark/files/all/fpps/fpps.pdb. Best match rsd_type:  MET
core.io.pose_from_sfr.PoseFromSFRBuilder: [ WARNING ] discarding 1 atoms at position 271 in file /data/user/abgvg9/benchmark/files/all/fpps/fpps.pdb. Best match rsd_type:  ALA
core.io.pose_from_sfr.PoseFromSFRBuilder: [ WARNING ] discarding 1 atoms at position 272 in file /data/user/abgvg9/benchmark/files/all/fpps/fpps.pdb. Best match rsd_type:  LEU
core.io.pose_from_sfr.PoseFromSFRBuilder: [ WARNING ] discarding 1 atoms at position 273 in file /data/user/abgvg9/benchmark/files/all/fpps/fpps.pdb. Best match rsd_type:  ILE
core.io.pose_from_sfr.PoseFromSFRBuilder: [ WARNING ] discarding 2 atoms at position 274 in file /data/user/abgvg9/benchmark/files/all/fpps/fpps.pdb. Best match rsd_type:  TYR
core.io.pose_from_sfr.PoseFromSFRBuilder: [ WARNING ] discarding 1 atoms at position 275 in file /data/user/abgvg9/benchmark/files/all/fpps/fpps.pdb. Best match rsd_type:  LEU
core.io.pose_from_sfr.PoseFromSFRBuilder: [ WARNING ] discarding 1 atoms at position 277 in file /data/user/abgvg9/benchmark/files/all/fpps/fpps.pdb. Best match rsd_type:  ALA
core.io.pose_from_sfr.PoseFromSFRBuilder: [ WARNING ] discarding 1 atoms at position 278 in file /data/user/abgvg9/benchmark/files/all/fpps/fpps.pdb. Best match rsd_type:  VAL
core.io.pose_from_sfr.PoseFromSFRBuilder: [ WARNING ] discarding 1 atoms at position 279 in file /data/user/abgvg9/benchmark/files/all/fpps/fpps.pdb. Best match rsd_type:  PHE
core.io.pose_from_sfr.PoseFromSFRBuilder: [ WARNING ] discarding 1 atoms at position 280 in file /data/user/abgvg9/benchmark/files/all/fpps/fpps.pdb. Best match rsd_type:  LEU
core.io.pose_from_sfr.PoseFromSFRBuilder: [ WARNING ] discarding 1 atoms at position 281 in file /data/user/abgvg9/benchmark/files/all/fpps/fpps.pdb. Best match rsd_type:  GLY
core.io.pose_from_sfr.PoseFromSFRBuilder: [ WARNING ] discarding 1 atoms at position 282 in file /data/user/abgvg9/benchmark/files/all/fpps/fpps.pdb. Best match rsd_type:  LEU
core.io.pose_from_sfr.PoseFromSFRBuilder: [ WARNING ] discarding 1 atoms at position 283 in file /data/user/abgvg9/benchmark/files/all/fpps/fpps.pdb. Best match rsd_type:  ALA
core.io.pose_from_sfr.PoseFromSFRBuilder: [ WARNING ] discarding 6 atoms at position 284 in file /data/user/abgvg9/benchmark/files/all/fpps/fpps.pdb. Best match rsd_type:  ARG
core.io.pose_from_sfr.PoseFromSFRBuilder: [ WARNING ] discarding 4 atoms at position 285 in file /data/user/abgvg9/benchmark/files/all/fpps/fpps.pdb. Best match rsd_type:  LYS
core.io.pose_from_sfr.PoseFromSFRBuilder: [ WARNING ] discarding 1 atoms at position 286 in file /data/user/abgvg9/benchmark/files/all/fpps/fpps.pdb. Best match rsd_type:  ILE
core.io.pose_from_sfr.PoseFromSFRBuilder: [ WARNING ] discarding 2 atoms at position 287 in file /data/user/abgvg9/benchmark/files/all/fpps/fpps.pdb. Best match rsd_type:  TYR
core.io.pose_from_sfr.PoseFromSFRBuilder: [ WARNING ] discarding 4 atoms at position 288 in file /data/user/abgvg9/benchmark/files/all/fpps/fpps.pdb. Best match rsd_type:  LYS
core.io.pose_from_sfr.PoseFromSFRBuilder: [ WARNING ] discarding 6 atoms at position 289 in file /data/user/abgvg9/benchmark/files/all/fpps/fpps.pdb. Best match rsd_type:  ARG
core.io.pose_from_sfr.PoseFromSFRBuilder: [ WARNING ] discarding 6 atoms at position 290 in file /data/user/abgvg9/benchmark/files/all/fpps/fpps.pdb. Best match rsd_type:  ARG
core.io.pose_from_sfr.PoseFromSFRBuilder: [ WARNING ] discarding 4 atoms at position 291 in file /data/user/abgvg9/benchmark/files/all/fpps/fpps.pdb. Best match rsd_type:  LYS:CtermProteinFull
LDS_app: Making LigandDiscoverySearch object
core.scoring.etable: Starting energy table calculation
core.scoring.etable: smooth_etable: changing atr/rep split to bottom of energy well
core.scoring.etable: smooth_etable: spline smoothing lj etables (maxdis = 6)
core.scoring.etable: smooth_etable: spline smoothing solvation etables (max_dis = 6)
core.scoring.etable: Finished calculating energy tables.
basic.io.database: Database file opened: scoring/score_functions/PairEPotential/pdb_pair_stats_fine
basic.io.database: Database file opened: scoring/score_functions/hbonds/ref2015_params/HBPoly1D.csv
basic.io.database: Database file opened: scoring/score_functions/hbonds/ref2015_params/HBFadeIntervals.csv
basic.io.database: Database file opened: scoring/score_functions/hbonds/ref2015_params/HBEval.csv
basic.io.database: Database file opened: scoring/score_functions/hbonds/ref2015_params/DonStrength.csv
basic.io.database: Database file opened: scoring/score_functions/hbonds/ref2015_params/AccStrength.csv
basic.io.database: Database file opened: scoring/score_functions/P_AA_pp/P_AA
basic.io.database: Database file opened: scoring/score_functions/P_AA_pp/P_AA_n
core.scoring.P_AA: shapovalov_lib::shap_p_aa_pp_smooth_level of 1( aka low_smooth ) got activated.
basic.io.database: Database file opened: scoring/score_functions/P_AA_pp/shapovalov/10deg/kappa131/a20.prop
basic.io.database: Database file opened: scoring/score_functions/omega/omega_ppdep.all.txt
basic.io.database: Database file opened: scoring/score_functions/omega/omega_ppdep.gly.txt
basic.io.database: Database file opened: scoring/score_functions/omega/omega_ppdep.pro.txt
basic.io.database: Database file opened: scoring/score_functions/omega/omega_ppdep.valile.txt
LDS_app: Running discovery for fpps
protocols.ligand_docking.ligand_options.Protocol: Initializing options: 
protocols.ligand_docking.ligand_options.Protocol: allow_minimization_: 1
protocols.ligand_docking.ligand_options.Protocol: allow_repacking_: 1
protocols.ligand_docking.ligand_options.Protocol: all_residues_: 0
LigandDiscoverySearch.discover: Current anchor residue position: 204
LigandDiscoverySearch.create_protein_matrix_space_fill: binding_pocket_dimensions: 10,10,10
LigandDiscoverySearch.create_protein_matrix_space_fill: binding_pocket_dimensions: 2,4,2
LigandDiscoverySearch.create_protein_matrix_space_fill: Sub-region stats without placed region, bound by adjusted coordinates: x(28->32) y(28->36) z(25->29)
LigandDiscoverySearch.discover: Starting to iterate through all ligands
LigandDiscoverySearch.discover: On ligand +
basic.io.database: [ WARNING ] Unable to locate database file chemical/pdb_components/components.c.cif
basic.io.database: [ WARNING ] Unable to locate database file chemical/pdb_components/components.c.cif.gz
core.chemical.GlobalResidueTypeSet: [ WARNING ] Could not find: 'cry' in pdb components files! Skipping residue...
core.pack.task: Packer task: initialize from command line() 
core.pack.task: Packer task: initialize from command line() 
core.pack.task: Packer task: initialize from command line() 
protocols.moves.MonteCarlo: MonteCarlo:: last_accepted_score,lowest_score: -1106.9 -1106.9
basic.io.database: Database file opened: scoring/score_functions/elec_cp_reps.dat
core.scoring.elec.util: Read 40 countpair representative atoms
core.pack.dunbrack.RotamerLibrary: shapovalov_lib_fixes_enable option is true.
core.pack.dunbrack.RotamerLibrary: shapovalov_lib::shap_dun10_smooth_level of 1( aka lowest_smooth ) got activated.
core.pack.dunbrack.RotamerLibrary: Binary rotamer library selected: /scratch/abgvg9/rosetta_may_for_checkin/rosetta/database/rotamer/shapovalov/StpDwn_0-0-0/Dunbrack10.lib.bin
core.pack.dunbrack.RotamerLibrary: Using Dunbrack library binary file '/scratch/abgvg9/rosetta_may_for_checkin/rosetta/database/rotamer/shapovalov/StpDwn_0-0-0/Dunbrack10.lib.bin'.
core.pack.dunbrack.RotamerLibrary: Dunbrack 2010 library took 0.14 seconds to load from binary
protocols.motifs.Motif: Res1 name is LEU
protocols.motifs.Motif: atom1 name is OH
protocols.motifs.Motif: atom2 name is COO
protocols.motifs.Motif: atom3 name is Phos
protocols.motifs.Motif: Res1 name is LYS
protocols.motifs.Motif: atom1 name is OOC
protocols.motifs.Motif: atom2 name is Phos
protocols.motifs.Motif: atom3 name is OOC
protocols.motifs.Motif: Res1 name is THR
protocols.motifs.Motif: atom1 name is OOC
protocols.motifs.Motif: atom2 name is Phos
protocols.motifs.Motif: atom3 name is OOC
protocols.motifs.Motif: Res1 name is TYR
protocols.motifs.Motif: atom1 name is OOC
protocols.motifs.Motif: atom2 name is Phos
protocols.motifs.Motif: atom3 name is OOC
protocols.motifs.Motif: Res1 name is GLN
protocols.motifs.Motif: atom1 name is OOC
protocols.motifs.Motif: atom2 name is Phos
protocols.motifs.Motif: atom3 name is OOC
protocols.motifs.Motif: Res1 name is LYS
protocols.motifs.Motif: atom1 name is aroC
protocols.motifs.Motif: atom2 name is aroC
protocols.motifs.Motif: atom3 name is Nhis
core.pack.task: Packer task: initialize from command line() 
core.pack.task: Packer task: initialize from command line() 
core.pack.task: Packer task: initialize from command line() 
protocols.moves.MonteCarlo: MonteCarlo:: last_accepted_score,lowest_score: -1104.59 -1104.72
protocols.motifs.Motif: Res1 name is LEU
protocols.motifs.Motif: atom1 name is OH
protocols.motifs.Motif: atom2 name is COO
protocols.motifs.Motif: atom3 name is Phos
protocols.motifs.Motif: Res1 name is ARG
protocols.motifs.Motif: atom1 name is Nhis
protocols.motifs.Motif: atom2 name is aroC
protocols.motifs.Motif: atom3 name is Nhis
protocols.motifs.Motif: Res1 name is LYS
protocols.motifs.Motif: atom1 name is OOC
protocols.motifs.Motif: atom2 name is Phos
protocols.motifs.Motif: atom3 name is OOC
protocols.motifs.Motif: Res1 name is GLN
protocols.motifs.Motif: atom1 name is OOC
protocols.motifs.Motif: atom2 name is Phos
protocols.motifs.Motif: atom3 name is OOC
protocols.motifs.Motif: Res1 name is LYS
protocols.motifs.Motif: atom1 name is aroC
protocols.motifs.Motif: atom2 name is aroC
protocols.motifs.Motif: atom3 name is Nhis
core.pack.task: Packer task: initialize from command line() 
core.pack.task: Packer task: initialize from command line() 
core.pack.task: Packer task: initialize from command line() 
protocols.moves.MonteCarlo: MonteCarlo:: last_accepted_score,lowest_score: -1106.71 -1107.05
protocols.motifs.Motif: Res1 name is LEU
protocols.motifs.Motif: atom1 name is OOC
protocols.motifs.Motif: atom2 name is Phos
protocols.motifs.Motif: atom3 name is OOC
protocols.motifs.Motif: Res1 name is ARG
protocols.motifs.Motif: atom1 name is OOC
protocols.motifs.Motif: atom2 name is Phos
protocols.motifs.Motif: atom3 name is OOC
protocols.motifs.Motif: Res1 name is LYS
protocols.motifs.Motif: atom1 name is OOC
protocols.motifs.Motif: atom2 name is Phos
protocols.motifs.Motif: atom3 name is OOC
protocols.motifs.Motif: Res1 name is THR
protocols.motifs.Motif: atom1 name is OOC
protocols.motifs.Motif: atom2 name is Phos
protocols.motifs.Motif: atom3 name is OOC
protocols.motifs.Motif: Res1 name is PHE
protocols.motifs.Motif: atom1 name is aroC
protocols.motifs.Motif: atom2 name is aroC
protocols.motifs.Motif: atom3 name is Nhis
protocols.motifs.Motif: Res1 name is GLN
protocols.motifs.Motif: atom1 name is OOC
protocols.motifs.Motif: atom2 name is Phos
protocols.motifs.Motif: atom3 name is OOC
protocols.motifs.Motif: Res1 name is LYS
protocols.motifs.Motif: atom1 name is OOC
protocols.motifs.Motif: atom2 name is Phos
protocols.motifs.Motif: atom3 name is OOC
core.pack.task: Packer task: initialize from command line() 
core.pack.task: Packer task: initialize from command line() 
core.pack.task: Packer task: initialize from command line() 
protocols.moves.MonteCarlo: MonteCarlo:: last_accepted_score,lowest_score: -1104.71 -1104.71
protocols.motifs.Motif: Res1 name is LEU
protocols.motifs.Motif: atom1 name is OOC
protocols.motifs.Motif: atom2 name is Phos
protocols.motifs.Motif: atom3 name is OOC
protocols.motifs.Motif: Res1 name is ARG
protocols.motifs.Motif: atom1 name is OOC
protocols.motifs.Motif: atom2 name is Phos
protocols.motifs.Motif: atom3 name is OOC
protocols.motifs.Motif: Res1 name is GLN
protocols.motifs.Motif: atom1 name is OH
protocols.motifs.Motif: atom2 name is COO
protocols.motifs.Motif: atom3 name is Phos
protocols.motifs.Motif: Res1 name is LYS
protocols.motifs.Motif: atom1 name is OOC
protocols.motifs.Motif: atom2 name is Phos
protocols.motifs.Motif: atom3 name is OOC
core.pack.task: Packer task: initialize from command line() 
core.pack.task: Packer task: initialize from command line() 
core.pack.task: Packer task: initialize from command line() 
protocols.moves.MonteCarlo: MonteCarlo:: last_accepted_score,lowest_score: -1104.86 -1105.04
protocols.motifs.Motif: Res1 name is LEU
protocols.motifs.Motif: atom1 name is OOC
protocols.motifs.Motif: atom2 name is Phos
protocols.motifs.Motif: atom3 name is OOC
protocols.motifs.Motif: Res1 name is ARG
protocols.motifs.Motif: atom1 name is OOC
protocols.motifs.Motif: atom2 name is Phos
protocols.motifs.Motif: atom3 name is OOC
protocols.motifs.Motif: Res1 name is GLN
protocols.motifs.Motif: atom1 name is COO
protocols.motifs.Motif: atom2 name is CH2
protocols.motifs.Motif: atom3 name is Nhis
protocols.motifs.Motif: Res1 name is LYS
protocols.motifs.Motif: atom1 name is Nhis
protocols.motifs.Motif: atom2 name is aroC
protocols.motifs.Motif: atom3 name is Nhis
core.pack.task: Packer task: initialize from command line() 
core.pack.task: Packer task: initialize from command line() 
core.pack.task: Packer task: initialize from command line() 
protocols.moves.MonteCarlo: MonteCarlo:: last_accepted_score,lowest_score: -1103.72 -1103.89
protocols.motifs.Motif: Res1 name is LEU
protocols.motifs.Motif: atom1 name is OOC
protocols.motifs.Motif: atom2 name is Phos
protocols.motifs.Motif: atom3 name is OOC
protocols.motifs.Motif: Res1 name is ARG
protocols.motifs.Motif: atom1 name is OOC
protocols.motifs.Motif: atom2 name is Phos
protocols.motifs.Motif: atom3 name is OOC
protocols.motifs.Motif: Res1 name is GLN
protocols.motifs.Motif: atom1 name is OOC
protocols.motifs.Motif: atom2 name is Phos
protocols.motifs.Motif: atom3 name is OOC
protocols.motifs.Motif: Res1 name is LYS
protocols.motifs.Motif: atom1 name is OH
protocols.motifs.Motif: atom2 name is COO
protocols.motifs.Motif: atom3 name is Phos
core.pack.task: Packer task: initialize from command line() 
core.pack.task: Packer task: initialize from command line() 
core.pack.task: Packer task: initialize from command line() 
protocols.moves.MonteCarlo: MonteCarlo:: last_accepted_score,lowest_score: -1104.43 -1105.52
protocols.motifs.Motif: Res1 name is ARG
protocols.motifs.Motif: atom1 name is Nhis
protocols.motifs.Motif: atom2 name is aroC
protocols.motifs.Motif: atom3 name is Nhis
protocols.motifs.Motif: Res1 name is PHE
protocols.motifs.Motif: atom1 name is OOC
protocols.motifs.Motif: atom2 name is Phos
protocols.motifs.Motif: atom3 name is OOC
protocols.motifs.Motif: Res1 name is GLN
protocols.motifs.Motif: atom1 name is OOC
protocols.motifs.Motif: atom2 name is Phos
protocols.motifs.Motif: atom3 name is OOC
protocols.motifs.Motif: Res1 name is LYS
protocols.motifs.Motif: atom1 name is OH
protocols.motifs.Motif: atom2 name is COO
protocols.motifs.Motif: atom3 name is Phos
core.pack.task: Packer task: initialize from command line() 
core.pack.task: Packer task: initialize from command line() 
core.pack.task: Packer task: initialize from command line() 
protocols.moves.MonteCarlo: MonteCarlo:: last_accepted_score,lowest_score: -1105.24 -1106.59
protocols.motifs.Motif: Res1 name is LEU
protocols.motifs.Motif: atom1 name is OOC
protocols.motifs.Motif: atom2 name is Phos
protocols.motifs.Motif: atom3 name is OOC
protocols.motifs.Motif: Res1 name is ARG
protocols.motifs.Motif: atom1 name is OH
protocols.motifs.Motif: atom2 name is COO
protocols.motifs.Motif: atom3 name is Phos
protocols.motifs.Motif: Res1 name is GLN
protocols.motifs.Motif: atom1 name is OOC
protocols.motifs.Motif: atom2 name is Phos
protocols.motifs.Motif: atom3 name is OOC
core.pack.task: Packer task: initialize from command line() 
core.pack.task: Packer task: initialize from command line() 
core.pack.task: Packer task: initialize from command line() 
protocols.moves.MonteCarlo: MonteCarlo:: last_accepted_score,lowest_score: -1104.02 -1104.02
protocols.motifs.Motif: Res1 name is LEU
protocols.motifs.Motif: atom1 name is COO
protocols.motifs.Motif: atom2 name is CH2
protocols.motifs.Motif: atom3 name is Nhis
protocols.motifs.Motif: Res1 name is ARG
protocols.motifs.Motif: atom1 name is Nhis
protocols.motifs.Motif: atom2 name is aroC
protocols.motifs.Motif: atom3 name is Nhis
protocols.motifs.Motif: Res1 name is GLN
protocols.motifs.Motif: atom1 name is OOC
protocols.motifs.Motif: atom2 name is Phos
protocols.motifs.Motif: atom3 name is OOC
protocols.motifs.Motif: Res1 name is LYS
protocols.motifs.Motif: atom1 name is OOC
protocols.motifs.Motif: atom2 name is Phos
protocols.motifs.Motif: atom3 name is OOC
protocols.motifs.Motif: Res1 name is GLN
protocols.motifs.Motif: atom1 name is OOC
protocols.motifs.Motif: atom2 name is Phos
protocols.motifs.Motif: atom3 name is OOC
protocols.motifs.Motif: Res1 name is LYS
protocols.motifs.Motif: atom1 name is Nhis
protocols.motifs.Motif: atom2 name is aroC
protocols.motifs.Motif: atom3 name is Nhis
core.pack.task: Packer task: initialize from command line() 
core.pack.task: Packer task: initialize from command line() 
core.pack.task: Packer task: initialize from command line() 
protocols.moves.MonteCarlo: MonteCarlo:: last_accepted_score,lowest_score: -1108.88 -1108.88
protocols.motifs.Motif: Res1 name is PHE
protocols.motifs.Motif: atom1 name is OOC
protocols.motifs.Motif: atom2 name is Phos
protocols.motifs.Motif: atom3 name is OOC
protocols.motifs.Motif: Res1 name is LEU
protocols.motifs.Motif: atom1 name is OH
protocols.motifs.Motif: atom2 name is COO
protocols.motifs.Motif: atom3 name is Phos
protocols.motifs.Motif: Res1 name is GLN
protocols.motifs.Motif: atom1 name is OOC
protocols.motifs.Motif: atom2 name is Phos
protocols.motifs.Motif: atom3 name is OOC
protocols.motifs.Motif: Res1 name is LYS
protocols.motifs.Motif: atom1 name is OOC
protocols.motifs.Motif: atom2 name is Phos
protocols.motifs.Motif: atom3 name is OOC
protocols.motifs.Motif: Res1 name is THR
protocols.motifs.Motif: atom1 name is aroC
protocols.motifs.Motif: atom2 name is Nhis
protocols.motifs.Motif: atom3 name is CH2
protocols.motifs.Motif: Res1 name is TYR
protocols.motifs.Motif: atom1 name is OOC
protocols.motifs.Motif: atom2 name is Phos
protocols.motifs.Motif: atom3 name is OOC
protocols.motifs.Motif: Res1 name is GLN
protocols.motifs.Motif: atom1 name is aroC
protocols.motifs.Motif: atom2 name is Nhis
protocols.motifs.Motif: atom3 name is CH2
core.pack.task: Packer task: initialize from command line() 
core.pack.task: Packer task: initialize from command line() 
core.pack.task: Packer task: initialize from command line() 
protocols.moves.MonteCarlo: MonteCarlo:: last_accepted_score,lowest_score: -1105.54 -1105.9
protocols.motifs.Motif: Res1 name is LEU
protocols.motifs.Motif: atom1 name is aroC
protocols.motifs.Motif: atom2 name is Nhis
protocols.motifs.Motif: atom3 name is CH2
protocols.motifs.Motif: Res1 name is ARG
protocols.motifs.Motif: atom1 name is aroC
protocols.motifs.Motif: atom2 name is Nhis
protocols.motifs.Motif: atom3 name is CH2
protocols.motifs.Motif: Res1 name is LYS
protocols.motifs.Motif: atom1 name is OOC
protocols.motifs.Motif: atom2 name is Phos
protocols.motifs.Motif: atom3 name is OOC
protocols.motifs.Motif: Res1 name is THR
protocols.motifs.Motif: atom1 name is OOC
protocols.motifs.Motif: atom2 name is Phos
protocols.motifs.Motif: atom3 name is OOC
protocols.motifs.Motif: Res1 name is GLN
protocols.motifs.Motif: atom1 name is OH
protocols.motifs.Motif: atom2 name is COO
protocols.motifs.Motif: atom3 name is Phos
core.pack.task: Packer task: initialize from command line() 
core.pack.task: Packer task: initialize from command line() 
core.pack.task: Packer task: initialize from command line() 
protocols.moves.MonteCarlo: MonteCarlo:: last_accepted_score,lowest_score: -1104.8 -1104.84
protocols.motifs.Motif: Res1 name is THR
protocols.motifs.Motif: atom1 name is OOC
protocols.motifs.Motif: atom2 name is Phos
protocols.motifs.Motif: atom3 name is OOC
protocols.motifs.Motif: Res1 name is GLN
protocols.motifs.Motif: atom1 name is OH
protocols.motifs.Motif: atom2 name is COO
protocols.motifs.Motif: atom3 name is Phos
protocols.motifs.Motif: Res1 name is LYS
protocols.motifs.Motif: atom1 name is OOC
protocols.motifs.Motif: atom2 name is Phos
protocols.motifs.Motif: atom3 name is OOC
core.pack.task: Packer task: initialize from command line() 
core.pack.task: Packer task: initialize from command line() 
core.pack.task: Packer task: initialize from command line() 
protocols.moves.MonteCarlo: MonteCarlo:: last_accepted_score,lowest_score: -1105.78 -1105.78
protocols.motifs.Motif: Res1 name is LEU
protocols.motifs.Motif: atom1 name is OOC
protocols.motifs.Motif: atom2 name is Phos
protocols.motifs.Motif: atom3 name is OOC
protocols.motifs.Motif: Res1 name is ARG
protocols.motifs.Motif: atom1 name is COO
protocols.motifs.Motif: atom2 name is CH2
protocols.motifs.Motif: atom3 name is Nhis
protocols.motifs.Motif: Res1 name is GLN
protocols.motifs.Motif: atom1 name is OOC
protocols.motifs.Motif: atom2 name is Phos
protocols.motifs.Motif: atom3 name is OOC
protocols.motifs.Motif: Res1 name is LYS
protocols.motifs.Motif: atom1 name is Nhis
protocols.motifs.Motif: atom2 name is aroC
protocols.motifs.Motif: atom3 name is Nhis
core.pack.task: Packer task: initialize from command line() 
core.pack.task: Packer task: initialize from command line() 
core.pack.task: Packer task: initialize from command line() 
protocols.moves.MonteCarlo: MonteCarlo:: last_accepted_score,lowest_score: -1104.31 -1104.74
protocols.motifs.Motif: Res1 name is ARG
protocols.motifs.Motif: atom1 name is aroC
protocols.motifs.Motif: atom2 name is aroC
protocols.motifs.Motif: atom3 name is Nhis
protocols.motifs.Motif: Res1 name is ASP
protocols.motifs.Motif: atom1 name is OOC
protocols.motifs.Motif: atom2 name is Phos
protocols.motifs.Motif: atom3 name is OOC
protocols.motifs.Motif: Res1 name is LYS
protocols.motifs.Motif: atom1 name is OOC
protocols.motifs.Motif: atom2 name is Phos
protocols.motifs.Motif: atom3 name is OOC
protocols.motifs.Motif: Res1 name is GLN
protocols.motifs.Motif: atom1 name is OOC
protocols.motifs.Motif: atom2 name is Phos
protocols.motifs.Motif: atom3 name is OOC
protocols.motifs.Motif: Res1 name is LYS
protocols.motifs.Motif: atom1 name is Nhis
protocols.motifs.Motif: atom2 name is aroC
protocols.motifs.Motif: atom3 name is Nhis
protocols.motifs.Motif: Res1 name is LYS
protocols.motifs.Motif: atom1 name is OOC
protocols.motifs.Motif: atom2 name is Phos
protocols.motifs.Motif: atom3 name is OOC
core.pack.task: Packer task: initialize from command line() 
core.pack.task: Packer task: initialize from command line() 
core.pack.task: Packer task: initialize from command line() 
protocols.moves.MonteCarlo: MonteCarlo:: last_accepted_score,lowest_score: -1105.95 -1106.13
protocols.motifs.Motif: Res1 name is LEU
protocols.motifs.Motif: atom1 name is OOC
protocols.motifs.Motif: atom2 name is Phos
protocols.motifs.Motif: atom3 name is OOC
protocols.motifs.Motif: Res1 name is ARG
protocols.motifs.Motif: atom1 name is OOC
protocols.motifs.Motif: atom2 name is Phos
protocols.motifs.Motif: atom3 name is OOC
protocols.motifs.Motif: Res1 name is GLN
protocols.motifs.Motif: atom1 name is OOC
protocols.motifs.Motif: atom2 name is Phos
protocols.motifs.Motif: atom3 name is OOC
protocols.motifs.Motif: Res1 name is LYS
protocols.motifs.Motif: atom1 name is OOC
protocols.motifs.Motif: atom2 name is Phos
protocols.motifs.Motif: atom3 name is OOC
protocols.motifs.Motif: Res1 name is GLN
protocols.motifs.Motif: atom1 name is Nhis
protocols.motifs.Motif: atom2 name is aroC
protocols.motifs.Motif: atom3 name is Nhis
core.pack.task: Packer task: initialize from command line() 
core.pack.task: Packer task: initialize from command line() 
core.pack.task: Packer task: initialize from command line() 
protocols.moves.MonteCarlo: MonteCarlo:: last_accepted_score,lowest_score: -1105.45 -1105.45
protocols.motifs.Motif: Res1 name is ARG
protocols.motifs.Motif: atom1 name is OOC
protocols.motifs.Motif: atom2 name is Phos
protocols.motifs.Motif: atom3 name is OOC
protocols.motifs.Motif: Res1 name is GLN
protocols.motifs.Motif: atom1 name is OOC
protocols.motifs.Motif: atom2 name is Phos
protocols.motifs.Motif: atom3 name is OOC
protocols.motifs.Motif: Res1 name is LEU
protocols.motifs.Motif: atom1 name is OOC
protocols.motifs.Motif: atom2 name is Phos
protocols.motifs.Motif: atom3 name is OOC
protocols.motifs.Motif: Res1 name is ARG
protocols.motifs.Motif: atom1 name is COO
protocols.motifs.Motif: atom2 name is CH2
protocols.motifs.Motif: atom3 name is Nhis
protocols.motifs.Motif: Res1 name is GLN
protocols.motifs.Motif: atom1 name is OOC
protocols.motifs.Motif: atom2 name is Phos
protocols.motifs.Motif: atom3 name is OOC
protocols.motifs.Motif: Res1 name is LYS
protocols.motifs.Motif: atom1 name is OOC
protocols.motifs.Motif: atom2 name is Phos
protocols.motifs.Motif: atom3 name is OOC
core.pack.task: Packer task: initialize from command line() 
core.pack.task: Packer task: initialize from command line() 
core.pack.task: Packer task: initialize from command line() 
protocols.moves.MonteCarlo: MonteCarlo:: last_accepted_score,lowest_score: -1105.9 -1106.05
protocols.motifs.Motif: Res1 name is PHE
protocols.motifs.Motif: atom1 name is OOC
protocols.motifs.Motif: atom2 name is Phos
protocols.motifs.Motif: atom3 name is OOC
protocols.motifs.Motif: Res1 name is GLN
protocols.motifs.Motif: atom1 name is OOC
protocols.motifs.Motif: atom2 name is Phos
protocols.motifs.Motif: atom3 name is OOC
protocols.motifs.Motif: Res1 name is LYS
protocols.motifs.Motif: atom1 name is OH
protocols.motifs.Motif: atom2 name is COO
protocols.motifs.Motif: atom3 name is Phos
protocols.motifs.Motif: Res1 name is ARG
protocols.motifs.Motif: atom1 name is OOC
protocols.motifs.Motif: atom2 name is Phos
protocols.motifs.Motif: atom3 name is OOC
core.pack.task: Packer task: initialize from command line() 
core.pack.task: Packer task: initialize from command line() 
core.pack.task: Packer task: initialize from command line() 
protocols.moves.MonteCarlo: MonteCarlo:: last_accepted_score,lowest_score: -1038.77 -1038.77
protocols.motifs.Motif: Res1 name is ARG
protocols.motifs.Motif: atom1 name is Nhis
protocols.motifs.Motif: atom2 name is aroC
protocols.motifs.Motif: atom3 name is Nhis
protocols.motifs.Motif: Res1 name is GLN
protocols.motifs.Motif: atom1 name is OOC
protocols.motifs.Motif: atom2 name is Phos
protocols.motifs.Motif: atom3 name is OOC
protocols.motifs.Motif: Res1 name is LYS
protocols.motifs.Motif: atom1 name is OH
protocols.motifs.Motif: atom2 name is COO
protocols.motifs.Motif: atom3 name is Phos
core.pack.task: Packer task: initialize from command line() 
core.pack.task: Packer task: initialize from command line() 
core.pack.task: Packer task: initialize from command line() 
protocols.moves.MonteCarlo: MonteCarlo:: last_accepted_score,lowest_score: -1103.72 -1104.32
protocols.motifs.Motif: Res1 name is ARG
protocols.motifs.Motif: atom1 name is OOC
protocols.motifs.Motif: atom2 name is Phos
protocols.motifs.Motif: atom3 name is OOC
protocols.motifs.Motif: Res1 name is LYS
protocols.motifs.Motif: atom1 name is aroC
protocols.motifs.Motif: atom2 name is aroC
protocols.motifs.Motif: atom3 name is Nhis
protocols.motifs.Motif: Res1 name is LYS
protocols.motifs.Motif: atom1 name is OOC
protocols.motifs.Motif: atom2 name is Phos
protocols.motifs.Motif: atom3 name is OOC
core.pack.task: Packer task: initialize from command line() 
core.pack.task: Packer task: initialize from command line() 
core.pack.task: Packer task: initialize from command line() 
protocols.moves.MonteCarlo: MonteCarlo:: last_accepted_score,lowest_score: -1103.85 -1104.2
protocols.motifs.Motif: Res1 name is LEU
protocols.motifs.Motif: atom1 name is OOC
protocols.motifs.Motif: atom2 name is Phos
protocols.motifs.Motif: atom3 name is OOC
protocols.motifs.Motif: Res1 name is ARG
protocols.motifs.Motif: atom1 name is OH
protocols.motifs.Motif: atom2 name is COO
protocols.motifs.Motif: atom3 name is Phos
protocols.motifs.Motif: Res1 name is GLN
protocols.motifs.Motif: atom1 name is aroC
protocols.motifs.Motif: atom2 name is aroC
protocols.motifs.Motif: atom3 name is Nhis
protocols.motifs.Motif: Res1 name is LYS
protocols.motifs.Motif: atom1 name is OOC
protocols.motifs.Motif: atom2 name is Phos
protocols.motifs.Motif: atom3 name is OOC
core.pack.task: Packer task: initialize from command line() 
core.pack.task: Packer task: initialize from command line() 
core.pack.task: Packer task: initialize from command line() 
protocols.moves.MonteCarlo: MonteCarlo:: last_accepted_score,lowest_score: -1103.87 -1104.55
protocols.motifs.Motif: Res1 name is LEU
protocols.motifs.Motif: atom1 name is OOC
protocols.motifs.Motif: atom2 name is Phos
protocols.motifs.Motif: atom3 name is OOC
protocols.motifs.Motif: Res1 name is ARG
protocols.motifs.Motif: atom1 name is OOC
protocols.motifs.Motif: atom2 name is Phos
protocols.motifs.Motif: atom3 name is OOC
protocols.motifs.Motif: Res1 name is GLN
protocols.motifs.Motif: atom1 name is Nhis
protocols.motifs.Motif: atom2 name is aroC
protocols.motifs.Motif: atom3 name is Nhis
protocols.motifs.Motif: Res1 name is LYS
protocols.motifs.Motif: atom1 name is OOC
protocols.motifs.Motif: atom2 name is Phos
protocols.motifs.Motif: atom3 name is OOC
core.pack.task: Packer task: initialize from command line() 
core.pack.task: Packer task: initialize from command line() 
core.pack.task: Packer task: initialize from command line() 
protocols.moves.MonteCarlo: MonteCarlo:: last_accepted_score,lowest_score: -1103.12 -1103.22
protocols.motifs.Motif: Res1 name is ARG
protocols.motifs.Motif: atom1 name is OOC
protocols.motifs.Motif: atom2 name is Phos
protocols.motifs.Motif: atom3 name is OOC
protocols.motifs.Motif: Res1 name is LYS
protocols.motifs.Motif: atom1 name is Nhis
protocols.motifs.Motif: atom2 name is aroC
protocols.motifs.Motif: atom3 name is Nhis
protocols.motifs.Motif: Res1 name is GLN
protocols.motifs.Motif: atom1 name is OOC
protocols.motifs.Motif: atom2 name is Phos
protocols.motifs.Motif: atom3 name is OOC
protocols.motifs.Motif: Res1 name is ASP
protocols.motifs.Motif: atom1 name is aroC
protocols.motifs.Motif: atom2 name is aroC
protocols.motifs.Motif: atom3 name is Nhis
protocols.motifs.Motif: Res1 name is LYS
protocols.motifs.Motif: atom1 name is OOC
protocols.motifs.Motif: atom2 name is Phos
protocols.motifs.Motif: atom3 name is OOC
protocols.motifs.Motif: Res1 name is ASP
protocols.motifs.Motif: atom1 name is aroC
protocols.motifs.Motif: atom2 name is Nhis
protocols.motifs.Motif: atom3 name is CH2
core.pack.task: Packer task: initialize from command line() 
core.pack.task: Packer task: initialize from command line() 
core.pack.task: Packer task: initialize from command line() 
protocols.moves.MonteCarlo: MonteCarlo:: last_accepted_score,lowest_score: -1105.81 -1106.11
protocols.motifs.Motif: Res1 name is ARG
protocols.motifs.Motif: atom1 name is OOC
protocols.motifs.Motif: atom2 name is Phos
protocols.motifs.Motif: atom3 name is OOC
protocols.motifs.Motif: Res1 name is LYS
protocols.motifs.Motif: atom1 name is Nhis
protocols.motifs.Motif: atom2 name is aroC
protocols.motifs.Motif: atom3 name is Nhis
protocols.motifs.Motif: Res1 name is TYR
protocols.motifs.Motif: atom1 name is aroC
protocols.motifs.Motif: atom2 name is Nhis
protocols.motifs.Motif: atom3 name is CH2
protocols.motifs.Motif: Res1 name is GLN
protocols.motifs.Motif: atom1 name is OH
protocols.motifs.Motif: atom2 name is COO
protocols.motifs.Motif: atom3 name is Phos
protocols.motifs.Motif: Res1 name is LYS
protocols.motifs.Motif: atom1 name is OOC
protocols.motifs.Motif: atom2 name is Phos
protocols.motifs.Motif: atom3 name is OOC
core.pack.task: Packer task: initialize from command line() 
core.pack.task: Packer task: initialize from command line() 
core.pack.task: Packer task: initialize from command line() 
protocols.moves.MonteCarlo: MonteCarlo:: last_accepted_score,lowest_score: -1104.57 -1104.57
protocols.motifs.Motif: Res1 name is GLN
protocols.motifs.Motif: atom1 name is OH
protocols.motifs.Motif: atom2 name is COO
protocols.motifs.Motif: atom3 name is Phos
protocols.motifs.Motif: Res1 name is ASP
protocols.motifs.Motif: atom1 name is OOC
protocols.motifs.Motif: atom2 name is Phos
protocols.motifs.Motif: atom3 name is OOC
protocols.motifs.Motif: Res1 name is LYS
protocols.motifs.Motif: atom1 name is OOC
protocols.motifs.Motif: atom2 name is Phos
protocols.motifs.Motif: atom3 name is OOC
core.pack.task: Packer task: initialize from command line() 
core.pack.task: Packer task: initialize from command line() 
core.pack.task: Packer task: initialize from command line() 
protocols.moves.MonteCarlo: MonteCarlo:: last_accepted_score,lowest_score: -1104.58 -1104.58
protocols.motifs.Motif: Res1 name is LEU
protocols.motifs.Motif: atom1 name is OH
protocols.motifs.Motif: atom2 name is COO
protocols.motifs.Motif: atom3 name is Phos
protocols.motifs.Motif: Res1 name is ARG
protocols.motifs.Motif: atom1 name is OH
protocols.motifs.Motif: atom2 name is COO
protocols.motifs.Motif: atom3 name is Phos
protocols.motifs.Motif: Res1 name is GLN
protocols.motifs.Motif: atom1 name is aroC
protocols.motifs.Motif: atom2 name is aroC
protocols.motifs.Motif: atom3 name is Nhis
protocols.motifs.Motif: Res1 name is GLN
protocols.motifs.Motif: atom1 name is OOC
protocols.motifs.Motif: atom2 name is Phos
protocols.motifs.Motif: atom3 name is OOC
core.pack.task: Packer task: initialize from command line() 
core.pack.task: Packer task: initialize from command line() 
core.pack.task: Packer task: initialize from command line() 
protocols.moves.MonteCarlo: MonteCarlo:: last_accepted_score,lowest_score: -1104.01 -1104.01
protocols.motifs.Motif: Res1 name is LEU
protocols.motifs.Motif: atom1 name is OH
protocols.motifs.Motif: atom2 name is COO
protocols.motifs.Motif: atom3 name is Phos
protocols.motifs.Motif: Res1 name is ARG
protocols.motifs.Motif: atom1 name is OOC
protocols.motifs.Motif: atom2 name is Phos
protocols.motifs.Motif: atom3 name is OOC
protocols.motifs.Motif: Res1 name is GLN
protocols.motifs.Motif: atom1 name is OOC
protocols.motifs.Motif: atom2 name is Phos
protocols.motifs.Motif: atom3 name is OOC
protocols.motifs.Motif: Res1 name is LYS
protocols.motifs.Motif: atom1 name is OOC
protocols.motifs.Motif: atom2 name is Phos
protocols.motifs.Motif: atom3 name is OOC
core.pack.task: Packer task: initialize from command line() 
core.pack.task: Packer task: initialize from command line() 
core.pack.task: Packer task: initialize from command line() 
protocols.moves.MonteCarlo: MonteCarlo:: last_accepted_score,lowest_score: -1106.72 -1106.78
protocols.motifs.Motif: Res1 name is ARG
protocols.motifs.Motif: atom1 name is OOC
protocols.motifs.Motif: atom2 name is Phos
protocols.motifs.Motif: atom3 name is OOC
protocols.motifs.Motif: Res1 name is GLN
protocols.motifs.Motif: atom1 name is aroC
protocols.motifs.Motif: atom2 name is Nhis
protocols.motifs.Motif: atom3 name is CH2
protocols.motifs.Motif: Res1 name is LEU
protocols.motifs.Motif: atom1 name is OOC
protocols.motifs.Motif: atom2 name is Phos
protocols.motifs.Motif: atom3 name is OOC
protocols.motifs.Motif: Res1 name is ARG
protocols.motifs.Motif: atom1 name is COO
protocols.motifs.Motif: atom2 name is CH2
protocols.motifs.Motif: atom3 name is Nhis
protocols.motifs.Motif: Res1 name is TYR
protocols.motifs.Motif: atom1 name is OOC
protocols.motifs.Motif: atom2 name is Phos
protocols.motifs.Motif: atom3 name is OOC
protocols.motifs.Motif: Res1 name is PHE
protocols.motifs.Motif: atom1 name is Nhis
protocols.motifs.Motif: atom2 name is aroC
protocols.motifs.Motif: atom3 name is Nhis
protocols.motifs.Motif: Res1 name is GLN
protocols.motifs.Motif: atom1 name is OOC
protocols.motifs.Motif: atom2 name is Phos
protocols.motifs.Motif: atom3 name is OOC
protocols.motifs.Motif: Res1 name is LYS
protocols.motifs.Motif: atom1 name is OOC
protocols.motifs.Motif: atom2 name is Phos
protocols.motifs.Motif: atom3 name is OOC
core.pack.task: Packer task: initialize from command line() 
core.pack.task: Packer task: initialize from command line() 
core.pack.task: Packer task: initialize from command line() 
protocols.moves.MonteCarlo: MonteCarlo:: last_accepted_score,lowest_score: -1104.38 -1104.5
protocols.motifs.Motif: Res1 name is ARG
protocols.motifs.Motif: atom1 name is OOC
protocols.motifs.Motif: atom2 name is Phos
protocols.motifs.Motif: atom3 name is OOC
protocols.motifs.Motif: Res1 name is GLN
protocols.motifs.Motif: atom1 name is OOC
protocols.motifs.Motif: atom2 name is Phos
protocols.motifs.Motif: atom3 name is OOC
protocols.motifs.Motif: Res1 name is LYS
protocols.motifs.Motif: atom1 name is OH
protocols.motifs.Motif: atom2 name is COO
protocols.motifs.Motif: atom3 name is Phos
core.pack.task: Packer task: initialize from command line() 
core.pack.task: Packer task: initialize from command line() 
core.pack.task: Packer task: initialize from command line() 
protocols.moves.MonteCarlo: MonteCarlo:: last_accepted_score,lowest_score: -1104.23 -1104.75
protocols.motifs.Motif: Res1 name is LEU
protocols.motifs.Motif: atom1 name is Nhis
protocols.motifs.Motif: atom2 name is aroC
protocols.motifs.Motif: atom3 name is Nhis
protocols.motifs.Motif: Res1 name is ARG
protocols.motifs.Motif: atom1 name is OOC
protocols.motifs.Motif: atom2 name is Phos
protocols.motifs.Motif: atom3 name is OOC
protocols.motifs.Motif: Res1 name is GLN
protocols.motifs.Motif: atom1 name is aroC
protocols.motifs.Motif: atom2 name is aroC
protocols.motifs.Motif: atom3 name is Nhis
protocols.motifs.Motif: Res1 name is LYS
protocols.motifs.Motif: atom1 name is OOC
protocols.motifs.Motif: atom2 name is Phos
protocols.motifs.Motif: atom3 name is OOC
protocols.motifs.Motif: Res1 name is GLN
protocols.motifs.Motif: atom1 name is OOC
protocols.motifs.Motif: atom2 name is Phos
protocols.motifs.Motif: atom3 name is OOC
protocols.motifs.Motif: Res1 name is LYS
protocols.motifs.Motif: atom1 name is OOC
protocols.motifs.Motif: atom2 name is Phos
protocols.motifs.Motif: atom3 name is OOC
core.pack.task: Packer task: initialize from command line() 
core.pack.task: Packer task: initialize from command line() 
core.pack.task: Packer task: initialize from command line() 
protocols.moves.MonteCarlo: MonteCarlo:: last_accepted_score,lowest_score: -1103.43 -1103.67
protocols.motifs.Motif: Res1 name is ARG
protocols.motifs.Motif: atom1 name is OOC
protocols.motifs.Motif: atom2 name is Phos
protocols.motifs.Motif: atom3 name is OOC
protocols.motifs.Motif: Res1 name is GLN
protocols.motifs.Motif: atom1 name is aroC
protocols.motifs.Motif: atom2 name is Nhis
protocols.motifs.Motif: atom3 name is CH2
protocols.motifs.Motif: Res1 name is LYS
protocols.motifs.Motif: atom1 name is OOC
protocols.motifs.Motif: atom2 name is Phos
protocols.motifs.Motif: atom3 name is OOC
core.pack.task: Packer task: initialize from command line() 
core.pack.task: Packer task: initialize from command line() 
core.pack.task: Packer task: initialize from command line() 
protocols.moves.MonteCarlo: MonteCarlo:: last_accepted_score,lowest_score: -1104.09 -1104.09
protocols.motifs.Motif: Res1 name is ARG
protocols.motifs.Motif: atom1 name is OOC
protocols.motifs.Motif: atom2 name is Phos
protocols.motifs.Motif: atom3 name is OOC
protocols.motifs.Motif: Res1 name is GLN
protocols.motifs.Motif: atom1 name is Nhis
protocols.motifs.Motif: atom2 name is aroC
protocols.motifs.Motif: atom3 name is Nhis
protocols.motifs.Motif: Res1 name is LYS
protocols.motifs.Motif: atom1 name is aroC
protocols.motifs.Motif: atom2 name is aroC
protocols.motifs.Motif: atom3 name is Nhis
protocols.motifs.Motif: Res1 name is GLN
protocols.motifs.Motif: atom1 name is OOC
protocols.motifs.Motif: atom2 name is Phos
protocols.motifs.Motif: atom3 name is OOC
protocols.motifs.Motif: Res1 name is LYS
protocols.motifs.Motif: atom1 name is OOC
protocols.motifs.Motif: atom2 name is Phos
protocols.motifs.Motif: atom3 name is OOC
core.pack.task: Packer task: initialize from command line() 
core.pack.task: Packer task: initialize from command line() 
core.pack.task: Packer task: initialize from command line() 
protocols.moves.MonteCarlo: MonteCarlo:: last_accepted_score,lowest_score: -1102.47 -1102.47
protocols.motifs.Motif: Res1 name is LEU
protocols.motifs.Motif: atom1 name is OOC
protocols.motifs.Motif: atom2 name is Phos
protocols.motifs.Motif: atom3 name is OOC
protocols.motifs.Motif: Res1 name is ARG
protocols.motifs.Motif: atom1 name is OOC
protocols.motifs.Motif: atom2 name is Phos
protocols.motifs.Motif: atom3 name is OOC
protocols.motifs.Motif: Res1 name is PHE
protocols.motifs.Motif: atom1 name is aroC
protocols.motifs.Motif: atom2 name is aroC
protocols.motifs.Motif: atom3 name is Nhis
protocols.motifs.Motif: Res1 name is GLN
protocols.motifs.Motif: atom1 name is Nhis
protocols.motifs.Motif: atom2 name is aroC
protocols.motifs.Motif: atom3 name is Nhis
protocols.motifs.Motif: Res1 name is LYS
protocols.motifs.Motif: atom1 name is COO
protocols.motifs.Motif: atom2 name is CH2
protocols.motifs.Motif: atom3 name is Nhis
core.pack.task: Packer task: initialize from command line() 
core.pack.task: Packer task: initialize from command line() 
core.pack.task: Packer task: initialize from command line() 
protocols.moves.MonteCarlo: MonteCarlo:: last_accepted_score,lowest_score: -1104.44 -1104.44
protocols.motifs.Motif: Res1 name is LEU
protocols.motifs.Motif: atom1 name is OOC
protocols.motifs.Motif: atom2 name is Phos
protocols.motifs.Motif: atom3 name is OOC
protocols.motifs.Motif: Res1 name is ARG
protocols.motifs.Motif: atom1 name is OOC
protocols.motifs.Motif: atom2 name is Phos
protocols.motifs.Motif: atom3 name is OOC
protocols.motifs.Motif: Res1 name is THR
protocols.motifs.Motif: atom1 name is Nhis
protocols.motifs.Motif: atom2 name is aroC
protocols.motifs.Motif: atom3 name is Nhis
protocols.motifs.Motif: Res1 name is GLN
protocols.motifs.Motif: atom1 name is Nhis
protocols.motifs.Motif: atom2 name is aroC
protocols.motifs.Motif: atom3 name is Nhis
core.pack.task: Packer task: initialize from command line() 
core.pack.task: Packer task: initialize from command line() 
core.pack.task: Packer task: initialize from command line() 
protocols.moves.MonteCarlo: MonteCarlo:: last_accepted_score,lowest_score: -1104.15 -1104.39
protocols.motifs.Motif: Res1 name is ARG
protocols.motifs.Motif: atom1 name is OOC
protocols.motifs.Motif: atom2 name is Phos
protocols.motifs.Motif: atom3 name is OOC
protocols.motifs.Motif: Res1 name is GLN
protocols.motifs.Motif: atom1 name is aroC
protocols.motifs.Motif: atom2 name is Nhis
protocols.motifs.Motif: atom3 name is CH2
protocols.motifs.Motif: Res1 name is LYS
protocols.motifs.Motif: atom1 name is OOC
protocols.motifs.Motif: atom2 name is Phos
protocols.motifs.Motif: atom3 name is OOC
core.pack.task: Packer task: initialize from command line() 
core.pack.task: Packer task: initialize from command line() 
core.pack.task: Packer task: initialize from command line() 
protocols.moves.MonteCarlo: MonteCarlo:: last_accepted_score,lowest_score: -1104.99 -1105.07
protocols.motifs.Motif: Res1 name is LEU
protocols.motifs.Motif: atom1 name is aroC
protocols.motifs.Motif: atom2 name is Nhis
protocols.motifs.Motif: atom3 name is CH2
protocols.motifs.Motif: Res1 name is ARG
protocols.motifs.Motif: atom1 name is OOC
protocols.motifs.Motif: atom2 name is Phos
protocols.motifs.Motif: atom3 name is OOC
protocols.motifs.Motif: Res1 name is GLN
protocols.motifs.Motif: atom1 name is aroC
protocols.motifs.Motif: atom2 name is aroC
protocols.motifs.Motif: atom3 name is Nhis
protocols.motifs.Motif: Res1 name is LYS
protocols.motifs.Motif: atom1 name is OOC
protocols.motifs.Motif: atom2 name is Phos
protocols.motifs.Motif: atom3 name is OOC
protocols.motifs.Motif: Res1 name is GLN
protocols.motifs.Motif: atom1 name is OOC
protocols.motifs.Motif: atom2 name is Phos
protocols.motifs.Motif: atom3 name is OOC
protocols.motifs.Motif: Res1 name is LYS
protocols.motifs.Motif: atom1 name is OOC
protocols.motifs.Motif: atom2 name is Phos
protocols.motifs.Motif: atom3 name is OOC
core.pack.task: Packer task: initialize from command line() 
core.pack.task: Packer task: initialize from command line() 
core.pack.task: Packer task: initialize from command line() 
protocols.moves.MonteCarlo: MonteCarlo:: last_accepted_score,lowest_score: -1105.77 -1105.77
protocols.motifs.Motif: Res1 name is ARG
protocols.motifs.Motif: atom1 name is OOC
protocols.motifs.Motif: atom2 name is Phos
protocols.motifs.Motif: atom3 name is OOC
protocols.motifs.Motif: Res1 name is LYS
protocols.motifs.Motif: atom1 name is OOC
protocols.motifs.Motif: atom2 name is Phos
protocols.motifs.Motif: atom3 name is OOC
protocols.motifs.Motif: Res1 name is PHE
protocols.motifs.Motif: atom1 name is Nhis
protocols.motifs.Motif: atom2 name is aroC
protocols.motifs.Motif: atom3 name is Nhis
protocols.motifs.Motif: Res1 name is GLN
protocols.motifs.Motif: atom1 name is OOC
protocols.motifs.Motif: atom2 name is Phos
protocols.motifs.Motif: atom3 name is OOC
protocols.motifs.Motif: Res1 name is LYS
protocols.motifs.Motif: atom1 name is OOC
protocols.motifs.Motif: atom2 name is Phos
protocols.motifs.Motif: atom3 name is OOC
core.pack.task: Packer task: initialize from command line() 
core.pack.task: Packer task: initialize from command line() 
core.pack.task: Packer task: initialize from command line() 
protocols.moves.MonteCarlo: MonteCarlo:: last_accepted_score,lowest_score: -1104.3 -1104.59
protocols.motifs.Motif: Res1 name is LEU
protocols.motifs.Motif: atom1 name is Nhis
protocols.motifs.Motif: atom2 name is aroC
protocols.motifs.Motif: atom3 name is Nhis
protocols.motifs.Motif: Res1 name is GLN
protocols.motifs.Motif: atom1 name is OOC
protocols.motifs.Motif: atom2 name is Phos
protocols.motifs.Motif: atom3 name is OOC
protocols.motifs.Motif: Res1 name is LYS
protocols.motifs.Motif: atom1 name is OOC
protocols.motifs.Motif: atom2 name is Phos
protocols.motifs.Motif: atom3 name is OOC
core.pack.task: Packer task: initialize from command line() 
core.pack.task: Packer task: initialize from command line() 
core.pack.task: Packer task: initialize from command line() 
protocols.moves.MonteCarlo: MonteCarlo:: last_accepted_score,lowest_score: -1104.92 -1104.92
protocols.motifs.Motif: Res1 name is ARG
protocols.motifs.Motif: atom1 name is OOC
protocols.motifs.Motif: atom2 name is Phos
protocols.motifs.Motif: atom3 name is OOC
protocols.motifs.Motif: Res1 name is LYS
protocols.motifs.Motif: atom1 name is OOC
protocols.motifs.Motif: atom2 name is Phos
protocols.motifs.Motif: atom3 name is OOC
protocols.motifs.Motif: Res1 name is GLN
protocols.motifs.Motif: atom1 name is OOC
protocols.motifs.Motif: atom2 name is Phos
protocols.motifs.Motif: atom3 name is OOC
protocols.motifs.Motif: Res1 name is LYS
protocols.motifs.Motif: atom1 name is OOC
protocols.motifs.Motif: atom2 name is Phos
protocols.motifs.Motif: atom3 name is OOC
core.pack.task: Packer task: initialize from command line() 
core.pack.task: Packer task: initialize from command line() 
core.pack.task: Packer task: initialize from command line() 
protocols.moves.MonteCarlo: MonteCarlo:: last_accepted_score,lowest_score: -1103.01 -1103.58
protocols.motifs.Motif: Res1 name is LEU
protocols.motifs.Motif: atom1 name is OOC
protocols.motifs.Motif: atom2 name is Phos
protocols.motifs.Motif: atom3 name is OOC
protocols.motifs.Motif: Res1 name is ARG
protocols.motifs.Motif: atom1 name is OOC
protocols.motifs.Motif: atom2 name is Phos
protocols.motifs.Motif: atom3 name is OOC
protocols.motifs.Motif: Res1 name is GLN
protocols.motifs.Motif: atom1 name is OH
protocols.motifs.Motif: atom2 name is COO
protocols.motifs.Motif: atom3 name is Phos
protocols.motifs.Motif: Res1 name is LYS
protocols.motifs.Motif: atom1 name is COO
protocols.motifs.Motif: atom2 name is CH2
protocols.motifs.Motif: atom3 name is Nhis
core.pack.task: Packer task: initialize from command line() 
core.pack.task: Packer task: initialize from command line() 
core.pack.task: Packer task: initialize from command line() 
protocols.moves.MonteCarlo: MonteCarlo:: last_accepted_score,lowest_score: -1106.59 -1106.77
protocols.motifs.Motif: Res1 name is GLN
protocols.motifs.Motif: atom1 name is aroC
protocols.motifs.Motif: atom2 name is aroC
protocols.motifs.Motif: atom3 name is Nhis
protocols.motifs.Motif: Res1 name is LYS
protocols.motifs.Motif: atom1 name is Nhis
protocols.motifs.Motif: atom2 name is aroC
protocols.motifs.Motif: atom3 name is Nhis
protocols.motifs.Motif: Res1 name is GLN
protocols.motifs.Motif: atom1 name is OH
protocols.motifs.Motif: atom2 name is COO
protocols.motifs.Motif: atom3 name is Phos
protocols.motifs.Motif: Res1 name is LYS
protocols.motifs.Motif: atom1 name is OOC
protocols.motifs.Motif: atom2 name is Phos
protocols.motifs.Motif: atom3 name is OOC
core.pack.task: Packer task: initialize from command line() 
core.pack.task: Packer task: initialize from command line() 
core.pack.task: Packer task: initialize from command line() 
protocols.moves.MonteCarlo: MonteCarlo:: last_accepted_score,lowest_score: -1101.83 -1103.53
protocols.motifs.Motif: Res1 name is LEU
protocols.motifs.Motif: atom1 name is aroC
protocols.motifs.Motif: atom2 name is Nhis
protocols.motifs.Motif: atom3 name is CH2
protocols.motifs.Motif: Res1 name is LYS
protocols.motifs.Motif: atom1 name is OOC
protocols.motifs.Motif: atom2 name is Phos
protocols.motifs.Motif: atom3 name is OOC
protocols.motifs.Motif: Res1 name is TYR
protocols.motifs.Motif: atom1 name is aroC
protocols.motifs.Motif: atom2 name is aroC
protocols.motifs.Motif: atom3 name is Nhis
protocols.motifs.Motif: Res1 name is GLN
protocols.motifs.Motif: atom1 name is OOC
protocols.motifs.Motif: atom2 name is Phos
protocols.motifs.Motif: atom3 name is OOC
protocols.motifs.Motif: Res1 name is LYS
protocols.motifs.Motif: atom1 name is OOC
protocols.motifs.Motif: atom2 name is Phos
protocols.motifs.Motif: atom3 name is OOC
core.pack.task: Packer task: initialize from command line() 
core.pack.task: Packer task: initialize from command line() 
core.pack.task: Packer task: initialize from command line() 
protocols.moves.MonteCarlo: MonteCarlo:: last_accepted_score,lowest_score: -1106.59 -1106.61
protocols.motifs.Motif: Res1 name is ARG
protocols.motifs.Motif: atom1 name is OOC
protocols.motifs.Motif: atom2 name is Phos
protocols.motifs.Motif: atom3 name is OOC
protocols.motifs.Motif: Res1 name is LYS
protocols.motifs.Motif: atom1 name is Nhis
protocols.motifs.Motif: atom2 name is aroC
protocols.motifs.Motif: atom3 name is Nhis
protocols.motifs.Motif: Res1 name is THR
protocols.motifs.Motif: atom1 name is Nhis
protocols.motifs.Motif: atom2 name is aroC
protocols.motifs.Motif: atom3 name is Nhis
protocols.motifs.Motif: Res1 name is TYR
protocols.motifs.Motif: atom1 name is aroC
protocols.motifs.Motif: atom2 name is aroC
protocols.motifs.Motif: atom3 name is Nhis
protocols.motifs.Motif: Res1 name is LYS
protocols.motifs.Motif: atom1 name is OOC
protocols.motifs.Motif: atom2 name is Phos
protocols.motifs.Motif: atom3 name is OOC
core.pack.task: Packer task: initialize from command line() 
core.pack.task: Packer task: initialize from command line() 
core.pack.task: Packer task: initialize from command line() 
protocols.moves.MonteCarlo: MonteCarlo:: last_accepted_score,lowest_score: -1106.89 -1106.89
protocols.motifs.Motif: Res1 name is ARG
protocols.motifs.Motif: atom1 name is OOC
protocols.motifs.Motif: atom2 name is Phos
protocols.motifs.Motif: atom3 name is OOC
protocols.motifs.Motif: Res1 name is GLN
protocols.motifs.Motif: atom1 name is OOC
protocols.motifs.Motif: atom2 name is Phos
protocols.motifs.Motif: atom3 name is OOC
protocols.motifs.Motif: Res1 name is LEU
protocols.motifs.Motif: atom1 name is OH
protocols.motifs.Motif: atom2 name is COO
protocols.motifs.Motif: atom3 name is Phos
protocols.motifs.Motif: Res1 name is ARG
protocols.motifs.Motif: atom1 name is OH
protocols.motifs.Motif: atom2 name is COO
protocols.motifs.Motif: atom3 name is Phos
protocols.motifs.Motif: Res1 name is TYR
protocols.motifs.Motif: atom1 name is OOC
protocols.motifs.Motif: atom2 name is Phos
protocols.motifs.Motif: atom3 name is OOC
protocols.motifs.Motif: Res1 name is PHE
protocols.motifs.Motif: atom1 name is OOC
protocols.motifs.Motif: atom2 name is Phos
protocols.motifs.Motif: atom3 name is OOC
protocols.motifs.Motif: Res1 name is LYS
protocols.motifs.Motif: atom1 name is aroC
protocols.motifs.Motif: atom2 name is Nhis
protocols.motifs.Motif: atom3 name is CH2
core.pack.task: Packer task: initialize from command line() 
core.pack.task: Packer task: initialize from command line() 
core.pack.task: Packer task: initialize from command line() 
protocols.moves.MonteCarlo: MonteCarlo:: last_accepted_score,lowest_score: -1104.65 -1104.81
protocols.motifs.Motif: Res1 name is LEU
protocols.motifs.Motif: atom1 name is OOC
protocols.motifs.Motif: atom2 name is Phos
protocols.motifs.Motif: atom3 name is OOC
protocols.motifs.Motif: Res1 name is ARG
protocols.motifs.Motif: atom1 name is OOC
protocols.motifs.Motif: atom2 name is Phos
protocols.motifs.Motif: atom3 name is OOC
protocols.motifs.Motif: Res1 name is GLN
protocols.motifs.Motif: atom1 name is OOC
protocols.motifs.Motif: atom2 name is Phos
protocols.motifs.Motif: atom3 name is OOC
protocols.motifs.Motif: Res1 name is LYS
protocols.motifs.Motif: atom1 name is OOC
protocols.motifs.Motif: atom2 name is Phos
protocols.motifs.Motif: atom3 name is OOC
core.pack.task: Packer task: initialize from command line() 
core.pack.task: Packer task: initialize from command line() 
core.pack.task: Packer task: initialize from command line() 
protocols.moves.MonteCarlo: MonteCarlo:: last_accepted_score,lowest_score: -1102.05 -1102.05
protocols.motifs.Motif: Res1 name is LEU
protocols.motifs.Motif: atom1 name is OOC
protocols.motifs.Motif: atom2 name is Phos
protocols.motifs.Motif: atom3 name is OOC
protocols.motifs.Motif: Res1 name is ARG
protocols.motifs.Motif: atom1 name is OOC
protocols.motifs.Motif: atom2 name is Phos
protocols.motifs.Motif: atom3 name is OOC
protocols.motifs.Motif: Res1 name is GLN
protocols.motifs.Motif: atom1 name is Nhis
protocols.motifs.Motif: atom2 name is aroC
protocols.motifs.Motif: atom3 name is Nhis
protocols.motifs.Motif: Res1 name is LYS
protocols.motifs.Motif: atom1 name is COO
protocols.motifs.Motif: atom2 name is CH2
protocols.motifs.Motif: atom3 name is Nhis
core.pack.task: Packer task: initialize from command line() 
core.pack.task: Packer task: initialize from command line() 
core.pack.task: Packer task: initialize from command line() 
protocols.moves.MonteCarlo: MonteCarlo:: last_accepted_score,lowest_score: -1104.39 -1104.39
protocols.motifs.Motif: Res1 name is LEU
protocols.motifs.Motif: atom1 name is OOC
protocols.motifs.Motif: atom2 name is Phos
protocols.motifs.Motif: atom3 name is OOC
protocols.motifs.Motif: Res1 name is ARG
protocols.motifs.Motif: atom1 name is OOC
protocols.motifs.Motif: atom2 name is Phos
protocols.motifs.Motif: atom3 name is OOC
protocols.motifs.Motif: Res1 name is GLN
protocols.motifs.Motif: atom1 name is Nhis
protocols.motifs.Motif: atom2 name is aroC
protocols.motifs.Motif: atom3 name is Nhis
protocols.motifs.Motif: Res1 name is LYS
protocols.motifs.Motif: atom1 name is OOC
protocols.motifs.Motif: atom2 name is Phos
protocols.motifs.Motif: atom3 name is OOC
protocols.motifs.Motif: Res1 name is GLN
protocols.motifs.Motif: atom1 name is OOC
protocols.motifs.Motif: atom2 name is Phos
protocols.motifs.Motif: atom3 name is OOC
protocols.motifs.Motif: Res1 name is LYS
protocols.motifs.Motif: atom1 name is OOC
protocols.motifs.Motif: atom2 name is Phos
protocols.motifs.Motif: atom3 name is OOC
core.pack.task: Packer task: initialize from command line() 
core.pack.task: Packer task: initialize from command line() 
core.pack.task: Packer task: initialize from command line() 
protocols.moves.MonteCarlo: MonteCarlo:: last_accepted_score,lowest_score: -1105.86 -1106
protocols.motifs.Motif: Res1 name is ARG
protocols.motifs.Motif: atom1 name is OOC
protocols.motifs.Motif: atom2 name is Phos
protocols.motifs.Motif: atom3 name is OOC
protocols.motifs.Motif: Res1 name is LYS
protocols.motifs.Motif: atom1 name is OOC
protocols.motifs.Motif: atom2 name is Phos
protocols.motifs.Motif: atom3 name is OOC
protocols.motifs.Motif: Res1 name is GLN
protocols.motifs.Motif: atom1 name is OOC
protocols.motifs.Motif: atom2 name is Phos
protocols.motifs.Motif: atom3 name is OOC
protocols.motifs.Motif: Res1 name is LYS
protocols.motifs.Motif: atom1 name is OOC
protocols.motifs.Motif: atom2 name is Phos
protocols.motifs.Motif: atom3 name is OOC
core.pack.task: Packer task: initialize from command line() 
core.pack.task: Packer task: initialize from command line() 
core.pack.task: Packer task: initialize from command line() 
protocols.moves.MonteCarlo: MonteCarlo:: last_accepted_score,lowest_score: -1102.47 -1103.35
protocols.motifs.Motif: Res1 name is GLN
protocols.motifs.Motif: atom1 name is OH
protocols.motifs.Motif: atom2 name is COO
protocols.motifs.Motif: atom3 name is Phos
protocols.motifs.Motif: Res1 name is ASP
protocols.motifs.Motif: atom1 name is OOC
protocols.motifs.Motif: atom2 name is Phos
protocols.motifs.Motif: atom3 name is OOC
protocols.motifs.Motif: Res1 name is LYS
protocols.motifs.Motif: atom1 name is OOC
protocols.motifs.Motif: atom2 name is Phos
protocols.motifs.Motif: atom3 name is OOC
core.pack.task: Packer task: initialize from command line() 
core.pack.task: Packer task: initialize from command line() 
core.pack.task: Packer task: initialize from command line() 
protocols.moves.MonteCarlo: MonteCarlo:: last_accepted_score,lowest_score: -1102.3 -1102.77
protocols.motifs.Motif: Res1 name is ARG
protocols.motifs.Motif: atom1 name is OOC
protocols.motifs.Motif: atom2 name is Phos
protocols.motifs.Motif: atom3 name is OOC
protocols.motifs.Motif: Res1 name is GLN
protocols.motifs.Motif: atom1 name is Nhis
protocols.motifs.Motif: atom2 name is aroC
protocols.motifs.Motif: atom3 name is Nhis
protocols.motifs.Motif: Res1 name is LYS
protocols.motifs.Motif: atom1 name is COO
protocols.motifs.Motif: atom2 name is CH2
protocols.motifs.Motif: atom3 name is Nhis
core.pack.task: Packer task: initialize from command line() 
core.pack.task: Packer task: initialize from command line() 
core.pack.task: Packer task: initialize from command line() 
protocols.moves.MonteCarlo: MonteCarlo:: last_accepted_score,lowest_score: -1104.51 -1104.51
protocols.motifs.Motif: Res1 name is ARG
protocols.motifs.Motif: atom1 name is OOC
protocols.motifs.Motif: atom2 name is Phos
protocols.motifs.Motif: atom3 name is OOC
protocols.motifs.Motif: Res1 name is GLN
protocols.motifs.Motif: atom1 name is OOC
protocols.motifs.Motif: atom2 name is Phos
protocols.motifs.Motif: atom3 name is OOC
protocols.motifs.Motif: Res1 name is LYS
protocols.motifs.Motif: atom1 name is Nhis
protocols.motifs.Motif: atom2 name is aroC
protocols.motifs.Motif: atom3 name is Nhis
protocols.motifs.Motif: Res1 name is GLN
protocols.motifs.Motif: atom1 name is OH
protocols.motifs.Motif: atom2 name is COO
protocols.motifs.Motif: atom3 name is Phos
protocols.motifs.Motif: Res1 name is LYS
protocols.motifs.Motif: atom1 name is OOC
protocols.motifs.Motif: atom2 name is Phos
protocols.motifs.Motif: atom3 name is OOC
core.pack.task: Packer task: initialize from command line() 
core.pack.task: Packer task: initialize from command line() 
core.pack.task: Packer task: initialize from command line() 
protocols.moves.MonteCarlo: MonteCarlo:: last_accepted_score,lowest_score: -1105.81 -1105.81
protocols.motifs.Motif: Res1 name is PHE
protocols.motifs.Motif: atom1 name is OOC
protocols.motifs.Motif: atom2 name is Phos
protocols.motifs.Motif: atom3 name is OOC
protocols.motifs.Motif: Res1 name is GLN
protocols.motifs.Motif: atom1 name is OOC
protocols.motifs.Motif: atom2 name is Phos
protocols.motifs.Motif: atom3 name is OOC
protocols.motifs.Motif: Res1 name is LYS
protocols.motifs.Motif: atom1 name is OOC
protocols.motifs.Motif: atom2 name is Phos
protocols.motifs.Motif: atom3 name is OOC
protocols.motifs.Motif: Res1 name is ARG
protocols.motifs.Motif: atom1 name is OOC
protocols.motifs.Motif: atom2 name is Phos
protocols.motifs.Motif: atom3 name is OOC
core.pack.task: Packer task: initialize from command line() 
core.pack.task: Packer task: initialize from command line() 
core.pack.task: Packer task: initialize from command line() 
protocols.moves.MonteCarlo: MonteCarlo:: last_accepted_score,lowest_score: -1105.34 -1105.34
protocols.motifs.Motif: Res1 name is ARG
protocols.motifs.Motif: atom1 name is OOC
protocols.motifs.Motif: atom2 name is Phos
protocols.motifs.Motif: atom3 name is OOC
protocols.motifs.Motif: Res1 name is LYS
protocols.motifs.Motif: atom1 name is OOC
protocols.motifs.Motif: atom2 name is Phos
protocols.motifs.Motif: atom3 name is OOC
protocols.motifs.Motif: Res1 name is THR
protocols.motifs.Motif: atom1 name is Nhis
protocols.motifs.Motif: atom2 name is aroC
protocols.motifs.Motif: atom3 name is Nhis
protocols.motifs.Motif: Res1 name is GLN
protocols.motifs.Motif: atom1 name is OOC
protocols.motifs.Motif: atom2 name is Phos
protocols.motifs.Motif: atom3 name is OOC
protocols.motifs.Motif: Res1 name is LYS
protocols.motifs.Motif: atom1 name is OOC
protocols.motifs.Motif: atom2 name is Phos
protocols.motifs.Motif: atom3 name is OOC
core.pack.task: Packer task: initialize from command line() 
core.pack.task: Packer task: initialize from command line() 
core.pack.task: Packer task: initialize from command line() 
protocols.moves.MonteCarlo: MonteCarlo:: last_accepted_score,lowest_score: -1107.46 -1107.46
protocols.motifs.Motif: Res1 name is LEU
protocols.motifs.Motif: atom1 name is OOC
protocols.motifs.Motif: atom2 name is Phos
protocols.motifs.Motif: atom3 name is OOC
protocols.motifs.Motif: Res1 name is ARG
protocols.motifs.Motif: atom1 name is OOC
protocols.motifs.Motif: atom2 name is Phos
protocols.motifs.Motif: atom3 name is OOC
protocols.motifs.Motif: Res1 name is LYS
protocols.motifs.Motif: atom1 name is OOC
protocols.motifs.Motif: atom2 name is Phos
protocols.motifs.Motif: atom3 name is OOC
protocols.motifs.Motif: Res1 name is GLN
protocols.motifs.Motif: atom1 name is OOC
protocols.motifs.Motif: atom2 name is Phos
protocols.motifs.Motif: atom3 name is OOC
protocols.motifs.Motif: Res1 name is LYS
protocols.motifs.Motif: atom1 name is COO
protocols.motifs.Motif: atom2 name is CH2
protocols.motifs.Motif: atom3 name is Nhis
core.pack.task: Packer task: initialize from command line() 
core.pack.task: Packer task: initialize from command line() 
core.pack.task: Packer task: initialize from command line() 
protocols.moves.MonteCarlo: MonteCarlo:: last_accepted_score,lowest_score: -1059.45 -1059.45
protocols.motifs.Motif: Res1 name is LEU
protocols.motifs.Motif: atom1 name is OOC
protocols.motifs.Motif: atom2 name is Phos
protocols.motifs.Motif: atom3 name is OOC
protocols.motifs.Motif: Res1 name is ARG
protocols.motifs.Motif: atom1 name is OOC
protocols.motifs.Motif: atom2 name is Phos
protocols.motifs.Motif: atom3 name is OOC
protocols.motifs.Motif: Res1 name is LYS
protocols.motifs.Motif: atom1 name is aroC
protocols.motifs.Motif: atom2 name is aroC
protocols.motifs.Motif: atom3 name is Nhis
protocols.motifs.Motif: Res1 name is LYS
protocols.motifs.Motif: atom1 name is OOC
protocols.motifs.Motif: atom2 name is Phos
protocols.motifs.Motif: atom3 name is OOC
core.pack.task: Packer task: initialize from command line() 
core.pack.task: Packer task: initialize from command line() 
core.pack.task: Packer task: initialize from command line() 
protocols.moves.MonteCarlo: MonteCarlo:: last_accepted_score,lowest_score: -1107.36 -1107.36
protocols.motifs.Motif: Res1 name is LEU
protocols.motifs.Motif: atom1 name is OH
protocols.motifs.Motif: atom2 name is COO
protocols.motifs.Motif: atom3 name is Phos
protocols.motifs.Motif: Res1 name is GLN
protocols.motifs.Motif: atom1 name is aroC
protocols.motifs.Motif: atom2 name is aroC
protocols.motifs.Motif: atom3 name is Nhis
protocols.motifs.Motif: Res1 name is LYS
protocols.motifs.Motif: atom1 name is aroC
protocols.motifs.Motif: atom2 name is aroC
protocols.motifs.Motif: atom3 name is Nhis
protocols.motifs.Motif: Res1 name is THR
protocols.motifs.Motif: atom1 name is OOC
protocols.motifs.Motif: atom2 name is Phos
protocols.motifs.Motif: atom3 name is OOC
protocols.motifs.Motif: Res1 name is TYR
protocols.motifs.Motif: atom1 name is OOC
protocols.motifs.Motif: atom2 name is Phos
protocols.motifs.Motif: atom3 name is OOC
protocols.motifs.Motif: Res1 name is GLN
protocols.motifs.Motif: atom1 name is OOC
protocols.motifs.Motif: atom2 name is Phos
protocols.motifs.Motif: atom3 name is OOC
protocols.motifs.Motif: Res1 name is LYS
protocols.motifs.Motif: atom1 name is OOC
protocols.motifs.Motif: atom2 name is Phos
protocols.motifs.Motif: atom3 name is OOC
core.pack.task: Packer task: initialize from command line() 
core.pack.task: Packer task: initialize from command line() 
core.pack.task: Packer task: initialize from command line() 
protocols.moves.MonteCarlo: MonteCarlo:: last_accepted_score,lowest_score: -1103.59 -1103.59
protocols.motifs.Motif: Res1 name is LEU
protocols.motifs.Motif: atom1 name is Nhis
protocols.motifs.Motif: atom2 name is aroC
protocols.motifs.Motif: atom3 name is Nhis
protocols.motifs.Motif: Res1 name is GLN
protocols.motifs.Motif: atom1 name is OOC
protocols.motifs.Motif: atom2 name is Phos
protocols.motifs.Motif: atom3 name is OOC
protocols.motifs.Motif: Res1 name is LYS
protocols.motifs.Motif: atom1 name is OOC
protocols.motifs.Motif: atom2 name is Phos
protocols.motifs.Motif: atom3 name is OOC
core.pack.task: Packer task: initialize from command line() 
core.pack.task: Packer task: initialize from command line() 
core.pack.task: Packer task: initialize from command line() 
protocols.moves.MonteCarlo: MonteCarlo:: last_accepted_score,lowest_score: -1106.09 -1106.31
protocols.motifs.Motif: Res1 name is LEU
protocols.motifs.Motif: atom1 name is OOC
protocols.motifs.Motif: atom2 name is Phos
protocols.motifs.Motif: atom3 name is OOC
protocols.motifs.Motif: Res1 name is ARG
protocols.motifs.Motif: atom1 name is OOC
protocols.motifs.Motif: atom2 name is Phos
protocols.motifs.Motif: atom3 name is OOC
protocols.motifs.Motif: Res1 name is GLN
protocols.motifs.Motif: atom1 name is aroC
protocols.motifs.Motif: atom2 name is aroC
protocols.motifs.Motif: atom3 name is Nhis
protocols.motifs.Motif: Res1 name is LYS
protocols.motifs.Motif: atom1 name is aroC
protocols.motifs.Motif: atom2 name is aroC
protocols.motifs.Motif: atom3 name is Nhis
protocols.motifs.Motif: Res1 name is GLN
protocols.motifs.Motif: atom1 name is OOC
protocols.motifs.Motif: atom2 name is Phos
protocols.motifs.Motif: atom3 name is OOC
protocols.motifs.Motif: Res1 name is LYS
protocols.motifs.Motif: atom1 name is OOC
protocols.motifs.Motif: atom2 name is Phos
protocols.motifs.Motif: atom3 name is OOC
core.pack.task: Packer task: initialize from command line() 
core.pack.task: Packer task: initialize from command line() 
core.pack.task: Packer task: initialize from command line() 
protocols.moves.MonteCarlo: MonteCarlo:: last_accepted_score,lowest_score: -1103.94 -1104.59
protocols.motifs.Motif: Res1 name is ARG
protocols.motifs.Motif: atom1 name is OOC
protocols.motifs.Motif: atom2 name is Phos
protocols.motifs.Motif: atom3 name is OOC
protocols.motifs.Motif: Res1 name is LYS
protocols.motifs.Motif: atom1 name is OOC
protocols.motifs.Motif: atom2 name is Phos
protocols.motifs.Motif: atom3 name is OOC
protocols.motifs.Motif: Res1 name is GLN
protocols.motifs.Motif: atom1 name is OOC
protocols.motifs.Motif: atom2 name is Phos
protocols.motifs.Motif: atom3 name is OOC
protocols.motifs.Motif: Res1 name is LYS
protocols.motifs.Motif: atom1 name is COO
protocols.motifs.Motif: atom2 name is CH2
protocols.motifs.Motif: atom3 name is Nhis
core.pack.task: Packer task: initialize from command line() 
core.pack.task: Packer task: initialize from command line() 
core.pack.task: Packer task: initialize from command line() 
protocols.moves.MonteCarlo: MonteCarlo:: last_accepted_score,lowest_score: -1034.01 -1034.01
protocols.motifs.Motif: Res1 name is GLN
protocols.motifs.Motif: atom1 name is aroC
protocols.motifs.Motif: atom2 name is aroC
protocols.motifs.Motif: atom3 name is Nhis
protocols.motifs.Motif: Res1 name is LEU
protocols.motifs.Motif: atom1 name is aroC
protocols.motifs.Motif: atom2 name is Nhis
protocols.motifs.Motif: atom3 name is CH2
protocols.motifs.Motif: Res1 name is ARG
protocols.motifs.Motif: atom1 name is OOC
protocols.motifs.Motif: atom2 name is Phos
protocols.motifs.Motif: atom3 name is OOC
protocols.motifs.Motif: Res1 name is LYS
protocols.motifs.Motif: atom1 name is OOC
protocols.motifs.Motif: atom2 name is Phos
protocols.motifs.Motif: atom3 name is OOC
protocols.motifs.Motif: Res1 name is TYR
protocols.motifs.Motif: atom1 name is Nhis
protocols.motifs.Motif: atom2 name is aroC
protocols.motifs.Motif: atom3 name is Nhis
protocols.motifs.Motif: Res1 name is GLN
protocols.motifs.Motif: atom1 name is OOC
protocols.motifs.Motif: atom2 name is Phos
protocols.motifs.Motif: atom3 name is OOC
protocols.motifs.Motif: Res1 name is LYS
protocols.motifs.Motif: atom1 name is OOC
protocols.motifs.Motif: atom2 name is Phos
protocols.motifs.Motif: atom3 name is OOC
core.pack.task: Packer task: initialize from command line() 
core.pack.task: Packer task: initialize from command line() 
core.pack.task: Packer task: initialize from command line() 
protocols.moves.MonteCarlo: MonteCarlo:: last_accepted_score,lowest_score: -1104.88 -1104.88
protocols.motifs.Motif: Res1 name is ARG
protocols.motifs.Motif: atom1 name is OOC
protocols.motifs.Motif: atom2 name is Phos
protocols.motifs.Motif: atom3 name is OOC
protocols.motifs.Motif: Res1 name is LYS
protocols.motifs.Motif: atom1 name is aroC
protocols.motifs.Motif: atom2 name is aroC
protocols.motifs.Motif: atom3 name is Nhis
protocols.motifs.Motif: Res1 name is GLN
protocols.motifs.Motif: atom1 name is Nhis
protocols.motifs.Motif: atom2 name is aroC
protocols.motifs.Motif: atom3 name is Nhis
protocols.motifs.Motif: Res1 name is LYS
protocols.motifs.Motif: atom1 name is OOC
protocols.motifs.Motif: atom2 name is Phos
protocols.motifs.Motif: atom3 name is OOC
core.pack.task: Packer task: initialize from command line() 
core.pack.task: Packer task: initialize from command line() 
core.pack.task: Packer task: initialize from command line() 
protocols.moves.MonteCarlo: MonteCarlo:: last_accepted_score,lowest_score: -1102.91 -1103.11
protocols.motifs.Motif: Res1 name is LEU
protocols.motifs.Motif: atom1 name is OOC
protocols.motifs.Motif: atom2 name is Phos
protocols.motifs.Motif: atom3 name is OOC
protocols.motifs.Motif: Res1 name is ARG
protocols.motifs.Motif: atom1 name is OOC
protocols.motifs.Motif: atom2 name is Phos
protocols.motifs.Motif: atom3 name is OOC
protocols.motifs.Motif: Res1 name is GLN
protocols.motifs.Motif: atom1 name is aroC
protocols.motifs.Motif: atom2 name is aroC
protocols.motifs.Motif: atom3 name is Nhis
protocols.motifs.Motif: Res1 name is LYS
protocols.motifs.Motif: atom1 name is aroC
protocols.motifs.Motif: atom2 name is aroC
protocols.motifs.Motif: atom3 name is Nhis
protocols.motifs.Motif: Res1 name is LYS
protocols.motifs.Motif: atom1 name is OOC
protocols.motifs.Motif: atom2 name is Phos
protocols.motifs.Motif: atom3 name is OOC
core.pack.task: Packer task: initialize from command line() 
core.pack.task: Packer task: initialize from command line() 
core.pack.task: Packer task: initialize from command line() 
protocols.moves.MonteCarlo: MonteCarlo:: last_accepted_score,lowest_score: -1101.46 -1101.63
protocols.motifs.Motif: Res1 name is LEU
protocols.motifs.Motif: atom1 name is OH
protocols.motifs.Motif: atom2 name is COO
protocols.motifs.Motif: atom3 name is Phos
protocols.motifs.Motif: Res1 name is ARG
protocols.motifs.Motif: atom1 name is OOC
protocols.motifs.Motif: atom2 name is Phos
protocols.motifs.Motif: atom3 name is OOC
protocols.motifs.Motif: Res1 name is GLN
protocols.motifs.Motif: atom1 name is aroC
protocols.motifs.Motif: atom2 name is aroC
protocols.motifs.Motif: atom3 name is Nhis
protocols.motifs.Motif: Res1 name is GLN
protocols.motifs.Motif: atom1 name is OOC
protocols.motifs.Motif: atom2 name is Phos
protocols.motifs.Motif: atom3 name is OOC
protocols.motifs.Motif: Res1 name is LYS
protocols.motifs.Motif: atom1 name is OOC
protocols.motifs.Motif: atom2 name is Phos
protocols.motifs.Motif: atom3 name is OOC
core.pack.task: Packer task: initialize from command line() 
core.pack.task: Packer task: initialize from command line() 
core.pack.task: Packer task: initialize from command line() 
protocols.moves.MonteCarlo: MonteCarlo:: last_accepted_score,lowest_score: -1102.69 -1103.55
protocols.motifs.Motif: Res1 name is ARG
protocols.motifs.Motif: atom1 name is OOC
protocols.motifs.Motif: atom2 name is Phos
protocols.motifs.Motif: atom3 name is OOC
protocols.motifs.Motif: Res1 name is GLN
protocols.motifs.Motif: atom1 name is Nhis
protocols.motifs.Motif: atom2 name is aroC
protocols.motifs.Motif: atom3 name is Nhis
protocols.motifs.Motif: Res1 name is LYS
protocols.motifs.Motif: atom1 name is aroC
protocols.motifs.Motif: atom2 name is aroC
protocols.motifs.Motif: atom3 name is Nhis
protocols.motifs.Motif: Res1 name is LYS
protocols.motifs.Motif: atom1 name is OOC
protocols.motifs.Motif: atom2 name is Phos
protocols.motifs.Motif: atom3 name is OOC
core.pack.task: Packer task: initialize from command line() 
core.pack.task: Packer task: initialize from command line() 
core.pack.task: Packer task: initialize from command line() 
protocols.moves.MonteCarlo: MonteCarlo:: last_accepted_score,lowest_score: -1044.78 -1044.78
protocols.motifs.Motif: Res1 name is LEU
protocols.motifs.Motif: atom1 name is OOC
protocols.motifs.Motif: atom2 name is Phos
protocols.motifs.Motif: atom3 name is OOC
protocols.motifs.Motif: Res1 name is ARG
protocols.motifs.Motif: atom1 name is OOC
protocols.motifs.Motif: atom2 name is Phos
protocols.motifs.Motif: atom3 name is OOC
protocols.motifs.Motif: Res1 name is PHE
protocols.motifs.Motif: atom1 name is aroC
protocols.motifs.Motif: atom2 name is aroC
protocols.motifs.Motif: atom3 name is Nhis
protocols.motifs.Motif: Res1 name is GLN
protocols.motifs.Motif: atom1 name is Nhis
protocols.motifs.Motif: atom2 name is aroC
protocols.motifs.Motif: atom3 name is Nhis
protocols.motifs.Motif: Res1 name is LYS
protocols.motifs.Motif: atom1 name is OOC
protocols.motifs.Motif: atom2 name is Phos
protocols.motifs.Motif: atom3 name is OOC
core.pack.task: Packer task: initialize from command line() 
core.pack.task: Packer task: initialize from command line() 
core.pack.task: Packer task: initialize from command line() 
protocols.moves.MonteCarlo: MonteCarlo:: last_accepted_score,lowest_score: -1105.97 -1106.14
protocols.motifs.Motif: Res1 name is LEU
protocols.motifs.Motif: atom1 name is aroC
protocols.motifs.Motif: atom2 name is Nhis
protocols.motifs.Motif: atom3 name is CH2
protocols.motifs.Motif: Res1 name is ARG
protocols.motifs.Motif: atom1 name is OOC
protocols.motifs.Motif: atom2 name is Phos
protocols.motifs.Motif: atom3 name is OOC
protocols.motifs.Motif: Res1 name is LYS
protocols.motifs.Motif: atom1 name is OOC
protocols.motifs.Motif: atom2 name is Phos
protocols.motifs.Motif: atom3 name is OOC
protocols.motifs.Motif: Res1 name is TYR
protocols.motifs.Motif: atom1 name is aroC
protocols.motifs.Motif: atom2 name is aroC
protocols.motifs.Motif: atom3 name is Nhis
protocols.motifs.Motif: Res1 name is GLN
protocols.motifs.Motif: atom1 name is Nhis
protocols.motifs.Motif: atom2 name is aroC
protocols.motifs.Motif: atom3 name is Nhis
protocols.motifs.Motif: Res1 name is LYS
protocols.motifs.Motif: atom1 name is OOC
protocols.motifs.Motif: atom2 name is Phos
protocols.motifs.Motif: atom3 name is OOC
core.pack.task: Packer task: initialize from command line() 
core.pack.task: Packer task: initialize from command line() 
core.pack.task: Packer task: initialize from command line() 
protocols.moves.MonteCarlo: MonteCarlo:: last_accepted_score,lowest_score: -1105.07 -1105.07
protocols.motifs.Motif: Res1 name is LEU
protocols.motifs.Motif: atom1 name is OH
protocols.motifs.Motif: atom2 name is COO
protocols.motifs.Motif: atom3 name is Phos
protocols.motifs.Motif: Res1 name is ARG
protocols.motifs.Motif: atom1 name is OOC
protocols.motifs.Motif: atom2 name is Phos
protocols.motifs.Motif: atom3 name is OOC
protocols.motifs.Motif: Res1 name is LYS
protocols.motifs.Motif: atom1 name is aroC
protocols.motifs.Motif: atom2 name is aroC
protocols.motifs.Motif: atom3 name is Nhis
protocols.motifs.Motif: Res1 name is TYR
protocols.motifs.Motif: atom1 name is Nhis
protocols.motifs.Motif: atom2 name is aroC
protocols.motifs.Motif: atom3 name is Nhis
protocols.motifs.Motif: Res1 name is GLN
protocols.motifs.Motif: atom1 name is OOC
protocols.motifs.Motif: atom2 name is Phos
protocols.motifs.Motif: atom3 name is OOC
protocols.motifs.Motif: Res1 name is LYS
protocols.motifs.Motif: atom1 name is OOC
protocols.motifs.Motif: atom2 name is Phos
protocols.motifs.Motif: atom3 name is OOC
core.pack.task: Packer task: initialize from command line() 
core.pack.task: Packer task: initialize from command line() 
core.pack.task: Packer task: initialize from command line() 
protocols.moves.MonteCarlo: MonteCarlo:: last_accepted_score,lowest_score: -1106.48 -1106.48
protocols.motifs.Motif: Res1 name is LEU
protocols.motifs.Motif: atom1 name is Nhis
protocols.motifs.Motif: atom2 name is aroC
protocols.motifs.Motif: atom3 name is Nhis
protocols.motifs.Motif: Res1 name is ARG
protocols.motifs.Motif: atom1 name is COO
protocols.motifs.Motif: atom2 name is CH2
protocols.motifs.Motif: atom3 name is Nhis
protocols.motifs.Motif: Res1 name is GLN
protocols.motifs.Motif: atom1 name is Nhis
protocols.motifs.Motif: atom2 name is aroC
protocols.motifs.Motif: atom3 name is Nhis
protocols.motifs.Motif: Res1 name is LYS
protocols.motifs.Motif: atom1 name is OOC
protocols.motifs.Motif: atom2 name is Phos
protocols.motifs.Motif: atom3 name is OOC
protocols.motifs.Motif: Res1 name is GLN
protocols.motifs.Motif: atom1 name is OOC
protocols.motifs.Motif: atom2 name is Phos
protocols.motifs.Motif: atom3 name is OOC
protocols.motifs.Motif: Res1 name is LYS
protocols.motifs.Motif: atom1 name is OOC
protocols.motifs.Motif: atom2 name is Phos
protocols.motifs.Motif: atom3 name is OOC
core.pack.task: Packer task: initialize from command line() 
core.pack.task: Packer task: initialize from command line() 
core.pack.task: Packer task: initialize from command line() 
protocols.moves.MonteCarlo: MonteCarlo:: last_accepted_score,lowest_score: -1105.02 -1105.49
protocols.motifs.Motif: Res1 name is LEU
protocols.motifs.Motif: atom1 name is OOC
protocols.motifs.Motif: atom2 name is Phos
protocols.motifs.Motif: atom3 name is OOC
protocols.motifs.Motif: Res1 name is ARG
protocols.motifs.Motif: atom1 name is OH
protocols.motifs.Motif: atom2 name is COO
protocols.motifs.Motif: atom3 name is Phos
protocols.motifs.Motif: Res1 name is GLN
protocols.motifs.Motif: atom1 name is OOC
protocols.motifs.Motif: atom2 name is Phos
protocols.motifs.Motif: atom3 name is OOC
protocols.motifs.Motif: Res1 name is LYS
protocols.motifs.Motif: atom1 name is OOC
protocols.motifs.Motif: atom2 name is Phos
protocols.motifs.Motif: atom3 name is OOC
core.pack.task: Packer task: initialize from command line() 
core.pack.task: Packer task: initialize from command line() 
core.pack.task: Packer task: initialize from command line() 
protocols.moves.MonteCarlo: MonteCarlo:: last_accepted_score,lowest_score: -1109.15 -1109.15
protocols.motifs.Motif: Res1 name is ARG
protocols.motifs.Motif: atom1 name is OOC
protocols.motifs.Motif: atom2 name is Phos
protocols.motifs.Motif: atom3 name is OOC
protocols.motifs.Motif: Res1 name is LEU
protocols.motifs.Motif: atom1 name is OH
protocols.motifs.Motif: atom2 name is COO
protocols.motifs.Motif: atom3 name is Phos
protocols.motifs.Motif: Res1 name is LYS
protocols.motifs.Motif: atom1 name is aroC
protocols.motifs.Motif: atom2 name is aroC
protocols.motifs.Motif: atom3 name is Nhis
protocols.motifs.Motif: Res1 name is THR
protocols.motifs.Motif: atom1 name is OOC
protocols.motifs.Motif: atom2 name is Phos
protocols.motifs.Motif: atom3 name is OOC
protocols.motifs.Motif: Res1 name is TYR
protocols.motifs.Motif: atom1 name is OOC
protocols.motifs.Motif: atom2 name is Phos
protocols.motifs.Motif: atom3 name is OOC
protocols.motifs.Motif: Res1 name is PHE
protocols.motifs.Motif: atom1 name is OOC
protocols.motifs.Motif: atom2 name is Phos
protocols.motifs.Motif: atom3 name is OOC
protocols.motifs.Motif: Res1 name is GLN
protocols.motifs.Motif: atom1 name is OOC
protocols.motifs.Motif: atom2 name is Phos
protocols.motifs.Motif: atom3 name is OOC
core.pack.task: Packer task: initialize from command line() 
core.pack.task: Packer task: initialize from command line() 
core.pack.task: Packer task: initialize from command line() 
protocols.moves.MonteCarlo: MonteCarlo:: last_accepted_score,lowest_score: -1108.22 -1108.22
protocols.motifs.Motif: Res1 name is LEU
protocols.motifs.Motif: atom1 name is OH
protocols.motifs.Motif: atom2 name is COO
protocols.motifs.Motif: atom3 name is Phos
protocols.motifs.Motif: Res1 name is ARG
protocols.motifs.Motif: atom1 name is OOC
protocols.motifs.Motif: atom2 name is Phos
protocols.motifs.Motif: atom3 name is OOC
protocols.motifs.Motif: Res1 name is GLN
protocols.motifs.Motif: atom1 name is aroC
protocols.motifs.Motif: atom2 name is aroC
protocols.motifs.Motif: atom3 name is Nhis
protocols.motifs.Motif: Res1 name is LYS
protocols.motifs.Motif: atom1 name is aroC
protocols.motifs.Motif: atom2 name is aroC
protocols.motifs.Motif: atom3 name is Nhis
protocols.motifs.Motif: Res1 name is TYR
protocols.motifs.Motif: atom1 name is OOC
protocols.motifs.Motif: atom2 name is Phos
protocols.motifs.Motif: atom3 name is OOC
protocols.motifs.Motif: Res1 name is GLN
protocols.motifs.Motif: atom1 name is OOC
protocols.motifs.Motif: atom2 name is Phos
protocols.motifs.Motif: atom3 name is OOC
protocols.motifs.Motif: Res1 name is LYS
protocols.motifs.Motif: atom1 name is OOC
protocols.motifs.Motif: atom2 name is Phos
protocols.motifs.Motif: atom3 name is OOC
core.pack.task: Packer task: initialize from command line() 
core.pack.task: Packer task: initialize from command line() 
core.pack.task: Packer task: initialize from command line() 
protocols.moves.MonteCarlo: MonteCarlo:: last_accepted_score,lowest_score: -1106.54 -1106.56
protocols.motifs.Motif: Res1 name is ARG
protocols.motifs.Motif: atom1 name is OOC
protocols.motifs.Motif: atom2 name is Phos
protocols.motifs.Motif: atom3 name is OOC
protocols.motifs.Motif: Res1 name is LYS
protocols.motifs.Motif: atom1 name is OOC
protocols.motifs.Motif: atom2 name is Phos
protocols.motifs.Motif: atom3 name is OOC
protocols.motifs.Motif: Res1 name is GLN
protocols.motifs.Motif: atom1 name is OH
protocols.motifs.Motif: atom2 name is COO
protocols.motifs.Motif: atom3 name is Phos
protocols.motifs.Motif: Res1 name is LYS
protocols.motifs.Motif: atom1 name is OOC
protocols.motifs.Motif: atom2 name is Phos
protocols.motifs.Motif: atom3 name is OOC
core.pack.task: Packer task: initialize from command line() 
core.pack.task: Packer task: initialize from command line() 
core.pack.task: Packer task: initialize from command line() 
protocols.moves.MonteCarlo: MonteCarlo:: last_accepted_score,lowest_score: -1104.79 -1104.79
protocols.motifs.Motif: Res1 name is LEU
protocols.motifs.Motif: atom1 name is OOC
protocols.motifs.Motif: atom2 name is Phos
protocols.motifs.Motif: atom3 name is OOC
protocols.motifs.Motif: Res1 name is ARG
protocols.motifs.Motif: atom1 name is OOC
protocols.motifs.Motif: atom2 name is Phos
protocols.motifs.Motif: atom3 name is OOC
protocols.motifs.Motif: Res1 name is LYS
protocols.motifs.Motif: atom1 name is OOC
protocols.motifs.Motif: atom2 name is Phos
protocols.motifs.Motif: atom3 name is OOC
protocols.motifs.Motif: Res1 name is GLN
protocols.motifs.Motif: atom1 name is OOC
protocols.motifs.Motif: atom2 name is Phos
protocols.motifs.Motif: atom3 name is OOC
core.pack.task: Packer task: initialize from command line() 
core.pack.task: Packer task: initialize from command line() 
core.pack.task: Packer task: initialize from command line() 
protocols.moves.MonteCarlo: MonteCarlo:: last_accepted_score,lowest_score: -1107.16 -1107.16
protocols.motifs.Motif: Res1 name is LYS
protocols.motifs.Motif: atom1 name is Nhis
protocols.motifs.Motif: atom2 name is aroC
protocols.motifs.Motif: atom3 name is Nhis
protocols.motifs.Motif: Res1 name is ARG
protocols.motifs.Motif: atom1 name is OOC
protocols.motifs.Motif: atom2 name is Phos
protocols.motifs.Motif: atom3 name is OOC
protocols.motifs.Motif: Res1 name is GLN
protocols.motifs.Motif: atom1 name is aroC
protocols.motifs.Motif: atom2 name is Nhis
protocols.motifs.Motif: atom3 name is CH2
protocols.motifs.Motif: Res1 name is LEU
protocols.motifs.Motif: atom1 name is OOC
protocols.motifs.Motif: atom2 name is Phos
protocols.motifs.Motif: atom3 name is OOC
protocols.motifs.Motif: Res1 name is ARG
protocols.motifs.Motif: atom1 name is OOC
protocols.motifs.Motif: atom2 name is Phos
protocols.motifs.Motif: atom3 name is OOC
protocols.motifs.Motif: Res1 name is PHE
protocols.motifs.Motif: atom1 name is OOC
protocols.motifs.Motif: atom2 name is Phos
protocols.motifs.Motif: atom3 name is OOC
protocols.motifs.Motif: Res1 name is LYS
protocols.motifs.Motif: atom1 name is OH
protocols.motifs.Motif: atom2 name is COO
protocols.motifs.Motif: atom3 name is Phos
core.pack.task: Packer task: initialize from command line() 
core.pack.task: Packer task: initialize from command line() 
core.pack.task: Packer task: initialize from command line() 
protocols.moves.MonteCarlo: MonteCarlo:: last_accepted_score,lowest_score: -1104.97 -1105.73
protocols.motifs.Motif: Res1 name is ARG
protocols.motifs.Motif: atom1 name is OOC
protocols.motifs.Motif: atom2 name is Phos
protocols.motifs.Motif: atom3 name is OOC
protocols.motifs.Motif: Res1 name is LYS
protocols.motifs.Motif: atom1 name is OH
protocols.motifs.Motif: atom2 name is COO
protocols.motifs.Motif: atom3 name is Phos
core.pack.task: Packer task: initialize from command line() 
core.pack.task: Packer task: initialize from command line() 
core.pack.task: Packer task: initialize from command line() 
protocols.moves.MonteCarlo: MonteCarlo:: last_accepted_score,lowest_score: -1105.86 -1105.86
protocols.motifs.Motif: Res1 name is LEU
protocols.motifs.Motif: atom1 name is OH
protocols.motifs.Motif: atom2 name is COO
protocols.motifs.Motif: atom3 name is Phos
protocols.motifs.Motif: Res1 name is ARG
protocols.motifs.Motif: atom1 name is aroC
protocols.motifs.Motif: atom2 name is Nhis
protocols.motifs.Motif: atom3 name is CH2
protocols.motifs.Motif: Res1 name is LYS
protocols.motifs.Motif: atom1 name is OOC
protocols.motifs.Motif: atom2 name is Phos
protocols.motifs.Motif: atom3 name is OOC
protocols.motifs.Motif: Res1 name is GLN
protocols.motifs.Motif: atom1 name is OOC
protocols.motifs.Motif: atom2 name is Phos
protocols.motifs.Motif: atom3 name is OOC
core.pack.task: Packer task: initialize from command line() 
core.pack.task: Packer task: initialize from command line() 
core.pack.task: Packer task: initialize from command line() 
protocols.moves.MonteCarlo: MonteCarlo:: last_accepted_score,lowest_score: -1105.07 -1105.15
protocols.motifs.Motif: Res1 name is ARG
protocols.motifs.Motif: atom1 name is OOC
protocols.motifs.Motif: atom2 name is Phos
protocols.motifs.Motif: atom3 name is OOC
protocols.motifs.Motif: Res1 name is LYS
protocols.motifs.Motif: atom1 name is OOC
protocols.motifs.Motif: atom2 name is Phos
protocols.motifs.Motif: atom3 name is OOC
protocols.motifs.Motif: Res1 name is GLN
protocols.motifs.Motif: atom1 name is Nhis
protocols.motifs.Motif: atom2 name is aroC
protocols.motifs.Motif: atom3 name is Nhis
protocols.motifs.Motif: Res1 name is LYS
protocols.motifs.Motif: atom1 name is OOC
protocols.motifs.Motif: atom2 name is Phos
protocols.motifs.Motif: atom3 name is OOC
core.pack.task: Packer task: initialize from command line() 
core.pack.task: Packer task: initialize from command line() 
core.pack.task: Packer task: initialize from command line() 
protocols.moves.MonteCarlo: MonteCarlo:: last_accepted_score,lowest_score: -1104.61 -1104.89
protocols.motifs.Motif: Res1 name is ARG
protocols.motifs.Motif: atom1 name is OOC
protocols.motifs.Motif: atom2 name is Phos
protocols.motifs.Motif: atom3 name is OOC
protocols.motifs.Motif: Res1 name is LYS
protocols.motifs.Motif: atom1 name is OOC
protocols.motifs.Motif: atom2 name is Phos
protocols.motifs.Motif: atom3 name is OOC
protocols.motifs.Motif: Res1 name is THR
protocols.motifs.Motif: atom1 name is Nhis
protocols.motifs.Motif: atom2 name is aroC
protocols.motifs.Motif: atom3 name is Nhis
protocols.motifs.Motif: Res1 name is TYR
protocols.motifs.Motif: atom1 name is aroC
protocols.motifs.Motif: atom2 name is aroC
protocols.motifs.Motif: atom3 name is Nhis
protocols.motifs.Motif: Res1 name is GLN
protocols.motifs.Motif: atom1 name is OOC
protocols.motifs.Motif: atom2 name is Phos
protocols.motifs.Motif: atom3 name is OOC
protocols.motifs.Motif: Res1 name is LYS
protocols.motifs.Motif: atom1 name is OOC
protocols.motifs.Motif: atom2 name is Phos
protocols.motifs.Motif: atom3 name is OOC
core.pack.task: Packer task: initialize from command line() 
core.pack.task: Packer task: initialize from command line() 
core.pack.task: Packer task: initialize from command line() 
protocols.moves.MonteCarlo: MonteCarlo:: last_accepted_score,lowest_score: -1043.95 -1043.95
protocols.motifs.Motif: Res1 name is LEU
protocols.motifs.Motif: atom1 name is OH
protocols.motifs.Motif: atom2 name is COO
protocols.motifs.Motif: atom3 name is Phos
protocols.motifs.Motif: Res1 name is ASP
protocols.motifs.Motif: atom1 name is Nhis
protocols.motifs.Motif: atom2 name is aroC
protocols.motifs.Motif: atom3 name is Nhis
protocols.motifs.Motif: Res1 name is ARG
protocols.motifs.Motif: atom1 name is OH
protocols.motifs.Motif: atom2 name is COO
protocols.motifs.Motif: atom3 name is Phos
protocols.motifs.Motif: Res1 name is LYS
protocols.motifs.Motif: atom1 name is OOC
protocols.motifs.Motif: atom2 name is Phos
protocols.motifs.Motif: atom3 name is OOC
core.pack.task: Packer task: initialize from command line() 
core.pack.task: Packer task: initialize from command line() 
core.pack.task: Packer task: initialize from command line() 
protocols.moves.MonteCarlo: MonteCarlo:: last_accepted_score,lowest_score: -1105.39 -1105.57
protocols.motifs.Motif: Res1 name is LEU
protocols.motifs.Motif: atom1 name is aroC
protocols.motifs.Motif: atom2 name is Nhis
protocols.motifs.Motif: atom3 name is CH2
protocols.motifs.Motif: Res1 name is ARG
protocols.motifs.Motif: atom1 name is OOC
protocols.motifs.Motif: atom2 name is Phos
protocols.motifs.Motif: atom3 name is OOC
protocols.motifs.Motif: Res1 name is LYS
protocols.motifs.Motif: atom1 name is OOC
protocols.motifs.Motif: atom2 name is Phos
protocols.motifs.Motif: atom3 name is OOC
protocols.motifs.Motif: Res1 name is TYR
protocols.motifs.Motif: atom1 name is aroC
protocols.motifs.Motif: atom2 name is aroC
protocols.motifs.Motif: atom3 name is Nhis
protocols.motifs.Motif: Res1 name is GLN
protocols.motifs.Motif: atom1 name is OOC
protocols.motifs.Motif: atom2 name is Phos
protocols.motifs.Motif: atom3 name is OOC
protocols.motifs.Motif: Res1 name is LYS
protocols.motifs.Motif: atom1 name is OOC
protocols.motifs.Motif: atom2 name is Phos
protocols.motifs.Motif: atom3 name is OOC
core.pack.task: Packer task: initialize from command line() 
core.pack.task: Packer task: initialize from command line() 
core.pack.task: Packer task: initialize from command line() 
protocols.moves.MonteCarlo: MonteCarlo:: last_accepted_score,lowest_score: -1105.82 -1106.77
protocols.motifs.Motif: Res1 name is LEU
protocols.motifs.Motif: atom1 name is aroC
protocols.motifs.Motif: atom2 name is Nhis
protocols.motifs.Motif: atom3 name is CH2
protocols.motifs.Motif: Res1 name is ARG
protocols.motifs.Motif: atom1 name is OOC
protocols.motifs.Motif: atom2 name is Phos
protocols.motifs.Motif: atom3 name is OOC
protocols.motifs.Motif: Res1 name is THR
protocols.motifs.Motif: atom1 name is Nhis
protocols.motifs.Motif: atom2 name is aroC
protocols.motifs.Motif: atom3 name is Nhis
protocols.motifs.Motif: Res1 name is TYR
protocols.motifs.Motif: atom1 name is aroC
protocols.motifs.Motif: atom2 name is Nhis
protocols.motifs.Motif: atom3 name is CH2
protocols.motifs.Motif: Res1 name is GLN
protocols.motifs.Motif: atom1 name is Nhis
protocols.motifs.Motif: atom2 name is aroC
protocols.motifs.Motif: atom3 name is Nhis
protocols.motifs.Motif: Res1 name is LYS
protocols.motifs.Motif: atom1 name is OOC
protocols.motifs.Motif: atom2 name is Phos
protocols.motifs.Motif: atom3 name is OOC
core.pack.task: Packer task: initialize from command line() 
core.pack.task: Packer task: initialize from command line() 
core.pack.task: Packer task: initialize from command line() 
protocols.moves.MonteCarlo: MonteCarlo:: last_accepted_score,lowest_score: -1103.74 -1103.74
protocols.motifs.Motif: Res1 name is LEU
protocols.motifs.Motif: atom1 name is OOC
protocols.motifs.Motif: atom2 name is Phos
protocols.motifs.Motif: atom3 name is OOC
protocols.motifs.Motif: Res1 name is ARG
protocols.motifs.Motif: atom1 name is OOC
protocols.motifs.Motif: atom2 name is Phos
protocols.motifs.Motif: atom3 name is OOC
protocols.motifs.Motif: Res1 name is PHE
protocols.motifs.Motif: atom1 name is aroC
protocols.motifs.Motif: atom2 name is aroC
protocols.motifs.Motif: atom3 name is Nhis
protocols.motifs.Motif: Res1 name is GLN
protocols.motifs.Motif: atom1 name is Nhis
protocols.motifs.Motif: atom2 name is aroC
protocols.motifs.Motif: atom3 name is Nhis
protocols.motifs.Motif: Res1 name is LYS
protocols.motifs.Motif: atom1 name is COO
protocols.motifs.Motif: atom2 name is CH2
protocols.motifs.Motif: atom3 name is Nhis
core.pack.task: Packer task: initialize from command line() 
core.pack.task: Packer task: initialize from command line() 
core.pack.task: Packer task: initialize from command line() 
protocols.moves.MonteCarlo: MonteCarlo:: last_accepted_score,lowest_score: -1105.41 -1105.41
protocols.motifs.Motif: Res1 name is GLN
protocols.motifs.Motif: atom1 name is aroC
protocols.motifs.Motif: atom2 name is aroC
protocols.motifs.Motif: atom3 name is Nhis
protocols.motifs.Motif: Res1 name is LYS
protocols.motifs.Motif: atom1 name is Nhis
protocols.motifs.Motif: atom2 name is aroC
protocols.motifs.Motif: atom3 name is Nhis
protocols.motifs.Motif: Res1 name is GLN
protocols.motifs.Motif: atom1 name is OH
protocols.motifs.Motif: atom2 name is COO
protocols.motifs.Motif: atom3 name is Phos
protocols.motifs.Motif: Res1 name is LYS
protocols.motifs.Motif: atom1 name is OOC
protocols.motifs.Motif: atom2 name is Phos
protocols.motifs.Motif: atom3 name is OOC
core.pack.task: Packer task: initialize from command line() 
core.pack.task: Packer task: initialize from command line() 
core.pack.task: Packer task: initialize from command line() 
protocols.moves.MonteCarlo: MonteCarlo:: last_accepted_score,lowest_score: -1108 -1108
protocols.motifs.Motif: Res1 name is ARG
protocols.motifs.Motif: atom1 name is OOC
protocols.motifs.Motif: atom2 name is Phos
protocols.motifs.Motif: atom3 name is OOC
protocols.motifs.Motif: Res1 name is GLN
protocols.motifs.Motif: atom1 name is OOC
protocols.motifs.Motif: atom2 name is Phos
protocols.motifs.Motif: atom3 name is OOC
protocols.motifs.Motif: Res1 name is LYS
protocols.motifs.Motif: atom1 name is OH
protocols.motifs.Motif: atom2 name is COO
protocols.motifs.Motif: atom3 name is Phos
core.pack.task: Packer task: initialize from command line() 
core.pack.task: Packer task: initialize from command line() 
core.pack.task: Packer task: initialize from command line() 
protocols.moves.MonteCarlo: MonteCarlo:: last_accepted_score,lowest_score: -1105.59 -1105.69
protocols.motifs.Motif: Res1 name is LEU
protocols.motifs.Motif: atom1 name is aroC
protocols.motifs.Motif: atom2 name is Nhis
protocols.motifs.Motif: atom3 name is CH2
protocols.motifs.Motif: Res1 name is ARG
protocols.motifs.Motif: atom1 name is OOC
protocols.motifs.Motif: atom2 name is Phos
protocols.motifs.Motif: atom3 name is OOC
protocols.motifs.Motif: Res1 name is GLN
protocols.motifs.Motif: atom1 name is aroC
protocols.motifs.Motif: atom2 name is aroC
protocols.motifs.Motif: atom3 name is Nhis
protocols.motifs.Motif: Res1 name is LYS
protocols.motifs.Motif: atom1 name is OOC
protocols.motifs.Motif: atom2 name is Phos
protocols.motifs.Motif: atom3 name is OOC
protocols.motifs.Motif: Res1 name is LYS
protocols.motifs.Motif: atom1 name is OOC
protocols.motifs.Motif: atom2 name is Phos
protocols.motifs.Motif: atom3 name is OOC
core.pack.task: Packer task: initialize from command line() 
core.pack.task: Packer task: initialize from command line() 
core.pack.task: Packer task: initialize from command line() 
protocols.moves.MonteCarlo: MonteCarlo:: last_accepted_score,lowest_score: -1104.52 -1105.25
protocols.motifs.Motif: Res1 name is ARG
protocols.motifs.Motif: atom1 name is OOC
protocols.motifs.Motif: atom2 name is Phos
protocols.motifs.Motif: atom3 name is OOC
protocols.motifs.Motif: Res1 name is LYS
protocols.motifs.Motif: atom1 name is OOC
protocols.motifs.Motif: atom2 name is Phos
protocols.motifs.Motif: atom3 name is OOC
protocols.motifs.Motif: Res1 name is THR
protocols.motifs.Motif: atom1 name is OOC
protocols.motifs.Motif: atom2 name is Phos
protocols.motifs.Motif: atom3 name is OOC
protocols.motifs.Motif: Res1 name is PHE
protocols.motifs.Motif: atom1 name is Nhis
protocols.motifs.Motif: atom2 name is aroC
protocols.motifs.Motif: atom3 name is Nhis
protocols.motifs.Motif: Res1 name is GLN
protocols.motifs.Motif: atom1 name is OOC
protocols.motifs.Motif: atom2 name is Phos
protocols.motifs.Motif: atom3 name is OOC
protocols.motifs.Motif: Res1 name is LYS
protocols.motifs.Motif: atom1 name is OOC
protocols.motifs.Motif: atom2 name is Phos
protocols.motifs.Motif: atom3 name is OOC
core.pack.task: Packer task: initialize from command line() 
core.pack.task: Packer task: initialize from command line() 
core.pack.task: Packer task: initialize from command line() 
protocols.moves.MonteCarlo: MonteCarlo:: last_accepted_score,lowest_score: -1107.58 -1107.58
protocols.motifs.Motif: Res1 name is LEU
protocols.motifs.Motif: atom1 name is OOC
protocols.motifs.Motif: atom2 name is Phos
protocols.motifs.Motif: atom3 name is OOC
protocols.motifs.Motif: Res1 name is GLN
protocols.motifs.Motif: atom1 name is Nhis
protocols.motifs.Motif: atom2 name is aroC
protocols.motifs.Motif: atom3 name is Nhis
protocols.motifs.Motif: Res1 name is LYS
protocols.motifs.Motif: atom1 name is aroC
protocols.motifs.Motif: atom2 name is aroC
protocols.motifs.Motif: atom3 name is Nhis
protocols.motifs.Motif: Res1 name is TYR
protocols.motifs.Motif: atom1 name is OOC
protocols.motifs.Motif: atom2 name is Phos
protocols.motifs.Motif: atom3 name is OOC
protocols.motifs.Motif: Res1 name is GLN
protocols.motifs.Motif: atom1 name is OOC
protocols.motifs.Motif: atom2 name is Phos
protocols.motifs.Motif: atom3 name is OOC
core.pack.task: Packer task: initialize from command line() 
core.pack.task: Packer task: initialize from command line() 
core.pack.task: Packer task: initialize from command line() 
protocols.moves.MonteCarlo: MonteCarlo:: last_accepted_score,lowest_score: -1104.9 -1105.06
protocols.motifs.Motif: Res1 name is ARG
protocols.motifs.Motif: atom1 name is OOC
protocols.motifs.Motif: atom2 name is Phos
protocols.motifs.Motif: atom3 name is OOC
protocols.motifs.Motif: Res1 name is PHE
protocols.motifs.Motif: atom1 name is Nhis
protocols.motifs.Motif: atom2 name is aroC
protocols.motifs.Motif: atom3 name is Nhis
protocols.motifs.Motif: Res1 name is GLN
protocols.motifs.Motif: atom1 name is OOC
protocols.motifs.Motif: atom2 name is Phos
protocols.motifs.Motif: atom3 name is OOC
protocols.motifs.Motif: Res1 name is LYS
protocols.motifs.Motif: atom1 name is aroC
protocols.motifs.Motif: atom2 name is Nhis
protocols.motifs.Motif: atom3 name is CH2
protocols.motifs.Motif: Res1 name is ARG
protocols.motifs.Motif: atom1 name is Nhis
protocols.motifs.Motif: atom2 name is aroC
protocols.motifs.Motif: atom3 name is Nhis
core.pack.task: Packer task: initialize from command line() 
core.pack.task: Packer task: initialize from command line() 
core.pack.task: Packer task: initialize from command line() 
protocols.moves.MonteCarlo: MonteCarlo:: last_accepted_score,lowest_score: -1105.59 -1105.59
protocols.motifs.Motif: Res1 name is ARG
protocols.motifs.Motif: atom1 name is OOC
protocols.motifs.Motif: atom2 name is Phos
protocols.motifs.Motif: atom3 name is OOC
protocols.motifs.Motif: Res1 name is GLN
protocols.motifs.Motif: atom1 name is OOC
protocols.motifs.Motif: atom2 name is Phos
protocols.motifs.Motif: atom3 name is OOC
protocols.motifs.Motif: Res1 name is LYS
protocols.motifs.Motif: atom1 name is OH
protocols.motifs.Motif: atom2 name is COO
protocols.motifs.Motif: atom3 name is Phos
core.pack.task: Packer task: initialize from command line() 
core.pack.task: Packer task: initialize from command line() 
core.pack.task: Packer task: initialize from command line() 
protocols.moves.MonteCarlo: MonteCarlo:: last_accepted_score,lowest_score: -1106.84 -1106.84
protocols.motifs.Motif: Res1 name is LEU
protocols.motifs.Motif: atom1 name is OOC
protocols.motifs.Motif: atom2 name is Phos
protocols.motifs.Motif: atom3 name is OOC
protocols.motifs.Motif: Res1 name is ARG
protocols.motifs.Motif: atom1 name is OOC
protocols.motifs.Motif: atom2 name is Phos
protocols.motifs.Motif: atom3 name is OOC
protocols.motifs.Motif: Res1 name is THR
protocols.motifs.Motif: atom1 name is aroC
protocols.motifs.Motif: atom2 name is Nhis
protocols.motifs.Motif: atom3 name is CH2
protocols.motifs.Motif: Res1 name is PHE
protocols.motifs.Motif: atom1 name is OOC
protocols.motifs.Motif: atom2 name is Phos
protocols.motifs.Motif: atom3 name is OOC
protocols.motifs.Motif: Res1 name is GLN
protocols.motifs.Motif: atom1 name is COO
protocols.motifs.Motif: atom2 name is CH2
protocols.motifs.Motif: atom3 name is Nhis
protocols.motifs.Motif: Res1 name is LYS
protocols.motifs.Motif: atom1 name is OOC
protocols.motifs.Motif: atom2 name is Phos
protocols.motifs.Motif: atom3 name is OOC
protocols.motifs.Motif: Res1 name is ARG
protocols.motifs.Motif: atom1 name is OOC
protocols.motifs.Motif: atom2 name is Phos
protocols.motifs.Motif: atom3 name is OOC
core.pack.task: Packer task: initialize from command line() 
core.pack.task: Packer task: initialize from command line() 
core.pack.task: Packer task: initialize from command line() 
protocols.moves.MonteCarlo: MonteCarlo:: last_accepted_score,lowest_score: -1104.38 -1104.58
protocols.motifs.Motif: Res1 name is ARG
protocols.motifs.Motif: atom1 name is OOC
protocols.motifs.Motif: atom2 name is Phos
protocols.motifs.Motif: atom3 name is OOC
protocols.motifs.Motif: Res1 name is LYS
protocols.motifs.Motif: atom1 name is aroC
protocols.motifs.Motif: atom2 name is aroC
protocols.motifs.Motif: atom3 name is Nhis
protocols.motifs.Motif: Res1 name is GLN
protocols.motifs.Motif: atom1 name is Nhis
protocols.motifs.Motif: atom2 name is aroC
protocols.motifs.Motif: atom3 name is Nhis
protocols.motifs.Motif: Res1 name is LYS
protocols.motifs.Motif: atom1 name is OOC
protocols.motifs.Motif: atom2 name is Phos
protocols.motifs.Motif: atom3 name is OOC
core.pack.task: Packer task: initialize from command line() 
core.pack.task: Packer task: initialize from command line() 
core.pack.task: Packer task: initialize from command line() 
protocols.moves.MonteCarlo: MonteCarlo:: last_accepted_score,lowest_score: -1103.73 -1104.02
protocols.motifs.Motif: Res1 name is ARG
protocols.motifs.Motif: atom1 name is OOC
protocols.motifs.Motif: atom2 name is Phos
protocols.motifs.Motif: atom3 name is OOC
protocols.motifs.Motif: Res1 name is GLN
protocols.motifs.Motif: atom1 name is OOC
protocols.motifs.Motif: atom2 name is Phos
protocols.motifs.Motif: atom3 name is OOC
protocols.motifs.Motif: Res1 name is LYS
protocols.motifs.Motif: atom1 name is OOC
protocols.motifs.Motif: atom2 name is Phos
protocols.motifs.Motif: atom3 name is OOC
core.pack.task: Packer task: initialize from command line() 
core.pack.task: Packer task: initialize from command line() 
core.pack.task: Packer task: initialize from command line() 
protocols.moves.MonteCarlo: MonteCarlo:: last_accepted_score,lowest_score: -1103.98 -1103.98
protocols.motifs.Motif: Res1 name is LEU
protocols.motifs.Motif: atom1 name is Nhis
protocols.motifs.Motif: atom2 name is aroC
protocols.motifs.Motif: atom3 name is Nhis
protocols.motifs.Motif: Res1 name is ARG
protocols.motifs.Motif: atom1 name is OH
protocols.motifs.Motif: atom2 name is COO
protocols.motifs.Motif: atom3 name is Phos
protocols.motifs.Motif: Res1 name is GLN
protocols.motifs.Motif: atom1 name is aroC
protocols.motifs.Motif: atom2 name is aroC
protocols.motifs.Motif: atom3 name is Nhis
protocols.motifs.Motif: Res1 name is GLN
protocols.motifs.Motif: atom1 name is OOC
protocols.motifs.Motif: atom2 name is Phos
protocols.motifs.Motif: atom3 name is OOC
protocols.motifs.Motif: Res1 name is LYS
protocols.motifs.Motif: atom1 name is OOC
protocols.motifs.Motif: atom2 name is Phos
protocols.motifs.Motif: atom3 name is OOC
core.pack.task: Packer task: initialize from command line() 
core.pack.task: Packer task: initialize from command line() 
core.pack.task: Packer task: initialize from command line() 
protocols.moves.MonteCarlo: MonteCarlo:: last_accepted_score,lowest_score: -1105.08 -1105.08
protocols.motifs.Motif: Res1 name is LEU
protocols.motifs.Motif: atom1 name is OOC
protocols.motifs.Motif: atom2 name is Phos
protocols.motifs.Motif: atom3 name is OOC
protocols.motifs.Motif: Res1 name is ARG
protocols.motifs.Motif: atom1 name is OOC
protocols.motifs.Motif: atom2 name is Phos
protocols.motifs.Motif: atom3 name is OOC
protocols.motifs.Motif: Res1 name is THR
protocols.motifs.Motif: atom1 name is Nhis
protocols.motifs.Motif: atom2 name is aroC
protocols.motifs.Motif: atom3 name is Nhis
protocols.motifs.Motif: Res1 name is GLN
protocols.motifs.Motif: atom1 name is Nhis
protocols.motifs.Motif: atom2 name is aroC
protocols.motifs.Motif: atom3 name is Nhis
protocols.motifs.Motif: Res1 name is LYS
protocols.motifs.Motif: atom1 name is OOC
protocols.motifs.Motif: atom2 name is Phos
protocols.motifs.Motif: atom3 name is OOC
core.pack.task: Packer task: initialize from command line() 
core.pack.task: Packer task: initialize from command line() 
core.pack.task: Packer task: initialize from command line() 
protocols.moves.MonteCarlo: MonteCarlo:: last_accepted_score,lowest_score: -1110.13 -1110.45
protocols.motifs.Motif: Res1 name is ARG
protocols.motifs.Motif: atom1 name is OOC
protocols.motifs.Motif: atom2 name is Phos
protocols.motifs.Motif: atom3 name is OOC
protocols.motifs.Motif: Res1 name is LEU
protocols.motifs.Motif: atom1 name is OH
protocols.motifs.Motif: atom2 name is COO
protocols.motifs.Motif: atom3 name is Phos
protocols.motifs.Motif: Res1 name is LYS
protocols.motifs.Motif: atom1 name is aroC
protocols.motifs.Motif: atom2 name is aroC
protocols.motifs.Motif: atom3 name is Nhis
protocols.motifs.Motif: Res1 name is THR
protocols.motifs.Motif: atom1 name is OOC
protocols.motifs.Motif: atom2 name is Phos
protocols.motifs.Motif: atom3 name is OOC
protocols.motifs.Motif: Res1 name is TYR
protocols.motifs.Motif: atom1 name is OOC
protocols.motifs.Motif: atom2 name is Phos
protocols.motifs.Motif: atom3 name is OOC
protocols.motifs.Motif: Res1 name is PHE
protocols.motifs.Motif: atom1 name is OOC
protocols.motifs.Motif: atom2 name is Phos
protocols.motifs.Motif: atom3 name is OOC
protocols.motifs.Motif: Res1 name is GLN
protocols.motifs.Motif: atom1 name is OOC
protocols.motifs.Motif: atom2 name is Phos
protocols.motifs.Motif: atom3 name is OOC
core.pack.task: Packer task: initialize from command line() 
core.pack.task: Packer task: initialize from command line() 
core.pack.task: Packer task: initialize from command line() 
protocols.moves.MonteCarlo: MonteCarlo:: last_accepted_score,lowest_score: -1105.02 -1105.43
protocols.motifs.Motif: Res1 name is LEU
protocols.motifs.Motif: atom1 name is OOC
protocols.motifs.Motif: atom2 name is Phos
protocols.motifs.Motif: atom3 name is OOC
protocols.motifs.Motif: Res1 name is ARG
protocols.motifs.Motif: atom1 name is OH
protocols.motifs.Motif: atom2 name is COO
protocols.motifs.Motif: atom3 name is Phos
protocols.motifs.Motif: Res1 name is LYS
protocols.motifs.Motif: atom1 name is OOC
protocols.motifs.Motif: atom2 name is Phos
protocols.motifs.Motif: atom3 name is OOC
core.pack.task: Packer task: initialize from command line() 
core.pack.task: Packer task: initialize from command line() 
core.pack.task: Packer task: initialize from command line() 
protocols.moves.MonteCarlo: MonteCarlo:: last_accepted_score,lowest_score: -1102.5 -1102.5
protocols.motifs.Motif: Res1 name is LEU
protocols.motifs.Motif: atom1 name is OOC
protocols.motifs.Motif: atom2 name is Phos
protocols.motifs.Motif: atom3 name is OOC
protocols.motifs.Motif: Res1 name is ARG
protocols.motifs.Motif: atom1 name is OOC
protocols.motifs.Motif: atom2 name is Phos
protocols.motifs.Motif: atom3 name is OOC
protocols.motifs.Motif: Res1 name is GLN
protocols.motifs.Motif: atom1 name is Nhis
protocols.motifs.Motif: atom2 name is aroC
protocols.motifs.Motif: atom3 name is Nhis
protocols.motifs.Motif: Res1 name is LYS
protocols.motifs.Motif: atom1 name is OOC
protocols.motifs.Motif: atom2 name is Phos
protocols.motifs.Motif: atom3 name is OOC
core.pack.task: Packer task: initialize from command line() 
core.pack.task: Packer task: initialize from command line() 
core.pack.task: Packer task: initialize from command line() 
protocols.moves.MonteCarlo: MonteCarlo:: last_accepted_score,lowest_score: -1104.01 -1104.28
protocols.motifs.Motif: Res1 name is LYS
protocols.motifs.Motif: atom1 name is Nhis
protocols.motifs.Motif: atom2 name is aroC
protocols.motifs.Motif: atom3 name is Nhis
protocols.motifs.Motif: Res1 name is THR
protocols.motifs.Motif: atom1 name is Nhis
protocols.motifs.Motif: atom2 name is aroC
protocols.motifs.Motif: atom3 name is Nhis
protocols.motifs.Motif: Res1 name is TYR
protocols.motifs.Motif: atom1 name is aroC
protocols.motifs.Motif: atom2 name is aroC
protocols.motifs.Motif: atom3 name is Nhis
protocols.motifs.Motif: Res1 name is GLN
protocols.motifs.Motif: atom1 name is OH
protocols.motifs.Motif: atom2 name is COO
protocols.motifs.Motif: atom3 name is Phos
protocols.motifs.Motif: Res1 name is LYS
protocols.motifs.Motif: atom1 name is OOC
protocols.motifs.Motif: atom2 name is Phos
protocols.motifs.Motif: atom3 name is OOC
core.pack.task: Packer task: initialize from command line() 
core.pack.task: Packer task: initialize from command line() 
core.pack.task: Packer task: initialize from command line() 
protocols.moves.MonteCarlo: MonteCarlo:: last_accepted_score,lowest_score: -1105.3 -1105.3
protocols.motifs.Motif: Res1 name is ARG
protocols.motifs.Motif: atom1 name is OOC
protocols.motifs.Motif: atom2 name is Phos
protocols.motifs.Motif: atom3 name is OOC
protocols.motifs.Motif: Res1 name is GLN
protocols.motifs.Motif: atom1 name is OOC
protocols.motifs.Motif: atom2 name is Phos
protocols.motifs.Motif: atom3 name is OOC
protocols.motifs.Motif: Res1 name is LEU
protocols.motifs.Motif: atom1 name is OH
protocols.motifs.Motif: atom2 name is COO
protocols.motifs.Motif: atom3 name is Phos
protocols.motifs.Motif: Res1 name is ARG
protocols.motifs.Motif: atom1 name is OOC
protocols.motifs.Motif: atom2 name is Phos
protocols.motifs.Motif: atom3 name is OOC
protocols.motifs.Motif: Res1 name is PHE
protocols.motifs.Motif: atom1 name is OOC
protocols.motifs.Motif: atom2 name is Phos
protocols.motifs.Motif: atom3 name is OOC
protocols.motifs.Motif: Res1 name is GLN
protocols.motifs.Motif: atom1 name is aroC
protocols.motifs.Motif: atom2 name is aroC
protocols.motifs.Motif: atom3 name is Nhis
protocols.motifs.Motif: Res1 name is LYS
protocols.motifs.Motif: atom1 name is OOC
protocols.motifs.Motif: atom2 name is Phos
protocols.motifs.Motif: atom3 name is OOC
core.pack.task: Packer task: initialize from command line() 
core.pack.task: Packer task: initialize from command line() 
core.pack.task: Packer task: initialize from command line() 
protocols.moves.MonteCarlo: MonteCarlo:: last_accepted_score,lowest_score: -1105.9 -1105.9
protocols.motifs.Motif: Res1 name is ARG
protocols.motifs.Motif: atom1 name is OOC
protocols.motifs.Motif: atom2 name is Phos
protocols.motifs.Motif: atom3 name is OOC
protocols.motifs.Motif: Res1 name is LYS
protocols.motifs.Motif: atom1 name is OOC
protocols.motifs.Motif: atom2 name is Phos
protocols.motifs.Motif: atom3 name is OOC
protocols.motifs.Motif: Res1 name is THR
protocols.motifs.Motif: atom1 name is OOC
protocols.motifs.Motif: atom2 name is Phos
protocols.motifs.Motif: atom3 name is OOC
protocols.motifs.Motif: Res1 name is PHE
protocols.motifs.Motif: atom1 name is aroC
protocols.motifs.Motif: atom2 name is aroC
protocols.motifs.Motif: atom3 name is Nhis
protocols.motifs.Motif: Res1 name is GLN
protocols.motifs.Motif: atom1 name is OOC
protocols.motifs.Motif: atom2 name is Phos
protocols.motifs.Motif: atom3 name is OOC
protocols.motifs.Motif: Res1 name is LYS
protocols.motifs.Motif: atom1 name is OOC
protocols.motifs.Motif: atom2 name is Phos
protocols.motifs.Motif: atom3 name is OOC
core.pack.task: Packer task: initialize from command line() 
core.pack.task: Packer task: initialize from command line() 
core.pack.task: Packer task: initialize from command line() 
protocols.moves.MonteCarlo: MonteCarlo:: last_accepted_score,lowest_score: -1104.97 -1105.05
protocols.motifs.Motif: Res1 name is LEU
protocols.motifs.Motif: atom1 name is OOC
protocols.motifs.Motif: atom2 name is Phos
protocols.motifs.Motif: atom3 name is OOC
protocols.motifs.Motif: Res1 name is ARG
protocols.motifs.Motif: atom1 name is OOC
protocols.motifs.Motif: atom2 name is Phos
protocols.motifs.Motif: atom3 name is OOC
protocols.motifs.Motif: Res1 name is LYS
protocols.motifs.Motif: atom1 name is OOC
protocols.motifs.Motif: atom2 name is Phos
protocols.motifs.Motif: atom3 name is OOC
protocols.motifs.Motif: Res1 name is GLN
protocols.motifs.Motif: atom1 name is OOC
protocols.motifs.Motif: atom2 name is Phos
protocols.motifs.Motif: atom3 name is OOC
protocols.motifs.Motif: Res1 name is LYS
protocols.motifs.Motif: atom1 name is OOC
protocols.motifs.Motif: atom2 name is Phos
protocols.motifs.Motif: atom3 name is OOC
protocols.motifs.Motif: Res1 name is ASP
protocols.motifs.Motif: atom1 name is aroC
protocols.motifs.Motif: atom2 name is aroC
protocols.motifs.Motif: atom3 name is Nhis
core.pack.task: Packer task: initialize from command line() 
core.pack.task: Packer task: initialize from command line() 
core.pack.task: Packer task: initialize from command line() 
protocols.moves.MonteCarlo: MonteCarlo:: last_accepted_score,lowest_score: -1103.47 -1104.3
protocols.motifs.Motif: Res1 name is LEU
protocols.motifs.Motif: atom1 name is OOC
protocols.motifs.Motif: atom2 name is Phos
protocols.motifs.Motif: atom3 name is OOC
protocols.motifs.Motif: Res1 name is ARG
protocols.motifs.Motif: atom1 name is OOC
protocols.motifs.Motif: atom2 name is Phos
protocols.motifs.Motif: atom3 name is OOC
protocols.motifs.Motif: Res1 name is LYS
protocols.motifs.Motif: atom1 name is OOC
protocols.motifs.Motif: atom2 name is Phos
protocols.motifs.Motif: atom3 name is OOC
protocols.motifs.Motif: Res1 name is GLN
protocols.motifs.Motif: atom1 name is OOC
protocols.motifs.Motif: atom2 name is Phos
protocols.motifs.Motif: atom3 name is OOC
core.pack.task: Packer task: initialize from command line() 
core.pack.task: Packer task: initialize from command line() 
core.pack.task: Packer task: initialize from command line() 
protocols.moves.MonteCarlo: MonteCarlo:: last_accepted_score,lowest_score: -1107.16 -1107.25
protocols.motifs.Motif: Res1 name is LEU
protocols.motifs.Motif: atom1 name is COO
protocols.motifs.Motif: atom2 name is CH2
protocols.motifs.Motif: atom3 name is Nhis
protocols.motifs.Motif: Res1 name is ARG
protocols.motifs.Motif: atom1 name is OOC
protocols.motifs.Motif: atom2 name is Phos
protocols.motifs.Motif: atom3 name is OOC
protocols.motifs.Motif: Res1 name is LYS
protocols.motifs.Motif: atom1 name is Nhis
protocols.motifs.Motif: atom2 name is aroC
protocols.motifs.Motif: atom3 name is Nhis
protocols.motifs.Motif: Res1 name is THR
protocols.motifs.Motif: atom1 name is Nhis
protocols.motifs.Motif: atom2 name is aroC
protocols.motifs.Motif: atom3 name is Nhis
protocols.motifs.Motif: Res1 name is TYR
protocols.motifs.Motif: atom1 name is aroC
protocols.motifs.Motif: atom2 name is aroC
protocols.motifs.Motif: atom3 name is Nhis
protocols.motifs.Motif: Res1 name is GLN
protocols.motifs.Motif: atom1 name is OH
protocols.motifs.Motif: atom2 name is COO
protocols.motifs.Motif: atom3 name is Phos
protocols.motifs.Motif: Res1 name is LYS
protocols.motifs.Motif: atom1 name is OOC
protocols.motifs.Motif: atom2 name is Phos
protocols.motifs.Motif: atom3 name is OOC
core.pack.task: Packer task: initialize from command line() 
core.pack.task: Packer task: initialize from command line() 
core.pack.task: Packer task: initialize from command line() 
protocols.moves.MonteCarlo: MonteCarlo:: last_accepted_score,lowest_score: -1107.54 -1107.54
protocols.motifs.Motif: Res1 name is LYS
protocols.motifs.Motif: atom1 name is OOC
protocols.motifs.Motif: atom2 name is Phos
protocols.motifs.Motif: atom3 name is OOC
protocols.motifs.Motif: Res1 name is GLN
protocols.motifs.Motif: atom1 name is OOC
protocols.motifs.Motif: atom2 name is Phos
protocols.motifs.Motif: atom3 name is OOC
protocols.motifs.Motif: Res1 name is ASP
protocols.motifs.Motif: atom1 name is OOC
protocols.motifs.Motif: atom2 name is Phos
protocols.motifs.Motif: atom3 name is OOC
protocols.motifs.Motif: Res1 name is ASP
protocols.motifs.Motif: atom1 name is OOC
protocols.motifs.Motif: atom2 name is Phos
protocols.motifs.Motif: atom3 name is OOC
protocols.motifs.Motif: Res1 name is LYS
protocols.motifs.Motif: atom1 name is OOC
protocols.motifs.Motif: atom2 name is Phos
protocols.motifs.Motif: atom3 name is OOC
protocols.motifs.Motif: Res1 name is ASP
protocols.motifs.Motif: atom1 name is OOC
protocols.motifs.Motif: atom2 name is Phos
protocols.motifs.Motif: atom3 name is OOC
core.pack.task: Packer task: initialize from command line() 
core.pack.task: Packer task: initialize from command line() 
core.pack.task: Packer task: initialize from command line() 
protocols.moves.MonteCarlo: MonteCarlo:: last_accepted_score,lowest_score: -1105.58 -1105.58
protocols.motifs.Motif: Res1 name is ARG
protocols.motifs.Motif: atom1 name is OOC
protocols.motifs.Motif: atom2 name is Phos
protocols.motifs.Motif: atom3 name is OOC
protocols.motifs.Motif: Res1 name is GLN
protocols.motifs.Motif: atom1 name is aroC
protocols.motifs.Motif: atom2 name is aroC
protocols.motifs.Motif: atom3 name is Nhis
protocols.motifs.Motif: Res1 name is LYS
protocols.motifs.Motif: atom1 name is OOC
protocols.motifs.Motif: atom2 name is Phos
protocols.motifs.Motif: atom3 name is OOC
protocols.motifs.Motif: Res1 name is GLN
protocols.motifs.Motif: atom1 name is OOC
protocols.motifs.Motif: atom2 name is Phos
protocols.motifs.Motif: atom3 name is OOC
protocols.motifs.Motif: Res1 name is LYS
protocols.motifs.Motif: atom1 name is OOC
protocols.motifs.Motif: atom2 name is Phos
protocols.motifs.Motif: atom3 name is OOC
core.pack.task: Packer task: initialize from command line() 
core.pack.task: Packer task: initialize from command line() 
core.pack.task: Packer task: initialize from command line() 
protocols.moves.MonteCarlo: MonteCarlo:: last_accepted_score,lowest_score: -1107.16 -1107.16
protocols.motifs.Motif: Res1 name is LEU
protocols.motifs.Motif: atom1 name is OH
protocols.motifs.Motif: atom2 name is COO
protocols.motifs.Motif: atom3 name is Phos
protocols.motifs.Motif: Res1 name is ARG
protocols.motifs.Motif: atom1 name is OOC
protocols.motifs.Motif: atom2 name is Phos
protocols.motifs.Motif: atom3 name is OOC
protocols.motifs.Motif: Res1 name is LYS
protocols.motifs.Motif: atom1 name is aroC
protocols.motifs.Motif: atom2 name is aroC
protocols.motifs.Motif: atom3 name is Nhis
protocols.motifs.Motif: Res1 name is TYR
protocols.motifs.Motif: atom1 name is OOC
protocols.motifs.Motif: atom2 name is Phos
protocols.motifs.Motif: atom3 name is OOC
protocols.motifs.Motif: Res1 name is GLN
protocols.motifs.Motif: atom1 name is OOC
protocols.motifs.Motif: atom2 name is Phos
protocols.motifs.Motif: atom3 name is OOC
protocols.motifs.Motif: Res1 name is LYS
protocols.motifs.Motif: atom1 name is OOC
protocols.motifs.Motif: atom2 name is Phos
protocols.motifs.Motif: atom3 name is OOC
core.pack.task: Packer task: initialize from command line() 
core.pack.task: Packer task: initialize from command line() 
core.pack.task: Packer task: initialize from command line() 
protocols.moves.MonteCarlo: MonteCarlo:: last_accepted_score,lowest_score: -1104.91 -1104.91
protocols.motifs.Motif: Res1 name is LEU
protocols.motifs.Motif: atom1 name is Nhis
protocols.motifs.Motif: atom2 name is aroC
protocols.motifs.Motif: atom3 name is Nhis
protocols.motifs.Motif: Res1 name is ARG
protocols.motifs.Motif: atom1 name is Nhis
protocols.motifs.Motif: atom2 name is aroC
protocols.motifs.Motif: atom3 name is Nhis
protocols.motifs.Motif: Res1 name is LYS
protocols.motifs.Motif: atom1 name is OOC
protocols.motifs.Motif: atom2 name is Phos
protocols.motifs.Motif: atom3 name is OOC
protocols.motifs.Motif: Res1 name is GLN
protocols.motifs.Motif: atom1 name is OOC
protocols.motifs.Motif: atom2 name is Phos
protocols.motifs.Motif: atom3 name is OOC
protocols.motifs.Motif: Res1 name is LYS
protocols.motifs.Motif: atom1 name is OOC
protocols.motifs.Motif: atom2 name is Phos
protocols.motifs.Motif: atom3 name is OOC
core.pack.task: Packer task: initialize from command line() 
core.pack.task: Packer task: initialize from command line() 
core.pack.task: Packer task: initialize from command line() 
protocols.moves.MonteCarlo: MonteCarlo:: last_accepted_score,lowest_score: -1102.87 -1103.87
protocols.motifs.Motif: Res1 name is ARG
protocols.motifs.Motif: atom1 name is Nhis
protocols.motifs.Motif: atom2 name is aroC
protocols.motifs.Motif: atom3 name is Nhis
protocols.motifs.Motif: Res1 name is GLN
protocols.motifs.Motif: atom1 name is aroC
protocols.motifs.Motif: atom2 name is aroC
protocols.motifs.Motif: atom3 name is Nhis
protocols.motifs.Motif: Res1 name is LEU
protocols.motifs.Motif: atom1 name is OOC
protocols.motifs.Motif: atom2 name is Phos
protocols.motifs.Motif: atom3 name is OOC
protocols.motifs.Motif: Res1 name is ARG
protocols.motifs.Motif: atom1 name is OOC
protocols.motifs.Motif: atom2 name is Phos
protocols.motifs.Motif: atom3 name is OOC
protocols.motifs.Motif: Res1 name is PHE
protocols.motifs.Motif: atom1 name is Nhis
protocols.motifs.Motif: atom2 name is aroC
protocols.motifs.Motif: atom3 name is Nhis
protocols.motifs.Motif: Res1 name is GLN
protocols.motifs.Motif: atom1 name is OOC
protocols.motifs.Motif: atom2 name is Phos
protocols.motifs.Motif: atom3 name is OOC
protocols.motifs.Motif: Res1 name is LYS
protocols.motifs.Motif: atom1 name is OOC
protocols.motifs.Motif: atom2 name is Phos
protocols.motifs.Motif: atom3 name is OOC
core.pack.task: Packer task: initialize from command line() 
core.pack.task: Packer task: initialize from command line() 
core.pack.task: Packer task: initialize from command line() 
protocols.moves.MonteCarlo: MonteCarlo:: last_accepted_score,lowest_score: -1104.93 -1104.93
protocols.motifs.Motif: Res1 name is ARG
protocols.motifs.Motif: atom1 name is OOC
protocols.motifs.Motif: atom2 name is Phos
protocols.motifs.Motif: atom3 name is OOC
protocols.motifs.Motif: Res1 name is GLN
protocols.motifs.Motif: atom1 name is OOC
protocols.motifs.Motif: atom2 name is Phos
protocols.motifs.Motif: atom3 name is OOC
protocols.motifs.Motif: Res1 name is LEU
protocols.motifs.Motif: atom1 name is OH
protocols.motifs.Motif: atom2 name is COO
protocols.motifs.Motif: atom3 name is Phos
protocols.motifs.Motif: Res1 name is ARG
protocols.motifs.Motif: atom1 name is OH
protocols.motifs.Motif: atom2 name is COO
protocols.motifs.Motif: atom3 name is Phos
protocols.motifs.Motif: Res1 name is PHE
protocols.motifs.Motif: atom1 name is OOC
protocols.motifs.Motif: atom2 name is Phos
protocols.motifs.Motif: atom3 name is OOC
protocols.motifs.Motif: Res1 name is GLN
protocols.motifs.Motif: atom1 name is OOC
protocols.motifs.Motif: atom2 name is Phos
protocols.motifs.Motif: atom3 name is OOC
protocols.motifs.Motif: Res1 name is LYS
protocols.motifs.Motif: atom1 name is OOC
protocols.motifs.Motif: atom2 name is Phos
protocols.motifs.Motif: atom3 name is OOC
core.pack.task: Packer task: initialize from command line() 
core.pack.task: Packer task: initialize from command line() 
core.pack.task: Packer task: initialize from command line() 
protocols.moves.MonteCarlo: MonteCarlo:: last_accepted_score,lowest_score: -1106.58 -1106.58
protocols.motifs.Motif: Res1 name is LEU
protocols.motifs.Motif: atom1 name is OH
protocols.motifs.Motif: atom2 name is COO
protocols.motifs.Motif: atom3 name is Phos
protocols.motifs.Motif: Res1 name is ARG
protocols.motifs.Motif: atom1 name is OOC
protocols.motifs.Motif: atom2 name is Phos
protocols.motifs.Motif: atom3 name is OOC
protocols.motifs.Motif: Res1 name is GLN
protocols.motifs.Motif: atom1 name is aroC
protocols.motifs.Motif: atom2 name is Nhis
protocols.motifs.Motif: atom3 name is CH2
protocols.motifs.Motif: Res1 name is LYS
protocols.motifs.Motif: atom1 name is aroC
protocols.motifs.Motif: atom2 name is aroC
protocols.motifs.Motif: atom3 name is Nhis
protocols.motifs.Motif: Res1 name is GLN
protocols.motifs.Motif: atom1 name is OOC
protocols.motifs.Motif: atom2 name is Phos
protocols.motifs.Motif: atom3 name is OOC
protocols.motifs.Motif: Res1 name is LYS
protocols.motifs.Motif: atom1 name is OOC
protocols.motifs.Motif: atom2 name is Phos
protocols.motifs.Motif: atom3 name is OOC
core.pack.task: Packer task: initialize from command line() 
core.pack.task: Packer task: initialize from command line() 
core.pack.task: Packer task: initialize from command line() 
protocols.moves.MonteCarlo: MonteCarlo:: last_accepted_score,lowest_score: -1104.31 -1104.93
protocols.motifs.Motif: Res1 name is LEU
protocols.motifs.Motif: atom1 name is Nhis
protocols.motifs.Motif: atom2 name is aroC
protocols.motifs.Motif: atom3 name is Nhis
protocols.motifs.Motif: Res1 name is ARG
protocols.motifs.Motif: atom1 name is OH
protocols.motifs.Motif: atom2 name is COO
protocols.motifs.Motif: atom3 name is Phos
protocols.motifs.Motif: Res1 name is LYS
protocols.motifs.Motif: atom1 name is aroC
protocols.motifs.Motif: atom2 name is aroC
protocols.motifs.Motif: atom3 name is Nhis
protocols.motifs.Motif: Res1 name is GLN
protocols.motifs.Motif: atom1 name is OOC
protocols.motifs.Motif: atom2 name is Phos
protocols.motifs.Motif: atom3 name is OOC
protocols.motifs.Motif: Res1 name is LYS
protocols.motifs.Motif: atom1 name is OOC
protocols.motifs.Motif: atom2 name is Phos
protocols.motifs.Motif: atom3 name is OOC
core.pack.task: Packer task: initialize from command line() 
core.pack.task: Packer task: initialize from command line() 
core.pack.task: Packer task: initialize from command line() 
protocols.moves.MonteCarlo: MonteCarlo:: last_accepted_score,lowest_score: -1104.62 -1104.94
protocols.motifs.Motif: Res1 name is SER
protocols.motifs.Motif: atom1 name is OOC
protocols.motifs.Motif: atom2 name is Phos
protocols.motifs.Motif: atom3 name is OOC
protocols.motifs.Motif: Res1 name is ARG
protocols.motifs.Motif: atom1 name is OOC
protocols.motifs.Motif: atom2 name is Phos
protocols.motifs.Motif: atom3 name is OOC
protocols.motifs.Motif: Res1 name is LYS
protocols.motifs.Motif: atom1 name is OOC
protocols.motifs.Motif: atom2 name is Phos
protocols.motifs.Motif: atom3 name is OOC
protocols.motifs.Motif: Res1 name is THR
protocols.motifs.Motif: atom1 name is OOC
protocols.motifs.Motif: atom2 name is Phos
protocols.motifs.Motif: atom3 name is OOC
core.pack.task: Packer task: initialize from command line() 
core.pack.task: Packer task: initialize from command line() 
core.pack.task: Packer task: initialize from command line() 
protocols.moves.MonteCarlo: MonteCarlo:: last_accepted_score,lowest_score: -1103.94 -1104.3
protocols.motifs.Motif: Res1 name is ARG
protocols.motifs.Motif: atom1 name is OOC
protocols.motifs.Motif: atom2 name is Phos
protocols.motifs.Motif: atom3 name is OOC
protocols.motifs.Motif: Res1 name is ASP
protocols.motifs.Motif: atom1 name is aroC
protocols.motifs.Motif: atom2 name is aroC
protocols.motifs.Motif: atom3 name is Nhis
protocols.motifs.Motif: Res1 name is LYS
protocols.motifs.Motif: atom1 name is Nhis
protocols.motifs.Motif: atom2 name is aroC
protocols.motifs.Motif: atom3 name is Nhis
protocols.motifs.Motif: Res1 name is GLN
protocols.motifs.Motif: atom1 name is OOC
protocols.motifs.Motif: atom2 name is Phos
protocols.motifs.Motif: atom3 name is OOC
protocols.motifs.Motif: Res1 name is LYS
protocols.motifs.Motif: atom1 name is OOC
protocols.motifs.Motif: atom2 name is Phos
protocols.motifs.Motif: atom3 name is OOC
core.pack.task: Packer task: initialize from command line() 
core.pack.task: Packer task: initialize from command line() 
core.pack.task: Packer task: initialize from command line() 
protocols.moves.MonteCarlo: MonteCarlo:: last_accepted_score,lowest_score: -1103.79 -1103.92
protocols.motifs.Motif: Res1 name is LEU
protocols.motifs.Motif: atom1 name is Nhis
protocols.motifs.Motif: atom2 name is aroC
protocols.motifs.Motif: atom3 name is Nhis
protocols.motifs.Motif: Res1 name is ARG
protocols.motifs.Motif: atom1 name is OOC
protocols.motifs.Motif: atom2 name is Phos
protocols.motifs.Motif: atom3 name is OOC
protocols.motifs.Motif: Res1 name is GLN
protocols.motifs.Motif: atom1 name is OOC
protocols.motifs.Motif: atom2 name is Phos
protocols.motifs.Motif: atom3 name is OOC
protocols.motifs.Motif: Res1 name is LYS
protocols.motifs.Motif: atom1 name is OOC
protocols.motifs.Motif: atom2 name is Phos
protocols.motifs.Motif: atom3 name is OOC
core.pack.task: Packer task: initialize from command line() 
core.pack.task: Packer task: initialize from command line() 
core.pack.task: Packer task: initialize from command line() 
protocols.moves.MonteCarlo: MonteCarlo:: last_accepted_score,lowest_score: -1104.91 -1104.91
protocols.motifs.Motif: Res1 name is ARG
protocols.motifs.Motif: atom1 name is OOC
protocols.motifs.Motif: atom2 name is Phos
protocols.motifs.Motif: atom3 name is OOC
protocols.motifs.Motif: Res1 name is LYS
protocols.motifs.Motif: atom1 name is Nhis
protocols.motifs.Motif: atom2 name is aroC
protocols.motifs.Motif: atom3 name is Nhis
protocols.motifs.Motif: Res1 name is GLN
protocols.motifs.Motif: atom1 name is Nhis
protocols.motifs.Motif: atom2 name is aroC
protocols.motifs.Motif: atom3 name is Nhis
protocols.motifs.Motif: Res1 name is LYS
protocols.motifs.Motif: atom1 name is OOC
protocols.motifs.Motif: atom2 name is Phos
protocols.motifs.Motif: atom3 name is OOC
core.pack.task: Packer task: initialize from command line() 
core.pack.task: Packer task: initialize from command line() 
core.pack.task: Packer task: initialize from command line() 
protocols.moves.MonteCarlo: MonteCarlo:: last_accepted_score,lowest_score: -1105.1 -1105.1
protocols.motifs.Motif: Res1 name is LEU
protocols.motifs.Motif: atom1 name is Nhis
protocols.motifs.Motif: atom2 name is aroC
protocols.motifs.Motif: atom3 name is Nhis
protocols.motifs.Motif: Res1 name is ARG
protocols.motifs.Motif: atom1 name is OOC
protocols.motifs.Motif: atom2 name is Phos
protocols.motifs.Motif: atom3 name is OOC
protocols.motifs.Motif: Res1 name is THR
protocols.motifs.Motif: atom1 name is OOC
protocols.motifs.Motif: atom2 name is Phos
protocols.motifs.Motif: atom3 name is OOC
protocols.motifs.Motif: Res1 name is PHE
protocols.motifs.Motif: atom1 name is OOC
protocols.motifs.Motif: atom2 name is Phos
protocols.motifs.Motif: atom3 name is OOC
protocols.motifs.Motif: Res1 name is GLN
protocols.motifs.Motif: atom1 name is OOC
protocols.motifs.Motif: atom2 name is Phos
protocols.motifs.Motif: atom3 name is OOC
protocols.motifs.Motif: Res1 name is LYS
protocols.motifs.Motif: atom1 name is OOC
protocols.motifs.Motif: atom2 name is Phos
protocols.motifs.Motif: atom3 name is OOC
core.pack.task: Packer task: initialize from command line() 
core.pack.task: Packer task: initialize from command line() 
core.pack.task: Packer task: initialize from command line() 
protocols.moves.MonteCarlo: MonteCarlo:: last_accepted_score,lowest_score: -1105.45 -1105.51
protocols.motifs.Motif: Res1 name is LEU
protocols.motifs.Motif: atom1 name is OOC
protocols.motifs.Motif: atom2 name is Phos
protocols.motifs.Motif: atom3 name is OOC
protocols.motifs.Motif: Res1 name is ARG
protocols.motifs.Motif: atom1 name is OOC
protocols.motifs.Motif: atom2 name is Phos
protocols.motifs.Motif: atom3 name is OOC
protocols.motifs.Motif: Res1 name is LYS
protocols.motifs.Motif: atom1 name is aroC
protocols.motifs.Motif: atom2 name is aroC
protocols.motifs.Motif: atom3 name is Nhis
protocols.motifs.Motif: Res1 name is GLN
protocols.motifs.Motif: atom1 name is Nhis
protocols.motifs.Motif: atom2 name is aroC
protocols.motifs.Motif: atom3 name is Nhis
protocols.motifs.Motif: Res1 name is LYS
protocols.motifs.Motif: atom1 name is OOC
protocols.motifs.Motif: atom2 name is Phos
protocols.motifs.Motif: atom3 name is OOC
core.pack.task: Packer task: initialize from command line() 
core.pack.task: Packer task: initialize from command line() 
core.pack.task: Packer task: initialize from command line() 
protocols.moves.MonteCarlo: MonteCarlo:: last_accepted_score,lowest_score: -1104.86 -1104.86
protocols.motifs.Motif: Res1 name is LEU
protocols.motifs.Motif: atom1 name is aroC
protocols.motifs.Motif: atom2 name is Nhis
protocols.motifs.Motif: atom3 name is CH2
protocols.motifs.Motif: Res1 name is ARG
protocols.motifs.Motif: atom1 name is OOC
protocols.motifs.Motif: atom2 name is Phos
protocols.motifs.Motif: atom3 name is OOC
protocols.motifs.Motif: Res1 name is LYS
protocols.motifs.Motif: atom1 name is Nhis
protocols.motifs.Motif: atom2 name is aroC
protocols.motifs.Motif: atom3 name is Nhis
protocols.motifs.Motif: Res1 name is GLN
protocols.motifs.Motif: atom1 name is Nhis
protocols.motifs.Motif: atom2 name is aroC
protocols.motifs.Motif: atom3 name is Nhis
protocols.motifs.Motif: Res1 name is LYS
protocols.motifs.Motif: atom1 name is OOC
protocols.motifs.Motif: atom2 name is Phos
protocols.motifs.Motif: atom3 name is OOC
core.pack.task: Packer task: initialize from command line() 
core.pack.task: Packer task: initialize from command line() 
core.pack.task: Packer task: initialize from command line() 
protocols.moves.MonteCarlo: MonteCarlo:: last_accepted_score,lowest_score: -1103.39 -1103.39
protocols.motifs.Motif: Res1 name is ARG
protocols.motifs.Motif: atom1 name is Nhis
protocols.motifs.Motif: atom2 name is aroC
protocols.motifs.Motif: atom3 name is Nhis
protocols.motifs.Motif: Res1 name is GLN
protocols.motifs.Motif: atom1 name is OOC
protocols.motifs.Motif: atom2 name is Phos
protocols.motifs.Motif: atom3 name is OOC
protocols.motifs.Motif: Res1 name is LYS
protocols.motifs.Motif: atom1 name is OH
protocols.motifs.Motif: atom2 name is COO
protocols.motifs.Motif: atom3 name is Phos
core.pack.task: Packer task: initialize from command line() 
core.pack.task: Packer task: initialize from command line() 
core.pack.task: Packer task: initialize from command line() 
protocols.moves.MonteCarlo: MonteCarlo:: last_accepted_score,lowest_score: -1104.44 -1104.44
protocols.motifs.Motif: Res1 name is LEU
protocols.motifs.Motif: atom1 name is aroC
protocols.motifs.Motif: atom2 name is Nhis
protocols.motifs.Motif: atom3 name is CH2
protocols.motifs.Motif: Res1 name is ARG
protocols.motifs.Motif: atom1 name is OOC
protocols.motifs.Motif: atom2 name is Phos
protocols.motifs.Motif: atom3 name is OOC
protocols.motifs.Motif: Res1 name is GLN
protocols.motifs.Motif: atom1 name is OOC
protocols.motifs.Motif: atom2 name is Phos
protocols.motifs.Motif: atom3 name is OOC
protocols.motifs.Motif: Res1 name is LYS
protocols.motifs.Motif: atom1 name is OOC
protocols.motifs.Motif: atom2 name is Phos
protocols.motifs.Motif: atom3 name is OOC
core.pack.task: Packer task: initialize from command line() 
core.pack.task: Packer task: initialize from command line() 
core.pack.task: Packer task: initialize from command line() 
protocols.moves.MonteCarlo: MonteCarlo:: last_accepted_score,lowest_score: -1102.15 -1103.26
protocols.motifs.Motif: Res1 name is LEU
protocols.motifs.Motif: atom1 name is OOC
protocols.motifs.Motif: atom2 name is Phos
protocols.motifs.Motif: atom3 name is OOC
protocols.motifs.Motif: Res1 name is ARG
protocols.motifs.Motif: atom1 name is OOC
protocols.motifs.Motif: atom2 name is Phos
protocols.motifs.Motif: atom3 name is OOC
protocols.motifs.Motif: Res1 name is PHE
protocols.motifs.Motif: atom1 name is aroC
protocols.motifs.Motif: atom2 name is aroC
protocols.motifs.Motif: atom3 name is Nhis
protocols.motifs.Motif: Res1 name is GLN
protocols.motifs.Motif: atom1 name is Nhis
protocols.motifs.Motif: atom2 name is aroC
protocols.motifs.Motif: atom3 name is Nhis
protocols.motifs.Motif: Res1 name is LYS
protocols.motifs.Motif: atom1 name is aroC
protocols.motifs.Motif: atom2 name is Nhis
protocols.motifs.Motif: atom3 name is CH2
core.pack.task: Packer task: initialize from command line() 
core.pack.task: Packer task: initialize from command line() 
core.pack.task: Packer task: initialize from command line() 
protocols.moves.MonteCarlo: MonteCarlo:: last_accepted_score,lowest_score: -1104.95 -1106.13
protocols.motifs.Motif: Res1 name is LEU
protocols.motifs.Motif: atom1 name is Nhis
protocols.motifs.Motif: atom2 name is aroC
protocols.motifs.Motif: atom3 name is Nhis
protocols.motifs.Motif: Res1 name is ARG
protocols.motifs.Motif: atom1 name is OOC
protocols.motifs.Motif: atom2 name is Phos
protocols.motifs.Motif: atom3 name is OOC
protocols.motifs.Motif: Res1 name is GLN
protocols.motifs.Motif: atom1 name is aroC
protocols.motifs.Motif: atom2 name is aroC
protocols.motifs.Motif: atom3 name is Nhis
protocols.motifs.Motif: Res1 name is LYS
protocols.motifs.Motif: atom1 name is OOC
protocols.motifs.Motif: atom2 name is Phos
protocols.motifs.Motif: atom3 name is OOC
protocols.motifs.Motif: Res1 name is GLN
protocols.motifs.Motif: atom1 name is OOC
protocols.motifs.Motif: atom2 name is Phos
protocols.motifs.Motif: atom3 name is OOC
protocols.motifs.Motif: Res1 name is LYS
protocols.motifs.Motif: atom1 name is OOC
protocols.motifs.Motif: atom2 name is Phos
protocols.motifs.Motif: atom3 name is OOC
core.pack.task: Packer task: initialize from command line() 
core.pack.task: Packer task: initialize from command line() 
core.pack.task: Packer task: initialize from command line() 
protocols.moves.MonteCarlo: MonteCarlo:: last_accepted_score,lowest_score: -1104.35 -1104.46
protocols.motifs.Motif: Res1 name is LEU
protocols.motifs.Motif: atom1 name is aroC
protocols.motifs.Motif: atom2 name is aroC
protocols.motifs.Motif: atom3 name is Nhis
protocols.motifs.Motif: Res1 name is ARG
protocols.motifs.Motif: atom1 name is COO
protocols.motifs.Motif: atom2 name is CH2
protocols.motifs.Motif: atom3 name is Nhis
protocols.motifs.Motif: Res1 name is LYS
protocols.motifs.Motif: atom1 name is OOC
protocols.motifs.Motif: atom2 name is Phos
protocols.motifs.Motif: atom3 name is OOC
protocols.motifs.Motif: Res1 name is GLN
protocols.motifs.Motif: atom1 name is OOC
protocols.motifs.Motif: atom2 name is Phos
protocols.motifs.Motif: atom3 name is OOC
protocols.motifs.Motif: Res1 name is LYS
protocols.motifs.Motif: atom1 name is OOC
protocols.motifs.Motif: atom2 name is Phos
protocols.motifs.Motif: atom3 name is OOC
core.pack.task: Packer task: initialize from command line() 
core.pack.task: Packer task: initialize from command line() 
core.pack.task: Packer task: initialize from command line() 
protocols.moves.MonteCarlo: MonteCarlo:: last_accepted_score,lowest_score: -1103.97 -1104.81
protocols.motifs.Motif: Res1 name is ARG
protocols.motifs.Motif: atom1 name is OOC
protocols.motifs.Motif: atom2 name is Phos
protocols.motifs.Motif: atom3 name is OOC
protocols.motifs.Motif: Res1 name is LYS
protocols.motifs.Motif: atom1 name is Nhis
protocols.motifs.Motif: atom2 name is aroC
protocols.motifs.Motif: atom3 name is Nhis
protocols.motifs.Motif: Res1 name is THR
protocols.motifs.Motif: atom1 name is aroC
protocols.motifs.Motif: atom2 name is aroC
protocols.motifs.Motif: atom3 name is Nhis
protocols.motifs.Motif: Res1 name is GLN
protocols.motifs.Motif: atom1 name is Nhis
protocols.motifs.Motif: atom2 name is aroC
protocols.motifs.Motif: atom3 name is Nhis
protocols.motifs.Motif: Res1 name is LYS
protocols.motifs.Motif: atom1 name is OOC
protocols.motifs.Motif: atom2 name is Phos
protocols.motifs.Motif: atom3 name is OOC
core.pack.task: Packer task: initialize from command line() 
core.pack.task: Packer task: initialize from command line() 
core.pack.task: Packer task: initialize from command line() 
protocols.moves.MonteCarlo: MonteCarlo:: last_accepted_score,lowest_score: -1105.65 -1105.73
protocols.motifs.Motif: Res1 name is ARG
protocols.motifs.Motif: atom1 name is OOC
protocols.motifs.Motif: atom2 name is Phos
protocols.motifs.Motif: atom3 name is OOC
protocols.motifs.Motif: Res1 name is LYS
protocols.motifs.Motif: atom1 name is OOC
protocols.motifs.Motif: atom2 name is Phos
protocols.motifs.Motif: atom3 name is OOC
protocols.motifs.Motif: Res1 name is THR
protocols.motifs.Motif: atom1 name is Nhis
protocols.motifs.Motif: atom2 name is aroC
protocols.motifs.Motif: atom3 name is Nhis
protocols.motifs.Motif: Res1 name is GLN
protocols.motifs.Motif: atom1 name is OOC
protocols.motifs.Motif: atom2 name is Phos
protocols.motifs.Motif: atom3 name is OOC
protocols.motifs.Motif: Res1 name is LYS
protocols.motifs.Motif: atom1 name is OOC
protocols.motifs.Motif: atom2 name is Phos
protocols.motifs.Motif: atom3 name is OOC
core.pack.task: Packer task: initialize from command line() 
core.pack.task: Packer task: initialize from command line() 
core.pack.task: Packer task: initialize from command line() 
protocols.moves.MonteCarlo: MonteCarlo:: last_accepted_score,lowest_score: -1105.84 -1105.87
protocols.motifs.Motif: Res1 name is LEU
protocols.motifs.Motif: atom1 name is COO
protocols.motifs.Motif: atom2 name is CH2
protocols.motifs.Motif: atom3 name is Nhis
protocols.motifs.Motif: Res1 name is ARG
protocols.motifs.Motif: atom1 name is OOC
protocols.motifs.Motif: atom2 name is Phos
protocols.motifs.Motif: atom3 name is OOC
protocols.motifs.Motif: Res1 name is GLN
protocols.motifs.Motif: atom1 name is Nhis
protocols.motifs.Motif: atom2 name is aroC
protocols.motifs.Motif: atom3 name is Nhis
protocols.motifs.Motif: Res1 name is LYS
protocols.motifs.Motif: atom1 name is OOC
protocols.motifs.Motif: atom2 name is Phos
protocols.motifs.Motif: atom3 name is OOC
protocols.motifs.Motif: Res1 name is GLN
protocols.motifs.Motif: atom1 name is OOC
protocols.motifs.Motif: atom2 name is Phos
protocols.motifs.Motif: atom3 name is OOC
protocols.motifs.Motif: Res1 name is LYS
protocols.motifs.Motif: atom1 name is OOC
protocols.motifs.Motif: atom2 name is Phos
protocols.motifs.Motif: atom3 name is OOC
core.pack.task: Packer task: initialize from command line() 
core.pack.task: Packer task: initialize from command line() 
core.pack.task: Packer task: initialize from command line() 
protocols.moves.MonteCarlo: MonteCarlo:: last_accepted_score,lowest_score: -1104.01 -1104.45
protocols.motifs.Motif: Res1 name is ARG
protocols.motifs.Motif: atom1 name is OOC
protocols.motifs.Motif: atom2 name is Phos
protocols.motifs.Motif: atom3 name is OOC
protocols.motifs.Motif: Res1 name is PHE
protocols.motifs.Motif: atom1 name is Nhis
protocols.motifs.Motif: atom2 name is aroC
protocols.motifs.Motif: atom3 name is Nhis
protocols.motifs.Motif: Res1 name is GLN
protocols.motifs.Motif: atom1 name is OOC
protocols.motifs.Motif: atom2 name is Phos
protocols.motifs.Motif: atom3 name is OOC
protocols.motifs.Motif: Res1 name is LYS
protocols.motifs.Motif: atom1 name is COO
protocols.motifs.Motif: atom2 name is CH2
protocols.motifs.Motif: atom3 name is Nhis
core.pack.task: Packer task: initialize from command line() 
core.pack.task: Packer task: initialize from command line() 
core.pack.task: Packer task: initialize from command line() 
protocols.moves.MonteCarlo: MonteCarlo:: last_accepted_score,lowest_score: -1103.98 -1104.75
protocols.motifs.Motif: Res1 name is LYS
protocols.motifs.Motif: atom1 name is Nhis
protocols.motifs.Motif: atom2 name is aroC
protocols.motifs.Motif: atom3 name is Nhis
protocols.motifs.Motif: Res1 name is TYR
protocols.motifs.Motif: atom1 name is aroC
protocols.motifs.Motif: atom2 name is aroC
protocols.motifs.Motif: atom3 name is Nhis
protocols.motifs.Motif: Res1 name is GLN
protocols.motifs.Motif: atom1 name is OH
protocols.motifs.Motif: atom2 name is COO
protocols.motifs.Motif: atom3 name is Phos
protocols.motifs.Motif: Res1 name is LYS
protocols.motifs.Motif: atom1 name is OOC
protocols.motifs.Motif: atom2 name is Phos
protocols.motifs.Motif: atom3 name is OOC
core.pack.task: Packer task: initialize from command line() 
core.pack.task: Packer task: initialize from command line() 
core.pack.task: Packer task: initialize from command line() 
protocols.moves.MonteCarlo: MonteCarlo:: last_accepted_score,lowest_score: -1103.96 -1104.34
protocols.motifs.Motif: Res1 name is LEU
protocols.motifs.Motif: atom1 name is OOC
protocols.motifs.Motif: atom2 name is Phos
protocols.motifs.Motif: atom3 name is OOC
protocols.motifs.Motif: Res1 name is ARG
protocols.motifs.Motif: atom1 name is OOC
protocols.motifs.Motif: atom2 name is Phos
protocols.motifs.Motif: atom3 name is OOC
protocols.motifs.Motif: Res1 name is THR
protocols.motifs.Motif: atom1 name is Nhis
protocols.motifs.Motif: atom2 name is aroC
protocols.motifs.Motif: atom3 name is Nhis
protocols.motifs.Motif: Res1 name is GLN
protocols.motifs.Motif: atom1 name is Nhis
protocols.motifs.Motif: atom2 name is aroC
protocols.motifs.Motif: atom3 name is Nhis
protocols.motifs.Motif: Res1 name is LYS
protocols.motifs.Motif: atom1 name is OOC
protocols.motifs.Motif: atom2 name is Phos
protocols.motifs.Motif: atom3 name is OOC
core.pack.task: Packer task: initialize from command line() 
core.pack.task: Packer task: initialize from command line() 
core.pack.task: Packer task: initialize from command line() 
protocols.moves.MonteCarlo: MonteCarlo:: last_accepted_score,lowest_score: -1105.7 -1105.7
protocols.motifs.Motif: Res1 name is ARG
protocols.motifs.Motif: atom1 name is OOC
protocols.motifs.Motif: atom2 name is Phos
protocols.motifs.Motif: atom3 name is OOC
protocols.motifs.Motif: Res1 name is LYS
protocols.motifs.Motif: atom1 name is Nhis
protocols.motifs.Motif: atom2 name is aroC
protocols.motifs.Motif: atom3 name is Nhis
protocols.motifs.Motif: Res1 name is THR
protocols.motifs.Motif: atom1 name is aroC
protocols.motifs.Motif: atom2 name is aroC
protocols.motifs.Motif: atom3 name is Nhis
protocols.motifs.Motif: Res1 name is GLN
protocols.motifs.Motif: atom1 name is aroC
protocols.motifs.Motif: atom2 name is Nhis
protocols.motifs.Motif: atom3 name is CH2
protocols.motifs.Motif: Res1 name is LYS
protocols.motifs.Motif: atom1 name is OOC
protocols.motifs.Motif: atom2 name is Phos
protocols.motifs.Motif: atom3 name is OOC
core.pack.task: Packer task: initialize from command line() 
core.pack.task: Packer task: initialize from command line() 
core.pack.task: Packer task: initialize from command line() 
protocols.moves.MonteCarlo: MonteCarlo:: last_accepted_score,lowest_score: -1106.46 -1106.46
protocols.motifs.Motif: Res1 name is LEU
protocols.motifs.Motif: atom1 name is Nhis
protocols.motifs.Motif: atom2 name is aroC
protocols.motifs.Motif: atom3 name is Nhis
protocols.motifs.Motif: Res1 name is ARG
protocols.motifs.Motif: atom1 name is OOC
protocols.motifs.Motif: atom2 name is Phos
protocols.motifs.Motif: atom3 name is OOC
protocols.motifs.Motif: Res1 name is GLN
protocols.motifs.Motif: atom1 name is aroC
protocols.motifs.Motif: atom2 name is aroC
protocols.motifs.Motif: atom3 name is Nhis
protocols.motifs.Motif: Res1 name is LYS
protocols.motifs.Motif: atom1 name is OOC
protocols.motifs.Motif: atom2 name is Phos
protocols.motifs.Motif: atom3 name is OOC
protocols.motifs.Motif: Res1 name is GLN
protocols.motifs.Motif: atom1 name is OOC
protocols.motifs.Motif: atom2 name is Phos
protocols.motifs.Motif: atom3 name is OOC
protocols.motifs.Motif: Res1 name is LYS
protocols.motifs.Motif: atom1 name is OOC
protocols.motifs.Motif: atom2 name is Phos
protocols.motifs.Motif: atom3 name is OOC
core.pack.task: Packer task: initialize from command line() 
core.pack.task: Packer task: initialize from command line() 
core.pack.task: Packer task: initialize from command line() 
protocols.moves.MonteCarlo: MonteCarlo:: last_accepted_score,lowest_score: -1105.61 -1105.61
protocols.motifs.Motif: Res1 name is LEU
protocols.motifs.Motif: atom1 name is OOC
protocols.motifs.Motif: atom2 name is Phos
protocols.motifs.Motif: atom3 name is OOC
protocols.motifs.Motif: Res1 name is ARG
protocols.motifs.Motif: atom1 name is OOC
protocols.motifs.Motif: atom2 name is Phos
protocols.motifs.Motif: atom3 name is OOC
protocols.motifs.Motif: Res1 name is PHE
protocols.motifs.Motif: atom1 name is aroC
protocols.motifs.Motif: atom2 name is aroC
protocols.motifs.Motif: atom3 name is Nhis
protocols.motifs.Motif: Res1 name is GLN
protocols.motifs.Motif: atom1 name is Nhis
protocols.motifs.Motif: atom2 name is aroC
protocols.motifs.Motif: atom3 name is Nhis
protocols.motifs.Motif: Res1 name is LYS
protocols.motifs.Motif: atom1 name is OOC
protocols.motifs.Motif: atom2 name is Phos
protocols.motifs.Motif: atom3 name is OOC
core.pack.task: Packer task: initialize from command line() 
core.pack.task: Packer task: initialize from command line() 
core.pack.task: Packer task: initialize from command line() 
protocols.moves.MonteCarlo: MonteCarlo:: last_accepted_score,lowest_score: -1104.74 -1104.74
protocols.motifs.Motif: Res1 name is GLN
protocols.motifs.Motif: atom1 name is OOC
protocols.motifs.Motif: atom2 name is Phos
protocols.motifs.Motif: atom3 name is OOC
protocols.motifs.Motif: Res1 name is LEU
protocols.motifs.Motif: atom1 name is OOC
protocols.motifs.Motif: atom2 name is Phos
protocols.motifs.Motif: atom3 name is OOC
protocols.motifs.Motif: Res1 name is ARG
protocols.motifs.Motif: atom1 name is OOC
protocols.motifs.Motif: atom2 name is Phos
protocols.motifs.Motif: atom3 name is OOC
protocols.motifs.Motif: Res1 name is THR
protocols.motifs.Motif: atom1 name is OH
protocols.motifs.Motif: atom2 name is COO
protocols.motifs.Motif: atom3 name is Phos
protocols.motifs.Motif: Res1 name is TYR
protocols.motifs.Motif: atom1 name is OOC
protocols.motifs.Motif: atom2 name is Phos
protocols.motifs.Motif: atom3 name is OOC
protocols.motifs.Motif: Res1 name is PHE
protocols.motifs.Motif: atom1 name is aroC
protocols.motifs.Motif: atom2 name is aroC
protocols.motifs.Motif: atom3 name is Nhis
protocols.motifs.Motif: Res1 name is GLN
protocols.motifs.Motif: atom1 name is Nhis
protocols.motifs.Motif: atom2 name is aroC
protocols.motifs.Motif: atom3 name is Nhis
core.pack.task: Packer task: initialize from command line() 
core.pack.task: Packer task: initialize from command line() 
core.pack.task: Packer task: initialize from command line() 
protocols.moves.MonteCarlo: MonteCarlo:: last_accepted_score,lowest_score: -1100.16 -1100.23
protocols.motifs.Motif: Res1 name is LEU
protocols.motifs.Motif: atom1 name is COO
protocols.motifs.Motif: atom2 name is CH2
protocols.motifs.Motif: atom3 name is Nhis
protocols.motifs.Motif: Res1 name is ARG
protocols.motifs.Motif: atom1 name is OOC
protocols.motifs.Motif: atom2 name is Phos
protocols.motifs.Motif: atom3 name is OOC
protocols.motifs.Motif: Res1 name is GLN
protocols.motifs.Motif: atom1 name is OOC
protocols.motifs.Motif: atom2 name is Phos
protocols.motifs.Motif: atom3 name is OOC
protocols.motifs.Motif: Res1 name is LYS
protocols.motifs.Motif: atom1 name is OOC
protocols.motifs.Motif: atom2 name is Phos
protocols.motifs.Motif: atom3 name is OOC
core.pack.task: Packer task: initialize from command line() 
core.pack.task: Packer task: initialize from command line() 
core.pack.task: Packer task: initialize from command line() 
protocols.moves.MonteCarlo: MonteCarlo:: last_accepted_score,lowest_score: -1103.39 -1103.64
protocols.motifs.Motif: Res1 name is ARG
protocols.motifs.Motif: atom1 name is OOC
protocols.motifs.Motif: atom2 name is Phos
protocols.motifs.Motif: atom3 name is OOC
protocols.motifs.Motif: Res1 name is GLN
protocols.motifs.Motif: atom1 name is Nhis
protocols.motifs.Motif: atom2 name is aroC
protocols.motifs.Motif: atom3 name is Nhis
protocols.motifs.Motif: Res1 name is LYS
protocols.motifs.Motif: atom1 name is aroC
protocols.motifs.Motif: atom2 name is aroC
protocols.motifs.Motif: atom3 name is Nhis
protocols.motifs.Motif: Res1 name is LYS
protocols.motifs.Motif: atom1 name is OOC
protocols.motifs.Motif: atom2 name is Phos
protocols.motifs.Motif: atom3 name is OOC
core.pack.task: Packer task: initialize from command line() 
core.pack.task: Packer task: initialize from command line() 
core.pack.task: Packer task: initialize from command line() 
protocols.moves.MonteCarlo: MonteCarlo:: last_accepted_score,lowest_score: -1103.32 -1103.55
protocols.motifs.Motif: Res1 name is ARG
protocols.motifs.Motif: atom1 name is OOC
protocols.motifs.Motif: atom2 name is Phos
protocols.motifs.Motif: atom3 name is OOC
protocols.motifs.Motif: Res1 name is GLN
protocols.motifs.Motif: atom1 name is OOC
protocols.motifs.Motif: atom2 name is Phos
protocols.motifs.Motif: atom3 name is OOC
protocols.motifs.Motif: Res1 name is LYS
protocols.motifs.Motif: atom1 name is Nhis
protocols.motifs.Motif: atom2 name is aroC
protocols.motifs.Motif: atom3 name is Nhis
core.pack.task: Packer task: initialize from command line() 
core.pack.task: Packer task: initialize from command line() 
core.pack.task: Packer task: initialize from command line() 
protocols.moves.MonteCarlo: MonteCarlo:: last_accepted_score,lowest_score: -1104.51 -1105.62
protocols.motifs.Motif: Res1 name is GLN
protocols.motifs.Motif: atom1 name is OOC
protocols.motifs.Motif: atom2 name is Phos
protocols.motifs.Motif: atom3 name is OOC
protocols.motifs.Motif: Res1 name is ASP
protocols.motifs.Motif: atom1 name is OOC
protocols.motifs.Motif: atom2 name is Phos
protocols.motifs.Motif: atom3 name is OOC
protocols.motifs.Motif: Res1 name is LYS
protocols.motifs.Motif: atom1 name is OOC
protocols.motifs.Motif: atom2 name is Phos
protocols.motifs.Motif: atom3 name is OOC
core.pack.task: Packer task: initialize from command line() 
core.pack.task: Packer task: initialize from command line() 
core.pack.task: Packer task: initialize from command line() 
protocols.moves.MonteCarlo: MonteCarlo:: last_accepted_score,lowest_score: -1103.68 -1104.08
protocols.motifs.Motif: Res1 name is LEU
protocols.motifs.Motif: atom1 name is OOC
protocols.motifs.Motif: atom2 name is Phos
protocols.motifs.Motif: atom3 name is OOC
protocols.motifs.Motif: Res1 name is ARG
protocols.motifs.Motif: atom1 name is OOC
protocols.motifs.Motif: atom2 name is Phos
protocols.motifs.Motif: atom3 name is OOC
protocols.motifs.Motif: Res1 name is GLN
protocols.motifs.Motif: atom1 name is OH
protocols.motifs.Motif: atom2 name is COO
protocols.motifs.Motif: atom3 name is Phos
protocols.motifs.Motif: Res1 name is LYS
protocols.motifs.Motif: atom1 name is OOC
protocols.motifs.Motif: atom2 name is Phos
protocols.motifs.Motif: atom3 name is OOC
core.pack.task: Packer task: initialize from command line() 
core.pack.task: Packer task: initialize from command line() 
core.pack.task: Packer task: initialize from command line() 
protocols.moves.MonteCarlo: MonteCarlo:: last_accepted_score,lowest_score: -1105.82 -1106.45
protocols.motifs.Motif: Res1 name is LEU
protocols.motifs.Motif: atom1 name is OOC
protocols.motifs.Motif: atom2 name is Phos
protocols.motifs.Motif: atom3 name is OOC
protocols.motifs.Motif: Res1 name is ARG
protocols.motifs.Motif: atom1 name is OOC
protocols.motifs.Motif: atom2 name is Phos
protocols.motifs.Motif: atom3 name is OOC
protocols.motifs.Motif: Res1 name is GLN
protocols.motifs.Motif: atom1 name is OOC
protocols.motifs.Motif: atom2 name is Phos
protocols.motifs.Motif: atom3 name is OOC
protocols.motifs.Motif: Res1 name is LYS
protocols.motifs.Motif: atom1 name is OH
protocols.motifs.Motif: atom2 name is COO
protocols.motifs.Motif: atom3 name is Phos
core.pack.task: Packer task: initialize from command line() 
core.pack.task: Packer task: initialize from command line() 
core.pack.task: Packer task: initialize from command line() 
protocols.moves.MonteCarlo: MonteCarlo:: last_accepted_score,lowest_score: -1105.25 -1105.25
protocols.motifs.Motif: Res1 name is LEU
protocols.motifs.Motif: atom1 name is OOC
protocols.motifs.Motif: atom2 name is Phos
protocols.motifs.Motif: atom3 name is OOC
protocols.motifs.Motif: Res1 name is ARG
protocols.motifs.Motif: atom1 name is OOC
protocols.motifs.Motif: atom2 name is Phos
protocols.motifs.Motif: atom3 name is OOC
protocols.motifs.Motif: Res1 name is GLN
protocols.motifs.Motif: atom1 name is Nhis
protocols.motifs.Motif: atom2 name is aroC
protocols.motifs.Motif: atom3 name is Nhis
protocols.motifs.Motif: Res1 name is LYS
protocols.motifs.Motif: atom1 name is aroC
protocols.motifs.Motif: atom2 name is aroC
protocols.motifs.Motif: atom3 name is Nhis
core.pack.task: Packer task: initialize from command line() 
core.pack.task: Packer task: initialize from command line() 
core.pack.task: Packer task: initialize from command line() 
protocols.moves.MonteCarlo: MonteCarlo:: last_accepted_score,lowest_score: -1104.99 -1104.99
protocols.motifs.Motif: Res1 name is LEU
protocols.motifs.Motif: atom1 name is OOC
protocols.motifs.Motif: atom2 name is Phos
protocols.motifs.Motif: atom3 name is OOC
protocols.motifs.Motif: Res1 name is ARG
protocols.motifs.Motif: atom1 name is OOC
protocols.motifs.Motif: atom2 name is Phos
protocols.motifs.Motif: atom3 name is OOC
protocols.motifs.Motif: Res1 name is LYS
protocols.motifs.Motif: atom1 name is aroC
protocols.motifs.Motif: atom2 name is aroC
protocols.motifs.Motif: atom3 name is Nhis
protocols.motifs.Motif: Res1 name is GLN
protocols.motifs.Motif: atom1 name is OOC
protocols.motifs.Motif: atom2 name is Phos
protocols.motifs.Motif: atom3 name is OOC
protocols.motifs.Motif: Res1 name is LYS
protocols.motifs.Motif: atom1 name is OOC
protocols.motifs.Motif: atom2 name is Phos
protocols.motifs.Motif: atom3 name is OOC
core.pack.task: Packer task: initialize from command line() 
core.pack.task: Packer task: initialize from command line() 
core.pack.task: Packer task: initialize from command line() 
protocols.moves.MonteCarlo: MonteCarlo:: last_accepted_score,lowest_score: -1104.01 -1104.98
protocols.motifs.Motif: Res1 name is ARG
protocols.motifs.Motif: atom1 name is OOC
protocols.motifs.Motif: atom2 name is Phos
protocols.motifs.Motif: atom3 name is OOC
protocols.motifs.Motif: Res1 name is GLN
protocols.motifs.Motif: atom1 name is aroC
protocols.motifs.Motif: atom2 name is Nhis
protocols.motifs.Motif: atom3 name is CH2
protocols.motifs.Motif: Res1 name is ASP
protocols.motifs.Motif: atom1 name is OOC
protocols.motifs.Motif: atom2 name is Phos
protocols.motifs.Motif: atom3 name is OOC
protocols.motifs.Motif: Res1 name is LYS
protocols.motifs.Motif: atom1 name is OOC
protocols.motifs.Motif: atom2 name is Phos
protocols.motifs.Motif: atom3 name is OOC
core.pack.task: Packer task: initialize from command line() 
core.pack.task: Packer task: initialize from command line() 
core.pack.task: Packer task: initialize from command line() 
protocols.moves.MonteCarlo: MonteCarlo:: last_accepted_score,lowest_score: -1104.51 -1104.89
protocols.motifs.Motif: Res1 name is ARG
protocols.motifs.Motif: atom1 name is OOC
protocols.motifs.Motif: atom2 name is Phos
protocols.motifs.Motif: atom3 name is OOC
protocols.motifs.Motif: Res1 name is THR
protocols.motifs.Motif: atom1 name is Nhis
protocols.motifs.Motif: atom2 name is aroC
protocols.motifs.Motif: atom3 name is Nhis
protocols.motifs.Motif: Res1 name is TYR
protocols.motifs.Motif: atom1 name is aroC
protocols.motifs.Motif: atom2 name is aroC
protocols.motifs.Motif: atom3 name is Nhis
protocols.motifs.Motif: Res1 name is GLN
protocols.motifs.Motif: atom1 name is Nhis
protocols.motifs.Motif: atom2 name is aroC
protocols.motifs.Motif: atom3 name is Nhis
protocols.motifs.Motif: Res1 name is LYS
protocols.motifs.Motif: atom1 name is OOC
protocols.motifs.Motif: atom2 name is Phos
protocols.motifs.Motif: atom3 name is OOC
core.pack.task: Packer task: initialize from command line() 
core.pack.task: Packer task: initialize from command line() 
core.pack.task: Packer task: initialize from command line() 
protocols.moves.MonteCarlo: MonteCarlo:: last_accepted_score,lowest_score: -1103.76 -1103.76
protocols.motifs.Motif: Res1 name is LEU
protocols.motifs.Motif: atom1 name is OOC
protocols.motifs.Motif: atom2 name is Phos
protocols.motifs.Motif: atom3 name is OOC
protocols.motifs.Motif: Res1 name is ARG
protocols.motifs.Motif: atom1 name is OOC
protocols.motifs.Motif: atom2 name is Phos
protocols.motifs.Motif: atom3 name is OOC
protocols.motifs.Motif: Res1 name is LYS
protocols.motifs.Motif: atom1 name is Nhis
protocols.motifs.Motif: atom2 name is aroC
protocols.motifs.Motif: atom3 name is Nhis
protocols.motifs.Motif: Res1 name is GLN
protocols.motifs.Motif: atom1 name is OOC
protocols.motifs.Motif: atom2 name is Phos
protocols.motifs.Motif: atom3 name is OOC
protocols.motifs.Motif: Res1 name is LYS
protocols.motifs.Motif: atom1 name is OOC
protocols.motifs.Motif: atom2 name is Phos
protocols.motifs.Motif: atom3 name is OOC
core.pack.task: Packer task: initialize from command line() 
core.pack.task: Packer task: initialize from command line() 
core.pack.task: Packer task: initialize from command line() 
protocols.moves.MonteCarlo: MonteCarlo:: last_accepted_score,lowest_score: -1104.9 -1104.9
protocols.motifs.Motif: Res1 name is ARG
protocols.motifs.Motif: atom1 name is OOC
protocols.motifs.Motif: atom2 name is Phos
protocols.motifs.Motif: atom3 name is OOC
protocols.motifs.Motif: Res1 name is LYS
protocols.motifs.Motif: atom1 name is Nhis
protocols.motifs.Motif: atom2 name is aroC
protocols.motifs.Motif: atom3 name is Nhis
protocols.motifs.Motif: Res1 name is GLN
protocols.motifs.Motif: atom1 name is OOC
protocols.motifs.Motif: atom2 name is Phos
protocols.motifs.Motif: atom3 name is OOC
protocols.motifs.Motif: Res1 name is LYS
protocols.motifs.Motif: atom1 name is OOC
protocols.motifs.Motif: atom2 name is Phos
protocols.motifs.Motif: atom3 name is OOC
core.pack.task: Packer task: initialize from command line() 
core.pack.task: Packer task: initialize from command line() 
core.pack.task: Packer task: initialize from command line() 
protocols.moves.MonteCarlo: MonteCarlo:: last_accepted_score,lowest_score: -1102.01 -1103
protocols.motifs.Motif: Res1 name is LEU
protocols.motifs.Motif: atom1 name is OOC
protocols.motifs.Motif: atom2 name is Phos
protocols.motifs.Motif: atom3 name is OOC
protocols.motifs.Motif: Res1 name is ARG
protocols.motifs.Motif: atom1 name is OOC
protocols.motifs.Motif: atom2 name is Phos
protocols.motifs.Motif: atom3 name is OOC
protocols.motifs.Motif: Res1 name is GLN
protocols.motifs.Motif: atom1 name is Nhis
protocols.motifs.Motif: atom2 name is aroC
protocols.motifs.Motif: atom3 name is Nhis
protocols.motifs.Motif: Res1 name is LYS
protocols.motifs.Motif: atom1 name is OOC
protocols.motifs.Motif: atom2 name is Phos
protocols.motifs.Motif: atom3 name is OOC
core.pack.task: Packer task: initialize from command line() 
core.pack.task: Packer task: initialize from command line() 
core.pack.task: Packer task: initialize from command line() 
protocols.moves.MonteCarlo: MonteCarlo:: last_accepted_score,lowest_score: -1103.16 -1103.16
protocols.motifs.Motif: Res1 name is LEU
protocols.motifs.Motif: atom1 name is OOC
protocols.motifs.Motif: atom2 name is Phos
protocols.motifs.Motif: atom3 name is OOC
protocols.motifs.Motif: Res1 name is ARG
protocols.motifs.Motif: atom1 name is OOC
protocols.motifs.Motif: atom2 name is Phos
protocols.motifs.Motif: atom3 name is OOC
protocols.motifs.Motif: Res1 name is GLN
protocols.motifs.Motif: atom1 name is Nhis
protocols.motifs.Motif: atom2 name is aroC
protocols.motifs.Motif: atom3 name is Nhis
protocols.motifs.Motif: Res1 name is LYS
protocols.motifs.Motif: atom1 name is COO
protocols.motifs.Motif: atom2 name is CH2
protocols.motifs.Motif: atom3 name is Nhis
core.pack.task: Packer task: initialize from command line() 
core.pack.task: Packer task: initialize from command line() 
core.pack.task: Packer task: initialize from command line() 
protocols.moves.MonteCarlo: MonteCarlo:: last_accepted_score,lowest_score: -1104.57 -1104.99
protocols.motifs.Motif: Res1 name is GLN
protocols.motifs.Motif: atom1 name is OOC
protocols.motifs.Motif: atom2 name is Phos
protocols.motifs.Motif: atom3 name is OOC
protocols.motifs.Motif: Res1 name is LYS
protocols.motifs.Motif: atom1 name is OOC
protocols.motifs.Motif: atom2 name is Phos
protocols.motifs.Motif: atom3 name is OOC
core.pack.task: Packer task: initialize from command line() 
core.pack.task: Packer task: initialize from command line() 
core.pack.task: Packer task: initialize from command line() 
protocols.moves.MonteCarlo: MonteCarlo:: last_accepted_score,lowest_score: -1106.79 -1106.79
protocols.motifs.Motif: Res1 name is LEU
protocols.motifs.Motif: atom1 name is OH
protocols.motifs.Motif: atom2 name is COO
protocols.motifs.Motif: atom3 name is Phos
protocols.motifs.Motif: Res1 name is ARG
protocols.motifs.Motif: atom1 name is OOC
protocols.motifs.Motif: atom2 name is Phos
protocols.motifs.Motif: atom3 name is OOC
protocols.motifs.Motif: Res1 name is GLN
protocols.motifs.Motif: atom1 name is aroC
protocols.motifs.Motif: atom2 name is aroC
protocols.motifs.Motif: atom3 name is Nhis
protocols.motifs.Motif: Res1 name is LYS
protocols.motifs.Motif: atom1 name is aroC
protocols.motifs.Motif: atom2 name is aroC
protocols.motifs.Motif: atom3 name is Nhis
protocols.motifs.Motif: Res1 name is LYS
protocols.motifs.Motif: atom1 name is OOC
protocols.motifs.Motif: atom2 name is Phos
protocols.motifs.Motif: atom3 name is OOC
core.pack.task: Packer task: initialize from command line() 
core.pack.task: Packer task: initialize from command line() 
core.pack.task: Packer task: initialize from command line() 
protocols.moves.MonteCarlo: MonteCarlo:: last_accepted_score,lowest_score: -1104.15 -1104.15
protocols.motifs.Motif: Res1 name is ARG
protocols.motifs.Motif: atom1 name is Nhis
protocols.motifs.Motif: atom2 name is aroC
protocols.motifs.Motif: atom3 name is Nhis
protocols.motifs.Motif: Res1 name is GLN
protocols.motifs.Motif: atom1 name is Nhis
protocols.motifs.Motif: atom2 name is aroC
protocols.motifs.Motif: atom3 name is Nhis
protocols.motifs.Motif: Res1 name is LEU
protocols.motifs.Motif: atom1 name is OH
protocols.motifs.Motif: atom2 name is COO
protocols.motifs.Motif: atom3 name is Phos
protocols.motifs.Motif: Res1 name is ARG
protocols.motifs.Motif: atom1 name is OOC
protocols.motifs.Motif: atom2 name is Phos
protocols.motifs.Motif: atom3 name is OOC
protocols.motifs.Motif: Res1 name is THR
protocols.motifs.Motif: atom1 name is aroC
protocols.motifs.Motif: atom2 name is Nhis
protocols.motifs.Motif: atom3 name is CH2
protocols.motifs.Motif: Res1 name is TYR
protocols.motifs.Motif: atom1 name is Nhis
protocols.motifs.Motif: atom2 name is aroC
protocols.motifs.Motif: atom3 name is Nhis
protocols.motifs.Motif: Res1 name is LYS
protocols.motifs.Motif: atom1 name is OOC
protocols.motifs.Motif: atom2 name is Phos
protocols.motifs.Motif: atom3 name is OOC
core.pack.task: Packer task: initialize from command line() 
core.pack.task: Packer task: initialize from command line() 
core.pack.task: Packer task: initialize from command line() 
protocols.moves.MonteCarlo: MonteCarlo:: last_accepted_score,lowest_score: -1103.52 -1103.9
protocols.motifs.Motif: Res1 name is ARG
protocols.motifs.Motif: atom1 name is OOC
protocols.motifs.Motif: atom2 name is Phos
protocols.motifs.Motif: atom3 name is OOC
protocols.motifs.Motif: Res1 name is GLN
protocols.motifs.Motif: atom1 name is OOC
protocols.motifs.Motif: atom2 name is Phos
protocols.motifs.Motif: atom3 name is OOC
protocols.motifs.Motif: Res1 name is LYS
protocols.motifs.Motif: atom1 name is aroC
protocols.motifs.Motif: atom2 name is Nhis
protocols.motifs.Motif: atom3 name is CH2
core.pack.task: Packer task: initialize from command line() 
core.pack.task: Packer task: initialize from command line() 
core.pack.task: Packer task: initialize from command line() 
protocols.moves.MonteCarlo: MonteCarlo:: last_accepted_score,lowest_score: -1106.29 -1106.36
protocols.motifs.Motif: Res1 name is LEU
protocols.motifs.Motif: atom1 name is OOC
protocols.motifs.Motif: atom2 name is Phos
protocols.motifs.Motif: atom3 name is OOC
protocols.motifs.Motif: Res1 name is ARG
protocols.motifs.Motif: atom1 name is OOC
protocols.motifs.Motif: atom2 name is Phos
protocols.motifs.Motif: atom3 name is OOC
protocols.motifs.Motif: Res1 name is LYS
protocols.motifs.Motif: atom1 name is aroC
protocols.motifs.Motif: atom2 name is aroC
protocols.motifs.Motif: atom3 name is Nhis
protocols.motifs.Motif: Res1 name is LYS
protocols.motifs.Motif: atom1 name is OOC
protocols.motifs.Motif: atom2 name is Phos
protocols.motifs.Motif: atom3 name is OOC
core.pack.task: Packer task: initialize from command line() 
core.pack.task: Packer task: initialize from command line() 
core.pack.task: Packer task: initialize from command line() 
protocols.moves.MonteCarlo: MonteCarlo:: last_accepted_score,lowest_score: -1102.91 -1102.91
protocols.motifs.Motif: Res1 name is LEU
protocols.motifs.Motif: atom1 name is OH
protocols.motifs.Motif: atom2 name is COO
protocols.motifs.Motif: atom3 name is Phos
protocols.motifs.Motif: Res1 name is ARG
protocols.motifs.Motif: atom1 name is OOC
protocols.motifs.Motif: atom2 name is Phos
protocols.motifs.Motif: atom3 name is OOC
protocols.motifs.Motif: Res1 name is GLN
protocols.motifs.Motif: atom1 name is OOC
protocols.motifs.Motif: atom2 name is Phos
protocols.motifs.Motif: atom3 name is OOC
protocols.motifs.Motif: Res1 name is LYS
protocols.motifs.Motif: atom1 name is OOC
protocols.motifs.Motif: atom2 name is Phos
protocols.motifs.Motif: atom3 name is OOC
core.pack.task: Packer task: initialize from command line() 
core.pack.task: Packer task: initialize from command line() 
core.pack.task: Packer task: initialize from command line() 
protocols.moves.MonteCarlo: MonteCarlo:: last_accepted_score,lowest_score: -1105.82 -1105.83
protocols.motifs.Motif: Res1 name is ARG
protocols.motifs.Motif: atom1 name is OOC
protocols.motifs.Motif: atom2 name is Phos
protocols.motifs.Motif: atom3 name is OOC
protocols.motifs.Motif: Res1 name is LYS
protocols.motifs.Motif: atom1 name is aroC
protocols.motifs.Motif: atom2 name is aroC
protocols.motifs.Motif: atom3 name is Nhis
protocols.motifs.Motif: Res1 name is GLN
protocols.motifs.Motif: atom1 name is Nhis
protocols.motifs.Motif: atom2 name is aroC
protocols.motifs.Motif: atom3 name is Nhis
protocols.motifs.Motif: Res1 name is LYS
protocols.motifs.Motif: atom1 name is OOC
protocols.motifs.Motif: atom2 name is Phos
protocols.motifs.Motif: atom3 name is OOC
core.pack.task: Packer task: initialize from command line() 
core.pack.task: Packer task: initialize from command line() 
core.pack.task: Packer task: initialize from command line() 
protocols.moves.MonteCarlo: MonteCarlo:: last_accepted_score,lowest_score: -1106.61 -1106.61
protocols.motifs.Motif: Res1 name is LEU
protocols.motifs.Motif: atom1 name is aroC
protocols.motifs.Motif: atom2 name is Nhis
protocols.motifs.Motif: atom3 name is CH2
protocols.motifs.Motif: Res1 name is THR
protocols.motifs.Motif: atom1 name is Nhis
protocols.motifs.Motif: atom2 name is aroC
protocols.motifs.Motif: atom3 name is Nhis
protocols.motifs.Motif: Res1 name is TYR
protocols.motifs.Motif: atom1 name is aroC
protocols.motifs.Motif: atom2 name is Nhis
protocols.motifs.Motif: atom3 name is CH2
protocols.motifs.Motif: Res1 name is GLN
protocols.motifs.Motif: atom1 name is OH
protocols.motifs.Motif: atom2 name is COO
protocols.motifs.Motif: atom3 name is Phos
protocols.motifs.Motif: Res1 name is LYS
protocols.motifs.Motif: atom1 name is OOC
protocols.motifs.Motif: atom2 name is Phos
protocols.motifs.Motif: atom3 name is OOC
core.pack.task: Packer task: initialize from command line() 
core.pack.task: Packer task: initialize from command line() 
core.pack.task: Packer task: initialize from command line() 
protocols.moves.MonteCarlo: MonteCarlo:: last_accepted_score,lowest_score: -1104.22 -1104.22
protocols.motifs.Motif: Res1 name is PHE
protocols.motifs.Motif: atom1 name is OOC
protocols.motifs.Motif: atom2 name is Phos
protocols.motifs.Motif: atom3 name is OOC
protocols.motifs.Motif: Res1 name is GLN
protocols.motifs.Motif: atom1 name is OH
protocols.motifs.Motif: atom2 name is COO
protocols.motifs.Motif: atom3 name is Phos
protocols.motifs.Motif: Res1 name is LYS
protocols.motifs.Motif: atom1 name is OOC
protocols.motifs.Motif: atom2 name is Phos
protocols.motifs.Motif: atom3 name is OOC
protocols.motifs.Motif: Res1 name is ARG
protocols.motifs.Motif: atom1 name is OOC
protocols.motifs.Motif: atom2 name is Phos
protocols.motifs.Motif: atom3 name is OOC
core.pack.task: Packer task: initialize from command line() 
core.pack.task: Packer task: initialize from command line() 
core.pack.task: Packer task: initialize from command line() 
protocols.moves.MonteCarlo: MonteCarlo:: last_accepted_score,lowest_score: -1106.97 -1106.97
protocols.motifs.Motif: Res1 name is GLN
protocols.motifs.Motif: atom1 name is OOC
protocols.motifs.Motif: atom2 name is Phos
protocols.motifs.Motif: atom3 name is OOC
protocols.motifs.Motif: Res1 name is LEU
protocols.motifs.Motif: atom1 name is OH
protocols.motifs.Motif: atom2 name is COO
protocols.motifs.Motif: atom3 name is Phos
protocols.motifs.Motif: Res1 name is ARG
protocols.motifs.Motif: atom1 name is OOC
protocols.motifs.Motif: atom2 name is Phos
protocols.motifs.Motif: atom3 name is OOC
protocols.motifs.Motif: Res1 name is GLN
protocols.motifs.Motif: atom1 name is aroC
protocols.motifs.Motif: atom2 name is aroC
protocols.motifs.Motif: atom3 name is Nhis
protocols.motifs.Motif: Res1 name is LYS
protocols.motifs.Motif: atom1 name is aroC
protocols.motifs.Motif: atom2 name is aroC
protocols.motifs.Motif: atom3 name is Nhis
protocols.motifs.Motif: Res1 name is TYR
protocols.motifs.Motif: atom1 name is OOC
protocols.motifs.Motif: atom2 name is Phos
protocols.motifs.Motif: atom3 name is OOC
protocols.motifs.Motif: Res1 name is GLN
protocols.motifs.Motif: atom1 name is aroC
protocols.motifs.Motif: atom2 name is Nhis
protocols.motifs.Motif: atom3 name is CH2
protocols.motifs.Motif: Res1 name is LYS
protocols.motifs.Motif: atom1 name is OOC
protocols.motifs.Motif: atom2 name is Phos
protocols.motifs.Motif: atom3 name is OOC
core.pack.task: Packer task: initialize from command line() 
core.pack.task: Packer task: initialize from command line() 
core.pack.task: Packer task: initialize from command line() 
protocols.moves.MonteCarlo: MonteCarlo:: last_accepted_score,lowest_score: -1106.65 -1106.65
protocols.motifs.Motif: Res1 name is GLN
protocols.motifs.Motif: atom1 name is OH
protocols.motifs.Motif: atom2 name is COO
protocols.motifs.Motif: atom3 name is Phos
protocols.motifs.Motif: Res1 name is LEU
protocols.motifs.Motif: atom1 name is OOC
protocols.motifs.Motif: atom2 name is Phos
protocols.motifs.Motif: atom3 name is OOC
protocols.motifs.Motif: Res1 name is ARG
protocols.motifs.Motif: atom1 name is OOC
protocols.motifs.Motif: atom2 name is Phos
protocols.motifs.Motif: atom3 name is OOC
protocols.motifs.Motif: Res1 name is LYS
protocols.motifs.Motif: atom1 name is Nhis
protocols.motifs.Motif: atom2 name is aroC
protocols.motifs.Motif: atom3 name is Nhis
protocols.motifs.Motif: Res1 name is THR
protocols.motifs.Motif: atom1 name is Nhis
protocols.motifs.Motif: atom2 name is aroC
protocols.motifs.Motif: atom3 name is Nhis
protocols.motifs.Motif: Res1 name is TYR
protocols.motifs.Motif: atom1 name is Nhis
protocols.motifs.Motif: atom2 name is aroC
protocols.motifs.Motif: atom3 name is Nhis
protocols.motifs.Motif: Res1 name is PHE
protocols.motifs.Motif: atom1 name is OOC
protocols.motifs.Motif: atom2 name is Phos
protocols.motifs.Motif: atom3 name is OOC
protocols.motifs.Motif: Res1 name is GLN
protocols.motifs.Motif: atom1 name is OOC
protocols.motifs.Motif: atom2 name is Phos
protocols.motifs.Motif: atom3 name is OOC
protocols.motifs.Motif: Res1 name is LYS
protocols.motifs.Motif: atom1 name is OOC
protocols.motifs.Motif: atom2 name is Phos
protocols.motifs.Motif: atom3 name is OOC
core.pack.task: Packer task: initialize from command line() 
core.pack.task: Packer task: initialize from command line() 
core.pack.task: Packer task: initialize from command line() 
protocols.moves.MonteCarlo: MonteCarlo:: last_accepted_score,lowest_score: -1102.53 -1102.53
protocols.motifs.Motif: Res1 name is GLN
protocols.motifs.Motif: atom1 name is OH
protocols.motifs.Motif: atom2 name is COO
protocols.motifs.Motif: atom3 name is Phos
protocols.motifs.Motif: Res1 name is ASP
protocols.motifs.Motif: atom1 name is OOC
protocols.motifs.Motif: atom2 name is Phos
protocols.motifs.Motif: atom3 name is OOC
protocols.motifs.Motif: Res1 name is LYS
protocols.motifs.Motif: atom1 name is OOC
protocols.motifs.Motif: atom2 name is Phos
protocols.motifs.Motif: atom3 name is OOC
core.pack.task: Packer task: initialize from command line() 
core.pack.task: Packer task: initialize from command line() 
core.pack.task: Packer task: initialize from command line() 
protocols.moves.MonteCarlo: MonteCarlo:: last_accepted_score,lowest_score: -1105.53 -1105.64
protocols.motifs.Motif: Res1 name is LEU
protocols.motifs.Motif: atom1 name is OH
protocols.motifs.Motif: atom2 name is COO
protocols.motifs.Motif: atom3 name is Phos
protocols.motifs.Motif: Res1 name is ARG
protocols.motifs.Motif: atom1 name is OOC
protocols.motifs.Motif: atom2 name is Phos
protocols.motifs.Motif: atom3 name is OOC
protocols.motifs.Motif: Res1 name is TYR
protocols.motifs.Motif: atom1 name is Nhis
protocols.motifs.Motif: atom2 name is aroC
protocols.motifs.Motif: atom3 name is Nhis
protocols.motifs.Motif: Res1 name is GLN
protocols.motifs.Motif: atom1 name is aroC
protocols.motifs.Motif: atom2 name is Nhis
protocols.motifs.Motif: atom3 name is CH2
protocols.motifs.Motif: Res1 name is LYS
protocols.motifs.Motif: atom1 name is OOC
protocols.motifs.Motif: atom2 name is Phos
protocols.motifs.Motif: atom3 name is OOC
core.pack.task: Packer task: initialize from command line() 
core.pack.task: Packer task: initialize from command line() 
core.pack.task: Packer task: initialize from command line() 
protocols.moves.MonteCarlo: MonteCarlo:: last_accepted_score,lowest_score: -1105.07 -1105.1
protocols.motifs.Motif: Res1 name is LEU
protocols.motifs.Motif: atom1 name is Nhis
protocols.motifs.Motif: atom2 name is aroC
protocols.motifs.Motif: atom3 name is Nhis
protocols.motifs.Motif: Res1 name is ARG
protocols.motifs.Motif: atom1 name is OH
protocols.motifs.Motif: atom2 name is COO
protocols.motifs.Motif: atom3 name is Phos
protocols.motifs.Motif: Res1 name is GLN
protocols.motifs.Motif: atom1 name is aroC
protocols.motifs.Motif: atom2 name is aroC
protocols.motifs.Motif: atom3 name is Nhis
protocols.motifs.Motif: Res1 name is LYS
protocols.motifs.Motif: atom1 name is aroC
protocols.motifs.Motif: atom2 name is aroC
protocols.motifs.Motif: atom3 name is Nhis
protocols.motifs.Motif: Res1 name is GLN
protocols.motifs.Motif: atom1 name is OOC
protocols.motifs.Motif: atom2 name is Phos
protocols.motifs.Motif: atom3 name is OOC
protocols.motifs.Motif: Res1 name is LYS
protocols.motifs.Motif: atom1 name is OOC
protocols.motifs.Motif: atom2 name is Phos
protocols.motifs.Motif: atom3 name is OOC
core.pack.task: Packer task: initialize from command line() 
core.pack.task: Packer task: initialize from command line() 
core.pack.task: Packer task: initialize from command line() 
protocols.moves.MonteCarlo: MonteCarlo:: last_accepted_score,lowest_score: -1104.87 -1104.87
protocols.motifs.Motif: Res1 name is LEU
protocols.motifs.Motif: atom1 name is OOC
protocols.motifs.Motif: atom2 name is Phos
protocols.motifs.Motif: atom3 name is OOC
protocols.motifs.Motif: Res1 name is ARG
protocols.motifs.Motif: atom1 name is OOC
protocols.motifs.Motif: atom2 name is Phos
protocols.motifs.Motif: atom3 name is OOC
protocols.motifs.Motif: Res1 name is GLN
protocols.motifs.Motif: atom1 name is Nhis
protocols.motifs.Motif: atom2 name is aroC
protocols.motifs.Motif: atom3 name is Nhis
protocols.motifs.Motif: Res1 name is LYS
protocols.motifs.Motif: atom1 name is OOC
protocols.motifs.Motif: atom2 name is Phos
protocols.motifs.Motif: atom3 name is OOC
protocols.motifs.Motif: Res1 name is GLN
protocols.motifs.Motif: atom1 name is OOC
protocols.motifs.Motif: atom2 name is Phos
protocols.motifs.Motif: atom3 name is OOC
core.pack.task: Packer task: initialize from command line() 
core.pack.task: Packer task: initialize from command line() 
core.pack.task: Packer task: initialize from command line() 
protocols.moves.MonteCarlo: MonteCarlo:: last_accepted_score,lowest_score: -1106.03 -1106.26
protocols.motifs.Motif: Res1 name is LEU
protocols.motifs.Motif: atom1 name is COO
protocols.motifs.Motif: atom2 name is CH2
protocols.motifs.Motif: atom3 name is Nhis
protocols.motifs.Motif: Res1 name is ARG
protocols.motifs.Motif: atom1 name is OOC
protocols.motifs.Motif: atom2 name is Phos
protocols.motifs.Motif: atom3 name is OOC
protocols.motifs.Motif: Res1 name is GLN
protocols.motifs.Motif: atom1 name is OOC
protocols.motifs.Motif: atom2 name is Phos
protocols.motifs.Motif: atom3 name is OOC
protocols.motifs.Motif: Res1 name is LYS
protocols.motifs.Motif: atom1 name is Nhis
protocols.motifs.Motif: atom2 name is aroC
protocols.motifs.Motif: atom3 name is Nhis
protocols.motifs.Motif: Res1 name is TYR
protocols.motifs.Motif: atom1 name is aroC
protocols.motifs.Motif: atom2 name is aroC
protocols.motifs.Motif: atom3 name is Nhis
core.pack.task: Packer task: initialize from command line() 
core.pack.task: Packer task: initialize from command line() 
core.pack.task: Packer task: initialize from command line() 
protocols.moves.MonteCarlo: MonteCarlo:: last_accepted_score,lowest_score: -1105.16 -1105.16
protocols.motifs.Motif: Res1 name is LEU
protocols.motifs.Motif: atom1 name is Nhis
protocols.motifs.Motif: atom2 name is aroC
protocols.motifs.Motif: atom3 name is Nhis
protocols.motifs.Motif: Res1 name is ARG
protocols.motifs.Motif: atom1 name is OH
protocols.motifs.Motif: atom2 name is COO
protocols.motifs.Motif: atom3 name is Phos
protocols.motifs.Motif: Res1 name is GLN
protocols.motifs.Motif: atom1 name is aroC
protocols.motifs.Motif: atom2 name is aroC
protocols.motifs.Motif: atom3 name is Nhis
protocols.motifs.Motif: Res1 name is LYS
protocols.motifs.Motif: atom1 name is OOC
protocols.motifs.Motif: atom2 name is Phos
protocols.motifs.Motif: atom3 name is OOC
core.pack.task: Packer task: initialize from command line() 
core.pack.task: Packer task: initialize from command line() 
core.pack.task: Packer task: initialize from command line() 
protocols.moves.MonteCarlo: MonteCarlo:: last_accepted_score,lowest_score: -1105.1 -1105.1
protocols.motifs.Motif: Res1 name is ARG
protocols.motifs.Motif: atom1 name is OOC
protocols.motifs.Motif: atom2 name is Phos
protocols.motifs.Motif: atom3 name is OOC
protocols.motifs.Motif: Res1 name is LYS
protocols.motifs.Motif: atom1 name is Nhis
protocols.motifs.Motif: atom2 name is aroC
protocols.motifs.Motif: atom3 name is Nhis
protocols.motifs.Motif: Res1 name is GLN
protocols.motifs.Motif: atom1 name is OOC
protocols.motifs.Motif: atom2 name is Phos
protocols.motifs.Motif: atom3 name is OOC
protocols.motifs.Motif: Res1 name is LYS
protocols.motifs.Motif: atom1 name is OOC
protocols.motifs.Motif: atom2 name is Phos
protocols.motifs.Motif: atom3 name is OOC
protocols.motifs.Motif: Res1 name is ASP
protocols.motifs.Motif: atom1 name is aroC
protocols.motifs.Motif: atom2 name is Nhis
protocols.motifs.Motif: atom3 name is CH2
core.pack.task: Packer task: initialize from command line() 
core.pack.task: Packer task: initialize from command line() 
core.pack.task: Packer task: initialize from command line() 
protocols.moves.MonteCarlo: MonteCarlo:: last_accepted_score,lowest_score: -1104.05 -1104.05
protocols.motifs.Motif: Res1 name is LEU
protocols.motifs.Motif: atom1 name is OH
protocols.motifs.Motif: atom2 name is COO
protocols.motifs.Motif: atom3 name is Phos
protocols.motifs.Motif: Res1 name is ARG
protocols.motifs.Motif: atom1 name is OOC
protocols.motifs.Motif: atom2 name is Phos
protocols.motifs.Motif: atom3 name is OOC
protocols.motifs.Motif: Res1 name is TYR
protocols.motifs.Motif: atom1 name is Nhis
protocols.motifs.Motif: atom2 name is aroC
protocols.motifs.Motif: atom3 name is Nhis
protocols.motifs.Motif: Res1 name is GLN
protocols.motifs.Motif: atom1 name is aroC
protocols.motifs.Motif: atom2 name is Nhis
protocols.motifs.Motif: atom3 name is CH2
protocols.motifs.Motif: Res1 name is LYS
protocols.motifs.Motif: atom1 name is OOC
protocols.motifs.Motif: atom2 name is Phos
protocols.motifs.Motif: atom3 name is OOC
core.pack.task: Packer task: initialize from command line() 
core.pack.task: Packer task: initialize from command line() 
core.pack.task: Packer task: initialize from command line() 
protocols.moves.MonteCarlo: MonteCarlo:: last_accepted_score,lowest_score: -1105.31 -1105.31
protocols.motifs.Motif: Res1 name is GLN
protocols.motifs.Motif: atom1 name is OH
protocols.motifs.Motif: atom2 name is COO
protocols.motifs.Motif: atom3 name is Phos
protocols.motifs.Motif: Res1 name is LYS
protocols.motifs.Motif: atom1 name is OOC
protocols.motifs.Motif: atom2 name is Phos
protocols.motifs.Motif: atom3 name is OOC
protocols.motifs.Motif: Res1 name is ARG
protocols.motifs.Motif: atom1 name is OOC
protocols.motifs.Motif: atom2 name is Phos
protocols.motifs.Motif: atom3 name is OOC
core.pack.task: Packer task: initialize from command line() 
core.pack.task: Packer task: initialize from command line() 
core.pack.task: Packer task: initialize from command line() 
protocols.moves.MonteCarlo: MonteCarlo:: last_accepted_score,lowest_score: -1104.07 -1104.07
protocols.motifs.Motif: Res1 name is LEU
protocols.motifs.Motif: atom1 name is OOC
protocols.motifs.Motif: atom2 name is Phos
protocols.motifs.Motif: atom3 name is OOC
protocols.motifs.Motif: Res1 name is ARG
protocols.motifs.Motif: atom1 name is OOC
protocols.motifs.Motif: atom2 name is Phos
protocols.motifs.Motif: atom3 name is OOC
protocols.motifs.Motif: Res1 name is LYS
protocols.motifs.Motif: atom1 name is Nhis
protocols.motifs.Motif: atom2 name is aroC
protocols.motifs.Motif: atom3 name is Nhis
protocols.motifs.Motif: Res1 name is GLN
protocols.motifs.Motif: atom1 name is OOC
protocols.motifs.Motif: atom2 name is Phos
protocols.motifs.Motif: atom3 name is OOC
protocols.motifs.Motif: Res1 name is LYS
protocols.motifs.Motif: atom1 name is OOC
protocols.motifs.Motif: atom2 name is Phos
protocols.motifs.Motif: atom3 name is OOC
core.pack.task: Packer task: initialize from command line() 
core.pack.task: Packer task: initialize from command line() 
core.pack.task: Packer task: initialize from command line() 
protocols.moves.MonteCarlo: MonteCarlo:: last_accepted_score,lowest_score: -1103.55 -1103.55
protocols.motifs.Motif: Res1 name is ARG
protocols.motifs.Motif: atom1 name is OOC
protocols.motifs.Motif: atom2 name is Phos
protocols.motifs.Motif: atom3 name is OOC
protocols.motifs.Motif: Res1 name is LYS
protocols.motifs.Motif: atom1 name is Nhis
protocols.motifs.Motif: atom2 name is aroC
protocols.motifs.Motif: atom3 name is Nhis
protocols.motifs.Motif: Res1 name is THR
protocols.motifs.Motif: atom1 name is Nhis
protocols.motifs.Motif: atom2 name is aroC
protocols.motifs.Motif: atom3 name is Nhis
protocols.motifs.Motif: Res1 name is GLN
protocols.motifs.Motif: atom1 name is Nhis
protocols.motifs.Motif: atom2 name is aroC
protocols.motifs.Motif: atom3 name is Nhis
protocols.motifs.Motif: Res1 name is LYS
protocols.motifs.Motif: atom1 name is OOC
protocols.motifs.Motif: atom2 name is Phos
protocols.motifs.Motif: atom3 name is OOC
core.pack.task: Packer task: initialize from command line() 
core.pack.task: Packer task: initialize from command line() 
core.pack.task: Packer task: initialize from command line() 
protocols.moves.MonteCarlo: MonteCarlo:: last_accepted_score,lowest_score: -1105.31 -1105.31
protocols.motifs.Motif: Res1 name is ARG
protocols.motifs.Motif: atom1 name is OOC
protocols.motifs.Motif: atom2 name is Phos
protocols.motifs.Motif: atom3 name is OOC
protocols.motifs.Motif: Res1 name is LYS
protocols.motifs.Motif: atom1 name is OOC
protocols.motifs.Motif: atom2 name is Phos
protocols.motifs.Motif: atom3 name is OOC
protocols.motifs.Motif: Res1 name is GLN
protocols.motifs.Motif: atom1 name is OOC
protocols.motifs.Motif: atom2 name is Phos
protocols.motifs.Motif: atom3 name is OOC
protocols.motifs.Motif: Res1 name is LYS
protocols.motifs.Motif: atom1 name is OOC
protocols.motifs.Motif: atom2 name is Phos
protocols.motifs.Motif: atom3 name is OOC
core.pack.task: Packer task: initialize from command line() 
core.pack.task: Packer task: initialize from command line() 
core.pack.task: Packer task: initialize from command line() 
protocols.moves.MonteCarlo: MonteCarlo:: last_accepted_score,lowest_score: -1106.39 -1106.53
protocols.motifs.Motif: Res1 name is LEU
protocols.motifs.Motif: atom1 name is Nhis
protocols.motifs.Motif: atom2 name is aroC
protocols.motifs.Motif: atom3 name is Nhis
protocols.motifs.Motif: Res1 name is ARG
protocols.motifs.Motif: atom1 name is OOC
protocols.motifs.Motif: atom2 name is Phos
protocols.motifs.Motif: atom3 name is OOC
protocols.motifs.Motif: Res1 name is GLN
protocols.motifs.Motif: atom1 name is aroC
protocols.motifs.Motif: atom2 name is aroC
protocols.motifs.Motif: atom3 name is Nhis
protocols.motifs.Motif: Res1 name is LYS
protocols.motifs.Motif: atom1 name is OOC
protocols.motifs.Motif: atom2 name is Phos
protocols.motifs.Motif: atom3 name is OOC
protocols.motifs.Motif: Res1 name is GLN
protocols.motifs.Motif: atom1 name is OOC
protocols.motifs.Motif: atom2 name is Phos
protocols.motifs.Motif: atom3 name is OOC
protocols.motifs.Motif: Res1 name is LYS
protocols.motifs.Motif: atom1 name is OOC
protocols.motifs.Motif: atom2 name is Phos
protocols.motifs.Motif: atom3 name is OOC
core.pack.task: Packer task: initialize from command line() 
core.pack.task: Packer task: initialize from command line() 
core.pack.task: Packer task: initialize from command line() 
protocols.moves.MonteCarlo: MonteCarlo:: last_accepted_score,lowest_score: -1106.39 -1106.73
protocols.motifs.Motif: Res1 name is LEU
protocols.motifs.Motif: atom1 name is aroC
protocols.motifs.Motif: atom2 name is Nhis
protocols.motifs.Motif: atom3 name is CH2
protocols.motifs.Motif: Res1 name is GLN
protocols.motifs.Motif: atom1 name is Nhis
protocols.motifs.Motif: atom2 name is aroC
protocols.motifs.Motif: atom3 name is Nhis
protocols.motifs.Motif: Res1 name is LYS
protocols.motifs.Motif: atom1 name is OOC
protocols.motifs.Motif: atom2 name is Phos
protocols.motifs.Motif: atom3 name is OOC
protocols.motifs.Motif: Res1 name is GLN
protocols.motifs.Motif: atom1 name is OOC
protocols.motifs.Motif: atom2 name is Phos
protocols.motifs.Motif: atom3 name is OOC
core.pack.task: Packer task: initialize from command line() 
core.pack.task: Packer task: initialize from command line() 
core.pack.task: Packer task: initialize from command line() 
protocols.moves.MonteCarlo: MonteCarlo:: last_accepted_score,lowest_score: -1106.26 -1106.78
protocols.motifs.Motif: Res1 name is LEU
protocols.motifs.Motif: atom1 name is aroC
protocols.motifs.Motif: atom2 name is Nhis
protocols.motifs.Motif: atom3 name is CH2
protocols.motifs.Motif: Res1 name is GLN
protocols.motifs.Motif: atom1 name is aroC
protocols.motifs.Motif: atom2 name is aroC
protocols.motifs.Motif: atom3 name is Nhis
protocols.motifs.Motif: Res1 name is LYS
protocols.motifs.Motif: atom1 name is OOC
protocols.motifs.Motif: atom2 name is Phos
protocols.motifs.Motif: atom3 name is OOC
protocols.motifs.Motif: Res1 name is GLN
protocols.motifs.Motif: atom1 name is OH
protocols.motifs.Motif: atom2 name is COO
protocols.motifs.Motif: atom3 name is Phos
core.pack.task: Packer task: initialize from command line() 
core.pack.task: Packer task: initialize from command line() 
core.pack.task: Packer task: initialize from command line() 
protocols.moves.MonteCarlo: MonteCarlo:: last_accepted_score,lowest_score: -1105.63 -1106.05
protocols.motifs.Motif: Res1 name is LEU
protocols.motifs.Motif: atom1 name is Nhis
protocols.motifs.Motif: atom2 name is aroC
protocols.motifs.Motif: atom3 name is Nhis
protocols.motifs.Motif: Res1 name is ARG
protocols.motifs.Motif: atom1 name is OOC
protocols.motifs.Motif: atom2 name is Phos
protocols.motifs.Motif: atom3 name is OOC
protocols.motifs.Motif: Res1 name is GLN
protocols.motifs.Motif: atom1 name is aroC
protocols.motifs.Motif: atom2 name is aroC
protocols.motifs.Motif: atom3 name is Nhis
protocols.motifs.Motif: Res1 name is LYS
protocols.motifs.Motif: atom1 name is OOC
protocols.motifs.Motif: atom2 name is Phos
protocols.motifs.Motif: atom3 name is OOC
protocols.motifs.Motif: Res1 name is GLN
protocols.motifs.Motif: atom1 name is OOC
protocols.motifs.Motif: atom2 name is Phos
protocols.motifs.Motif: atom3 name is OOC
protocols.motifs.Motif: Res1 name is LYS
protocols.motifs.Motif: atom1 name is OOC
protocols.motifs.Motif: atom2 name is Phos
protocols.motifs.Motif: atom3 name is OOC
core.pack.task: Packer task: initialize from command line() 
core.pack.task: Packer task: initialize from command line() 
core.pack.task: Packer task: initialize from command line() 
protocols.moves.MonteCarlo: MonteCarlo:: last_accepted_score,lowest_score: -1105.21 -1105.25
protocols.motifs.Motif: Res1 name is ARG
protocols.motifs.Motif: atom1 name is OOC
protocols.motifs.Motif: atom2 name is Phos
protocols.motifs.Motif: atom3 name is OOC
protocols.motifs.Motif: Res1 name is LYS
protocols.motifs.Motif: atom1 name is aroC
protocols.motifs.Motif: atom2 name is aroC
protocols.motifs.Motif: atom3 name is Nhis
protocols.motifs.Motif: Res1 name is GLN
protocols.motifs.Motif: atom1 name is OOC
protocols.motifs.Motif: atom2 name is Phos
protocols.motifs.Motif: atom3 name is OOC
core.pack.task: Packer task: initialize from command line() 
core.pack.task: Packer task: initialize from command line() 
core.pack.task: Packer task: initialize from command line() 
protocols.moves.MonteCarlo: MonteCarlo:: last_accepted_score,lowest_score: -1105.35 -1105.61
protocols.motifs.Motif: Res1 name is LEU
protocols.motifs.Motif: atom1 name is OOC
protocols.motifs.Motif: atom2 name is Phos
protocols.motifs.Motif: atom3 name is OOC
protocols.motifs.Motif: Res1 name is ARG
protocols.motifs.Motif: atom1 name is OOC
protocols.motifs.Motif: atom2 name is Phos
protocols.motifs.Motif: atom3 name is OOC
protocols.motifs.Motif: Res1 name is THR
protocols.motifs.Motif: atom1 name is Nhis
protocols.motifs.Motif: atom2 name is aroC
protocols.motifs.Motif: atom3 name is Nhis
protocols.motifs.Motif: Res1 name is GLN
protocols.motifs.Motif: atom1 name is Nhis
protocols.motifs.Motif: atom2 name is aroC
protocols.motifs.Motif: atom3 name is Nhis
protocols.motifs.Motif: Res1 name is LYS
protocols.motifs.Motif: atom1 name is OOC
protocols.motifs.Motif: atom2 name is Phos
protocols.motifs.Motif: atom3 name is OOC
core.pack.task: Packer task: initialize from command line() 
core.pack.task: Packer task: initialize from command line() 
core.pack.task: Packer task: initialize from command line() 
protocols.moves.MonteCarlo: MonteCarlo:: last_accepted_score,lowest_score: -1104.83 -1104.83
protocols.motifs.Motif: Res1 name is LEU
protocols.motifs.Motif: atom1 name is OOC
protocols.motifs.Motif: atom2 name is Phos
protocols.motifs.Motif: atom3 name is OOC
protocols.motifs.Motif: Res1 name is ARG
protocols.motifs.Motif: atom1 name is COO
protocols.motifs.Motif: atom2 name is CH2
protocols.motifs.Motif: atom3 name is Nhis
protocols.motifs.Motif: Res1 name is LYS
protocols.motifs.Motif: atom1 name is OOC
protocols.motifs.Motif: atom2 name is Phos
protocols.motifs.Motif: atom3 name is OOC
protocols.motifs.Motif: Res1 name is GLN
protocols.motifs.Motif: atom1 name is OOC
protocols.motifs.Motif: atom2 name is Phos
protocols.motifs.Motif: atom3 name is OOC
core.pack.task: Packer task: initialize from command line() 
core.pack.task: Packer task: initialize from command line() 
core.pack.task: Packer task: initialize from command line() 
protocols.moves.MonteCarlo: MonteCarlo:: last_accepted_score,lowest_score: -1082.9 -1082.9
protocols.motifs.Motif: Res1 name is LEU
protocols.motifs.Motif: atom1 name is aroC
protocols.motifs.Motif: atom2 name is aroC
protocols.motifs.Motif: atom3 name is Nhis
protocols.motifs.Motif: Res1 name is ARG
protocols.motifs.Motif: atom1 name is aroC
protocols.motifs.Motif: atom2 name is Nhis
protocols.motifs.Motif: atom3 name is CH2
protocols.motifs.Motif: Res1 name is GLN
protocols.motifs.Motif: atom1 name is OOC
protocols.motifs.Motif: atom2 name is Phos
protocols.motifs.Motif: atom3 name is OOC
protocols.motifs.Motif: Res1 name is LYS
protocols.motifs.Motif: atom1 name is OOC
protocols.motifs.Motif: atom2 name is Phos
protocols.motifs.Motif: atom3 name is OOC
core.pack.task: Packer task: initialize from command line() 
core.pack.task: Packer task: initialize from command line() 
core.pack.task: Packer task: initialize from command line() 
protocols.moves.MonteCarlo: MonteCarlo:: last_accepted_score,lowest_score: -1104.53 -1104.53
protocols.motifs.Motif: Res1 name is ARG
protocols.motifs.Motif: atom1 name is OOC
protocols.motifs.Motif: atom2 name is Phos
protocols.motifs.Motif: atom3 name is OOC
protocols.motifs.Motif: Res1 name is LYS
protocols.motifs.Motif: atom1 name is Nhis
protocols.motifs.Motif: atom2 name is aroC
protocols.motifs.Motif: atom3 name is Nhis
protocols.motifs.Motif: Res1 name is GLN
protocols.motifs.Motif: atom1 name is OOC
protocols.motifs.Motif: atom2 name is Phos
protocols.motifs.Motif: atom3 name is OOC
protocols.motifs.Motif: Res1 name is LYS
protocols.motifs.Motif: atom1 name is OOC
protocols.motifs.Motif: atom2 name is Phos
protocols.motifs.Motif: atom3 name is OOC
protocols.motifs.Motif: Res1 name is ASP
protocols.motifs.Motif: atom1 name is aroC
protocols.motifs.Motif: atom2 name is Nhis
protocols.motifs.Motif: atom3 name is CH2
core.pack.task: Packer task: initialize from command line() 
core.pack.task: Packer task: initialize from command line() 
core.pack.task: Packer task: initialize from command line() 
protocols.moves.MonteCarlo: MonteCarlo:: last_accepted_score,lowest_score: -1075.58 -1075.58
protocols.motifs.Motif: Res1 name is ARG
protocols.motifs.Motif: atom1 name is aroC
protocols.motifs.Motif: atom2 name is aroC
protocols.motifs.Motif: atom3 name is Nhis
protocols.motifs.Motif: Res1 name is LEU
protocols.motifs.Motif: atom1 name is OOC
protocols.motifs.Motif: atom2 name is Phos
protocols.motifs.Motif: atom3 name is OOC
protocols.motifs.Motif: Res1 name is THR
protocols.motifs.Motif: atom1 name is Nhis
protocols.motifs.Motif: atom2 name is aroC
protocols.motifs.Motif: atom3 name is Nhis
protocols.motifs.Motif: Res1 name is TYR
protocols.motifs.Motif: atom1 name is aroC
protocols.motifs.Motif: atom2 name is aroC
protocols.motifs.Motif: atom3 name is Nhis
protocols.motifs.Motif: Res1 name is GLN
protocols.motifs.Motif: atom1 name is OH
protocols.motifs.Motif: atom2 name is COO
protocols.motifs.Motif: atom3 name is Phos
protocols.motifs.Motif: Res1 name is LYS
protocols.motifs.Motif: atom1 name is OOC
protocols.motifs.Motif: atom2 name is Phos
protocols.motifs.Motif: atom3 name is OOC
core.pack.task: Packer task: initialize from command line() 
core.pack.task: Packer task: initialize from command line() 
core.pack.task: Packer task: initialize from command line() 
protocols.moves.MonteCarlo: MonteCarlo:: last_accepted_score,lowest_score: -1104.33 -1104.33
protocols.motifs.Motif: Res1 name is LEU
protocols.motifs.Motif: atom1 name is OH
protocols.motifs.Motif: atom2 name is COO
protocols.motifs.Motif: atom3 name is Phos
protocols.motifs.Motif: Res1 name is ARG
protocols.motifs.Motif: atom1 name is OOC
protocols.motifs.Motif: atom2 name is Phos
protocols.motifs.Motif: atom3 name is OOC
protocols.motifs.Motif: Res1 name is GLN
protocols.motifs.Motif: atom1 name is Nhis
protocols.motifs.Motif: atom2 name is aroC
protocols.motifs.Motif: atom3 name is Nhis
protocols.motifs.Motif: Res1 name is LYS
protocols.motifs.Motif: atom1 name is aroC
protocols.motifs.Motif: atom2 name is aroC
protocols.motifs.Motif: atom3 name is Nhis
protocols.motifs.Motif: Res1 name is GLN
protocols.motifs.Motif: atom1 name is OOC
protocols.motifs.Motif: atom2 name is Phos
protocols.motifs.Motif: atom3 name is OOC
protocols.motifs.Motif: Res1 name is LYS
protocols.motifs.Motif: atom1 name is OOC
protocols.motifs.Motif: atom2 name is Phos
protocols.motifs.Motif: atom3 name is OOC
core.pack.task: Packer task: initialize from command line() 
core.pack.task: Packer task: initialize from command line() 
core.pack.task: Packer task: initialize from command line() 
protocols.moves.MonteCarlo: MonteCarlo:: last_accepted_score,lowest_score: -1104.95 -1104.95
protocols.motifs.Motif: Res1 name is LEU
protocols.motifs.Motif: atom1 name is OH
protocols.motifs.Motif: atom2 name is COO
protocols.motifs.Motif: atom3 name is Phos
protocols.motifs.Motif: Res1 name is ARG
protocols.motifs.Motif: atom1 name is OH
protocols.motifs.Motif: atom2 name is COO
protocols.motifs.Motif: atom3 name is Phos
protocols.motifs.Motif: Res1 name is LYS
protocols.motifs.Motif: atom1 name is aroC
protocols.motifs.Motif: atom2 name is aroC
protocols.motifs.Motif: atom3 name is Nhis
protocols.motifs.Motif: Res1 name is GLN
protocols.motifs.Motif: atom1 name is OOC
protocols.motifs.Motif: atom2 name is Phos
protocols.motifs.Motif: atom3 name is OOC
protocols.motifs.Motif: Res1 name is LYS
protocols.motifs.Motif: atom1 name is OOC
protocols.motifs.Motif: atom2 name is Phos
protocols.motifs.Motif: atom3 name is OOC
core.pack.task: Packer task: initialize from command line() 
core.pack.task: Packer task: initialize from command line() 
core.pack.task: Packer task: initialize from command line() 
protocols.moves.MonteCarlo: MonteCarlo:: last_accepted_score,lowest_score: -1104.92 -1104.92
protocols.motifs.Motif: Res1 name is LEU
protocols.motifs.Motif: atom1 name is OOC
protocols.motifs.Motif: atom2 name is Phos
protocols.motifs.Motif: atom3 name is OOC
protocols.motifs.Motif: Res1 name is ARG
protocols.motifs.Motif: atom1 name is OOC
protocols.motifs.Motif: atom2 name is Phos
protocols.motifs.Motif: atom3 name is OOC
protocols.motifs.Motif: Res1 name is THR
protocols.motifs.Motif: atom1 name is aroC
protocols.motifs.Motif: atom2 name is aroC
protocols.motifs.Motif: atom3 name is Nhis
protocols.motifs.Motif: Res1 name is GLN
protocols.motifs.Motif: atom1 name is Nhis
protocols.motifs.Motif: atom2 name is aroC
protocols.motifs.Motif: atom3 name is Nhis
protocols.motifs.Motif: Res1 name is LYS
protocols.motifs.Motif: atom1 name is OOC
protocols.motifs.Motif: atom2 name is Phos
protocols.motifs.Motif: atom3 name is OOC
core.pack.task: Packer task: initialize from command line() 
core.pack.task: Packer task: initialize from command line() 
core.pack.task: Packer task: initialize from command line() 
protocols.moves.MonteCarlo: MonteCarlo:: last_accepted_score,lowest_score: -1104.44 -1104.44
protocols.motifs.Motif: Res1 name is LEU
protocols.motifs.Motif: atom1 name is OOC
protocols.motifs.Motif: atom2 name is Phos
protocols.motifs.Motif: atom3 name is OOC
protocols.motifs.Motif: Res1 name is ARG
protocols.motifs.Motif: atom1 name is OOC
protocols.motifs.Motif: atom2 name is Phos
protocols.motifs.Motif: atom3 name is OOC
protocols.motifs.Motif: Res1 name is GLN
protocols.motifs.Motif: atom1 name is OOC
protocols.motifs.Motif: atom2 name is Phos
protocols.motifs.Motif: atom3 name is OOC
protocols.motifs.Motif: Res1 name is LYS
protocols.motifs.Motif: atom1 name is OOC
protocols.motifs.Motif: atom2 name is Phos
protocols.motifs.Motif: atom3 name is OOC
core.pack.task: Packer task: initialize from command line() 
core.pack.task: Packer task: initialize from command line() 
core.pack.task: Packer task: initialize from command line() 
protocols.moves.MonteCarlo: MonteCarlo:: last_accepted_score,lowest_score: -1105.96 -1105.96
protocols.motifs.Motif: Res1 name is LYS
protocols.motifs.Motif: atom1 name is Nhis
protocols.motifs.Motif: atom2 name is aroC
protocols.motifs.Motif: atom3 name is Nhis
protocols.motifs.Motif: Res1 name is THR
protocols.motifs.Motif: atom1 name is COO
protocols.motifs.Motif: atom2 name is CH2
protocols.motifs.Motif: atom3 name is Nhis
protocols.motifs.Motif: Res1 name is PHE
protocols.motifs.Motif: atom1 name is OOC
protocols.motifs.Motif: atom2 name is Phos
protocols.motifs.Motif: atom3 name is OOC
protocols.motifs.Motif: Res1 name is GLN
protocols.motifs.Motif: atom1 name is OH
protocols.motifs.Motif: atom2 name is COO
protocols.motifs.Motif: atom3 name is Phos
protocols.motifs.Motif: Res1 name is LYS
protocols.motifs.Motif: atom1 name is OOC
protocols.motifs.Motif: atom2 name is Phos
protocols.motifs.Motif: atom3 name is OOC
core.pack.task: Packer task: initialize from command line() 
core.pack.task: Packer task: initialize from command line() 
core.pack.task: Packer task: initialize from command line() 
protocols.moves.MonteCarlo: MonteCarlo:: last_accepted_score,lowest_score: -1104.05 -1104.05
protocols.motifs.Motif: Res1 name is ARG
protocols.motifs.Motif: atom1 name is OOC
protocols.motifs.Motif: atom2 name is Phos
protocols.motifs.Motif: atom3 name is OOC
protocols.motifs.Motif: Res1 name is LYS
protocols.motifs.Motif: atom1 name is aroC
protocols.motifs.Motif: atom2 name is aroC
protocols.motifs.Motif: atom3 name is Nhis
protocols.motifs.Motif: Res1 name is LYS
protocols.motifs.Motif: atom1 name is OOC
protocols.motifs.Motif: atom2 name is Phos
protocols.motifs.Motif: atom3 name is OOC
core.pack.task: Packer task: initialize from command line() 
core.pack.task: Packer task: initialize from command line() 
core.pack.task: Packer task: initialize from command line() 
protocols.moves.MonteCarlo: MonteCarlo:: last_accepted_score,lowest_score: -1105.7 -1105.86
protocols.motifs.Motif: Res1 name is ARG
protocols.motifs.Motif: atom1 name is OOC
protocols.motifs.Motif: atom2 name is Phos
protocols.motifs.Motif: atom3 name is OOC
protocols.motifs.Motif: Res1 name is GLN
protocols.motifs.Motif: atom1 name is Nhis
protocols.motifs.Motif: atom2 name is aroC
protocols.motifs.Motif: atom3 name is Nhis
protocols.motifs.Motif: Res1 name is LYS
protocols.motifs.Motif: atom1 name is aroC
protocols.motifs.Motif: atom2 name is aroC
protocols.motifs.Motif: atom3 name is Nhis
protocols.motifs.Motif: Res1 name is GLN
protocols.motifs.Motif: atom1 name is OOC
protocols.motifs.Motif: atom2 name is Phos
protocols.motifs.Motif: atom3 name is OOC
protocols.motifs.Motif: Res1 name is LYS
protocols.motifs.Motif: atom1 name is OOC
protocols.motifs.Motif: atom2 name is Phos
protocols.motifs.Motif: atom3 name is OOC
core.pack.task: Packer task: initialize from command line() 
core.pack.task: Packer task: initialize from command line() 
core.pack.task: Packer task: initialize from command line() 
protocols.moves.MonteCarlo: MonteCarlo:: last_accepted_score,lowest_score: -1103.99 -1104.07
protocols.motifs.Motif: Res1 name is LEU
protocols.motifs.Motif: atom1 name is aroC
protocols.motifs.Motif: atom2 name is aroC
protocols.motifs.Motif: atom3 name is Nhis
protocols.motifs.Motif: Res1 name is ARG
protocols.motifs.Motif: atom1 name is OOC
protocols.motifs.Motif: atom2 name is Phos
protocols.motifs.Motif: atom3 name is OOC
protocols.motifs.Motif: Res1 name is LYS
protocols.motifs.Motif: atom1 name is OOC
protocols.motifs.Motif: atom2 name is Phos
protocols.motifs.Motif: atom3 name is OOC
protocols.motifs.Motif: Res1 name is GLN
protocols.motifs.Motif: atom1 name is OOC
protocols.motifs.Motif: atom2 name is Phos
protocols.motifs.Motif: atom3 name is OOC
protocols.motifs.Motif: Res1 name is LYS
protocols.motifs.Motif: atom1 name is OOC
protocols.motifs.Motif: atom2 name is Phos
protocols.motifs.Motif: atom3 name is OOC
core.pack.task: Packer task: initialize from command line() 
core.pack.task: Packer task: initialize from command line() 
core.pack.task: Packer task: initialize from command line() 
protocols.moves.MonteCarlo: MonteCarlo:: last_accepted_score,lowest_score: -1104.28 -1104.81
protocols.motifs.Motif: Res1 name is LEU
protocols.motifs.Motif: atom1 name is Nhis
protocols.motifs.Motif: atom2 name is aroC
protocols.motifs.Motif: atom3 name is Nhis
protocols.motifs.Motif: Res1 name is LYS
protocols.motifs.Motif: atom1 name is OOC
protocols.motifs.Motif: atom2 name is Phos
protocols.motifs.Motif: atom3 name is OOC
protocols.motifs.Motif: Res1 name is GLN
protocols.motifs.Motif: atom1 name is OOC
protocols.motifs.Motif: atom2 name is Phos
protocols.motifs.Motif: atom3 name is OOC
protocols.motifs.Motif: Res1 name is LYS
protocols.motifs.Motif: atom1 name is OOC
protocols.motifs.Motif: atom2 name is Phos
protocols.motifs.Motif: atom3 name is OOC
core.pack.task: Packer task: initialize from command line() 
core.pack.task: Packer task: initialize from command line() 
core.pack.task: Packer task: initialize from command line() 
protocols.moves.MonteCarlo: MonteCarlo:: last_accepted_score,lowest_score: -1104.39 -1104.39
protocols.motifs.Motif: Res1 name is ARG
protocols.motifs.Motif: atom1 name is OOC
protocols.motifs.Motif: atom2 name is Phos
protocols.motifs.Motif: atom3 name is OOC
protocols.motifs.Motif: Res1 name is GLN
protocols.motifs.Motif: atom1 name is OOC
protocols.motifs.Motif: atom2 name is Phos
protocols.motifs.Motif: atom3 name is OOC
protocols.motifs.Motif: Res1 name is LEU
protocols.motifs.Motif: atom1 name is OOC
protocols.motifs.Motif: atom2 name is Phos
protocols.motifs.Motif: atom3 name is OOC
protocols.motifs.Motif: Res1 name is ARG
protocols.motifs.Motif: atom1 name is OOC
protocols.motifs.Motif: atom2 name is Phos
protocols.motifs.Motif: atom3 name is OOC
protocols.motifs.Motif: Res1 name is LYS
protocols.motifs.Motif: atom1 name is Nhis
protocols.motifs.Motif: atom2 name is aroC
protocols.motifs.Motif: atom3 name is Nhis
protocols.motifs.Motif: Res1 name is GLN
protocols.motifs.Motif: atom1 name is Nhis
protocols.motifs.Motif: atom2 name is aroC
protocols.motifs.Motif: atom3 name is Nhis
protocols.motifs.Motif: Res1 name is LYS
protocols.motifs.Motif: atom1 name is OOC
protocols.motifs.Motif: atom2 name is Phos
protocols.motifs.Motif: atom3 name is OOC
core.pack.task: Packer task: initialize from command line() 
core.pack.task: Packer task: initialize from command line() 
core.pack.task: Packer task: initialize from command line() 
protocols.moves.MonteCarlo: MonteCarlo:: last_accepted_score,lowest_score: -1104.47 -1105.15
protocols.motifs.Motif: Res1 name is ARG
protocols.motifs.Motif: atom1 name is OOC
protocols.motifs.Motif: atom2 name is Phos
protocols.motifs.Motif: atom3 name is OOC
protocols.motifs.Motif: Res1 name is LYS
protocols.motifs.Motif: atom1 name is Nhis
protocols.motifs.Motif: atom2 name is aroC
protocols.motifs.Motif: atom3 name is Nhis
protocols.motifs.Motif: Res1 name is GLN
protocols.motifs.Motif: atom1 name is OH
protocols.motifs.Motif: atom2 name is COO
protocols.motifs.Motif: atom3 name is Phos
protocols.motifs.Motif: Res1 name is LYS
protocols.motifs.Motif: atom1 name is OOC
protocols.motifs.Motif: atom2 name is Phos
protocols.motifs.Motif: atom3 name is OOC
core.pack.task: Packer task: initialize from command line() 
core.pack.task: Packer task: initialize from command line() 
core.pack.task: Packer task: initialize from command line() 
protocols.moves.MonteCarlo: MonteCarlo:: last_accepted_score,lowest_score: -1104.84 -1104.84
protocols.motifs.Motif: Res1 name is LEU
protocols.motifs.Motif: atom1 name is OOC
protocols.motifs.Motif: atom2 name is Phos
protocols.motifs.Motif: atom3 name is OOC
protocols.motifs.Motif: Res1 name is ARG
protocols.motifs.Motif: atom1 name is OOC
protocols.motifs.Motif: atom2 name is Phos
protocols.motifs.Motif: atom3 name is OOC
protocols.motifs.Motif: Res1 name is LYS
protocols.motifs.Motif: atom1 name is aroC
protocols.motifs.Motif: atom2 name is aroC
protocols.motifs.Motif: atom3 name is Nhis
protocols.motifs.Motif: Res1 name is PHE
protocols.motifs.Motif: atom1 name is OOC
protocols.motifs.Motif: atom2 name is Phos
protocols.motifs.Motif: atom3 name is OOC
protocols.motifs.Motif: Res1 name is GLN
protocols.motifs.Motif: atom1 name is COO
protocols.motifs.Motif: atom2 name is CH2
protocols.motifs.Motif: atom3 name is Nhis
protocols.motifs.Motif: Res1 name is LYS
protocols.motifs.Motif: atom1 name is OH
protocols.motifs.Motif: atom2 name is COO
protocols.motifs.Motif: atom3 name is Phos
core.pack.task: Packer task: initialize from command line() 
core.pack.task: Packer task: initialize from command line() 
core.pack.task: Packer task: initialize from command line() 
protocols.moves.MonteCarlo: MonteCarlo:: last_accepted_score,lowest_score: -1104.28 -1104.63
protocols.motifs.Motif: Res1 name is ARG
protocols.motifs.Motif: atom1 name is OH
protocols.motifs.Motif: atom2 name is COO
protocols.motifs.Motif: atom3 name is Phos
protocols.motifs.Motif: Res1 name is GLN
protocols.motifs.Motif: atom1 name is aroC
protocols.motifs.Motif: atom2 name is aroC
protocols.motifs.Motif: atom3 name is Nhis
protocols.motifs.Motif: Res1 name is LYS
protocols.motifs.Motif: atom1 name is OOC
protocols.motifs.Motif: atom2 name is Phos
protocols.motifs.Motif: atom3 name is OOC
core.pack.task: Packer task: initialize from command line() 
core.pack.task: Packer task: initialize from command line() 
core.pack.task: Packer task: initialize from command line() 
protocols.moves.MonteCarlo: MonteCarlo:: last_accepted_score,lowest_score: -1104.06 -1104.32
protocols.motifs.Motif: Res1 name is LEU
protocols.motifs.Motif: atom1 name is Nhis
protocols.motifs.Motif: atom2 name is aroC
protocols.motifs.Motif: atom3 name is Nhis
protocols.motifs.Motif: Res1 name is ARG
protocols.motifs.Motif: atom1 name is OOC
protocols.motifs.Motif: atom2 name is Phos
protocols.motifs.Motif: atom3 name is OOC
protocols.motifs.Motif: Res1 name is LYS
protocols.motifs.Motif: atom1 name is aroC
protocols.motifs.Motif: atom2 name is aroC
protocols.motifs.Motif: atom3 name is Nhis
protocols.motifs.Motif: Res1 name is TYR
protocols.motifs.Motif: atom1 name is Nhis
protocols.motifs.Motif: atom2 name is aroC
protocols.motifs.Motif: atom3 name is Nhis
protocols.motifs.Motif: Res1 name is GLN
protocols.motifs.Motif: atom1 name is aroC
protocols.motifs.Motif: atom2 name is Nhis
protocols.motifs.Motif: atom3 name is CH2
protocols.motifs.Motif: Res1 name is LYS
protocols.motifs.Motif: atom1 name is OOC
protocols.motifs.Motif: atom2 name is Phos
protocols.motifs.Motif: atom3 name is OOC
core.pack.task: Packer task: initialize from command line() 
core.pack.task: Packer task: initialize from command line() 
core.pack.task: Packer task: initialize from command line() 
protocols.moves.MonteCarlo: MonteCarlo:: last_accepted_score,lowest_score: -1105.15 -1105.22
protocols.motifs.Motif: Res1 name is LEU
protocols.motifs.Motif: atom1 name is OOC
protocols.motifs.Motif: atom2 name is Phos
protocols.motifs.Motif: atom3 name is OOC
protocols.motifs.Motif: Res1 name is ARG
protocols.motifs.Motif: atom1 name is OOC
protocols.motifs.Motif: atom2 name is Phos
protocols.motifs.Motif: atom3 name is OOC
protocols.motifs.Motif: Res1 name is LYS
protocols.motifs.Motif: atom1 name is OOC
protocols.motifs.Motif: atom2 name is Phos
protocols.motifs.Motif: atom3 name is OOC
protocols.motifs.Motif: Res1 name is GLN
protocols.motifs.Motif: atom1 name is OOC
protocols.motifs.Motif: atom2 name is Phos
protocols.motifs.Motif: atom3 name is OOC
protocols.motifs.Motif: Res1 name is LYS
protocols.motifs.Motif: atom1 name is OOC
protocols.motifs.Motif: atom2 name is Phos
protocols.motifs.Motif: atom3 name is OOC
core.pack.task: Packer task: initialize from command line() 
core.pack.task: Packer task: initialize from command line() 
core.pack.task: Packer task: initialize from command line() 
protocols.moves.MonteCarlo: MonteCarlo:: last_accepted_score,lowest_score: -1104.26 -1104.36
protocols.motifs.Motif: Res1 name is ARG
protocols.motifs.Motif: atom1 name is OOC
protocols.motifs.Motif: atom2 name is Phos
protocols.motifs.Motif: atom3 name is OOC
protocols.motifs.Motif: Res1 name is GLN
protocols.motifs.Motif: atom1 name is OOC
protocols.motifs.Motif: atom2 name is Phos
protocols.motifs.Motif: atom3 name is OOC
core.pack.task: Packer task: initialize from command line() 
core.pack.task: Packer task: initialize from command line() 
core.pack.task: Packer task: initialize from command line() 
protocols.moves.MonteCarlo: MonteCarlo:: last_accepted_score,lowest_score: -1105.48 -1106.55
protocols.motifs.Motif: Res1 name is ARG
protocols.motifs.Motif: atom1 name is OOC
protocols.motifs.Motif: atom2 name is Phos
protocols.motifs.Motif: atom3 name is OOC
protocols.motifs.Motif: Res1 name is GLN
protocols.motifs.Motif: atom1 name is OOC
protocols.motifs.Motif: atom2 name is Phos
protocols.motifs.Motif: atom3 name is OOC
protocols.motifs.Motif: Res1 name is ARG
protocols.motifs.Motif: atom1 name is aroC
protocols.motifs.Motif: atom2 name is Nhis
protocols.motifs.Motif: atom3 name is CH2
protocols.motifs.Motif: Res1 name is THR
protocols.motifs.Motif: atom1 name is OOC
protocols.motifs.Motif: atom2 name is Phos
protocols.motifs.Motif: atom3 name is OOC
protocols.motifs.Motif: Res1 name is TYR
protocols.motifs.Motif: atom1 name is OOC
protocols.motifs.Motif: atom2 name is Phos
protocols.motifs.Motif: atom3 name is OOC
protocols.motifs.Motif: Res1 name is PHE
protocols.motifs.Motif: atom1 name is OOC
protocols.motifs.Motif: atom2 name is Phos
protocols.motifs.Motif: atom3 name is OOC
protocols.motifs.Motif: Res1 name is GLN
protocols.motifs.Motif: atom1 name is OH
protocols.motifs.Motif: atom2 name is COO
protocols.motifs.Motif: atom3 name is Phos
protocols.motifs.Motif: Res1 name is LYS
protocols.motifs.Motif: atom1 name is OOC
protocols.motifs.Motif: atom2 name is Phos
protocols.motifs.Motif: atom3 name is OOC
core.pack.task: Packer task: initialize from command line() 
core.pack.task: Packer task: initialize from command line() 
core.pack.task: Packer task: initialize from command line() 
protocols.moves.MonteCarlo: MonteCarlo:: last_accepted_score,lowest_score: -1106.37 -1106.37
protocols.motifs.Motif: Res1 name is GLN
protocols.motifs.Motif: atom1 name is OOC
protocols.motifs.Motif: atom2 name is Phos
protocols.motifs.Motif: atom3 name is OOC
protocols.motifs.Motif: Res1 name is LEU
protocols.motifs.Motif: atom1 name is OOC
protocols.motifs.Motif: atom2 name is Phos
protocols.motifs.Motif: atom3 name is OOC
protocols.motifs.Motif: Res1 name is ARG
protocols.motifs.Motif: atom1 name is OOC
protocols.motifs.Motif: atom2 name is Phos
protocols.motifs.Motif: atom3 name is OOC
protocols.motifs.Motif: Res1 name is GLN
protocols.motifs.Motif: atom1 name is aroC
protocols.motifs.Motif: atom2 name is aroC
protocols.motifs.Motif: atom3 name is Nhis
protocols.motifs.Motif: Res1 name is LYS
protocols.motifs.Motif: atom1 name is Nhis
protocols.motifs.Motif: atom2 name is aroC
protocols.motifs.Motif: atom3 name is Nhis
protocols.motifs.Motif: Res1 name is LYS
protocols.motifs.Motif: atom1 name is OOC
protocols.motifs.Motif: atom2 name is Phos
protocols.motifs.Motif: atom3 name is OOC
core.pack.task: Packer task: initialize from command line() 
core.pack.task: Packer task: initialize from command line() 
core.pack.task: Packer task: initialize from command line() 
protocols.moves.MonteCarlo: MonteCarlo:: last_accepted_score,lowest_score: -1104.4 -1105.7
protocols.motifs.Motif: Res1 name is LEU
protocols.motifs.Motif: atom1 name is OOC
protocols.motifs.Motif: atom2 name is Phos
protocols.motifs.Motif: atom3 name is OOC
protocols.motifs.Motif: Res1 name is ARG
protocols.motifs.Motif: atom1 name is OOC
protocols.motifs.Motif: atom2 name is Phos
protocols.motifs.Motif: atom3 name is OOC
protocols.motifs.Motif: Res1 name is GLN
protocols.motifs.Motif: atom1 name is Nhis
protocols.motifs.Motif: atom2 name is aroC
protocols.motifs.Motif: atom3 name is Nhis
protocols.motifs.Motif: Res1 name is LYS
protocols.motifs.Motif: atom1 name is OOC
protocols.motifs.Motif: atom2 name is Phos
protocols.motifs.Motif: atom3 name is OOC
protocols.motifs.Motif: Res1 name is ASP
protocols.motifs.Motif: atom1 name is aroC
protocols.motifs.Motif: atom2 name is aroC
protocols.motifs.Motif: atom3 name is Nhis
core.pack.task: Packer task: initialize from command line() 
core.pack.task: Packer task: initialize from command line() 
core.pack.task: Packer task: initialize from command line() 
protocols.moves.MonteCarlo: MonteCarlo:: last_accepted_score,lowest_score: -1105.58 -1105.65
protocols.motifs.Motif: Res1 name is LEU
protocols.motifs.Motif: atom1 name is OOC
protocols.motifs.Motif: atom2 name is Phos
protocols.motifs.Motif: atom3 name is OOC
protocols.motifs.Motif: Res1 name is ARG
protocols.motifs.Motif: atom1 name is OOC
protocols.motifs.Motif: atom2 name is Phos
protocols.motifs.Motif: atom3 name is OOC
protocols.motifs.Motif: Res1 name is THR
protocols.motifs.Motif: atom1 name is OOC
protocols.motifs.Motif: atom2 name is Phos
protocols.motifs.Motif: atom3 name is OOC
protocols.motifs.Motif: Res1 name is TYR
protocols.motifs.Motif: atom1 name is OOC
protocols.motifs.Motif: atom2 name is Phos
protocols.motifs.Motif: atom3 name is OOC
protocols.motifs.Motif: Res1 name is GLN
protocols.motifs.Motif: atom1 name is OH
protocols.motifs.Motif: atom2 name is COO
protocols.motifs.Motif: atom3 name is Phos
protocols.motifs.Motif: Res1 name is LYS
protocols.motifs.Motif: atom1 name is OOC
protocols.motifs.Motif: atom2 name is Phos
protocols.motifs.Motif: atom3 name is OOC
core.pack.task: Packer task: initialize from command line() 
core.pack.task: Packer task: initialize from command line() 
core.pack.task: Packer task: initialize from command line() 
protocols.moves.MonteCarlo: MonteCarlo:: last_accepted_score,lowest_score: -1104.05 -1104.05
protocols.motifs.Motif: Res1 name is LEU
protocols.motifs.Motif: atom1 name is aroC
protocols.motifs.Motif: atom2 name is aroC
protocols.motifs.Motif: atom3 name is Nhis
protocols.motifs.Motif: Res1 name is ARG
protocols.motifs.Motif: atom1 name is OOC
protocols.motifs.Motif: atom2 name is Phos
protocols.motifs.Motif: atom3 name is OOC
protocols.motifs.Motif: Res1 name is LYS
protocols.motifs.Motif: atom1 name is OOC
protocols.motifs.Motif: atom2 name is Phos
protocols.motifs.Motif: atom3 name is OOC
protocols.motifs.Motif: Res1 name is GLN
protocols.motifs.Motif: atom1 name is OOC
protocols.motifs.Motif: atom2 name is Phos
protocols.motifs.Motif: atom3 name is OOC
protocols.motifs.Motif: Res1 name is LYS
protocols.motifs.Motif: atom1 name is OOC
protocols.motifs.Motif: atom2 name is Phos
protocols.motifs.Motif: atom3 name is OOC
core.pack.task: Packer task: initialize from command line() 
core.pack.task: Packer task: initialize from command line() 
core.pack.task: Packer task: initialize from command line() 
protocols.moves.MonteCarlo: MonteCarlo:: last_accepted_score,lowest_score: -1106.16 -1106.97
protocols.motifs.Motif: Res1 name is LEU
protocols.motifs.Motif: atom1 name is OOC
protocols.motifs.Motif: atom2 name is Phos
protocols.motifs.Motif: atom3 name is OOC
protocols.motifs.Motif: Res1 name is ARG
protocols.motifs.Motif: atom1 name is OOC
protocols.motifs.Motif: atom2 name is Phos
protocols.motifs.Motif: atom3 name is OOC
protocols.motifs.Motif: Res1 name is LYS
protocols.motifs.Motif: atom1 name is Nhis
protocols.motifs.Motif: atom2 name is aroC
protocols.motifs.Motif: atom3 name is Nhis
protocols.motifs.Motif: Res1 name is THR
protocols.motifs.Motif: atom1 name is aroC
protocols.motifs.Motif: atom2 name is Nhis
protocols.motifs.Motif: atom3 name is CH2
protocols.motifs.Motif: Res1 name is GLN
protocols.motifs.Motif: atom1 name is OH
protocols.motifs.Motif: atom2 name is COO
protocols.motifs.Motif: atom3 name is Phos
protocols.motifs.Motif: Res1 name is LYS
protocols.motifs.Motif: atom1 name is OOC
protocols.motifs.Motif: atom2 name is Phos
protocols.motifs.Motif: atom3 name is OOC
core.pack.task: Packer task: initialize from command line() 
core.pack.task: Packer task: initialize from command line() 
core.pack.task: Packer task: initialize from command line() 
protocols.moves.MonteCarlo: MonteCarlo:: last_accepted_score,lowest_score: -1104.33 -1104.72
protocols.motifs.Motif: Res1 name is LEU
protocols.motifs.Motif: atom1 name is OOC
protocols.motifs.Motif: atom2 name is Phos
protocols.motifs.Motif: atom3 name is OOC
protocols.motifs.Motif: Res1 name is ARG
protocols.motifs.Motif: atom1 name is OOC
protocols.motifs.Motif: atom2 name is Phos
protocols.motifs.Motif: atom3 name is OOC
protocols.motifs.Motif: Res1 name is LYS
protocols.motifs.Motif: atom1 name is Nhis
protocols.motifs.Motif: atom2 name is aroC
protocols.motifs.Motif: atom3 name is Nhis
protocols.motifs.Motif: Res1 name is GLN
protocols.motifs.Motif: atom1 name is OH
protocols.motifs.Motif: atom2 name is COO
protocols.motifs.Motif: atom3 name is Phos
protocols.motifs.Motif: Res1 name is LYS
protocols.motifs.Motif: atom1 name is OOC
protocols.motifs.Motif: atom2 name is Phos
protocols.motifs.Motif: atom3 name is OOC
core.pack.task: Packer task: initialize from command line() 
core.pack.task: Packer task: initialize from command line() 
core.pack.task: Packer task: initialize from command line() 
protocols.moves.MonteCarlo: MonteCarlo:: last_accepted_score,lowest_score: -1104.07 -1104.39
protocols.motifs.Motif: Res1 name is ARG
protocols.motifs.Motif: atom1 name is OOC
protocols.motifs.Motif: atom2 name is Phos
protocols.motifs.Motif: atom3 name is OOC
protocols.motifs.Motif: Res1 name is GLN
protocols.motifs.Motif: atom1 name is OOC
protocols.motifs.Motif: atom2 name is Phos
protocols.motifs.Motif: atom3 name is OOC
protocols.motifs.Motif: Res1 name is LYS
protocols.motifs.Motif: atom1 name is OOC
protocols.motifs.Motif: atom2 name is Phos
protocols.motifs.Motif: atom3 name is OOC
core.pack.task: Packer task: initialize from command line() 
core.pack.task: Packer task: initialize from command line() 
core.pack.task: Packer task: initialize from command line() 
protocols.moves.MonteCarlo: MonteCarlo:: last_accepted_score,lowest_score: -1104.68 -1105.77
protocols.motifs.Motif: Res1 name is ARG
protocols.motifs.Motif: atom1 name is OOC
protocols.motifs.Motif: atom2 name is Phos
protocols.motifs.Motif: atom3 name is OOC
protocols.motifs.Motif: Res1 name is GLN
protocols.motifs.Motif: atom1 name is OH
protocols.motifs.Motif: atom2 name is COO
protocols.motifs.Motif: atom3 name is Phos
protocols.motifs.Motif: Res1 name is LYS
protocols.motifs.Motif: atom1 name is OOC
protocols.motifs.Motif: atom2 name is Phos
protocols.motifs.Motif: atom3 name is OOC
core.pack.task: Packer task: initialize from command line() 
core.pack.task: Packer task: initialize from command line() 
core.pack.task: Packer task: initialize from command line() 
protocols.moves.MonteCarlo: MonteCarlo:: last_accepted_score,lowest_score: -1104.53 -1105.28
protocols.motifs.Motif: Res1 name is ARG
protocols.motifs.Motif: atom1 name is OOC
protocols.motifs.Motif: atom2 name is Phos
protocols.motifs.Motif: atom3 name is OOC
protocols.motifs.Motif: Res1 name is LYS
protocols.motifs.Motif: atom1 name is aroC
protocols.motifs.Motif: atom2 name is aroC
protocols.motifs.Motif: atom3 name is Nhis
protocols.motifs.Motif: Res1 name is GLN
protocols.motifs.Motif: atom1 name is Nhis
protocols.motifs.Motif: atom2 name is aroC
protocols.motifs.Motif: atom3 name is Nhis
protocols.motifs.Motif: Res1 name is LYS
protocols.motifs.Motif: atom1 name is OOC
protocols.motifs.Motif: atom2 name is Phos
protocols.motifs.Motif: atom3 name is OOC
core.pack.task: Packer task: initialize from command line() 
core.pack.task: Packer task: initialize from command line() 
core.pack.task: Packer task: initialize from command line() 
protocols.moves.MonteCarlo: MonteCarlo:: last_accepted_score,lowest_score: -1104.51 -1105.13
protocols.motifs.Motif: Res1 name is LEU
protocols.motifs.Motif: atom1 name is OH
protocols.motifs.Motif: atom2 name is COO
protocols.motifs.Motif: atom3 name is Phos
protocols.motifs.Motif: Res1 name is ARG
protocols.motifs.Motif: atom1 name is OH
protocols.motifs.Motif: atom2 name is COO
protocols.motifs.Motif: atom3 name is Phos
protocols.motifs.Motif: Res1 name is THR
protocols.motifs.Motif: atom1 name is aroC
protocols.motifs.Motif: atom2 name is Nhis
protocols.motifs.Motif: atom3 name is CH2
protocols.motifs.Motif: Res1 name is TYR
protocols.motifs.Motif: atom1 name is aroC
protocols.motifs.Motif: atom2 name is aroC
protocols.motifs.Motif: atom3 name is Nhis
protocols.motifs.Motif: Res1 name is GLN
protocols.motifs.Motif: atom1 name is OOC
protocols.motifs.Motif: atom2 name is Phos
protocols.motifs.Motif: atom3 name is OOC
protocols.motifs.Motif: Res1 name is LYS
protocols.motifs.Motif: atom1 name is OOC
protocols.motifs.Motif: atom2 name is Phos
protocols.motifs.Motif: atom3 name is OOC
core.pack.task: Packer task: initialize from command line() 
core.pack.task: Packer task: initialize from command line() 
core.pack.task: Packer task: initialize from command line() 
protocols.moves.MonteCarlo: MonteCarlo:: last_accepted_score,lowest_score: -1106.26 -1106.42
protocols.motifs.Motif: Res1 name is LEU
protocols.motifs.Motif: atom1 name is OOC
protocols.motifs.Motif: atom2 name is Phos
protocols.motifs.Motif: atom3 name is OOC
protocols.motifs.Motif: Res1 name is ARG
protocols.motifs.Motif: atom1 name is OOC
protocols.motifs.Motif: atom2 name is Phos
protocols.motifs.Motif: atom3 name is OOC
protocols.motifs.Motif: Res1 name is GLN
protocols.motifs.Motif: atom1 name is Nhis
protocols.motifs.Motif: atom2 name is aroC
protocols.motifs.Motif: atom3 name is Nhis
protocols.motifs.Motif: Res1 name is LYS
protocols.motifs.Motif: atom1 name is OH
protocols.motifs.Motif: atom2 name is COO
protocols.motifs.Motif: atom3 name is Phos
protocols.motifs.Motif: Res1 name is ASP
protocols.motifs.Motif: atom1 name is aroC
protocols.motifs.Motif: atom2 name is aroC
protocols.motifs.Motif: atom3 name is Nhis
core.pack.task: Packer task: initialize from command line() 
core.pack.task: Packer task: initialize from command line() 
core.pack.task: Packer task: initialize from command line() 
protocols.moves.MonteCarlo: MonteCarlo:: last_accepted_score,lowest_score: -1105.87 -1105.87
protocols.motifs.Motif: Res1 name is THR
protocols.motifs.Motif: atom1 name is aroC
protocols.motifs.Motif: atom2 name is Nhis
protocols.motifs.Motif: atom3 name is CH2
protocols.motifs.Motif: Res1 name is TYR
protocols.motifs.Motif: atom1 name is Nhis
protocols.motifs.Motif: atom2 name is aroC
protocols.motifs.Motif: atom3 name is Nhis
protocols.motifs.Motif: Res1 name is GLN
protocols.motifs.Motif: atom1 name is OOC
protocols.motifs.Motif: atom2 name is Phos
protocols.motifs.Motif: atom3 name is OOC
protocols.motifs.Motif: Res1 name is LYS
protocols.motifs.Motif: atom1 name is OOC
protocols.motifs.Motif: atom2 name is Phos
protocols.motifs.Motif: atom3 name is OOC
core.pack.task: Packer task: initialize from command line() 
core.pack.task: Packer task: initialize from command line() 
core.pack.task: Packer task: initialize from command line() 
protocols.moves.MonteCarlo: MonteCarlo:: last_accepted_score,lowest_score: -1105.74 -1105.98
protocols.motifs.Motif: Res1 name is LEU
protocols.motifs.Motif: atom1 name is OOC
protocols.motifs.Motif: atom2 name is Phos
protocols.motifs.Motif: atom3 name is OOC
protocols.motifs.Motif: Res1 name is ARG
protocols.motifs.Motif: atom1 name is OOC
protocols.motifs.Motif: atom2 name is Phos
protocols.motifs.Motif: atom3 name is OOC
protocols.motifs.Motif: Res1 name is GLN
protocols.motifs.Motif: atom1 name is OOC
protocols.motifs.Motif: atom2 name is Phos
protocols.motifs.Motif: atom3 name is OOC
protocols.motifs.Motif: Res1 name is LYS
protocols.motifs.Motif: atom1 name is OOC
protocols.motifs.Motif: atom2 name is Phos
protocols.motifs.Motif: atom3 name is OOC
core.pack.task: Packer task: initialize from command line() 
core.pack.task: Packer task: initialize from command line() 
core.pack.task: Packer task: initialize from command line() 
protocols.moves.MonteCarlo: MonteCarlo:: last_accepted_score,lowest_score: -1103.58 -1104.23
protocols.motifs.Motif: Res1 name is LEU
protocols.motifs.Motif: atom1 name is OOC
protocols.motifs.Motif: atom2 name is Phos
protocols.motifs.Motif: atom3 name is OOC
protocols.motifs.Motif: Res1 name is ARG
protocols.motifs.Motif: atom1 name is OOC
protocols.motifs.Motif: atom2 name is Phos
protocols.motifs.Motif: atom3 name is OOC
protocols.motifs.Motif: Res1 name is LYS
protocols.motifs.Motif: atom1 name is Nhis
protocols.motifs.Motif: atom2 name is aroC
protocols.motifs.Motif: atom3 name is Nhis
protocols.motifs.Motif: Res1 name is GLN
protocols.motifs.Motif: atom1 name is OH
protocols.motifs.Motif: atom2 name is COO
protocols.motifs.Motif: atom3 name is Phos
protocols.motifs.Motif: Res1 name is LYS
protocols.motifs.Motif: atom1 name is OOC
protocols.motifs.Motif: atom2 name is Phos
protocols.motifs.Motif: atom3 name is OOC
core.pack.task: Packer task: initialize from command line() 
core.pack.task: Packer task: initialize from command line() 
core.pack.task: Packer task: initialize from command line() 
protocols.moves.MonteCarlo: MonteCarlo:: last_accepted_score,lowest_score: -1107.21 -1107.33
protocols.motifs.Motif: Res1 name is GLN
protocols.motifs.Motif: atom1 name is OOC
protocols.motifs.Motif: atom2 name is Phos
protocols.motifs.Motif: atom3 name is OOC
protocols.motifs.Motif: Res1 name is LEU
protocols.motifs.Motif: atom1 name is OOC
protocols.motifs.Motif: atom2 name is Phos
protocols.motifs.Motif: atom3 name is OOC
protocols.motifs.Motif: Res1 name is ARG
protocols.motifs.Motif: atom1 name is OOC
protocols.motifs.Motif: atom2 name is Phos
protocols.motifs.Motif: atom3 name is OOC
protocols.motifs.Motif: Res1 name is LYS
protocols.motifs.Motif: atom1 name is aroC
protocols.motifs.Motif: atom2 name is aroC
protocols.motifs.Motif: atom3 name is Nhis
protocols.motifs.Motif: Res1 name is THR
protocols.motifs.Motif: atom1 name is Nhis
protocols.motifs.Motif: atom2 name is aroC
protocols.motifs.Motif: atom3 name is Nhis
protocols.motifs.Motif: Res1 name is TYR
protocols.motifs.Motif: atom1 name is aroC
protocols.motifs.Motif: atom2 name is Nhis
protocols.motifs.Motif: atom3 name is CH2
protocols.motifs.Motif: Res1 name is GLN
protocols.motifs.Motif: atom1 name is Nhis
protocols.motifs.Motif: atom2 name is aroC
protocols.motifs.Motif: atom3 name is Nhis
protocols.motifs.Motif: Res1 name is LYS
protocols.motifs.Motif: atom1 name is OOC
protocols.motifs.Motif: atom2 name is Phos
protocols.motifs.Motif: atom3 name is OOC
core.pack.task: Packer task: initialize from command line() 
core.pack.task: Packer task: initialize from command line() 
core.pack.task: Packer task: initialize from command line() 
protocols.moves.MonteCarlo: MonteCarlo:: last_accepted_score,lowest_score: -1104.22 -1104.4
protocols.motifs.Motif: Res1 name is LEU
protocols.motifs.Motif: atom1 name is COO
protocols.motifs.Motif: atom2 name is CH2
protocols.motifs.Motif: atom3 name is Nhis
protocols.motifs.Motif: Res1 name is ARG
protocols.motifs.Motif: atom1 name is OOC
protocols.motifs.Motif: atom2 name is Phos
protocols.motifs.Motif: atom3 name is OOC
protocols.motifs.Motif: Res1 name is LYS
protocols.motifs.Motif: atom1 name is OOC
protocols.motifs.Motif: atom2 name is Phos
protocols.motifs.Motif: atom3 name is OOC
core.pack.task: Packer task: initialize from command line() 
core.pack.task: Packer task: initialize from command line() 
core.pack.task: Packer task: initialize from command line() 
protocols.moves.MonteCarlo: MonteCarlo:: last_accepted_score,lowest_score: -1104.86 -1104.86
protocols.motifs.Motif: Res1 name is LEU
protocols.motifs.Motif: atom1 name is OOC
protocols.motifs.Motif: atom2 name is Phos
protocols.motifs.Motif: atom3 name is OOC
protocols.motifs.Motif: Res1 name is TYR
protocols.motifs.Motif: atom1 name is OOC
protocols.motifs.Motif: atom2 name is Phos
protocols.motifs.Motif: atom3 name is OOC
protocols.motifs.Motif: Res1 name is PHE
protocols.motifs.Motif: atom1 name is aroC
protocols.motifs.Motif: atom2 name is aroC
protocols.motifs.Motif: atom3 name is Nhis
protocols.motifs.Motif: Res1 name is GLN
protocols.motifs.Motif: atom1 name is aroC
protocols.motifs.Motif: atom2 name is Nhis
protocols.motifs.Motif: atom3 name is CH2
protocols.motifs.Motif: Res1 name is LYS
protocols.motifs.Motif: atom1 name is Nhis
protocols.motifs.Motif: atom2 name is aroC
protocols.motifs.Motif: atom3 name is Nhis
core.pack.task: Packer task: initialize from command line() 
core.pack.task: Packer task: initialize from command line() 
core.pack.task: Packer task: initialize from command line() 
protocols.moves.MonteCarlo: MonteCarlo:: last_accepted_score,lowest_score: -1103.96 -1103.96
protocols.motifs.Motif: Res1 name is ARG
protocols.motifs.Motif: atom1 name is OOC
protocols.motifs.Motif: atom2 name is Phos
protocols.motifs.Motif: atom3 name is OOC
protocols.motifs.Motif: Res1 name is GLN
protocols.motifs.Motif: atom1 name is OOC
protocols.motifs.Motif: atom2 name is Phos
protocols.motifs.Motif: atom3 name is OOC
protocols.motifs.Motif: Res1 name is LYS
protocols.motifs.Motif: atom1 name is OOC
protocols.motifs.Motif: atom2 name is Phos
protocols.motifs.Motif: atom3 name is OOC
core.pack.task: Packer task: initialize from command line() 
core.pack.task: Packer task: initialize from command line() 
core.pack.task: Packer task: initialize from command line() 
protocols.moves.MonteCarlo: MonteCarlo:: last_accepted_score,lowest_score: -1104.79 -1104.79
protocols.motifs.Motif: Res1 name is LEU
protocols.motifs.Motif: atom1 name is OOC
protocols.motifs.Motif: atom2 name is Phos
protocols.motifs.Motif: atom3 name is OOC
protocols.motifs.Motif: Res1 name is ARG
protocols.motifs.Motif: atom1 name is OOC
protocols.motifs.Motif: atom2 name is Phos
protocols.motifs.Motif: atom3 name is OOC
protocols.motifs.Motif: Res1 name is LYS
protocols.motifs.Motif: atom1 name is aroC
protocols.motifs.Motif: atom2 name is Nhis
protocols.motifs.Motif: atom3 name is CH2
protocols.motifs.Motif: Res1 name is PHE
protocols.motifs.Motif: atom1 name is OOC
protocols.motifs.Motif: atom2 name is Phos
protocols.motifs.Motif: atom3 name is OOC
protocols.motifs.Motif: Res1 name is GLN
protocols.motifs.Motif: atom1 name is COO
protocols.motifs.Motif: atom2 name is CH2
protocols.motifs.Motif: atom3 name is Nhis
protocols.motifs.Motif: Res1 name is LYS
protocols.motifs.Motif: atom1 name is OOC
protocols.motifs.Motif: atom2 name is Phos
protocols.motifs.Motif: atom3 name is OOC
core.pack.task: Packer task: initialize from command line() 
core.pack.task: Packer task: initialize from command line() 
core.pack.task: Packer task: initialize from command line() 
protocols.moves.MonteCarlo: MonteCarlo:: last_accepted_score,lowest_score: -1104.06 -1104.59
protocols.motifs.Motif: Res1 name is ARG
protocols.motifs.Motif: atom1 name is OOC
protocols.motifs.Motif: atom2 name is Phos
protocols.motifs.Motif: atom3 name is OOC
protocols.motifs.Motif: Res1 name is LYS
protocols.motifs.Motif: atom1 name is Nhis
protocols.motifs.Motif: atom2 name is aroC
protocols.motifs.Motif: atom3 name is Nhis
protocols.motifs.Motif: Res1 name is GLN
protocols.motifs.Motif: atom1 name is OH
protocols.motifs.Motif: atom2 name is COO
protocols.motifs.Motif: atom3 name is Phos
protocols.motifs.Motif: Res1 name is LYS
protocols.motifs.Motif: atom1 name is OOC
protocols.motifs.Motif: atom2 name is Phos
protocols.motifs.Motif: atom3 name is OOC
protocols.motifs.Motif: Res1 name is LYS
protocols.motifs.Motif: atom1 name is aroC
protocols.motifs.Motif: atom2 name is aroC
protocols.motifs.Motif: atom3 name is Nhis
core.pack.task: Packer task: initialize from command line() 
core.pack.task: Packer task: initialize from command line() 
core.pack.task: Packer task: initialize from command line() 
protocols.moves.MonteCarlo: MonteCarlo:: last_accepted_score,lowest_score: -1106.35 -1106.62
protocols.motifs.Motif: Res1 name is ARG
protocols.motifs.Motif: atom1 name is OOC
protocols.motifs.Motif: atom2 name is Phos
protocols.motifs.Motif: atom3 name is OOC
protocols.motifs.Motif: Res1 name is GLN
protocols.motifs.Motif: atom1 name is OOC
protocols.motifs.Motif: atom2 name is Phos
protocols.motifs.Motif: atom3 name is OOC
protocols.motifs.Motif: Res1 name is LEU
protocols.motifs.Motif: atom1 name is OOC
protocols.motifs.Motif: atom2 name is Phos
protocols.motifs.Motif: atom3 name is OOC
protocols.motifs.Motif: Res1 name is ARG
protocols.motifs.Motif: atom1 name is OOC
protocols.motifs.Motif: atom2 name is Phos
protocols.motifs.Motif: atom3 name is OOC
protocols.motifs.Motif: Res1 name is LYS
protocols.motifs.Motif: atom1 name is Nhis
protocols.motifs.Motif: atom2 name is aroC
protocols.motifs.Motif: atom3 name is Nhis
protocols.motifs.Motif: Res1 name is GLN
protocols.motifs.Motif: atom1 name is OH
protocols.motifs.Motif: atom2 name is COO
protocols.motifs.Motif: atom3 name is Phos
protocols.motifs.Motif: Res1 name is LYS
protocols.motifs.Motif: atom1 name is OOC
protocols.motifs.Motif: atom2 name is Phos
protocols.motifs.Motif: atom3 name is OOC
core.pack.task: Packer task: initialize from command line() 
core.pack.task: Packer task: initialize from command line() 
core.pack.task: Packer task: initialize from command line() 
protocols.moves.MonteCarlo: MonteCarlo:: last_accepted_score,lowest_score: -1106.2 -1106.69
protocols.motifs.Motif: Res1 name is LEU
protocols.motifs.Motif: atom1 name is OOC
protocols.motifs.Motif: atom2 name is Phos
protocols.motifs.Motif: atom3 name is OOC
protocols.motifs.Motif: Res1 name is ARG
protocols.motifs.Motif: atom1 name is OOC
protocols.motifs.Motif: atom2 name is Phos
protocols.motifs.Motif: atom3 name is OOC
protocols.motifs.Motif: Res1 name is THR
protocols.motifs.Motif: atom1 name is OOC
protocols.motifs.Motif: atom2 name is Phos
protocols.motifs.Motif: atom3 name is OOC
protocols.motifs.Motif: Res1 name is TYR
protocols.motifs.Motif: atom1 name is OOC
protocols.motifs.Motif: atom2 name is Phos
protocols.motifs.Motif: atom3 name is OOC
protocols.motifs.Motif: Res1 name is GLN
protocols.motifs.Motif: atom1 name is OOC
protocols.motifs.Motif: atom2 name is Phos
protocols.motifs.Motif: atom3 name is OOC
core.pack.task: Packer task: initialize from command line() 
core.pack.task: Packer task: initialize from command line() 
core.pack.task: Packer task: initialize from command line() 
protocols.moves.MonteCarlo: MonteCarlo:: last_accepted_score,lowest_score: -1105.95 -1105.95
protocols.motifs.Motif: Res1 name is LEU
protocols.motifs.Motif: atom1 name is OOC
protocols.motifs.Motif: atom2 name is Phos
protocols.motifs.Motif: atom3 name is OOC
protocols.motifs.Motif: Res1 name is ARG
protocols.motifs.Motif: atom1 name is OOC
protocols.motifs.Motif: atom2 name is Phos
protocols.motifs.Motif: atom3 name is OOC
protocols.motifs.Motif: Res1 name is LYS
protocols.motifs.Motif: atom1 name is aroC
protocols.motifs.Motif: atom2 name is aroC
protocols.motifs.Motif: atom3 name is Nhis
protocols.motifs.Motif: Res1 name is GLN
protocols.motifs.Motif: atom1 name is aroC
protocols.motifs.Motif: atom2 name is Nhis
protocols.motifs.Motif: atom3 name is CH2
protocols.motifs.Motif: Res1 name is LYS
protocols.motifs.Motif: atom1 name is OOC
protocols.motifs.Motif: atom2 name is Phos
protocols.motifs.Motif: atom3 name is OOC
core.pack.task: Packer task: initialize from command line() 
core.pack.task: Packer task: initialize from command line() 
core.pack.task: Packer task: initialize from command line() 
protocols.moves.MonteCarlo: MonteCarlo:: last_accepted_score,lowest_score: -1106.14 -1106.14
protocols.motifs.Motif: Res1 name is LEU
protocols.motifs.Motif: atom1 name is OOC
protocols.motifs.Motif: atom2 name is Phos
protocols.motifs.Motif: atom3 name is OOC
protocols.motifs.Motif: Res1 name is ARG
protocols.motifs.Motif: atom1 name is OOC
protocols.motifs.Motif: atom2 name is Phos
protocols.motifs.Motif: atom3 name is OOC
protocols.motifs.Motif: Res1 name is LYS
protocols.motifs.Motif: atom1 name is aroC
protocols.motifs.Motif: atom2 name is aroC
protocols.motifs.Motif: atom3 name is Nhis
protocols.motifs.Motif: Res1 name is PHE
protocols.motifs.Motif: atom1 name is OOC
protocols.motifs.Motif: atom2 name is Phos
protocols.motifs.Motif: atom3 name is OOC
protocols.motifs.Motif: Res1 name is GLN
protocols.motifs.Motif: atom1 name is Nhis
protocols.motifs.Motif: atom2 name is aroC
protocols.motifs.Motif: atom3 name is Nhis
protocols.motifs.Motif: Res1 name is LYS
protocols.motifs.Motif: atom1 name is OOC
protocols.motifs.Motif: atom2 name is Phos
protocols.motifs.Motif: atom3 name is OOC
core.pack.task: Packer task: initialize from command line() 
core.pack.task: Packer task: initialize from command line() 
core.pack.task: Packer task: initialize from command line() 
protocols.moves.MonteCarlo: MonteCarlo:: last_accepted_score,lowest_score: -1104.19 -1104.35
protocols.motifs.Motif: Res1 name is LEU
protocols.motifs.Motif: atom1 name is OH
protocols.motifs.Motif: atom2 name is COO
protocols.motifs.Motif: atom3 name is Phos
protocols.motifs.Motif: Res1 name is ARG
protocols.motifs.Motif: atom1 name is OH
protocols.motifs.Motif: atom2 name is COO
protocols.motifs.Motif: atom3 name is Phos
protocols.motifs.Motif: Res1 name is GLN
protocols.motifs.Motif: atom1 name is OOC
protocols.motifs.Motif: atom2 name is Phos
protocols.motifs.Motif: atom3 name is OOC
protocols.motifs.Motif: Res1 name is LYS
protocols.motifs.Motif: atom1 name is OOC
protocols.motifs.Motif: atom2 name is Phos
protocols.motifs.Motif: atom3 name is OOC
core.pack.task: Packer task: initialize from command line() 
core.pack.task: Packer task: initialize from command line() 
core.pack.task: Packer task: initialize from command line() 
protocols.moves.MonteCarlo: MonteCarlo:: last_accepted_score,lowest_score: -1051.85 -1051.85
protocols.motifs.Motif: Res1 name is LEU
protocols.motifs.Motif: atom1 name is OH
protocols.motifs.Motif: atom2 name is COO
protocols.motifs.Motif: atom3 name is Phos
protocols.motifs.Motif: Res1 name is ARG
protocols.motifs.Motif: atom1 name is OOC
protocols.motifs.Motif: atom2 name is Phos
protocols.motifs.Motif: atom3 name is OOC
protocols.motifs.Motif: Res1 name is GLN
protocols.motifs.Motif: atom1 name is OOC
protocols.motifs.Motif: atom2 name is Phos
protocols.motifs.Motif: atom3 name is OOC
protocols.motifs.Motif: Res1 name is LYS
protocols.motifs.Motif: atom1 name is aroC
protocols.motifs.Motif: atom2 name is Nhis
protocols.motifs.Motif: atom3 name is CH2
core.pack.task: Packer task: initialize from command line() 
core.pack.task: Packer task: initialize from command line() 
core.pack.task: Packer task: initialize from command line() 
protocols.moves.MonteCarlo: MonteCarlo:: last_accepted_score,lowest_score: -1105.35 -1105.53
protocols.motifs.Motif: Res1 name is LEU
protocols.motifs.Motif: atom1 name is OOC
protocols.motifs.Motif: atom2 name is Phos
protocols.motifs.Motif: atom3 name is OOC
protocols.motifs.Motif: Res1 name is ARG
protocols.motifs.Motif: atom1 name is OOC
protocols.motifs.Motif: atom2 name is Phos
protocols.motifs.Motif: atom3 name is OOC
protocols.motifs.Motif: Res1 name is PHE
protocols.motifs.Motif: atom1 name is OOC
protocols.motifs.Motif: atom2 name is Phos
protocols.motifs.Motif: atom3 name is OOC
protocols.motifs.Motif: Res1 name is GLN
protocols.motifs.Motif: atom1 name is aroC
protocols.motifs.Motif: atom2 name is Nhis
protocols.motifs.Motif: atom3 name is CH2
protocols.motifs.Motif: Res1 name is LYS
protocols.motifs.Motif: atom1 name is OH
protocols.motifs.Motif: atom2 name is COO
protocols.motifs.Motif: atom3 name is Phos
core.pack.task: Packer task: initialize from command line() 
core.pack.task: Packer task: initialize from command line() 
core.pack.task: Packer task: initialize from command line() 
protocols.moves.MonteCarlo: MonteCarlo:: last_accepted_score,lowest_score: -1105.58 -1105.58
protocols.motifs.Motif: Res1 name is LEU
protocols.motifs.Motif: atom1 name is OOC
protocols.motifs.Motif: atom2 name is Phos
protocols.motifs.Motif: atom3 name is OOC
protocols.motifs.Motif: Res1 name is ARG
protocols.motifs.Motif: atom1 name is OOC
protocols.motifs.Motif: atom2 name is Phos
protocols.motifs.Motif: atom3 name is OOC
protocols.motifs.Motif: Res1 name is GLN
protocols.motifs.Motif: atom1 name is aroC
protocols.motifs.Motif: atom2 name is aroC
protocols.motifs.Motif: atom3 name is Nhis
protocols.motifs.Motif: Res1 name is LYS
protocols.motifs.Motif: atom1 name is aroC
protocols.motifs.Motif: atom2 name is Nhis
protocols.motifs.Motif: atom3 name is CH2
protocols.motifs.Motif: Res1 name is GLN
protocols.motifs.Motif: atom1 name is OOC
protocols.motifs.Motif: atom2 name is Phos
protocols.motifs.Motif: atom3 name is OOC
protocols.motifs.Motif: Res1 name is LYS
protocols.motifs.Motif: atom1 name is OOC
protocols.motifs.Motif: atom2 name is Phos
protocols.motifs.Motif: atom3 name is OOC
core.pack.task: Packer task: initialize from command line() 
core.pack.task: Packer task: initialize from command line() 
core.pack.task: Packer task: initialize from command line() 
protocols.moves.MonteCarlo: MonteCarlo:: last_accepted_score,lowest_score: -1036.12 -1036.12
protocols.motifs.Motif: Res1 name is LEU
protocols.motifs.Motif: atom1 name is aroC
protocols.motifs.Motif: atom2 name is Nhis
protocols.motifs.Motif: atom3 name is CH2
protocols.motifs.Motif: Res1 name is ARG
protocols.motifs.Motif: atom1 name is Nhis
protocols.motifs.Motif: atom2 name is aroC
protocols.motifs.Motif: atom3 name is Nhis
protocols.motifs.Motif: Res1 name is LYS
protocols.motifs.Motif: atom1 name is OOC
protocols.motifs.Motif: atom2 name is Phos
protocols.motifs.Motif: atom3 name is OOC
protocols.motifs.Motif: Res1 name is GLN
protocols.motifs.Motif: atom1 name is OOC
protocols.motifs.Motif: atom2 name is Phos
protocols.motifs.Motif: atom3 name is OOC
protocols.motifs.Motif: Res1 name is LYS
protocols.motifs.Motif: atom1 name is OOC
protocols.motifs.Motif: atom2 name is Phos
protocols.motifs.Motif: atom3 name is OOC
core.pack.task: Packer task: initialize from command line() 
core.pack.task: Packer task: initialize from command line() 
core.pack.task: Packer task: initialize from command line() 
protocols.moves.MonteCarlo: MonteCarlo:: last_accepted_score,lowest_score: -1104.9 -1104.9
protocols.motifs.Motif: Res1 name is LEU
protocols.motifs.Motif: atom1 name is OOC
protocols.motifs.Motif: atom2 name is Phos
protocols.motifs.Motif: atom3 name is OOC
protocols.motifs.Motif: Res1 name is ARG
protocols.motifs.Motif: atom1 name is OOC
protocols.motifs.Motif: atom2 name is Phos
protocols.motifs.Motif: atom3 name is OOC
protocols.motifs.Motif: Res1 name is GLN
protocols.motifs.Motif: atom1 name is COO
protocols.motifs.Motif: atom2 name is CH2
protocols.motifs.Motif: atom3 name is Nhis
protocols.motifs.Motif: Res1 name is LYS
protocols.motifs.Motif: atom1 name is OOC
protocols.motifs.Motif: atom2 name is Phos
protocols.motifs.Motif: atom3 name is OOC
core.pack.task: Packer task: initialize from command line() 
core.pack.task: Packer task: initialize from command line() 
core.pack.task: Packer task: initialize from command line() 
protocols.moves.MonteCarlo: MonteCarlo:: last_accepted_score,lowest_score: -1106.29 -1106.29
protocols.motifs.Motif: Res1 name is LEU
protocols.motifs.Motif: atom1 name is OOC
protocols.motifs.Motif: atom2 name is Phos
protocols.motifs.Motif: atom3 name is OOC
protocols.motifs.Motif: Res1 name is ARG
protocols.motifs.Motif: atom1 name is OOC
protocols.motifs.Motif: atom2 name is Phos
protocols.motifs.Motif: atom3 name is OOC
protocols.motifs.Motif: Res1 name is TYR
protocols.motifs.Motif: atom1 name is aroC
protocols.motifs.Motif: atom2 name is aroC
protocols.motifs.Motif: atom3 name is Nhis
protocols.motifs.Motif: Res1 name is GLN
protocols.motifs.Motif: atom1 name is OOC
protocols.motifs.Motif: atom2 name is Phos
protocols.motifs.Motif: atom3 name is OOC
protocols.motifs.Motif: Res1 name is LYS
protocols.motifs.Motif: atom1 name is OOC
protocols.motifs.Motif: atom2 name is Phos
protocols.motifs.Motif: atom3 name is OOC
core.pack.task: Packer task: initialize from command line() 
core.pack.task: Packer task: initialize from command line() 
core.pack.task: Packer task: initialize from command line() 
protocols.moves.MonteCarlo: MonteCarlo:: last_accepted_score,lowest_score: -1108.56 -1108.79
protocols.motifs.Motif: Res1 name is LEU
protocols.motifs.Motif: atom1 name is OOC
protocols.motifs.Motif: atom2 name is Phos
protocols.motifs.Motif: atom3 name is OOC
protocols.motifs.Motif: Res1 name is ARG
protocols.motifs.Motif: atom1 name is OOC
protocols.motifs.Motif: atom2 name is Phos
protocols.motifs.Motif: atom3 name is OOC
protocols.motifs.Motif: Res1 name is GLN
protocols.motifs.Motif: atom1 name is Nhis
protocols.motifs.Motif: atom2 name is aroC
protocols.motifs.Motif: atom3 name is Nhis
protocols.motifs.Motif: Res1 name is LYS
protocols.motifs.Motif: atom1 name is Nhis
protocols.motifs.Motif: atom2 name is aroC
protocols.motifs.Motif: atom3 name is Nhis
protocols.motifs.Motif: Res1 name is TYR
protocols.motifs.Motif: atom1 name is COO
protocols.motifs.Motif: atom2 name is CH2
protocols.motifs.Motif: atom3 name is Nhis
protocols.motifs.Motif: Res1 name is GLN
protocols.motifs.Motif: atom1 name is OH
protocols.motifs.Motif: atom2 name is COO
protocols.motifs.Motif: atom3 name is Phos
core.pack.task: Packer task: initialize from command line() 
core.pack.task: Packer task: initialize from command line() 
core.pack.task: Packer task: initialize from command line() 
protocols.moves.MonteCarlo: MonteCarlo:: last_accepted_score,lowest_score: -1104.34 -1104.43
protocols.motifs.Motif: Res1 name is LEU
protocols.motifs.Motif: atom1 name is OOC
protocols.motifs.Motif: atom2 name is Phos
protocols.motifs.Motif: atom3 name is OOC
protocols.motifs.Motif: Res1 name is ARG
protocols.motifs.Motif: atom1 name is OOC
protocols.motifs.Motif: atom2 name is Phos
protocols.motifs.Motif: atom3 name is OOC
protocols.motifs.Motif: Res1 name is PHE
protocols.motifs.Motif: atom1 name is OOC
protocols.motifs.Motif: atom2 name is Phos
protocols.motifs.Motif: atom3 name is OOC
protocols.motifs.Motif: Res1 name is GLN
protocols.motifs.Motif: atom1 name is COO
protocols.motifs.Motif: atom2 name is CH2
protocols.motifs.Motif: atom3 name is Nhis
protocols.motifs.Motif: Res1 name is LYS
protocols.motifs.Motif: atom1 name is OOC
protocols.motifs.Motif: atom2 name is Phos
protocols.motifs.Motif: atom3 name is OOC
core.pack.task: Packer task: initialize from command line() 
core.pack.task: Packer task: initialize from command line() 
core.pack.task: Packer task: initialize from command line() 
protocols.moves.MonteCarlo: MonteCarlo:: last_accepted_score,lowest_score: -1104.11 -1104.39
protocols.motifs.Motif: Res1 name is ARG
protocols.motifs.Motif: atom1 name is OOC
protocols.motifs.Motif: atom2 name is Phos
protocols.motifs.Motif: atom3 name is OOC
protocols.motifs.Motif: Res1 name is GLN
protocols.motifs.Motif: atom1 name is OOC
protocols.motifs.Motif: atom2 name is Phos
protocols.motifs.Motif: atom3 name is OOC
protocols.motifs.Motif: Res1 name is LYS
protocols.motifs.Motif: atom1 name is OOC
protocols.motifs.Motif: atom2 name is Phos
protocols.motifs.Motif: atom3 name is OOC
core.pack.task: Packer task: initialize from command line() 
core.pack.task: Packer task: initialize from command line() 
core.pack.task: Packer task: initialize from command line() 
protocols.moves.MonteCarlo: MonteCarlo:: last_accepted_score,lowest_score: -1105.27 -1105.27
protocols.motifs.Motif: Res1 name is ARG
protocols.motifs.Motif: atom1 name is OOC
protocols.motifs.Motif: atom2 name is Phos
protocols.motifs.Motif: atom3 name is OOC
protocols.motifs.Motif: Res1 name is GLN
protocols.motifs.Motif: atom1 name is OOC
protocols.motifs.Motif: atom2 name is Phos
protocols.motifs.Motif: atom3 name is OOC
protocols.motifs.Motif: Res1 name is LYS
protocols.motifs.Motif: atom1 name is OH
protocols.motifs.Motif: atom2 name is COO
protocols.motifs.Motif: atom3 name is Phos
core.pack.task: Packer task: initialize from command line() 
core.pack.task: Packer task: initialize from command line() 
core.pack.task: Packer task: initialize from command line() 
protocols.moves.MonteCarlo: MonteCarlo:: last_accepted_score,lowest_score: -1102.92 -1102.92
protocols.motifs.Motif: Res1 name is LEU
protocols.motifs.Motif: atom1 name is Nhis
protocols.motifs.Motif: atom2 name is aroC
protocols.motifs.Motif: atom3 name is Nhis
protocols.motifs.Motif: Res1 name is ARG
protocols.motifs.Motif: atom1 name is OOC
protocols.motifs.Motif: atom2 name is Phos
protocols.motifs.Motif: atom3 name is OOC
protocols.motifs.Motif: Res1 name is THR
protocols.motifs.Motif: atom1 name is aroC
protocols.motifs.Motif: atom2 name is Nhis
protocols.motifs.Motif: atom3 name is CH2
protocols.motifs.Motif: Res1 name is TYR
protocols.motifs.Motif: atom1 name is Nhis
protocols.motifs.Motif: atom2 name is aroC
protocols.motifs.Motif: atom3 name is Nhis
protocols.motifs.Motif: Res1 name is GLN
protocols.motifs.Motif: atom1 name is aroC
protocols.motifs.Motif: atom2 name is Nhis
protocols.motifs.Motif: atom3 name is CH2
protocols.motifs.Motif: Res1 name is LYS
protocols.motifs.Motif: atom1 name is OOC
protocols.motifs.Motif: atom2 name is Phos
protocols.motifs.Motif: atom3 name is OOC
core.pack.task: Packer task: initialize from command line() 
core.pack.task: Packer task: initialize from command line() 
core.pack.task: Packer task: initialize from command line() 
protocols.moves.MonteCarlo: MonteCarlo:: last_accepted_score,lowest_score: -1104.14 -1104.57
protocols.motifs.Motif: Res1 name is LEU
protocols.motifs.Motif: atom1 name is Nhis
protocols.motifs.Motif: atom2 name is aroC
protocols.motifs.Motif: atom3 name is Nhis
protocols.motifs.Motif: Res1 name is ARG
protocols.motifs.Motif: atom1 name is Nhis
protocols.motifs.Motif: atom2 name is aroC
protocols.motifs.Motif: atom3 name is Nhis
protocols.motifs.Motif: Res1 name is LYS
protocols.motifs.Motif: atom1 name is OOC
protocols.motifs.Motif: atom2 name is Phos
protocols.motifs.Motif: atom3 name is OOC
protocols.motifs.Motif: Res1 name is GLN
protocols.motifs.Motif: atom1 name is OOC
protocols.motifs.Motif: atom2 name is Phos
protocols.motifs.Motif: atom3 name is OOC
protocols.motifs.Motif: Res1 name is LYS
protocols.motifs.Motif: atom1 name is OOC
protocols.motifs.Motif: atom2 name is Phos
protocols.motifs.Motif: atom3 name is OOC
core.pack.task: Packer task: initialize from command line() 
core.pack.task: Packer task: initialize from command line() 
core.pack.task: Packer task: initialize from command line() 
protocols.moves.MonteCarlo: MonteCarlo:: last_accepted_score,lowest_score: -1106.4 -1106.48
protocols.motifs.Motif: Res1 name is ARG
protocols.motifs.Motif: atom1 name is OOC
protocols.motifs.Motif: atom2 name is Phos
protocols.motifs.Motif: atom3 name is OOC
protocols.motifs.Motif: Res1 name is LYS
protocols.motifs.Motif: atom1 name is aroC
protocols.motifs.Motif: atom2 name is aroC
protocols.motifs.Motif: atom3 name is Nhis
protocols.motifs.Motif: Res1 name is THR
protocols.motifs.Motif: atom1 name is Nhis
protocols.motifs.Motif: atom2 name is aroC
protocols.motifs.Motif: atom3 name is Nhis
protocols.motifs.Motif: Res1 name is TYR
protocols.motifs.Motif: atom1 name is aroC
protocols.motifs.Motif: atom2 name is Nhis
protocols.motifs.Motif: atom3 name is CH2
protocols.motifs.Motif: Res1 name is GLN
protocols.motifs.Motif: atom1 name is OH
protocols.motifs.Motif: atom2 name is COO
protocols.motifs.Motif: atom3 name is Phos
protocols.motifs.Motif: Res1 name is LYS
protocols.motifs.Motif: atom1 name is OOC
protocols.motifs.Motif: atom2 name is Phos
protocols.motifs.Motif: atom3 name is OOC
core.pack.task: Packer task: initialize from command line() 
core.pack.task: Packer task: initialize from command line() 
core.pack.task: Packer task: initialize from command line() 
protocols.moves.MonteCarlo: MonteCarlo:: last_accepted_score,lowest_score: -1105.36 -1105.38
protocols.motifs.Motif: Res1 name is LEU
protocols.motifs.Motif: atom1 name is OOC
protocols.motifs.Motif: atom2 name is Phos
protocols.motifs.Motif: atom3 name is OOC
protocols.motifs.Motif: Res1 name is ARG
protocols.motifs.Motif: atom1 name is OOC
protocols.motifs.Motif: atom2 name is Phos
protocols.motifs.Motif: atom3 name is OOC
protocols.motifs.Motif: Res1 name is PHE
protocols.motifs.Motif: atom1 name is OOC
protocols.motifs.Motif: atom2 name is Phos
protocols.motifs.Motif: atom3 name is OOC
protocols.motifs.Motif: Res1 name is GLN
protocols.motifs.Motif: atom1 name is COO
protocols.motifs.Motif: atom2 name is CH2
protocols.motifs.Motif: atom3 name is Nhis
protocols.motifs.Motif: Res1 name is LYS
protocols.motifs.Motif: atom1 name is OH
protocols.motifs.Motif: atom2 name is COO
protocols.motifs.Motif: atom3 name is Phos
core.pack.task: Packer task: initialize from command line() 
core.pack.task: Packer task: initialize from command line() 
core.pack.task: Packer task: initialize from command line() 
protocols.moves.MonteCarlo: MonteCarlo:: last_accepted_score,lowest_score: -1105.55 -1105.62
protocols.motifs.Motif: Res1 name is ARG
protocols.motifs.Motif: atom1 name is OOC
protocols.motifs.Motif: atom2 name is Phos
protocols.motifs.Motif: atom3 name is OOC
protocols.motifs.Motif: Res1 name is LYS
protocols.motifs.Motif: atom1 name is aroC
protocols.motifs.Motif: atom2 name is aroC
protocols.motifs.Motif: atom3 name is Nhis
protocols.motifs.Motif: Res1 name is THR
protocols.motifs.Motif: atom1 name is aroC
protocols.motifs.Motif: atom2 name is aroC
protocols.motifs.Motif: atom3 name is Nhis
protocols.motifs.Motif: Res1 name is TYR
protocols.motifs.Motif: atom1 name is aroC
protocols.motifs.Motif: atom2 name is aroC
protocols.motifs.Motif: atom3 name is Nhis
protocols.motifs.Motif: Res1 name is GLN
protocols.motifs.Motif: atom1 name is OH
protocols.motifs.Motif: atom2 name is COO
protocols.motifs.Motif: atom3 name is Phos
protocols.motifs.Motif: Res1 name is LYS
protocols.motifs.Motif: atom1 name is OOC
protocols.motifs.Motif: atom2 name is Phos
protocols.motifs.Motif: atom3 name is OOC
core.pack.task: Packer task: initialize from command line() 
core.pack.task: Packer task: initialize from command line() 
core.pack.task: Packer task: initialize from command line() 
protocols.moves.MonteCarlo: MonteCarlo:: last_accepted_score,lowest_score: -1104.44 -1105.22
protocols.motifs.Motif: Res1 name is LEU
protocols.motifs.Motif: atom1 name is Nhis
protocols.motifs.Motif: atom2 name is aroC
protocols.motifs.Motif: atom3 name is Nhis
protocols.motifs.Motif: Res1 name is GLN
protocols.motifs.Motif: atom1 name is aroC
protocols.motifs.Motif: atom2 name is aroC
protocols.motifs.Motif: atom3 name is Nhis
protocols.motifs.Motif: Res1 name is LYS
protocols.motifs.Motif: atom1 name is OOC
protocols.motifs.Motif: atom2 name is Phos
protocols.motifs.Motif: atom3 name is OOC
protocols.motifs.Motif: Res1 name is GLN
protocols.motifs.Motif: atom1 name is OOC
protocols.motifs.Motif: atom2 name is Phos
protocols.motifs.Motif: atom3 name is OOC
protocols.motifs.Motif: Res1 name is LYS
protocols.motifs.Motif: atom1 name is OOC
protocols.motifs.Motif: atom2 name is Phos
protocols.motifs.Motif: atom3 name is OOC
core.pack.task: Packer task: initialize from command line() 
core.pack.task: Packer task: initialize from command line() 
core.pack.task: Packer task: initialize from command line() 
protocols.moves.MonteCarlo: MonteCarlo:: last_accepted_score,lowest_score: -1105.38 -1105.86
protocols.motifs.Motif: Res1 name is LEU
protocols.motifs.Motif: atom1 name is OOC
protocols.motifs.Motif: atom2 name is Phos
protocols.motifs.Motif: atom3 name is OOC
protocols.motifs.Motif: Res1 name is ARG
protocols.motifs.Motif: atom1 name is OOC
protocols.motifs.Motif: atom2 name is Phos
protocols.motifs.Motif: atom3 name is OOC
protocols.motifs.Motif: Res1 name is GLN
protocols.motifs.Motif: atom1 name is Nhis
protocols.motifs.Motif: atom2 name is aroC
protocols.motifs.Motif: atom3 name is Nhis
protocols.motifs.Motif: Res1 name is LYS
protocols.motifs.Motif: atom1 name is OOC
protocols.motifs.Motif: atom2 name is Phos
protocols.motifs.Motif: atom3 name is OOC
core.pack.task: Packer task: initialize from command line() 
core.pack.task: Packer task: initialize from command line() 
core.pack.task: Packer task: initialize from command line() 
protocols.moves.MonteCarlo: MonteCarlo:: last_accepted_score,lowest_score: -1105.02 -1105.19
protocols.motifs.Motif: Res1 name is ARG
protocols.motifs.Motif: atom1 name is OOC
protocols.motifs.Motif: atom2 name is Phos
protocols.motifs.Motif: atom3 name is OOC
protocols.motifs.Motif: Res1 name is LYS
protocols.motifs.Motif: atom1 name is Nhis
protocols.motifs.Motif: atom2 name is aroC
protocols.motifs.Motif: atom3 name is Nhis
protocols.motifs.Motif: Res1 name is GLN
protocols.motifs.Motif: atom1 name is OH
protocols.motifs.Motif: atom2 name is COO
protocols.motifs.Motif: atom3 name is Phos
protocols.motifs.Motif: Res1 name is LYS
protocols.motifs.Motif: atom1 name is OOC
protocols.motifs.Motif: atom2 name is Phos
protocols.motifs.Motif: atom3 name is OOC
core.pack.task: Packer task: initialize from command line() 
core.pack.task: Packer task: initialize from command line() 
core.pack.task: Packer task: initialize from command line() 
protocols.moves.MonteCarlo: MonteCarlo:: last_accepted_score,lowest_score: -1102.24 -1102.74
protocols.motifs.Motif: Res1 name is ARG
protocols.motifs.Motif: atom1 name is OOC
protocols.motifs.Motif: atom2 name is Phos
protocols.motifs.Motif: atom3 name is OOC
protocols.motifs.Motif: Res1 name is GLN
protocols.motifs.Motif: atom1 name is aroC
protocols.motifs.Motif: atom2 name is aroC
protocols.motifs.Motif: atom3 name is Nhis
protocols.motifs.Motif: Res1 name is LYS
protocols.motifs.Motif: atom1 name is aroC
protocols.motifs.Motif: atom2 name is aroC
protocols.motifs.Motif: atom3 name is Nhis
protocols.motifs.Motif: Res1 name is GLN
protocols.motifs.Motif: atom1 name is OOC
protocols.motifs.Motif: atom2 name is Phos
protocols.motifs.Motif: atom3 name is OOC
protocols.motifs.Motif: Res1 name is LYS
protocols.motifs.Motif: atom1 name is OOC
protocols.motifs.Motif: atom2 name is Phos
protocols.motifs.Motif: atom3 name is OOC
core.pack.task: Packer task: initialize from command line() 
core.pack.task: Packer task: initialize from command line() 
core.pack.task: Packer task: initialize from command line() 
protocols.moves.MonteCarlo: MonteCarlo:: last_accepted_score,lowest_score: -1107.38 -1107.38
protocols.motifs.Motif: Res1 name is ARG
protocols.motifs.Motif: atom1 name is OOC
protocols.motifs.Motif: atom2 name is Phos
protocols.motifs.Motif: atom3 name is OOC
protocols.motifs.Motif: Res1 name is GLN
protocols.motifs.Motif: atom1 name is OOC
protocols.motifs.Motif: atom2 name is Phos
protocols.motifs.Motif: atom3 name is OOC
protocols.motifs.Motif: Res1 name is LEU
protocols.motifs.Motif: atom1 name is OOC
protocols.motifs.Motif: atom2 name is Phos
protocols.motifs.Motif: atom3 name is OOC
protocols.motifs.Motif: Res1 name is GLN
protocols.motifs.Motif: atom1 name is aroC
protocols.motifs.Motif: atom2 name is aroC
protocols.motifs.Motif: atom3 name is Nhis
protocols.motifs.Motif: Res1 name is LYS
protocols.motifs.Motif: atom1 name is Nhis
protocols.motifs.Motif: atom2 name is aroC
protocols.motifs.Motif: atom3 name is Nhis
protocols.motifs.Motif: Res1 name is TYR
protocols.motifs.Motif: atom1 name is OOC
protocols.motifs.Motif: atom2 name is Phos
protocols.motifs.Motif: atom3 name is OOC
protocols.motifs.Motif: Res1 name is GLN
protocols.motifs.Motif: atom1 name is OH
protocols.motifs.Motif: atom2 name is COO
protocols.motifs.Motif: atom3 name is Phos
core.pack.task: Packer task: initialize from command line() 
core.pack.task: Packer task: initialize from command line() 
core.pack.task: Packer task: initialize from command line() 
protocols.moves.MonteCarlo: MonteCarlo:: last_accepted_score,lowest_score: -1100.36 -1100.36
protocols.motifs.Motif: Res1 name is LEU
protocols.motifs.Motif: atom1 name is aroC
protocols.motifs.Motif: atom2 name is aroC
protocols.motifs.Motif: atom3 name is Nhis
protocols.motifs.Motif: Res1 name is ARG
protocols.motifs.Motif: atom1 name is aroC
protocols.motifs.Motif: atom2 name is aroC
protocols.motifs.Motif: atom3 name is Nhis
protocols.motifs.Motif: Res1 name is LYS
protocols.motifs.Motif: atom1 name is OOC
protocols.motifs.Motif: atom2 name is Phos
protocols.motifs.Motif: atom3 name is OOC
protocols.motifs.Motif: Res1 name is GLN
protocols.motifs.Motif: atom1 name is OOC
protocols.motifs.Motif: atom2 name is Phos
protocols.motifs.Motif: atom3 name is OOC
core.pack.task: Packer task: initialize from command line() 
core.pack.task: Packer task: initialize from command line() 
core.pack.task: Packer task: initialize from command line() 
protocols.moves.MonteCarlo: MonteCarlo:: last_accepted_score,lowest_score: -1104.99 -1105.48
protocols.motifs.Motif: Res1 name is LEU
protocols.motifs.Motif: atom1 name is OOC
protocols.motifs.Motif: atom2 name is Phos
protocols.motifs.Motif: atom3 name is OOC
protocols.motifs.Motif: Res1 name is ARG
protocols.motifs.Motif: atom1 name is OOC
protocols.motifs.Motif: atom2 name is Phos
protocols.motifs.Motif: atom3 name is OOC
protocols.motifs.Motif: Res1 name is LYS
protocols.motifs.Motif: atom1 name is aroC
protocols.motifs.Motif: atom2 name is Nhis
protocols.motifs.Motif: atom3 name is CH2
protocols.motifs.Motif: Res1 name is GLN
protocols.motifs.Motif: atom1 name is Nhis
protocols.motifs.Motif: atom2 name is aroC
protocols.motifs.Motif: atom3 name is Nhis
protocols.motifs.Motif: Res1 name is LYS
protocols.motifs.Motif: atom1 name is OH
protocols.motifs.Motif: atom2 name is COO
protocols.motifs.Motif: atom3 name is Phos
core.pack.task: Packer task: initialize from command line() 
core.pack.task: Packer task: initialize from command line() 
core.pack.task: Packer task: initialize from command line() 
protocols.moves.MonteCarlo: MonteCarlo:: last_accepted_score,lowest_score: -1106.08 -1106.08
protocols.motifs.Motif: Res1 name is LEU
protocols.motifs.Motif: atom1 name is OOC
protocols.motifs.Motif: atom2 name is Phos
protocols.motifs.Motif: atom3 name is OOC
protocols.motifs.Motif: Res1 name is ARG
protocols.motifs.Motif: atom1 name is OOC
protocols.motifs.Motif: atom2 name is Phos
protocols.motifs.Motif: atom3 name is OOC
protocols.motifs.Motif: Res1 name is TYR
protocols.motifs.Motif: atom1 name is aroC
protocols.motifs.Motif: atom2 name is Nhis
protocols.motifs.Motif: atom3 name is CH2
protocols.motifs.Motif: Res1 name is GLN
protocols.motifs.Motif: atom1 name is OOC
protocols.motifs.Motif: atom2 name is Phos
protocols.motifs.Motif: atom3 name is OOC
protocols.motifs.Motif: Res1 name is LYS
protocols.motifs.Motif: atom1 name is OOC
protocols.motifs.Motif: atom2 name is Phos
protocols.motifs.Motif: atom3 name is OOC
core.pack.task: Packer task: initialize from command line() 
core.pack.task: Packer task: initialize from command line() 
core.pack.task: Packer task: initialize from command line() 
protocols.moves.MonteCarlo: MonteCarlo:: last_accepted_score,lowest_score: -1104.55 -1105.45
protocols.motifs.Motif: Res1 name is LEU
protocols.motifs.Motif: atom1 name is aroC
protocols.motifs.Motif: atom2 name is Nhis
protocols.motifs.Motif: atom3 name is CH2
protocols.motifs.Motif: Res1 name is ARG
protocols.motifs.Motif: atom1 name is OOC
protocols.motifs.Motif: atom2 name is Phos
protocols.motifs.Motif: atom3 name is OOC
protocols.motifs.Motif: Res1 name is TYR
protocols.motifs.Motif: atom1 name is aroC
protocols.motifs.Motif: atom2 name is Nhis
protocols.motifs.Motif: atom3 name is CH2
protocols.motifs.Motif: Res1 name is PHE
protocols.motifs.Motif: atom1 name is OOC
protocols.motifs.Motif: atom2 name is Phos
protocols.motifs.Motif: atom3 name is OOC
protocols.motifs.Motif: Res1 name is GLN
protocols.motifs.Motif: atom1 name is OH
protocols.motifs.Motif: atom2 name is COO
protocols.motifs.Motif: atom3 name is Phos
protocols.motifs.Motif: Res1 name is LYS
protocols.motifs.Motif: atom1 name is OOC
protocols.motifs.Motif: atom2 name is Phos
protocols.motifs.Motif: atom3 name is OOC
core.pack.task: Packer task: initialize from command line() 
core.pack.task: Packer task: initialize from command line() 
core.pack.task: Packer task: initialize from command line() 
protocols.moves.MonteCarlo: MonteCarlo:: last_accepted_score,lowest_score: -1105.56 -1105.57
protocols.motifs.Motif: Res1 name is ARG
protocols.motifs.Motif: atom1 name is OOC
protocols.motifs.Motif: atom2 name is Phos
protocols.motifs.Motif: atom3 name is OOC
protocols.motifs.Motif: Res1 name is TYR
protocols.motifs.Motif: atom1 name is aroC
protocols.motifs.Motif: atom2 name is Nhis
protocols.motifs.Motif: atom3 name is CH2
protocols.motifs.Motif: Res1 name is GLN
protocols.motifs.Motif: atom1 name is OH
protocols.motifs.Motif: atom2 name is COO
protocols.motifs.Motif: atom3 name is Phos
protocols.motifs.Motif: Res1 name is LYS
protocols.motifs.Motif: atom1 name is OOC
protocols.motifs.Motif: atom2 name is Phos
protocols.motifs.Motif: atom3 name is OOC
core.pack.task: Packer task: initialize from command line() 
core.pack.task: Packer task: initialize from command line() 
core.pack.task: Packer task: initialize from command line() 
protocols.moves.MonteCarlo: MonteCarlo:: last_accepted_score,lowest_score: -1105.19 -1105.19
protocols.motifs.Motif: Res1 name is ARG
protocols.motifs.Motif: atom1 name is OOC
protocols.motifs.Motif: atom2 name is Phos
protocols.motifs.Motif: atom3 name is OOC
protocols.motifs.Motif: Res1 name is GLN
protocols.motifs.Motif: atom1 name is aroC
protocols.motifs.Motif: atom2 name is aroC
protocols.motifs.Motif: atom3 name is Nhis
protocols.motifs.Motif: Res1 name is LYS
protocols.motifs.Motif: atom1 name is aroC
protocols.motifs.Motif: atom2 name is aroC
protocols.motifs.Motif: atom3 name is Nhis
protocols.motifs.Motif: Res1 name is GLN
protocols.motifs.Motif: atom1 name is OOC
protocols.motifs.Motif: atom2 name is Phos
protocols.motifs.Motif: atom3 name is OOC
protocols.motifs.Motif: Res1 name is LYS
protocols.motifs.Motif: atom1 name is OOC
protocols.motifs.Motif: atom2 name is Phos
protocols.motifs.Motif: atom3 name is OOC
core.pack.task: Packer task: initialize from command line() 
core.pack.task: Packer task: initialize from command line() 
core.pack.task: Packer task: initialize from command line() 
protocols.moves.MonteCarlo: MonteCarlo:: last_accepted_score,lowest_score: -1105.29 -1105.29
protocols.motifs.Motif: Res1 name is ARG
protocols.motifs.Motif: atom1 name is OOC
protocols.motifs.Motif: atom2 name is Phos
protocols.motifs.Motif: atom3 name is OOC
protocols.motifs.Motif: Res1 name is LYS
protocols.motifs.Motif: atom1 name is aroC
protocols.motifs.Motif: atom2 name is aroC
protocols.motifs.Motif: atom3 name is Nhis
protocols.motifs.Motif: Res1 name is GLN
protocols.motifs.Motif: atom1 name is Nhis
protocols.motifs.Motif: atom2 name is aroC
protocols.motifs.Motif: atom3 name is Nhis
protocols.motifs.Motif: Res1 name is LYS
protocols.motifs.Motif: atom1 name is OOC
protocols.motifs.Motif: atom2 name is Phos
protocols.motifs.Motif: atom3 name is OOC
core.pack.task: Packer task: initialize from command line() 
core.pack.task: Packer task: initialize from command line() 
core.pack.task: Packer task: initialize from command line() 
protocols.moves.MonteCarlo: MonteCarlo:: last_accepted_score,lowest_score: -1103.9 -1104.33
protocols.motifs.Motif: Res1 name is LEU
protocols.motifs.Motif: atom1 name is OH
protocols.motifs.Motif: atom2 name is COO
protocols.motifs.Motif: atom3 name is Phos
protocols.motifs.Motif: Res1 name is THR
protocols.motifs.Motif: atom1 name is aroC
protocols.motifs.Motif: atom2 name is Nhis
protocols.motifs.Motif: atom3 name is CH2
protocols.motifs.Motif: Res1 name is TYR
protocols.motifs.Motif: atom1 name is aroC
protocols.motifs.Motif: atom2 name is aroC
protocols.motifs.Motif: atom3 name is Nhis
protocols.motifs.Motif: Res1 name is GLN
protocols.motifs.Motif: atom1 name is OOC
protocols.motifs.Motif: atom2 name is Phos
protocols.motifs.Motif: atom3 name is OOC
protocols.motifs.Motif: Res1 name is LYS
protocols.motifs.Motif: atom1 name is OOC
protocols.motifs.Motif: atom2 name is Phos
protocols.motifs.Motif: atom3 name is OOC
core.pack.task: Packer task: initialize from command line() 
core.pack.task: Packer task: initialize from command line() 
core.pack.task: Packer task: initialize from command line() 
protocols.moves.MonteCarlo: MonteCarlo:: last_accepted_score,lowest_score: -1105.28 -1105.41
protocols.motifs.Motif: Res1 name is ARG
protocols.motifs.Motif: atom1 name is OOC
protocols.motifs.Motif: atom2 name is Phos
protocols.motifs.Motif: atom3 name is OOC
protocols.motifs.Motif: Res1 name is GLN
protocols.motifs.Motif: atom1 name is OOC
protocols.motifs.Motif: atom2 name is Phos
protocols.motifs.Motif: atom3 name is OOC
protocols.motifs.Motif: Res1 name is LYS
protocols.motifs.Motif: atom1 name is OOC
protocols.motifs.Motif: atom2 name is Phos
protocols.motifs.Motif: atom3 name is OOC
core.pack.task: Packer task: initialize from command line() 
core.pack.task: Packer task: initialize from command line() 
core.pack.task: Packer task: initialize from command line() 
protocols.moves.MonteCarlo: MonteCarlo:: last_accepted_score,lowest_score: -1106.11 -1106.15
protocols.motifs.Motif: Res1 name is LEU
protocols.motifs.Motif: atom1 name is OOC
protocols.motifs.Motif: atom2 name is Phos
protocols.motifs.Motif: atom3 name is OOC
protocols.motifs.Motif: Res1 name is ARG
protocols.motifs.Motif: atom1 name is OOC
protocols.motifs.Motif: atom2 name is Phos
protocols.motifs.Motif: atom3 name is OOC
protocols.motifs.Motif: Res1 name is LYS
protocols.motifs.Motif: atom1 name is aroC
protocols.motifs.Motif: atom2 name is Nhis
protocols.motifs.Motif: atom3 name is CH2
protocols.motifs.Motif: Res1 name is TYR
protocols.motifs.Motif: atom1 name is aroC
protocols.motifs.Motif: atom2 name is aroC
protocols.motifs.Motif: atom3 name is Nhis
protocols.motifs.Motif: Res1 name is GLN
protocols.motifs.Motif: atom1 name is OOC
protocols.motifs.Motif: atom2 name is Phos
protocols.motifs.Motif: atom3 name is OOC
protocols.motifs.Motif: Res1 name is LYS
protocols.motifs.Motif: atom1 name is OOC
protocols.motifs.Motif: atom2 name is Phos
protocols.motifs.Motif: atom3 name is OOC
core.pack.task: Packer task: initialize from command line() 
core.pack.task: Packer task: initialize from command line() 
core.pack.task: Packer task: initialize from command line() 
protocols.moves.MonteCarlo: MonteCarlo:: last_accepted_score,lowest_score: -1105.57 -1105.68
protocols.motifs.Motif: Res1 name is LEU
protocols.motifs.Motif: atom1 name is OOC
protocols.motifs.Motif: atom2 name is Phos
protocols.motifs.Motif: atom3 name is OOC
protocols.motifs.Motif: Res1 name is ARG
protocols.motifs.Motif: atom1 name is OOC
protocols.motifs.Motif: atom2 name is Phos
protocols.motifs.Motif: atom3 name is OOC
protocols.motifs.Motif: Res1 name is LYS
protocols.motifs.Motif: atom1 name is aroC
protocols.motifs.Motif: atom2 name is aroC
protocols.motifs.Motif: atom3 name is Nhis
protocols.motifs.Motif: Res1 name is GLN
protocols.motifs.Motif: atom1 name is OOC
protocols.motifs.Motif: atom2 name is Phos
protocols.motifs.Motif: atom3 name is OOC
protocols.motifs.Motif: Res1 name is LYS
protocols.motifs.Motif: atom1 name is OOC
protocols.motifs.Motif: atom2 name is Phos
protocols.motifs.Motif: atom3 name is OOC
core.pack.task: Packer task: initialize from command line() 
core.pack.task: Packer task: initialize from command line() 
core.pack.task: Packer task: initialize from command line() 
protocols.moves.MonteCarlo: MonteCarlo:: last_accepted_score,lowest_score: -1103.47 -1104.01
protocols.motifs.Motif: Res1 name is LEU
protocols.motifs.Motif: atom1 name is OOC
protocols.motifs.Motif: atom2 name is Phos
protocols.motifs.Motif: atom3 name is OOC
protocols.motifs.Motif: Res1 name is ARG
protocols.motifs.Motif: atom1 name is OOC
protocols.motifs.Motif: atom2 name is Phos
protocols.motifs.Motif: atom3 name is OOC
protocols.motifs.Motif: Res1 name is LYS
protocols.motifs.Motif: atom1 name is Nhis
protocols.motifs.Motif: atom2 name is aroC
protocols.motifs.Motif: atom3 name is Nhis
protocols.motifs.Motif: Res1 name is LYS
protocols.motifs.Motif: atom1 name is OOC
protocols.motifs.Motif: atom2 name is Phos
protocols.motifs.Motif: atom3 name is OOC
protocols.motifs.Motif: Res1 name is LYS
protocols.motifs.Motif: atom1 name is aroC
protocols.motifs.Motif: atom2 name is aroC
protocols.motifs.Motif: atom3 name is Nhis
core.pack.task: Packer task: initialize from command line() 
core.pack.task: Packer task: initialize from command line() 
core.pack.task: Packer task: initialize from command line() 
protocols.moves.MonteCarlo: MonteCarlo:: last_accepted_score,lowest_score: -1104.94 -1105.12
protocols.motifs.Motif: Res1 name is LEU
protocols.motifs.Motif: atom1 name is OOC
protocols.motifs.Motif: atom2 name is Phos
protocols.motifs.Motif: atom3 name is OOC
protocols.motifs.Motif: Res1 name is ARG
protocols.motifs.Motif: atom1 name is OOC
protocols.motifs.Motif: atom2 name is Phos
protocols.motifs.Motif: atom3 name is OOC
protocols.motifs.Motif: Res1 name is PHE
protocols.motifs.Motif: atom1 name is OOC
protocols.motifs.Motif: atom2 name is Phos
protocols.motifs.Motif: atom3 name is OOC
protocols.motifs.Motif: Res1 name is GLN
protocols.motifs.Motif: atom1 name is COO
protocols.motifs.Motif: atom2 name is CH2
protocols.motifs.Motif: atom3 name is Nhis
protocols.motifs.Motif: Res1 name is LYS
protocols.motifs.Motif: atom1 name is OOC
protocols.motifs.Motif: atom2 name is Phos
protocols.motifs.Motif: atom3 name is OOC
core.pack.task: Packer task: initialize from command line() 
core.pack.task: Packer task: initialize from command line() 
core.pack.task: Packer task: initialize from command line() 
protocols.moves.MonteCarlo: MonteCarlo:: last_accepted_score,lowest_score: -1104.53 -1104.53
protocols.motifs.Motif: Res1 name is ARG
protocols.motifs.Motif: atom1 name is OOC
protocols.motifs.Motif: atom2 name is Phos
protocols.motifs.Motif: atom3 name is OOC
protocols.motifs.Motif: Res1 name is LYS
protocols.motifs.Motif: atom1 name is aroC
protocols.motifs.Motif: atom2 name is Nhis
protocols.motifs.Motif: atom3 name is CH2
protocols.motifs.Motif: Res1 name is GLN
protocols.motifs.Motif: atom1 name is OOC
protocols.motifs.Motif: atom2 name is Phos
protocols.motifs.Motif: atom3 name is OOC
protocols.motifs.Motif: Res1 name is LYS
protocols.motifs.Motif: atom1 name is OOC
protocols.motifs.Motif: atom2 name is Phos
protocols.motifs.Motif: atom3 name is OOC
core.pack.task: Packer task: initialize from command line() 
core.pack.task: Packer task: initialize from command line() 
core.pack.task: Packer task: initialize from command line() 
protocols.moves.MonteCarlo: MonteCarlo:: last_accepted_score,lowest_score: -1105.95 -1105.95
protocols.motifs.Motif: Res1 name is LEU
protocols.motifs.Motif: atom1 name is aroC
protocols.motifs.Motif: atom2 name is aroC
protocols.motifs.Motif: atom3 name is Nhis
protocols.motifs.Motif: Res1 name is ARG
protocols.motifs.Motif: atom1 name is OOC
protocols.motifs.Motif: atom2 name is Phos
protocols.motifs.Motif: atom3 name is OOC
protocols.motifs.Motif: Res1 name is GLN
protocols.motifs.Motif: atom1 name is OOC
protocols.motifs.Motif: atom2 name is Phos
protocols.motifs.Motif: atom3 name is OOC
protocols.motifs.Motif: Res1 name is LYS
protocols.motifs.Motif: atom1 name is OOC
protocols.motifs.Motif: atom2 name is Phos
protocols.motifs.Motif: atom3 name is OOC
core.pack.task: Packer task: initialize from command line() 
core.pack.task: Packer task: initialize from command line() 
core.pack.task: Packer task: initialize from command line() 
protocols.moves.MonteCarlo: MonteCarlo:: last_accepted_score,lowest_score: -1102.27 -1102.81
protocols.motifs.Motif: Res1 name is LEU
protocols.motifs.Motif: atom1 name is OOC
protocols.motifs.Motif: atom2 name is Phos
protocols.motifs.Motif: atom3 name is OOC
protocols.motifs.Motif: Res1 name is ARG
protocols.motifs.Motif: atom1 name is OOC
protocols.motifs.Motif: atom2 name is Phos
protocols.motifs.Motif: atom3 name is OOC
protocols.motifs.Motif: Res1 name is GLN
protocols.motifs.Motif: atom1 name is aroC
protocols.motifs.Motif: atom2 name is aroC
protocols.motifs.Motif: atom3 name is Nhis
protocols.motifs.Motif: Res1 name is GLN
protocols.motifs.Motif: atom1 name is OOC
protocols.motifs.Motif: atom2 name is Phos
protocols.motifs.Motif: atom3 name is OOC
protocols.motifs.Motif: Res1 name is LYS
protocols.motifs.Motif: atom1 name is OOC
protocols.motifs.Motif: atom2 name is Phos
protocols.motifs.Motif: atom3 name is OOC
core.pack.task: Packer task: initialize from command line() 
core.pack.task: Packer task: initialize from command line() 
core.pack.task: Packer task: initialize from command line() 
protocols.moves.MonteCarlo: MonteCarlo:: last_accepted_score,lowest_score: -1104.89 -1105.08
protocols.motifs.Motif: Res1 name is ARG
protocols.motifs.Motif: atom1 name is OOC
protocols.motifs.Motif: atom2 name is Phos
protocols.motifs.Motif: atom3 name is OOC
protocols.motifs.Motif: Res1 name is GLN
protocols.motifs.Motif: atom1 name is aroC
protocols.motifs.Motif: atom2 name is Nhis
protocols.motifs.Motif: atom3 name is CH2
protocols.motifs.Motif: Res1 name is LYS
protocols.motifs.Motif: atom1 name is OOC
protocols.motifs.Motif: atom2 name is Phos
protocols.motifs.Motif: atom3 name is OOC
core.pack.task: Packer task: initialize from command line() 
core.pack.task: Packer task: initialize from command line() 
core.pack.task: Packer task: initialize from command line() 
protocols.moves.MonteCarlo: MonteCarlo:: last_accepted_score,lowest_score: -1105.32 -1106.53
protocols.motifs.Motif: Res1 name is LEU
protocols.motifs.Motif: atom1 name is OOC
protocols.motifs.Motif: atom2 name is Phos
protocols.motifs.Motif: atom3 name is OOC
protocols.motifs.Motif: Res1 name is GLN
protocols.motifs.Motif: atom1 name is Nhis
protocols.motifs.Motif: atom2 name is aroC
protocols.motifs.Motif: atom3 name is Nhis
protocols.motifs.Motif: Res1 name is THR
protocols.motifs.Motif: atom1 name is OOC
protocols.motifs.Motif: atom2 name is Phos
protocols.motifs.Motif: atom3 name is OOC
protocols.motifs.Motif: Res1 name is PHE
protocols.motifs.Motif: atom1 name is OOC
protocols.motifs.Motif: atom2 name is Phos
protocols.motifs.Motif: atom3 name is OOC
protocols.motifs.Motif: Res1 name is GLN
protocols.motifs.Motif: atom1 name is OH
protocols.motifs.Motif: atom2 name is COO
protocols.motifs.Motif: atom3 name is Phos
protocols.motifs.Motif: Res1 name is LYS
protocols.motifs.Motif: atom1 name is OOC
protocols.motifs.Motif: atom2 name is Phos
protocols.motifs.Motif: atom3 name is OOC
core.pack.task: Packer task: initialize from command line() 
core.pack.task: Packer task: initialize from command line() 
core.pack.task: Packer task: initialize from command line() 
protocols.moves.MonteCarlo: MonteCarlo:: last_accepted_score,lowest_score: -1105.24 -1105.24
protocols.motifs.Motif: Res1 name is LEU
protocols.motifs.Motif: atom1 name is OOC
protocols.motifs.Motif: atom2 name is Phos
protocols.motifs.Motif: atom3 name is OOC
protocols.motifs.Motif: Res1 name is ARG
protocols.motifs.Motif: atom1 name is OOC
protocols.motifs.Motif: atom2 name is Phos
protocols.motifs.Motif: atom3 name is OOC
protocols.motifs.Motif: Res1 name is GLN
protocols.motifs.Motif: atom1 name is Nhis
protocols.motifs.Motif: atom2 name is aroC
protocols.motifs.Motif: atom3 name is Nhis
protocols.motifs.Motif: Res1 name is ASP
protocols.motifs.Motif: atom1 name is aroC
protocols.motifs.Motif: atom2 name is aroC
protocols.motifs.Motif: atom3 name is Nhis
protocols.motifs.Motif: Res1 name is LYS
protocols.motifs.Motif: atom1 name is OH
protocols.motifs.Motif: atom2 name is COO
protocols.motifs.Motif: atom3 name is Phos
protocols.motifs.Motif: Res1 name is ASP
protocols.motifs.Motif: atom1 name is aroC
protocols.motifs.Motif: atom2 name is aroC
protocols.motifs.Motif: atom3 name is Nhis
core.pack.task: Packer task: initialize from command line() 
core.pack.task: Packer task: initialize from command line() 
core.pack.task: Packer task: initialize from command line() 
protocols.moves.MonteCarlo: MonteCarlo:: last_accepted_score,lowest_score: -1105.41 -1105.6
protocols.motifs.Motif: Res1 name is LEU
protocols.motifs.Motif: atom1 name is OOC
protocols.motifs.Motif: atom2 name is Phos
protocols.motifs.Motif: atom3 name is OOC
protocols.motifs.Motif: Res1 name is ARG
protocols.motifs.Motif: atom1 name is OOC
protocols.motifs.Motif: atom2 name is Phos
protocols.motifs.Motif: atom3 name is OOC
protocols.motifs.Motif: Res1 name is LYS
protocols.motifs.Motif: atom1 name is Nhis
protocols.motifs.Motif: atom2 name is aroC
protocols.motifs.Motif: atom3 name is Nhis
protocols.motifs.Motif: Res1 name is GLN
protocols.motifs.Motif: atom1 name is Nhis
protocols.motifs.Motif: atom2 name is aroC
protocols.motifs.Motif: atom3 name is Nhis
protocols.motifs.Motif: Res1 name is LYS
protocols.motifs.Motif: atom1 name is OOC
protocols.motifs.Motif: atom2 name is Phos
protocols.motifs.Motif: atom3 name is OOC
core.pack.task: Packer task: initialize from command line() 
core.pack.task: Packer task: initialize from command line() 
core.pack.task: Packer task: initialize from command line() 
protocols.moves.MonteCarlo: MonteCarlo:: last_accepted_score,lowest_score: -1102.54 -1103.22
protocols.motifs.Motif: Res1 name is ARG
protocols.motifs.Motif: atom1 name is OOC
protocols.motifs.Motif: atom2 name is Phos
protocols.motifs.Motif: atom3 name is OOC
protocols.motifs.Motif: Res1 name is GLN
protocols.motifs.Motif: atom1 name is aroC
protocols.motifs.Motif: atom2 name is aroC
protocols.motifs.Motif: atom3 name is Nhis
protocols.motifs.Motif: Res1 name is GLN
protocols.motifs.Motif: atom1 name is OOC
protocols.motifs.Motif: atom2 name is Phos
protocols.motifs.Motif: atom3 name is OOC
protocols.motifs.Motif: Res1 name is LYS
protocols.motifs.Motif: atom1 name is OOC
protocols.motifs.Motif: atom2 name is Phos
protocols.motifs.Motif: atom3 name is OOC
core.pack.task: Packer task: initialize from command line() 
core.pack.task: Packer task: initialize from command line() 
core.pack.task: Packer task: initialize from command line() 
protocols.moves.MonteCarlo: MonteCarlo:: last_accepted_score,lowest_score: -1105.55 -1105.55
protocols.motifs.Motif: Res1 name is LEU
protocols.motifs.Motif: atom1 name is OOC
protocols.motifs.Motif: atom2 name is Phos
protocols.motifs.Motif: atom3 name is OOC
protocols.motifs.Motif: Res1 name is ARG
protocols.motifs.Motif: atom1 name is OOC
protocols.motifs.Motif: atom2 name is Phos
protocols.motifs.Motif: atom3 name is OOC
protocols.motifs.Motif: Res1 name is LYS
protocols.motifs.Motif: atom1 name is Nhis
protocols.motifs.Motif: atom2 name is aroC
protocols.motifs.Motif: atom3 name is Nhis
protocols.motifs.Motif: Res1 name is GLN
protocols.motifs.Motif: atom1 name is OH
protocols.motifs.Motif: atom2 name is COO
protocols.motifs.Motif: atom3 name is Phos
protocols.motifs.Motif: Res1 name is LYS
protocols.motifs.Motif: atom1 name is OOC
protocols.motifs.Motif: atom2 name is Phos
protocols.motifs.Motif: atom3 name is OOC
core.pack.task: Packer task: initialize from command line() 
core.pack.task: Packer task: initialize from command line() 
core.pack.task: Packer task: initialize from command line() 
protocols.moves.MonteCarlo: MonteCarlo:: last_accepted_score,lowest_score: -1106.81 -1107.38
protocols.motifs.Motif: Res1 name is ARG
protocols.motifs.Motif: atom1 name is OOC
protocols.motifs.Motif: atom2 name is Phos
protocols.motifs.Motif: atom3 name is OOC
protocols.motifs.Motif: Res1 name is ASP
protocols.motifs.Motif: atom1 name is OOC
protocols.motifs.Motif: atom2 name is Phos
protocols.motifs.Motif: atom3 name is OOC
protocols.motifs.Motif: Res1 name is LYS
protocols.motifs.Motif: atom1 name is OOC
protocols.motifs.Motif: atom2 name is Phos
protocols.motifs.Motif: atom3 name is OOC
core.pack.task: Packer task: initialize from command line() 
core.pack.task: Packer task: initialize from command line() 
core.pack.task: Packer task: initialize from command line() 
protocols.moves.MonteCarlo: MonteCarlo:: last_accepted_score,lowest_score: -1104.57 -1104.57
protocols.motifs.Motif: Res1 name is ARG
protocols.motifs.Motif: atom1 name is OOC
protocols.motifs.Motif: atom2 name is Phos
protocols.motifs.Motif: atom3 name is OOC
protocols.motifs.Motif: Res1 name is LYS
protocols.motifs.Motif: atom1 name is aroC
protocols.motifs.Motif: atom2 name is aroC
protocols.motifs.Motif: atom3 name is Nhis
protocols.motifs.Motif: Res1 name is GLN
protocols.motifs.Motif: atom1 name is OOC
protocols.motifs.Motif: atom2 name is Phos
protocols.motifs.Motif: atom3 name is OOC
protocols.motifs.Motif: Res1 name is LYS
protocols.motifs.Motif: atom1 name is OOC
protocols.motifs.Motif: atom2 name is Phos
protocols.motifs.Motif: atom3 name is OOC
core.pack.task: Packer task: initialize from command line() 
core.pack.task: Packer task: initialize from command line() 
core.pack.task: Packer task: initialize from command line() 
protocols.moves.MonteCarlo: MonteCarlo:: last_accepted_score,lowest_score: -1106.82 -1106.82
protocols.motifs.Motif: Res1 name is LEU
protocols.motifs.Motif: atom1 name is OOC
protocols.motifs.Motif: atom2 name is Phos
protocols.motifs.Motif: atom3 name is OOC
protocols.motifs.Motif: Res1 name is ARG
protocols.motifs.Motif: atom1 name is OOC
protocols.motifs.Motif: atom2 name is Phos
protocols.motifs.Motif: atom3 name is OOC
protocols.motifs.Motif: Res1 name is GLN
protocols.motifs.Motif: atom1 name is aroC
protocols.motifs.Motif: atom2 name is aroC
protocols.motifs.Motif: atom3 name is Nhis
protocols.motifs.Motif: Res1 name is THR
protocols.motifs.Motif: atom1 name is OOC
protocols.motifs.Motif: atom2 name is Phos
protocols.motifs.Motif: atom3 name is OOC
protocols.motifs.Motif: Res1 name is GLN
protocols.motifs.Motif: atom1 name is OOC
protocols.motifs.Motif: atom2 name is Phos
protocols.motifs.Motif: atom3 name is OOC
protocols.motifs.Motif: Res1 name is LYS
protocols.motifs.Motif: atom1 name is OOC
protocols.motifs.Motif: atom2 name is Phos
protocols.motifs.Motif: atom3 name is OOC
core.pack.task: Packer task: initialize from command line() 
core.pack.task: Packer task: initialize from command line() 
core.pack.task: Packer task: initialize from command line() 
protocols.moves.MonteCarlo: MonteCarlo:: last_accepted_score,lowest_score: -1103.82 -1104.9
protocols.motifs.Motif: Res1 name is ARG
protocols.motifs.Motif: atom1 name is OOC
protocols.motifs.Motif: atom2 name is Phos
protocols.motifs.Motif: atom3 name is OOC
protocols.motifs.Motif: Res1 name is GLN
protocols.motifs.Motif: atom1 name is Nhis
protocols.motifs.Motif: atom2 name is aroC
protocols.motifs.Motif: atom3 name is Nhis
protocols.motifs.Motif: Res1 name is LYS
protocols.motifs.Motif: atom1 name is Nhis
protocols.motifs.Motif: atom2 name is aroC
protocols.motifs.Motif: atom3 name is Nhis
protocols.motifs.Motif: Res1 name is GLN
protocols.motifs.Motif: atom1 name is OOC
protocols.motifs.Motif: atom2 name is Phos
protocols.motifs.Motif: atom3 name is OOC
protocols.motifs.Motif: Res1 name is LYS
protocols.motifs.Motif: atom1 name is OOC
protocols.motifs.Motif: atom2 name is Phos
protocols.motifs.Motif: atom3 name is OOC
core.pack.task: Packer task: initialize from command line() 
core.pack.task: Packer task: initialize from command line() 
core.pack.task: Packer task: initialize from command line() 
protocols.moves.MonteCarlo: MonteCarlo:: last_accepted_score,lowest_score: -1103.7 -1104.09
protocols.motifs.Motif: Res1 name is LEU
protocols.motifs.Motif: atom1 name is aroC
protocols.motifs.Motif: atom2 name is Nhis
protocols.motifs.Motif: atom3 name is CH2
protocols.motifs.Motif: Res1 name is ARG
protocols.motifs.Motif: atom1 name is OOC
protocols.motifs.Motif: atom2 name is Phos
protocols.motifs.Motif: atom3 name is OOC
protocols.motifs.Motif: Res1 name is GLN
protocols.motifs.Motif: atom1 name is OOC
protocols.motifs.Motif: atom2 name is Phos
protocols.motifs.Motif: atom3 name is OOC
protocols.motifs.Motif: Res1 name is LYS
protocols.motifs.Motif: atom1 name is OOC
protocols.motifs.Motif: atom2 name is Phos
protocols.motifs.Motif: atom3 name is OOC
core.pack.task: Packer task: initialize from command line() 
core.pack.task: Packer task: initialize from command line() 
core.pack.task: Packer task: initialize from command line() 
protocols.moves.MonteCarlo: MonteCarlo:: last_accepted_score,lowest_score: -1105.19 -1105.19
protocols.motifs.Motif: Res1 name is LEU
protocols.motifs.Motif: atom1 name is OOC
protocols.motifs.Motif: atom2 name is Phos
protocols.motifs.Motif: atom3 name is OOC
protocols.motifs.Motif: Res1 name is ARG
protocols.motifs.Motif: atom1 name is OOC
protocols.motifs.Motif: atom2 name is Phos
protocols.motifs.Motif: atom3 name is OOC
protocols.motifs.Motif: Res1 name is TYR
protocols.motifs.Motif: atom1 name is aroC
protocols.motifs.Motif: atom2 name is Nhis
protocols.motifs.Motif: atom3 name is CH2
protocols.motifs.Motif: Res1 name is LYS
protocols.motifs.Motif: atom1 name is OOC
protocols.motifs.Motif: atom2 name is Phos
protocols.motifs.Motif: atom3 name is OOC
core.pack.task: Packer task: initialize from command line() 
core.pack.task: Packer task: initialize from command line() 
core.pack.task: Packer task: initialize from command line() 
protocols.moves.MonteCarlo: MonteCarlo:: last_accepted_score,lowest_score: -1105.57 -1105.57
protocols.motifs.Motif: Res1 name is LEU
protocols.motifs.Motif: atom1 name is OOC
protocols.motifs.Motif: atom2 name is Phos
protocols.motifs.Motif: atom3 name is OOC
protocols.motifs.Motif: Res1 name is ARG
protocols.motifs.Motif: atom1 name is OOC
protocols.motifs.Motif: atom2 name is Phos
protocols.motifs.Motif: atom3 name is OOC
protocols.motifs.Motif: Res1 name is THR
protocols.motifs.Motif: atom1 name is OOC
protocols.motifs.Motif: atom2 name is Phos
protocols.motifs.Motif: atom3 name is OOC
protocols.motifs.Motif: Res1 name is TYR
protocols.motifs.Motif: atom1 name is OOC
protocols.motifs.Motif: atom2 name is Phos
protocols.motifs.Motif: atom3 name is OOC
protocols.motifs.Motif: Res1 name is GLN
protocols.motifs.Motif: atom1 name is OH
protocols.motifs.Motif: atom2 name is COO
protocols.motifs.Motif: atom3 name is Phos
core.pack.task: Packer task: initialize from command line() 
core.pack.task: Packer task: initialize from command line() 
core.pack.task: Packer task: initialize from command line() 
protocols.moves.MonteCarlo: MonteCarlo:: last_accepted_score,lowest_score: -1105.76 -1105.76
protocols.motifs.Motif: Res1 name is LEU
protocols.motifs.Motif: atom1 name is OOC
protocols.motifs.Motif: atom2 name is Phos
protocols.motifs.Motif: atom3 name is OOC
protocols.motifs.Motif: Res1 name is ARG
protocols.motifs.Motif: atom1 name is OOC
protocols.motifs.Motif: atom2 name is Phos
protocols.motifs.Motif: atom3 name is OOC
protocols.motifs.Motif: Res1 name is LYS
protocols.motifs.Motif: atom1 name is aroC
protocols.motifs.Motif: atom2 name is aroC
protocols.motifs.Motif: atom3 name is Nhis
protocols.motifs.Motif: Res1 name is GLN
protocols.motifs.Motif: atom1 name is OOC
protocols.motifs.Motif: atom2 name is Phos
protocols.motifs.Motif: atom3 name is OOC
protocols.motifs.Motif: Res1 name is LYS
protocols.motifs.Motif: atom1 name is OOC
protocols.motifs.Motif: atom2 name is Phos
protocols.motifs.Motif: atom3 name is OOC
core.pack.task: Packer task: initialize from command line() 
core.pack.task: Packer task: initialize from command line() 
core.pack.task: Packer task: initialize from command line() 
protocols.moves.MonteCarlo: MonteCarlo:: last_accepted_score,lowest_score: -1107.64 -1107.64
protocols.motifs.Motif: Res1 name is ARG
protocols.motifs.Motif: atom1 name is OOC
protocols.motifs.Motif: atom2 name is Phos
protocols.motifs.Motif: atom3 name is OOC
protocols.motifs.Motif: Res1 name is GLN
protocols.motifs.Motif: atom1 name is OOC
protocols.motifs.Motif: atom2 name is Phos
protocols.motifs.Motif: atom3 name is OOC
protocols.motifs.Motif: Res1 name is LEU
protocols.motifs.Motif: atom1 name is OOC
protocols.motifs.Motif: atom2 name is Phos
protocols.motifs.Motif: atom3 name is OOC
protocols.motifs.Motif: Res1 name is LYS
protocols.motifs.Motif: atom1 name is Nhis
protocols.motifs.Motif: atom2 name is aroC
protocols.motifs.Motif: atom3 name is Nhis
protocols.motifs.Motif: Res1 name is THR
protocols.motifs.Motif: atom1 name is OH
protocols.motifs.Motif: atom2 name is COO
protocols.motifs.Motif: atom3 name is Phos
protocols.motifs.Motif: Res1 name is TYR
protocols.motifs.Motif: atom1 name is OOC
protocols.motifs.Motif: atom2 name is Phos
protocols.motifs.Motif: atom3 name is OOC
protocols.motifs.Motif: Res1 name is GLN
protocols.motifs.Motif: atom1 name is OH
protocols.motifs.Motif: atom2 name is COO
protocols.motifs.Motif: atom3 name is Phos
core.pack.task: Packer task: initialize from command line() 
core.pack.task: Packer task: initialize from command line() 
core.pack.task: Packer task: initialize from command line() 
protocols.moves.MonteCarlo: MonteCarlo:: last_accepted_score,lowest_score: -1102.35 -1102.35
protocols.motifs.Motif: Res1 name is LEU
protocols.motifs.Motif: atom1 name is OOC
protocols.motifs.Motif: atom2 name is Phos
protocols.motifs.Motif: atom3 name is OOC
protocols.motifs.Motif: Res1 name is ARG
protocols.motifs.Motif: atom1 name is OOC
protocols.motifs.Motif: atom2 name is Phos
protocols.motifs.Motif: atom3 name is OOC
protocols.motifs.Motif: Res1 name is PHE
protocols.motifs.Motif: atom1 name is Nhis
protocols.motifs.Motif: atom2 name is aroC
protocols.motifs.Motif: atom3 name is Nhis
protocols.motifs.Motif: Res1 name is GLN
protocols.motifs.Motif: atom1 name is aroC
protocols.motifs.Motif: atom2 name is Nhis
protocols.motifs.Motif: atom3 name is CH2
protocols.motifs.Motif: Res1 name is LYS
protocols.motifs.Motif: atom1 name is OOC
protocols.motifs.Motif: atom2 name is Phos
protocols.motifs.Motif: atom3 name is OOC
core.pack.task: Packer task: initialize from command line() 
core.pack.task: Packer task: initialize from command line() 
core.pack.task: Packer task: initialize from command line() 
protocols.moves.MonteCarlo: MonteCarlo:: last_accepted_score,lowest_score: -1107.01 -1107.01
protocols.motifs.Motif: Res1 name is GLN
protocols.motifs.Motif: atom1 name is OOC
protocols.motifs.Motif: atom2 name is Phos
protocols.motifs.Motif: atom3 name is OOC
protocols.motifs.Motif: Res1 name is LEU
protocols.motifs.Motif: atom1 name is COO
protocols.motifs.Motif: atom2 name is CH2
protocols.motifs.Motif: atom3 name is Nhis
protocols.motifs.Motif: Res1 name is ARG
protocols.motifs.Motif: atom1 name is OOC
protocols.motifs.Motif: atom2 name is Phos
protocols.motifs.Motif: atom3 name is OOC
protocols.motifs.Motif: Res1 name is LYS
protocols.motifs.Motif: atom1 name is Nhis
protocols.motifs.Motif: atom2 name is aroC
protocols.motifs.Motif: atom3 name is Nhis
protocols.motifs.Motif: Res1 name is TYR
protocols.motifs.Motif: atom1 name is COO
protocols.motifs.Motif: atom2 name is CH2
protocols.motifs.Motif: atom3 name is Nhis
protocols.motifs.Motif: Res1 name is GLN
protocols.motifs.Motif: atom1 name is Nhis
protocols.motifs.Motif: atom2 name is aroC
protocols.motifs.Motif: atom3 name is Nhis
protocols.motifs.Motif: Res1 name is LYS
protocols.motifs.Motif: atom1 name is OOC
protocols.motifs.Motif: atom2 name is Phos
protocols.motifs.Motif: atom3 name is OOC
core.pack.task: Packer task: initialize from command line() 
core.pack.task: Packer task: initialize from command line() 
core.pack.task: Packer task: initialize from command line() 
protocols.moves.MonteCarlo: MonteCarlo:: last_accepted_score,lowest_score: -1103.43 -1104.13
protocols.motifs.Motif: Res1 name is LEU
protocols.motifs.Motif: atom1 name is OOC
protocols.motifs.Motif: atom2 name is Phos
protocols.motifs.Motif: atom3 name is OOC
protocols.motifs.Motif: Res1 name is ARG
protocols.motifs.Motif: atom1 name is OOC
protocols.motifs.Motif: atom2 name is Phos
protocols.motifs.Motif: atom3 name is OOC
protocols.motifs.Motif: Res1 name is PHE
protocols.motifs.Motif: atom1 name is Nhis
protocols.motifs.Motif: atom2 name is aroC
protocols.motifs.Motif: atom3 name is Nhis
protocols.motifs.Motif: Res1 name is GLN
protocols.motifs.Motif: atom1 name is COO
protocols.motifs.Motif: atom2 name is CH2
protocols.motifs.Motif: atom3 name is Nhis
protocols.motifs.Motif: Res1 name is LYS
protocols.motifs.Motif: atom1 name is OOC
protocols.motifs.Motif: atom2 name is Phos
protocols.motifs.Motif: atom3 name is OOC
core.pack.task: Packer task: initialize from command line() 
core.pack.task: Packer task: initialize from command line() 
core.pack.task: Packer task: initialize from command line() 
protocols.moves.MonteCarlo: MonteCarlo:: last_accepted_score,lowest_score: -1105.02 -1105.33
protocols.motifs.Motif: Res1 name is LEU
protocols.motifs.Motif: atom1 name is Nhis
protocols.motifs.Motif: atom2 name is aroC
protocols.motifs.Motif: atom3 name is Nhis
protocols.motifs.Motif: Res1 name is ARG
protocols.motifs.Motif: atom1 name is OOC
protocols.motifs.Motif: atom2 name is Phos
protocols.motifs.Motif: atom3 name is OOC
protocols.motifs.Motif: Res1 name is GLN
protocols.motifs.Motif: atom1 name is OOC
protocols.motifs.Motif: atom2 name is Phos
protocols.motifs.Motif: atom3 name is OOC
protocols.motifs.Motif: Res1 name is LYS
protocols.motifs.Motif: atom1 name is OOC
protocols.motifs.Motif: atom2 name is Phos
protocols.motifs.Motif: atom3 name is OOC
core.pack.task: Packer task: initialize from command line() 
core.pack.task: Packer task: initialize from command line() 
core.pack.task: Packer task: initialize from command line() 
protocols.moves.MonteCarlo: MonteCarlo:: last_accepted_score,lowest_score: -1106.14 -1106.14
protocols.motifs.Motif: Res1 name is LEU
protocols.motifs.Motif: atom1 name is OH
protocols.motifs.Motif: atom2 name is COO
protocols.motifs.Motif: atom3 name is Phos
protocols.motifs.Motif: Res1 name is THR
protocols.motifs.Motif: atom1 name is OOC
protocols.motifs.Motif: atom2 name is Phos
protocols.motifs.Motif: atom3 name is OOC
protocols.motifs.Motif: Res1 name is TYR
protocols.motifs.Motif: atom1 name is OOC
protocols.motifs.Motif: atom2 name is Phos
protocols.motifs.Motif: atom3 name is OOC
protocols.motifs.Motif: Res1 name is PHE
protocols.motifs.Motif: atom1 name is aroC
protocols.motifs.Motif: atom2 name is Nhis
protocols.motifs.Motif: atom3 name is CH2
protocols.motifs.Motif: Res1 name is GLN
protocols.motifs.Motif: atom1 name is OOC
protocols.motifs.Motif: atom2 name is Phos
protocols.motifs.Motif: atom3 name is OOC
protocols.motifs.Motif: Res1 name is LYS
protocols.motifs.Motif: atom1 name is Nhis
protocols.motifs.Motif: atom2 name is aroC
protocols.motifs.Motif: atom3 name is Nhis
protocols.motifs.Motif: Res1 name is ARG
protocols.motifs.Motif: atom1 name is aroC
protocols.motifs.Motif: atom2 name is aroC
protocols.motifs.Motif: atom3 name is Nhis
core.pack.task: Packer task: initialize from command line() 
core.pack.task: Packer task: initialize from command line() 
core.pack.task: Packer task: initialize from command line() 
protocols.moves.MonteCarlo: MonteCarlo:: last_accepted_score,lowest_score: -1106.52 -1106.52
protocols.motifs.Motif: Res1 name is LEU
protocols.motifs.Motif: atom1 name is OOC
protocols.motifs.Motif: atom2 name is Phos
protocols.motifs.Motif: atom3 name is OOC
protocols.motifs.Motif: Res1 name is ARG
protocols.motifs.Motif: atom1 name is OOC
protocols.motifs.Motif: atom2 name is Phos
protocols.motifs.Motif: atom3 name is OOC
protocols.motifs.Motif: Res1 name is LYS
protocols.motifs.Motif: atom1 name is Nhis
protocols.motifs.Motif: atom2 name is aroC
protocols.motifs.Motif: atom3 name is Nhis
protocols.motifs.Motif: Res1 name is GLN
protocols.motifs.Motif: atom1 name is OH
protocols.motifs.Motif: atom2 name is COO
protocols.motifs.Motif: atom3 name is Phos
protocols.motifs.Motif: Res1 name is LYS
protocols.motifs.Motif: atom1 name is OOC
protocols.motifs.Motif: atom2 name is Phos
protocols.motifs.Motif: atom3 name is OOC
core.pack.task: Packer task: initialize from command line() 
core.pack.task: Packer task: initialize from command line() 
core.pack.task: Packer task: initialize from command line() 
protocols.moves.MonteCarlo: MonteCarlo:: last_accepted_score,lowest_score: -1106.37 -1106.37
protocols.motifs.Motif: Res1 name is LEU
protocols.motifs.Motif: atom1 name is OOC
protocols.motifs.Motif: atom2 name is Phos
protocols.motifs.Motif: atom3 name is OOC
protocols.motifs.Motif: Res1 name is ARG
protocols.motifs.Motif: atom1 name is OOC
protocols.motifs.Motif: atom2 name is Phos
protocols.motifs.Motif: atom3 name is OOC
protocols.motifs.Motif: Res1 name is LYS
protocols.motifs.Motif: atom1 name is aroC
protocols.motifs.Motif: atom2 name is aroC
protocols.motifs.Motif: atom3 name is Nhis
protocols.motifs.Motif: Res1 name is GLN
protocols.motifs.Motif: atom1 name is OOC
protocols.motifs.Motif: atom2 name is Phos
protocols.motifs.Motif: atom3 name is OOC
protocols.motifs.Motif: Res1 name is LYS
protocols.motifs.Motif: atom1 name is OOC
protocols.motifs.Motif: atom2 name is Phos
protocols.motifs.Motif: atom3 name is OOC
core.pack.task: Packer task: initialize from command line() 
core.pack.task: Packer task: initialize from command line() 
core.pack.task: Packer task: initialize from command line() 
protocols.moves.MonteCarlo: MonteCarlo:: last_accepted_score,lowest_score: -1103.76 -1103.92
protocols.motifs.Motif: Res1 name is ARG
protocols.motifs.Motif: atom1 name is OOC
protocols.motifs.Motif: atom2 name is Phos
protocols.motifs.Motif: atom3 name is OOC
protocols.motifs.Motif: Res1 name is LYS
protocols.motifs.Motif: atom1 name is OOC
protocols.motifs.Motif: atom2 name is Phos
protocols.motifs.Motif: atom3 name is OOC
protocols.motifs.Motif: Res1 name is GLN
protocols.motifs.Motif: atom1 name is COO
protocols.motifs.Motif: atom2 name is CH2
protocols.motifs.Motif: atom3 name is Nhis
protocols.motifs.Motif: Res1 name is LYS
protocols.motifs.Motif: atom1 name is OOC
protocols.motifs.Motif: atom2 name is Phos
protocols.motifs.Motif: atom3 name is OOC
core.pack.task: Packer task: initialize from command line() 
core.pack.task: Packer task: initialize from command line() 
core.pack.task: Packer task: initialize from command line() 
protocols.moves.MonteCarlo: MonteCarlo:: last_accepted_score,lowest_score: -1085.61 -1085.61
protocols.motifs.Motif: Res1 name is LEU
protocols.motifs.Motif: atom1 name is OOC
protocols.motifs.Motif: atom2 name is Phos
protocols.motifs.Motif: atom3 name is OOC
protocols.motifs.Motif: Res1 name is ARG
protocols.motifs.Motif: atom1 name is OOC
protocols.motifs.Motif: atom2 name is Phos
protocols.motifs.Motif: atom3 name is OOC
protocols.motifs.Motif: Res1 name is LYS
protocols.motifs.Motif: atom1 name is OOC
protocols.motifs.Motif: atom2 name is Phos
protocols.motifs.Motif: atom3 name is OOC
core.pack.task: Packer task: initialize from command line() 
core.pack.task: Packer task: initialize from command line() 
core.pack.task: Packer task: initialize from command line() 
protocols.moves.MonteCarlo: MonteCarlo:: last_accepted_score,lowest_score: -1105.46 -1105.72
protocols.motifs.Motif: Res1 name is LEU
protocols.motifs.Motif: atom1 name is OH
protocols.motifs.Motif: atom2 name is COO
protocols.motifs.Motif: atom3 name is Phos
protocols.motifs.Motif: Res1 name is ARG
protocols.motifs.Motif: atom1 name is OOC
protocols.motifs.Motif: atom2 name is Phos
protocols.motifs.Motif: atom3 name is OOC
protocols.motifs.Motif: Res1 name is LYS
protocols.motifs.Motif: atom1 name is OOC
protocols.motifs.Motif: atom2 name is Phos
protocols.motifs.Motif: atom3 name is OOC
protocols.motifs.Motif: Res1 name is GLN
protocols.motifs.Motif: atom1 name is OOC
protocols.motifs.Motif: atom2 name is Phos
protocols.motifs.Motif: atom3 name is OOC
protocols.motifs.Motif: Res1 name is LYS
protocols.motifs.Motif: atom1 name is OOC
protocols.motifs.Motif: atom2 name is Phos
protocols.motifs.Motif: atom3 name is OOC
core.pack.task: Packer task: initialize from command line() 
core.pack.task: Packer task: initialize from command line() 
core.pack.task: Packer task: initialize from command line() 
protocols.moves.MonteCarlo: MonteCarlo:: last_accepted_score,lowest_score: -1104.93 -1104.93
protocols.motifs.Motif: Res1 name is LEU
protocols.motifs.Motif: atom1 name is OOC
protocols.motifs.Motif: atom2 name is Phos
protocols.motifs.Motif: atom3 name is OOC
protocols.motifs.Motif: Res1 name is ARG
protocols.motifs.Motif: atom1 name is OOC
protocols.motifs.Motif: atom2 name is Phos
protocols.motifs.Motif: atom3 name is OOC
protocols.motifs.Motif: Res1 name is THR
protocols.motifs.Motif: atom1 name is OOC
protocols.motifs.Motif: atom2 name is Phos
protocols.motifs.Motif: atom3 name is OOC
protocols.motifs.Motif: Res1 name is GLN
protocols.motifs.Motif: atom1 name is OOC
protocols.motifs.Motif: atom2 name is Phos
protocols.motifs.Motif: atom3 name is OOC
protocols.motifs.Motif: Res1 name is LYS
protocols.motifs.Motif: atom1 name is OOC
protocols.motifs.Motif: atom2 name is Phos
protocols.motifs.Motif: atom3 name is OOC
core.pack.task: Packer task: initialize from command line() 
core.pack.task: Packer task: initialize from command line() 
core.pack.task: Packer task: initialize from command line() 
protocols.moves.MonteCarlo: MonteCarlo:: last_accepted_score,lowest_score: -1104.67 -1105.25
protocols.motifs.Motif: Res1 name is LEU
protocols.motifs.Motif: atom1 name is OH
protocols.motifs.Motif: atom2 name is COO
protocols.motifs.Motif: atom3 name is Phos
protocols.motifs.Motif: Res1 name is ARG
protocols.motifs.Motif: atom1 name is OH
protocols.motifs.Motif: atom2 name is COO
protocols.motifs.Motif: atom3 name is Phos
protocols.motifs.Motif: Res1 name is TYR
protocols.motifs.Motif: atom1 name is OOC
protocols.motifs.Motif: atom2 name is Phos
protocols.motifs.Motif: atom3 name is OOC
protocols.motifs.Motif: Res1 name is PHE
protocols.motifs.Motif: atom1 name is aroC
protocols.motifs.Motif: atom2 name is Nhis
protocols.motifs.Motif: atom3 name is CH2
protocols.motifs.Motif: Res1 name is GLN
protocols.motifs.Motif: atom1 name is OOC
protocols.motifs.Motif: atom2 name is Phos
protocols.motifs.Motif: atom3 name is OOC
protocols.motifs.Motif: Res1 name is LYS
protocols.motifs.Motif: atom1 name is OOC
protocols.motifs.Motif: atom2 name is Phos
protocols.motifs.Motif: atom3 name is OOC
core.pack.task: Packer task: initialize from command line() 
core.pack.task: Packer task: initialize from command line() 
core.pack.task: Packer task: initialize from command line() 
protocols.moves.MonteCarlo: MonteCarlo:: last_accepted_score,lowest_score: -1103.2 -1103.66
protocols.motifs.Motif: Res1 name is ARG
protocols.motifs.Motif: atom1 name is OOC
protocols.motifs.Motif: atom2 name is Phos
protocols.motifs.Motif: atom3 name is OOC
protocols.motifs.Motif: Res1 name is GLN
protocols.motifs.Motif: atom1 name is aroC
protocols.motifs.Motif: atom2 name is Nhis
protocols.motifs.Motif: atom3 name is CH2
protocols.motifs.Motif: Res1 name is ASP
protocols.motifs.Motif: atom1 name is OOC
protocols.motifs.Motif: atom2 name is Phos
protocols.motifs.Motif: atom3 name is OOC
protocols.motifs.Motif: Res1 name is ASP
protocols.motifs.Motif: atom1 name is aroC
protocols.motifs.Motif: atom2 name is aroC
protocols.motifs.Motif: atom3 name is Nhis
core.pack.task: Packer task: initialize from command line() 
core.pack.task: Packer task: initialize from command line() 
core.pack.task: Packer task: initialize from command line() 
protocols.moves.MonteCarlo: MonteCarlo:: last_accepted_score,lowest_score: -1030.59 -1030.59
protocols.motifs.Motif: Res1 name is LEU
protocols.motifs.Motif: atom1 name is OH
protocols.motifs.Motif: atom2 name is COO
protocols.motifs.Motif: atom3 name is Phos
protocols.motifs.Motif: Res1 name is ARG
protocols.motifs.Motif: atom1 name is OH
protocols.motifs.Motif: atom2 name is COO
protocols.motifs.Motif: atom3 name is Phos
protocols.motifs.Motif: Res1 name is LYS
protocols.motifs.Motif: atom1 name is OOC
protocols.motifs.Motif: atom2 name is Phos
protocols.motifs.Motif: atom3 name is OOC
core.pack.task: Packer task: initialize from command line() 
core.pack.task: Packer task: initialize from command line() 
core.pack.task: Packer task: initialize from command line() 
protocols.moves.MonteCarlo: MonteCarlo:: last_accepted_score,lowest_score: -1104.31 -1104.65
protocols.motifs.Motif: Res1 name is LEU
protocols.motifs.Motif: atom1 name is OH
protocols.motifs.Motif: atom2 name is COO
protocols.motifs.Motif: atom3 name is Phos
protocols.motifs.Motif: Res1 name is ARG
protocols.motifs.Motif: atom1 name is OOC
protocols.motifs.Motif: atom2 name is Phos
protocols.motifs.Motif: atom3 name is OOC
protocols.motifs.Motif: Res1 name is LYS
protocols.motifs.Motif: atom1 name is OOC
protocols.motifs.Motif: atom2 name is Phos
protocols.motifs.Motif: atom3 name is OOC
protocols.motifs.Motif: Res1 name is GLN
protocols.motifs.Motif: atom1 name is OOC
protocols.motifs.Motif: atom2 name is Phos
protocols.motifs.Motif: atom3 name is OOC
protocols.motifs.Motif: Res1 name is LYS
protocols.motifs.Motif: atom1 name is OOC
protocols.motifs.Motif: atom2 name is Phos
protocols.motifs.Motif: atom3 name is OOC
core.pack.task: Packer task: initialize from command line() 
core.pack.task: Packer task: initialize from command line() 
core.pack.task: Packer task: initialize from command line() 
protocols.moves.MonteCarlo: MonteCarlo:: last_accepted_score,lowest_score: -1105.86 -1106.04
protocols.motifs.Motif: Res1 name is LEU
protocols.motifs.Motif: atom1 name is OOC
protocols.motifs.Motif: atom2 name is Phos
protocols.motifs.Motif: atom3 name is OOC
protocols.motifs.Motif: Res1 name is ARG
protocols.motifs.Motif: atom1 name is OOC
protocols.motifs.Motif: atom2 name is Phos
protocols.motifs.Motif: atom3 name is OOC
protocols.motifs.Motif: Res1 name is THR
protocols.motifs.Motif: atom1 name is OOC
protocols.motifs.Motif: atom2 name is Phos
protocols.motifs.Motif: atom3 name is OOC
protocols.motifs.Motif: Res1 name is TYR
protocols.motifs.Motif: atom1 name is OOC
protocols.motifs.Motif: atom2 name is Phos
protocols.motifs.Motif: atom3 name is OOC
protocols.motifs.Motif: Res1 name is GLN
protocols.motifs.Motif: atom1 name is OOC
protocols.motifs.Motif: atom2 name is Phos
protocols.motifs.Motif: atom3 name is OOC
protocols.motifs.Motif: Res1 name is LYS
protocols.motifs.Motif: atom1 name is OOC
protocols.motifs.Motif: atom2 name is Phos
protocols.motifs.Motif: atom3 name is OOC
core.pack.task: Packer task: initialize from command line() 
core.pack.task: Packer task: initialize from command line() 
core.pack.task: Packer task: initialize from command line() 
protocols.moves.MonteCarlo: MonteCarlo:: last_accepted_score,lowest_score: -1104.15 -1104.15
protocols.motifs.Motif: Res1 name is LEU
protocols.motifs.Motif: atom1 name is Nhis
protocols.motifs.Motif: atom2 name is aroC
protocols.motifs.Motif: atom3 name is Nhis
protocols.motifs.Motif: Res1 name is ARG
protocols.motifs.Motif: atom1 name is Nhis
protocols.motifs.Motif: atom2 name is aroC
protocols.motifs.Motif: atom3 name is Nhis
protocols.motifs.Motif: Res1 name is LYS
protocols.motifs.Motif: atom1 name is OOC
protocols.motifs.Motif: atom2 name is Phos
protocols.motifs.Motif: atom3 name is OOC
protocols.motifs.Motif: Res1 name is GLN
protocols.motifs.Motif: atom1 name is OOC
protocols.motifs.Motif: atom2 name is Phos
protocols.motifs.Motif: atom3 name is OOC
protocols.motifs.Motif: Res1 name is LYS
protocols.motifs.Motif: atom1 name is OOC
protocols.motifs.Motif: atom2 name is Phos
protocols.motifs.Motif: atom3 name is OOC
core.pack.task: Packer task: initialize from command line() 
core.pack.task: Packer task: initialize from command line() 
core.pack.task: Packer task: initialize from command line() 
protocols.moves.MonteCarlo: MonteCarlo:: last_accepted_score,lowest_score: -1101.24 -1103.3
protocols.motifs.Motif: Res1 name is ASP
protocols.motifs.Motif: atom1 name is OOC
protocols.motifs.Motif: atom2 name is Phos
protocols.motifs.Motif: atom3 name is OOC
protocols.motifs.Motif: Res1 name is ARG
protocols.motifs.Motif: atom1 name is OOC
protocols.motifs.Motif: atom2 name is Phos
protocols.motifs.Motif: atom3 name is OOC
protocols.motifs.Motif: Res1 name is LYS
protocols.motifs.Motif: atom1 name is Nhis
protocols.motifs.Motif: atom2 name is aroC
protocols.motifs.Motif: atom3 name is Nhis
core.pack.task: Packer task: initialize from command line() 
core.pack.task: Packer task: initialize from command line() 
core.pack.task: Packer task: initialize from command line() 
protocols.moves.MonteCarlo: MonteCarlo:: last_accepted_score,lowest_score: -1103.56 -1103.56
protocols.motifs.Motif: Res1 name is THR
protocols.motifs.Motif: atom1 name is OH
protocols.motifs.Motif: atom2 name is COO
protocols.motifs.Motif: atom3 name is Phos
protocols.motifs.Motif: Res1 name is PHE
protocols.motifs.Motif: atom1 name is OOC
protocols.motifs.Motif: atom2 name is Phos
protocols.motifs.Motif: atom3 name is OOC
protocols.motifs.Motif: Res1 name is GLN
protocols.motifs.Motif: atom1 name is OH
protocols.motifs.Motif: atom2 name is COO
protocols.motifs.Motif: atom3 name is Phos
protocols.motifs.Motif: Res1 name is LYS
protocols.motifs.Motif: atom1 name is OOC
protocols.motifs.Motif: atom2 name is Phos
protocols.motifs.Motif: atom3 name is OOC
core.pack.task: Packer task: initialize from command line() 
core.pack.task: Packer task: initialize from command line() 
core.pack.task: Packer task: initialize from command line() 
protocols.moves.MonteCarlo: MonteCarlo:: last_accepted_score,lowest_score: -1104.2 -1104.25
protocols.motifs.Motif: Res1 name is GLN
protocols.motifs.Motif: atom1 name is OOC
protocols.motifs.Motif: atom2 name is Phos
protocols.motifs.Motif: atom3 name is OOC
protocols.motifs.Motif: Res1 name is LYS
protocols.motifs.Motif: atom1 name is OH
protocols.motifs.Motif: atom2 name is COO
protocols.motifs.Motif: atom3 name is Phos
core.pack.task: Packer task: initialize from command line() 
core.pack.task: Packer task: initialize from command line() 
core.pack.task: Packer task: initialize from command line() 
protocols.moves.MonteCarlo: MonteCarlo:: last_accepted_score,lowest_score: -1104.44 -1105.28
protocols.motifs.Motif: Res1 name is LEU
protocols.motifs.Motif: atom1 name is Nhis
protocols.motifs.Motif: atom2 name is aroC
protocols.motifs.Motif: atom3 name is Nhis
protocols.motifs.Motif: Res1 name is ARG
protocols.motifs.Motif: atom1 name is OOC
protocols.motifs.Motif: atom2 name is Phos
protocols.motifs.Motif: atom3 name is OOC
protocols.motifs.Motif: Res1 name is LYS
protocols.motifs.Motif: atom1 name is OOC
protocols.motifs.Motif: atom2 name is Phos
protocols.motifs.Motif: atom3 name is OOC
protocols.motifs.Motif: Res1 name is GLN
protocols.motifs.Motif: atom1 name is OOC
protocols.motifs.Motif: atom2 name is Phos
protocols.motifs.Motif: atom3 name is OOC
protocols.motifs.Motif: Res1 name is LYS
protocols.motifs.Motif: atom1 name is OOC
protocols.motifs.Motif: atom2 name is Phos
protocols.motifs.Motif: atom3 name is OOC
core.pack.task: Packer task: initialize from command line() 
core.pack.task: Packer task: initialize from command line() 
core.pack.task: Packer task: initialize from command line() 
protocols.moves.MonteCarlo: MonteCarlo:: last_accepted_score,lowest_score: -1105.02 -1105.17
protocols.motifs.Motif: Res1 name is LEU
protocols.motifs.Motif: atom1 name is OH
protocols.motifs.Motif: atom2 name is COO
protocols.motifs.Motif: atom3 name is Phos
protocols.motifs.Motif: Res1 name is ARG
protocols.motifs.Motif: atom1 name is Nhis
protocols.motifs.Motif: atom2 name is aroC
protocols.motifs.Motif: atom3 name is Nhis
protocols.motifs.Motif: Res1 name is LYS
protocols.motifs.Motif: atom1 name is OOC
protocols.motifs.Motif: atom2 name is Phos
protocols.motifs.Motif: atom3 name is OOC
protocols.motifs.Motif: Res1 name is GLN
protocols.motifs.Motif: atom1 name is OOC
protocols.motifs.Motif: atom2 name is Phos
protocols.motifs.Motif: atom3 name is OOC
protocols.motifs.Motif: Res1 name is LYS
protocols.motifs.Motif: atom1 name is OOC
protocols.motifs.Motif: atom2 name is Phos
protocols.motifs.Motif: atom3 name is OOC
core.pack.task: Packer task: initialize from command line() 
core.pack.task: Packer task: initialize from command line() 
core.pack.task: Packer task: initialize from command line() 
protocols.moves.MonteCarlo: MonteCarlo:: last_accepted_score,lowest_score: -1102.92 -1102.92
protocols.motifs.Motif: Res1 name is LEU
protocols.motifs.Motif: atom1 name is Nhis
protocols.motifs.Motif: atom2 name is aroC
protocols.motifs.Motif: atom3 name is Nhis
protocols.motifs.Motif: Res1 name is ARG
protocols.motifs.Motif: atom1 name is OH
protocols.motifs.Motif: atom2 name is COO
protocols.motifs.Motif: atom3 name is Phos
protocols.motifs.Motif: Res1 name is LYS
protocols.motifs.Motif: atom1 name is OOC
protocols.motifs.Motif: atom2 name is Phos
protocols.motifs.Motif: atom3 name is OOC
core.pack.task: Packer task: initialize from command line() 
core.pack.task: Packer task: initialize from command line() 
core.pack.task: Packer task: initialize from command line() 
protocols.moves.MonteCarlo: MonteCarlo:: last_accepted_score,lowest_score: -1104.4 -1104.82
protocols.motifs.Motif: Res1 name is LEU
protocols.motifs.Motif: atom1 name is OOC
protocols.motifs.Motif: atom2 name is Phos
protocols.motifs.Motif: atom3 name is OOC
protocols.motifs.Motif: Res1 name is ARG
protocols.motifs.Motif: atom1 name is OOC
protocols.motifs.Motif: atom2 name is Phos
protocols.motifs.Motif: atom3 name is OOC
protocols.motifs.Motif: Res1 name is GLN
protocols.motifs.Motif: atom1 name is Nhis
protocols.motifs.Motif: atom2 name is aroC
protocols.motifs.Motif: atom3 name is Nhis
protocols.motifs.Motif: Res1 name is ASP
protocols.motifs.Motif: atom1 name is aroC
protocols.motifs.Motif: atom2 name is aroC
protocols.motifs.Motif: atom3 name is Nhis
protocols.motifs.Motif: Res1 name is LYS
protocols.motifs.Motif: atom1 name is OOC
protocols.motifs.Motif: atom2 name is Phos
protocols.motifs.Motif: atom3 name is OOC
core.pack.task: Packer task: initialize from command line() 
core.pack.task: Packer task: initialize from command line() 
core.pack.task: Packer task: initialize from command line() 
protocols.moves.MonteCarlo: MonteCarlo:: last_accepted_score,lowest_score: -1105.55 -1105.55
protocols.motifs.Motif: Res1 name is LEU
protocols.motifs.Motif: atom1 name is OH
protocols.motifs.Motif: atom2 name is COO
protocols.motifs.Motif: atom3 name is Phos
protocols.motifs.Motif: Res1 name is ARG
protocols.motifs.Motif: atom1 name is OOC
protocols.motifs.Motif: atom2 name is Phos
protocols.motifs.Motif: atom3 name is OOC
protocols.motifs.Motif: Res1 name is LYS
protocols.motifs.Motif: atom1 name is OOC
protocols.motifs.Motif: atom2 name is Phos
protocols.motifs.Motif: atom3 name is OOC
protocols.motifs.Motif: Res1 name is GLN
protocols.motifs.Motif: atom1 name is OOC
protocols.motifs.Motif: atom2 name is Phos
protocols.motifs.Motif: atom3 name is OOC
protocols.motifs.Motif: Res1 name is LYS
protocols.motifs.Motif: atom1 name is OOC
protocols.motifs.Motif: atom2 name is Phos
protocols.motifs.Motif: atom3 name is OOC
core.pack.task: Packer task: initialize from command line() 
core.pack.task: Packer task: initialize from command line() 
core.pack.task: Packer task: initialize from command line() 
protocols.moves.MonteCarlo: MonteCarlo:: last_accepted_score,lowest_score: -1103.88 -1104.69
protocols.motifs.Motif: Res1 name is LEU
protocols.motifs.Motif: atom1 name is OOC
protocols.motifs.Motif: atom2 name is Phos
protocols.motifs.Motif: atom3 name is OOC
protocols.motifs.Motif: Res1 name is ARG
protocols.motifs.Motif: atom1 name is OOC
protocols.motifs.Motif: atom2 name is Phos
protocols.motifs.Motif: atom3 name is OOC
protocols.motifs.Motif: Res1 name is LYS
protocols.motifs.Motif: atom1 name is OOC
protocols.motifs.Motif: atom2 name is Phos
protocols.motifs.Motif: atom3 name is OOC
protocols.motifs.Motif: Res1 name is GLN
protocols.motifs.Motif: atom1 name is OOC
protocols.motifs.Motif: atom2 name is Phos
protocols.motifs.Motif: atom3 name is OOC
protocols.motifs.Motif: Res1 name is LYS
protocols.motifs.Motif: atom1 name is Nhis
protocols.motifs.Motif: atom2 name is aroC
protocols.motifs.Motif: atom3 name is Nhis
core.pack.task: Packer task: initialize from command line() 
core.pack.task: Packer task: initialize from command line() 
core.pack.task: Packer task: initialize from command line() 
protocols.moves.MonteCarlo: MonteCarlo:: last_accepted_score,lowest_score: -1105.07 -1105.79
protocols.motifs.Motif: Res1 name is ARG
protocols.motifs.Motif: atom1 name is OOC
protocols.motifs.Motif: atom2 name is Phos
protocols.motifs.Motif: atom3 name is OOC
protocols.motifs.Motif: Res1 name is LYS
protocols.motifs.Motif: atom1 name is OOC
protocols.motifs.Motif: atom2 name is Phos
protocols.motifs.Motif: atom3 name is OOC
protocols.motifs.Motif: Res1 name is GLN
protocols.motifs.Motif: atom1 name is OOC
protocols.motifs.Motif: atom2 name is Phos
protocols.motifs.Motif: atom3 name is OOC
protocols.motifs.Motif: Res1 name is LYS
protocols.motifs.Motif: atom1 name is OOC
protocols.motifs.Motif: atom2 name is Phos
protocols.motifs.Motif: atom3 name is OOC
core.pack.task: Packer task: initialize from command line() 
core.pack.task: Packer task: initialize from command line() 
core.pack.task: Packer task: initialize from command line() 
protocols.moves.MonteCarlo: MonteCarlo:: last_accepted_score,lowest_score: -1106.42 -1106.42
protocols.motifs.Motif: Res1 name is LEU
protocols.motifs.Motif: atom1 name is OOC
protocols.motifs.Motif: atom2 name is Phos
protocols.motifs.Motif: atom3 name is OOC
protocols.motifs.Motif: Res1 name is ARG
protocols.motifs.Motif: atom1 name is OOC
protocols.motifs.Motif: atom2 name is Phos
protocols.motifs.Motif: atom3 name is OOC
protocols.motifs.Motif: Res1 name is THR
protocols.motifs.Motif: atom1 name is OOC
protocols.motifs.Motif: atom2 name is Phos
protocols.motifs.Motif: atom3 name is OOC
protocols.motifs.Motif: Res1 name is TYR
protocols.motifs.Motif: atom1 name is OOC
protocols.motifs.Motif: atom2 name is Phos
protocols.motifs.Motif: atom3 name is OOC
protocols.motifs.Motif: Res1 name is PHE
protocols.motifs.Motif: atom1 name is OOC
protocols.motifs.Motif: atom2 name is Phos
protocols.motifs.Motif: atom3 name is OOC
protocols.motifs.Motif: Res1 name is GLN
protocols.motifs.Motif: atom1 name is OOC
protocols.motifs.Motif: atom2 name is Phos
protocols.motifs.Motif: atom3 name is OOC
protocols.motifs.Motif: Res1 name is LYS
protocols.motifs.Motif: atom1 name is OOC
protocols.motifs.Motif: atom2 name is Phos
protocols.motifs.Motif: atom3 name is OOC
core.pack.task: Packer task: initialize from command line() 
core.pack.task: Packer task: initialize from command line() 
core.pack.task: Packer task: initialize from command line() 
protocols.moves.MonteCarlo: MonteCarlo:: last_accepted_score,lowest_score: -1105.47 -1105.56
protocols.motifs.Motif: Res1 name is LEU
protocols.motifs.Motif: atom1 name is OOC
protocols.motifs.Motif: atom2 name is Phos
protocols.motifs.Motif: atom3 name is OOC
protocols.motifs.Motif: Res1 name is ARG
protocols.motifs.Motif: atom1 name is OOC
protocols.motifs.Motif: atom2 name is Phos
protocols.motifs.Motif: atom3 name is OOC
protocols.motifs.Motif: Res1 name is LYS
protocols.motifs.Motif: atom1 name is OOC
protocols.motifs.Motif: atom2 name is Phos
protocols.motifs.Motif: atom3 name is OOC
protocols.motifs.Motif: Res1 name is GLN
protocols.motifs.Motif: atom1 name is Nhis
protocols.motifs.Motif: atom2 name is aroC
protocols.motifs.Motif: atom3 name is Nhis
protocols.motifs.Motif: Res1 name is LYS
protocols.motifs.Motif: atom1 name is OOC
protocols.motifs.Motif: atom2 name is Phos
protocols.motifs.Motif: atom3 name is OOC
core.pack.task: Packer task: initialize from command line() 
core.pack.task: Packer task: initialize from command line() 
core.pack.task: Packer task: initialize from command line() 
protocols.moves.MonteCarlo: MonteCarlo:: last_accepted_score,lowest_score: -1104.21 -1104.21
protocols.motifs.Motif: Res1 name is ARG
protocols.motifs.Motif: atom1 name is OOC
protocols.motifs.Motif: atom2 name is Phos
protocols.motifs.Motif: atom3 name is OOC
protocols.motifs.Motif: Res1 name is GLN
protocols.motifs.Motif: atom1 name is Nhis
protocols.motifs.Motif: atom2 name is aroC
protocols.motifs.Motif: atom3 name is Nhis
protocols.motifs.Motif: Res1 name is GLN
protocols.motifs.Motif: atom1 name is OOC
protocols.motifs.Motif: atom2 name is Phos
protocols.motifs.Motif: atom3 name is OOC
protocols.motifs.Motif: Res1 name is LYS
protocols.motifs.Motif: atom1 name is OOC
protocols.motifs.Motif: atom2 name is Phos
protocols.motifs.Motif: atom3 name is OOC
core.pack.task: Packer task: initialize from command line() 
core.pack.task: Packer task: initialize from command line() 
core.pack.task: Packer task: initialize from command line() 
protocols.moves.MonteCarlo: MonteCarlo:: last_accepted_score,lowest_score: -1104.57 -1104.57
protocols.motifs.Motif: Res1 name is LEU
protocols.motifs.Motif: atom1 name is Nhis
protocols.motifs.Motif: atom2 name is aroC
protocols.motifs.Motif: atom3 name is Nhis
protocols.motifs.Motif: Res1 name is ARG
protocols.motifs.Motif: atom1 name is Nhis
protocols.motifs.Motif: atom2 name is aroC
protocols.motifs.Motif: atom3 name is Nhis
protocols.motifs.Motif: Res1 name is LYS
protocols.motifs.Motif: atom1 name is OOC
protocols.motifs.Motif: atom2 name is Phos
protocols.motifs.Motif: atom3 name is OOC
protocols.motifs.Motif: Res1 name is GLN
protocols.motifs.Motif: atom1 name is OOC
protocols.motifs.Motif: atom2 name is Phos
protocols.motifs.Motif: atom3 name is OOC
protocols.motifs.Motif: Res1 name is LYS
protocols.motifs.Motif: atom1 name is OOC
protocols.motifs.Motif: atom2 name is Phos
protocols.motifs.Motif: atom3 name is OOC
core.pack.task: Packer task: initialize from command line() 
core.pack.task: Packer task: initialize from command line() 
core.pack.task: Packer task: initialize from command line() 
protocols.moves.MonteCarlo: MonteCarlo:: last_accepted_score,lowest_score: -1104.81 -1105.72
protocols.motifs.Motif: Res1 name is LEU
protocols.motifs.Motif: atom1 name is OH
protocols.motifs.Motif: atom2 name is COO
protocols.motifs.Motif: atom3 name is Phos
protocols.motifs.Motif: Res1 name is ARG
protocols.motifs.Motif: atom1 name is OOC
protocols.motifs.Motif: atom2 name is Phos
protocols.motifs.Motif: atom3 name is OOC
protocols.motifs.Motif: Res1 name is GLN
protocols.motifs.Motif: atom1 name is OOC
protocols.motifs.Motif: atom2 name is Phos
protocols.motifs.Motif: atom3 name is OOC
protocols.motifs.Motif: Res1 name is LYS
protocols.motifs.Motif: atom1 name is OOC
protocols.motifs.Motif: atom2 name is Phos
protocols.motifs.Motif: atom3 name is OOC
core.pack.task: Packer task: initialize from command line() 
core.pack.task: Packer task: initialize from command line() 
core.pack.task: Packer task: initialize from command line() 
protocols.moves.MonteCarlo: MonteCarlo:: last_accepted_score,lowest_score: -1104.22 -1104.57
protocols.motifs.Motif: Res1 name is ARG
protocols.motifs.Motif: atom1 name is OOC
protocols.motifs.Motif: atom2 name is Phos
protocols.motifs.Motif: atom3 name is OOC
protocols.motifs.Motif: Res1 name is LYS
protocols.motifs.Motif: atom1 name is OOC
protocols.motifs.Motif: atom2 name is Phos
protocols.motifs.Motif: atom3 name is OOC
protocols.motifs.Motif: Res1 name is GLN
protocols.motifs.Motif: atom1 name is OOC
protocols.motifs.Motif: atom2 name is Phos
protocols.motifs.Motif: atom3 name is OOC
protocols.motifs.Motif: Res1 name is LYS
protocols.motifs.Motif: atom1 name is OOC
protocols.motifs.Motif: atom2 name is Phos
protocols.motifs.Motif: atom3 name is OOC
core.pack.task: Packer task: initialize from command line() 
core.pack.task: Packer task: initialize from command line() 
core.pack.task: Packer task: initialize from command line() 
protocols.moves.MonteCarlo: MonteCarlo:: last_accepted_score,lowest_score: -1105.2 -1105.46
protocols.motifs.Motif: Res1 name is LEU
protocols.motifs.Motif: atom1 name is OOC
protocols.motifs.Motif: atom2 name is Phos
protocols.motifs.Motif: atom3 name is OOC
protocols.motifs.Motif: Res1 name is ARG
protocols.motifs.Motif: atom1 name is OOC
protocols.motifs.Motif: atom2 name is Phos
protocols.motifs.Motif: atom3 name is OOC
protocols.motifs.Motif: Res1 name is PHE
protocols.motifs.Motif: atom1 name is Nhis
protocols.motifs.Motif: atom2 name is aroC
protocols.motifs.Motif: atom3 name is Nhis
protocols.motifs.Motif: Res1 name is GLN
protocols.motifs.Motif: atom1 name is OOC
protocols.motifs.Motif: atom2 name is Phos
protocols.motifs.Motif: atom3 name is OOC
protocols.motifs.Motif: Res1 name is LYS
protocols.motifs.Motif: atom1 name is OOC
protocols.motifs.Motif: atom2 name is Phos
protocols.motifs.Motif: atom3 name is OOC
protocols.motifs.Motif: Res1 name is ARG
protocols.motifs.Motif: atom1 name is Nhis
protocols.motifs.Motif: atom2 name is aroC
protocols.motifs.Motif: atom3 name is Nhis
core.pack.task: Packer task: initialize from command line() 
core.pack.task: Packer task: initialize from command line() 
core.pack.task: Packer task: initialize from command line() 
protocols.moves.MonteCarlo: MonteCarlo:: last_accepted_score,lowest_score: -1108.08 -1108.29
protocols.motifs.Motif: Res1 name is LEU
protocols.motifs.Motif: atom1 name is OOC
protocols.motifs.Motif: atom2 name is Phos
protocols.motifs.Motif: atom3 name is OOC
protocols.motifs.Motif: Res1 name is THR
protocols.motifs.Motif: atom1 name is OOC
protocols.motifs.Motif: atom2 name is Phos
protocols.motifs.Motif: atom3 name is OOC
protocols.motifs.Motif: Res1 name is TYR
protocols.motifs.Motif: atom1 name is OOC
protocols.motifs.Motif: atom2 name is Phos
protocols.motifs.Motif: atom3 name is OOC
protocols.motifs.Motif: Res1 name is PHE
protocols.motifs.Motif: atom1 name is aroC
protocols.motifs.Motif: atom2 name is Nhis
protocols.motifs.Motif: atom3 name is CH2
protocols.motifs.Motif: Res1 name is GLN
protocols.motifs.Motif: atom1 name is COO
protocols.motifs.Motif: atom2 name is CH2
protocols.motifs.Motif: atom3 name is Nhis
protocols.motifs.Motif: Res1 name is LYS
protocols.motifs.Motif: atom1 name is OOC
protocols.motifs.Motif: atom2 name is Phos
protocols.motifs.Motif: atom3 name is OOC
protocols.motifs.Motif: Res1 name is ARG
protocols.motifs.Motif: atom1 name is aroC
protocols.motifs.Motif: atom2 name is aroC
protocols.motifs.Motif: atom3 name is Nhis
core.pack.task: Packer task: initialize from command line() 
core.pack.task: Packer task: initialize from command line() 
core.pack.task: Packer task: initialize from command line() 
protocols.moves.MonteCarlo: MonteCarlo:: last_accepted_score,lowest_score: -1104.19 -1104.28
protocols.motifs.Motif: Res1 name is LEU
protocols.motifs.Motif: atom1 name is OOC
protocols.motifs.Motif: atom2 name is Phos
protocols.motifs.Motif: atom3 name is OOC
protocols.motifs.Motif: Res1 name is ARG
protocols.motifs.Motif: atom1 name is OOC
protocols.motifs.Motif: atom2 name is Phos
protocols.motifs.Motif: atom3 name is OOC
protocols.motifs.Motif: Res1 name is LYS
protocols.motifs.Motif: atom1 name is Nhis
protocols.motifs.Motif: atom2 name is aroC
protocols.motifs.Motif: atom3 name is Nhis
protocols.motifs.Motif: Res1 name is GLN
protocols.motifs.Motif: atom1 name is OOC
protocols.motifs.Motif: atom2 name is Phos
protocols.motifs.Motif: atom3 name is OOC
protocols.motifs.Motif: Res1 name is LYS
protocols.motifs.Motif: atom1 name is OOC
protocols.motifs.Motif: atom2 name is Phos
protocols.motifs.Motif: atom3 name is OOC
core.pack.task: Packer task: initialize from command line() 
core.pack.task: Packer task: initialize from command line() 
core.pack.task: Packer task: initialize from command line() 
protocols.moves.MonteCarlo: MonteCarlo:: last_accepted_score,lowest_score: -1104.38 -1104.38
protocols.motifs.Motif: Res1 name is ARG
protocols.motifs.Motif: atom1 name is OOC
protocols.motifs.Motif: atom2 name is Phos
protocols.motifs.Motif: atom3 name is OOC
protocols.motifs.Motif: Res1 name is GLN
protocols.motifs.Motif: atom1 name is OH
protocols.motifs.Motif: atom2 name is COO
protocols.motifs.Motif: atom3 name is Phos
protocols.motifs.Motif: Res1 name is LYS
protocols.motifs.Motif: atom1 name is OOC
protocols.motifs.Motif: atom2 name is Phos
protocols.motifs.Motif: atom3 name is OOC
core.pack.task: Packer task: initialize from command line() 
core.pack.task: Packer task: initialize from command line() 
core.pack.task: Packer task: initialize from command line() 
protocols.moves.MonteCarlo: MonteCarlo:: last_accepted_score,lowest_score: -1105.8 -1105.8
protocols.motifs.Motif: Res1 name is LEU
protocols.motifs.Motif: atom1 name is OH
protocols.motifs.Motif: atom2 name is COO
protocols.motifs.Motif: atom3 name is Phos
protocols.motifs.Motif: Res1 name is ARG
protocols.motifs.Motif: atom1 name is OOC
protocols.motifs.Motif: atom2 name is Phos
protocols.motifs.Motif: atom3 name is OOC
protocols.motifs.Motif: Res1 name is LYS
protocols.motifs.Motif: atom1 name is OOC
protocols.motifs.Motif: atom2 name is Phos
protocols.motifs.Motif: atom3 name is OOC
protocols.motifs.Motif: Res1 name is GLN
protocols.motifs.Motif: atom1 name is OOC
protocols.motifs.Motif: atom2 name is Phos
protocols.motifs.Motif: atom3 name is OOC
protocols.motifs.Motif: Res1 name is LYS
protocols.motifs.Motif: atom1 name is OOC
protocols.motifs.Motif: atom2 name is Phos
protocols.motifs.Motif: atom3 name is OOC
core.pack.task: Packer task: initialize from command line() 
core.pack.task: Packer task: initialize from command line() 
core.pack.task: Packer task: initialize from command line() 
protocols.moves.MonteCarlo: MonteCarlo:: last_accepted_score,lowest_score: -1104.28 -1104.44
protocols.motifs.Motif: Res1 name is ARG
protocols.motifs.Motif: atom1 name is OOC
protocols.motifs.Motif: atom2 name is Phos
protocols.motifs.Motif: atom3 name is OOC
protocols.motifs.Motif: Res1 name is LYS
protocols.motifs.Motif: atom1 name is Nhis
protocols.motifs.Motif: atom2 name is aroC
protocols.motifs.Motif: atom3 name is Nhis
protocols.motifs.Motif: Res1 name is GLN
protocols.motifs.Motif: atom1 name is OH
protocols.motifs.Motif: atom2 name is COO
protocols.motifs.Motif: atom3 name is Phos
protocols.motifs.Motif: Res1 name is LYS
protocols.motifs.Motif: atom1 name is OOC
protocols.motifs.Motif: atom2 name is Phos
protocols.motifs.Motif: atom3 name is OOC
core.pack.task: Packer task: initialize from command line() 
core.pack.task: Packer task: initialize from command line() 
core.pack.task: Packer task: initialize from command line() 
protocols.moves.MonteCarlo: MonteCarlo:: last_accepted_score,lowest_score: -1104.7 -1104.95
protocols.motifs.Motif: Res1 name is ARG
protocols.motifs.Motif: atom1 name is OOC
protocols.motifs.Motif: atom2 name is Phos
protocols.motifs.Motif: atom3 name is OOC
protocols.motifs.Motif: Res1 name is LYS
protocols.motifs.Motif: atom1 name is OOC
protocols.motifs.Motif: atom2 name is Phos
protocols.motifs.Motif: atom3 name is OOC
protocols.motifs.Motif: Res1 name is GLN
protocols.motifs.Motif: atom1 name is Nhis
protocols.motifs.Motif: atom2 name is aroC
protocols.motifs.Motif: atom3 name is Nhis
protocols.motifs.Motif: Res1 name is LYS
protocols.motifs.Motif: atom1 name is Nhis
protocols.motifs.Motif: atom2 name is aroC
protocols.motifs.Motif: atom3 name is Nhis
core.pack.task: Packer task: initialize from command line() 
core.pack.task: Packer task: initialize from command line() 
core.pack.task: Packer task: initialize from command line() 
protocols.moves.MonteCarlo: MonteCarlo:: last_accepted_score,lowest_score: -1104.21 -1104.21
protocols.motifs.Motif: Res1 name is LEU
protocols.motifs.Motif: atom1 name is OOC
protocols.motifs.Motif: atom2 name is Phos
protocols.motifs.Motif: atom3 name is OOC
protocols.motifs.Motif: Res1 name is ARG
protocols.motifs.Motif: atom1 name is OOC
protocols.motifs.Motif: atom2 name is Phos
protocols.motifs.Motif: atom3 name is OOC
protocols.motifs.Motif: Res1 name is PHE
protocols.motifs.Motif: atom1 name is Nhis
protocols.motifs.Motif: atom2 name is aroC
protocols.motifs.Motif: atom3 name is Nhis
protocols.motifs.Motif: Res1 name is GLN
protocols.motifs.Motif: atom1 name is OOC
protocols.motifs.Motif: atom2 name is Phos
protocols.motifs.Motif: atom3 name is OOC
protocols.motifs.Motif: Res1 name is LYS
protocols.motifs.Motif: atom1 name is OOC
protocols.motifs.Motif: atom2 name is Phos
protocols.motifs.Motif: atom3 name is OOC
core.pack.task: Packer task: initialize from command line() 
core.pack.task: Packer task: initialize from command line() 
core.pack.task: Packer task: initialize from command line() 
protocols.moves.MonteCarlo: MonteCarlo:: last_accepted_score,lowest_score: -1104.55 -1105.15
protocols.motifs.Motif: Res1 name is ARG
protocols.motifs.Motif: atom1 name is OOC
protocols.motifs.Motif: atom2 name is Phos
protocols.motifs.Motif: atom3 name is OOC
protocols.motifs.Motif: Res1 name is LYS
protocols.motifs.Motif: atom1 name is OOC
protocols.motifs.Motif: atom2 name is Phos
protocols.motifs.Motif: atom3 name is OOC
protocols.motifs.Motif: Res1 name is GLN
protocols.motifs.Motif: atom1 name is OOC
protocols.motifs.Motif: atom2 name is Phos
protocols.motifs.Motif: atom3 name is OOC
protocols.motifs.Motif: Res1 name is ASP
protocols.motifs.Motif: atom1 name is aroC
protocols.motifs.Motif: atom2 name is aroC
protocols.motifs.Motif: atom3 name is Nhis
protocols.motifs.Motif: Res1 name is LYS
protocols.motifs.Motif: atom1 name is Nhis
protocols.motifs.Motif: atom2 name is aroC
protocols.motifs.Motif: atom3 name is Nhis
core.pack.task: Packer task: initialize from command line() 
core.pack.task: Packer task: initialize from command line() 
core.pack.task: Packer task: initialize from command line() 
protocols.moves.MonteCarlo: MonteCarlo:: last_accepted_score,lowest_score: -1105.47 -1105.47
protocols.motifs.Motif: Res1 name is LEU
protocols.motifs.Motif: atom1 name is OOC
protocols.motifs.Motif: atom2 name is Phos
protocols.motifs.Motif: atom3 name is OOC
protocols.motifs.Motif: Res1 name is ARG
protocols.motifs.Motif: atom1 name is OOC
protocols.motifs.Motif: atom2 name is Phos
protocols.motifs.Motif: atom3 name is OOC
protocols.motifs.Motif: Res1 name is THR
protocols.motifs.Motif: atom1 name is OOC
protocols.motifs.Motif: atom2 name is Phos
protocols.motifs.Motif: atom3 name is OOC
protocols.motifs.Motif: Res1 name is TYR
protocols.motifs.Motif: atom1 name is OOC
protocols.motifs.Motif: atom2 name is Phos
protocols.motifs.Motif: atom3 name is OOC
protocols.motifs.Motif: Res1 name is GLN
protocols.motifs.Motif: atom1 name is OOC
protocols.motifs.Motif: atom2 name is Phos
protocols.motifs.Motif: atom3 name is OOC
protocols.motifs.Motif: Res1 name is LYS
protocols.motifs.Motif: atom1 name is OOC
protocols.motifs.Motif: atom2 name is Phos
protocols.motifs.Motif: atom3 name is OOC
core.pack.task: Packer task: initialize from command line() 
core.pack.task: Packer task: initialize from command line() 
core.pack.task: Packer task: initialize from command line() 
protocols.moves.MonteCarlo: MonteCarlo:: last_accepted_score,lowest_score: -1104.57 -1105.35
protocols.motifs.Motif: Res1 name is LEU
protocols.motifs.Motif: atom1 name is OOC
protocols.motifs.Motif: atom2 name is Phos
protocols.motifs.Motif: atom3 name is OOC
protocols.motifs.Motif: Res1 name is ARG
protocols.motifs.Motif: atom1 name is OOC
protocols.motifs.Motif: atom2 name is Phos
protocols.motifs.Motif: atom3 name is OOC
protocols.motifs.Motif: Res1 name is PHE
protocols.motifs.Motif: atom1 name is Nhis
protocols.motifs.Motif: atom2 name is aroC
protocols.motifs.Motif: atom3 name is Nhis
protocols.motifs.Motif: Res1 name is GLN
protocols.motifs.Motif: atom1 name is aroC
protocols.motifs.Motif: atom2 name is Nhis
protocols.motifs.Motif: atom3 name is CH2
protocols.motifs.Motif: Res1 name is LYS
protocols.motifs.Motif: atom1 name is OOC
protocols.motifs.Motif: atom2 name is Phos
protocols.motifs.Motif: atom3 name is OOC
core.pack.task: Packer task: initialize from command line() 
core.pack.task: Packer task: initialize from command line() 
core.pack.task: Packer task: initialize from command line() 
protocols.moves.MonteCarlo: MonteCarlo:: last_accepted_score,lowest_score: -1103.43 -1103.43
protocols.motifs.Motif: Res1 name is LEU
protocols.motifs.Motif: atom1 name is OH
protocols.motifs.Motif: atom2 name is COO
protocols.motifs.Motif: atom3 name is Phos
protocols.motifs.Motif: Res1 name is ARG
protocols.motifs.Motif: atom1 name is OH
protocols.motifs.Motif: atom2 name is COO
protocols.motifs.Motif: atom3 name is Phos
protocols.motifs.Motif: Res1 name is GLN
protocols.motifs.Motif: atom1 name is aroC
protocols.motifs.Motif: atom2 name is Nhis
protocols.motifs.Motif: atom3 name is CH2
protocols.motifs.Motif: Res1 name is LYS
protocols.motifs.Motif: atom1 name is OOC
protocols.motifs.Motif: atom2 name is Phos
protocols.motifs.Motif: atom3 name is OOC
core.pack.task: Packer task: initialize from command line() 
core.pack.task: Packer task: initialize from command line() 
core.pack.task: Packer task: initialize from command line() 
protocols.moves.MonteCarlo: MonteCarlo:: last_accepted_score,lowest_score: -1105.38 -1105.38
protocols.motifs.Motif: Res1 name is ARG
protocols.motifs.Motif: atom1 name is OOC
protocols.motifs.Motif: atom2 name is Phos
protocols.motifs.Motif: atom3 name is OOC
protocols.motifs.Motif: Res1 name is LYS
protocols.motifs.Motif: atom1 name is Nhis
protocols.motifs.Motif: atom2 name is aroC
protocols.motifs.Motif: atom3 name is Nhis
protocols.motifs.Motif: Res1 name is GLN
protocols.motifs.Motif: atom1 name is OH
protocols.motifs.Motif: atom2 name is COO
protocols.motifs.Motif: atom3 name is Phos
protocols.motifs.Motif: Res1 name is LYS
protocols.motifs.Motif: atom1 name is OOC
protocols.motifs.Motif: atom2 name is Phos
protocols.motifs.Motif: atom3 name is OOC
core.pack.task: Packer task: initialize from command line() 
core.pack.task: Packer task: initialize from command line() 
core.pack.task: Packer task: initialize from command line() 
protocols.moves.MonteCarlo: MonteCarlo:: last_accepted_score,lowest_score: -1103.64 -1104.33
protocols.motifs.Motif: Res1 name is ARG
protocols.motifs.Motif: atom1 name is Nhis
protocols.motifs.Motif: atom2 name is aroC
protocols.motifs.Motif: atom3 name is Nhis
protocols.motifs.Motif: Res1 name is GLN
protocols.motifs.Motif: atom1 name is OOC
protocols.motifs.Motif: atom2 name is Phos
protocols.motifs.Motif: atom3 name is OOC
protocols.motifs.Motif: Res1 name is ASP
protocols.motifs.Motif: atom1 name is OOC
protocols.motifs.Motif: atom2 name is Phos
protocols.motifs.Motif: atom3 name is OOC
protocols.motifs.Motif: Res1 name is LYS
protocols.motifs.Motif: atom1 name is OOC
protocols.motifs.Motif: atom2 name is Phos
protocols.motifs.Motif: atom3 name is OOC
protocols.motifs.Motif: Res1 name is ASP
protocols.motifs.Motif: atom1 name is OOC
protocols.motifs.Motif: atom2 name is Phos
protocols.motifs.Motif: atom3 name is OOC
core.pack.task: Packer task: initialize from command line() 
core.pack.task: Packer task: initialize from command line() 
core.pack.task: Packer task: initialize from command line() 
protocols.moves.MonteCarlo: MonteCarlo:: last_accepted_score,lowest_score: -1105.24 -1105.24
protocols.motifs.Motif: Res1 name is LEU
protocols.motifs.Motif: atom1 name is OOC
protocols.motifs.Motif: atom2 name is Phos
protocols.motifs.Motif: atom3 name is OOC
protocols.motifs.Motif: Res1 name is ARG
protocols.motifs.Motif: atom1 name is OOC
protocols.motifs.Motif: atom2 name is Phos
protocols.motifs.Motif: atom3 name is OOC
protocols.motifs.Motif: Res1 name is GLN
protocols.motifs.Motif: atom1 name is Nhis
protocols.motifs.Motif: atom2 name is aroC
protocols.motifs.Motif: atom3 name is Nhis
protocols.motifs.Motif: Res1 name is LYS
protocols.motifs.Motif: atom1 name is OOC
protocols.motifs.Motif: atom2 name is Phos
protocols.motifs.Motif: atom3 name is OOC
core.pack.task: Packer task: initialize from command line() 
core.pack.task: Packer task: initialize from command line() 
core.pack.task: Packer task: initialize from command line() 
protocols.moves.MonteCarlo: MonteCarlo:: last_accepted_score,lowest_score: -1105.87 -1105.87
protocols.motifs.Motif: Res1 name is LEU
protocols.motifs.Motif: atom1 name is OH
protocols.motifs.Motif: atom2 name is COO
protocols.motifs.Motif: atom3 name is Phos
protocols.motifs.Motif: Res1 name is ARG
protocols.motifs.Motif: atom1 name is OOC
protocols.motifs.Motif: atom2 name is Phos
protocols.motifs.Motif: atom3 name is OOC
protocols.motifs.Motif: Res1 name is PHE
protocols.motifs.Motif: atom1 name is aroC
protocols.motifs.Motif: atom2 name is aroC
protocols.motifs.Motif: atom3 name is Nhis
protocols.motifs.Motif: Res1 name is GLN
protocols.motifs.Motif: atom1 name is OOC
protocols.motifs.Motif: atom2 name is Phos
protocols.motifs.Motif: atom3 name is OOC
protocols.motifs.Motif: Res1 name is LYS
protocols.motifs.Motif: atom1 name is OOC
protocols.motifs.Motif: atom2 name is Phos
protocols.motifs.Motif: atom3 name is OOC
core.pack.task: Packer task: initialize from command line() 
core.pack.task: Packer task: initialize from command line() 
core.pack.task: Packer task: initialize from command line() 
protocols.moves.MonteCarlo: MonteCarlo:: last_accepted_score,lowest_score: -1107.18 -1107.18
protocols.motifs.Motif: Res1 name is LEU
protocols.motifs.Motif: atom1 name is OOC
protocols.motifs.Motif: atom2 name is Phos
protocols.motifs.Motif: atom3 name is OOC
protocols.motifs.Motif: Res1 name is ARG
protocols.motifs.Motif: atom1 name is OOC
protocols.motifs.Motif: atom2 name is Phos
protocols.motifs.Motif: atom3 name is OOC
protocols.motifs.Motif: Res1 name is THR
protocols.motifs.Motif: atom1 name is OOC
protocols.motifs.Motif: atom2 name is Phos
protocols.motifs.Motif: atom3 name is OOC
protocols.motifs.Motif: Res1 name is TYR
protocols.motifs.Motif: atom1 name is OOC
protocols.motifs.Motif: atom2 name is Phos
protocols.motifs.Motif: atom3 name is OOC
protocols.motifs.Motif: Res1 name is GLN
protocols.motifs.Motif: atom1 name is COO
protocols.motifs.Motif: atom2 name is CH2
protocols.motifs.Motif: atom3 name is Nhis
protocols.motifs.Motif: Res1 name is LYS
protocols.motifs.Motif: atom1 name is OOC
protocols.motifs.Motif: atom2 name is Phos
protocols.motifs.Motif: atom3 name is OOC
core.pack.task: Packer task: initialize from command line() 
core.pack.task: Packer task: initialize from command line() 
core.pack.task: Packer task: initialize from command line() 
protocols.moves.MonteCarlo: MonteCarlo:: last_accepted_score,lowest_score: -1105.41 -1105.53
protocols.motifs.Motif: Res1 name is ARG
protocols.motifs.Motif: atom1 name is OOC
protocols.motifs.Motif: atom2 name is Phos
protocols.motifs.Motif: atom3 name is OOC
protocols.motifs.Motif: Res1 name is LYS
protocols.motifs.Motif: atom1 name is OOC
protocols.motifs.Motif: atom2 name is Phos
protocols.motifs.Motif: atom3 name is OOC
protocols.motifs.Motif: Res1 name is GLN
protocols.motifs.Motif: atom1 name is OH
protocols.motifs.Motif: atom2 name is COO
protocols.motifs.Motif: atom3 name is Phos
protocols.motifs.Motif: Res1 name is ASP
protocols.motifs.Motif: atom1 name is aroC
protocols.motifs.Motif: atom2 name is Nhis
protocols.motifs.Motif: atom3 name is CH2
protocols.motifs.Motif: Res1 name is LYS
protocols.motifs.Motif: atom1 name is OOC
protocols.motifs.Motif: atom2 name is Phos
protocols.motifs.Motif: atom3 name is OOC
core.pack.task: Packer task: initialize from command line() 
core.pack.task: Packer task: initialize from command line() 
core.pack.task: Packer task: initialize from command line() 
protocols.moves.MonteCarlo: MonteCarlo:: last_accepted_score,lowest_score: -1103.76 -1104.32
protocols.motifs.Motif: Res1 name is LEU
protocols.motifs.Motif: atom1 name is OOC
protocols.motifs.Motif: atom2 name is Phos
protocols.motifs.Motif: atom3 name is OOC
protocols.motifs.Motif: Res1 name is ARG
protocols.motifs.Motif: atom1 name is OOC
protocols.motifs.Motif: atom2 name is Phos
protocols.motifs.Motif: atom3 name is OOC
protocols.motifs.Motif: Res1 name is GLN
protocols.motifs.Motif: atom1 name is COO
protocols.motifs.Motif: atom2 name is CH2
protocols.motifs.Motif: atom3 name is Nhis
protocols.motifs.Motif: Res1 name is LYS
protocols.motifs.Motif: atom1 name is OOC
protocols.motifs.Motif: atom2 name is Phos
protocols.motifs.Motif: atom3 name is OOC
core.pack.task: Packer task: initialize from command line() 
core.pack.task: Packer task: initialize from command line() 
core.pack.task: Packer task: initialize from command line() 
protocols.moves.MonteCarlo: MonteCarlo:: last_accepted_score,lowest_score: -1105.81 -1105.81
protocols.motifs.Motif: Res1 name is ARG
protocols.motifs.Motif: atom1 name is OOC
protocols.motifs.Motif: atom2 name is Phos
protocols.motifs.Motif: atom3 name is OOC
protocols.motifs.Motif: Res1 name is GLN
protocols.motifs.Motif: atom1 name is OOC
protocols.motifs.Motif: atom2 name is Phos
protocols.motifs.Motif: atom3 name is OOC
protocols.motifs.Motif: Res1 name is LEU
protocols.motifs.Motif: atom1 name is OOC
protocols.motifs.Motif: atom2 name is Phos
protocols.motifs.Motif: atom3 name is OOC
protocols.motifs.Motif: Res1 name is ARG
protocols.motifs.Motif: atom1 name is OOC
protocols.motifs.Motif: atom2 name is Phos
protocols.motifs.Motif: atom3 name is OOC
protocols.motifs.Motif: Res1 name is LYS
protocols.motifs.Motif: atom1 name is Nhis
protocols.motifs.Motif: atom2 name is aroC
protocols.motifs.Motif: atom3 name is Nhis
protocols.motifs.Motif: Res1 name is TYR
protocols.motifs.Motif: atom1 name is OOC
protocols.motifs.Motif: atom2 name is Phos
protocols.motifs.Motif: atom3 name is OOC
protocols.motifs.Motif: Res1 name is GLN
protocols.motifs.Motif: atom1 name is OH
protocols.motifs.Motif: atom2 name is COO
protocols.motifs.Motif: atom3 name is Phos
protocols.motifs.Motif: Res1 name is LYS
protocols.motifs.Motif: atom1 name is OOC
protocols.motifs.Motif: atom2 name is Phos
protocols.motifs.Motif: atom3 name is OOC
core.pack.task: Packer task: initialize from command line() 
core.pack.task: Packer task: initialize from command line() 
core.pack.task: Packer task: initialize from command line() 
protocols.moves.MonteCarlo: MonteCarlo:: last_accepted_score,lowest_score: -1105.91 -1106.3
protocols.motifs.Motif: Res1 name is LEU
protocols.motifs.Motif: atom1 name is OOC
protocols.motifs.Motif: atom2 name is Phos
protocols.motifs.Motif: atom3 name is OOC
protocols.motifs.Motif: Res1 name is THR
protocols.motifs.Motif: atom1 name is OOC
protocols.motifs.Motif: atom2 name is Phos
protocols.motifs.Motif: atom3 name is OOC
protocols.motifs.Motif: Res1 name is TYR
protocols.motifs.Motif: atom1 name is OOC
protocols.motifs.Motif: atom2 name is Phos
protocols.motifs.Motif: atom3 name is OOC
protocols.motifs.Motif: Res1 name is GLN
protocols.motifs.Motif: atom1 name is COO
protocols.motifs.Motif: atom2 name is CH2
protocols.motifs.Motif: atom3 name is Nhis
protocols.motifs.Motif: Res1 name is LYS
protocols.motifs.Motif: atom1 name is Nhis
protocols.motifs.Motif: atom2 name is aroC
protocols.motifs.Motif: atom3 name is Nhis
core.pack.task: Packer task: initialize from command line() 
core.pack.task: Packer task: initialize from command line() 
core.pack.task: Packer task: initialize from command line() 
protocols.moves.MonteCarlo: MonteCarlo:: last_accepted_score,lowest_score: -1103.63 -1104.07
protocols.motifs.Motif: Res1 name is ARG
protocols.motifs.Motif: atom1 name is OOC
protocols.motifs.Motif: atom2 name is Phos
protocols.motifs.Motif: atom3 name is OOC
protocols.motifs.Motif: Res1 name is GLN
protocols.motifs.Motif: atom1 name is OOC
protocols.motifs.Motif: atom2 name is Phos
protocols.motifs.Motif: atom3 name is OOC
protocols.motifs.Motif: Res1 name is LYS
protocols.motifs.Motif: atom1 name is OOC
protocols.motifs.Motif: atom2 name is Phos
protocols.motifs.Motif: atom3 name is OOC
core.pack.task: Packer task: initialize from command line() 
core.pack.task: Packer task: initialize from command line() 
core.pack.task: Packer task: initialize from command line() 
protocols.moves.MonteCarlo: MonteCarlo:: last_accepted_score,lowest_score: -1104.48 -1105.14
protocols.motifs.Motif: Res1 name is ARG
protocols.motifs.Motif: atom1 name is OOC
protocols.motifs.Motif: atom2 name is Phos
protocols.motifs.Motif: atom3 name is OOC
protocols.motifs.Motif: Res1 name is THR
protocols.motifs.Motif: atom1 name is aroC
protocols.motifs.Motif: atom2 name is aroC
protocols.motifs.Motif: atom3 name is Nhis
protocols.motifs.Motif: Res1 name is TYR
protocols.motifs.Motif: atom1 name is aroC
protocols.motifs.Motif: atom2 name is aroC
protocols.motifs.Motif: atom3 name is Nhis
protocols.motifs.Motif: Res1 name is GLN
protocols.motifs.Motif: atom1 name is OOC
protocols.motifs.Motif: atom2 name is Phos
protocols.motifs.Motif: atom3 name is OOC
protocols.motifs.Motif: Res1 name is LYS
protocols.motifs.Motif: atom1 name is OH
protocols.motifs.Motif: atom2 name is COO
protocols.motifs.Motif: atom3 name is Phos
core.pack.task: Packer task: initialize from command line() 
core.pack.task: Packer task: initialize from command line() 
core.pack.task: Packer task: initialize from command line() 
protocols.moves.MonteCarlo: MonteCarlo:: last_accepted_score,lowest_score: -1104.96 -1105.18
protocols.motifs.Motif: Res1 name is LYS
protocols.motifs.Motif: atom1 name is aroC
protocols.motifs.Motif: atom2 name is aroC
protocols.motifs.Motif: atom3 name is Nhis
protocols.motifs.Motif: Res1 name is THR
protocols.motifs.Motif: atom1 name is aroC
protocols.motifs.Motif: atom2 name is aroC
protocols.motifs.Motif: atom3 name is Nhis
protocols.motifs.Motif: Res1 name is TYR
protocols.motifs.Motif: atom1 name is Nhis
protocols.motifs.Motif: atom2 name is aroC
protocols.motifs.Motif: atom3 name is Nhis
protocols.motifs.Motif: Res1 name is GLN
protocols.motifs.Motif: atom1 name is OOC
protocols.motifs.Motif: atom2 name is Phos
protocols.motifs.Motif: atom3 name is OOC
protocols.motifs.Motif: Res1 name is LYS
protocols.motifs.Motif: atom1 name is OOC
protocols.motifs.Motif: atom2 name is Phos
protocols.motifs.Motif: atom3 name is OOC
core.pack.task: Packer task: initialize from command line() 
core.pack.task: Packer task: initialize from command line() 
core.pack.task: Packer task: initialize from command line() 
protocols.moves.MonteCarlo: MonteCarlo:: last_accepted_score,lowest_score: -1105.3 -1105.42
protocols.motifs.Motif: Res1 name is LEU
protocols.motifs.Motif: atom1 name is COO
protocols.motifs.Motif: atom2 name is CH2
protocols.motifs.Motif: atom3 name is Nhis
protocols.motifs.Motif: Res1 name is ARG
protocols.motifs.Motif: atom1 name is OOC
protocols.motifs.Motif: atom2 name is Phos
protocols.motifs.Motif: atom3 name is OOC
protocols.motifs.Motif: Res1 name is LYS
protocols.motifs.Motif: atom1 name is OOC
protocols.motifs.Motif: atom2 name is Phos
protocols.motifs.Motif: atom3 name is OOC
protocols.motifs.Motif: Res1 name is TYR
protocols.motifs.Motif: atom1 name is Nhis
protocols.motifs.Motif: atom2 name is aroC
protocols.motifs.Motif: atom3 name is Nhis
protocols.motifs.Motif: Res1 name is GLN
protocols.motifs.Motif: atom1 name is OOC
protocols.motifs.Motif: atom2 name is Phos
protocols.motifs.Motif: atom3 name is OOC
protocols.motifs.Motif: Res1 name is LYS
protocols.motifs.Motif: atom1 name is OOC
protocols.motifs.Motif: atom2 name is Phos
protocols.motifs.Motif: atom3 name is OOC
core.pack.task: Packer task: initialize from command line() 
core.pack.task: Packer task: initialize from command line() 
core.pack.task: Packer task: initialize from command line() 
protocols.moves.MonteCarlo: MonteCarlo:: last_accepted_score,lowest_score: -1105.03 -1105.03
protocols.motifs.Motif: Res1 name is LEU
protocols.motifs.Motif: atom1 name is OOC
protocols.motifs.Motif: atom2 name is Phos
protocols.motifs.Motif: atom3 name is OOC
protocols.motifs.Motif: Res1 name is ARG
protocols.motifs.Motif: atom1 name is OOC
protocols.motifs.Motif: atom2 name is Phos
protocols.motifs.Motif: atom3 name is OOC
protocols.motifs.Motif: Res1 name is TYR
protocols.motifs.Motif: atom1 name is aroC
protocols.motifs.Motif: atom2 name is Nhis
protocols.motifs.Motif: atom3 name is CH2
protocols.motifs.Motif: Res1 name is GLN
protocols.motifs.Motif: atom1 name is OOC
protocols.motifs.Motif: atom2 name is Phos
protocols.motifs.Motif: atom3 name is OOC
protocols.motifs.Motif: Res1 name is LYS
protocols.motifs.Motif: atom1 name is OOC
protocols.motifs.Motif: atom2 name is Phos
protocols.motifs.Motif: atom3 name is OOC
core.pack.task: Packer task: initialize from command line() 
core.pack.task: Packer task: initialize from command line() 
core.pack.task: Packer task: initialize from command line() 
protocols.moves.MonteCarlo: MonteCarlo:: last_accepted_score,lowest_score: -1103.16 -1103.16
protocols.motifs.Motif: Res1 name is ARG
protocols.motifs.Motif: atom1 name is Nhis
protocols.motifs.Motif: atom2 name is aroC
protocols.motifs.Motif: atom3 name is Nhis
protocols.motifs.Motif: Res1 name is LEU
protocols.motifs.Motif: atom1 name is OOC
protocols.motifs.Motif: atom2 name is Phos
protocols.motifs.Motif: atom3 name is OOC
protocols.motifs.Motif: Res1 name is ARG
protocols.motifs.Motif: atom1 name is OOC
protocols.motifs.Motif: atom2 name is Phos
protocols.motifs.Motif: atom3 name is OOC
protocols.motifs.Motif: Res1 name is GLN
protocols.motifs.Motif: atom1 name is OH
protocols.motifs.Motif: atom2 name is COO
protocols.motifs.Motif: atom3 name is Phos
protocols.motifs.Motif: Res1 name is LYS
protocols.motifs.Motif: atom1 name is OOC
protocols.motifs.Motif: atom2 name is Phos
protocols.motifs.Motif: atom3 name is OOC
core.pack.task: Packer task: initialize from command line() 
core.pack.task: Packer task: initialize from command line() 
core.pack.task: Packer task: initialize from command line() 
protocols.moves.MonteCarlo: MonteCarlo:: last_accepted_score,lowest_score: -1104.03 -1104.03
protocols.motifs.Motif: Res1 name is LEU
protocols.motifs.Motif: atom1 name is OOC
protocols.motifs.Motif: atom2 name is Phos
protocols.motifs.Motif: atom3 name is OOC
protocols.motifs.Motif: Res1 name is ARG
protocols.motifs.Motif: atom1 name is OOC
protocols.motifs.Motif: atom2 name is Phos
protocols.motifs.Motif: atom3 name is OOC
protocols.motifs.Motif: Res1 name is GLN
protocols.motifs.Motif: atom1 name is Nhis
protocols.motifs.Motif: atom2 name is aroC
protocols.motifs.Motif: atom3 name is Nhis
protocols.motifs.Motif: Res1 name is LYS
protocols.motifs.Motif: atom1 name is OOC
protocols.motifs.Motif: atom2 name is Phos
protocols.motifs.Motif: atom3 name is OOC
core.pack.task: Packer task: initialize from command line() 
core.pack.task: Packer task: initialize from command line() 
core.pack.task: Packer task: initialize from command line() 
protocols.moves.MonteCarlo: MonteCarlo:: last_accepted_score,lowest_score: -1103.65 -1104.69
protocols.motifs.Motif: Res1 name is GLN
protocols.motifs.Motif: atom1 name is aroC
protocols.motifs.Motif: atom2 name is aroC
protocols.motifs.Motif: atom3 name is Nhis
protocols.motifs.Motif: Res1 name is LEU
protocols.motifs.Motif: atom1 name is OOC
protocols.motifs.Motif: atom2 name is Phos
protocols.motifs.Motif: atom3 name is OOC
protocols.motifs.Motif: Res1 name is ARG
protocols.motifs.Motif: atom1 name is aroC
protocols.motifs.Motif: atom2 name is Nhis
protocols.motifs.Motif: atom3 name is CH2
protocols.motifs.Motif: Res1 name is TYR
protocols.motifs.Motif: atom1 name is OOC
protocols.motifs.Motif: atom2 name is Phos
protocols.motifs.Motif: atom3 name is OOC
protocols.motifs.Motif: Res1 name is GLN
protocols.motifs.Motif: atom1 name is OH
protocols.motifs.Motif: atom2 name is COO
protocols.motifs.Motif: atom3 name is Phos
core.pack.task: Packer task: initialize from command line() 
core.pack.task: Packer task: initialize from command line() 
core.pack.task: Packer task: initialize from command line() 
protocols.moves.MonteCarlo: MonteCarlo:: last_accepted_score,lowest_score: -1105.35 -1105.47
protocols.motifs.Motif: Res1 name is LEU
protocols.motifs.Motif: atom1 name is Nhis
protocols.motifs.Motif: atom2 name is aroC
protocols.motifs.Motif: atom3 name is Nhis
protocols.motifs.Motif: Res1 name is ARG
protocols.motifs.Motif: atom1 name is COO
protocols.motifs.Motif: atom2 name is CH2
protocols.motifs.Motif: atom3 name is Nhis
protocols.motifs.Motif: Res1 name is LYS
protocols.motifs.Motif: atom1 name is OOC
protocols.motifs.Motif: atom2 name is Phos
protocols.motifs.Motif: atom3 name is OOC
protocols.motifs.Motif: Res1 name is GLN
protocols.motifs.Motif: atom1 name is OOC
protocols.motifs.Motif: atom2 name is Phos
protocols.motifs.Motif: atom3 name is OOC
protocols.motifs.Motif: Res1 name is LYS
protocols.motifs.Motif: atom1 name is OOC
protocols.motifs.Motif: atom2 name is Phos
protocols.motifs.Motif: atom3 name is OOC
core.pack.task: Packer task: initialize from command line() 
core.pack.task: Packer task: initialize from command line() 
core.pack.task: Packer task: initialize from command line() 
protocols.moves.MonteCarlo: MonteCarlo:: last_accepted_score,lowest_score: -1105.98 -1105.98
protocols.motifs.Motif: Res1 name is ARG
protocols.motifs.Motif: atom1 name is OOC
protocols.motifs.Motif: atom2 name is Phos
protocols.motifs.Motif: atom3 name is OOC
protocols.motifs.Motif: Res1 name is LYS
protocols.motifs.Motif: atom1 name is OOC
protocols.motifs.Motif: atom2 name is Phos
protocols.motifs.Motif: atom3 name is OOC
protocols.motifs.Motif: Res1 name is THR
protocols.motifs.Motif: atom1 name is Nhis
protocols.motifs.Motif: atom2 name is aroC
protocols.motifs.Motif: atom3 name is Nhis
protocols.motifs.Motif: Res1 name is GLN
protocols.motifs.Motif: atom1 name is OOC
protocols.motifs.Motif: atom2 name is Phos
protocols.motifs.Motif: atom3 name is OOC
protocols.motifs.Motif: Res1 name is LYS
protocols.motifs.Motif: atom1 name is OOC
protocols.motifs.Motif: atom2 name is Phos
protocols.motifs.Motif: atom3 name is OOC
core.pack.task: Packer task: initialize from command line() 
core.pack.task: Packer task: initialize from command line() 
core.pack.task: Packer task: initialize from command line() 
protocols.moves.MonteCarlo: MonteCarlo:: last_accepted_score,lowest_score: -1105.08 -1105.08
protocols.motifs.Motif: Res1 name is LEU
protocols.motifs.Motif: atom1 name is OOC
protocols.motifs.Motif: atom2 name is Phos
protocols.motifs.Motif: atom3 name is OOC
protocols.motifs.Motif: Res1 name is ARG
protocols.motifs.Motif: atom1 name is OOC
protocols.motifs.Motif: atom2 name is Phos
protocols.motifs.Motif: atom3 name is OOC
protocols.motifs.Motif: Res1 name is GLN
protocols.motifs.Motif: atom1 name is OOC
protocols.motifs.Motif: atom2 name is Phos
protocols.motifs.Motif: atom3 name is OOC
protocols.motifs.Motif: Res1 name is LYS
protocols.motifs.Motif: atom1 name is OOC
protocols.motifs.Motif: atom2 name is Phos
protocols.motifs.Motif: atom3 name is OOC
core.pack.task: Packer task: initialize from command line() 
core.pack.task: Packer task: initialize from command line() 
core.pack.task: Packer task: initialize from command line() 
protocols.moves.MonteCarlo: MonteCarlo:: last_accepted_score,lowest_score: -1105.64 -1105.64
protocols.motifs.Motif: Res1 name is ARG
protocols.motifs.Motif: atom1 name is OOC
protocols.motifs.Motif: atom2 name is Phos
protocols.motifs.Motif: atom3 name is OOC
protocols.motifs.Motif: Res1 name is GLN
protocols.motifs.Motif: atom1 name is OOC
protocols.motifs.Motif: atom2 name is Phos
protocols.motifs.Motif: atom3 name is OOC
protocols.motifs.Motif: Res1 name is LYS
protocols.motifs.Motif: atom1 name is OH
protocols.motifs.Motif: atom2 name is COO
protocols.motifs.Motif: atom3 name is Phos
core.pack.task: Packer task: initialize from command line() 
core.pack.task: Packer task: initialize from command line() 
core.pack.task: Packer task: initialize from command line() 
protocols.moves.MonteCarlo: MonteCarlo:: last_accepted_score,lowest_score: -1105.85 -1105.85
protocols.motifs.Motif: Res1 name is LYS
protocols.motifs.Motif: atom1 name is aroC
protocols.motifs.Motif: atom2 name is aroC
protocols.motifs.Motif: atom3 name is Nhis
protocols.motifs.Motif: Res1 name is THR
protocols.motifs.Motif: atom1 name is aroC
protocols.motifs.Motif: atom2 name is Nhis
protocols.motifs.Motif: atom3 name is CH2
protocols.motifs.Motif: Res1 name is PHE
protocols.motifs.Motif: atom1 name is OOC
protocols.motifs.Motif: atom2 name is Phos
protocols.motifs.Motif: atom3 name is OOC
protocols.motifs.Motif: Res1 name is GLN
protocols.motifs.Motif: atom1 name is OOC
protocols.motifs.Motif: atom2 name is Phos
protocols.motifs.Motif: atom3 name is OOC
protocols.motifs.Motif: Res1 name is LYS
protocols.motifs.Motif: atom1 name is OOC
protocols.motifs.Motif: atom2 name is Phos
protocols.motifs.Motif: atom3 name is OOC
core.pack.task: Packer task: initialize from command line() 
core.pack.task: Packer task: initialize from command line() 
core.pack.task: Packer task: initialize from command line() 
protocols.moves.MonteCarlo: MonteCarlo:: last_accepted_score,lowest_score: -1106.95 -1107.1
protocols.motifs.Motif: Res1 name is LEU
protocols.motifs.Motif: atom1 name is OOC
protocols.motifs.Motif: atom2 name is Phos
protocols.motifs.Motif: atom3 name is OOC
protocols.motifs.Motif: Res1 name is ARG
protocols.motifs.Motif: atom1 name is OOC
protocols.motifs.Motif: atom2 name is Phos
protocols.motifs.Motif: atom3 name is OOC
protocols.motifs.Motif: Res1 name is GLN
protocols.motifs.Motif: atom1 name is Nhis
protocols.motifs.Motif: atom2 name is aroC
protocols.motifs.Motif: atom3 name is Nhis
protocols.motifs.Motif: Res1 name is LYS
protocols.motifs.Motif: atom1 name is aroC
protocols.motifs.Motif: atom2 name is aroC
protocols.motifs.Motif: atom3 name is Nhis
protocols.motifs.Motif: Res1 name is TYR
protocols.motifs.Motif: atom1 name is aroC
protocols.motifs.Motif: atom2 name is Nhis
protocols.motifs.Motif: atom3 name is CH2
protocols.motifs.Motif: Res1 name is LYS
protocols.motifs.Motif: atom1 name is OOC
protocols.motifs.Motif: atom2 name is Phos
protocols.motifs.Motif: atom3 name is OOC
core.pack.task: Packer task: initialize from command line() 
core.pack.task: Packer task: initialize from command line() 
core.pack.task: Packer task: initialize from command line() 
protocols.moves.MonteCarlo: MonteCarlo:: last_accepted_score,lowest_score: -1105.47 -1105.63
protocols.motifs.Motif: Res1 name is THR
protocols.motifs.Motif: atom1 name is aroC
protocols.motifs.Motif: atom2 name is Nhis
protocols.motifs.Motif: atom3 name is CH2
protocols.motifs.Motif: Res1 name is PHE
protocols.motifs.Motif: atom1 name is OOC
protocols.motifs.Motif: atom2 name is Phos
protocols.motifs.Motif: atom3 name is OOC
protocols.motifs.Motif: Res1 name is GLN
protocols.motifs.Motif: atom1 name is OOC
protocols.motifs.Motif: atom2 name is Phos
protocols.motifs.Motif: atom3 name is OOC
protocols.motifs.Motif: Res1 name is LYS
protocols.motifs.Motif: atom1 name is OH
protocols.motifs.Motif: atom2 name is COO
protocols.motifs.Motif: atom3 name is Phos
core.pack.task: Packer task: initialize from command line() 
core.pack.task: Packer task: initialize from command line() 
core.pack.task: Packer task: initialize from command line() 
protocols.moves.MonteCarlo: MonteCarlo:: last_accepted_score,lowest_score: -1104.11 -1104.83
protocols.motifs.Motif: Res1 name is ARG
protocols.motifs.Motif: atom1 name is OOC
protocols.motifs.Motif: atom2 name is Phos
protocols.motifs.Motif: atom3 name is OOC
protocols.motifs.Motif: Res1 name is LYS
protocols.motifs.Motif: atom1 name is Nhis
protocols.motifs.Motif: atom2 name is aroC
protocols.motifs.Motif: atom3 name is Nhis
protocols.motifs.Motif: Res1 name is THR
protocols.motifs.Motif: atom1 name is Nhis
protocols.motifs.Motif: atom2 name is aroC
protocols.motifs.Motif: atom3 name is Nhis
protocols.motifs.Motif: Res1 name is GLN
protocols.motifs.Motif: atom1 name is Nhis
protocols.motifs.Motif: atom2 name is aroC
protocols.motifs.Motif: atom3 name is Nhis
protocols.motifs.Motif: Res1 name is LYS
protocols.motifs.Motif: atom1 name is OOC
protocols.motifs.Motif: atom2 name is Phos
protocols.motifs.Motif: atom3 name is OOC
core.pack.task: Packer task: initialize from command line() 
core.pack.task: Packer task: initialize from command line() 
core.pack.task: Packer task: initialize from command line() 
protocols.moves.MonteCarlo: MonteCarlo:: last_accepted_score,lowest_score: -1106.02 -1106.15
protocols.motifs.Motif: Res1 name is LEU
protocols.motifs.Motif: atom1 name is OH
protocols.motifs.Motif: atom2 name is COO
protocols.motifs.Motif: atom3 name is Phos
protocols.motifs.Motif: Res1 name is ARG
protocols.motifs.Motif: atom1 name is OOC
protocols.motifs.Motif: atom2 name is Phos
protocols.motifs.Motif: atom3 name is OOC
protocols.motifs.Motif: Res1 name is GLN
protocols.motifs.Motif: atom1 name is aroC
protocols.motifs.Motif: atom2 name is aroC
protocols.motifs.Motif: atom3 name is Nhis
protocols.motifs.Motif: Res1 name is LYS
protocols.motifs.Motif: atom1 name is aroC
protocols.motifs.Motif: atom2 name is aroC
protocols.motifs.Motif: atom3 name is Nhis
protocols.motifs.Motif: Res1 name is GLN
protocols.motifs.Motif: atom1 name is OOC
protocols.motifs.Motif: atom2 name is Phos
protocols.motifs.Motif: atom3 name is OOC
protocols.motifs.Motif: Res1 name is LYS
protocols.motifs.Motif: atom1 name is OOC
protocols.motifs.Motif: atom2 name is Phos
protocols.motifs.Motif: atom3 name is OOC
core.pack.task: Packer task: initialize from command line() 
core.pack.task: Packer task: initialize from command line() 
core.pack.task: Packer task: initialize from command line() 
protocols.moves.MonteCarlo: MonteCarlo:: last_accepted_score,lowest_score: -1102.02 -1102.02
protocols.motifs.Motif: Res1 name is LEU
protocols.motifs.Motif: atom1 name is OOC
protocols.motifs.Motif: atom2 name is Phos
protocols.motifs.Motif: atom3 name is OOC
protocols.motifs.Motif: Res1 name is ARG
protocols.motifs.Motif: atom1 name is OOC
protocols.motifs.Motif: atom2 name is Phos
protocols.motifs.Motif: atom3 name is OOC
protocols.motifs.Motif: Res1 name is GLN
protocols.motifs.Motif: atom1 name is Nhis
protocols.motifs.Motif: atom2 name is aroC
protocols.motifs.Motif: atom3 name is Nhis
protocols.motifs.Motif: Res1 name is LYS
protocols.motifs.Motif: atom1 name is Nhis
protocols.motifs.Motif: atom2 name is aroC
protocols.motifs.Motif: atom3 name is Nhis
protocols.motifs.Motif: Res1 name is LYS
protocols.motifs.Motif: atom1 name is OOC
protocols.motifs.Motif: atom2 name is Phos
protocols.motifs.Motif: atom3 name is OOC
core.pack.task: Packer task: initialize from command line() 
core.pack.task: Packer task: initialize from command line() 
core.pack.task: Packer task: initialize from command line() 
protocols.moves.MonteCarlo: MonteCarlo:: last_accepted_score,lowest_score: -1105.36 -1105.36
protocols.motifs.Motif: Res1 name is LEU
protocols.motifs.Motif: atom1 name is OH
protocols.motifs.Motif: atom2 name is COO
protocols.motifs.Motif: atom3 name is Phos
protocols.motifs.Motif: Res1 name is ARG
protocols.motifs.Motif: atom1 name is OOC
protocols.motifs.Motif: atom2 name is Phos
protocols.motifs.Motif: atom3 name is OOC
protocols.motifs.Motif: Res1 name is LYS
protocols.motifs.Motif: atom1 name is aroC
protocols.motifs.Motif: atom2 name is aroC
protocols.motifs.Motif: atom3 name is Nhis
protocols.motifs.Motif: Res1 name is TYR
protocols.motifs.Motif: atom1 name is Nhis
protocols.motifs.Motif: atom2 name is aroC
protocols.motifs.Motif: atom3 name is Nhis
protocols.motifs.Motif: Res1 name is GLN
protocols.motifs.Motif: atom1 name is OOC
protocols.motifs.Motif: atom2 name is Phos
protocols.motifs.Motif: atom3 name is OOC
protocols.motifs.Motif: Res1 name is LYS
protocols.motifs.Motif: atom1 name is OOC
protocols.motifs.Motif: atom2 name is Phos
protocols.motifs.Motif: atom3 name is OOC
core.pack.task: Packer task: initialize from command line() 
core.pack.task: Packer task: initialize from command line() 
core.pack.task: Packer task: initialize from command line() 
protocols.moves.MonteCarlo: MonteCarlo:: last_accepted_score,lowest_score: -1104.45 -1104.45
protocols.motifs.Motif: Res1 name is ARG
protocols.motifs.Motif: atom1 name is OOC
protocols.motifs.Motif: atom2 name is Phos
protocols.motifs.Motif: atom3 name is OOC
protocols.motifs.Motif: Res1 name is GLN
protocols.motifs.Motif: atom1 name is OOC
protocols.motifs.Motif: atom2 name is Phos
protocols.motifs.Motif: atom3 name is OOC
protocols.motifs.Motif: Res1 name is LYS
protocols.motifs.Motif: atom1 name is OH
protocols.motifs.Motif: atom2 name is COO
protocols.motifs.Motif: atom3 name is Phos
core.pack.task: Packer task: initialize from command line() 
core.pack.task: Packer task: initialize from command line() 
core.pack.task: Packer task: initialize from command line() 
protocols.moves.MonteCarlo: MonteCarlo:: last_accepted_score,lowest_score: -1105.7 -1105.7
protocols.motifs.Motif: Res1 name is LEU
protocols.motifs.Motif: atom1 name is OOC
protocols.motifs.Motif: atom2 name is Phos
protocols.motifs.Motif: atom3 name is OOC
protocols.motifs.Motif: Res1 name is ARG
protocols.motifs.Motif: atom1 name is OOC
protocols.motifs.Motif: atom2 name is Phos
protocols.motifs.Motif: atom3 name is OOC
protocols.motifs.Motif: Res1 name is GLN
protocols.motifs.Motif: atom1 name is Nhis
protocols.motifs.Motif: atom2 name is aroC
protocols.motifs.Motif: atom3 name is Nhis
protocols.motifs.Motif: Res1 name is LYS
protocols.motifs.Motif: atom1 name is aroC
protocols.motifs.Motif: atom2 name is Nhis
protocols.motifs.Motif: atom3 name is CH2
protocols.motifs.Motif: Res1 name is GLN
protocols.motifs.Motif: atom1 name is OOC
protocols.motifs.Motif: atom2 name is Phos
protocols.motifs.Motif: atom3 name is OOC
protocols.motifs.Motif: Res1 name is LYS
protocols.motifs.Motif: atom1 name is OOC
protocols.motifs.Motif: atom2 name is Phos
protocols.motifs.Motif: atom3 name is OOC
core.pack.task: Packer task: initialize from command line() 
core.pack.task: Packer task: initialize from command line() 
core.pack.task: Packer task: initialize from command line() 
protocols.moves.MonteCarlo: MonteCarlo:: last_accepted_score,lowest_score: -1104.77 -1105.16
protocols.motifs.Motif: Res1 name is GLN
protocols.motifs.Motif: atom1 name is OOC
protocols.motifs.Motif: atom2 name is Phos
protocols.motifs.Motif: atom3 name is OOC
protocols.motifs.Motif: Res1 name is ASP
protocols.motifs.Motif: atom1 name is OOC
protocols.motifs.Motif: atom2 name is Phos
protocols.motifs.Motif: atom3 name is OOC
protocols.motifs.Motif: Res1 name is LYS
protocols.motifs.Motif: atom1 name is OH
protocols.motifs.Motif: atom2 name is COO
protocols.motifs.Motif: atom3 name is Phos
core.pack.task: Packer task: initialize from command line() 
core.pack.task: Packer task: initialize from command line() 
core.pack.task: Packer task: initialize from command line() 
protocols.moves.MonteCarlo: MonteCarlo:: last_accepted_score,lowest_score: -1104.89 -1104.98
protocols.motifs.Motif: Res1 name is ARG
protocols.motifs.Motif: atom1 name is OOC
protocols.motifs.Motif: atom2 name is Phos
protocols.motifs.Motif: atom3 name is OOC
protocols.motifs.Motif: Res1 name is GLN
protocols.motifs.Motif: atom1 name is OOC
protocols.motifs.Motif: atom2 name is Phos
protocols.motifs.Motif: atom3 name is OOC
protocols.motifs.Motif: Res1 name is LYS
protocols.motifs.Motif: atom1 name is OH
protocols.motifs.Motif: atom2 name is COO
protocols.motifs.Motif: atom3 name is Phos
core.pack.task: Packer task: initialize from command line() 
core.pack.task: Packer task: initialize from command line() 
core.pack.task: Packer task: initialize from command line() 
protocols.moves.MonteCarlo: MonteCarlo:: last_accepted_score,lowest_score: -1108 -1108
protocols.motifs.Motif: Res1 name is LEU
protocols.motifs.Motif: atom1 name is OH
protocols.motifs.Motif: atom2 name is COO
protocols.motifs.Motif: atom3 name is Phos
protocols.motifs.Motif: Res1 name is GLN
protocols.motifs.Motif: atom1 name is aroC
protocols.motifs.Motif: atom2 name is Nhis
protocols.motifs.Motif: atom3 name is CH2
protocols.motifs.Motif: Res1 name is LYS
protocols.motifs.Motif: atom1 name is aroC
protocols.motifs.Motif: atom2 name is aroC
protocols.motifs.Motif: atom3 name is Nhis
protocols.motifs.Motif: Res1 name is THR
protocols.motifs.Motif: atom1 name is OOC
protocols.motifs.Motif: atom2 name is Phos
protocols.motifs.Motif: atom3 name is OOC
protocols.motifs.Motif: Res1 name is TYR
protocols.motifs.Motif: atom1 name is OOC
protocols.motifs.Motif: atom2 name is Phos
protocols.motifs.Motif: atom3 name is OOC
protocols.motifs.Motif: Res1 name is GLN
protocols.motifs.Motif: atom1 name is OOC
protocols.motifs.Motif: atom2 name is Phos
protocols.motifs.Motif: atom3 name is OOC
core.pack.task: Packer task: initialize from command line() 
core.pack.task: Packer task: initialize from command line() 
core.pack.task: Packer task: initialize from command line() 
protocols.moves.MonteCarlo: MonteCarlo:: last_accepted_score,lowest_score: -1102.23 -1103.13
protocols.motifs.Motif: Res1 name is LEU
protocols.motifs.Motif: atom1 name is OOC
protocols.motifs.Motif: atom2 name is Phos
protocols.motifs.Motif: atom3 name is OOC
protocols.motifs.Motif: Res1 name is ARG
protocols.motifs.Motif: atom1 name is OOC
protocols.motifs.Motif: atom2 name is Phos
protocols.motifs.Motif: atom3 name is OOC
protocols.motifs.Motif: Res1 name is LYS
protocols.motifs.Motif: atom1 name is Nhis
protocols.motifs.Motif: atom2 name is aroC
protocols.motifs.Motif: atom3 name is Nhis
protocols.motifs.Motif: Res1 name is LYS
protocols.motifs.Motif: atom1 name is OOC
protocols.motifs.Motif: atom2 name is Phos
protocols.motifs.Motif: atom3 name is OOC
core.pack.task: Packer task: initialize from command line() 
core.pack.task: Packer task: initialize from command line() 
core.pack.task: Packer task: initialize from command line() 
protocols.moves.MonteCarlo: MonteCarlo:: last_accepted_score,lowest_score: -1104.35 -1104.62
protocols.motifs.Motif: Res1 name is ARG
protocols.motifs.Motif: atom1 name is OOC
protocols.motifs.Motif: atom2 name is Phos
protocols.motifs.Motif: atom3 name is OOC
protocols.motifs.Motif: Res1 name is LYS
protocols.motifs.Motif: atom1 name is aroC
protocols.motifs.Motif: atom2 name is aroC
protocols.motifs.Motif: atom3 name is Nhis
protocols.motifs.Motif: Res1 name is GLN
protocols.motifs.Motif: atom1 name is Nhis
protocols.motifs.Motif: atom2 name is aroC
protocols.motifs.Motif: atom3 name is Nhis
protocols.motifs.Motif: Res1 name is LYS
protocols.motifs.Motif: atom1 name is OOC
protocols.motifs.Motif: atom2 name is Phos
protocols.motifs.Motif: atom3 name is OOC
core.pack.task: Packer task: initialize from command line() 
core.pack.task: Packer task: initialize from command line() 
core.pack.task: Packer task: initialize from command line() 
protocols.moves.MonteCarlo: MonteCarlo:: last_accepted_score,lowest_score: -1104.94 -1104.94
protocols.motifs.Motif: Res1 name is ARG
protocols.motifs.Motif: atom1 name is OOC
protocols.motifs.Motif: atom2 name is Phos
protocols.motifs.Motif: atom3 name is OOC
protocols.motifs.Motif: Res1 name is GLN
protocols.motifs.Motif: atom1 name is OOC
protocols.motifs.Motif: atom2 name is Phos
protocols.motifs.Motif: atom3 name is OOC
protocols.motifs.Motif: Res1 name is LYS
protocols.motifs.Motif: atom1 name is OH
protocols.motifs.Motif: atom2 name is COO
protocols.motifs.Motif: atom3 name is Phos
core.pack.task: Packer task: initialize from command line() 
core.pack.task: Packer task: initialize from command line() 
core.pack.task: Packer task: initialize from command line() 
protocols.moves.MonteCarlo: MonteCarlo:: last_accepted_score,lowest_score: -1106.73 -1107.24
protocols.motifs.Motif: Res1 name is LEU
protocols.motifs.Motif: atom1 name is COO
protocols.motifs.Motif: atom2 name is CH2
protocols.motifs.Motif: atom3 name is Nhis
protocols.motifs.Motif: Res1 name is ARG
protocols.motifs.Motif: atom1 name is OOC
protocols.motifs.Motif: atom2 name is Phos
protocols.motifs.Motif: atom3 name is OOC
protocols.motifs.Motif: Res1 name is LYS
protocols.motifs.Motif: atom1 name is Nhis
protocols.motifs.Motif: atom2 name is aroC
protocols.motifs.Motif: atom3 name is Nhis
protocols.motifs.Motif: Res1 name is THR
protocols.motifs.Motif: atom1 name is Nhis
protocols.motifs.Motif: atom2 name is aroC
protocols.motifs.Motif: atom3 name is Nhis
protocols.motifs.Motif: Res1 name is TYR
protocols.motifs.Motif: atom1 name is aroC
protocols.motifs.Motif: atom2 name is aroC
protocols.motifs.Motif: atom3 name is Nhis
protocols.motifs.Motif: Res1 name is GLN
protocols.motifs.Motif: atom1 name is Nhis
protocols.motifs.Motif: atom2 name is aroC
protocols.motifs.Motif: atom3 name is Nhis
protocols.motifs.Motif: Res1 name is LYS
protocols.motifs.Motif: atom1 name is OOC
protocols.motifs.Motif: atom2 name is Phos
protocols.motifs.Motif: atom3 name is OOC
core.pack.task: Packer task: initialize from command line() 
core.pack.task: Packer task: initialize from command line() 
core.pack.task: Packer task: initialize from command line() 
protocols.moves.MonteCarlo: MonteCarlo:: last_accepted_score,lowest_score: -1106.1 -1106.24
protocols.motifs.Motif: Res1 name is ARG
protocols.motifs.Motif: atom1 name is OOC
protocols.motifs.Motif: atom2 name is Phos
protocols.motifs.Motif: atom3 name is OOC
protocols.motifs.Motif: Res1 name is THR
protocols.motifs.Motif: atom1 name is Nhis
protocols.motifs.Motif: atom2 name is aroC
protocols.motifs.Motif: atom3 name is Nhis
protocols.motifs.Motif: Res1 name is GLN
protocols.motifs.Motif: atom1 name is OOC
protocols.motifs.Motif: atom2 name is Phos
protocols.motifs.Motif: atom3 name is OOC
protocols.motifs.Motif: Res1 name is LYS
protocols.motifs.Motif: atom1 name is OOC
protocols.motifs.Motif: atom2 name is Phos
protocols.motifs.Motif: atom3 name is OOC
core.pack.task: Packer task: initialize from command line() 
core.pack.task: Packer task: initialize from command line() 
core.pack.task: Packer task: initialize from command line() 
protocols.moves.MonteCarlo: MonteCarlo:: last_accepted_score,lowest_score: -1103.29 -1103.29
protocols.motifs.Motif: Res1 name is ARG
protocols.motifs.Motif: atom1 name is OOC
protocols.motifs.Motif: atom2 name is Phos
protocols.motifs.Motif: atom3 name is OOC
protocols.motifs.Motif: Res1 name is LYS
protocols.motifs.Motif: atom1 name is Nhis
protocols.motifs.Motif: atom2 name is aroC
protocols.motifs.Motif: atom3 name is Nhis
protocols.motifs.Motif: Res1 name is GLN
protocols.motifs.Motif: atom1 name is aroC
protocols.motifs.Motif: atom2 name is aroC
protocols.motifs.Motif: atom3 name is Nhis
protocols.motifs.Motif: Res1 name is LYS
protocols.motifs.Motif: atom1 name is OOC
protocols.motifs.Motif: atom2 name is Phos
protocols.motifs.Motif: atom3 name is OOC
core.pack.task: Packer task: initialize from command line() 
core.pack.task: Packer task: initialize from command line() 
core.pack.task: Packer task: initialize from command line() 
protocols.moves.MonteCarlo: MonteCarlo:: last_accepted_score,lowest_score: -1103.81 -1103.81
protocols.motifs.Motif: Res1 name is ARG
protocols.motifs.Motif: atom1 name is OOC
protocols.motifs.Motif: atom2 name is Phos
protocols.motifs.Motif: atom3 name is OOC
protocols.motifs.Motif: Res1 name is GLN
protocols.motifs.Motif: atom1 name is OOC
protocols.motifs.Motif: atom2 name is Phos
protocols.motifs.Motif: atom3 name is OOC
protocols.motifs.Motif: Res1 name is LYS
protocols.motifs.Motif: atom1 name is OOC
protocols.motifs.Motif: atom2 name is Phos
protocols.motifs.Motif: atom3 name is OOC
core.pack.task: Packer task: initialize from command line() 
core.pack.task: Packer task: initialize from command line() 
core.pack.task: Packer task: initialize from command line() 
protocols.moves.MonteCarlo: MonteCarlo:: last_accepted_score,lowest_score: -1103.81 -1103.81
protocols.motifs.Motif: Res1 name is ARG
protocols.motifs.Motif: atom1 name is OOC
protocols.motifs.Motif: atom2 name is Phos
protocols.motifs.Motif: atom3 name is OOC
protocols.motifs.Motif: Res1 name is LYS
protocols.motifs.Motif: atom1 name is Nhis
protocols.motifs.Motif: atom2 name is aroC
protocols.motifs.Motif: atom3 name is Nhis
protocols.motifs.Motif: Res1 name is GLN
protocols.motifs.Motif: atom1 name is aroC
protocols.motifs.Motif: atom2 name is aroC
protocols.motifs.Motif: atom3 name is Nhis
protocols.motifs.Motif: Res1 name is LYS
protocols.motifs.Motif: atom1 name is OOC
protocols.motifs.Motif: atom2 name is Phos
protocols.motifs.Motif: atom3 name is OOC
core.pack.task: Packer task: initialize from command line() 
core.pack.task: Packer task: initialize from command line() 
core.pack.task: Packer task: initialize from command line() 
protocols.moves.MonteCarlo: MonteCarlo:: last_accepted_score,lowest_score: -1106.26 -1106.26
protocols.motifs.Motif: Res1 name is LEU
protocols.motifs.Motif: atom1 name is OOC
protocols.motifs.Motif: atom2 name is Phos
protocols.motifs.Motif: atom3 name is OOC
protocols.motifs.Motif: Res1 name is ARG
protocols.motifs.Motif: atom1 name is OOC
protocols.motifs.Motif: atom2 name is Phos
protocols.motifs.Motif: atom3 name is OOC
protocols.motifs.Motif: Res1 name is THR
protocols.motifs.Motif: atom1 name is aroC
protocols.motifs.Motif: atom2 name is aroC
protocols.motifs.Motif: atom3 name is Nhis
protocols.motifs.Motif: Res1 name is TYR
protocols.motifs.Motif: atom1 name is aroC
protocols.motifs.Motif: atom2 name is aroC
protocols.motifs.Motif: atom3 name is Nhis
protocols.motifs.Motif: Res1 name is GLN
protocols.motifs.Motif: atom1 name is OOC
protocols.motifs.Motif: atom2 name is Phos
protocols.motifs.Motif: atom3 name is OOC
protocols.motifs.Motif: Res1 name is LYS
protocols.motifs.Motif: atom1 name is OOC
protocols.motifs.Motif: atom2 name is Phos
protocols.motifs.Motif: atom3 name is OOC
core.pack.task: Packer task: initialize from command line() 
core.pack.task: Packer task: initialize from command line() 
core.pack.task: Packer task: initialize from command line() 
protocols.moves.MonteCarlo: MonteCarlo:: last_accepted_score,lowest_score: -1105.79 -1106.93
protocols.motifs.Motif: Res1 name is ARG
protocols.motifs.Motif: atom1 name is OOC
protocols.motifs.Motif: atom2 name is Phos
protocols.motifs.Motif: atom3 name is OOC
protocols.motifs.Motif: Res1 name is GLN
protocols.motifs.Motif: atom1 name is OOC
protocols.motifs.Motif: atom2 name is Phos
protocols.motifs.Motif: atom3 name is OOC
protocols.motifs.Motif: Res1 name is LYS
protocols.motifs.Motif: atom1 name is OH
protocols.motifs.Motif: atom2 name is COO
protocols.motifs.Motif: atom3 name is Phos
core.pack.task: Packer task: initialize from command line() 
core.pack.task: Packer task: initialize from command line() 
core.pack.task: Packer task: initialize from command line() 
protocols.moves.MonteCarlo: MonteCarlo:: last_accepted_score,lowest_score: -1104.25 -1104.25
protocols.motifs.Motif: Res1 name is LEU
protocols.motifs.Motif: atom1 name is OOC
protocols.motifs.Motif: atom2 name is Phos
protocols.motifs.Motif: atom3 name is OOC
protocols.motifs.Motif: Res1 name is ARG
protocols.motifs.Motif: atom1 name is OOC
protocols.motifs.Motif: atom2 name is Phos
protocols.motifs.Motif: atom3 name is OOC
protocols.motifs.Motif: Res1 name is GLN
protocols.motifs.Motif: atom1 name is OOC
protocols.motifs.Motif: atom2 name is Phos
protocols.motifs.Motif: atom3 name is OOC
protocols.motifs.Motif: Res1 name is LYS
protocols.motifs.Motif: atom1 name is OOC
protocols.motifs.Motif: atom2 name is Phos
protocols.motifs.Motif: atom3 name is OOC
core.pack.task: Packer task: initialize from command line() 
core.pack.task: Packer task: initialize from command line() 
core.pack.task: Packer task: initialize from command line() 
protocols.moves.MonteCarlo: MonteCarlo:: last_accepted_score,lowest_score: -1102.5 -1102.5
protocols.motifs.Motif: Res1 name is LEU
protocols.motifs.Motif: atom1 name is OOC
protocols.motifs.Motif: atom2 name is Phos
protocols.motifs.Motif: atom3 name is OOC
protocols.motifs.Motif: Res1 name is ARG
protocols.motifs.Motif: atom1 name is OH
protocols.motifs.Motif: atom2 name is COO
protocols.motifs.Motif: atom3 name is Phos
protocols.motifs.Motif: Res1 name is GLN
protocols.motifs.Motif: atom1 name is OOC
protocols.motifs.Motif: atom2 name is Phos
protocols.motifs.Motif: atom3 name is OOC
protocols.motifs.Motif: Res1 name is LYS
protocols.motifs.Motif: atom1 name is OOC
protocols.motifs.Motif: atom2 name is Phos
protocols.motifs.Motif: atom3 name is OOC
core.pack.task: Packer task: initialize from command line() 
core.pack.task: Packer task: initialize from command line() 
core.pack.task: Packer task: initialize from command line() 
protocols.moves.MonteCarlo: MonteCarlo:: last_accepted_score,lowest_score: -1105.69 -1106.5
protocols.motifs.Motif: Res1 name is LEU
protocols.motifs.Motif: atom1 name is OOC
protocols.motifs.Motif: atom2 name is Phos
protocols.motifs.Motif: atom3 name is OOC
protocols.motifs.Motif: Res1 name is ARG
protocols.motifs.Motif: atom1 name is OOC
protocols.motifs.Motif: atom2 name is Phos
protocols.motifs.Motif: atom3 name is OOC
protocols.motifs.Motif: Res1 name is GLN
protocols.motifs.Motif: atom1 name is OOC
protocols.motifs.Motif: atom2 name is Phos
protocols.motifs.Motif: atom3 name is OOC
protocols.motifs.Motif: Res1 name is TYR
protocols.motifs.Motif: atom1 name is aroC
protocols.motifs.Motif: atom2 name is Nhis
protocols.motifs.Motif: atom3 name is CH2
core.pack.task: Packer task: initialize from command line() 
core.pack.task: Packer task: initialize from command line() 
core.pack.task: Packer task: initialize from command line() 
protocols.moves.MonteCarlo: MonteCarlo:: last_accepted_score,lowest_score: -1105.24 -1105.24
protocols.motifs.Motif: Res1 name is LEU
protocols.motifs.Motif: atom1 name is Nhis
protocols.motifs.Motif: atom2 name is aroC
protocols.motifs.Motif: atom3 name is Nhis
protocols.motifs.Motif: Res1 name is LYS
protocols.motifs.Motif: atom1 name is aroC
protocols.motifs.Motif: atom2 name is aroC
protocols.motifs.Motif: atom3 name is Nhis
protocols.motifs.Motif: Res1 name is TYR
protocols.motifs.Motif: atom1 name is Nhis
protocols.motifs.Motif: atom2 name is aroC
protocols.motifs.Motif: atom3 name is Nhis
protocols.motifs.Motif: Res1 name is GLN
protocols.motifs.Motif: atom1 name is OOC
protocols.motifs.Motif: atom2 name is Phos
protocols.motifs.Motif: atom3 name is OOC
protocols.motifs.Motif: Res1 name is LYS
protocols.motifs.Motif: atom1 name is OOC
protocols.motifs.Motif: atom2 name is Phos
protocols.motifs.Motif: atom3 name is OOC
core.pack.task: Packer task: initialize from command line() 
core.pack.task: Packer task: initialize from command line() 
core.pack.task: Packer task: initialize from command line() 
protocols.moves.MonteCarlo: MonteCarlo:: last_accepted_score,lowest_score: -1103.47 -1103.53
protocols.motifs.Motif: Res1 name is LYS
protocols.motifs.Motif: atom1 name is OOC
protocols.motifs.Motif: atom2 name is Phos
protocols.motifs.Motif: atom3 name is OOC
protocols.motifs.Motif: Res1 name is ARG
protocols.motifs.Motif: atom1 name is OOC
protocols.motifs.Motif: atom2 name is Phos
protocols.motifs.Motif: atom3 name is OOC
protocols.motifs.Motif: Res1 name is GLN
protocols.motifs.Motif: atom1 name is OOC
protocols.motifs.Motif: atom2 name is Phos
protocols.motifs.Motif: atom3 name is OOC
protocols.motifs.Motif: Res1 name is LEU
protocols.motifs.Motif: atom1 name is Nhis
protocols.motifs.Motif: atom2 name is aroC
protocols.motifs.Motif: atom3 name is Nhis
protocols.motifs.Motif: Res1 name is ARG
protocols.motifs.Motif: atom1 name is OH
protocols.motifs.Motif: atom2 name is COO
protocols.motifs.Motif: atom3 name is Phos
protocols.motifs.Motif: Res1 name is PHE
protocols.motifs.Motif: atom1 name is OOC
protocols.motifs.Motif: atom2 name is Phos
protocols.motifs.Motif: atom3 name is OOC
protocols.motifs.Motif: Res1 name is LYS
protocols.motifs.Motif: atom1 name is OOC
protocols.motifs.Motif: atom2 name is Phos
protocols.motifs.Motif: atom3 name is OOC
core.pack.task: Packer task: initialize from command line() 
core.pack.task: Packer task: initialize from command line() 
core.pack.task: Packer task: initialize from command line() 
protocols.moves.MonteCarlo: MonteCarlo:: last_accepted_score,lowest_score: -1105.34 -1105.34
protocols.motifs.Motif: Res1 name is LEU
protocols.motifs.Motif: atom1 name is OOC
protocols.motifs.Motif: atom2 name is Phos
protocols.motifs.Motif: atom3 name is OOC
protocols.motifs.Motif: Res1 name is ARG
protocols.motifs.Motif: atom1 name is OOC
protocols.motifs.Motif: atom2 name is Phos
protocols.motifs.Motif: atom3 name is OOC
protocols.motifs.Motif: Res1 name is PHE
protocols.motifs.Motif: atom1 name is OOC
protocols.motifs.Motif: atom2 name is Phos
protocols.motifs.Motif: atom3 name is OOC
protocols.motifs.Motif: Res1 name is GLN
protocols.motifs.Motif: atom1 name is OOC
protocols.motifs.Motif: atom2 name is Phos
protocols.motifs.Motif: atom3 name is OOC
protocols.motifs.Motif: Res1 name is LYS
protocols.motifs.Motif: atom1 name is OH
protocols.motifs.Motif: atom2 name is COO
protocols.motifs.Motif: atom3 name is Phos
core.pack.task: Packer task: initialize from command line() 
core.pack.task: Packer task: initialize from command line() 
core.pack.task: Packer task: initialize from command line() 
protocols.moves.MonteCarlo: MonteCarlo:: last_accepted_score,lowest_score: -1106.88 -1107.42
protocols.motifs.Motif: Res1 name is LEU
protocols.motifs.Motif: atom1 name is COO
protocols.motifs.Motif: atom2 name is CH2
protocols.motifs.Motif: atom3 name is Nhis
protocols.motifs.Motif: Res1 name is ARG
protocols.motifs.Motif: atom1 name is OOC
protocols.motifs.Motif: atom2 name is Phos
protocols.motifs.Motif: atom3 name is OOC
protocols.motifs.Motif: Res1 name is GLN
protocols.motifs.Motif: atom1 name is aroC
protocols.motifs.Motif: atom2 name is aroC
protocols.motifs.Motif: atom3 name is Nhis
protocols.motifs.Motif: Res1 name is LYS
protocols.motifs.Motif: atom1 name is Nhis
protocols.motifs.Motif: atom2 name is aroC
protocols.motifs.Motif: atom3 name is Nhis
protocols.motifs.Motif: Res1 name is GLN
protocols.motifs.Motif: atom1 name is OOC
protocols.motifs.Motif: atom2 name is Phos
protocols.motifs.Motif: atom3 name is OOC
protocols.motifs.Motif: Res1 name is LYS
protocols.motifs.Motif: atom1 name is OOC
protocols.motifs.Motif: atom2 name is Phos
protocols.motifs.Motif: atom3 name is OOC
core.pack.task: Packer task: initialize from command line() 
core.pack.task: Packer task: initialize from command line() 
core.pack.task: Packer task: initialize from command line() 
protocols.moves.MonteCarlo: MonteCarlo:: last_accepted_score,lowest_score: -1105.71 -1105.71
protocols.motifs.Motif: Res1 name is LEU
protocols.motifs.Motif: atom1 name is OOC
protocols.motifs.Motif: atom2 name is Phos
protocols.motifs.Motif: atom3 name is OOC
protocols.motifs.Motif: Res1 name is ARG
protocols.motifs.Motif: atom1 name is OOC
protocols.motifs.Motif: atom2 name is Phos
protocols.motifs.Motif: atom3 name is OOC
protocols.motifs.Motif: Res1 name is LYS
protocols.motifs.Motif: atom1 name is aroC
protocols.motifs.Motif: atom2 name is aroC
protocols.motifs.Motif: atom3 name is Nhis
protocols.motifs.Motif: Res1 name is GLN
protocols.motifs.Motif: atom1 name is aroC
protocols.motifs.Motif: atom2 name is Nhis
protocols.motifs.Motif: atom3 name is CH2
protocols.motifs.Motif: Res1 name is LYS
protocols.motifs.Motif: atom1 name is OOC
protocols.motifs.Motif: atom2 name is Phos
protocols.motifs.Motif: atom3 name is OOC
core.pack.task: Packer task: initialize from command line() 
core.pack.task: Packer task: initialize from command line() 
core.pack.task: Packer task: initialize from command line() 
protocols.moves.MonteCarlo: MonteCarlo:: last_accepted_score,lowest_score: -1104.21 -1104.21
protocols.motifs.Motif: Res1 name is LEU
protocols.motifs.Motif: atom1 name is Nhis
protocols.motifs.Motif: atom2 name is aroC
protocols.motifs.Motif: atom3 name is Nhis
protocols.motifs.Motif: Res1 name is ARG
protocols.motifs.Motif: atom1 name is OOC
protocols.motifs.Motif: atom2 name is Phos
protocols.motifs.Motif: atom3 name is OOC
protocols.motifs.Motif: Res1 name is THR
protocols.motifs.Motif: atom1 name is OOC
protocols.motifs.Motif: atom2 name is Phos
protocols.motifs.Motif: atom3 name is OOC
protocols.motifs.Motif: Res1 name is TYR
protocols.motifs.Motif: atom1 name is Nhis
protocols.motifs.Motif: atom2 name is aroC
protocols.motifs.Motif: atom3 name is Nhis
protocols.motifs.Motif: Res1 name is GLN
protocols.motifs.Motif: atom1 name is OOC
protocols.motifs.Motif: atom2 name is Phos
protocols.motifs.Motif: atom3 name is OOC
protocols.motifs.Motif: Res1 name is LYS
protocols.motifs.Motif: atom1 name is OOC
protocols.motifs.Motif: atom2 name is Phos
protocols.motifs.Motif: atom3 name is OOC
core.pack.task: Packer task: initialize from command line() 
core.pack.task: Packer task: initialize from command line() 
core.pack.task: Packer task: initialize from command line() 
protocols.moves.MonteCarlo: MonteCarlo:: last_accepted_score,lowest_score: -1105.63 -1106.26
protocols.motifs.Motif: Res1 name is ARG
protocols.motifs.Motif: atom1 name is OOC
protocols.motifs.Motif: atom2 name is Phos
protocols.motifs.Motif: atom3 name is OOC
protocols.motifs.Motif: Res1 name is LYS
protocols.motifs.Motif: atom1 name is aroC
protocols.motifs.Motif: atom2 name is aroC
protocols.motifs.Motif: atom3 name is Nhis
protocols.motifs.Motif: Res1 name is GLN
protocols.motifs.Motif: atom1 name is COO
protocols.motifs.Motif: atom2 name is CH2
protocols.motifs.Motif: atom3 name is Nhis
protocols.motifs.Motif: Res1 name is LYS
protocols.motifs.Motif: atom1 name is OOC
protocols.motifs.Motif: atom2 name is Phos
protocols.motifs.Motif: atom3 name is OOC
core.pack.task: Packer task: initialize from command line() 
core.pack.task: Packer task: initialize from command line() 
core.pack.task: Packer task: initialize from command line() 
protocols.moves.MonteCarlo: MonteCarlo:: last_accepted_score,lowest_score: -1104.66 -1104.66
protocols.motifs.Motif: Res1 name is LEU
protocols.motifs.Motif: atom1 name is Nhis
protocols.motifs.Motif: atom2 name is aroC
protocols.motifs.Motif: atom3 name is Nhis
protocols.motifs.Motif: Res1 name is ARG
protocols.motifs.Motif: atom1 name is OH
protocols.motifs.Motif: atom2 name is COO
protocols.motifs.Motif: atom3 name is Phos
protocols.motifs.Motif: Res1 name is LYS
protocols.motifs.Motif: atom1 name is aroC
protocols.motifs.Motif: atom2 name is aroC
protocols.motifs.Motif: atom3 name is Nhis
protocols.motifs.Motif: Res1 name is TYR
protocols.motifs.Motif: atom1 name is Nhis
protocols.motifs.Motif: atom2 name is aroC
protocols.motifs.Motif: atom3 name is Nhis
protocols.motifs.Motif: Res1 name is GLN
protocols.motifs.Motif: atom1 name is OOC
protocols.motifs.Motif: atom2 name is Phos
protocols.motifs.Motif: atom3 name is OOC
protocols.motifs.Motif: Res1 name is LYS
protocols.motifs.Motif: atom1 name is OOC
protocols.motifs.Motif: atom2 name is Phos
protocols.motifs.Motif: atom3 name is OOC
core.pack.task: Packer task: initialize from command line() 
core.pack.task: Packer task: initialize from command line() 
core.pack.task: Packer task: initialize from command line() 
protocols.moves.MonteCarlo: MonteCarlo:: last_accepted_score,lowest_score: -1105.06 -1105.17
protocols.motifs.Motif: Res1 name is ARG
protocols.motifs.Motif: atom1 name is OOC
protocols.motifs.Motif: atom2 name is Phos
protocols.motifs.Motif: atom3 name is OOC
protocols.motifs.Motif: Res1 name is GLN
protocols.motifs.Motif: atom1 name is aroC
protocols.motifs.Motif: atom2 name is aroC
protocols.motifs.Motif: atom3 name is Nhis
protocols.motifs.Motif: Res1 name is LYS
protocols.motifs.Motif: atom1 name is OOC
protocols.motifs.Motif: atom2 name is Phos
protocols.motifs.Motif: atom3 name is OOC
protocols.motifs.Motif: Res1 name is GLN
protocols.motifs.Motif: atom1 name is OOC
protocols.motifs.Motif: atom2 name is Phos
protocols.motifs.Motif: atom3 name is OOC
protocols.motifs.Motif: Res1 name is LYS
protocols.motifs.Motif: atom1 name is OOC
protocols.motifs.Motif: atom2 name is Phos
protocols.motifs.Motif: atom3 name is OOC
core.pack.task: Packer task: initialize from command line() 
core.pack.task: Packer task: initialize from command line() 
core.pack.task: Packer task: initialize from command line() 
protocols.moves.MonteCarlo: MonteCarlo:: last_accepted_score,lowest_score: -1106.24 -1106.43
protocols.motifs.Motif: Res1 name is LEU
protocols.motifs.Motif: atom1 name is OH
protocols.motifs.Motif: atom2 name is COO
protocols.motifs.Motif: atom3 name is Phos
protocols.motifs.Motif: Res1 name is ARG
protocols.motifs.Motif: atom1 name is OOC
protocols.motifs.Motif: atom2 name is Phos
protocols.motifs.Motif: atom3 name is OOC
protocols.motifs.Motif: Res1 name is GLN
protocols.motifs.Motif: atom1 name is OOC
protocols.motifs.Motif: atom2 name is Phos
protocols.motifs.Motif: atom3 name is OOC
protocols.motifs.Motif: Res1 name is LYS
protocols.motifs.Motif: atom1 name is OOC
protocols.motifs.Motif: atom2 name is Phos
protocols.motifs.Motif: atom3 name is OOC
core.pack.task: Packer task: initialize from command line() 
core.pack.task: Packer task: initialize from command line() 
core.pack.task: Packer task: initialize from command line() 
protocols.moves.MonteCarlo: MonteCarlo:: last_accepted_score,lowest_score: -1105.63 -1105.69
protocols.motifs.Motif: Res1 name is ARG
protocols.motifs.Motif: atom1 name is OOC
protocols.motifs.Motif: atom2 name is Phos
protocols.motifs.Motif: atom3 name is OOC
protocols.motifs.Motif: Res1 name is LYS
protocols.motifs.Motif: atom1 name is aroC
protocols.motifs.Motif: atom2 name is aroC
protocols.motifs.Motif: atom3 name is Nhis
protocols.motifs.Motif: Res1 name is GLN
protocols.motifs.Motif: atom1 name is OOC
protocols.motifs.Motif: atom2 name is Phos
protocols.motifs.Motif: atom3 name is OOC
protocols.motifs.Motif: Res1 name is LYS
protocols.motifs.Motif: atom1 name is OOC
protocols.motifs.Motif: atom2 name is Phos
protocols.motifs.Motif: atom3 name is OOC
core.pack.task: Packer task: initialize from command line() 
core.pack.task: Packer task: initialize from command line() 
core.pack.task: Packer task: initialize from command line() 
protocols.moves.MonteCarlo: MonteCarlo:: last_accepted_score,lowest_score: -1106.8 -1107.95
protocols.motifs.Motif: Res1 name is LEU
protocols.motifs.Motif: atom1 name is COO
protocols.motifs.Motif: atom2 name is CH2
protocols.motifs.Motif: atom3 name is Nhis
protocols.motifs.Motif: Res1 name is ARG
protocols.motifs.Motif: atom1 name is OOC
protocols.motifs.Motif: atom2 name is Phos
protocols.motifs.Motif: atom3 name is OOC
protocols.motifs.Motif: Res1 name is GLN
protocols.motifs.Motif: atom1 name is aroC
protocols.motifs.Motif: atom2 name is aroC
protocols.motifs.Motif: atom3 name is Nhis
protocols.motifs.Motif: Res1 name is LYS
protocols.motifs.Motif: atom1 name is Nhis
protocols.motifs.Motif: atom2 name is aroC
protocols.motifs.Motif: atom3 name is Nhis
protocols.motifs.Motif: Res1 name is TYR
protocols.motifs.Motif: atom1 name is Nhis
protocols.motifs.Motif: atom2 name is aroC
protocols.motifs.Motif: atom3 name is Nhis
protocols.motifs.Motif: Res1 name is GLN
protocols.motifs.Motif: atom1 name is OOC
protocols.motifs.Motif: atom2 name is Phos
protocols.motifs.Motif: atom3 name is OOC
protocols.motifs.Motif: Res1 name is LYS
protocols.motifs.Motif: atom1 name is OOC
protocols.motifs.Motif: atom2 name is Phos
protocols.motifs.Motif: atom3 name is OOC
core.pack.task: Packer task: initialize from command line() 
core.pack.task: Packer task: initialize from command line() 
core.pack.task: Packer task: initialize from command line() 
protocols.moves.MonteCarlo: MonteCarlo:: last_accepted_score,lowest_score: -1104.89 -1105.13
protocols.motifs.Motif: Res1 name is ARG
protocols.motifs.Motif: atom1 name is OOC
protocols.motifs.Motif: atom2 name is Phos
protocols.motifs.Motif: atom3 name is OOC
protocols.motifs.Motif: Res1 name is THR
protocols.motifs.Motif: atom1 name is Nhis
protocols.motifs.Motif: atom2 name is aroC
protocols.motifs.Motif: atom3 name is Nhis
protocols.motifs.Motif: Res1 name is GLN
protocols.motifs.Motif: atom1 name is OOC
protocols.motifs.Motif: atom2 name is Phos
protocols.motifs.Motif: atom3 name is OOC
protocols.motifs.Motif: Res1 name is LYS
protocols.motifs.Motif: atom1 name is OH
protocols.motifs.Motif: atom2 name is COO
protocols.motifs.Motif: atom3 name is Phos
core.pack.task: Packer task: initialize from command line() 
core.pack.task: Packer task: initialize from command line() 
core.pack.task: Packer task: initialize from command line() 
protocols.moves.MonteCarlo: MonteCarlo:: last_accepted_score,lowest_score: -1104.47 -1104.61
protocols.motifs.Motif: Res1 name is GLN
protocols.motifs.Motif: atom1 name is OOC
protocols.motifs.Motif: atom2 name is Phos
protocols.motifs.Motif: atom3 name is OOC
protocols.motifs.Motif: Res1 name is ASP
protocols.motifs.Motif: atom1 name is OOC
protocols.motifs.Motif: atom2 name is Phos
protocols.motifs.Motif: atom3 name is OOC
protocols.motifs.Motif: Res1 name is LYS
protocols.motifs.Motif: atom1 name is OH
protocols.motifs.Motif: atom2 name is COO
protocols.motifs.Motif: atom3 name is Phos
protocols.motifs.Motif: Res1 name is ASP
protocols.motifs.Motif: atom1 name is OOC
protocols.motifs.Motif: atom2 name is Phos
protocols.motifs.Motif: atom3 name is OOC
core.pack.task: Packer task: initialize from command line() 
core.pack.task: Packer task: initialize from command line() 
core.pack.task: Packer task: initialize from command line() 
protocols.moves.MonteCarlo: MonteCarlo:: last_accepted_score,lowest_score: -1104.77 -1104.77
protocols.motifs.Motif: Res1 name is LEU
protocols.motifs.Motif: atom1 name is Nhis
protocols.motifs.Motif: atom2 name is aroC
protocols.motifs.Motif: atom3 name is Nhis
protocols.motifs.Motif: Res1 name is ARG
protocols.motifs.Motif: atom1 name is COO
protocols.motifs.Motif: atom2 name is CH2
protocols.motifs.Motif: atom3 name is Nhis
protocols.motifs.Motif: Res1 name is GLN
protocols.motifs.Motif: atom1 name is OOC
protocols.motifs.Motif: atom2 name is Phos
protocols.motifs.Motif: atom3 name is OOC
protocols.motifs.Motif: Res1 name is ASP
protocols.motifs.Motif: atom1 name is OOC
protocols.motifs.Motif: atom2 name is Phos
protocols.motifs.Motif: atom3 name is OOC
protocols.motifs.Motif: Res1 name is LYS
protocols.motifs.Motif: atom1 name is OH
protocols.motifs.Motif: atom2 name is COO
protocols.motifs.Motif: atom3 name is Phos
core.pack.task: Packer task: initialize from command line() 
core.pack.task: Packer task: initialize from command line() 
core.pack.task: Packer task: initialize from command line() 
protocols.moves.MonteCarlo: MonteCarlo:: last_accepted_score,lowest_score: -1107.82 -1107.99
protocols.motifs.Motif: Res1 name is ARG
protocols.motifs.Motif: atom1 name is Nhis
protocols.motifs.Motif: atom2 name is aroC
protocols.motifs.Motif: atom3 name is Nhis
protocols.motifs.Motif: Res1 name is PHE
protocols.motifs.Motif: atom1 name is OOC
protocols.motifs.Motif: atom2 name is Phos
protocols.motifs.Motif: atom3 name is OOC
protocols.motifs.Motif: Res1 name is GLN
protocols.motifs.Motif: atom1 name is OOC
protocols.motifs.Motif: atom2 name is Phos
protocols.motifs.Motif: atom3 name is OOC
protocols.motifs.Motif: Res1 name is LYS
protocols.motifs.Motif: atom1 name is OH
protocols.motifs.Motif: atom2 name is COO
protocols.motifs.Motif: atom3 name is Phos
protocols.motifs.Motif: Res1 name is ARG
protocols.motifs.Motif: atom1 name is OOC
protocols.motifs.Motif: atom2 name is Phos
protocols.motifs.Motif: atom3 name is OOC
core.pack.task: Packer task: initialize from command line() 
core.pack.task: Packer task: initialize from command line() 
core.pack.task: Packer task: initialize from command line() 
protocols.moves.MonteCarlo: MonteCarlo:: last_accepted_score,lowest_score: -1102.58 -1102.58
protocols.motifs.Motif: Res1 name is LEU
protocols.motifs.Motif: atom1 name is OOC
protocols.motifs.Motif: atom2 name is Phos
protocols.motifs.Motif: atom3 name is OOC
protocols.motifs.Motif: Res1 name is ARG
protocols.motifs.Motif: atom1 name is OH
protocols.motifs.Motif: atom2 name is COO
protocols.motifs.Motif: atom3 name is Phos
protocols.motifs.Motif: Res1 name is GLN
protocols.motifs.Motif: atom1 name is OOC
protocols.motifs.Motif: atom2 name is Phos
protocols.motifs.Motif: atom3 name is OOC
protocols.motifs.Motif: Res1 name is LYS
protocols.motifs.Motif: atom1 name is OOC
protocols.motifs.Motif: atom2 name is Phos
protocols.motifs.Motif: atom3 name is OOC
core.pack.task: Packer task: initialize from command line() 
core.pack.task: Packer task: initialize from command line() 
core.pack.task: Packer task: initialize from command line() 
protocols.moves.MonteCarlo: MonteCarlo:: last_accepted_score,lowest_score: -1105.8 -1106.28
protocols.motifs.Motif: Res1 name is LEU
protocols.motifs.Motif: atom1 name is Nhis
protocols.motifs.Motif: atom2 name is aroC
protocols.motifs.Motif: atom3 name is Nhis
protocols.motifs.Motif: Res1 name is ARG
protocols.motifs.Motif: atom1 name is OOC
protocols.motifs.Motif: atom2 name is Phos
protocols.motifs.Motif: atom3 name is OOC
protocols.motifs.Motif: Res1 name is GLN
protocols.motifs.Motif: atom1 name is aroC
protocols.motifs.Motif: atom2 name is aroC
protocols.motifs.Motif: atom3 name is Nhis
protocols.motifs.Motif: Res1 name is LYS
protocols.motifs.Motif: atom1 name is OOC
protocols.motifs.Motif: atom2 name is Phos
protocols.motifs.Motif: atom3 name is OOC
protocols.motifs.Motif: Res1 name is GLN
protocols.motifs.Motif: atom1 name is OOC
protocols.motifs.Motif: atom2 name is Phos
protocols.motifs.Motif: atom3 name is OOC
protocols.motifs.Motif: Res1 name is LYS
protocols.motifs.Motif: atom1 name is OOC
protocols.motifs.Motif: atom2 name is Phos
protocols.motifs.Motif: atom3 name is OOC
core.pack.task: Packer task: initialize from command line() 
core.pack.task: Packer task: initialize from command line() 
core.pack.task: Packer task: initialize from command line() 
protocols.moves.MonteCarlo: MonteCarlo:: last_accepted_score,lowest_score: -1103.07 -1103.18
protocols.motifs.Motif: Res1 name is LEU
protocols.motifs.Motif: atom1 name is OOC
protocols.motifs.Motif: atom2 name is Phos
protocols.motifs.Motif: atom3 name is OOC
protocols.motifs.Motif: Res1 name is ARG
protocols.motifs.Motif: atom1 name is OOC
protocols.motifs.Motif: atom2 name is Phos
protocols.motifs.Motif: atom3 name is OOC
protocols.motifs.Motif: Res1 name is THR
protocols.motifs.Motif: atom1 name is Nhis
protocols.motifs.Motif: atom2 name is aroC
protocols.motifs.Motif: atom3 name is Nhis
protocols.motifs.Motif: Res1 name is GLN
protocols.motifs.Motif: atom1 name is Nhis
protocols.motifs.Motif: atom2 name is aroC
protocols.motifs.Motif: atom3 name is Nhis
protocols.motifs.Motif: Res1 name is LYS
protocols.motifs.Motif: atom1 name is OOC
protocols.motifs.Motif: atom2 name is Phos
protocols.motifs.Motif: atom3 name is OOC
core.pack.task: Packer task: initialize from command line() 
core.pack.task: Packer task: initialize from command line() 
core.pack.task: Packer task: initialize from command line() 
protocols.moves.MonteCarlo: MonteCarlo:: last_accepted_score,lowest_score: -1105.15 -1106.04
protocols.motifs.Motif: Res1 name is LEU
protocols.motifs.Motif: atom1 name is aroC
protocols.motifs.Motif: atom2 name is Nhis
protocols.motifs.Motif: atom3 name is CH2
protocols.motifs.Motif: Res1 name is PHE
protocols.motifs.Motif: atom1 name is OOC
protocols.motifs.Motif: atom2 name is Phos
protocols.motifs.Motif: atom3 name is OOC
protocols.motifs.Motif: Res1 name is GLN
protocols.motifs.Motif: atom1 name is OOC
protocols.motifs.Motif: atom2 name is Phos
protocols.motifs.Motif: atom3 name is OOC
protocols.motifs.Motif: Res1 name is LYS
protocols.motifs.Motif: atom1 name is OOC
protocols.motifs.Motif: atom2 name is Phos
protocols.motifs.Motif: atom3 name is OOC
core.pack.task: Packer task: initialize from command line() 
core.pack.task: Packer task: initialize from command line() 
core.pack.task: Packer task: initialize from command line() 
protocols.moves.MonteCarlo: MonteCarlo:: last_accepted_score,lowest_score: -1060.37 -1060.37
protocols.motifs.Motif: Res1 name is ARG
protocols.motifs.Motif: atom1 name is OOC
protocols.motifs.Motif: atom2 name is Phos
protocols.motifs.Motif: atom3 name is OOC
protocols.motifs.Motif: Res1 name is LYS
protocols.motifs.Motif: atom1 name is Nhis
protocols.motifs.Motif: atom2 name is aroC
protocols.motifs.Motif: atom3 name is Nhis
protocols.motifs.Motif: Res1 name is GLN
protocols.motifs.Motif: atom1 name is aroC
protocols.motifs.Motif: atom2 name is Nhis
protocols.motifs.Motif: atom3 name is CH2
protocols.motifs.Motif: Res1 name is LYS
protocols.motifs.Motif: atom1 name is OOC
protocols.motifs.Motif: atom2 name is Phos
protocols.motifs.Motif: atom3 name is OOC
core.pack.task: Packer task: initialize from command line() 
core.pack.task: Packer task: initialize from command line() 
core.pack.task: Packer task: initialize from command line() 
protocols.moves.MonteCarlo: MonteCarlo:: last_accepted_score,lowest_score: -1105.45 -1105.45
protocols.motifs.Motif: Res1 name is LEU
protocols.motifs.Motif: atom1 name is OOC
protocols.motifs.Motif: atom2 name is Phos
protocols.motifs.Motif: atom3 name is OOC
protocols.motifs.Motif: Res1 name is ARG
protocols.motifs.Motif: atom1 name is OOC
protocols.motifs.Motif: atom2 name is Phos
protocols.motifs.Motif: atom3 name is OOC
protocols.motifs.Motif: Res1 name is LYS
protocols.motifs.Motif: atom1 name is Nhis
protocols.motifs.Motif: atom2 name is aroC
protocols.motifs.Motif: atom3 name is Nhis
protocols.motifs.Motif: Res1 name is THR
protocols.motifs.Motif: atom1 name is Nhis
protocols.motifs.Motif: atom2 name is aroC
protocols.motifs.Motif: atom3 name is Nhis
protocols.motifs.Motif: Res1 name is TYR
protocols.motifs.Motif: atom1 name is aroC
protocols.motifs.Motif: atom2 name is aroC
protocols.motifs.Motif: atom3 name is Nhis
protocols.motifs.Motif: Res1 name is GLN
protocols.motifs.Motif: atom1 name is Nhis
protocols.motifs.Motif: atom2 name is aroC
protocols.motifs.Motif: atom3 name is Nhis
protocols.motifs.Motif: Res1 name is LYS
protocols.motifs.Motif: atom1 name is OOC
protocols.motifs.Motif: atom2 name is Phos
protocols.motifs.Motif: atom3 name is OOC
core.pack.task: Packer task: initialize from command line() 
core.pack.task: Packer task: initialize from command line() 
core.pack.task: Packer task: initialize from command line() 
protocols.moves.MonteCarlo: MonteCarlo:: last_accepted_score,lowest_score: -1105.72 -1105.72
protocols.motifs.Motif: Res1 name is LEU
protocols.motifs.Motif: atom1 name is OOC
protocols.motifs.Motif: atom2 name is Phos
protocols.motifs.Motif: atom3 name is OOC
protocols.motifs.Motif: Res1 name is ARG
protocols.motifs.Motif: atom1 name is OOC
protocols.motifs.Motif: atom2 name is Phos
protocols.motifs.Motif: atom3 name is OOC
protocols.motifs.Motif: Res1 name is GLN
protocols.motifs.Motif: atom1 name is Nhis
protocols.motifs.Motif: atom2 name is aroC
protocols.motifs.Motif: atom3 name is Nhis
protocols.motifs.Motif: Res1 name is LYS
protocols.motifs.Motif: atom1 name is aroC
protocols.motifs.Motif: atom2 name is aroC
protocols.motifs.Motif: atom3 name is Nhis
protocols.motifs.Motif: Res1 name is GLN
protocols.motifs.Motif: atom1 name is aroC
protocols.motifs.Motif: atom2 name is Nhis
protocols.motifs.Motif: atom3 name is CH2
protocols.motifs.Motif: Res1 name is LYS
protocols.motifs.Motif: atom1 name is OOC
protocols.motifs.Motif: atom2 name is Phos
protocols.motifs.Motif: atom3 name is OOC
core.pack.task: Packer task: initialize from command line() 
core.pack.task: Packer task: initialize from command line() 
core.pack.task: Packer task: initialize from command line() 
protocols.moves.MonteCarlo: MonteCarlo:: last_accepted_score,lowest_score: -1105.58 -1105.84
protocols.motifs.Motif: Res1 name is ARG
protocols.motifs.Motif: atom1 name is OOC
protocols.motifs.Motif: atom2 name is Phos
protocols.motifs.Motif: atom3 name is OOC
protocols.motifs.Motif: Res1 name is THR
protocols.motifs.Motif: atom1 name is aroC
protocols.motifs.Motif: atom2 name is Nhis
protocols.motifs.Motif: atom3 name is CH2
protocols.motifs.Motif: Res1 name is TYR
protocols.motifs.Motif: atom1 name is aroC
protocols.motifs.Motif: atom2 name is aroC
protocols.motifs.Motif: atom3 name is Nhis
protocols.motifs.Motif: Res1 name is GLN
protocols.motifs.Motif: atom1 name is OOC
protocols.motifs.Motif: atom2 name is Phos
protocols.motifs.Motif: atom3 name is OOC
protocols.motifs.Motif: Res1 name is LYS
protocols.motifs.Motif: atom1 name is OOC
protocols.motifs.Motif: atom2 name is Phos
protocols.motifs.Motif: atom3 name is OOC
core.pack.task: Packer task: initialize from command line() 
core.pack.task: Packer task: initialize from command line() 
core.pack.task: Packer task: initialize from command line() 
protocols.moves.MonteCarlo: MonteCarlo:: last_accepted_score,lowest_score: -1106.02 -1106.02
protocols.motifs.Motif: Res1 name is LEU
protocols.motifs.Motif: atom1 name is OH
protocols.motifs.Motif: atom2 name is COO
protocols.motifs.Motif: atom3 name is Phos
protocols.motifs.Motif: Res1 name is ARG
protocols.motifs.Motif: atom1 name is OH
protocols.motifs.Motif: atom2 name is COO
protocols.motifs.Motif: atom3 name is Phos
protocols.motifs.Motif: Res1 name is LYS
protocols.motifs.Motif: atom1 name is aroC
protocols.motifs.Motif: atom2 name is aroC
protocols.motifs.Motif: atom3 name is Nhis
protocols.motifs.Motif: Res1 name is TYR
protocols.motifs.Motif: atom1 name is Nhis
protocols.motifs.Motif: atom2 name is aroC
protocols.motifs.Motif: atom3 name is Nhis
protocols.motifs.Motif: Res1 name is GLN
protocols.motifs.Motif: atom1 name is OOC
protocols.motifs.Motif: atom2 name is Phos
protocols.motifs.Motif: atom3 name is OOC
protocols.motifs.Motif: Res1 name is LYS
protocols.motifs.Motif: atom1 name is OOC
protocols.motifs.Motif: atom2 name is Phos
protocols.motifs.Motif: atom3 name is OOC
core.pack.task: Packer task: initialize from command line() 
core.pack.task: Packer task: initialize from command line() 
core.pack.task: Packer task: initialize from command line() 
protocols.moves.MonteCarlo: MonteCarlo:: last_accepted_score,lowest_score: -1106.71 -1106.71
protocols.motifs.Motif: Res1 name is LEU
protocols.motifs.Motif: atom1 name is OH
protocols.motifs.Motif: atom2 name is COO
protocols.motifs.Motif: atom3 name is Phos
protocols.motifs.Motif: Res1 name is GLN
protocols.motifs.Motif: atom1 name is aroC
protocols.motifs.Motif: atom2 name is Nhis
protocols.motifs.Motif: atom3 name is CH2
protocols.motifs.Motif: Res1 name is LYS
protocols.motifs.Motif: atom1 name is aroC
protocols.motifs.Motif: atom2 name is aroC
protocols.motifs.Motif: atom3 name is Nhis
protocols.motifs.Motif: Res1 name is THR
protocols.motifs.Motif: atom1 name is OOC
protocols.motifs.Motif: atom2 name is Phos
protocols.motifs.Motif: atom3 name is OOC
protocols.motifs.Motif: Res1 name is TYR
protocols.motifs.Motif: atom1 name is OOC
protocols.motifs.Motif: atom2 name is Phos
protocols.motifs.Motif: atom3 name is OOC
protocols.motifs.Motif: Res1 name is GLN
protocols.motifs.Motif: atom1 name is OOC
protocols.motifs.Motif: atom2 name is Phos
protocols.motifs.Motif: atom3 name is OOC
protocols.motifs.Motif: Res1 name is LYS
protocols.motifs.Motif: atom1 name is OOC
protocols.motifs.Motif: atom2 name is Phos
protocols.motifs.Motif: atom3 name is OOC
core.pack.task: Packer task: initialize from command line() 
core.pack.task: Packer task: initialize from command line() 
core.pack.task: Packer task: initialize from command line() 
protocols.moves.MonteCarlo: MonteCarlo:: last_accepted_score,lowest_score: -1104.41 -1104.64
protocols.motifs.Motif: Res1 name is ARG
protocols.motifs.Motif: atom1 name is OOC
protocols.motifs.Motif: atom2 name is Phos
protocols.motifs.Motif: atom3 name is OOC
protocols.motifs.Motif: Res1 name is GLN
protocols.motifs.Motif: atom1 name is Nhis
protocols.motifs.Motif: atom2 name is aroC
protocols.motifs.Motif: atom3 name is Nhis
protocols.motifs.Motif: Res1 name is LYS
protocols.motifs.Motif: atom1 name is aroC
protocols.motifs.Motif: atom2 name is aroC
protocols.motifs.Motif: atom3 name is Nhis
protocols.motifs.Motif: Res1 name is GLN
protocols.motifs.Motif: atom1 name is OOC
protocols.motifs.Motif: atom2 name is Phos
protocols.motifs.Motif: atom3 name is OOC
protocols.motifs.Motif: Res1 name is LYS
protocols.motifs.Motif: atom1 name is OOC
protocols.motifs.Motif: atom2 name is Phos
protocols.motifs.Motif: atom3 name is OOC
core.pack.task: Packer task: initialize from command line() 
core.pack.task: Packer task: initialize from command line() 
core.pack.task: Packer task: initialize from command line() 
protocols.moves.MonteCarlo: MonteCarlo:: last_accepted_score,lowest_score: -1107.43 -1107.92
protocols.motifs.Motif: Res1 name is ARG
protocols.motifs.Motif: atom1 name is OOC
protocols.motifs.Motif: atom2 name is Phos
protocols.motifs.Motif: atom3 name is OOC
protocols.motifs.Motif: Res1 name is GLN
protocols.motifs.Motif: atom1 name is OOC
protocols.motifs.Motif: atom2 name is Phos
protocols.motifs.Motif: atom3 name is OOC
protocols.motifs.Motif: Res1 name is LEU
protocols.motifs.Motif: atom1 name is OOC
protocols.motifs.Motif: atom2 name is Phos
protocols.motifs.Motif: atom3 name is OOC
protocols.motifs.Motif: Res1 name is LYS
protocols.motifs.Motif: atom1 name is aroC
protocols.motifs.Motif: atom2 name is aroC
protocols.motifs.Motif: atom3 name is Nhis
protocols.motifs.Motif: Res1 name is THR
protocols.motifs.Motif: atom1 name is OOC
protocols.motifs.Motif: atom2 name is Phos
protocols.motifs.Motif: atom3 name is OOC
protocols.motifs.Motif: Res1 name is TYR
protocols.motifs.Motif: atom1 name is OH
protocols.motifs.Motif: atom2 name is COO
protocols.motifs.Motif: atom3 name is Phos
protocols.motifs.Motif: Res1 name is PHE
protocols.motifs.Motif: atom1 name is OOC
protocols.motifs.Motif: atom2 name is Phos
protocols.motifs.Motif: atom3 name is OOC
protocols.motifs.Motif: Res1 name is GLN
protocols.motifs.Motif: atom1 name is OOC
protocols.motifs.Motif: atom2 name is Phos
protocols.motifs.Motif: atom3 name is OOC
core.pack.task: Packer task: initialize from command line() 
core.pack.task: Packer task: initialize from command line() 
core.pack.task: Packer task: initialize from command line() 
protocols.moves.MonteCarlo: MonteCarlo:: last_accepted_score,lowest_score: -1102.71 -1103.41
protocols.motifs.Motif: Res1 name is LEU
protocols.motifs.Motif: atom1 name is COO
protocols.motifs.Motif: atom2 name is CH2
protocols.motifs.Motif: atom3 name is Nhis
protocols.motifs.Motif: Res1 name is ARG
protocols.motifs.Motif: atom1 name is OOC
protocols.motifs.Motif: atom2 name is Phos
protocols.motifs.Motif: atom3 name is OOC
protocols.motifs.Motif: Res1 name is GLN
protocols.motifs.Motif: atom1 name is OOC
protocols.motifs.Motif: atom2 name is Phos
protocols.motifs.Motif: atom3 name is OOC
protocols.motifs.Motif: Res1 name is LYS
protocols.motifs.Motif: atom1 name is OH
protocols.motifs.Motif: atom2 name is COO
protocols.motifs.Motif: atom3 name is Phos
core.pack.task: Packer task: initialize from command line() 
core.pack.task: Packer task: initialize from command line() 
core.pack.task: Packer task: initialize from command line() 
protocols.moves.MonteCarlo: MonteCarlo:: last_accepted_score,lowest_score: -1107.18 -1107.18
protocols.motifs.Motif: Res1 name is LEU
protocols.motifs.Motif: atom1 name is OOC
protocols.motifs.Motif: atom2 name is Phos
protocols.motifs.Motif: atom3 name is OOC
protocols.motifs.Motif: Res1 name is ARG
protocols.motifs.Motif: atom1 name is OOC
protocols.motifs.Motif: atom2 name is Phos
protocols.motifs.Motif: atom3 name is OOC
protocols.motifs.Motif: Res1 name is LYS
protocols.motifs.Motif: atom1 name is aroC
protocols.motifs.Motif: atom2 name is aroC
protocols.motifs.Motif: atom3 name is Nhis
protocols.motifs.Motif: Res1 name is GLN
protocols.motifs.Motif: atom1 name is OH
protocols.motifs.Motif: atom2 name is COO
protocols.motifs.Motif: atom3 name is Phos
protocols.motifs.Motif: Res1 name is LYS
protocols.motifs.Motif: atom1 name is OOC
protocols.motifs.Motif: atom2 name is Phos
protocols.motifs.Motif: atom3 name is OOC
core.pack.task: Packer task: initialize from command line() 
core.pack.task: Packer task: initialize from command line() 
core.pack.task: Packer task: initialize from command line() 
protocols.moves.MonteCarlo: MonteCarlo:: last_accepted_score,lowest_score: -1101.84 -1102.75
protocols.motifs.Motif: Res1 name is LEU
protocols.motifs.Motif: atom1 name is OOC
protocols.motifs.Motif: atom2 name is Phos
protocols.motifs.Motif: atom3 name is OOC
protocols.motifs.Motif: Res1 name is ARG
protocols.motifs.Motif: atom1 name is OOC
protocols.motifs.Motif: atom2 name is Phos
protocols.motifs.Motif: atom3 name is OOC
protocols.motifs.Motif: Res1 name is GLN
protocols.motifs.Motif: atom1 name is OOC
protocols.motifs.Motif: atom2 name is Phos
protocols.motifs.Motif: atom3 name is OOC
protocols.motifs.Motif: Res1 name is LYS
protocols.motifs.Motif: atom1 name is OH
protocols.motifs.Motif: atom2 name is COO
protocols.motifs.Motif: atom3 name is Phos
core.pack.task: Packer task: initialize from command line() 
core.pack.task: Packer task: initialize from command line() 
core.pack.task: Packer task: initialize from command line() 
protocols.moves.MonteCarlo: MonteCarlo:: last_accepted_score,lowest_score: -1103.68 -1103.68
protocols.motifs.Motif: Res1 name is LEU
protocols.motifs.Motif: atom1 name is OOC
protocols.motifs.Motif: atom2 name is Phos
protocols.motifs.Motif: atom3 name is OOC
protocols.motifs.Motif: Res1 name is ARG
protocols.motifs.Motif: atom1 name is OOC
protocols.motifs.Motif: atom2 name is Phos
protocols.motifs.Motif: atom3 name is OOC
protocols.motifs.Motif: Res1 name is LYS
protocols.motifs.Motif: atom1 name is Nhis
protocols.motifs.Motif: atom2 name is aroC
protocols.motifs.Motif: atom3 name is Nhis
protocols.motifs.Motif: Res1 name is GLN
protocols.motifs.Motif: atom1 name is OOC
protocols.motifs.Motif: atom2 name is Phos
protocols.motifs.Motif: atom3 name is OOC
protocols.motifs.Motif: Res1 name is LYS
protocols.motifs.Motif: atom1 name is OOC
protocols.motifs.Motif: atom2 name is Phos
protocols.motifs.Motif: atom3 name is OOC
core.pack.task: Packer task: initialize from command line() 
core.pack.task: Packer task: initialize from command line() 
core.pack.task: Packer task: initialize from command line() 
protocols.moves.MonteCarlo: MonteCarlo:: last_accepted_score,lowest_score: -1104.77 -1105.68
protocols.motifs.Motif: Res1 name is THR
protocols.motifs.Motif: atom1 name is aroC
protocols.motifs.Motif: atom2 name is Nhis
protocols.motifs.Motif: atom3 name is CH2
protocols.motifs.Motif: Res1 name is TYR
protocols.motifs.Motif: atom1 name is aroC
protocols.motifs.Motif: atom2 name is aroC
protocols.motifs.Motif: atom3 name is Nhis
protocols.motifs.Motif: Res1 name is GLN
protocols.motifs.Motif: atom1 name is OOC
protocols.motifs.Motif: atom2 name is Phos
protocols.motifs.Motif: atom3 name is OOC
protocols.motifs.Motif: Res1 name is LYS
protocols.motifs.Motif: atom1 name is OOC
protocols.motifs.Motif: atom2 name is Phos
protocols.motifs.Motif: atom3 name is OOC
core.pack.task: Packer task: initialize from command line() 
core.pack.task: Packer task: initialize from command line() 
core.pack.task: Packer task: initialize from command line() 
protocols.moves.MonteCarlo: MonteCarlo:: last_accepted_score,lowest_score: -1105.94 -1105.94
protocols.motifs.Motif: Res1 name is ARG
protocols.motifs.Motif: atom1 name is OOC
protocols.motifs.Motif: atom2 name is Phos
protocols.motifs.Motif: atom3 name is OOC
protocols.motifs.Motif: Res1 name is LYS
protocols.motifs.Motif: atom1 name is OOC
protocols.motifs.Motif: atom2 name is Phos
protocols.motifs.Motif: atom3 name is OOC
protocols.motifs.Motif: Res1 name is GLN
protocols.motifs.Motif: atom1 name is Nhis
protocols.motifs.Motif: atom2 name is aroC
protocols.motifs.Motif: atom3 name is Nhis
protocols.motifs.Motif: Res1 name is LYS
protocols.motifs.Motif: atom1 name is OOC
protocols.motifs.Motif: atom2 name is Phos
protocols.motifs.Motif: atom3 name is OOC
core.pack.task: Packer task: initialize from command line() 
core.pack.task: Packer task: initialize from command line() 
core.pack.task: Packer task: initialize from command line() 
protocols.moves.MonteCarlo: MonteCarlo:: last_accepted_score,lowest_score: -1106.09 -1106.55
protocols.motifs.Motif: Res1 name is LEU
protocols.motifs.Motif: atom1 name is Nhis
protocols.motifs.Motif: atom2 name is aroC
protocols.motifs.Motif: atom3 name is Nhis
protocols.motifs.Motif: Res1 name is ARG
protocols.motifs.Motif: atom1 name is aroC
protocols.motifs.Motif: atom2 name is Nhis
protocols.motifs.Motif: atom3 name is CH2
protocols.motifs.Motif: Res1 name is GLN
protocols.motifs.Motif: atom1 name is Nhis
protocols.motifs.Motif: atom2 name is aroC
protocols.motifs.Motif: atom3 name is Nhis
protocols.motifs.Motif: Res1 name is LYS
protocols.motifs.Motif: atom1 name is OOC
protocols.motifs.Motif: atom2 name is Phos
protocols.motifs.Motif: atom3 name is OOC
protocols.motifs.Motif: Res1 name is GLN
protocols.motifs.Motif: atom1 name is OOC
protocols.motifs.Motif: atom2 name is Phos
protocols.motifs.Motif: atom3 name is OOC
core.pack.task: Packer task: initialize from command line() 
core.pack.task: Packer task: initialize from command line() 
core.pack.task: Packer task: initialize from command line() 
protocols.moves.MonteCarlo: MonteCarlo:: last_accepted_score,lowest_score: -1103.81 -1103.81
protocols.motifs.Motif: Res1 name is LYS
protocols.motifs.Motif: atom1 name is OOC
protocols.motifs.Motif: atom2 name is Phos
protocols.motifs.Motif: atom3 name is OOC
protocols.motifs.Motif: Res1 name is GLN
protocols.motifs.Motif: atom1 name is OOC
protocols.motifs.Motif: atom2 name is Phos
protocols.motifs.Motif: atom3 name is OOC
protocols.motifs.Motif: Res1 name is ASP
protocols.motifs.Motif: atom1 name is OOC
protocols.motifs.Motif: atom2 name is Phos
protocols.motifs.Motif: atom3 name is OOC
protocols.motifs.Motif: Res1 name is ASP
protocols.motifs.Motif: atom1 name is OOC
protocols.motifs.Motif: atom2 name is Phos
protocols.motifs.Motif: atom3 name is OOC
core.pack.task: Packer task: initialize from command line() 
core.pack.task: Packer task: initialize from command line() 
core.pack.task: Packer task: initialize from command line() 
protocols.moves.MonteCarlo: MonteCarlo:: last_accepted_score,lowest_score: -1106.28 -1106.36
protocols.motifs.Motif: Res1 name is LEU
protocols.motifs.Motif: atom1 name is OOC
protocols.motifs.Motif: atom2 name is Phos
protocols.motifs.Motif: atom3 name is OOC
protocols.motifs.Motif: Res1 name is ARG
protocols.motifs.Motif: atom1 name is OOC
protocols.motifs.Motif: atom2 name is Phos
protocols.motifs.Motif: atom3 name is OOC
protocols.motifs.Motif: Res1 name is GLN
protocols.motifs.Motif: atom1 name is Nhis
protocols.motifs.Motif: atom2 name is aroC
protocols.motifs.Motif: atom3 name is Nhis
protocols.motifs.Motif: Res1 name is LYS
protocols.motifs.Motif: atom1 name is Nhis
protocols.motifs.Motif: atom2 name is aroC
protocols.motifs.Motif: atom3 name is Nhis
protocols.motifs.Motif: Res1 name is TYR
protocols.motifs.Motif: atom1 name is aroC
protocols.motifs.Motif: atom2 name is Nhis
protocols.motifs.Motif: atom3 name is CH2
protocols.motifs.Motif: Res1 name is GLN
protocols.motifs.Motif: atom1 name is OOC
protocols.motifs.Motif: atom2 name is Phos
protocols.motifs.Motif: atom3 name is OOC
core.pack.task: Packer task: initialize from command line() 
core.pack.task: Packer task: initialize from command line() 
core.pack.task: Packer task: initialize from command line() 
protocols.moves.MonteCarlo: MonteCarlo:: last_accepted_score,lowest_score: -1106.16 -1106.16
protocols.motifs.Motif: Res1 name is LYS
protocols.motifs.Motif: atom1 name is aroC
protocols.motifs.Motif: atom2 name is aroC
protocols.motifs.Motif: atom3 name is Nhis
protocols.motifs.Motif: Res1 name is TYR
protocols.motifs.Motif: atom1 name is Nhis
protocols.motifs.Motif: atom2 name is aroC
protocols.motifs.Motif: atom3 name is Nhis
protocols.motifs.Motif: Res1 name is GLN
protocols.motifs.Motif: atom1 name is OOC
protocols.motifs.Motif: atom2 name is Phos
protocols.motifs.Motif: atom3 name is OOC
protocols.motifs.Motif: Res1 name is LYS
protocols.motifs.Motif: atom1 name is OOC
protocols.motifs.Motif: atom2 name is Phos
protocols.motifs.Motif: atom3 name is OOC
core.pack.task: Packer task: initialize from command line() 
core.pack.task: Packer task: initialize from command line() 
core.pack.task: Packer task: initialize from command line() 
protocols.moves.MonteCarlo: MonteCarlo:: last_accepted_score,lowest_score: -1104.51 -1105.99
protocols.motifs.Motif: Res1 name is ARG
protocols.motifs.Motif: atom1 name is OOC
protocols.motifs.Motif: atom2 name is Phos
protocols.motifs.Motif: atom3 name is OOC
protocols.motifs.Motif: Res1 name is GLN
protocols.motifs.Motif: atom1 name is aroC
protocols.motifs.Motif: atom2 name is aroC
protocols.motifs.Motif: atom3 name is Nhis
protocols.motifs.Motif: Res1 name is LYS
protocols.motifs.Motif: atom1 name is Nhis
protocols.motifs.Motif: atom2 name is aroC
protocols.motifs.Motif: atom3 name is Nhis
protocols.motifs.Motif: Res1 name is GLN
protocols.motifs.Motif: atom1 name is OOC
protocols.motifs.Motif: atom2 name is Phos
protocols.motifs.Motif: atom3 name is OOC
protocols.motifs.Motif: Res1 name is LYS
protocols.motifs.Motif: atom1 name is OOC
protocols.motifs.Motif: atom2 name is Phos
protocols.motifs.Motif: atom3 name is OOC
core.pack.task: Packer task: initialize from command line() 
core.pack.task: Packer task: initialize from command line() 
core.pack.task: Packer task: initialize from command line() 
protocols.moves.MonteCarlo: MonteCarlo:: last_accepted_score,lowest_score: -1106.73 -1106.74
protocols.motifs.Motif: Res1 name is ASP
protocols.motifs.Motif: atom1 name is OOC
protocols.motifs.Motif: atom2 name is Phos
protocols.motifs.Motif: atom3 name is OOC
protocols.motifs.Motif: Res1 name is ARG
protocols.motifs.Motif: atom1 name is OOC
protocols.motifs.Motif: atom2 name is Phos
protocols.motifs.Motif: atom3 name is OOC
protocols.motifs.Motif: Res1 name is ASP
protocols.motifs.Motif: atom1 name is OOC
protocols.motifs.Motif: atom2 name is Phos
protocols.motifs.Motif: atom3 name is OOC
protocols.motifs.Motif: Res1 name is LYS
protocols.motifs.Motif: atom1 name is OOC
protocols.motifs.Motif: atom2 name is Phos
protocols.motifs.Motif: atom3 name is OOC
core.pack.task: Packer task: initialize from command line() 
core.pack.task: Packer task: initialize from command line() 
core.pack.task: Packer task: initialize from command line() 
protocols.moves.MonteCarlo: MonteCarlo:: last_accepted_score,lowest_score: -1107.96 -1107.96
protocols.motifs.Motif: Res1 name is SER
protocols.motifs.Motif: atom1 name is OOC
protocols.motifs.Motif: atom2 name is Phos
protocols.motifs.Motif: atom3 name is OOC
protocols.motifs.Motif: Res1 name is ARG
protocols.motifs.Motif: atom1 name is Nhis
protocols.motifs.Motif: atom2 name is aroC
protocols.motifs.Motif: atom3 name is Nhis
protocols.motifs.Motif: Res1 name is ASP
protocols.motifs.Motif: atom1 name is OOC
protocols.motifs.Motif: atom2 name is Phos
protocols.motifs.Motif: atom3 name is OOC
protocols.motifs.Motif: Res1 name is LYS
protocols.motifs.Motif: atom1 name is OOC
protocols.motifs.Motif: atom2 name is Phos
protocols.motifs.Motif: atom3 name is OOC
protocols.motifs.Motif: Res1 name is THR
protocols.motifs.Motif: atom1 name is OOC
protocols.motifs.Motif: atom2 name is Phos
protocols.motifs.Motif: atom3 name is OOC
core.pack.task: Packer task: initialize from command line() 
core.pack.task: Packer task: initialize from command line() 
core.pack.task: Packer task: initialize from command line() 
protocols.moves.MonteCarlo: MonteCarlo:: last_accepted_score,lowest_score: -1103.37 -1103.38
protocols.motifs.Motif: Res1 name is ARG
protocols.motifs.Motif: atom1 name is OOC
protocols.motifs.Motif: atom2 name is Phos
protocols.motifs.Motif: atom3 name is OOC
protocols.motifs.Motif: Res1 name is LYS
protocols.motifs.Motif: atom1 name is aroC
protocols.motifs.Motif: atom2 name is aroC
protocols.motifs.Motif: atom3 name is Nhis
protocols.motifs.Motif: Res1 name is GLN
protocols.motifs.Motif: atom1 name is aroC
protocols.motifs.Motif: atom2 name is Nhis
protocols.motifs.Motif: atom3 name is CH2
protocols.motifs.Motif: Res1 name is LYS
protocols.motifs.Motif: atom1 name is OOC
protocols.motifs.Motif: atom2 name is Phos
protocols.motifs.Motif: atom3 name is OOC
core.pack.task: Packer task: initialize from command line() 
core.pack.task: Packer task: initialize from command line() 
core.pack.task: Packer task: initialize from command line() 
protocols.moves.MonteCarlo: MonteCarlo:: last_accepted_score,lowest_score: -1103.69 -1103.98
protocols.motifs.Motif: Res1 name is LYS
protocols.motifs.Motif: atom1 name is OH
protocols.motifs.Motif: atom2 name is COO
protocols.motifs.Motif: atom3 name is Phos
protocols.motifs.Motif: Res1 name is GLN
protocols.motifs.Motif: atom1 name is OH
protocols.motifs.Motif: atom2 name is COO
protocols.motifs.Motif: atom3 name is Phos
protocols.motifs.Motif: Res1 name is LYS
protocols.motifs.Motif: atom1 name is OOC
protocols.motifs.Motif: atom2 name is Phos
protocols.motifs.Motif: atom3 name is OOC
core.pack.task: Packer task: initialize from command line() 
core.pack.task: Packer task: initialize from command line() 
core.pack.task: Packer task: initialize from command line() 
protocols.moves.MonteCarlo: MonteCarlo:: last_accepted_score,lowest_score: -1105.35 -1105.35
protocols.motifs.Motif: Res1 name is LEU
protocols.motifs.Motif: atom1 name is Nhis
protocols.motifs.Motif: atom2 name is aroC
protocols.motifs.Motif: atom3 name is Nhis
protocols.motifs.Motif: Res1 name is ARG
protocols.motifs.Motif: atom1 name is OH
protocols.motifs.Motif: atom2 name is COO
protocols.motifs.Motif: atom3 name is Phos
protocols.motifs.Motif: Res1 name is LYS
protocols.motifs.Motif: atom1 name is aroC
protocols.motifs.Motif: atom2 name is aroC
protocols.motifs.Motif: atom3 name is Nhis
protocols.motifs.Motif: Res1 name is TYR
protocols.motifs.Motif: atom1 name is Nhis
protocols.motifs.Motif: atom2 name is aroC
protocols.motifs.Motif: atom3 name is Nhis
protocols.motifs.Motif: Res1 name is GLN
protocols.motifs.Motif: atom1 name is OOC
protocols.motifs.Motif: atom2 name is Phos
protocols.motifs.Motif: atom3 name is OOC
protocols.motifs.Motif: Res1 name is LYS
protocols.motifs.Motif: atom1 name is OOC
protocols.motifs.Motif: atom2 name is Phos
protocols.motifs.Motif: atom3 name is OOC
core.pack.task: Packer task: initialize from command line() 
core.pack.task: Packer task: initialize from command line() 
core.pack.task: Packer task: initialize from command line() 
protocols.moves.MonteCarlo: MonteCarlo:: last_accepted_score,lowest_score: -1105.44 -1105.44
protocols.motifs.Motif: Res1 name is LEU
protocols.motifs.Motif: atom1 name is OOC
protocols.motifs.Motif: atom2 name is Phos
protocols.motifs.Motif: atom3 name is OOC
protocols.motifs.Motif: Res1 name is ARG
protocols.motifs.Motif: atom1 name is OOC
protocols.motifs.Motif: atom2 name is Phos
protocols.motifs.Motif: atom3 name is OOC
protocols.motifs.Motif: Res1 name is GLN
protocols.motifs.Motif: atom1 name is OOC
protocols.motifs.Motif: atom2 name is Phos
protocols.motifs.Motif: atom3 name is OOC
protocols.motifs.Motif: Res1 name is LYS
protocols.motifs.Motif: atom1 name is OOC
protocols.motifs.Motif: atom2 name is Phos
protocols.motifs.Motif: atom3 name is OOC
core.pack.task: Packer task: initialize from command line() 
core.pack.task: Packer task: initialize from command line() 
core.pack.task: Packer task: initialize from command line() 
protocols.moves.MonteCarlo: MonteCarlo:: last_accepted_score,lowest_score: -1103.98 -1104.42
protocols.motifs.Motif: Res1 name is LYS
protocols.motifs.Motif: atom1 name is aroC
protocols.motifs.Motif: atom2 name is aroC
protocols.motifs.Motif: atom3 name is Nhis
protocols.motifs.Motif: Res1 name is TYR
protocols.motifs.Motif: atom1 name is Nhis
protocols.motifs.Motif: atom2 name is aroC
protocols.motifs.Motif: atom3 name is Nhis
protocols.motifs.Motif: Res1 name is GLN
protocols.motifs.Motif: atom1 name is OOC
protocols.motifs.Motif: atom2 name is Phos
protocols.motifs.Motif: atom3 name is OOC
protocols.motifs.Motif: Res1 name is LYS
protocols.motifs.Motif: atom1 name is OOC
protocols.motifs.Motif: atom2 name is Phos
protocols.motifs.Motif: atom3 name is OOC
core.pack.task: Packer task: initialize from command line() 
core.pack.task: Packer task: initialize from command line() 
core.pack.task: Packer task: initialize from command line() 
protocols.moves.MonteCarlo: MonteCarlo:: last_accepted_score,lowest_score: -1103.78 -1103.78
protocols.motifs.Motif: Res1 name is LEU
protocols.motifs.Motif: atom1 name is Nhis
protocols.motifs.Motif: atom2 name is aroC
protocols.motifs.Motif: atom3 name is Nhis
protocols.motifs.Motif: Res1 name is ARG
protocols.motifs.Motif: atom1 name is OOC
protocols.motifs.Motif: atom2 name is Phos
protocols.motifs.Motif: atom3 name is OOC
protocols.motifs.Motif: Res1 name is THR
protocols.motifs.Motif: atom1 name is aroC
protocols.motifs.Motif: atom2 name is Nhis
protocols.motifs.Motif: atom3 name is CH2
protocols.motifs.Motif: Res1 name is TYR
protocols.motifs.Motif: atom1 name is Nhis
protocols.motifs.Motif: atom2 name is aroC
protocols.motifs.Motif: atom3 name is Nhis
protocols.motifs.Motif: Res1 name is GLN
protocols.motifs.Motif: atom1 name is aroC
protocols.motifs.Motif: atom2 name is Nhis
protocols.motifs.Motif: atom3 name is CH2
protocols.motifs.Motif: Res1 name is LYS
protocols.motifs.Motif: atom1 name is OOC
protocols.motifs.Motif: atom2 name is Phos
protocols.motifs.Motif: atom3 name is OOC
core.pack.task: Packer task: initialize from command line() 
core.pack.task: Packer task: initialize from command line() 
core.pack.task: Packer task: initialize from command line() 
protocols.moves.MonteCarlo: MonteCarlo:: last_accepted_score,lowest_score: -1105.13 -1105.13
protocols.motifs.Motif: Res1 name is LEU
protocols.motifs.Motif: atom1 name is OOC
protocols.motifs.Motif: atom2 name is Phos
protocols.motifs.Motif: atom3 name is OOC
protocols.motifs.Motif: Res1 name is ARG
protocols.motifs.Motif: atom1 name is OOC
protocols.motifs.Motif: atom2 name is Phos
protocols.motifs.Motif: atom3 name is OOC
protocols.motifs.Motif: Res1 name is THR
protocols.motifs.Motif: atom1 name is Nhis
protocols.motifs.Motif: atom2 name is aroC
protocols.motifs.Motif: atom3 name is Nhis
protocols.motifs.Motif: Res1 name is TYR
protocols.motifs.Motif: atom1 name is aroC
protocols.motifs.Motif: atom2 name is aroC
protocols.motifs.Motif: atom3 name is Nhis
protocols.motifs.Motif: Res1 name is GLN
protocols.motifs.Motif: atom1 name is Nhis
protocols.motifs.Motif: atom2 name is aroC
protocols.motifs.Motif: atom3 name is Nhis
protocols.motifs.Motif: Res1 name is LYS
protocols.motifs.Motif: atom1 name is OOC
protocols.motifs.Motif: atom2 name is Phos
protocols.motifs.Motif: atom3 name is OOC
core.pack.task: Packer task: initialize from command line() 
core.pack.task: Packer task: initialize from command line() 
core.pack.task: Packer task: initialize from command line() 
protocols.moves.MonteCarlo: MonteCarlo:: last_accepted_score,lowest_score: -1102.11 -1102.88
protocols.motifs.Motif: Res1 name is ASP
protocols.motifs.Motif: atom1 name is OOC
protocols.motifs.Motif: atom2 name is Phos
protocols.motifs.Motif: atom3 name is OOC
protocols.motifs.Motif: Res1 name is SER
protocols.motifs.Motif: atom1 name is OOC
protocols.motifs.Motif: atom2 name is Phos
protocols.motifs.Motif: atom3 name is OOC
protocols.motifs.Motif: Res1 name is ARG
protocols.motifs.Motif: atom1 name is OOC
protocols.motifs.Motif: atom2 name is Phos
protocols.motifs.Motif: atom3 name is OOC
protocols.motifs.Motif: Res1 name is LYS
protocols.motifs.Motif: atom1 name is aroC
protocols.motifs.Motif: atom2 name is aroC
protocols.motifs.Motif: atom3 name is Nhis
core.pack.task: Packer task: initialize from command line() 
core.pack.task: Packer task: initialize from command line() 
core.pack.task: Packer task: initialize from command line() 
protocols.moves.MonteCarlo: MonteCarlo:: last_accepted_score,lowest_score: -1105.04 -1105.04
protocols.motifs.Motif: Res1 name is ARG
protocols.motifs.Motif: atom1 name is OOC
protocols.motifs.Motif: atom2 name is Phos
protocols.motifs.Motif: atom3 name is OOC
protocols.motifs.Motif: Res1 name is LYS
protocols.motifs.Motif: atom1 name is aroC
protocols.motifs.Motif: atom2 name is Nhis
protocols.motifs.Motif: atom3 name is CH2
protocols.motifs.Motif: Res1 name is GLN
protocols.motifs.Motif: atom1 name is Nhis
protocols.motifs.Motif: atom2 name is aroC
protocols.motifs.Motif: atom3 name is Nhis
protocols.motifs.Motif: Res1 name is ASP
protocols.motifs.Motif: atom1 name is Nhis
protocols.motifs.Motif: atom2 name is aroC
protocols.motifs.Motif: atom3 name is Nhis
protocols.motifs.Motif: Res1 name is LYS
protocols.motifs.Motif: atom1 name is OOC
protocols.motifs.Motif: atom2 name is Phos
protocols.motifs.Motif: atom3 name is OOC
protocols.motifs.Motif: Res1 name is ASP
protocols.motifs.Motif: atom1 name is Nhis
protocols.motifs.Motif: atom2 name is aroC
protocols.motifs.Motif: atom3 name is Nhis
core.pack.task: Packer task: initialize from command line() 
core.pack.task: Packer task: initialize from command line() 
core.pack.task: Packer task: initialize from command line() 
protocols.moves.MonteCarlo: MonteCarlo:: last_accepted_score,lowest_score: -1105.78 -1106.24
protocols.motifs.Motif: Res1 name is ARG
protocols.motifs.Motif: atom1 name is OOC
protocols.motifs.Motif: atom2 name is Phos
protocols.motifs.Motif: atom3 name is OOC
protocols.motifs.Motif: Res1 name is GLN
protocols.motifs.Motif: atom1 name is OH
protocols.motifs.Motif: atom2 name is COO
protocols.motifs.Motif: atom3 name is Phos
protocols.motifs.Motif: Res1 name is LYS
protocols.motifs.Motif: atom1 name is OOC
protocols.motifs.Motif: atom2 name is Phos
protocols.motifs.Motif: atom3 name is OOC
protocols.motifs.Motif: Res1 name is ARG
protocols.motifs.Motif: atom1 name is Nhis
protocols.motifs.Motif: atom2 name is aroC
protocols.motifs.Motif: atom3 name is Nhis
core.pack.task: Packer task: initialize from command line() 
core.pack.task: Packer task: initialize from command line() 
core.pack.task: Packer task: initialize from command line() 
protocols.moves.MonteCarlo: MonteCarlo:: last_accepted_score,lowest_score: -1107.13 -1107.13
protocols.motifs.Motif: Res1 name is LEU
protocols.motifs.Motif: atom1 name is OOC
protocols.motifs.Motif: atom2 name is Phos
protocols.motifs.Motif: atom3 name is OOC
protocols.motifs.Motif: Res1 name is ARG
protocols.motifs.Motif: atom1 name is OOC
protocols.motifs.Motif: atom2 name is Phos
protocols.motifs.Motif: atom3 name is OOC
protocols.motifs.Motif: Res1 name is GLN
protocols.motifs.Motif: atom1 name is Nhis
protocols.motifs.Motif: atom2 name is aroC
protocols.motifs.Motif: atom3 name is Nhis
protocols.motifs.Motif: Res1 name is LYS
protocols.motifs.Motif: atom1 name is OOC
protocols.motifs.Motif: atom2 name is Phos
protocols.motifs.Motif: atom3 name is OOC
core.pack.task: Packer task: initialize from command line() 
core.pack.task: Packer task: initialize from command line() 
core.pack.task: Packer task: initialize from command line() 
protocols.moves.MonteCarlo: MonteCarlo:: last_accepted_score,lowest_score: -1106.16 -1106.16
protocols.motifs.Motif: Res1 name is PHE
protocols.motifs.Motif: atom1 name is OOC
protocols.motifs.Motif: atom2 name is Phos
protocols.motifs.Motif: atom3 name is OOC
protocols.motifs.Motif: Res1 name is GLN
protocols.motifs.Motif: atom1 name is OOC
protocols.motifs.Motif: atom2 name is Phos
protocols.motifs.Motif: atom3 name is OOC
protocols.motifs.Motif: Res1 name is LYS
protocols.motifs.Motif: atom1 name is OOC
protocols.motifs.Motif: atom2 name is Phos
protocols.motifs.Motif: atom3 name is OOC
protocols.motifs.Motif: Res1 name is ARG
protocols.motifs.Motif: atom1 name is OOC
protocols.motifs.Motif: atom2 name is Phos
protocols.motifs.Motif: atom3 name is OOC
core.pack.task: Packer task: initialize from command line() 
core.pack.task: Packer task: initialize from command line() 
core.pack.task: Packer task: initialize from command line() 
protocols.moves.MonteCarlo: MonteCarlo:: last_accepted_score,lowest_score: -1103.9 -1103.9
protocols.motifs.Motif: Res1 name is LEU
protocols.motifs.Motif: atom1 name is OOC
protocols.motifs.Motif: atom2 name is Phos
protocols.motifs.Motif: atom3 name is OOC
protocols.motifs.Motif: Res1 name is ARG
protocols.motifs.Motif: atom1 name is OOC
protocols.motifs.Motif: atom2 name is Phos
protocols.motifs.Motif: atom3 name is OOC
protocols.motifs.Motif: Res1 name is GLN
protocols.motifs.Motif: atom1 name is OOC
protocols.motifs.Motif: atom2 name is Phos
protocols.motifs.Motif: atom3 name is OOC
protocols.motifs.Motif: Res1 name is ASP
protocols.motifs.Motif: atom1 name is Nhis
protocols.motifs.Motif: atom2 name is aroC
protocols.motifs.Motif: atom3 name is Nhis
protocols.motifs.Motif: Res1 name is LYS
protocols.motifs.Motif: atom1 name is OOC
protocols.motifs.Motif: atom2 name is Phos
protocols.motifs.Motif: atom3 name is OOC
core.pack.task: Packer task: initialize from command line() 
core.pack.task: Packer task: initialize from command line() 
core.pack.task: Packer task: initialize from command line() 
protocols.moves.MonteCarlo: MonteCarlo:: last_accepted_score,lowest_score: -1104.22 -1104.92
protocols.motifs.Motif: Res1 name is ARG
protocols.motifs.Motif: atom1 name is OOC
protocols.motifs.Motif: atom2 name is Phos
protocols.motifs.Motif: atom3 name is OOC
protocols.motifs.Motif: Res1 name is GLN
protocols.motifs.Motif: atom1 name is Nhis
protocols.motifs.Motif: atom2 name is aroC
protocols.motifs.Motif: atom3 name is Nhis
protocols.motifs.Motif: Res1 name is LYS
protocols.motifs.Motif: atom1 name is OOC
protocols.motifs.Motif: atom2 name is Phos
protocols.motifs.Motif: atom3 name is OOC
core.pack.task: Packer task: initialize from command line() 
core.pack.task: Packer task: initialize from command line() 
core.pack.task: Packer task: initialize from command line() 
protocols.moves.MonteCarlo: MonteCarlo:: last_accepted_score,lowest_score: -1104.98 -1105.73
protocols.motifs.Motif: Res1 name is LEU
protocols.motifs.Motif: atom1 name is aroC
protocols.motifs.Motif: atom2 name is aroC
protocols.motifs.Motif: atom3 name is Nhis
protocols.motifs.Motif: Res1 name is ARG
protocols.motifs.Motif: atom1 name is OOC
protocols.motifs.Motif: atom2 name is Phos
protocols.motifs.Motif: atom3 name is OOC
protocols.motifs.Motif: Res1 name is GLN
protocols.motifs.Motif: atom1 name is OOC
protocols.motifs.Motif: atom2 name is Phos
protocols.motifs.Motif: atom3 name is OOC
protocols.motifs.Motif: Res1 name is LYS
protocols.motifs.Motif: atom1 name is OOC
protocols.motifs.Motif: atom2 name is Phos
protocols.motifs.Motif: atom3 name is OOC
core.pack.task: Packer task: initialize from command line() 
core.pack.task: Packer task: initialize from command line() 
core.pack.task: Packer task: initialize from command line() 
protocols.moves.MonteCarlo: MonteCarlo:: last_accepted_score,lowest_score: -1105.5 -1106.11
protocols.motifs.Motif: Res1 name is ARG
protocols.motifs.Motif: atom1 name is aroC
protocols.motifs.Motif: atom2 name is Nhis
protocols.motifs.Motif: atom3 name is CH2
protocols.motifs.Motif: Res1 name is PHE
protocols.motifs.Motif: atom1 name is OOC
protocols.motifs.Motif: atom2 name is Phos
protocols.motifs.Motif: atom3 name is OOC
protocols.motifs.Motif: Res1 name is GLN
protocols.motifs.Motif: atom1 name is OH
protocols.motifs.Motif: atom2 name is COO
protocols.motifs.Motif: atom3 name is Phos
protocols.motifs.Motif: Res1 name is LYS
protocols.motifs.Motif: atom1 name is OOC
protocols.motifs.Motif: atom2 name is Phos
protocols.motifs.Motif: atom3 name is OOC
protocols.motifs.Motif: Res1 name is ARG
protocols.motifs.Motif: atom1 name is OOC
protocols.motifs.Motif: atom2 name is Phos
protocols.motifs.Motif: atom3 name is OOC
core.pack.task: Packer task: initialize from command line() 
core.pack.task: Packer task: initialize from command line() 
core.pack.task: Packer task: initialize from command line() 
protocols.moves.MonteCarlo: MonteCarlo:: last_accepted_score,lowest_score: -1104.53 -1104.53
protocols.motifs.Motif: Res1 name is ARG
protocols.motifs.Motif: atom1 name is OOC
protocols.motifs.Motif: atom2 name is Phos
protocols.motifs.Motif: atom3 name is OOC
protocols.motifs.Motif: Res1 name is LYS
protocols.motifs.Motif: atom1 name is OOC
protocols.motifs.Motif: atom2 name is Phos
protocols.motifs.Motif: atom3 name is OOC
core.pack.task: Packer task: initialize from command line() 
core.pack.task: Packer task: initialize from command line() 
core.pack.task: Packer task: initialize from command line() 
protocols.moves.MonteCarlo: MonteCarlo:: last_accepted_score,lowest_score: -1105.82 -1105.95
protocols.motifs.Motif: Res1 name is ARG
protocols.motifs.Motif: atom1 name is OOC
protocols.motifs.Motif: atom2 name is Phos
protocols.motifs.Motif: atom3 name is OOC
protocols.motifs.Motif: Res1 name is LYS
protocols.motifs.Motif: atom1 name is aroC
protocols.motifs.Motif: atom2 name is Nhis
protocols.motifs.Motif: atom3 name is CH2
protocols.motifs.Motif: Res1 name is GLN
protocols.motifs.Motif: atom1 name is OOC
protocols.motifs.Motif: atom2 name is Phos
protocols.motifs.Motif: atom3 name is OOC
protocols.motifs.Motif: Res1 name is LYS
protocols.motifs.Motif: atom1 name is OOC
protocols.motifs.Motif: atom2 name is Phos
protocols.motifs.Motif: atom3 name is OOC
core.pack.task: Packer task: initialize from command line() 
core.pack.task: Packer task: initialize from command line() 
core.pack.task: Packer task: initialize from command line() 
protocols.moves.MonteCarlo: MonteCarlo:: last_accepted_score,lowest_score: -1103.07 -1103.14
protocols.motifs.Motif: Res1 name is ARG
protocols.motifs.Motif: atom1 name is aroC
protocols.motifs.Motif: atom2 name is Nhis
protocols.motifs.Motif: atom3 name is CH2
protocols.motifs.Motif: Res1 name is GLN
protocols.motifs.Motif: atom1 name is OOC
protocols.motifs.Motif: atom2 name is Phos
protocols.motifs.Motif: atom3 name is OOC
protocols.motifs.Motif: Res1 name is LYS
protocols.motifs.Motif: atom1 name is OOC
protocols.motifs.Motif: atom2 name is Phos
protocols.motifs.Motif: atom3 name is OOC
core.pack.task: Packer task: initialize from command line() 
core.pack.task: Packer task: initialize from command line() 
core.pack.task: Packer task: initialize from command line() 
protocols.moves.MonteCarlo: MonteCarlo:: last_accepted_score,lowest_score: -1105.85 -1105.86
protocols.motifs.Motif: Res1 name is LEU
protocols.motifs.Motif: atom1 name is aroC
protocols.motifs.Motif: atom2 name is aroC
protocols.motifs.Motif: atom3 name is Nhis
protocols.motifs.Motif: Res1 name is ARG
protocols.motifs.Motif: atom1 name is aroC
protocols.motifs.Motif: atom2 name is Nhis
protocols.motifs.Motif: atom3 name is CH2
protocols.motifs.Motif: Res1 name is PHE
protocols.motifs.Motif: atom1 name is OOC
protocols.motifs.Motif: atom2 name is Phos
protocols.motifs.Motif: atom3 name is OOC
protocols.motifs.Motif: Res1 name is GLN
protocols.motifs.Motif: atom1 name is OOC
protocols.motifs.Motif: atom2 name is Phos
protocols.motifs.Motif: atom3 name is OOC
protocols.motifs.Motif: Res1 name is LYS
protocols.motifs.Motif: atom1 name is OOC
protocols.motifs.Motif: atom2 name is Phos
protocols.motifs.Motif: atom3 name is OOC
protocols.motifs.Motif: Res1 name is ARG
protocols.motifs.Motif: atom1 name is OOC
protocols.motifs.Motif: atom2 name is Phos
protocols.motifs.Motif: atom3 name is OOC
core.pack.task: Packer task: initialize from command line() 
core.pack.task: Packer task: initialize from command line() 
core.pack.task: Packer task: initialize from command line() 
protocols.moves.MonteCarlo: MonteCarlo:: last_accepted_score,lowest_score: -1104.99 -1104.99
protocols.motifs.Motif: Res1 name is LEU
protocols.motifs.Motif: atom1 name is OOC
protocols.motifs.Motif: atom2 name is Phos
protocols.motifs.Motif: atom3 name is OOC
protocols.motifs.Motif: Res1 name is ARG
protocols.motifs.Motif: atom1 name is OOC
protocols.motifs.Motif: atom2 name is Phos
protocols.motifs.Motif: atom3 name is OOC
protocols.motifs.Motif: Res1 name is LYS
protocols.motifs.Motif: atom1 name is aroC
protocols.motifs.Motif: atom2 name is Nhis
protocols.motifs.Motif: atom3 name is CH2
protocols.motifs.Motif: Res1 name is GLN
protocols.motifs.Motif: atom1 name is Nhis
protocols.motifs.Motif: atom2 name is aroC
protocols.motifs.Motif: atom3 name is Nhis
protocols.motifs.Motif: Res1 name is LYS
protocols.motifs.Motif: atom1 name is OOC
protocols.motifs.Motif: atom2 name is Phos
protocols.motifs.Motif: atom3 name is OOC
protocols.motifs.Motif: Res1 name is ASP
protocols.motifs.Motif: atom1 name is aroC
protocols.motifs.Motif: atom2 name is aroC
protocols.motifs.Motif: atom3 name is Nhis
core.pack.task: Packer task: initialize from command line() 
core.pack.task: Packer task: initialize from command line() 
core.pack.task: Packer task: initialize from command line() 
protocols.moves.MonteCarlo: MonteCarlo:: last_accepted_score,lowest_score: -1103.15 -1104.11
protocols.motifs.Motif: Res1 name is LEU
protocols.motifs.Motif: atom1 name is aroC
protocols.motifs.Motif: atom2 name is Nhis
protocols.motifs.Motif: atom3 name is CH2
protocols.motifs.Motif: Res1 name is ARG
protocols.motifs.Motif: atom1 name is OOC
protocols.motifs.Motif: atom2 name is Phos
protocols.motifs.Motif: atom3 name is OOC
protocols.motifs.Motif: Res1 name is GLN
protocols.motifs.Motif: atom1 name is OOC
protocols.motifs.Motif: atom2 name is Phos
protocols.motifs.Motif: atom3 name is OOC
protocols.motifs.Motif: Res1 name is LYS
protocols.motifs.Motif: atom1 name is OOC
protocols.motifs.Motif: atom2 name is Phos
protocols.motifs.Motif: atom3 name is OOC
core.pack.task: Packer task: initialize from command line() 
core.pack.task: Packer task: initialize from command line() 
core.pack.task: Packer task: initialize from command line() 
protocols.moves.MonteCarlo: MonteCarlo:: last_accepted_score,lowest_score: -1101.82 -1102.64
protocols.motifs.Motif: Res1 name is SER
protocols.motifs.Motif: atom1 name is OOC
protocols.motifs.Motif: atom2 name is Phos
protocols.motifs.Motif: atom3 name is OOC
protocols.motifs.Motif: Res1 name is ARG
protocols.motifs.Motif: atom1 name is OH
protocols.motifs.Motif: atom2 name is COO
protocols.motifs.Motif: atom3 name is Phos
protocols.motifs.Motif: Res1 name is LYS
protocols.motifs.Motif: atom1 name is aroC
protocols.motifs.Motif: atom2 name is aroC
protocols.motifs.Motif: atom3 name is Nhis
protocols.motifs.Motif: Res1 name is LYS
protocols.motifs.Motif: atom1 name is OOC
protocols.motifs.Motif: atom2 name is Phos
protocols.motifs.Motif: atom3 name is OOC
core.pack.task: Packer task: initialize from command line() 
core.pack.task: Packer task: initialize from command line() 
core.pack.task: Packer task: initialize from command line() 
protocols.moves.MonteCarlo: MonteCarlo:: last_accepted_score,lowest_score: -1105.74 -1105.87
protocols.motifs.Motif: Res1 name is ARG
protocols.motifs.Motif: atom1 name is OOC
protocols.motifs.Motif: atom2 name is Phos
protocols.motifs.Motif: atom3 name is OOC
protocols.motifs.Motif: Res1 name is GLN
protocols.motifs.Motif: atom1 name is OH
protocols.motifs.Motif: atom2 name is COO
protocols.motifs.Motif: atom3 name is Phos
protocols.motifs.Motif: Res1 name is LYS
protocols.motifs.Motif: atom1 name is OOC
protocols.motifs.Motif: atom2 name is Phos
protocols.motifs.Motif: atom3 name is OOC
protocols.motifs.Motif: Res1 name is ARG
protocols.motifs.Motif: atom1 name is Nhis
protocols.motifs.Motif: atom2 name is aroC
protocols.motifs.Motif: atom3 name is Nhis
core.pack.task: Packer task: initialize from command line() 
core.pack.task: Packer task: initialize from command line() 
core.pack.task: Packer task: initialize from command line() 
protocols.moves.MonteCarlo: MonteCarlo:: last_accepted_score,lowest_score: -1105.34 -1106.67
protocols.motifs.Motif: Res1 name is LEU
protocols.motifs.Motif: atom1 name is OOC
protocols.motifs.Motif: atom2 name is Phos
protocols.motifs.Motif: atom3 name is OOC
protocols.motifs.Motif: Res1 name is ARG
protocols.motifs.Motif: atom1 name is OOC
protocols.motifs.Motif: atom2 name is Phos
protocols.motifs.Motif: atom3 name is OOC
protocols.motifs.Motif: Res1 name is LYS
protocols.motifs.Motif: atom1 name is Nhis
protocols.motifs.Motif: atom2 name is aroC
protocols.motifs.Motif: atom3 name is Nhis
protocols.motifs.Motif: Res1 name is TYR
protocols.motifs.Motif: atom1 name is aroC
protocols.motifs.Motif: atom2 name is Nhis
protocols.motifs.Motif: atom3 name is CH2
protocols.motifs.Motif: Res1 name is GLN
protocols.motifs.Motif: atom1 name is OH
protocols.motifs.Motif: atom2 name is COO
protocols.motifs.Motif: atom3 name is Phos
protocols.motifs.Motif: Res1 name is LYS
protocols.motifs.Motif: atom1 name is OOC
protocols.motifs.Motif: atom2 name is Phos
protocols.motifs.Motif: atom3 name is OOC
core.pack.task: Packer task: initialize from command line() 
core.pack.task: Packer task: initialize from command line() 
core.pack.task: Packer task: initialize from command line() 
protocols.moves.MonteCarlo: MonteCarlo:: last_accepted_score,lowest_score: -1101.89 -1101.89
protocols.motifs.Motif: Res1 name is LEU
protocols.motifs.Motif: atom1 name is OOC
protocols.motifs.Motif: atom2 name is Phos
protocols.motifs.Motif: atom3 name is OOC
protocols.motifs.Motif: Res1 name is ARG
protocols.motifs.Motif: atom1 name is OOC
protocols.motifs.Motif: atom2 name is Phos
protocols.motifs.Motif: atom3 name is OOC
protocols.motifs.Motif: Res1 name is GLN
protocols.motifs.Motif: atom1 name is COO
protocols.motifs.Motif: atom2 name is CH2
protocols.motifs.Motif: atom3 name is Nhis
protocols.motifs.Motif: Res1 name is LYS
protocols.motifs.Motif: atom1 name is aroC
protocols.motifs.Motif: atom2 name is Nhis
protocols.motifs.Motif: atom3 name is CH2
core.pack.task: Packer task: initialize from command line() 
core.pack.task: Packer task: initialize from command line() 
core.pack.task: Packer task: initialize from command line() 
protocols.moves.MonteCarlo: MonteCarlo:: last_accepted_score,lowest_score: -1100.33 -1101.99
protocols.motifs.Motif: Res1 name is ARG
protocols.motifs.Motif: atom1 name is aroC
protocols.motifs.Motif: atom2 name is Nhis
protocols.motifs.Motif: atom3 name is CH2
protocols.motifs.Motif: Res1 name is GLN
protocols.motifs.Motif: atom1 name is OOC
protocols.motifs.Motif: atom2 name is Phos
protocols.motifs.Motif: atom3 name is OOC
protocols.motifs.Motif: Res1 name is LYS
protocols.motifs.Motif: atom1 name is OOC
protocols.motifs.Motif: atom2 name is Phos
protocols.motifs.Motif: atom3 name is OOC
core.pack.task: Packer task: initialize from command line() 
core.pack.task: Packer task: initialize from command line() 
core.pack.task: Packer task: initialize from command line() 
protocols.moves.MonteCarlo: MonteCarlo:: last_accepted_score,lowest_score: -1105.35 -1105.75
protocols.motifs.Motif: Res1 name is LEU
protocols.motifs.Motif: atom1 name is OOC
protocols.motifs.Motif: atom2 name is Phos
protocols.motifs.Motif: atom3 name is OOC
protocols.motifs.Motif: Res1 name is ARG
protocols.motifs.Motif: atom1 name is OOC
protocols.motifs.Motif: atom2 name is Phos
protocols.motifs.Motif: atom3 name is OOC
protocols.motifs.Motif: Res1 name is GLN
protocols.motifs.Motif: atom1 name is OOC
protocols.motifs.Motif: atom2 name is Phos
protocols.motifs.Motif: atom3 name is OOC
protocols.motifs.Motif: Res1 name is LYS
protocols.motifs.Motif: atom1 name is OOC
protocols.motifs.Motif: atom2 name is Phos
protocols.motifs.Motif: atom3 name is OOC
core.pack.task: Packer task: initialize from command line() 
core.pack.task: Packer task: initialize from command line() 
core.pack.task: Packer task: initialize from command line() 
protocols.moves.MonteCarlo: MonteCarlo:: last_accepted_score,lowest_score: -1099.79 -1099.79
protocols.motifs.Motif: Res1 name is ASP
protocols.motifs.Motif: atom1 name is aroC
protocols.motifs.Motif: atom2 name is aroC
protocols.motifs.Motif: atom3 name is Nhis
protocols.motifs.Motif: Res1 name is ARG
protocols.motifs.Motif: atom1 name is aroC
protocols.motifs.Motif: atom2 name is Nhis
protocols.motifs.Motif: atom3 name is CH2
protocols.motifs.Motif: Res1 name is GLN
protocols.motifs.Motif: atom1 name is OOC
protocols.motifs.Motif: atom2 name is Phos
protocols.motifs.Motif: atom3 name is OOC
protocols.motifs.Motif: Res1 name is LYS
protocols.motifs.Motif: atom1 name is OOC
protocols.motifs.Motif: atom2 name is Phos
protocols.motifs.Motif: atom3 name is OOC
core.pack.task: Packer task: initialize from command line() 
core.pack.task: Packer task: initialize from command line() 
core.pack.task: Packer task: initialize from command line() 
protocols.moves.MonteCarlo: MonteCarlo:: last_accepted_score,lowest_score: -1103.77 -1104.27
protocols.motifs.Motif: Res1 name is LEU
protocols.motifs.Motif: atom1 name is OOC
protocols.motifs.Motif: atom2 name is Phos
protocols.motifs.Motif: atom3 name is OOC
protocols.motifs.Motif: Res1 name is ARG
protocols.motifs.Motif: atom1 name is OOC
protocols.motifs.Motif: atom2 name is Phos
protocols.motifs.Motif: atom3 name is OOC
protocols.motifs.Motif: Res1 name is LYS
protocols.motifs.Motif: atom1 name is aroC
protocols.motifs.Motif: atom2 name is aroC
protocols.motifs.Motif: atom3 name is Nhis
protocols.motifs.Motif: Res1 name is GLN
protocols.motifs.Motif: atom1 name is Nhis
protocols.motifs.Motif: atom2 name is aroC
protocols.motifs.Motif: atom3 name is Nhis
protocols.motifs.Motif: Res1 name is LYS
protocols.motifs.Motif: atom1 name is OOC
protocols.motifs.Motif: atom2 name is Phos
protocols.motifs.Motif: atom3 name is OOC
core.pack.task: Packer task: initialize from command line() 
core.pack.task: Packer task: initialize from command line() 
core.pack.task: Packer task: initialize from command line() 
protocols.moves.MonteCarlo: MonteCarlo:: last_accepted_score,lowest_score: -1104.49 -1104.85
protocols.motifs.Motif: Res1 name is ARG
protocols.motifs.Motif: atom1 name is OOC
protocols.motifs.Motif: atom2 name is Phos
protocols.motifs.Motif: atom3 name is OOC
protocols.motifs.Motif: Res1 name is LYS
protocols.motifs.Motif: atom1 name is aroC
protocols.motifs.Motif: atom2 name is aroC
protocols.motifs.Motif: atom3 name is Nhis
protocols.motifs.Motif: Res1 name is GLN
protocols.motifs.Motif: atom1 name is COO
protocols.motifs.Motif: atom2 name is CH2
protocols.motifs.Motif: atom3 name is Nhis
protocols.motifs.Motif: Res1 name is LYS
protocols.motifs.Motif: atom1 name is OOC
protocols.motifs.Motif: atom2 name is Phos
protocols.motifs.Motif: atom3 name is OOC
core.pack.task: Packer task: initialize from command line() 
core.pack.task: Packer task: initialize from command line() 
core.pack.task: Packer task: initialize from command line() 
protocols.moves.MonteCarlo: MonteCarlo:: last_accepted_score,lowest_score: -1106.45 -1106.83
protocols.motifs.Motif: Res1 name is ARG
protocols.motifs.Motif: atom1 name is OOC
protocols.motifs.Motif: atom2 name is Phos
protocols.motifs.Motif: atom3 name is OOC
protocols.motifs.Motif: Res1 name is LYS
protocols.motifs.Motif: atom1 name is aroC
protocols.motifs.Motif: atom2 name is aroC
protocols.motifs.Motif: atom3 name is Nhis
protocols.motifs.Motif: Res1 name is THR
protocols.motifs.Motif: atom1 name is aroC
protocols.motifs.Motif: atom2 name is Nhis
protocols.motifs.Motif: atom3 name is CH2
protocols.motifs.Motif: Res1 name is GLN
protocols.motifs.Motif: atom1 name is OH
protocols.motifs.Motif: atom2 name is COO
protocols.motifs.Motif: atom3 name is Phos
protocols.motifs.Motif: Res1 name is LYS
protocols.motifs.Motif: atom1 name is OOC
protocols.motifs.Motif: atom2 name is Phos
protocols.motifs.Motif: atom3 name is OOC
core.pack.task: Packer task: initialize from command line() 
core.pack.task: Packer task: initialize from command line() 
core.pack.task: Packer task: initialize from command line() 
protocols.moves.MonteCarlo: MonteCarlo:: last_accepted_score,lowest_score: -1104.3 -1104.74
protocols.motifs.Motif: Res1 name is LEU
protocols.motifs.Motif: atom1 name is OOC
protocols.motifs.Motif: atom2 name is Phos
protocols.motifs.Motif: atom3 name is OOC
protocols.motifs.Motif: Res1 name is ARG
protocols.motifs.Motif: atom1 name is OOC
protocols.motifs.Motif: atom2 name is Phos
protocols.motifs.Motif: atom3 name is OOC
protocols.motifs.Motif: Res1 name is LYS
protocols.motifs.Motif: atom1 name is aroC
protocols.motifs.Motif: atom2 name is Nhis
protocols.motifs.Motif: atom3 name is CH2
protocols.motifs.Motif: Res1 name is GLN
protocols.motifs.Motif: atom1 name is OOC
protocols.motifs.Motif: atom2 name is Phos
protocols.motifs.Motif: atom3 name is OOC
protocols.motifs.Motif: Res1 name is LYS
protocols.motifs.Motif: atom1 name is OOC
protocols.motifs.Motif: atom2 name is Phos
protocols.motifs.Motif: atom3 name is OOC
core.pack.task: Packer task: initialize from command line() 
core.pack.task: Packer task: initialize from command line() 
core.pack.task: Packer task: initialize from command line() 
protocols.moves.MonteCarlo: MonteCarlo:: last_accepted_score,lowest_score: -1104.75 -1104.75
protocols.motifs.Motif: Res1 name is LEU
protocols.motifs.Motif: atom1 name is Nhis
protocols.motifs.Motif: atom2 name is aroC
protocols.motifs.Motif: atom3 name is Nhis
protocols.motifs.Motif: Res1 name is ARG
protocols.motifs.Motif: atom1 name is OOC
protocols.motifs.Motif: atom2 name is Phos
protocols.motifs.Motif: atom3 name is OOC
protocols.motifs.Motif: Res1 name is LYS
protocols.motifs.Motif: atom1 name is OOC
protocols.motifs.Motif: atom2 name is Phos
protocols.motifs.Motif: atom3 name is OOC
protocols.motifs.Motif: Res1 name is GLN
protocols.motifs.Motif: atom1 name is OOC
protocols.motifs.Motif: atom2 name is Phos
protocols.motifs.Motif: atom3 name is OOC
protocols.motifs.Motif: Res1 name is LYS
protocols.motifs.Motif: atom1 name is OOC
protocols.motifs.Motif: atom2 name is Phos
protocols.motifs.Motif: atom3 name is OOC
core.pack.task: Packer task: initialize from command line() 
core.pack.task: Packer task: initialize from command line() 
core.pack.task: Packer task: initialize from command line() 
protocols.moves.MonteCarlo: MonteCarlo:: last_accepted_score,lowest_score: -1107.37 -1107.56
protocols.motifs.Motif: Res1 name is LEU
protocols.motifs.Motif: atom1 name is COO
protocols.motifs.Motif: atom2 name is CH2
protocols.motifs.Motif: atom3 name is Nhis
protocols.motifs.Motif: Res1 name is ARG
protocols.motifs.Motif: atom1 name is OOC
protocols.motifs.Motif: atom2 name is Phos
protocols.motifs.Motif: atom3 name is OOC
protocols.motifs.Motif: Res1 name is THR
protocols.motifs.Motif: atom1 name is Nhis
protocols.motifs.Motif: atom2 name is aroC
protocols.motifs.Motif: atom3 name is Nhis
protocols.motifs.Motif: Res1 name is TYR
protocols.motifs.Motif: atom1 name is aroC
protocols.motifs.Motif: atom2 name is Nhis
protocols.motifs.Motif: atom3 name is CH2
protocols.motifs.Motif: Res1 name is GLN
protocols.motifs.Motif: atom1 name is OOC
protocols.motifs.Motif: atom2 name is Phos
protocols.motifs.Motif: atom3 name is OOC
protocols.motifs.Motif: Res1 name is LYS
protocols.motifs.Motif: atom1 name is OOC
protocols.motifs.Motif: atom2 name is Phos
protocols.motifs.Motif: atom3 name is OOC
core.pack.task: Packer task: initialize from command line() 
core.pack.task: Packer task: initialize from command line() 
core.pack.task: Packer task: initialize from command line() 
protocols.moves.MonteCarlo: MonteCarlo:: last_accepted_score,lowest_score: -1104.75 -1105.4
protocols.motifs.Motif: Res1 name is LEU
protocols.motifs.Motif: atom1 name is OOC
protocols.motifs.Motif: atom2 name is Phos
protocols.motifs.Motif: atom3 name is OOC
protocols.motifs.Motif: Res1 name is ARG
protocols.motifs.Motif: atom1 name is OOC
protocols.motifs.Motif: atom2 name is Phos
protocols.motifs.Motif: atom3 name is OOC
protocols.motifs.Motif: Res1 name is GLN
protocols.motifs.Motif: atom1 name is OOC
protocols.motifs.Motif: atom2 name is Phos
protocols.motifs.Motif: atom3 name is OOC
protocols.motifs.Motif: Res1 name is LYS
protocols.motifs.Motif: atom1 name is OOC
protocols.motifs.Motif: atom2 name is Phos
protocols.motifs.Motif: atom3 name is OOC
core.pack.task: Packer task: initialize from command line() 
core.pack.task: Packer task: initialize from command line() 
core.pack.task: Packer task: initialize from command line() 
protocols.moves.MonteCarlo: MonteCarlo:: last_accepted_score,lowest_score: -1104.56 -1104.56
protocols.motifs.Motif: Res1 name is LEU
protocols.motifs.Motif: atom1 name is aroC
protocols.motifs.Motif: atom2 name is aroC
protocols.motifs.Motif: atom3 name is Nhis
protocols.motifs.Motif: Res1 name is ARG
protocols.motifs.Motif: atom1 name is OOC
protocols.motifs.Motif: atom2 name is Phos
protocols.motifs.Motif: atom3 name is OOC
protocols.motifs.Motif: Res1 name is GLN
protocols.motifs.Motif: atom1 name is OOC
protocols.motifs.Motif: atom2 name is Phos
protocols.motifs.Motif: atom3 name is OOC
protocols.motifs.Motif: Res1 name is LYS
protocols.motifs.Motif: atom1 name is OOC
protocols.motifs.Motif: atom2 name is Phos
protocols.motifs.Motif: atom3 name is OOC
core.pack.task: Packer task: initialize from command line() 
core.pack.task: Packer task: initialize from command line() 
core.pack.task: Packer task: initialize from command line() 
protocols.moves.MonteCarlo: MonteCarlo:: last_accepted_score,lowest_score: -1105.1 -1105.21
protocols.motifs.Motif: Res1 name is LEU
protocols.motifs.Motif: atom1 name is OOC
protocols.motifs.Motif: atom2 name is Phos
protocols.motifs.Motif: atom3 name is OOC
protocols.motifs.Motif: Res1 name is ARG
protocols.motifs.Motif: atom1 name is OOC
protocols.motifs.Motif: atom2 name is Phos
protocols.motifs.Motif: atom3 name is OOC
protocols.motifs.Motif: Res1 name is THR
protocols.motifs.Motif: atom1 name is aroC
protocols.motifs.Motif: atom2 name is Nhis
protocols.motifs.Motif: atom3 name is CH2
protocols.motifs.Motif: Res1 name is TYR
protocols.motifs.Motif: atom1 name is Nhis
protocols.motifs.Motif: atom2 name is aroC
protocols.motifs.Motif: atom3 name is Nhis
protocols.motifs.Motif: Res1 name is GLN
protocols.motifs.Motif: atom1 name is aroC
protocols.motifs.Motif: atom2 name is Nhis
protocols.motifs.Motif: atom3 name is CH2
protocols.motifs.Motif: Res1 name is LYS
protocols.motifs.Motif: atom1 name is OOC
protocols.motifs.Motif: atom2 name is Phos
protocols.motifs.Motif: atom3 name is OOC
core.pack.task: Packer task: initialize from command line() 
core.pack.task: Packer task: initialize from command line() 
core.pack.task: Packer task: initialize from command line() 
protocols.moves.MonteCarlo: MonteCarlo:: last_accepted_score,lowest_score: -1023.25 -1023.25
protocols.motifs.Motif: Res1 name is ARG
protocols.motifs.Motif: atom1 name is OOC
protocols.motifs.Motif: atom2 name is Phos
protocols.motifs.Motif: atom3 name is OOC
protocols.motifs.Motif: Res1 name is GLN
protocols.motifs.Motif: atom1 name is Nhis
protocols.motifs.Motif: atom2 name is aroC
protocols.motifs.Motif: atom3 name is Nhis
protocols.motifs.Motif: Res1 name is LYS
protocols.motifs.Motif: atom1 name is OOC
protocols.motifs.Motif: atom2 name is Phos
protocols.motifs.Motif: atom3 name is OOC
core.pack.task: Packer task: initialize from command line() 
core.pack.task: Packer task: initialize from command line() 
core.pack.task: Packer task: initialize from command line() 
protocols.moves.MonteCarlo: MonteCarlo:: last_accepted_score,lowest_score: -1103.48 -1103.48
protocols.motifs.Motif: Res1 name is ARG
protocols.motifs.Motif: atom1 name is OOC
protocols.motifs.Motif: atom2 name is Phos
protocols.motifs.Motif: atom3 name is OOC
protocols.motifs.Motif: Res1 name is GLN
protocols.motifs.Motif: atom1 name is Nhis
protocols.motifs.Motif: atom2 name is aroC
protocols.motifs.Motif: atom3 name is Nhis
protocols.motifs.Motif: Res1 name is LYS
protocols.motifs.Motif: atom1 name is OOC
protocols.motifs.Motif: atom2 name is Phos
protocols.motifs.Motif: atom3 name is OOC
core.pack.task: Packer task: initialize from command line() 
core.pack.task: Packer task: initialize from command line() 
core.pack.task: Packer task: initialize from command line() 
protocols.moves.MonteCarlo: MonteCarlo:: last_accepted_score,lowest_score: -1104.23 -1104.31
protocols.motifs.Motif: Res1 name is LEU
protocols.motifs.Motif: atom1 name is OOC
protocols.motifs.Motif: atom2 name is Phos
protocols.motifs.Motif: atom3 name is OOC
protocols.motifs.Motif: Res1 name is ARG
protocols.motifs.Motif: atom1 name is OOC
protocols.motifs.Motif: atom2 name is Phos
protocols.motifs.Motif: atom3 name is OOC
protocols.motifs.Motif: Res1 name is PHE
protocols.motifs.Motif: atom1 name is Nhis
protocols.motifs.Motif: atom2 name is aroC
protocols.motifs.Motif: atom3 name is Nhis
protocols.motifs.Motif: Res1 name is GLN
protocols.motifs.Motif: atom1 name is Nhis
protocols.motifs.Motif: atom2 name is aroC
protocols.motifs.Motif: atom3 name is Nhis
protocols.motifs.Motif: Res1 name is LYS
protocols.motifs.Motif: atom1 name is OOC
protocols.motifs.Motif: atom2 name is Phos
protocols.motifs.Motif: atom3 name is OOC
core.pack.task: Packer task: initialize from command line() 
core.pack.task: Packer task: initialize from command line() 
core.pack.task: Packer task: initialize from command line() 
protocols.moves.MonteCarlo: MonteCarlo:: last_accepted_score,lowest_score: -1104.61 -1105.61
protocols.motifs.Motif: Res1 name is GLN
protocols.motifs.Motif: atom1 name is OOC
protocols.motifs.Motif: atom2 name is Phos
protocols.motifs.Motif: atom3 name is OOC
protocols.motifs.Motif: Res1 name is LEU
protocols.motifs.Motif: atom1 name is COO
protocols.motifs.Motif: atom2 name is CH2
protocols.motifs.Motif: atom3 name is Nhis
protocols.motifs.Motif: Res1 name is THR
protocols.motifs.Motif: atom1 name is OH
protocols.motifs.Motif: atom2 name is COO
protocols.motifs.Motif: atom3 name is Phos
protocols.motifs.Motif: Res1 name is TYR
protocols.motifs.Motif: atom1 name is OOC
protocols.motifs.Motif: atom2 name is Phos
protocols.motifs.Motif: atom3 name is OOC
protocols.motifs.Motif: Res1 name is GLN
protocols.motifs.Motif: atom1 name is OH
protocols.motifs.Motif: atom2 name is COO
protocols.motifs.Motif: atom3 name is Phos
core.pack.task: Packer task: initialize from command line() 
core.pack.task: Packer task: initialize from command line() 
core.pack.task: Packer task: initialize from command line() 
protocols.moves.MonteCarlo: MonteCarlo:: last_accepted_score,lowest_score: -1106.42 -1106.42
protocols.motifs.Motif: Res1 name is GLN
protocols.motifs.Motif: atom1 name is OOC
protocols.motifs.Motif: atom2 name is Phos
protocols.motifs.Motif: atom3 name is OOC
protocols.motifs.Motif: Res1 name is LEU
protocols.motifs.Motif: atom1 name is OOC
protocols.motifs.Motif: atom2 name is Phos
protocols.motifs.Motif: atom3 name is OOC
protocols.motifs.Motif: Res1 name is ARG
protocols.motifs.Motif: atom1 name is OOC
protocols.motifs.Motif: atom2 name is Phos
protocols.motifs.Motif: atom3 name is OOC
protocols.motifs.Motif: Res1 name is LYS
protocols.motifs.Motif: atom1 name is Nhis
protocols.motifs.Motif: atom2 name is aroC
protocols.motifs.Motif: atom3 name is Nhis
protocols.motifs.Motif: Res1 name is GLN
protocols.motifs.Motif: atom1 name is Nhis
protocols.motifs.Motif: atom2 name is aroC
protocols.motifs.Motif: atom3 name is Nhis
protocols.motifs.Motif: Res1 name is LYS
protocols.motifs.Motif: atom1 name is OOC
protocols.motifs.Motif: atom2 name is Phos
protocols.motifs.Motif: atom3 name is OOC
core.pack.task: Packer task: initialize from command line() 
core.pack.task: Packer task: initialize from command line() 
core.pack.task: Packer task: initialize from command line() 
protocols.moves.MonteCarlo: MonteCarlo:: last_accepted_score,lowest_score: -1105.36 -1105.43
protocols.motifs.Motif: Res1 name is ARG
protocols.motifs.Motif: atom1 name is OOC
protocols.motifs.Motif: atom2 name is Phos
protocols.motifs.Motif: atom3 name is OOC
protocols.motifs.Motif: Res1 name is GLN
protocols.motifs.Motif: atom1 name is OOC
protocols.motifs.Motif: atom2 name is Phos
protocols.motifs.Motif: atom3 name is OOC
protocols.motifs.Motif: Res1 name is LYS
protocols.motifs.Motif: atom1 name is OOC
protocols.motifs.Motif: atom2 name is Phos
protocols.motifs.Motif: atom3 name is OOC
core.pack.task: Packer task: initialize from command line() 
core.pack.task: Packer task: initialize from command line() 
core.pack.task: Packer task: initialize from command line() 
protocols.moves.MonteCarlo: MonteCarlo:: last_accepted_score,lowest_score: -1104.57 -1105.61
protocols.motifs.Motif: Res1 name is ARG
protocols.motifs.Motif: atom1 name is OOC
protocols.motifs.Motif: atom2 name is Phos
protocols.motifs.Motif: atom3 name is OOC
protocols.motifs.Motif: Res1 name is LYS
protocols.motifs.Motif: atom1 name is aroC
protocols.motifs.Motif: atom2 name is Nhis
protocols.motifs.Motif: atom3 name is CH2
protocols.motifs.Motif: Res1 name is GLN
protocols.motifs.Motif: atom1 name is aroC
protocols.motifs.Motif: atom2 name is Nhis
protocols.motifs.Motif: atom3 name is CH2
protocols.motifs.Motif: Res1 name is ASP
protocols.motifs.Motif: atom1 name is OOC
protocols.motifs.Motif: atom2 name is Phos
protocols.motifs.Motif: atom3 name is OOC
protocols.motifs.Motif: Res1 name is LYS
protocols.motifs.Motif: atom1 name is OOC
protocols.motifs.Motif: atom2 name is Phos
protocols.motifs.Motif: atom3 name is OOC
core.pack.task: Packer task: initialize from command line() 
core.pack.task: Packer task: initialize from command line() 
core.pack.task: Packer task: initialize from command line() 
protocols.moves.MonteCarlo: MonteCarlo:: last_accepted_score,lowest_score: -1104.2 -1104.21
protocols.motifs.Motif: Res1 name is LEU
protocols.motifs.Motif: atom1 name is OOC
protocols.motifs.Motif: atom2 name is Phos
protocols.motifs.Motif: atom3 name is OOC
protocols.motifs.Motif: Res1 name is ARG
protocols.motifs.Motif: atom1 name is OOC
protocols.motifs.Motif: atom2 name is Phos
protocols.motifs.Motif: atom3 name is OOC
protocols.motifs.Motif: Res1 name is THR
protocols.motifs.Motif: atom1 name is Nhis
protocols.motifs.Motif: atom2 name is aroC
protocols.motifs.Motif: atom3 name is Nhis
protocols.motifs.Motif: Res1 name is TYR
protocols.motifs.Motif: atom1 name is Nhis
protocols.motifs.Motif: atom2 name is aroC
protocols.motifs.Motif: atom3 name is Nhis
protocols.motifs.Motif: Res1 name is GLN
protocols.motifs.Motif: atom1 name is OOC
protocols.motifs.Motif: atom2 name is Phos
protocols.motifs.Motif: atom3 name is OOC
protocols.motifs.Motif: Res1 name is LYS
protocols.motifs.Motif: atom1 name is OOC
protocols.motifs.Motif: atom2 name is Phos
protocols.motifs.Motif: atom3 name is OOC
core.pack.task: Packer task: initialize from command line() 
core.pack.task: Packer task: initialize from command line() 
core.pack.task: Packer task: initialize from command line() 
protocols.moves.MonteCarlo: MonteCarlo:: last_accepted_score,lowest_score: -1104.6 -1105.33
protocols.motifs.Motif: Res1 name is LEU
protocols.motifs.Motif: atom1 name is OOC
protocols.motifs.Motif: atom2 name is Phos
protocols.motifs.Motif: atom3 name is OOC
protocols.motifs.Motif: Res1 name is ARG
protocols.motifs.Motif: atom1 name is OOC
protocols.motifs.Motif: atom2 name is Phos
protocols.motifs.Motif: atom3 name is OOC
protocols.motifs.Motif: Res1 name is PHE
protocols.motifs.Motif: atom1 name is aroC
protocols.motifs.Motif: atom2 name is aroC
protocols.motifs.Motif: atom3 name is Nhis
protocols.motifs.Motif: Res1 name is GLN
protocols.motifs.Motif: atom1 name is aroC
protocols.motifs.Motif: atom2 name is Nhis
protocols.motifs.Motif: atom3 name is CH2
protocols.motifs.Motif: Res1 name is LYS
protocols.motifs.Motif: atom1 name is OOC
protocols.motifs.Motif: atom2 name is Phos
protocols.motifs.Motif: atom3 name is OOC
core.pack.task: Packer task: initialize from command line() 
core.pack.task: Packer task: initialize from command line() 
core.pack.task: Packer task: initialize from command line() 
protocols.moves.MonteCarlo: MonteCarlo:: last_accepted_score,lowest_score: -1105.46 -1105.46
protocols.motifs.Motif: Res1 name is LEU
protocols.motifs.Motif: atom1 name is OOC
protocols.motifs.Motif: atom2 name is Phos
protocols.motifs.Motif: atom3 name is OOC
protocols.motifs.Motif: Res1 name is ARG
protocols.motifs.Motif: atom1 name is OOC
protocols.motifs.Motif: atom2 name is Phos
protocols.motifs.Motif: atom3 name is OOC
protocols.motifs.Motif: Res1 name is PHE
protocols.motifs.Motif: atom1 name is Nhis
protocols.motifs.Motif: atom2 name is aroC
protocols.motifs.Motif: atom3 name is Nhis
protocols.motifs.Motif: Res1 name is GLN
protocols.motifs.Motif: atom1 name is Nhis
protocols.motifs.Motif: atom2 name is aroC
protocols.motifs.Motif: atom3 name is Nhis
protocols.motifs.Motif: Res1 name is LYS
protocols.motifs.Motif: atom1 name is OOC
protocols.motifs.Motif: atom2 name is Phos
protocols.motifs.Motif: atom3 name is OOC
core.pack.task: Packer task: initialize from command line() 
core.pack.task: Packer task: initialize from command line() 
core.pack.task: Packer task: initialize from command line() 
protocols.moves.MonteCarlo: MonteCarlo:: last_accepted_score,lowest_score: -1105.61 -1105.61
protocols.motifs.Motif: Res1 name is ARG
protocols.motifs.Motif: atom1 name is aroC
protocols.motifs.Motif: atom2 name is Nhis
protocols.motifs.Motif: atom3 name is CH2
protocols.motifs.Motif: Res1 name is PHE
protocols.motifs.Motif: atom1 name is OOC
protocols.motifs.Motif: atom2 name is Phos
protocols.motifs.Motif: atom3 name is OOC
protocols.motifs.Motif: Res1 name is GLN
protocols.motifs.Motif: atom1 name is OH
protocols.motifs.Motif: atom2 name is COO
protocols.motifs.Motif: atom3 name is Phos
protocols.motifs.Motif: Res1 name is LYS
protocols.motifs.Motif: atom1 name is OOC
protocols.motifs.Motif: atom2 name is Phos
protocols.motifs.Motif: atom3 name is OOC
protocols.motifs.Motif: Res1 name is ARG
protocols.motifs.Motif: atom1 name is OOC
protocols.motifs.Motif: atom2 name is Phos
protocols.motifs.Motif: atom3 name is OOC
core.pack.task: Packer task: initialize from command line() 
core.pack.task: Packer task: initialize from command line() 
core.pack.task: Packer task: initialize from command line() 
protocols.moves.MonteCarlo: MonteCarlo:: last_accepted_score,lowest_score: -1105.36 -1105.36
protocols.motifs.Motif: Res1 name is LEU
protocols.motifs.Motif: atom1 name is OH
protocols.motifs.Motif: atom2 name is COO
protocols.motifs.Motif: atom3 name is Phos
protocols.motifs.Motif: Res1 name is ARG
protocols.motifs.Motif: atom1 name is OOC
protocols.motifs.Motif: atom2 name is Phos
protocols.motifs.Motif: atom3 name is OOC
protocols.motifs.Motif: Res1 name is LYS
protocols.motifs.Motif: atom1 name is OOC
protocols.motifs.Motif: atom2 name is Phos
protocols.motifs.Motif: atom3 name is OOC
protocols.motifs.Motif: Res1 name is GLN
protocols.motifs.Motif: atom1 name is OOC
protocols.motifs.Motif: atom2 name is Phos
protocols.motifs.Motif: atom3 name is OOC
protocols.motifs.Motif: Res1 name is LYS
protocols.motifs.Motif: atom1 name is OOC
protocols.motifs.Motif: atom2 name is Phos
protocols.motifs.Motif: atom3 name is OOC
core.pack.task: Packer task: initialize from command line() 
core.pack.task: Packer task: initialize from command line() 
core.pack.task: Packer task: initialize from command line() 
protocols.moves.MonteCarlo: MonteCarlo:: last_accepted_score,lowest_score: -1104.17 -1104.17
protocols.motifs.Motif: Res1 name is ARG
protocols.motifs.Motif: atom1 name is OOC
protocols.motifs.Motif: atom2 name is Phos
protocols.motifs.Motif: atom3 name is OOC
protocols.motifs.Motif: Res1 name is GLN
protocols.motifs.Motif: atom1 name is aroC
protocols.motifs.Motif: atom2 name is aroC
protocols.motifs.Motif: atom3 name is Nhis
protocols.motifs.Motif: Res1 name is ASP
protocols.motifs.Motif: atom1 name is OOC
protocols.motifs.Motif: atom2 name is Phos
protocols.motifs.Motif: atom3 name is OOC
protocols.motifs.Motif: Res1 name is LYS
protocols.motifs.Motif: atom1 name is OOC
protocols.motifs.Motif: atom2 name is Phos
protocols.motifs.Motif: atom3 name is OOC
core.pack.task: Packer task: initialize from command line() 
core.pack.task: Packer task: initialize from command line() 
core.pack.task: Packer task: initialize from command line() 
protocols.moves.MonteCarlo: MonteCarlo:: last_accepted_score,lowest_score: -1103.16 -1103.33
protocols.motifs.Motif: Res1 name is LEU
protocols.motifs.Motif: atom1 name is aroC
protocols.motifs.Motif: atom2 name is aroC
protocols.motifs.Motif: atom3 name is Nhis
protocols.motifs.Motif: Res1 name is ARG
protocols.motifs.Motif: atom1 name is OOC
protocols.motifs.Motif: atom2 name is Phos
protocols.motifs.Motif: atom3 name is OOC
protocols.motifs.Motif: Res1 name is GLN
protocols.motifs.Motif: atom1 name is OOC
protocols.motifs.Motif: atom2 name is Phos
protocols.motifs.Motif: atom3 name is OOC
protocols.motifs.Motif: Res1 name is LYS
protocols.motifs.Motif: atom1 name is OOC
protocols.motifs.Motif: atom2 name is Phos
protocols.motifs.Motif: atom3 name is OOC
core.pack.task: Packer task: initialize from command line() 
core.pack.task: Packer task: initialize from command line() 
core.pack.task: Packer task: initialize from command line() 
protocols.moves.MonteCarlo: MonteCarlo:: last_accepted_score,lowest_score: -1105.58 -1105.58
protocols.motifs.Motif: Res1 name is ARG
protocols.motifs.Motif: atom1 name is OOC
protocols.motifs.Motif: atom2 name is Phos
protocols.motifs.Motif: atom3 name is OOC
protocols.motifs.Motif: Res1 name is LYS
protocols.motifs.Motif: atom1 name is Nhis
protocols.motifs.Motif: atom2 name is aroC
protocols.motifs.Motif: atom3 name is Nhis
protocols.motifs.Motif: Res1 name is LYS
protocols.motifs.Motif: atom1 name is OOC
protocols.motifs.Motif: atom2 name is Phos
protocols.motifs.Motif: atom3 name is OOC
protocols.motifs.Motif: Res1 name is ASP
protocols.motifs.Motif: atom1 name is aroC
protocols.motifs.Motif: atom2 name is Nhis
protocols.motifs.Motif: atom3 name is CH2
core.pack.task: Packer task: initialize from command line() 
core.pack.task: Packer task: initialize from command line() 
core.pack.task: Packer task: initialize from command line() 
protocols.moves.MonteCarlo: MonteCarlo:: last_accepted_score,lowest_score: -1103.58 -1104.38
protocols.motifs.Motif: Res1 name is LEU
protocols.motifs.Motif: atom1 name is OOC
protocols.motifs.Motif: atom2 name is Phos
protocols.motifs.Motif: atom3 name is OOC
protocols.motifs.Motif: Res1 name is ARG
protocols.motifs.Motif: atom1 name is OOC
protocols.motifs.Motif: atom2 name is Phos
protocols.motifs.Motif: atom3 name is OOC
protocols.motifs.Motif: Res1 name is PHE
protocols.motifs.Motif: atom1 name is Nhis
protocols.motifs.Motif: atom2 name is aroC
protocols.motifs.Motif: atom3 name is Nhis
protocols.motifs.Motif: Res1 name is GLN
protocols.motifs.Motif: atom1 name is Nhis
protocols.motifs.Motif: atom2 name is aroC
protocols.motifs.Motif: atom3 name is Nhis
protocols.motifs.Motif: Res1 name is LYS
protocols.motifs.Motif: atom1 name is OOC
protocols.motifs.Motif: atom2 name is Phos
protocols.motifs.Motif: atom3 name is OOC
core.pack.task: Packer task: initialize from command line() 
core.pack.task: Packer task: initialize from command line() 
core.pack.task: Packer task: initialize from command line() 
protocols.moves.MonteCarlo: MonteCarlo:: last_accepted_score,lowest_score: -1105.93 -1105.93
protocols.motifs.Motif: Res1 name is GLN
protocols.motifs.Motif: atom1 name is OOC
protocols.motifs.Motif: atom2 name is Phos
protocols.motifs.Motif: atom3 name is OOC
protocols.motifs.Motif: Res1 name is ASP
protocols.motifs.Motif: atom1 name is OOC
protocols.motifs.Motif: atom2 name is Phos
protocols.motifs.Motif: atom3 name is OOC
protocols.motifs.Motif: Res1 name is LYS
protocols.motifs.Motif: atom1 name is OOC
protocols.motifs.Motif: atom2 name is Phos
protocols.motifs.Motif: atom3 name is OOC
core.pack.task: Packer task: initialize from command line() 
core.pack.task: Packer task: initialize from command line() 
core.pack.task: Packer task: initialize from command line() 
protocols.moves.MonteCarlo: MonteCarlo:: last_accepted_score,lowest_score: -1103.36 -1104.63
protocols.motifs.Motif: Res1 name is LEU
protocols.motifs.Motif: atom1 name is OOC
protocols.motifs.Motif: atom2 name is Phos
protocols.motifs.Motif: atom3 name is OOC
protocols.motifs.Motif: Res1 name is ARG
protocols.motifs.Motif: atom1 name is OOC
protocols.motifs.Motif: atom2 name is Phos
protocols.motifs.Motif: atom3 name is OOC
protocols.motifs.Motif: Res1 name is PHE
protocols.motifs.Motif: atom1 name is Nhis
protocols.motifs.Motif: atom2 name is aroC
protocols.motifs.Motif: atom3 name is Nhis
protocols.motifs.Motif: Res1 name is GLN
protocols.motifs.Motif: atom1 name is Nhis
protocols.motifs.Motif: atom2 name is aroC
protocols.motifs.Motif: atom3 name is Nhis
protocols.motifs.Motif: Res1 name is LYS
protocols.motifs.Motif: atom1 name is OOC
protocols.motifs.Motif: atom2 name is Phos
protocols.motifs.Motif: atom3 name is OOC
core.pack.task: Packer task: initialize from command line() 
core.pack.task: Packer task: initialize from command line() 
core.pack.task: Packer task: initialize from command line() 
protocols.moves.MonteCarlo: MonteCarlo:: last_accepted_score,lowest_score: -1106.6 -1107.22
protocols.motifs.Motif: Res1 name is PHE
protocols.motifs.Motif: atom1 name is OOC
protocols.motifs.Motif: atom2 name is Phos
protocols.motifs.Motif: atom3 name is OOC
protocols.motifs.Motif: Res1 name is GLN
protocols.motifs.Motif: atom1 name is OH
protocols.motifs.Motif: atom2 name is COO
protocols.motifs.Motif: atom3 name is Phos
protocols.motifs.Motif: Res1 name is LYS
protocols.motifs.Motif: atom1 name is OOC
protocols.motifs.Motif: atom2 name is Phos
protocols.motifs.Motif: atom3 name is OOC
core.pack.task: Packer task: initialize from command line() 
core.pack.task: Packer task: initialize from command line() 
core.pack.task: Packer task: initialize from command line() 
protocols.moves.MonteCarlo: MonteCarlo:: last_accepted_score,lowest_score: -1105.05 -1105.8
protocols.motifs.Motif: Res1 name is LEU
protocols.motifs.Motif: atom1 name is OOC
protocols.motifs.Motif: atom2 name is Phos
protocols.motifs.Motif: atom3 name is OOC
protocols.motifs.Motif: Res1 name is ARG
protocols.motifs.Motif: atom1 name is OOC
protocols.motifs.Motif: atom2 name is Phos
protocols.motifs.Motif: atom3 name is OOC
protocols.motifs.Motif: Res1 name is LYS
protocols.motifs.Motif: atom1 name is OOC
protocols.motifs.Motif: atom2 name is Phos
protocols.motifs.Motif: atom3 name is OOC
protocols.motifs.Motif: Res1 name is GLN
protocols.motifs.Motif: atom1 name is OOC
protocols.motifs.Motif: atom2 name is Phos
protocols.motifs.Motif: atom3 name is OOC
protocols.motifs.Motif: Res1 name is LYS
protocols.motifs.Motif: atom1 name is OOC
protocols.motifs.Motif: atom2 name is Phos
protocols.motifs.Motif: atom3 name is OOC
core.pack.task: Packer task: initialize from command line() 
core.pack.task: Packer task: initialize from command line() 
core.pack.task: Packer task: initialize from command line() 
protocols.moves.MonteCarlo: MonteCarlo:: last_accepted_score,lowest_score: -1104.27 -1104.79
protocols.motifs.Motif: Res1 name is LEU
protocols.motifs.Motif: atom1 name is OOC
protocols.motifs.Motif: atom2 name is Phos
protocols.motifs.Motif: atom3 name is OOC
protocols.motifs.Motif: Res1 name is ARG
protocols.motifs.Motif: atom1 name is OOC
protocols.motifs.Motif: atom2 name is Phos
protocols.motifs.Motif: atom3 name is OOC
protocols.motifs.Motif: Res1 name is LYS
protocols.motifs.Motif: atom1 name is OOC
protocols.motifs.Motif: atom2 name is Phos
protocols.motifs.Motif: atom3 name is OOC
protocols.motifs.Motif: Res1 name is PHE
protocols.motifs.Motif: atom1 name is Nhis
protocols.motifs.Motif: atom2 name is aroC
protocols.motifs.Motif: atom3 name is Nhis
protocols.motifs.Motif: Res1 name is GLN
protocols.motifs.Motif: atom1 name is OOC
protocols.motifs.Motif: atom2 name is Phos
protocols.motifs.Motif: atom3 name is OOC
protocols.motifs.Motif: Res1 name is LYS
protocols.motifs.Motif: atom1 name is OOC
protocols.motifs.Motif: atom2 name is Phos
protocols.motifs.Motif: atom3 name is OOC
core.pack.task: Packer task: initialize from command line() 
core.pack.task: Packer task: initialize from command line() 
core.pack.task: Packer task: initialize from command line() 
protocols.moves.MonteCarlo: MonteCarlo:: last_accepted_score,lowest_score: -1103.53 -1103.53
protocols.motifs.Motif: Res1 name is ARG
protocols.motifs.Motif: atom1 name is OOC
protocols.motifs.Motif: atom2 name is Phos
protocols.motifs.Motif: atom3 name is OOC
protocols.motifs.Motif: Res1 name is THR
protocols.motifs.Motif: atom1 name is Nhis
protocols.motifs.Motif: atom2 name is aroC
protocols.motifs.Motif: atom3 name is Nhis
protocols.motifs.Motif: Res1 name is GLN
protocols.motifs.Motif: atom1 name is aroC
protocols.motifs.Motif: atom2 name is Nhis
protocols.motifs.Motif: atom3 name is CH2
protocols.motifs.Motif: Res1 name is LYS
protocols.motifs.Motif: atom1 name is OOC
protocols.motifs.Motif: atom2 name is Phos
protocols.motifs.Motif: atom3 name is OOC
core.pack.task: Packer task: initialize from command line() 
core.pack.task: Packer task: initialize from command line() 
core.pack.task: Packer task: initialize from command line() 
protocols.moves.MonteCarlo: MonteCarlo:: last_accepted_score,lowest_score: -1104.08 -1104.08
protocols.motifs.Motif: Res1 name is LEU
protocols.motifs.Motif: atom1 name is Nhis
protocols.motifs.Motif: atom2 name is aroC
protocols.motifs.Motif: atom3 name is Nhis
protocols.motifs.Motif: Res1 name is ARG
protocols.motifs.Motif: atom1 name is Nhis
protocols.motifs.Motif: atom2 name is aroC
protocols.motifs.Motif: atom3 name is Nhis
protocols.motifs.Motif: Res1 name is LYS
protocols.motifs.Motif: atom1 name is OOC
protocols.motifs.Motif: atom2 name is Phos
protocols.motifs.Motif: atom3 name is OOC
protocols.motifs.Motif: Res1 name is GLN
protocols.motifs.Motif: atom1 name is OOC
protocols.motifs.Motif: atom2 name is Phos
protocols.motifs.Motif: atom3 name is OOC
protocols.motifs.Motif: Res1 name is LYS
protocols.motifs.Motif: atom1 name is OOC
protocols.motifs.Motif: atom2 name is Phos
protocols.motifs.Motif: atom3 name is OOC
core.pack.task: Packer task: initialize from command line() 
core.pack.task: Packer task: initialize from command line() 
core.pack.task: Packer task: initialize from command line() 
protocols.moves.MonteCarlo: MonteCarlo:: last_accepted_score,lowest_score: -1104.51 -1104.88
protocols.motifs.Motif: Res1 name is LEU
protocols.motifs.Motif: atom1 name is OOC
protocols.motifs.Motif: atom2 name is Phos
protocols.motifs.Motif: atom3 name is OOC
protocols.motifs.Motif: Res1 name is ARG
protocols.motifs.Motif: atom1 name is OOC
protocols.motifs.Motif: atom2 name is Phos
protocols.motifs.Motif: atom3 name is OOC
protocols.motifs.Motif: Res1 name is PHE
protocols.motifs.Motif: atom1 name is aroC
protocols.motifs.Motif: atom2 name is aroC
protocols.motifs.Motif: atom3 name is Nhis
protocols.motifs.Motif: Res1 name is GLN
protocols.motifs.Motif: atom1 name is Nhis
protocols.motifs.Motif: atom2 name is aroC
protocols.motifs.Motif: atom3 name is Nhis
protocols.motifs.Motif: Res1 name is LYS
protocols.motifs.Motif: atom1 name is OOC
protocols.motifs.Motif: atom2 name is Phos
protocols.motifs.Motif: atom3 name is OOC
core.pack.task: Packer task: initialize from command line() 
core.pack.task: Packer task: initialize from command line() 
core.pack.task: Packer task: initialize from command line() 
protocols.moves.MonteCarlo: MonteCarlo:: last_accepted_score,lowest_score: -1102.98 -1102.98
protocols.motifs.Motif: Res1 name is LEU
protocols.motifs.Motif: atom1 name is OH
protocols.motifs.Motif: atom2 name is COO
protocols.motifs.Motif: atom3 name is Phos
protocols.motifs.Motif: Res1 name is ARG
protocols.motifs.Motif: atom1 name is OOC
protocols.motifs.Motif: atom2 name is Phos
protocols.motifs.Motif: atom3 name is OOC
protocols.motifs.Motif: Res1 name is PHE
protocols.motifs.Motif: atom1 name is aroC
protocols.motifs.Motif: atom2 name is aroC
protocols.motifs.Motif: atom3 name is Nhis
protocols.motifs.Motif: Res1 name is GLN
protocols.motifs.Motif: atom1 name is OOC
protocols.motifs.Motif: atom2 name is Phos
protocols.motifs.Motif: atom3 name is OOC
protocols.motifs.Motif: Res1 name is LYS
protocols.motifs.Motif: atom1 name is OOC
protocols.motifs.Motif: atom2 name is Phos
protocols.motifs.Motif: atom3 name is OOC
core.pack.task: Packer task: initialize from command line() 
core.pack.task: Packer task: initialize from command line() 
core.pack.task: Packer task: initialize from command line() 
protocols.moves.MonteCarlo: MonteCarlo:: last_accepted_score,lowest_score: -1104.84 -1104.92
protocols.motifs.Motif: Res1 name is ARG
protocols.motifs.Motif: atom1 name is OOC
protocols.motifs.Motif: atom2 name is Phos
protocols.motifs.Motif: atom3 name is OOC
protocols.motifs.Motif: Res1 name is GLN
protocols.motifs.Motif: atom1 name is OOC
protocols.motifs.Motif: atom2 name is Phos
protocols.motifs.Motif: atom3 name is OOC
protocols.motifs.Motif: Res1 name is LYS
protocols.motifs.Motif: atom1 name is OOC
protocols.motifs.Motif: atom2 name is Phos
protocols.motifs.Motif: atom3 name is OOC
protocols.motifs.Motif: Res1 name is ASP
protocols.motifs.Motif: atom1 name is OOC
protocols.motifs.Motif: atom2 name is Phos
protocols.motifs.Motif: atom3 name is OOC
core.pack.task: Packer task: initialize from command line() 
core.pack.task: Packer task: initialize from command line() 
core.pack.task: Packer task: initialize from command line() 
protocols.moves.MonteCarlo: MonteCarlo:: last_accepted_score,lowest_score: -1105.58 -1105.58
protocols.motifs.Motif: Res1 name is PHE
protocols.motifs.Motif: atom1 name is OOC
protocols.motifs.Motif: atom2 name is Phos
protocols.motifs.Motif: atom3 name is OOC
protocols.motifs.Motif: Res1 name is GLN
protocols.motifs.Motif: atom1 name is OH
protocols.motifs.Motif: atom2 name is COO
protocols.motifs.Motif: atom3 name is Phos
protocols.motifs.Motif: Res1 name is LYS
protocols.motifs.Motif: atom1 name is OOC
protocols.motifs.Motif: atom2 name is Phos
protocols.motifs.Motif: atom3 name is OOC
protocols.motifs.Motif: Res1 name is ARG
protocols.motifs.Motif: atom1 name is OOC
protocols.motifs.Motif: atom2 name is Phos
protocols.motifs.Motif: atom3 name is OOC
core.pack.task: Packer task: initialize from command line() 
core.pack.task: Packer task: initialize from command line() 
core.pack.task: Packer task: initialize from command line() 
protocols.moves.MonteCarlo: MonteCarlo:: last_accepted_score,lowest_score: -1104.97 -1104.97
protocols.motifs.Motif: Res1 name is LEU
protocols.motifs.Motif: atom1 name is OOC
protocols.motifs.Motif: atom2 name is Phos
protocols.motifs.Motif: atom3 name is OOC
protocols.motifs.Motif: Res1 name is ARG
protocols.motifs.Motif: atom1 name is OOC
protocols.motifs.Motif: atom2 name is Phos
protocols.motifs.Motif: atom3 name is OOC
protocols.motifs.Motif: Res1 name is GLN
protocols.motifs.Motif: atom1 name is Nhis
protocols.motifs.Motif: atom2 name is aroC
protocols.motifs.Motif: atom3 name is Nhis
protocols.motifs.Motif: Res1 name is LYS
protocols.motifs.Motif: atom1 name is OOC
protocols.motifs.Motif: atom2 name is Phos
protocols.motifs.Motif: atom3 name is OOC
core.pack.task: Packer task: initialize from command line() 
core.pack.task: Packer task: initialize from command line() 
core.pack.task: Packer task: initialize from command line() 
protocols.moves.MonteCarlo: MonteCarlo:: last_accepted_score,lowest_score: -1102.6 -1102.6
protocols.motifs.Motif: Res1 name is ARG
protocols.motifs.Motif: atom1 name is OOC
protocols.motifs.Motif: atom2 name is Phos
protocols.motifs.Motif: atom3 name is OOC
protocols.motifs.Motif: Res1 name is GLN
protocols.motifs.Motif: atom1 name is OOC
protocols.motifs.Motif: atom2 name is Phos
protocols.motifs.Motif: atom3 name is OOC
core.pack.task: Packer task: initialize from command line() 
core.pack.task: Packer task: initialize from command line() 
core.pack.task: Packer task: initialize from command line() 
protocols.moves.MonteCarlo: MonteCarlo:: last_accepted_score,lowest_score: -1104.58 -1104.99
protocols.motifs.Motif: Res1 name is GLN
protocols.motifs.Motif: atom1 name is OOC
protocols.motifs.Motif: atom2 name is Phos
protocols.motifs.Motif: atom3 name is OOC
protocols.motifs.Motif: Res1 name is LYS
protocols.motifs.Motif: atom1 name is OOC
protocols.motifs.Motif: atom2 name is Phos
protocols.motifs.Motif: atom3 name is OOC
protocols.motifs.Motif: Res1 name is ASP
protocols.motifs.Motif: atom1 name is OOC
protocols.motifs.Motif: atom2 name is Phos
protocols.motifs.Motif: atom3 name is OOC
core.pack.task: Packer task: initialize from command line() 
core.pack.task: Packer task: initialize from command line() 
core.pack.task: Packer task: initialize from command line() 
protocols.moves.MonteCarlo: MonteCarlo:: last_accepted_score,lowest_score: -1105.15 -1105.15
protocols.motifs.Motif: Res1 name is ARG
protocols.motifs.Motif: atom1 name is OOC
protocols.motifs.Motif: atom2 name is Phos
protocols.motifs.Motif: atom3 name is OOC
protocols.motifs.Motif: Res1 name is ASP
protocols.motifs.Motif: atom1 name is OOC
protocols.motifs.Motif: atom2 name is Phos
protocols.motifs.Motif: atom3 name is OOC
protocols.motifs.Motif: Res1 name is LYS
protocols.motifs.Motif: atom1 name is OOC
protocols.motifs.Motif: atom2 name is Phos
protocols.motifs.Motif: atom3 name is OOC
protocols.motifs.Motif: Res1 name is ASP
protocols.motifs.Motif: atom1 name is OOC
protocols.motifs.Motif: atom2 name is Phos
protocols.motifs.Motif: atom3 name is OOC
core.pack.task: Packer task: initialize from command line() 
core.pack.task: Packer task: initialize from command line() 
core.pack.task: Packer task: initialize from command line() 
protocols.moves.MonteCarlo: MonteCarlo:: last_accepted_score,lowest_score: -1103.95 -1104.01
protocols.motifs.Motif: Res1 name is LEU
protocols.motifs.Motif: atom1 name is COO
protocols.motifs.Motif: atom2 name is CH2
protocols.motifs.Motif: atom3 name is Nhis
protocols.motifs.Motif: Res1 name is ARG
protocols.motifs.Motif: atom1 name is OOC
protocols.motifs.Motif: atom2 name is Phos
protocols.motifs.Motif: atom3 name is OOC
protocols.motifs.Motif: Res1 name is LYS
protocols.motifs.Motif: atom1 name is OOC
protocols.motifs.Motif: atom2 name is Phos
protocols.motifs.Motif: atom3 name is OOC
core.pack.task: Packer task: initialize from command line() 
core.pack.task: Packer task: initialize from command line() 
core.pack.task: Packer task: initialize from command line() 
protocols.moves.MonteCarlo: MonteCarlo:: last_accepted_score,lowest_score: -1104.14 -1104.14
protocols.motifs.Motif: Res1 name is LEU
protocols.motifs.Motif: atom1 name is Nhis
protocols.motifs.Motif: atom2 name is aroC
protocols.motifs.Motif: atom3 name is Nhis
protocols.motifs.Motif: Res1 name is ARG
protocols.motifs.Motif: atom1 name is Nhis
protocols.motifs.Motif: atom2 name is aroC
protocols.motifs.Motif: atom3 name is Nhis
protocols.motifs.Motif: Res1 name is LYS
protocols.motifs.Motif: atom1 name is OOC
protocols.motifs.Motif: atom2 name is Phos
protocols.motifs.Motif: atom3 name is OOC
protocols.motifs.Motif: Res1 name is GLN
protocols.motifs.Motif: atom1 name is OOC
protocols.motifs.Motif: atom2 name is Phos
protocols.motifs.Motif: atom3 name is OOC
protocols.motifs.Motif: Res1 name is LYS
protocols.motifs.Motif: atom1 name is OOC
protocols.motifs.Motif: atom2 name is Phos
protocols.motifs.Motif: atom3 name is OOC
core.pack.task: Packer task: initialize from command line() 
core.pack.task: Packer task: initialize from command line() 
core.pack.task: Packer task: initialize from command line() 
protocols.moves.MonteCarlo: MonteCarlo:: last_accepted_score,lowest_score: -1104.7 -1104.7
protocols.motifs.Motif: Res1 name is GLN
protocols.motifs.Motif: atom1 name is Nhis
protocols.motifs.Motif: atom2 name is aroC
protocols.motifs.Motif: atom3 name is Nhis
protocols.motifs.Motif: Res1 name is LEU
protocols.motifs.Motif: atom1 name is Nhis
protocols.motifs.Motif: atom2 name is aroC
protocols.motifs.Motif: atom3 name is Nhis
protocols.motifs.Motif: Res1 name is ARG
protocols.motifs.Motif: atom1 name is OOC
protocols.motifs.Motif: atom2 name is Phos
protocols.motifs.Motif: atom3 name is OOC
protocols.motifs.Motif: Res1 name is LYS
protocols.motifs.Motif: atom1 name is OOC
protocols.motifs.Motif: atom2 name is Phos
protocols.motifs.Motif: atom3 name is OOC
protocols.motifs.Motif: Res1 name is GLN
protocols.motifs.Motif: atom1 name is OOC
protocols.motifs.Motif: atom2 name is Phos
protocols.motifs.Motif: atom3 name is OOC
protocols.motifs.Motif: Res1 name is LYS
protocols.motifs.Motif: atom1 name is OOC
protocols.motifs.Motif: atom2 name is Phos
protocols.motifs.Motif: atom3 name is OOC
core.pack.task: Packer task: initialize from command line() 
core.pack.task: Packer task: initialize from command line() 
core.pack.task: Packer task: initialize from command line() 
protocols.moves.MonteCarlo: MonteCarlo:: last_accepted_score,lowest_score: -1103.89 -1104.14
protocols.motifs.Motif: Res1 name is ARG
protocols.motifs.Motif: atom1 name is aroC
protocols.motifs.Motif: atom2 name is Nhis
protocols.motifs.Motif: atom3 name is CH2
protocols.motifs.Motif: Res1 name is LYS
protocols.motifs.Motif: atom1 name is OOC
protocols.motifs.Motif: atom2 name is Phos
protocols.motifs.Motif: atom3 name is OOC
core.pack.task: Packer task: initialize from command line() 
core.pack.task: Packer task: initialize from command line() 
core.pack.task: Packer task: initialize from command line() 
protocols.moves.MonteCarlo: MonteCarlo:: last_accepted_score,lowest_score: -1104.07 -1104.47
protocols.motifs.Motif: Res1 name is ARG
protocols.motifs.Motif: atom1 name is aroC
protocols.motifs.Motif: atom2 name is aroC
protocols.motifs.Motif: atom3 name is Nhis
protocols.motifs.Motif: Res1 name is THR
protocols.motifs.Motif: atom1 name is OOC
protocols.motifs.Motif: atom2 name is Phos
protocols.motifs.Motif: atom3 name is OOC
protocols.motifs.Motif: Res1 name is PHE
protocols.motifs.Motif: atom1 name is OOC
protocols.motifs.Motif: atom2 name is Phos
protocols.motifs.Motif: atom3 name is OOC
protocols.motifs.Motif: Res1 name is GLN
protocols.motifs.Motif: atom1 name is OH
protocols.motifs.Motif: atom2 name is COO
protocols.motifs.Motif: atom3 name is Phos
core.pack.task: Packer task: initialize from command line() 
core.pack.task: Packer task: initialize from command line() 
core.pack.task: Packer task: initialize from command line() 
protocols.moves.MonteCarlo: MonteCarlo:: last_accepted_score,lowest_score: -1105.03 -1105.33
protocols.motifs.Motif: Res1 name is ARG
protocols.motifs.Motif: atom1 name is OOC
protocols.motifs.Motif: atom2 name is Phos
protocols.motifs.Motif: atom3 name is OOC
protocols.motifs.Motif: Res1 name is LYS
protocols.motifs.Motif: atom1 name is OOC
protocols.motifs.Motif: atom2 name is Phos
protocols.motifs.Motif: atom3 name is OOC
protocols.motifs.Motif: Res1 name is THR
protocols.motifs.Motif: atom1 name is aroC
protocols.motifs.Motif: atom2 name is Nhis
protocols.motifs.Motif: atom3 name is CH2
protocols.motifs.Motif: Res1 name is GLN
protocols.motifs.Motif: atom1 name is COO
protocols.motifs.Motif: atom2 name is CH2
protocols.motifs.Motif: atom3 name is Nhis
protocols.motifs.Motif: Res1 name is LYS
protocols.motifs.Motif: atom1 name is OOC
protocols.motifs.Motif: atom2 name is Phos
protocols.motifs.Motif: atom3 name is OOC
LigandDiscoverySearch.discover: Done iterating all trios, moving to next ligand
LigandDiscoverySearch.discover: Total passing attempts for ligand is 479
LigandDiscoverySearch.discover: Total clashing attempts for ligand is 4600
