********  (C) Copyright Rosetta Commons Member Institutions.  ***************
* Use of Rosetta for commercial purposes may require purchase of a license. *
********  See LICENSE.md or email license@uw.edu for more details. **********
core.init: Checking for fconfig files in pwd and ./rosetta/flags 
core.init: Rosetta version: 2024.19.post.dev+283.updatedliganddiscoverysearchcodeagmay2024.10ed978 10ed97813f1920392b632603a23dedae0d4f102d https://github.com/RosettaCommons/rosetta.git 2024-10-15T12:35:46
core.init: Rosetta extras: []
core.init: command: /scratch/abgvg9/rosetta_may_for_checkin/rosetta//source/bin/ligand_discovery_search_protocol.linuxgccrelease @kit_res_185_0_args
basic.random.init_random_generator: Constant seed mode, seed=1111111 seed_offset=0 real_seed=1111111
basic.random.init_random_generator: RandomGenerator:init: Normal mode, seed=1111111 RG_type=mt19937
core.init: Resolved executable path: /scratch/abgvg9/rosetta_may_for_checkin/rosetta/source/build/src/release/linux/3.10/64/x86/gcc/8.2/default/ligand_discovery_search_protocol.default.linuxgccrelease
core.init: Looking for database based on location of executable: /scratch/abgvg9/rosetta_may_for_checkin/rosetta/database/
LDS_app: Making Pose of input pdb file(s)
protocols.motifs.motif_utils: Got filename
protocols.motifs.motif_utils: Made motiflibrary
core.chemical.GlobalResidueTypeSet: Finished initializing fa_standard residue type set.  Created 985 residue types
core.chemical.GlobalResidueTypeSet: Total time to initialize 0.77 seconds.
protocols.motifs.motif_utils: added motifs from file
LDS_app: Collected motifs library with 1644952 motifs. 
core.chemical.GlobalResidueTypeSet: For ResidueTypeSet fa_standard there is no exclude_pdb_component_list.txt file to list known PDB ids.
core.chemical.GlobalResidueTypeSet:     This will turn off PDB component loading for ResidueTypeSet fa_standard
core.chemical.GlobalResidueTypeSet:     Expected file: /data/user/abgvg9/benchmark/files/all/kit/test_params/exclude_pdb_component_list.txt
core.chemical.GlobalResidueTypeSet: Finished initializing fa_standard residue type set.  Created 1 residue types
core.chemical.GlobalResidueTypeSet: Total time to initialize 0.38 seconds.
core.import_pose.import_pose: File '/data/user/abgvg9/benchmark/files/all/kit/kit.pdb' automatically determined to be of type PDB
core.io.pose_from_sfr.PoseFromSFRBuilder: [ WARNING ] discarding 3 atoms at position 1 in file /data/user/abgvg9/benchmark/files/all/kit/kit.pdb. Best match rsd_type:  GLN:NtermProteinFull
core.io.pose_from_sfr.PoseFromSFRBuilder: [ WARNING ] discarding 4 atoms at position 2 in file /data/user/abgvg9/benchmark/files/all/kit/kit.pdb. Best match rsd_type:  LYS
core.io.pose_from_sfr.PoseFromSFRBuilder: [ WARNING ] discarding 1 atoms at position 4 in file /data/user/abgvg9/benchmark/files/all/kit/kit.pdb. Best match rsd_type:  MET
core.io.pose_from_sfr.PoseFromSFRBuilder: [ WARNING ] discarding 2 atoms at position 5 in file /data/user/abgvg9/benchmark/files/all/kit/kit.pdb. Best match rsd_type:  TYR
core.io.pose_from_sfr.PoseFromSFRBuilder: [ WARNING ] discarding 1 atoms at position 6 in file /data/user/abgvg9/benchmark/files/all/kit/kit.pdb. Best match rsd_type:  GLU
core.io.pose_from_sfr.PoseFromSFRBuilder: [ WARNING ] discarding 1 atoms at position 7 in file /data/user/abgvg9/benchmark/files/all/kit/kit.pdb. Best match rsd_type:  VAL
core.io.pose_from_sfr.PoseFromSFRBuilder: [ WARNING ] discarding 3 atoms at position 8 in file /data/user/abgvg9/benchmark/files/all/kit/kit.pdb. Best match rsd_type:  GLN
core.io.pose_from_sfr.PoseFromSFRBuilder: [ WARNING ] discarding 2 atoms at position 9 in file /data/user/abgvg9/benchmark/files/all/kit/kit.pdb. Best match rsd_type:  TRP
core.io.pose_from_sfr.PoseFromSFRBuilder: [ WARNING ] discarding 4 atoms at position 10 in file /data/user/abgvg9/benchmark/files/all/kit/kit.pdb. Best match rsd_type:  LYS
core.io.pose_from_sfr.PoseFromSFRBuilder: [ WARNING ] discarding 1 atoms at position 11 in file /data/user/abgvg9/benchmark/files/all/kit/kit.pdb. Best match rsd_type:  VAL
core.io.pose_from_sfr.PoseFromSFRBuilder: [ WARNING ] discarding 1 atoms at position 12 in file /data/user/abgvg9/benchmark/files/all/kit/kit.pdb. Best match rsd_type:  VAL
core.io.pose_from_sfr.PoseFromSFRBuilder: [ WARNING ] discarding 1 atoms at position 13 in file /data/user/abgvg9/benchmark/files/all/kit/kit.pdb. Best match rsd_type:  GLU
core.io.pose_from_sfr.PoseFromSFRBuilder: [ WARNING ] discarding 2 atoms at position 14 in file /data/user/abgvg9/benchmark/files/all/kit/kit.pdb. Best match rsd_type:  TYR
core.io.pose_from_sfr.PoseFromSFRBuilder: [ WARNING ] discarding 1 atoms at position 15 in file /data/user/abgvg9/benchmark/files/all/kit/kit.pdb. Best match rsd_type:  VAL
core.io.pose_from_sfr.PoseFromSFRBuilder: [ WARNING ] discarding 2 atoms at position 16 in file /data/user/abgvg9/benchmark/files/all/kit/kit.pdb. Best match rsd_type:  TYR
core.io.pose_from_sfr.PoseFromSFRBuilder: [ WARNING ] discarding 1 atoms at position 17 in file /data/user/abgvg9/benchmark/files/all/kit/kit.pdb. Best match rsd_type:  ILE
core.io.pose_from_sfr.PoseFromSFRBuilder: [ WARNING ] discarding 1 atoms at position 18 in file /data/user/abgvg9/benchmark/files/all/kit/kit.pdb. Best match rsd_type:  ASP
core.io.pose_from_sfr.PoseFromSFRBuilder: [ WARNING ] discarding 2 atoms at position 20 in file /data/user/abgvg9/benchmark/files/all/kit/kit.pdb. Best match rsd_type:  THR
core.io.pose_from_sfr.PoseFromSFRBuilder: [ WARNING ] discarding 3 atoms at position 21 in file /data/user/abgvg9/benchmark/files/all/kit/kit.pdb. Best match rsd_type:  GLN
core.io.pose_from_sfr.PoseFromSFRBuilder: [ WARNING ] discarding 1 atoms at position 22 in file /data/user/abgvg9/benchmark/files/all/kit/kit.pdb. Best match rsd_type:  LEU
core.io.pose_from_sfr.PoseFromSFRBuilder: [ WARNING ] discarding 2 atoms at position 24 in file /data/user/abgvg9/benchmark/files/all/kit/kit.pdb. Best match rsd_type:  TYR
core.io.pose_from_sfr.PoseFromSFRBuilder: [ WARNING ] discarding 1 atoms at position 25 in file /data/user/abgvg9/benchmark/files/all/kit/kit.pdb. Best match rsd_type:  ASP
core.io.pose_from_sfr.PoseFromSFRBuilder: [ WARNING ] discarding 2 atoms at position 26 in file /data/user/abgvg9/benchmark/files/all/kit/kit.pdb. Best match rsd_type:  HIS
core.io.pose_from_sfr.PoseFromSFRBuilder: [ WARNING ] discarding 4 atoms at position 27 in file /data/user/abgvg9/benchmark/files/all/kit/kit.pdb. Best match rsd_type:  LYS
core.io.pose_from_sfr.PoseFromSFRBuilder: [ WARNING ] discarding 2 atoms at position 28 in file /data/user/abgvg9/benchmark/files/all/kit/kit.pdb. Best match rsd_type:  TRP
core.io.pose_from_sfr.PoseFromSFRBuilder: [ WARNING ] discarding 1 atoms at position 29 in file /data/user/abgvg9/benchmark/files/all/kit/kit.pdb. Best match rsd_type:  GLU
core.io.pose_from_sfr.PoseFromSFRBuilder: [ WARNING ] discarding 1 atoms at position 30 in file /data/user/abgvg9/benchmark/files/all/kit/kit.pdb. Best match rsd_type:  PHE
core.io.pose_from_sfr.PoseFromSFRBuilder: [ WARNING ] discarding 6 atoms at position 32 in file /data/user/abgvg9/benchmark/files/all/kit/kit.pdb. Best match rsd_type:  ARG
core.io.pose_from_sfr.PoseFromSFRBuilder: [ WARNING ] discarding 3 atoms at position 33 in file /data/user/abgvg9/benchmark/files/all/kit/kit.pdb. Best match rsd_type:  ASN
core.io.pose_from_sfr.PoseFromSFRBuilder: [ WARNING ] discarding 6 atoms at position 34 in file /data/user/abgvg9/benchmark/files/all/kit/kit.pdb. Best match rsd_type:  ARG
core.io.pose_from_sfr.PoseFromSFRBuilder: [ WARNING ] discarding 1 atoms at position 35 in file /data/user/abgvg9/benchmark/files/all/kit/kit.pdb. Best match rsd_type:  LEU
core.io.pose_from_sfr.PoseFromSFRBuilder: [ WARNING ] discarding 2 atoms at position 36 in file /data/user/abgvg9/benchmark/files/all/kit/kit.pdb. Best match rsd_type:  SER
core.io.pose_from_sfr.PoseFromSFRBuilder: [ WARNING ] discarding 1 atoms at position 37 in file /data/user/abgvg9/benchmark/files/all/kit/kit.pdb. Best match rsd_type:  PHE
core.io.pose_from_sfr.PoseFromSFRBuilder: [ WARNING ] discarding 1 atoms at position 38 in file /data/user/abgvg9/benchmark/files/all/kit/kit.pdb. Best match rsd_type:  GLY
core.io.pose_from_sfr.PoseFromSFRBuilder: [ WARNING ] discarding 4 atoms at position 39 in file /data/user/abgvg9/benchmark/files/all/kit/kit.pdb. Best match rsd_type:  LYS
core.io.pose_from_sfr.PoseFromSFRBuilder: [ WARNING ] discarding 2 atoms at position 40 in file /data/user/abgvg9/benchmark/files/all/kit/kit.pdb. Best match rsd_type:  THR
core.io.pose_from_sfr.PoseFromSFRBuilder: [ WARNING ] discarding 1 atoms at position 41 in file /data/user/abgvg9/benchmark/files/all/kit/kit.pdb. Best match rsd_type:  LEU
core.io.pose_from_sfr.PoseFromSFRBuilder: [ WARNING ] discarding 1 atoms at position 42 in file /data/user/abgvg9/benchmark/files/all/kit/kit.pdb. Best match rsd_type:  GLY
core.io.pose_from_sfr.PoseFromSFRBuilder: [ WARNING ] discarding 1 atoms at position 43 in file /data/user/abgvg9/benchmark/files/all/kit/kit.pdb. Best match rsd_type:  ALA
core.io.pose_from_sfr.PoseFromSFRBuilder: [ WARNING ] discarding 1 atoms at position 44 in file /data/user/abgvg9/benchmark/files/all/kit/kit.pdb. Best match rsd_type:  GLY
core.io.pose_from_sfr.PoseFromSFRBuilder: [ WARNING ] discarding 1 atoms at position 45 in file /data/user/abgvg9/benchmark/files/all/kit/kit.pdb. Best match rsd_type:  ALA
core.io.pose_from_sfr.PoseFromSFRBuilder: [ WARNING ] discarding 1 atoms at position 46 in file /data/user/abgvg9/benchmark/files/all/kit/kit.pdb. Best match rsd_type:  PHE
core.io.pose_from_sfr.PoseFromSFRBuilder: [ WARNING ] discarding 1 atoms at position 47 in file /data/user/abgvg9/benchmark/files/all/kit/kit.pdb. Best match rsd_type:  GLY
core.io.pose_from_sfr.PoseFromSFRBuilder: [ WARNING ] discarding 4 atoms at position 48 in file /data/user/abgvg9/benchmark/files/all/kit/kit.pdb. Best match rsd_type:  LYS
core.io.pose_from_sfr.PoseFromSFRBuilder: [ WARNING ] discarding 1 atoms at position 49 in file /data/user/abgvg9/benchmark/files/all/kit/kit.pdb. Best match rsd_type:  VAL
core.io.pose_from_sfr.PoseFromSFRBuilder: [ WARNING ] discarding 1 atoms at position 50 in file /data/user/abgvg9/benchmark/files/all/kit/kit.pdb. Best match rsd_type:  VAL
core.io.pose_from_sfr.PoseFromSFRBuilder: [ WARNING ] discarding 1 atoms at position 51 in file /data/user/abgvg9/benchmark/files/all/kit/kit.pdb. Best match rsd_type:  GLU
core.io.pose_from_sfr.PoseFromSFRBuilder: [ WARNING ] discarding 1 atoms at position 52 in file /data/user/abgvg9/benchmark/files/all/kit/kit.pdb. Best match rsd_type:  ALA
core.io.pose_from_sfr.PoseFromSFRBuilder: [ WARNING ] discarding 2 atoms at position 53 in file /data/user/abgvg9/benchmark/files/all/kit/kit.pdb. Best match rsd_type:  THR
core.io.pose_from_sfr.PoseFromSFRBuilder: [ WARNING ] discarding 1 atoms at position 54 in file /data/user/abgvg9/benchmark/files/all/kit/kit.pdb. Best match rsd_type:  ALA
core.io.pose_from_sfr.PoseFromSFRBuilder: [ WARNING ] discarding 2 atoms at position 55 in file /data/user/abgvg9/benchmark/files/all/kit/kit.pdb. Best match rsd_type:  TYR
core.io.pose_from_sfr.PoseFromSFRBuilder: [ WARNING ] discarding 1 atoms at position 56 in file /data/user/abgvg9/benchmark/files/all/kit/kit.pdb. Best match rsd_type:  GLY
core.io.pose_from_sfr.PoseFromSFRBuilder: [ WARNING ] discarding 1 atoms at position 57 in file /data/user/abgvg9/benchmark/files/all/kit/kit.pdb. Best match rsd_type:  LEU
core.io.pose_from_sfr.PoseFromSFRBuilder: [ WARNING ] discarding 1 atoms at position 58 in file /data/user/abgvg9/benchmark/files/all/kit/kit.pdb. Best match rsd_type:  ILE
core.io.pose_from_sfr.PoseFromSFRBuilder: [ WARNING ] discarding 4 atoms at position 59 in file /data/user/abgvg9/benchmark/files/all/kit/kit.pdb. Best match rsd_type:  LYS
core.io.pose_from_sfr.PoseFromSFRBuilder: [ WARNING ] discarding 2 atoms at position 60 in file /data/user/abgvg9/benchmark/files/all/kit/kit.pdb. Best match rsd_type:  SER
core.io.pose_from_sfr.PoseFromSFRBuilder: [ WARNING ] discarding 1 atoms at position 61 in file /data/user/abgvg9/benchmark/files/all/kit/kit.pdb. Best match rsd_type:  ASP
core.io.pose_from_sfr.PoseFromSFRBuilder: [ WARNING ] discarding 1 atoms at position 62 in file /data/user/abgvg9/benchmark/files/all/kit/kit.pdb. Best match rsd_type:  ALA
core.io.pose_from_sfr.PoseFromSFRBuilder: [ WARNING ] discarding 1 atoms at position 63 in file /data/user/abgvg9/benchmark/files/all/kit/kit.pdb. Best match rsd_type:  ALA
core.io.pose_from_sfr.PoseFromSFRBuilder: [ WARNING ] discarding 1 atoms at position 64 in file /data/user/abgvg9/benchmark/files/all/kit/kit.pdb. Best match rsd_type:  MET
core.io.pose_from_sfr.PoseFromSFRBuilder: [ WARNING ] discarding 2 atoms at position 65 in file /data/user/abgvg9/benchmark/files/all/kit/kit.pdb. Best match rsd_type:  THR
core.io.pose_from_sfr.PoseFromSFRBuilder: [ WARNING ] discarding 1 atoms at position 66 in file /data/user/abgvg9/benchmark/files/all/kit/kit.pdb. Best match rsd_type:  VAL
core.io.pose_from_sfr.PoseFromSFRBuilder: [ WARNING ] discarding 1 atoms at position 67 in file /data/user/abgvg9/benchmark/files/all/kit/kit.pdb. Best match rsd_type:  ALA
core.io.pose_from_sfr.PoseFromSFRBuilder: [ WARNING ] discarding 1 atoms at position 68 in file /data/user/abgvg9/benchmark/files/all/kit/kit.pdb. Best match rsd_type:  VAL
core.io.pose_from_sfr.PoseFromSFRBuilder: [ WARNING ] discarding 4 atoms at position 69 in file /data/user/abgvg9/benchmark/files/all/kit/kit.pdb. Best match rsd_type:  LYS
core.io.pose_from_sfr.PoseFromSFRBuilder: [ WARNING ] discarding 1 atoms at position 70 in file /data/user/abgvg9/benchmark/files/all/kit/kit.pdb. Best match rsd_type:  MET
core.io.pose_from_sfr.PoseFromSFRBuilder: [ WARNING ] discarding 1 atoms at position 71 in file /data/user/abgvg9/benchmark/files/all/kit/kit.pdb. Best match rsd_type:  LEU
core.io.pose_from_sfr.PoseFromSFRBuilder: [ WARNING ] discarding 4 atoms at position 72 in file /data/user/abgvg9/benchmark/files/all/kit/kit.pdb. Best match rsd_type:  LYS
core.io.pose_from_sfr.PoseFromSFRBuilder: [ WARNING ] discarding 2 atoms at position 74 in file /data/user/abgvg9/benchmark/files/all/kit/kit.pdb. Best match rsd_type:  SER
core.io.pose_from_sfr.PoseFromSFRBuilder: [ WARNING ] discarding 1 atoms at position 75 in file /data/user/abgvg9/benchmark/files/all/kit/kit.pdb. Best match rsd_type:  ALA
core.io.pose_from_sfr.PoseFromSFRBuilder: [ WARNING ] discarding 2 atoms at position 76 in file /data/user/abgvg9/benchmark/files/all/kit/kit.pdb. Best match rsd_type:  HIS
core.io.pose_from_sfr.PoseFromSFRBuilder: [ WARNING ] discarding 1 atoms at position 77 in file /data/user/abgvg9/benchmark/files/all/kit/kit.pdb. Best match rsd_type:  LEU
core.io.pose_from_sfr.PoseFromSFRBuilder: [ WARNING ] discarding 2 atoms at position 78 in file /data/user/abgvg9/benchmark/files/all/kit/kit.pdb. Best match rsd_type:  THR
core.io.pose_from_sfr.PoseFromSFRBuilder: [ WARNING ] discarding 1 atoms at position 79 in file /data/user/abgvg9/benchmark/files/all/kit/kit.pdb. Best match rsd_type:  GLU
core.io.pose_from_sfr.PoseFromSFRBuilder: [ WARNING ] discarding 6 atoms at position 80 in file /data/user/abgvg9/benchmark/files/all/kit/kit.pdb. Best match rsd_type:  ARG
core.io.pose_from_sfr.PoseFromSFRBuilder: [ WARNING ] discarding 1 atoms at position 81 in file /data/user/abgvg9/benchmark/files/all/kit/kit.pdb. Best match rsd_type:  GLU
core.io.pose_from_sfr.PoseFromSFRBuilder: [ WARNING ] discarding 1 atoms at position 82 in file /data/user/abgvg9/benchmark/files/all/kit/kit.pdb. Best match rsd_type:  ALA
core.io.pose_from_sfr.PoseFromSFRBuilder: [ WARNING ] discarding 1 atoms at position 83 in file /data/user/abgvg9/benchmark/files/all/kit/kit.pdb. Best match rsd_type:  LEU
core.io.pose_from_sfr.PoseFromSFRBuilder: [ WARNING ] discarding 1 atoms at position 84 in file /data/user/abgvg9/benchmark/files/all/kit/kit.pdb. Best match rsd_type:  MET
core.io.pose_from_sfr.PoseFromSFRBuilder: [ WARNING ] discarding 2 atoms at position 85 in file /data/user/abgvg9/benchmark/files/all/kit/kit.pdb. Best match rsd_type:  SER
core.io.pose_from_sfr.PoseFromSFRBuilder: [ WARNING ] discarding 1 atoms at position 86 in file /data/user/abgvg9/benchmark/files/all/kit/kit.pdb. Best match rsd_type:  GLU
core.io.pose_from_sfr.PoseFromSFRBuilder: [ WARNING ] discarding 1 atoms at position 87 in file /data/user/abgvg9/benchmark/files/all/kit/kit.pdb. Best match rsd_type:  LEU
core.io.pose_from_sfr.PoseFromSFRBuilder: [ WARNING ] discarding 4 atoms at position 88 in file /data/user/abgvg9/benchmark/files/all/kit/kit.pdb. Best match rsd_type:  LYS
core.io.pose_from_sfr.PoseFromSFRBuilder: [ WARNING ] discarding 1 atoms at position 89 in file /data/user/abgvg9/benchmark/files/all/kit/kit.pdb. Best match rsd_type:  VAL
core.io.pose_from_sfr.PoseFromSFRBuilder: [ WARNING ] discarding 1 atoms at position 90 in file /data/user/abgvg9/benchmark/files/all/kit/kit.pdb. Best match rsd_type:  LEU
core.io.pose_from_sfr.PoseFromSFRBuilder: [ WARNING ] discarding 2 atoms at position 91 in file /data/user/abgvg9/benchmark/files/all/kit/kit.pdb. Best match rsd_type:  SER
core.io.pose_from_sfr.PoseFromSFRBuilder: [ WARNING ] discarding 2 atoms at position 92 in file /data/user/abgvg9/benchmark/files/all/kit/kit.pdb. Best match rsd_type:  TYR
core.io.pose_from_sfr.PoseFromSFRBuilder: [ WARNING ] discarding 1 atoms at position 93 in file /data/user/abgvg9/benchmark/files/all/kit/kit.pdb. Best match rsd_type:  LEU
core.io.pose_from_sfr.PoseFromSFRBuilder: [ WARNING ] discarding 1 atoms at position 94 in file /data/user/abgvg9/benchmark/files/all/kit/kit.pdb. Best match rsd_type:  GLY
core.io.pose_from_sfr.PoseFromSFRBuilder: [ WARNING ] discarding 3 atoms at position 95 in file /data/user/abgvg9/benchmark/files/all/kit/kit.pdb. Best match rsd_type:  ASN
core.io.pose_from_sfr.PoseFromSFRBuilder: [ WARNING ] discarding 2 atoms at position 96 in file /data/user/abgvg9/benchmark/files/all/kit/kit.pdb. Best match rsd_type:  HIS
core.io.pose_from_sfr.PoseFromSFRBuilder: [ WARNING ] discarding 1 atoms at position 97 in file /data/user/abgvg9/benchmark/files/all/kit/kit.pdb. Best match rsd_type:  MET
core.io.pose_from_sfr.PoseFromSFRBuilder: [ WARNING ] discarding 3 atoms at position 98 in file /data/user/abgvg9/benchmark/files/all/kit/kit.pdb. Best match rsd_type:  ASN
core.io.pose_from_sfr.PoseFromSFRBuilder: [ WARNING ] discarding 1 atoms at position 99 in file /data/user/abgvg9/benchmark/files/all/kit/kit.pdb. Best match rsd_type:  ILE
core.io.pose_from_sfr.PoseFromSFRBuilder: [ WARNING ] discarding 1 atoms at position 100 in file /data/user/abgvg9/benchmark/files/all/kit/kit.pdb. Best match rsd_type:  VAL
core.io.pose_from_sfr.PoseFromSFRBuilder: [ WARNING ] discarding 3 atoms at position 101 in file /data/user/abgvg9/benchmark/files/all/kit/kit.pdb. Best match rsd_type:  ASN
core.io.pose_from_sfr.PoseFromSFRBuilder: [ WARNING ] discarding 1 atoms at position 102 in file /data/user/abgvg9/benchmark/files/all/kit/kit.pdb. Best match rsd_type:  LEU
core.io.pose_from_sfr.PoseFromSFRBuilder: [ WARNING ] discarding 1 atoms at position 103 in file /data/user/abgvg9/benchmark/files/all/kit/kit.pdb. Best match rsd_type:  LEU
core.io.pose_from_sfr.PoseFromSFRBuilder: [ WARNING ] discarding 1 atoms at position 104 in file /data/user/abgvg9/benchmark/files/all/kit/kit.pdb. Best match rsd_type:  GLY
core.io.pose_from_sfr.PoseFromSFRBuilder: [ WARNING ] discarding 1 atoms at position 105 in file /data/user/abgvg9/benchmark/files/all/kit/kit.pdb. Best match rsd_type:  ALA
core.io.pose_from_sfr.PoseFromSFRBuilder: [ WARNING ] discarding 2 atoms at position 106 in file /data/user/abgvg9/benchmark/files/all/kit/kit.pdb. Best match rsd_type:  CYS
core.io.pose_from_sfr.PoseFromSFRBuilder: [ WARNING ] discarding 2 atoms at position 107 in file /data/user/abgvg9/benchmark/files/all/kit/kit.pdb. Best match rsd_type:  THR
core.io.pose_from_sfr.PoseFromSFRBuilder: [ WARNING ] discarding 1 atoms at position 108 in file /data/user/abgvg9/benchmark/files/all/kit/kit.pdb. Best match rsd_type:  ILE
core.io.pose_from_sfr.PoseFromSFRBuilder: [ WARNING ] discarding 1 atoms at position 109 in file /data/user/abgvg9/benchmark/files/all/kit/kit.pdb. Best match rsd_type:  GLY
core.io.pose_from_sfr.PoseFromSFRBuilder: [ WARNING ] discarding 1 atoms at position 110 in file /data/user/abgvg9/benchmark/files/all/kit/kit.pdb. Best match rsd_type:  GLY
core.io.pose_from_sfr.PoseFromSFRBuilder: [ WARNING ] discarding 2 atoms at position 112 in file /data/user/abgvg9/benchmark/files/all/kit/kit.pdb. Best match rsd_type:  THR
core.io.pose_from_sfr.PoseFromSFRBuilder: [ WARNING ] discarding 1 atoms at position 113 in file /data/user/abgvg9/benchmark/files/all/kit/kit.pdb. Best match rsd_type:  LEU
core.io.pose_from_sfr.PoseFromSFRBuilder: [ WARNING ] discarding 1 atoms at position 114 in file /data/user/abgvg9/benchmark/files/all/kit/kit.pdb. Best match rsd_type:  VAL
core.io.pose_from_sfr.PoseFromSFRBuilder: [ WARNING ] discarding 1 atoms at position 115 in file /data/user/abgvg9/benchmark/files/all/kit/kit.pdb. Best match rsd_type:  ILE
core.io.pose_from_sfr.PoseFromSFRBuilder: [ WARNING ] discarding 2 atoms at position 116 in file /data/user/abgvg9/benchmark/files/all/kit/kit.pdb. Best match rsd_type:  THR
core.io.pose_from_sfr.PoseFromSFRBuilder: [ WARNING ] discarding 2 atoms at position 117 in file /data/user/abgvg9/benchmark/files/all/kit/kit.pdb. Best match rsd_type:  TYR
core.io.pose_from_sfr.PoseFromSFRBuilder: [ WARNING ] discarding 2 atoms at position 118 in file /data/user/abgvg9/benchmark/files/all/kit/kit.pdb. Best match rsd_type:  CYS
core.io.pose_from_sfr.PoseFromSFRBuilder: [ WARNING ] discarding 2 atoms at position 119 in file /data/user/abgvg9/benchmark/files/all/kit/kit.pdb. Best match rsd_type:  TYR
core.io.pose_from_sfr.PoseFromSFRBuilder: [ WARNING ] discarding 1 atoms at position 120 in file /data/user/abgvg9/benchmark/files/all/kit/kit.pdb. Best match rsd_type:  GLY
core.io.pose_from_sfr.PoseFromSFRBuilder: [ WARNING ] discarding 1 atoms at position 121 in file /data/user/abgvg9/benchmark/files/all/kit/kit.pdb. Best match rsd_type:  ASP
core.io.pose_from_sfr.PoseFromSFRBuilder: [ WARNING ] discarding 1 atoms at position 122 in file /data/user/abgvg9/benchmark/files/all/kit/kit.pdb. Best match rsd_type:  LEU
core.io.pose_from_sfr.PoseFromSFRBuilder: [ WARNING ] discarding 1 atoms at position 123 in file /data/user/abgvg9/benchmark/files/all/kit/kit.pdb. Best match rsd_type:  LEU
core.io.pose_from_sfr.PoseFromSFRBuilder: [ WARNING ] discarding 3 atoms at position 124 in file /data/user/abgvg9/benchmark/files/all/kit/kit.pdb. Best match rsd_type:  ASN
core.io.pose_from_sfr.PoseFromSFRBuilder: [ WARNING ] discarding 1 atoms at position 125 in file /data/user/abgvg9/benchmark/files/all/kit/kit.pdb. Best match rsd_type:  PHE
core.io.pose_from_sfr.PoseFromSFRBuilder: [ WARNING ] discarding 1 atoms at position 126 in file /data/user/abgvg9/benchmark/files/all/kit/kit.pdb. Best match rsd_type:  LEU
core.io.pose_from_sfr.PoseFromSFRBuilder: [ WARNING ] discarding 6 atoms at position 127 in file /data/user/abgvg9/benchmark/files/all/kit/kit.pdb. Best match rsd_type:  ARG
core.io.pose_from_sfr.PoseFromSFRBuilder: [ WARNING ] discarding 6 atoms at position 128 in file /data/user/abgvg9/benchmark/files/all/kit/kit.pdb. Best match rsd_type:  ARG
core.io.pose_from_sfr.PoseFromSFRBuilder: [ WARNING ] discarding 4 atoms at position 129 in file /data/user/abgvg9/benchmark/files/all/kit/kit.pdb. Best match rsd_type:  LYS
core.io.pose_from_sfr.PoseFromSFRBuilder: [ WARNING ] discarding 6 atoms at position 130 in file /data/user/abgvg9/benchmark/files/all/kit/kit.pdb. Best match rsd_type:  ARG
core.io.pose_from_sfr.PoseFromSFRBuilder: [ WARNING ] discarding 1 atoms at position 131 in file /data/user/abgvg9/benchmark/files/all/kit/kit.pdb. Best match rsd_type:  ASP
core.io.pose_from_sfr.PoseFromSFRBuilder: [ WARNING ] discarding 2 atoms at position 132 in file /data/user/abgvg9/benchmark/files/all/kit/kit.pdb. Best match rsd_type:  SER
core.io.pose_from_sfr.PoseFromSFRBuilder: [ WARNING ] discarding 1 atoms at position 133 in file /data/user/abgvg9/benchmark/files/all/kit/kit.pdb. Best match rsd_type:  PHE
core.io.pose_from_sfr.PoseFromSFRBuilder: [ WARNING ] discarding 1 atoms at position 134 in file /data/user/abgvg9/benchmark/files/all/kit/kit.pdb. Best match rsd_type:  ILE
core.io.pose_from_sfr.PoseFromSFRBuilder: [ WARNING ] discarding 2 atoms at position 135 in file /data/user/abgvg9/benchmark/files/all/kit/kit.pdb. Best match rsd_type:  CYS
core.io.pose_from_sfr.PoseFromSFRBuilder: [ WARNING ] discarding 2 atoms at position 136 in file /data/user/abgvg9/benchmark/files/all/kit/kit.pdb. Best match rsd_type:  SER
core.io.pose_from_sfr.PoseFromSFRBuilder: [ WARNING ] discarding 4 atoms at position 137 in file /data/user/abgvg9/benchmark/files/all/kit/kit.pdb. Best match rsd_type:  LYS
core.io.pose_from_sfr.PoseFromSFRBuilder: [ WARNING ] discarding 2 atoms at position 138 in file /data/user/abgvg9/benchmark/files/all/kit/kit.pdb. Best match rsd_type:  THR
core.io.pose_from_sfr.PoseFromSFRBuilder: [ WARNING ] discarding 2 atoms at position 139 in file /data/user/abgvg9/benchmark/files/all/kit/kit.pdb. Best match rsd_type:  SER
core.io.pose_from_sfr.PoseFromSFRBuilder: [ WARNING ] discarding 1 atoms at position 141 in file /data/user/abgvg9/benchmark/files/all/kit/kit.pdb. Best match rsd_type:  ALA
core.io.pose_from_sfr.PoseFromSFRBuilder: [ WARNING ] discarding 1 atoms at position 142 in file /data/user/abgvg9/benchmark/files/all/kit/kit.pdb. Best match rsd_type:  ILE
core.io.pose_from_sfr.PoseFromSFRBuilder: [ WARNING ] discarding 1 atoms at position 143 in file /data/user/abgvg9/benchmark/files/all/kit/kit.pdb. Best match rsd_type:  MET
core.io.pose_from_sfr.PoseFromSFRBuilder: [ WARNING ] discarding 1 atoms at position 144 in file /data/user/abgvg9/benchmark/files/all/kit/kit.pdb. Best match rsd_type:  GLU
core.io.pose_from_sfr.PoseFromSFRBuilder: [ WARNING ] discarding 1 atoms at position 145 in file /data/user/abgvg9/benchmark/files/all/kit/kit.pdb. Best match rsd_type:  ASP
core.io.pose_from_sfr.PoseFromSFRBuilder: [ WARNING ] discarding 1 atoms at position 146 in file /data/user/abgvg9/benchmark/files/all/kit/kit.pdb. Best match rsd_type:  ASP
core.io.pose_from_sfr.PoseFromSFRBuilder: [ WARNING ] discarding 1 atoms at position 147 in file /data/user/abgvg9/benchmark/files/all/kit/kit.pdb. Best match rsd_type:  GLU
core.io.pose_from_sfr.PoseFromSFRBuilder: [ WARNING ] discarding 1 atoms at position 148 in file /data/user/abgvg9/benchmark/files/all/kit/kit.pdb. Best match rsd_type:  LEU
core.io.pose_from_sfr.PoseFromSFRBuilder: [ WARNING ] discarding 1 atoms at position 149 in file /data/user/abgvg9/benchmark/files/all/kit/kit.pdb. Best match rsd_type:  ALA
core.io.pose_from_sfr.PoseFromSFRBuilder: [ WARNING ] discarding 1 atoms at position 150 in file /data/user/abgvg9/benchmark/files/all/kit/kit.pdb. Best match rsd_type:  LEU
core.io.pose_from_sfr.PoseFromSFRBuilder: [ WARNING ] discarding 1 atoms at position 151 in file /data/user/abgvg9/benchmark/files/all/kit/kit.pdb. Best match rsd_type:  ASP
core.io.pose_from_sfr.PoseFromSFRBuilder: [ WARNING ] discarding 1 atoms at position 152 in file /data/user/abgvg9/benchmark/files/all/kit/kit.pdb. Best match rsd_type:  LEU
core.io.pose_from_sfr.PoseFromSFRBuilder: [ WARNING ] discarding 1 atoms at position 153 in file /data/user/abgvg9/benchmark/files/all/kit/kit.pdb. Best match rsd_type:  GLU
core.io.pose_from_sfr.PoseFromSFRBuilder: [ WARNING ] discarding 1 atoms at position 154 in file /data/user/abgvg9/benchmark/files/all/kit/kit.pdb. Best match rsd_type:  ASP
core.io.pose_from_sfr.PoseFromSFRBuilder: [ WARNING ] discarding 1 atoms at position 155 in file /data/user/abgvg9/benchmark/files/all/kit/kit.pdb. Best match rsd_type:  LEU
core.io.pose_from_sfr.PoseFromSFRBuilder: [ WARNING ] discarding 1 atoms at position 156 in file /data/user/abgvg9/benchmark/files/all/kit/kit.pdb. Best match rsd_type:  LEU
core.io.pose_from_sfr.PoseFromSFRBuilder: [ WARNING ] discarding 2 atoms at position 157 in file /data/user/abgvg9/benchmark/files/all/kit/kit.pdb. Best match rsd_type:  SER
core.io.pose_from_sfr.PoseFromSFRBuilder: [ WARNING ] discarding 1 atoms at position 158 in file /data/user/abgvg9/benchmark/files/all/kit/kit.pdb. Best match rsd_type:  PHE
core.io.pose_from_sfr.PoseFromSFRBuilder: [ WARNING ] discarding 2 atoms at position 159 in file /data/user/abgvg9/benchmark/files/all/kit/kit.pdb. Best match rsd_type:  SER
core.io.pose_from_sfr.PoseFromSFRBuilder: [ WARNING ] discarding 2 atoms at position 160 in file /data/user/abgvg9/benchmark/files/all/kit/kit.pdb. Best match rsd_type:  TYR
core.io.pose_from_sfr.PoseFromSFRBuilder: [ WARNING ] discarding 3 atoms at position 161 in file /data/user/abgvg9/benchmark/files/all/kit/kit.pdb. Best match rsd_type:  GLN
core.io.pose_from_sfr.PoseFromSFRBuilder: [ WARNING ] discarding 1 atoms at position 162 in file /data/user/abgvg9/benchmark/files/all/kit/kit.pdb. Best match rsd_type:  VAL
core.io.pose_from_sfr.PoseFromSFRBuilder: [ WARNING ] discarding 1 atoms at position 163 in file /data/user/abgvg9/benchmark/files/all/kit/kit.pdb. Best match rsd_type:  ALA
core.io.pose_from_sfr.PoseFromSFRBuilder: [ WARNING ] discarding 4 atoms at position 164 in file /data/user/abgvg9/benchmark/files/all/kit/kit.pdb. Best match rsd_type:  LYS
core.io.pose_from_sfr.PoseFromSFRBuilder: [ WARNING ] discarding 1 atoms at position 165 in file /data/user/abgvg9/benchmark/files/all/kit/kit.pdb. Best match rsd_type:  GLY
core.io.pose_from_sfr.PoseFromSFRBuilder: [ WARNING ] discarding 1 atoms at position 166 in file /data/user/abgvg9/benchmark/files/all/kit/kit.pdb. Best match rsd_type:  MET
core.io.pose_from_sfr.PoseFromSFRBuilder: [ WARNING ] discarding 1 atoms at position 167 in file /data/user/abgvg9/benchmark/files/all/kit/kit.pdb. Best match rsd_type:  ALA
core.io.pose_from_sfr.PoseFromSFRBuilder: [ WARNING ] discarding 1 atoms at position 168 in file /data/user/abgvg9/benchmark/files/all/kit/kit.pdb. Best match rsd_type:  PHE
core.io.pose_from_sfr.PoseFromSFRBuilder: [ WARNING ] discarding 1 atoms at position 169 in file /data/user/abgvg9/benchmark/files/all/kit/kit.pdb. Best match rsd_type:  LEU
core.io.pose_from_sfr.PoseFromSFRBuilder: [ WARNING ] discarding 1 atoms at position 170 in file /data/user/abgvg9/benchmark/files/all/kit/kit.pdb. Best match rsd_type:  ALA
core.io.pose_from_sfr.PoseFromSFRBuilder: [ WARNING ] discarding 2 atoms at position 171 in file /data/user/abgvg9/benchmark/files/all/kit/kit.pdb. Best match rsd_type:  SER
core.io.pose_from_sfr.PoseFromSFRBuilder: [ WARNING ] discarding 4 atoms at position 172 in file /data/user/abgvg9/benchmark/files/all/kit/kit.pdb. Best match rsd_type:  LYS
core.io.pose_from_sfr.PoseFromSFRBuilder: [ WARNING ] discarding 3 atoms at position 173 in file /data/user/abgvg9/benchmark/files/all/kit/kit.pdb. Best match rsd_type:  ASN
core.io.pose_from_sfr.PoseFromSFRBuilder: [ WARNING ] discarding 2 atoms at position 174 in file /data/user/abgvg9/benchmark/files/all/kit/kit.pdb. Best match rsd_type:  CYS
core.io.pose_from_sfr.PoseFromSFRBuilder: [ WARNING ] discarding 1 atoms at position 175 in file /data/user/abgvg9/benchmark/files/all/kit/kit.pdb. Best match rsd_type:  ILE
core.io.pose_from_sfr.PoseFromSFRBuilder: [ WARNING ] discarding 2 atoms at position 176 in file /data/user/abgvg9/benchmark/files/all/kit/kit.pdb. Best match rsd_type:  HIS
core.io.pose_from_sfr.PoseFromSFRBuilder: [ WARNING ] discarding 6 atoms at position 177 in file /data/user/abgvg9/benchmark/files/all/kit/kit.pdb. Best match rsd_type:  ARG
core.io.pose_from_sfr.PoseFromSFRBuilder: [ WARNING ] discarding 1 atoms at position 178 in file /data/user/abgvg9/benchmark/files/all/kit/kit.pdb. Best match rsd_type:  ASP
core.io.pose_from_sfr.PoseFromSFRBuilder: [ WARNING ] discarding 1 atoms at position 179 in file /data/user/abgvg9/benchmark/files/all/kit/kit.pdb. Best match rsd_type:  LEU
core.io.pose_from_sfr.PoseFromSFRBuilder: [ WARNING ] discarding 1 atoms at position 180 in file /data/user/abgvg9/benchmark/files/all/kit/kit.pdb. Best match rsd_type:  ALA
core.io.pose_from_sfr.PoseFromSFRBuilder: [ WARNING ] discarding 1 atoms at position 181 in file /data/user/abgvg9/benchmark/files/all/kit/kit.pdb. Best match rsd_type:  ALA
core.io.pose_from_sfr.PoseFromSFRBuilder: [ WARNING ] discarding 6 atoms at position 182 in file /data/user/abgvg9/benchmark/files/all/kit/kit.pdb. Best match rsd_type:  ARG
core.io.pose_from_sfr.PoseFromSFRBuilder: [ WARNING ] discarding 3 atoms at position 183 in file /data/user/abgvg9/benchmark/files/all/kit/kit.pdb. Best match rsd_type:  ASN
core.io.pose_from_sfr.PoseFromSFRBuilder: [ WARNING ] discarding 1 atoms at position 184 in file /data/user/abgvg9/benchmark/files/all/kit/kit.pdb. Best match rsd_type:  ILE
core.io.pose_from_sfr.PoseFromSFRBuilder: [ WARNING ] discarding 1 atoms at position 185 in file /data/user/abgvg9/benchmark/files/all/kit/kit.pdb. Best match rsd_type:  LEU
core.io.pose_from_sfr.PoseFromSFRBuilder: [ WARNING ] discarding 1 atoms at position 186 in file /data/user/abgvg9/benchmark/files/all/kit/kit.pdb. Best match rsd_type:  LEU
core.io.pose_from_sfr.PoseFromSFRBuilder: [ WARNING ] discarding 2 atoms at position 187 in file /data/user/abgvg9/benchmark/files/all/kit/kit.pdb. Best match rsd_type:  THR
core.io.pose_from_sfr.PoseFromSFRBuilder: [ WARNING ] discarding 2 atoms at position 188 in file /data/user/abgvg9/benchmark/files/all/kit/kit.pdb. Best match rsd_type:  HIS
core.io.pose_from_sfr.PoseFromSFRBuilder: [ WARNING ] discarding 1 atoms at position 189 in file /data/user/abgvg9/benchmark/files/all/kit/kit.pdb. Best match rsd_type:  GLY
core.io.pose_from_sfr.PoseFromSFRBuilder: [ WARNING ] discarding 6 atoms at position 190 in file /data/user/abgvg9/benchmark/files/all/kit/kit.pdb. Best match rsd_type:  ARG
core.io.pose_from_sfr.PoseFromSFRBuilder: [ WARNING ] discarding 1 atoms at position 191 in file /data/user/abgvg9/benchmark/files/all/kit/kit.pdb. Best match rsd_type:  ILE
core.io.pose_from_sfr.PoseFromSFRBuilder: [ WARNING ] discarding 2 atoms at position 192 in file /data/user/abgvg9/benchmark/files/all/kit/kit.pdb. Best match rsd_type:  THR
core.io.pose_from_sfr.PoseFromSFRBuilder: [ WARNING ] discarding 4 atoms at position 193 in file /data/user/abgvg9/benchmark/files/all/kit/kit.pdb. Best match rsd_type:  LYS
core.io.pose_from_sfr.PoseFromSFRBuilder: [ WARNING ] discarding 1 atoms at position 194 in file /data/user/abgvg9/benchmark/files/all/kit/kit.pdb. Best match rsd_type:  ILE
core.io.pose_from_sfr.PoseFromSFRBuilder: [ WARNING ] discarding 2 atoms at position 195 in file /data/user/abgvg9/benchmark/files/all/kit/kit.pdb. Best match rsd_type:  CYS
core.io.pose_from_sfr.PoseFromSFRBuilder: [ WARNING ] discarding 1 atoms at position 196 in file /data/user/abgvg9/benchmark/files/all/kit/kit.pdb. Best match rsd_type:  ASP
core.io.pose_from_sfr.PoseFromSFRBuilder: [ WARNING ] discarding 1 atoms at position 197 in file /data/user/abgvg9/benchmark/files/all/kit/kit.pdb. Best match rsd_type:  PHE
core.io.pose_from_sfr.PoseFromSFRBuilder: [ WARNING ] discarding 1 atoms at position 198 in file /data/user/abgvg9/benchmark/files/all/kit/kit.pdb. Best match rsd_type:  GLY
core.io.pose_from_sfr.PoseFromSFRBuilder: [ WARNING ] discarding 1 atoms at position 199 in file /data/user/abgvg9/benchmark/files/all/kit/kit.pdb. Best match rsd_type:  LEU
core.io.pose_from_sfr.PoseFromSFRBuilder: [ WARNING ] discarding 1 atoms at position 200 in file /data/user/abgvg9/benchmark/files/all/kit/kit.pdb. Best match rsd_type:  ALA
core.io.pose_from_sfr.PoseFromSFRBuilder: [ WARNING ] discarding 6 atoms at position 201 in file /data/user/abgvg9/benchmark/files/all/kit/kit.pdb. Best match rsd_type:  ARG
core.io.pose_from_sfr.PoseFromSFRBuilder: [ WARNING ] discarding 1 atoms at position 202 in file /data/user/abgvg9/benchmark/files/all/kit/kit.pdb. Best match rsd_type:  ASP
core.io.pose_from_sfr.PoseFromSFRBuilder: [ WARNING ] discarding 1 atoms at position 203 in file /data/user/abgvg9/benchmark/files/all/kit/kit.pdb. Best match rsd_type:  ILE
core.io.pose_from_sfr.PoseFromSFRBuilder: [ WARNING ] discarding 4 atoms at position 204 in file /data/user/abgvg9/benchmark/files/all/kit/kit.pdb. Best match rsd_type:  LYS
core.io.pose_from_sfr.PoseFromSFRBuilder: [ WARNING ] discarding 3 atoms at position 205 in file /data/user/abgvg9/benchmark/files/all/kit/kit.pdb. Best match rsd_type:  ASN
core.io.pose_from_sfr.PoseFromSFRBuilder: [ WARNING ] discarding 1 atoms at position 206 in file /data/user/abgvg9/benchmark/files/all/kit/kit.pdb. Best match rsd_type:  ASP
core.io.pose_from_sfr.PoseFromSFRBuilder: [ WARNING ] discarding 2 atoms at position 207 in file /data/user/abgvg9/benchmark/files/all/kit/kit.pdb. Best match rsd_type:  SER
core.io.pose_from_sfr.PoseFromSFRBuilder: [ WARNING ] discarding 3 atoms at position 208 in file /data/user/abgvg9/benchmark/files/all/kit/kit.pdb. Best match rsd_type:  ASN
core.io.pose_from_sfr.PoseFromSFRBuilder: [ WARNING ] discarding 2 atoms at position 209 in file /data/user/abgvg9/benchmark/files/all/kit/kit.pdb. Best match rsd_type:  TYR
core.io.pose_from_sfr.PoseFromSFRBuilder: [ WARNING ] discarding 1 atoms at position 210 in file /data/user/abgvg9/benchmark/files/all/kit/kit.pdb. Best match rsd_type:  VAL
core.io.pose_from_sfr.PoseFromSFRBuilder: [ WARNING ] discarding 1 atoms at position 211 in file /data/user/abgvg9/benchmark/files/all/kit/kit.pdb. Best match rsd_type:  VAL
core.io.pose_from_sfr.PoseFromSFRBuilder: [ WARNING ] discarding 4 atoms at position 212 in file /data/user/abgvg9/benchmark/files/all/kit/kit.pdb. Best match rsd_type:  LYS
core.io.pose_from_sfr.PoseFromSFRBuilder: [ WARNING ] discarding 3 atoms at position 213 in file /data/user/abgvg9/benchmark/files/all/kit/kit.pdb. Best match rsd_type:  ASN
core.io.pose_from_sfr.PoseFromSFRBuilder: [ WARNING ] discarding 1 atoms at position 214 in file /data/user/abgvg9/benchmark/files/all/kit/kit.pdb. Best match rsd_type:  ALA
core.io.pose_from_sfr.PoseFromSFRBuilder: [ WARNING ] discarding 6 atoms at position 215 in file /data/user/abgvg9/benchmark/files/all/kit/kit.pdb. Best match rsd_type:  ARG
core.io.pose_from_sfr.PoseFromSFRBuilder: [ WARNING ] discarding 1 atoms at position 216 in file /data/user/abgvg9/benchmark/files/all/kit/kit.pdb. Best match rsd_type:  LEU
core.io.pose_from_sfr.PoseFromSFRBuilder: [ WARNING ] discarding 1 atoms at position 218 in file /data/user/abgvg9/benchmark/files/all/kit/kit.pdb. Best match rsd_type:  VAL
core.io.pose_from_sfr.PoseFromSFRBuilder: [ WARNING ] discarding 4 atoms at position 219 in file /data/user/abgvg9/benchmark/files/all/kit/kit.pdb. Best match rsd_type:  LYS
core.io.pose_from_sfr.PoseFromSFRBuilder: [ WARNING ] discarding 2 atoms at position 220 in file /data/user/abgvg9/benchmark/files/all/kit/kit.pdb. Best match rsd_type:  TRP
core.io.pose_from_sfr.PoseFromSFRBuilder: [ WARNING ] discarding 1 atoms at position 221 in file /data/user/abgvg9/benchmark/files/all/kit/kit.pdb. Best match rsd_type:  MET
core.io.pose_from_sfr.PoseFromSFRBuilder: [ WARNING ] discarding 1 atoms at position 222 in file /data/user/abgvg9/benchmark/files/all/kit/kit.pdb. Best match rsd_type:  ALA
core.io.pose_from_sfr.PoseFromSFRBuilder: [ WARNING ] discarding 2 atoms at position 223 in file /data/user/abgvg9/benchmark/files/all/kit/kit.pdb. Best match rsd_type:  SER
core.io.pose_from_sfr.PoseFromSFRBuilder: [ WARNING ] discarding 1 atoms at position 224 in file /data/user/abgvg9/benchmark/files/all/kit/kit.pdb. Best match rsd_type:  ILE
core.io.pose_from_sfr.PoseFromSFRBuilder: [ WARNING ] discarding 2 atoms at position 225 in file /data/user/abgvg9/benchmark/files/all/kit/kit.pdb. Best match rsd_type:  CYS
core.io.pose_from_sfr.PoseFromSFRBuilder: [ WARNING ] discarding 1 atoms at position 226 in file /data/user/abgvg9/benchmark/files/all/kit/kit.pdb. Best match rsd_type:  VAL
core.io.pose_from_sfr.PoseFromSFRBuilder: [ WARNING ] discarding 2 atoms at position 227 in file /data/user/abgvg9/benchmark/files/all/kit/kit.pdb. Best match rsd_type:  TYR
core.io.pose_from_sfr.PoseFromSFRBuilder: [ WARNING ] discarding 2 atoms at position 228 in file /data/user/abgvg9/benchmark/files/all/kit/kit.pdb. Best match rsd_type:  THR
core.io.pose_from_sfr.PoseFromSFRBuilder: [ WARNING ] discarding 1 atoms at position 229 in file /data/user/abgvg9/benchmark/files/all/kit/kit.pdb. Best match rsd_type:  PHE
core.io.pose_from_sfr.PoseFromSFRBuilder: [ WARNING ] discarding 1 atoms at position 230 in file /data/user/abgvg9/benchmark/files/all/kit/kit.pdb. Best match rsd_type:  GLU
core.io.pose_from_sfr.PoseFromSFRBuilder: [ WARNING ] discarding 2 atoms at position 231 in file /data/user/abgvg9/benchmark/files/all/kit/kit.pdb. Best match rsd_type:  SER
core.io.pose_from_sfr.PoseFromSFRBuilder: [ WARNING ] discarding 1 atoms at position 232 in file /data/user/abgvg9/benchmark/files/all/kit/kit.pdb. Best match rsd_type:  ASP
core.io.pose_from_sfr.PoseFromSFRBuilder: [ WARNING ] discarding 1 atoms at position 233 in file /data/user/abgvg9/benchmark/files/all/kit/kit.pdb. Best match rsd_type:  VAL
core.io.pose_from_sfr.PoseFromSFRBuilder: [ WARNING ] discarding 2 atoms at position 234 in file /data/user/abgvg9/benchmark/files/all/kit/kit.pdb. Best match rsd_type:  TRP
core.io.pose_from_sfr.PoseFromSFRBuilder: [ WARNING ] discarding 2 atoms at position 235 in file /data/user/abgvg9/benchmark/files/all/kit/kit.pdb. Best match rsd_type:  SER
core.io.pose_from_sfr.PoseFromSFRBuilder: [ WARNING ] discarding 2 atoms at position 236 in file /data/user/abgvg9/benchmark/files/all/kit/kit.pdb. Best match rsd_type:  TYR
core.io.pose_from_sfr.PoseFromSFRBuilder: [ WARNING ] discarding 1 atoms at position 237 in file /data/user/abgvg9/benchmark/files/all/kit/kit.pdb. Best match rsd_type:  GLY
core.io.pose_from_sfr.PoseFromSFRBuilder: [ WARNING ] discarding 1 atoms at position 238 in file /data/user/abgvg9/benchmark/files/all/kit/kit.pdb. Best match rsd_type:  ILE
core.io.pose_from_sfr.PoseFromSFRBuilder: [ WARNING ] discarding 1 atoms at position 239 in file /data/user/abgvg9/benchmark/files/all/kit/kit.pdb. Best match rsd_type:  PHE
core.io.pose_from_sfr.PoseFromSFRBuilder: [ WARNING ] discarding 1 atoms at position 240 in file /data/user/abgvg9/benchmark/files/all/kit/kit.pdb. Best match rsd_type:  LEU
core.io.pose_from_sfr.PoseFromSFRBuilder: [ WARNING ] discarding 2 atoms at position 241 in file /data/user/abgvg9/benchmark/files/all/kit/kit.pdb. Best match rsd_type:  TRP
core.io.pose_from_sfr.PoseFromSFRBuilder: [ WARNING ] discarding 1 atoms at position 242 in file /data/user/abgvg9/benchmark/files/all/kit/kit.pdb. Best match rsd_type:  GLU
core.io.pose_from_sfr.PoseFromSFRBuilder: [ WARNING ] discarding 1 atoms at position 243 in file /data/user/abgvg9/benchmark/files/all/kit/kit.pdb. Best match rsd_type:  LEU
core.io.pose_from_sfr.PoseFromSFRBuilder: [ WARNING ] discarding 1 atoms at position 244 in file /data/user/abgvg9/benchmark/files/all/kit/kit.pdb. Best match rsd_type:  PHE
core.io.pose_from_sfr.PoseFromSFRBuilder: [ WARNING ] discarding 2 atoms at position 245 in file /data/user/abgvg9/benchmark/files/all/kit/kit.pdb. Best match rsd_type:  SER
core.io.pose_from_sfr.PoseFromSFRBuilder: [ WARNING ] discarding 1 atoms at position 246 in file /data/user/abgvg9/benchmark/files/all/kit/kit.pdb. Best match rsd_type:  LEU
core.io.pose_from_sfr.PoseFromSFRBuilder: [ WARNING ] discarding 1 atoms at position 247 in file /data/user/abgvg9/benchmark/files/all/kit/kit.pdb. Best match rsd_type:  GLY
core.io.pose_from_sfr.PoseFromSFRBuilder: [ WARNING ] discarding 2 atoms at position 248 in file /data/user/abgvg9/benchmark/files/all/kit/kit.pdb. Best match rsd_type:  SER
core.io.pose_from_sfr.PoseFromSFRBuilder: [ WARNING ] discarding 2 atoms at position 249 in file /data/user/abgvg9/benchmark/files/all/kit/kit.pdb. Best match rsd_type:  SER
core.io.pose_from_sfr.PoseFromSFRBuilder: [ WARNING ] discarding 2 atoms at position 251 in file /data/user/abgvg9/benchmark/files/all/kit/kit.pdb. Best match rsd_type:  TYR
core.io.pose_from_sfr.PoseFromSFRBuilder: [ WARNING ] discarding 1 atoms at position 253 in file /data/user/abgvg9/benchmark/files/all/kit/kit.pdb. Best match rsd_type:  GLY
core.io.pose_from_sfr.PoseFromSFRBuilder: [ WARNING ] discarding 1 atoms at position 254 in file /data/user/abgvg9/benchmark/files/all/kit/kit.pdb. Best match rsd_type:  VAL
core.io.pose_from_sfr.PoseFromSFRBuilder: [ WARNING ] discarding 2 atoms at position 255 in file /data/user/abgvg9/benchmark/files/all/kit/kit.pdb. Best match rsd_type:  TYR
core.io.pose_from_sfr.PoseFromSFRBuilder: [ WARNING ] discarding 1 atoms at position 256 in file /data/user/abgvg9/benchmark/files/all/kit/kit.pdb. Best match rsd_type:  MET
core.io.pose_from_sfr.PoseFromSFRBuilder: [ WARNING ] discarding 2 atoms at position 258 in file /data/user/abgvg9/benchmark/files/all/kit/kit.pdb. Best match rsd_type:  HIS
core.io.pose_from_sfr.PoseFromSFRBuilder: [ WARNING ] discarding 1 atoms at position 259 in file /data/user/abgvg9/benchmark/files/all/kit/kit.pdb. Best match rsd_type:  MET
core.io.pose_from_sfr.PoseFromSFRBuilder: [ WARNING ] discarding 1 atoms at position 260 in file /data/user/abgvg9/benchmark/files/all/kit/kit.pdb. Best match rsd_type:  MET
core.io.pose_from_sfr.PoseFromSFRBuilder: [ WARNING ] discarding 2 atoms at position 261 in file /data/user/abgvg9/benchmark/files/all/kit/kit.pdb. Best match rsd_type:  CYS
core.io.pose_from_sfr.PoseFromSFRBuilder: [ WARNING ] discarding 2 atoms at position 262 in file /data/user/abgvg9/benchmark/files/all/kit/kit.pdb. Best match rsd_type:  TRP
core.io.pose_from_sfr.PoseFromSFRBuilder: [ WARNING ] discarding 2 atoms at position 263 in file /data/user/abgvg9/benchmark/files/all/kit/kit.pdb. Best match rsd_type:  THR
core.io.pose_from_sfr.PoseFromSFRBuilder: [ WARNING ] discarding 1 atoms at position 264 in file /data/user/abgvg9/benchmark/files/all/kit/kit.pdb. Best match rsd_type:  PHE
core.io.pose_from_sfr.PoseFromSFRBuilder: [ WARNING ] discarding 4 atoms at position 265 in file /data/user/abgvg9/benchmark/files/all/kit/kit.pdb. Best match rsd_type:  LYS
core.io.pose_from_sfr.PoseFromSFRBuilder: [ WARNING ] discarding 1 atoms at position 266 in file /data/user/abgvg9/benchmark/files/all/kit/kit.pdb. Best match rsd_type:  ILE
core.io.pose_from_sfr.PoseFromSFRBuilder: [ WARNING ] discarding 1 atoms at position 267 in file /data/user/abgvg9/benchmark/files/all/kit/kit.pdb. Best match rsd_type:  VAL
core.io.pose_from_sfr.PoseFromSFRBuilder: [ WARNING ] discarding 1 atoms at position 268 in file /data/user/abgvg9/benchmark/files/all/kit/kit.pdb. Best match rsd_type:  ILE
core.io.pose_from_sfr.PoseFromSFRBuilder: [ WARNING ] discarding 1 atoms at position 269 in file /data/user/abgvg9/benchmark/files/all/kit/kit.pdb. Best match rsd_type:  GLU:CtermProteinFull
core.conformation.Conformation: [ WARNING ] missing heavyatom:  OXT on residue GLU:CtermProteinFull 269
LDS_app: Making LigandDiscoverySearch object
core.scoring.etable: Starting energy table calculation
core.scoring.etable: smooth_etable: changing atr/rep split to bottom of energy well
core.scoring.etable: smooth_etable: spline smoothing lj etables (maxdis = 6)
core.scoring.etable: smooth_etable: spline smoothing solvation etables (max_dis = 6)
core.scoring.etable: Finished calculating energy tables.
basic.io.database: Database file opened: scoring/score_functions/PairEPotential/pdb_pair_stats_fine
basic.io.database: Database file opened: scoring/score_functions/hbonds/ref2015_params/HBPoly1D.csv
basic.io.database: Database file opened: scoring/score_functions/hbonds/ref2015_params/HBFadeIntervals.csv
basic.io.database: Database file opened: scoring/score_functions/hbonds/ref2015_params/HBEval.csv
basic.io.database: Database file opened: scoring/score_functions/hbonds/ref2015_params/DonStrength.csv
basic.io.database: Database file opened: scoring/score_functions/hbonds/ref2015_params/AccStrength.csv
basic.io.database: Database file opened: scoring/score_functions/P_AA_pp/P_AA
basic.io.database: Database file opened: scoring/score_functions/P_AA_pp/P_AA_n
core.scoring.P_AA: shapovalov_lib::shap_p_aa_pp_smooth_level of 1( aka low_smooth ) got activated.
basic.io.database: Database file opened: scoring/score_functions/P_AA_pp/shapovalov/10deg/kappa131/a20.prop
basic.io.database: Database file opened: scoring/score_functions/omega/omega_ppdep.all.txt
basic.io.database: Database file opened: scoring/score_functions/omega/omega_ppdep.gly.txt
basic.io.database: Database file opened: scoring/score_functions/omega/omega_ppdep.pro.txt
basic.io.database: Database file opened: scoring/score_functions/omega/omega_ppdep.valile.txt
LDS_app: Running discovery for kit
protocols.ligand_docking.ligand_options.Protocol: Initializing options: 
protocols.ligand_docking.ligand_options.Protocol: allow_minimization_: 1
protocols.ligand_docking.ligand_options.Protocol: allow_repacking_: 1
protocols.ligand_docking.ligand_options.Protocol: all_residues_: 0
LigandDiscoverySearch.discover: Current anchor residue position: 185
LigandDiscoverySearch.create_protein_matrix_space_fill: binding_pocket_dimensions: 10,10,10
LigandDiscoverySearch.create_protein_matrix_space_fill: binding_pocket_dimensions: 4,5,1
LigandDiscoverySearch.create_protein_matrix_space_fill: Sub-region stats without placed region, bound by adjusted coordinates: x(29->37) y(24->34) z(23->25)
LigandDiscoverySearch.discover: Starting to iterate through all ligands
LigandDiscoverySearch.discover: On ligand +
basic.io.database: [ WARNING ] Unable to locate database file chemical/pdb_components/components.c.cif
basic.io.database: [ WARNING ] Unable to locate database file chemical/pdb_components/components.c.cif.gz
core.chemical.GlobalResidueTypeSet: [ WARNING ] Could not find: 'cry' in pdb components files! Skipping residue...
core.pack.task: Packer task: initialize from command line() 
core.pack.task: Packer task: initialize from command line() 
core.pack.task: Packer task: initialize from command line() 
protocols.moves.MonteCarlo: MonteCarlo:: last_accepted_score,lowest_score: -1075.24 -1075.24
basic.io.database: Database file opened: scoring/score_functions/elec_cp_reps.dat
core.scoring.elec.util: Read 40 countpair representative atoms
core.pack.dunbrack.RotamerLibrary: shapovalov_lib_fixes_enable option is true.
core.pack.dunbrack.RotamerLibrary: shapovalov_lib::shap_dun10_smooth_level of 1( aka lowest_smooth ) got activated.
core.pack.dunbrack.RotamerLibrary: Binary rotamer library selected: /scratch/abgvg9/rosetta_may_for_checkin/rosetta/database/rotamer/shapovalov/StpDwn_0-0-0/Dunbrack10.lib.bin
core.pack.dunbrack.RotamerLibrary: Using Dunbrack library binary file '/scratch/abgvg9/rosetta_may_for_checkin/rosetta/database/rotamer/shapovalov/StpDwn_0-0-0/Dunbrack10.lib.bin'.
core.pack.dunbrack.RotamerLibrary: Dunbrack 2010 library took 0.14 seconds to load from binary
protocols.motifs.Motif: Res1 name is LEU
protocols.motifs.Motif: atom1 name is NH2O
protocols.motifs.Motif: atom2 name is COO
protocols.motifs.Motif: atom3 name is ONH2
protocols.motifs.Motif: Res1 name is TYR
protocols.motifs.Motif: atom1 name is NH2O
protocols.motifs.Motif: atom2 name is COO
protocols.motifs.Motif: atom3 name is ONH2
protocols.motifs.Motif: Res1 name is ASP
protocols.motifs.Motif: atom1 name is aroC
protocols.motifs.Motif: atom2 name is aroC
protocols.motifs.Motif: atom3 name is COO
protocols.motifs.Motif: Res1 name is PHE
protocols.motifs.Motif: atom1 name is aroC
protocols.motifs.Motif: atom2 name is aroC
protocols.motifs.Motif: atom3 name is aroC
core.pack.task: Packer task: initialize from command line() 
core.pack.task: Packer task: initialize from command line() 
core.pack.task: Packer task: initialize from command line() 
protocols.moves.MonteCarlo: MonteCarlo:: last_accepted_score,lowest_score: -1075.45 -1075.45
protocols.motifs.Motif: Res1 name is LEU
protocols.motifs.Motif: atom1 name is NH2O
protocols.motifs.Motif: atom2 name is COO
protocols.motifs.Motif: atom3 name is ONH2
protocols.motifs.Motif: Res1 name is TYR
protocols.motifs.Motif: atom1 name is CH3
protocols.motifs.Motif: atom2 name is aroC
protocols.motifs.Motif: atom3 name is Ntrp
protocols.motifs.Motif: Res1 name is LEU
protocols.motifs.Motif: atom1 name is CH3
protocols.motifs.Motif: atom2 name is aroC
protocols.motifs.Motif: atom3 name is aroC
protocols.motifs.Motif: Res1 name is PHE
protocols.motifs.Motif: atom1 name is aroC
protocols.motifs.Motif: atom2 name is aroC
protocols.motifs.Motif: atom3 name is aroC
core.pack.task: Packer task: initialize from command line() 
core.pack.task: Packer task: initialize from command line() 
core.pack.task: Packer task: initialize from command line() 
protocols.moves.MonteCarlo: MonteCarlo:: last_accepted_score,lowest_score: -1077.31 -1077.31
protocols.motifs.Motif: Res1 name is LEU
protocols.motifs.Motif: atom1 name is aroC
protocols.motifs.Motif: atom2 name is aroC
protocols.motifs.Motif: atom3 name is aroC
protocols.motifs.Motif: Res1 name is TYR
protocols.motifs.Motif: atom1 name is NH2O
protocols.motifs.Motif: atom2 name is COO
protocols.motifs.Motif: atom3 name is ONH2
protocols.motifs.Motif: Res1 name is LEU
protocols.motifs.Motif: atom1 name is NH2O
protocols.motifs.Motif: atom2 name is COO
protocols.motifs.Motif: atom3 name is ONH2
protocols.motifs.Motif: Res1 name is PHE
protocols.motifs.Motif: atom1 name is CH3
protocols.motifs.Motif: atom2 name is aroC
protocols.motifs.Motif: atom3 name is aroC
core.pack.task: Packer task: initialize from command line() 
core.pack.task: Packer task: initialize from command line() 
core.pack.task: Packer task: initialize from command line() 
protocols.moves.MonteCarlo: MonteCarlo:: last_accepted_score,lowest_score: -1077.62 -1077.62
protocols.motifs.Motif: Res1 name is LEU
protocols.motifs.Motif: atom1 name is NH2O
protocols.motifs.Motif: atom2 name is COO
protocols.motifs.Motif: atom3 name is ONH2
protocols.motifs.Motif: Res1 name is TYR
protocols.motifs.Motif: atom1 name is NH2O
protocols.motifs.Motif: atom2 name is COO
protocols.motifs.Motif: atom3 name is ONH2
protocols.motifs.Motif: Res1 name is LEU
protocols.motifs.Motif: atom1 name is NH2O
protocols.motifs.Motif: atom2 name is COO
protocols.motifs.Motif: atom3 name is ONH2
protocols.motifs.Motif: Res1 name is PHE
protocols.motifs.Motif: atom1 name is CH3
protocols.motifs.Motif: atom2 name is aroC
protocols.motifs.Motif: atom3 name is aroC
core.pack.task: Packer task: initialize from command line() 
core.pack.task: Packer task: initialize from command line() 
core.pack.task: Packer task: initialize from command line() 
protocols.moves.MonteCarlo: MonteCarlo:: last_accepted_score,lowest_score: -1076.32 -1076.32
protocols.motifs.Motif: Res1 name is LEU
protocols.motifs.Motif: atom1 name is NH2O
protocols.motifs.Motif: atom2 name is COO
protocols.motifs.Motif: atom3 name is ONH2
protocols.motifs.Motif: Res1 name is TYR
protocols.motifs.Motif: atom1 name is NH2O
protocols.motifs.Motif: atom2 name is COO
protocols.motifs.Motif: atom3 name is ONH2
protocols.motifs.Motif: Res1 name is LEU
protocols.motifs.Motif: atom1 name is CH3
protocols.motifs.Motif: atom2 name is aroC
protocols.motifs.Motif: atom3 name is aroC
protocols.motifs.Motif: Res1 name is PHE
protocols.motifs.Motif: atom1 name is CH3
protocols.motifs.Motif: atom2 name is aroC
protocols.motifs.Motif: atom3 name is aroC
core.pack.task: Packer task: initialize from command line() 
core.pack.task: Packer task: initialize from command line() 
core.pack.task: Packer task: initialize from command line() 
protocols.moves.MonteCarlo: MonteCarlo:: last_accepted_score,lowest_score: -1076.47 -1076.47
protocols.motifs.Motif: Res1 name is LEU
protocols.motifs.Motif: atom1 name is Ntrp
protocols.motifs.Motif: atom2 name is COO
protocols.motifs.Motif: atom3 name is ONH2
protocols.motifs.Motif: Res1 name is TYR
protocols.motifs.Motif: atom1 name is CH3
protocols.motifs.Motif: atom2 name is aroC
protocols.motifs.Motif: atom3 name is aroC
protocols.motifs.Motif: Res1 name is LEU
protocols.motifs.Motif: atom1 name is NH2O
protocols.motifs.Motif: atom2 name is COO
protocols.motifs.Motif: atom3 name is ONH2
core.pack.task: Packer task: initialize from command line() 
core.pack.task: Packer task: initialize from command line() 
core.pack.task: Packer task: initialize from command line() 
protocols.moves.MonteCarlo: MonteCarlo:: last_accepted_score,lowest_score: -1077.73 -1078.35
protocols.motifs.Motif: Res1 name is LEU
protocols.motifs.Motif: atom1 name is aroC
protocols.motifs.Motif: atom2 name is aroC
protocols.motifs.Motif: atom3 name is aroC
protocols.motifs.Motif: Res1 name is TYR
protocols.motifs.Motif: atom1 name is NH2O
protocols.motifs.Motif: atom2 name is COO
protocols.motifs.Motif: atom3 name is ONH2
protocols.motifs.Motif: Res1 name is LEU
protocols.motifs.Motif: atom1 name is NH2O
protocols.motifs.Motif: atom2 name is COO
protocols.motifs.Motif: atom3 name is ONH2
protocols.motifs.Motif: Res1 name is PHE
protocols.motifs.Motif: atom1 name is CH3
protocols.motifs.Motif: atom2 name is aroC
protocols.motifs.Motif: atom3 name is aroC
core.pack.task: Packer task: initialize from command line() 
core.pack.task: Packer task: initialize from command line() 
core.pack.task: Packer task: initialize from command line() 
protocols.moves.MonteCarlo: MonteCarlo:: last_accepted_score,lowest_score: -1073.62 -1074.06
protocols.motifs.Motif: Res1 name is LEU
protocols.motifs.Motif: atom1 name is Ntrp
protocols.motifs.Motif: atom2 name is COO
protocols.motifs.Motif: atom3 name is ONH2
protocols.motifs.Motif: Res1 name is TYR
protocols.motifs.Motif: atom1 name is aroC
protocols.motifs.Motif: atom2 name is aroC
protocols.motifs.Motif: atom3 name is F
protocols.motifs.Motif: Res1 name is ASN
protocols.motifs.Motif: atom1 name is NH2O
protocols.motifs.Motif: atom2 name is COO
protocols.motifs.Motif: atom3 name is ONH2
protocols.motifs.Motif: Res1 name is LEU
protocols.motifs.Motif: atom1 name is aroC
protocols.motifs.Motif: atom2 name is aroC
protocols.motifs.Motif: atom3 name is Ntrp
protocols.motifs.Motif: Res1 name is PHE
protocols.motifs.Motif: atom1 name is Ntrp
protocols.motifs.Motif: atom2 name is COO
protocols.motifs.Motif: atom3 name is ONH2
core.pack.task: Packer task: initialize from command line() 
core.pack.task: Packer task: initialize from command line() 
core.pack.task: Packer task: initialize from command line() 
protocols.moves.MonteCarlo: MonteCarlo:: last_accepted_score,lowest_score: -1073.59 -1073.96
protocols.motifs.Motif: Res1 name is LEU
protocols.motifs.Motif: atom1 name is Ntrp
protocols.motifs.Motif: atom2 name is COO
protocols.motifs.Motif: atom3 name is ONH2
protocols.motifs.Motif: Res1 name is TYR
protocols.motifs.Motif: atom1 name is aroC
protocols.motifs.Motif: atom2 name is aroC
protocols.motifs.Motif: atom3 name is F
protocols.motifs.Motif: Res1 name is ASN
protocols.motifs.Motif: atom1 name is NH2O
protocols.motifs.Motif: atom2 name is COO
protocols.motifs.Motif: atom3 name is ONH2
protocols.motifs.Motif: Res1 name is LEU
protocols.motifs.Motif: atom1 name is aroC
protocols.motifs.Motif: atom2 name is aroC
protocols.motifs.Motif: atom3 name is Ntrp
protocols.motifs.Motif: Res1 name is PHE
protocols.motifs.Motif: atom1 name is Ntrp
protocols.motifs.Motif: atom2 name is COO
protocols.motifs.Motif: atom3 name is ONH2
core.pack.task: Packer task: initialize from command line() 
core.pack.task: Packer task: initialize from command line() 
core.pack.task: Packer task: initialize from command line() 
protocols.moves.MonteCarlo: MonteCarlo:: last_accepted_score,lowest_score: -1076.14 -1076.14
protocols.motifs.Motif: Res1 name is LEU
protocols.motifs.Motif: atom1 name is aroC
protocols.motifs.Motif: atom2 name is aroC
protocols.motifs.Motif: atom3 name is Ntrp
protocols.motifs.Motif: Res1 name is TYR
protocols.motifs.Motif: atom1 name is aroC
protocols.motifs.Motif: atom2 name is aroC
protocols.motifs.Motif: atom3 name is F
protocols.motifs.Motif: Res1 name is LEU
protocols.motifs.Motif: atom1 name is aroC
protocols.motifs.Motif: atom2 name is aroC
protocols.motifs.Motif: atom3 name is Ntrp
protocols.motifs.Motif: Res1 name is PHE
protocols.motifs.Motif: atom1 name is Ntrp
protocols.motifs.Motif: atom2 name is COO
protocols.motifs.Motif: atom3 name is ONH2
core.pack.task: Packer task: initialize from command line() 
core.pack.task: Packer task: initialize from command line() 
core.pack.task: Packer task: initialize from command line() 
protocols.moves.MonteCarlo: MonteCarlo:: last_accepted_score,lowest_score: -1073.06 -1073.28
protocols.motifs.Motif: Res1 name is LEU
protocols.motifs.Motif: atom1 name is Ntrp
protocols.motifs.Motif: atom2 name is COO
protocols.motifs.Motif: atom3 name is ONH2
protocols.motifs.Motif: Res1 name is TYR
protocols.motifs.Motif: atom1 name is aroC
protocols.motifs.Motif: atom2 name is aroC
protocols.motifs.Motif: atom3 name is F
protocols.motifs.Motif: Res1 name is LEU
protocols.motifs.Motif: atom1 name is aroC
protocols.motifs.Motif: atom2 name is aroC
protocols.motifs.Motif: atom3 name is aroC
protocols.motifs.Motif: Res1 name is PHE
protocols.motifs.Motif: atom1 name is Ntrp
protocols.motifs.Motif: atom2 name is COO
protocols.motifs.Motif: atom3 name is ONH2
core.pack.task: Packer task: initialize from command line() 
core.pack.task: Packer task: initialize from command line() 
core.pack.task: Packer task: initialize from command line() 
protocols.moves.MonteCarlo: MonteCarlo:: last_accepted_score,lowest_score: -1013.63 -1013.63
protocols.motifs.Motif: Res1 name is LEU
protocols.motifs.Motif: atom1 name is CH3
protocols.motifs.Motif: atom2 name is aroC
protocols.motifs.Motif: atom3 name is aroC
protocols.motifs.Motif: Res1 name is VAL
protocols.motifs.Motif: atom1 name is aroC
protocols.motifs.Motif: atom2 name is aroC
protocols.motifs.Motif: atom3 name is aroC
protocols.motifs.Motif: Res1 name is TYR
protocols.motifs.Motif: atom1 name is aroC
protocols.motifs.Motif: atom2 name is aroC
protocols.motifs.Motif: atom3 name is Ntrp
protocols.motifs.Motif: Res1 name is LEU
protocols.motifs.Motif: atom1 name is aroC
protocols.motifs.Motif: atom2 name is aroC
protocols.motifs.Motif: atom3 name is COO
protocols.motifs.Motif: Res1 name is PHE
protocols.motifs.Motif: atom1 name is CH3
protocols.motifs.Motif: atom2 name is aroC
protocols.motifs.Motif: atom3 name is aroC
core.pack.task: Packer task: initialize from command line() 
core.pack.task: Packer task: initialize from command line() 
core.pack.task: Packer task: initialize from command line() 
protocols.moves.MonteCarlo: MonteCarlo:: last_accepted_score,lowest_score: -1077.6 -1077.93
protocols.motifs.Motif: Res1 name is LEU
protocols.motifs.Motif: atom1 name is aroC
protocols.motifs.Motif: atom2 name is aroC
protocols.motifs.Motif: atom3 name is Ntrp
protocols.motifs.Motif: Res1 name is TYR
protocols.motifs.Motif: atom1 name is Ntrp
protocols.motifs.Motif: atom2 name is COO
protocols.motifs.Motif: atom3 name is ONH2
protocols.motifs.Motif: Res1 name is LEU
protocols.motifs.Motif: atom1 name is aroC
protocols.motifs.Motif: atom2 name is aroC
protocols.motifs.Motif: atom3 name is aroC
protocols.motifs.Motif: Res1 name is PHE
protocols.motifs.Motif: atom1 name is aroC
protocols.motifs.Motif: atom2 name is aroC
protocols.motifs.Motif: atom3 name is aroC
core.pack.task: Packer task: initialize from command line() 
core.pack.task: Packer task: initialize from command line() 
core.pack.task: Packer task: initialize from command line() 
protocols.moves.MonteCarlo: MonteCarlo:: last_accepted_score,lowest_score: -1074.61 -1074.84
protocols.motifs.Motif: Res1 name is LEU
protocols.motifs.Motif: atom1 name is aroC
protocols.motifs.Motif: atom2 name is aroC
protocols.motifs.Motif: atom3 name is aroC
protocols.motifs.Motif: Res1 name is TYR
protocols.motifs.Motif: atom1 name is aroC
protocols.motifs.Motif: atom2 name is aroC
protocols.motifs.Motif: atom3 name is F
protocols.motifs.Motif: Res1 name is ASP
protocols.motifs.Motif: atom1 name is aroC
protocols.motifs.Motif: atom2 name is aroC
protocols.motifs.Motif: atom3 name is Ntrp
protocols.motifs.Motif: Res1 name is ASN
protocols.motifs.Motif: atom1 name is NH2O
protocols.motifs.Motif: atom2 name is COO
protocols.motifs.Motif: atom3 name is ONH2
protocols.motifs.Motif: Res1 name is PHE
protocols.motifs.Motif: atom1 name is Ntrp
protocols.motifs.Motif: atom2 name is COO
protocols.motifs.Motif: atom3 name is ONH2
core.pack.task: Packer task: initialize from command line() 
core.pack.task: Packer task: initialize from command line() 
core.pack.task: Packer task: initialize from command line() 
protocols.moves.MonteCarlo: MonteCarlo:: last_accepted_score,lowest_score: -1071.57 -1071.57
protocols.motifs.Motif: Res1 name is LEU
protocols.motifs.Motif: atom1 name is Ntrp
protocols.motifs.Motif: atom2 name is COO
protocols.motifs.Motif: atom3 name is ONH2
protocols.motifs.Motif: Res1 name is TYR
protocols.motifs.Motif: atom1 name is aroC
protocols.motifs.Motif: atom2 name is aroC
protocols.motifs.Motif: atom3 name is F
core.pack.task: Packer task: initialize from command line() 
core.pack.task: Packer task: initialize from command line() 
core.pack.task: Packer task: initialize from command line() 
protocols.moves.MonteCarlo: MonteCarlo:: last_accepted_score,lowest_score: -1076.73 -1077.19
protocols.motifs.Motif: Res1 name is LEU
protocols.motifs.Motif: atom1 name is CH3
protocols.motifs.Motif: atom2 name is aroC
protocols.motifs.Motif: atom3 name is aroC
protocols.motifs.Motif: Res1 name is VAL
protocols.motifs.Motif: atom1 name is aroC
protocols.motifs.Motif: atom2 name is aroC
protocols.motifs.Motif: atom3 name is F
protocols.motifs.Motif: Res1 name is TYR
protocols.motifs.Motif: atom1 name is Ntrp
protocols.motifs.Motif: atom2 name is COO
protocols.motifs.Motif: atom3 name is ONH2
protocols.motifs.Motif: Res1 name is LEU
protocols.motifs.Motif: atom1 name is aroC
protocols.motifs.Motif: atom2 name is aroC
protocols.motifs.Motif: atom3 name is Ntrp
protocols.motifs.Motif: Res1 name is PHE
protocols.motifs.Motif: atom1 name is aroC
protocols.motifs.Motif: atom2 name is aroC
protocols.motifs.Motif: atom3 name is aroC
core.pack.task: Packer task: initialize from command line() 
core.pack.task: Packer task: initialize from command line() 
core.pack.task: Packer task: initialize from command line() 
protocols.moves.MonteCarlo: MonteCarlo:: last_accepted_score,lowest_score: -1075.78 -1075.78
protocols.motifs.Motif: Res1 name is LEU
protocols.motifs.Motif: atom1 name is CH3
protocols.motifs.Motif: atom2 name is aroC
protocols.motifs.Motif: atom3 name is aroC
protocols.motifs.Motif: Res1 name is TYR
protocols.motifs.Motif: atom1 name is Ntrp
protocols.motifs.Motif: atom2 name is COO
protocols.motifs.Motif: atom3 name is ONH2
protocols.motifs.Motif: Res1 name is LEU
protocols.motifs.Motif: atom1 name is aroC
protocols.motifs.Motif: atom2 name is aroC
protocols.motifs.Motif: atom3 name is aroC
core.pack.task: Packer task: initialize from command line() 
core.pack.task: Packer task: initialize from command line() 
core.pack.task: Packer task: initialize from command line() 
protocols.moves.MonteCarlo: MonteCarlo:: last_accepted_score,lowest_score: -1070.39 -1070.95
protocols.motifs.Motif: Res1 name is LEU
protocols.motifs.Motif: atom1 name is aroC
protocols.motifs.Motif: atom2 name is aroC
protocols.motifs.Motif: atom3 name is F
core.pack.task: Packer task: initialize from command line() 
core.pack.task: Packer task: initialize from command line() 
core.pack.task: Packer task: initialize from command line() 
protocols.moves.MonteCarlo: MonteCarlo:: last_accepted_score,lowest_score: -1081.7 -1081.7
protocols.motifs.Motif: Res1 name is LEU
protocols.motifs.Motif: atom1 name is aroC
protocols.motifs.Motif: atom2 name is COO
protocols.motifs.Motif: atom3 name is ONH2
protocols.motifs.Motif: Res1 name is VAL
protocols.motifs.Motif: atom1 name is aroC
protocols.motifs.Motif: atom2 name is aroC
protocols.motifs.Motif: atom3 name is F
protocols.motifs.Motif: Res1 name is ALA
protocols.motifs.Motif: atom1 name is Ntrp
protocols.motifs.Motif: atom2 name is COO
protocols.motifs.Motif: atom3 name is ONH2
protocols.motifs.Motif: Res1 name is TYR
protocols.motifs.Motif: atom1 name is Ntrp
protocols.motifs.Motif: atom2 name is COO
protocols.motifs.Motif: atom3 name is ONH2
protocols.motifs.Motif: Res1 name is LEU
protocols.motifs.Motif: atom1 name is aroC
protocols.motifs.Motif: atom2 name is aroC
protocols.motifs.Motif: atom3 name is COO
protocols.motifs.Motif: Res1 name is CYS
protocols.motifs.Motif: atom1 name is aroC
protocols.motifs.Motif: atom2 name is aroC
protocols.motifs.Motif: atom3 name is aroC
protocols.motifs.Motif: Res1 name is PHE
protocols.motifs.Motif: atom1 name is aroC
protocols.motifs.Motif: atom2 name is aroC
protocols.motifs.Motif: atom3 name is F
core.pack.task: Packer task: initialize from command line() 
core.pack.task: Packer task: initialize from command line() 
core.pack.task: Packer task: initialize from command line() 
protocols.moves.MonteCarlo: MonteCarlo:: last_accepted_score,lowest_score: -1073.44 -1073.44
protocols.motifs.Motif: Res1 name is LEU
protocols.motifs.Motif: atom1 name is Ntrp
protocols.motifs.Motif: atom2 name is COO
protocols.motifs.Motif: atom3 name is ONH2
protocols.motifs.Motif: Res1 name is TYR
protocols.motifs.Motif: atom1 name is aroC
protocols.motifs.Motif: atom2 name is aroC
protocols.motifs.Motif: atom3 name is F
protocols.motifs.Motif: Res1 name is LEU
protocols.motifs.Motif: atom1 name is aroC
protocols.motifs.Motif: atom2 name is aroC
protocols.motifs.Motif: atom3 name is Ntrp
protocols.motifs.Motif: Res1 name is PHE
protocols.motifs.Motif: atom1 name is Ntrp
protocols.motifs.Motif: atom2 name is COO
protocols.motifs.Motif: atom3 name is ONH2
core.pack.task: Packer task: initialize from command line() 
core.pack.task: Packer task: initialize from command line() 
core.pack.task: Packer task: initialize from command line() 
protocols.moves.MonteCarlo: MonteCarlo:: last_accepted_score,lowest_score: -1073.6 -1074.05
protocols.motifs.Motif: Res1 name is LEU
protocols.motifs.Motif: atom1 name is Ntrp
protocols.motifs.Motif: atom2 name is COO
protocols.motifs.Motif: atom3 name is ONH2
protocols.motifs.Motif: Res1 name is TYR
protocols.motifs.Motif: atom1 name is aroC
protocols.motifs.Motif: atom2 name is aroC
protocols.motifs.Motif: atom3 name is F
protocols.motifs.Motif: Res1 name is LEU
protocols.motifs.Motif: atom1 name is aroC
protocols.motifs.Motif: atom2 name is aroC
protocols.motifs.Motif: atom3 name is aroC
protocols.motifs.Motif: Res1 name is PHE
protocols.motifs.Motif: atom1 name is Ntrp
protocols.motifs.Motif: atom2 name is COO
protocols.motifs.Motif: atom3 name is ONH2
core.pack.task: Packer task: initialize from command line() 
core.pack.task: Packer task: initialize from command line() 
core.pack.task: Packer task: initialize from command line() 
protocols.moves.MonteCarlo: MonteCarlo:: last_accepted_score,lowest_score: -1076.02 -1076.02
protocols.motifs.Motif: Res1 name is LYS
protocols.motifs.Motif: atom1 name is aroC
protocols.motifs.Motif: atom2 name is aroC
protocols.motifs.Motif: atom3 name is Ntrp
protocols.motifs.Motif: Res1 name is LEU
protocols.motifs.Motif: atom1 name is CH3
protocols.motifs.Motif: atom2 name is aroC
protocols.motifs.Motif: atom3 name is aroC
protocols.motifs.Motif: Res1 name is TYR
protocols.motifs.Motif: atom1 name is Ntrp
protocols.motifs.Motif: atom2 name is COO
protocols.motifs.Motif: atom3 name is ONH2
core.pack.task: Packer task: initialize from command line() 
core.pack.task: Packer task: initialize from command line() 
core.pack.task: Packer task: initialize from command line() 
protocols.moves.MonteCarlo: MonteCarlo:: last_accepted_score,lowest_score: -1078.34 -1078.34
protocols.motifs.Motif: Res1 name is LEU
protocols.motifs.Motif: atom1 name is CH3
protocols.motifs.Motif: atom2 name is aroC
protocols.motifs.Motif: atom3 name is aroC
protocols.motifs.Motif: Res1 name is VAL
protocols.motifs.Motif: atom1 name is aroC
protocols.motifs.Motif: atom2 name is aroC
protocols.motifs.Motif: atom3 name is F
protocols.motifs.Motif: Res1 name is TYR
protocols.motifs.Motif: atom1 name is Ntrp
protocols.motifs.Motif: atom2 name is COO
protocols.motifs.Motif: atom3 name is ONH2
protocols.motifs.Motif: Res1 name is LEU
protocols.motifs.Motif: atom1 name is aroC
protocols.motifs.Motif: atom2 name is aroC
protocols.motifs.Motif: atom3 name is Ntrp
protocols.motifs.Motif: Res1 name is PHE
protocols.motifs.Motif: atom1 name is aroC
protocols.motifs.Motif: atom2 name is aroC
protocols.motifs.Motif: atom3 name is aroC
core.pack.task: Packer task: initialize from command line() 
core.pack.task: Packer task: initialize from command line() 
core.pack.task: Packer task: initialize from command line() 
protocols.moves.MonteCarlo: MonteCarlo:: last_accepted_score,lowest_score: -1077.41 -1077.41
protocols.motifs.Motif: Res1 name is LEU
protocols.motifs.Motif: atom1 name is Ntrp
protocols.motifs.Motif: atom2 name is COO
protocols.motifs.Motif: atom3 name is ONH2
protocols.motifs.Motif: Res1 name is VAL
protocols.motifs.Motif: atom1 name is aroC
protocols.motifs.Motif: atom2 name is aroC
protocols.motifs.Motif: atom3 name is Ntrp
protocols.motifs.Motif: Res1 name is TYR
protocols.motifs.Motif: atom1 name is NH2O
protocols.motifs.Motif: atom2 name is COO
protocols.motifs.Motif: atom3 name is ONH2
protocols.motifs.Motif: Res1 name is LEU
protocols.motifs.Motif: atom1 name is aroC
protocols.motifs.Motif: atom2 name is aroC
protocols.motifs.Motif: atom3 name is aroC
protocols.motifs.Motif: Res1 name is PHE
protocols.motifs.Motif: atom1 name is Ntrp
protocols.motifs.Motif: atom2 name is COO
protocols.motifs.Motif: atom3 name is ONH2
core.pack.task: Packer task: initialize from command line() 
core.pack.task: Packer task: initialize from command line() 
core.pack.task: Packer task: initialize from command line() 
protocols.moves.MonteCarlo: MonteCarlo:: last_accepted_score,lowest_score: -1074.93 -1074.93
protocols.motifs.Motif: Res1 name is LYS
protocols.motifs.Motif: atom1 name is Ntrp
protocols.motifs.Motif: atom2 name is COO
protocols.motifs.Motif: atom3 name is ONH2
protocols.motifs.Motif: Res1 name is LEU
protocols.motifs.Motif: atom1 name is aroC
protocols.motifs.Motif: atom2 name is aroC
protocols.motifs.Motif: atom3 name is COO
protocols.motifs.Motif: Res1 name is TYR
protocols.motifs.Motif: atom1 name is Ntrp
protocols.motifs.Motif: atom2 name is COO
protocols.motifs.Motif: atom3 name is ONH2
protocols.motifs.Motif: Res1 name is LEU
protocols.motifs.Motif: atom1 name is aroC
protocols.motifs.Motif: atom2 name is aroC
protocols.motifs.Motif: atom3 name is F
core.pack.task: Packer task: initialize from command line() 
core.pack.task: Packer task: initialize from command line() 
core.pack.task: Packer task: initialize from command line() 
protocols.moves.MonteCarlo: MonteCarlo:: last_accepted_score,lowest_score: -1071.34 -1071.36
protocols.motifs.Motif: Res1 name is LYS
protocols.motifs.Motif: atom1 name is Ntrp
protocols.motifs.Motif: atom2 name is COO
protocols.motifs.Motif: atom3 name is ONH2
protocols.motifs.Motif: Res1 name is LEU
protocols.motifs.Motif: atom1 name is Ntrp
protocols.motifs.Motif: atom2 name is COO
protocols.motifs.Motif: atom3 name is ONH2
protocols.motifs.Motif: Res1 name is TYR
protocols.motifs.Motif: atom1 name is Ntrp
protocols.motifs.Motif: atom2 name is COO
protocols.motifs.Motif: atom3 name is ONH2
core.pack.task: Packer task: initialize from command line() 
core.pack.task: Packer task: initialize from command line() 
core.pack.task: Packer task: initialize from command line() 
protocols.moves.MonteCarlo: MonteCarlo:: last_accepted_score,lowest_score: -1072.62 -1072.62
protocols.motifs.Motif: Res1 name is LEU
protocols.motifs.Motif: atom1 name is aroC
protocols.motifs.Motif: atom2 name is aroC
protocols.motifs.Motif: atom3 name is aroC
protocols.motifs.Motif: Res1 name is TYR
protocols.motifs.Motif: atom1 name is aroC
protocols.motifs.Motif: atom2 name is aroC
protocols.motifs.Motif: atom3 name is F
protocols.motifs.Motif: Res1 name is ASN
protocols.motifs.Motif: atom1 name is NH2O
protocols.motifs.Motif: atom2 name is COO
protocols.motifs.Motif: atom3 name is ONH2
protocols.motifs.Motif: Res1 name is PHE
protocols.motifs.Motif: atom1 name is Ntrp
protocols.motifs.Motif: atom2 name is COO
protocols.motifs.Motif: atom3 name is ONH2
core.pack.task: Packer task: initialize from command line() 
core.pack.task: Packer task: initialize from command line() 
core.pack.task: Packer task: initialize from command line() 
protocols.moves.MonteCarlo: MonteCarlo:: last_accepted_score,lowest_score: -1070.49 -1070.49
protocols.motifs.Motif: Res1 name is ASP
protocols.motifs.Motif: atom1 name is aroC
protocols.motifs.Motif: atom2 name is aroC
protocols.motifs.Motif: atom3 name is aroC
protocols.motifs.Motif: Res1 name is PHE
protocols.motifs.Motif: atom1 name is aroC
protocols.motifs.Motif: atom2 name is aroC
protocols.motifs.Motif: atom3 name is aroC
core.pack.task: Packer task: initialize from command line() 
core.pack.task: Packer task: initialize from command line() 
core.pack.task: Packer task: initialize from command line() 
protocols.moves.MonteCarlo: MonteCarlo:: last_accepted_score,lowest_score: -1073.03 -1074.29
protocols.motifs.Motif: Res1 name is LYS
protocols.motifs.Motif: atom1 name is CH3
protocols.motifs.Motif: atom2 name is aroC
protocols.motifs.Motif: atom3 name is aroC
protocols.motifs.Motif: Res1 name is LEU
protocols.motifs.Motif: atom1 name is aroC
protocols.motifs.Motif: atom2 name is aroC
protocols.motifs.Motif: atom3 name is aroC
protocols.motifs.Motif: Res1 name is TYR
protocols.motifs.Motif: atom1 name is aroC
protocols.motifs.Motif: atom2 name is aroC
protocols.motifs.Motif: atom3 name is F
protocols.motifs.Motif: Res1 name is GLU
protocols.motifs.Motif: atom1 name is CH3
protocols.motifs.Motif: atom2 name is aroC
protocols.motifs.Motif: atom3 name is aroC
protocols.motifs.Motif: Res1 name is LEU
protocols.motifs.Motif: atom1 name is aroC
protocols.motifs.Motif: atom2 name is aroC
protocols.motifs.Motif: atom3 name is aroC
core.pack.task: Packer task: initialize from command line() 
core.pack.task: Packer task: initialize from command line() 
core.pack.task: Packer task: initialize from command line() 
protocols.moves.MonteCarlo: MonteCarlo:: last_accepted_score,lowest_score: -1072.66 -1072.66
protocols.motifs.Motif: Res1 name is LEU
protocols.motifs.Motif: atom1 name is aroC
protocols.motifs.Motif: atom2 name is aroC
protocols.motifs.Motif: atom3 name is F
protocols.motifs.Motif: Res1 name is ASP
protocols.motifs.Motif: atom1 name is Ntrp
protocols.motifs.Motif: atom2 name is COO
protocols.motifs.Motif: atom3 name is ONH2
protocols.motifs.Motif: Res1 name is ASN
protocols.motifs.Motif: atom1 name is Ntrp
protocols.motifs.Motif: atom2 name is COO
protocols.motifs.Motif: atom3 name is ONH2
core.pack.task: Packer task: initialize from command line() 
core.pack.task: Packer task: initialize from command line() 
core.pack.task: Packer task: initialize from command line() 
protocols.moves.MonteCarlo: MonteCarlo:: last_accepted_score,lowest_score: -1080.47 -1080.47
protocols.motifs.Motif: Res1 name is LEU
protocols.motifs.Motif: atom1 name is Ntrp
protocols.motifs.Motif: atom2 name is COO
protocols.motifs.Motif: atom3 name is ONH2
protocols.motifs.Motif: Res1 name is VAL
protocols.motifs.Motif: atom1 name is aroC
protocols.motifs.Motif: atom2 name is aroC
protocols.motifs.Motif: atom3 name is Ntrp
protocols.motifs.Motif: Res1 name is ALA
protocols.motifs.Motif: atom1 name is aroC
protocols.motifs.Motif: atom2 name is aroC
protocols.motifs.Motif: atom3 name is aroC
protocols.motifs.Motif: Res1 name is VAL
protocols.motifs.Motif: atom1 name is aroC
protocols.motifs.Motif: atom2 name is aroC
protocols.motifs.Motif: atom3 name is F
protocols.motifs.Motif: Res1 name is TYR
protocols.motifs.Motif: atom1 name is CH3
protocols.motifs.Motif: atom2 name is aroC
protocols.motifs.Motif: atom3 name is aroC
protocols.motifs.Motif: Res1 name is LEU
protocols.motifs.Motif: atom1 name is aroC
protocols.motifs.Motif: atom2 name is aroC
protocols.motifs.Motif: atom3 name is COO
protocols.motifs.Motif: Res1 name is CYS
protocols.motifs.Motif: atom1 name is aroC
protocols.motifs.Motif: atom2 name is aroC
protocols.motifs.Motif: atom3 name is Ntrp
protocols.motifs.Motif: Res1 name is PHE
protocols.motifs.Motif: atom1 name is Ntrp
protocols.motifs.Motif: atom2 name is COO
protocols.motifs.Motif: atom3 name is ONH2
core.pack.task: Packer task: initialize from command line() 
core.pack.task: Packer task: initialize from command line() 
core.pack.task: Packer task: initialize from command line() 
protocols.moves.MonteCarlo: MonteCarlo:: last_accepted_score,lowest_score: -1073.61 -1073.81
protocols.motifs.Motif: Res1 name is LEU
protocols.motifs.Motif: atom1 name is aroC
protocols.motifs.Motif: atom2 name is aroC
protocols.motifs.Motif: atom3 name is F
protocols.motifs.Motif: Res1 name is ASP
protocols.motifs.Motif: atom1 name is Ntrp
protocols.motifs.Motif: atom2 name is COO
protocols.motifs.Motif: atom3 name is ONH2
protocols.motifs.Motif: Res1 name is ASN
protocols.motifs.Motif: atom1 name is CH3
protocols.motifs.Motif: atom2 name is aroC
protocols.motifs.Motif: atom3 name is Ntrp
protocols.motifs.Motif: Res1 name is MET
protocols.motifs.Motif: atom1 name is NH2O
protocols.motifs.Motif: atom2 name is COO
protocols.motifs.Motif: atom3 name is ONH2
core.pack.task: Packer task: initialize from command line() 
core.pack.task: Packer task: initialize from command line() 
core.pack.task: Packer task: initialize from command line() 
protocols.moves.MonteCarlo: MonteCarlo:: last_accepted_score,lowest_score: -1073.38 -1073.39
protocols.motifs.Motif: Res1 name is LEU
protocols.motifs.Motif: atom1 name is Ntrp
protocols.motifs.Motif: atom2 name is COO
protocols.motifs.Motif: atom3 name is ONH2
protocols.motifs.Motif: Res1 name is TYR
protocols.motifs.Motif: atom1 name is aroC
protocols.motifs.Motif: atom2 name is aroC
protocols.motifs.Motif: atom3 name is F
protocols.motifs.Motif: Res1 name is LEU
protocols.motifs.Motif: atom1 name is aroC
protocols.motifs.Motif: atom2 name is aroC
protocols.motifs.Motif: atom3 name is Ntrp
protocols.motifs.Motif: Res1 name is PHE
protocols.motifs.Motif: atom1 name is Ntrp
protocols.motifs.Motif: atom2 name is COO
protocols.motifs.Motif: atom3 name is ONH2
core.pack.task: Packer task: initialize from command line() 
core.pack.task: Packer task: initialize from command line() 
core.pack.task: Packer task: initialize from command line() 
protocols.moves.MonteCarlo: MonteCarlo:: last_accepted_score,lowest_score: -1077.08 -1077.08
protocols.motifs.Motif: Res1 name is LEU
protocols.motifs.Motif: atom1 name is aroC
protocols.motifs.Motif: atom2 name is aroC
protocols.motifs.Motif: atom3 name is Ntrp
protocols.motifs.Motif: Res1 name is TYR
protocols.motifs.Motif: atom1 name is aroC
protocols.motifs.Motif: atom2 name is aroC
protocols.motifs.Motif: atom3 name is F
protocols.motifs.Motif: Res1 name is LEU
protocols.motifs.Motif: atom1 name is aroC
protocols.motifs.Motif: atom2 name is aroC
protocols.motifs.Motif: atom3 name is Ntrp
protocols.motifs.Motif: Res1 name is PHE
protocols.motifs.Motif: atom1 name is Ntrp
protocols.motifs.Motif: atom2 name is COO
protocols.motifs.Motif: atom3 name is ONH2
core.pack.task: Packer task: initialize from command line() 
core.pack.task: Packer task: initialize from command line() 
core.pack.task: Packer task: initialize from command line() 
protocols.moves.MonteCarlo: MonteCarlo:: last_accepted_score,lowest_score: -1069.83 -1070.79
protocols.motifs.Motif: Res1 name is LYS
protocols.motifs.Motif: atom1 name is aroC
protocols.motifs.Motif: atom2 name is aroC
protocols.motifs.Motif: atom3 name is Ntrp
protocols.motifs.Motif: Res1 name is LEU
protocols.motifs.Motif: atom1 name is aroC
protocols.motifs.Motif: atom2 name is aroC
protocols.motifs.Motif: atom3 name is aroC
core.pack.task: Packer task: initialize from command line() 
core.pack.task: Packer task: initialize from command line() 
core.pack.task: Packer task: initialize from command line() 
protocols.moves.MonteCarlo: MonteCarlo:: last_accepted_score,lowest_score: -1074.58 -1074.58
protocols.motifs.Motif: Res1 name is LEU
protocols.motifs.Motif: atom1 name is CH3
protocols.motifs.Motif: atom2 name is aroC
protocols.motifs.Motif: atom3 name is aroC
protocols.motifs.Motif: Res1 name is TYR
protocols.motifs.Motif: atom1 name is Ntrp
protocols.motifs.Motif: atom2 name is COO
protocols.motifs.Motif: atom3 name is ONH2
protocols.motifs.Motif: Res1 name is LEU
protocols.motifs.Motif: atom1 name is aroC
protocols.motifs.Motif: atom2 name is aroC
protocols.motifs.Motif: atom3 name is aroC
core.pack.task: Packer task: initialize from command line() 
core.pack.task: Packer task: initialize from command line() 
core.pack.task: Packer task: initialize from command line() 
protocols.moves.MonteCarlo: MonteCarlo:: last_accepted_score,lowest_score: -1070.16 -1070.59
protocols.motifs.Motif: Res1 name is LEU
protocols.motifs.Motif: atom1 name is aroC
protocols.motifs.Motif: atom2 name is aroC
protocols.motifs.Motif: atom3 name is aroC
protocols.motifs.Motif: Res1 name is ASP
protocols.motifs.Motif: atom1 name is Ntrp
protocols.motifs.Motif: atom2 name is COO
protocols.motifs.Motif: atom3 name is ONH2
protocols.motifs.Motif: Res1 name is LEU
protocols.motifs.Motif: atom1 name is aroC
protocols.motifs.Motif: atom2 name is aroC
protocols.motifs.Motif: atom3 name is Ntrp
protocols.motifs.Motif: Res1 name is PHE
protocols.motifs.Motif: atom1 name is aroC
protocols.motifs.Motif: atom2 name is aroC
protocols.motifs.Motif: atom3 name is Ntrp
core.pack.task: Packer task: initialize from command line() 
core.pack.task: Packer task: initialize from command line() 
core.pack.task: Packer task: initialize from command line() 
protocols.moves.MonteCarlo: MonteCarlo:: last_accepted_score,lowest_score: -1074.19 -1074.19
protocols.motifs.Motif: Res1 name is LYS
protocols.motifs.Motif: atom1 name is aroC
protocols.motifs.Motif: atom2 name is aroC
protocols.motifs.Motif: atom3 name is Ntrp
protocols.motifs.Motif: Res1 name is LEU
protocols.motifs.Motif: atom1 name is aroC
protocols.motifs.Motif: atom2 name is aroC
protocols.motifs.Motif: atom3 name is aroC
protocols.motifs.Motif: Res1 name is TYR
protocols.motifs.Motif: atom1 name is Ntrp
protocols.motifs.Motif: atom2 name is COO
protocols.motifs.Motif: atom3 name is ONH2
protocols.motifs.Motif: Res1 name is LEU
protocols.motifs.Motif: atom1 name is aroC
protocols.motifs.Motif: atom2 name is aroC
protocols.motifs.Motif: atom3 name is aroC
core.pack.task: Packer task: initialize from command line() 
core.pack.task: Packer task: initialize from command line() 
core.pack.task: Packer task: initialize from command line() 
protocols.moves.MonteCarlo: MonteCarlo:: last_accepted_score,lowest_score: -1073.72 -1073.72
protocols.motifs.Motif: Res1 name is LYS
protocols.motifs.Motif: atom1 name is CH3
protocols.motifs.Motif: atom2 name is aroC
protocols.motifs.Motif: atom3 name is aroC
protocols.motifs.Motif: Res1 name is LEU
protocols.motifs.Motif: atom1 name is aroC
protocols.motifs.Motif: atom2 name is aroC
protocols.motifs.Motif: atom3 name is COO
protocols.motifs.Motif: Res1 name is TYR
protocols.motifs.Motif: atom1 name is aroC
protocols.motifs.Motif: atom2 name is aroC
protocols.motifs.Motif: atom3 name is F
protocols.motifs.Motif: Res1 name is LEU
protocols.motifs.Motif: atom1 name is aroC
protocols.motifs.Motif: atom2 name is aroC
protocols.motifs.Motif: atom3 name is aroC
core.pack.task: Packer task: initialize from command line() 
core.pack.task: Packer task: initialize from command line() 
core.pack.task: Packer task: initialize from command line() 
protocols.moves.MonteCarlo: MonteCarlo:: last_accepted_score,lowest_score: -1072.88 -1072.88
protocols.motifs.Motif: Res1 name is LEU
protocols.motifs.Motif: atom1 name is aroC
protocols.motifs.Motif: atom2 name is aroC
protocols.motifs.Motif: atom3 name is aroC
protocols.motifs.Motif: Res1 name is TYR
protocols.motifs.Motif: atom1 name is aroC
protocols.motifs.Motif: atom2 name is aroC
protocols.motifs.Motif: atom3 name is F
protocols.motifs.Motif: Res1 name is LEU
protocols.motifs.Motif: atom1 name is aroC
protocols.motifs.Motif: atom2 name is aroC
protocols.motifs.Motif: atom3 name is aroC
core.pack.task: Packer task: initialize from command line() 
core.pack.task: Packer task: initialize from command line() 
core.pack.task: Packer task: initialize from command line() 
protocols.moves.MonteCarlo: MonteCarlo:: last_accepted_score,lowest_score: -1080.67 -1080.67
protocols.motifs.Motif: Res1 name is LEU
protocols.motifs.Motif: atom1 name is Ntrp
protocols.motifs.Motif: atom2 name is COO
protocols.motifs.Motif: atom3 name is ONH2
protocols.motifs.Motif: Res1 name is VAL
protocols.motifs.Motif: atom1 name is aroC
protocols.motifs.Motif: atom2 name is aroC
protocols.motifs.Motif: atom3 name is Ntrp
protocols.motifs.Motif: Res1 name is ALA
protocols.motifs.Motif: atom1 name is aroC
protocols.motifs.Motif: atom2 name is aroC
protocols.motifs.Motif: atom3 name is aroC
protocols.motifs.Motif: Res1 name is VAL
protocols.motifs.Motif: atom1 name is aroC
protocols.motifs.Motif: atom2 name is aroC
protocols.motifs.Motif: atom3 name is F
protocols.motifs.Motif: Res1 name is TYR
protocols.motifs.Motif: atom1 name is CH3
protocols.motifs.Motif: atom2 name is aroC
protocols.motifs.Motif: atom3 name is aroC
protocols.motifs.Motif: Res1 name is LEU
protocols.motifs.Motif: atom1 name is aroC
protocols.motifs.Motif: atom2 name is aroC
protocols.motifs.Motif: atom3 name is COO
protocols.motifs.Motif: Res1 name is CYS
protocols.motifs.Motif: atom1 name is aroC
protocols.motifs.Motif: atom2 name is aroC
protocols.motifs.Motif: atom3 name is Ntrp
protocols.motifs.Motif: Res1 name is PHE
protocols.motifs.Motif: atom1 name is Ntrp
protocols.motifs.Motif: atom2 name is COO
protocols.motifs.Motif: atom3 name is ONH2
core.pack.task: Packer task: initialize from command line() 
core.pack.task: Packer task: initialize from command line() 
core.pack.task: Packer task: initialize from command line() 
protocols.moves.MonteCarlo: MonteCarlo:: last_accepted_score,lowest_score: -1070.2 -1070.52
protocols.motifs.Motif: Res1 name is LEU
protocols.motifs.Motif: atom1 name is aroC
protocols.motifs.Motif: atom2 name is aroC
protocols.motifs.Motif: atom3 name is F
protocols.motifs.Motif: Res1 name is ASP
protocols.motifs.Motif: atom1 name is Ntrp
protocols.motifs.Motif: atom2 name is COO
protocols.motifs.Motif: atom3 name is ONH2
protocols.motifs.Motif: Res1 name is LEU
protocols.motifs.Motif: atom1 name is aroC
protocols.motifs.Motif: atom2 name is aroC
protocols.motifs.Motif: atom3 name is Ntrp
protocols.motifs.Motif: Res1 name is PHE
protocols.motifs.Motif: atom1 name is aroC
protocols.motifs.Motif: atom2 name is aroC
protocols.motifs.Motif: atom3 name is Ntrp
core.pack.task: Packer task: initialize from command line() 
core.pack.task: Packer task: initialize from command line() 
core.pack.task: Packer task: initialize from command line() 
protocols.moves.MonteCarlo: MonteCarlo:: last_accepted_score,lowest_score: -1072.89 -1072.99
protocols.motifs.Motif: Res1 name is LEU
protocols.motifs.Motif: atom1 name is Ntrp
protocols.motifs.Motif: atom2 name is COO
protocols.motifs.Motif: atom3 name is ONH2
protocols.motifs.Motif: Res1 name is TYR
protocols.motifs.Motif: atom1 name is aroC
protocols.motifs.Motif: atom2 name is aroC
protocols.motifs.Motif: atom3 name is F
protocols.motifs.Motif: Res1 name is LEU
protocols.motifs.Motif: atom1 name is aroC
protocols.motifs.Motif: atom2 name is aroC
protocols.motifs.Motif: atom3 name is Ntrp
protocols.motifs.Motif: Res1 name is PHE
protocols.motifs.Motif: atom1 name is Ntrp
protocols.motifs.Motif: atom2 name is COO
protocols.motifs.Motif: atom3 name is ONH2
core.pack.task: Packer task: initialize from command line() 
core.pack.task: Packer task: initialize from command line() 
core.pack.task: Packer task: initialize from command line() 
protocols.moves.MonteCarlo: MonteCarlo:: last_accepted_score,lowest_score: -1076.43 -1076.43
protocols.motifs.Motif: Res1 name is LEU
protocols.motifs.Motif: atom1 name is aroC
protocols.motifs.Motif: atom2 name is aroC
protocols.motifs.Motif: atom3 name is Ntrp
protocols.motifs.Motif: Res1 name is VAL
protocols.motifs.Motif: atom1 name is Ntrp
protocols.motifs.Motif: atom2 name is COO
protocols.motifs.Motif: atom3 name is ONH2
protocols.motifs.Motif: Res1 name is LEU
protocols.motifs.Motif: atom1 name is aroC
protocols.motifs.Motif: atom2 name is aroC
protocols.motifs.Motif: atom3 name is aroC
protocols.motifs.Motif: Res1 name is PHE
protocols.motifs.Motif: atom1 name is Ntrp
protocols.motifs.Motif: atom2 name is COO
protocols.motifs.Motif: atom3 name is ONH2
core.pack.task: Packer task: initialize from command line() 
core.pack.task: Packer task: initialize from command line() 
core.pack.task: Packer task: initialize from command line() 
protocols.moves.MonteCarlo: MonteCarlo:: last_accepted_score,lowest_score: -1077.11 -1077.48
protocols.motifs.Motif: Res1 name is LEU
protocols.motifs.Motif: atom1 name is CH3
protocols.motifs.Motif: atom2 name is aroC
protocols.motifs.Motif: atom3 name is aroC
protocols.motifs.Motif: Res1 name is VAL
protocols.motifs.Motif: atom1 name is aroC
protocols.motifs.Motif: atom2 name is aroC
protocols.motifs.Motif: atom3 name is F
protocols.motifs.Motif: Res1 name is TYR
protocols.motifs.Motif: atom1 name is Ntrp
protocols.motifs.Motif: atom2 name is COO
protocols.motifs.Motif: atom3 name is ONH2
protocols.motifs.Motif: Res1 name is LEU
protocols.motifs.Motif: atom1 name is aroC
protocols.motifs.Motif: atom2 name is aroC
protocols.motifs.Motif: atom3 name is Ntrp
protocols.motifs.Motif: Res1 name is PHE
protocols.motifs.Motif: atom1 name is aroC
protocols.motifs.Motif: atom2 name is aroC
protocols.motifs.Motif: atom3 name is aroC
core.pack.task: Packer task: initialize from command line() 
core.pack.task: Packer task: initialize from command line() 
core.pack.task: Packer task: initialize from command line() 
protocols.moves.MonteCarlo: MonteCarlo:: last_accepted_score,lowest_score: -1071.15 -1071.15
protocols.motifs.Motif: Res1 name is LYS
protocols.motifs.Motif: atom1 name is CH3
protocols.motifs.Motif: atom2 name is aroC
protocols.motifs.Motif: atom3 name is aroC
protocols.motifs.Motif: Res1 name is LEU
protocols.motifs.Motif: atom1 name is aroC
protocols.motifs.Motif: atom2 name is COO
protocols.motifs.Motif: atom3 name is ONH2
protocols.motifs.Motif: Res1 name is PHE
protocols.motifs.Motif: atom1 name is aroC
protocols.motifs.Motif: atom2 name is aroC
protocols.motifs.Motif: atom3 name is Ntrp
core.pack.task: Packer task: initialize from command line() 
core.pack.task: Packer task: initialize from command line() 
core.pack.task: Packer task: initialize from command line() 
protocols.moves.MonteCarlo: MonteCarlo:: last_accepted_score,lowest_score: -1070.78 -1072.33
protocols.motifs.Motif: Res1 name is LEU
protocols.motifs.Motif: atom1 name is Ntrp
protocols.motifs.Motif: atom2 name is COO
protocols.motifs.Motif: atom3 name is ONH2
protocols.motifs.Motif: Res1 name is TYR
protocols.motifs.Motif: atom1 name is aroC
protocols.motifs.Motif: atom2 name is aroC
protocols.motifs.Motif: atom3 name is F
protocols.motifs.Motif: Res1 name is LEU
protocols.motifs.Motif: atom1 name is aroC
protocols.motifs.Motif: atom2 name is aroC
protocols.motifs.Motif: atom3 name is Ntrp
protocols.motifs.Motif: Res1 name is PHE
protocols.motifs.Motif: atom1 name is Ntrp
protocols.motifs.Motif: atom2 name is COO
protocols.motifs.Motif: atom3 name is ONH2
core.pack.task: Packer task: initialize from command line() 
core.pack.task: Packer task: initialize from command line() 
core.pack.task: Packer task: initialize from command line() 
protocols.moves.MonteCarlo: MonteCarlo:: last_accepted_score,lowest_score: -1075.99 -1075.99
protocols.motifs.Motif: Res1 name is LYS
protocols.motifs.Motif: atom1 name is CH3
protocols.motifs.Motif: atom2 name is aroC
protocols.motifs.Motif: atom3 name is Ntrp
protocols.motifs.Motif: Res1 name is LEU
protocols.motifs.Motif: atom1 name is aroC
protocols.motifs.Motif: atom2 name is aroC
protocols.motifs.Motif: atom3 name is aroC
protocols.motifs.Motif: Res1 name is TYR
protocols.motifs.Motif: atom1 name is Ntrp
protocols.motifs.Motif: atom2 name is COO
protocols.motifs.Motif: atom3 name is ONH2
protocols.motifs.Motif: Res1 name is LEU
protocols.motifs.Motif: atom1 name is aroC
protocols.motifs.Motif: atom2 name is aroC
protocols.motifs.Motif: atom3 name is aroC
core.pack.task: Packer task: initialize from command line() 
core.pack.task: Packer task: initialize from command line() 
core.pack.task: Packer task: initialize from command line() 
protocols.moves.MonteCarlo: MonteCarlo:: last_accepted_score,lowest_score: -1074.35 -1074.41
protocols.motifs.Motif: Res1 name is LEU
protocols.motifs.Motif: atom1 name is aroC
protocols.motifs.Motif: atom2 name is aroC
protocols.motifs.Motif: atom3 name is aroC
protocols.motifs.Motif: Res1 name is TYR
protocols.motifs.Motif: atom1 name is aroC
protocols.motifs.Motif: atom2 name is aroC
protocols.motifs.Motif: atom3 name is Ntrp
protocols.motifs.Motif: Res1 name is LEU
protocols.motifs.Motif: atom1 name is aroC
protocols.motifs.Motif: atom2 name is aroC
protocols.motifs.Motif: atom3 name is F
core.pack.task: Packer task: initialize from command line() 
core.pack.task: Packer task: initialize from command line() 
core.pack.task: Packer task: initialize from command line() 
protocols.moves.MonteCarlo: MonteCarlo:: last_accepted_score,lowest_score: -1072.24 -1072.98
protocols.motifs.Motif: Res1 name is LEU
protocols.motifs.Motif: atom1 name is CH3
protocols.motifs.Motif: atom2 name is aroC
protocols.motifs.Motif: atom3 name is aroC
protocols.motifs.Motif: Res1 name is TYR
protocols.motifs.Motif: atom1 name is aroC
protocols.motifs.Motif: atom2 name is aroC
protocols.motifs.Motif: atom3 name is Ntrp
protocols.motifs.Motif: Res1 name is LEU
protocols.motifs.Motif: atom1 name is aroC
protocols.motifs.Motif: atom2 name is aroC
protocols.motifs.Motif: atom3 name is F
core.pack.task: Packer task: initialize from command line() 
core.pack.task: Packer task: initialize from command line() 
core.pack.task: Packer task: initialize from command line() 
protocols.moves.MonteCarlo: MonteCarlo:: last_accepted_score,lowest_score: -1074.92 -1074.92
protocols.motifs.Motif: Res1 name is LEU
protocols.motifs.Motif: atom1 name is aroC
protocols.motifs.Motif: atom2 name is aroC
protocols.motifs.Motif: atom3 name is aroC
protocols.motifs.Motif: Res1 name is TYR
protocols.motifs.Motif: atom1 name is Ntrp
protocols.motifs.Motif: atom2 name is COO
protocols.motifs.Motif: atom3 name is ONH2
protocols.motifs.Motif: Res1 name is LEU
protocols.motifs.Motif: atom1 name is aroC
protocols.motifs.Motif: atom2 name is aroC
protocols.motifs.Motif: atom3 name is aroC
core.pack.task: Packer task: initialize from command line() 
core.pack.task: Packer task: initialize from command line() 
core.pack.task: Packer task: initialize from command line() 
protocols.moves.MonteCarlo: MonteCarlo:: last_accepted_score,lowest_score: -1080.17 -1080.17
protocols.motifs.Motif: Res1 name is LEU
protocols.motifs.Motif: atom1 name is Ntrp
protocols.motifs.Motif: atom2 name is COO
protocols.motifs.Motif: atom3 name is ONH2
protocols.motifs.Motif: Res1 name is VAL
protocols.motifs.Motif: atom1 name is aroC
protocols.motifs.Motif: atom2 name is aroC
protocols.motifs.Motif: atom3 name is Ntrp
protocols.motifs.Motif: Res1 name is ALA
protocols.motifs.Motif: atom1 name is aroC
protocols.motifs.Motif: atom2 name is aroC
protocols.motifs.Motif: atom3 name is aroC
protocols.motifs.Motif: Res1 name is TYR
protocols.motifs.Motif: atom1 name is CH3
protocols.motifs.Motif: atom2 name is aroC
protocols.motifs.Motif: atom3 name is aroC
protocols.motifs.Motif: Res1 name is LEU
protocols.motifs.Motif: atom1 name is aroC
protocols.motifs.Motif: atom2 name is aroC
protocols.motifs.Motif: atom3 name is aroC
protocols.motifs.Motif: Res1 name is CYS
protocols.motifs.Motif: atom1 name is aroC
protocols.motifs.Motif: atom2 name is aroC
protocols.motifs.Motif: atom3 name is Ntrp
protocols.motifs.Motif: Res1 name is PHE
protocols.motifs.Motif: atom1 name is Ntrp
protocols.motifs.Motif: atom2 name is COO
protocols.motifs.Motif: atom3 name is ONH2
core.pack.task: Packer task: initialize from command line() 
core.pack.task: Packer task: initialize from command line() 
core.pack.task: Packer task: initialize from command line() 
protocols.moves.MonteCarlo: MonteCarlo:: last_accepted_score,lowest_score: -1068.97 -1069.05
protocols.motifs.Motif: Res1 name is LEU
protocols.motifs.Motif: atom1 name is aroC
protocols.motifs.Motif: atom2 name is aroC
protocols.motifs.Motif: atom3 name is aroC
core.pack.task: Packer task: initialize from command line() 
core.pack.task: Packer task: initialize from command line() 
core.pack.task: Packer task: initialize from command line() 
protocols.moves.MonteCarlo: MonteCarlo:: last_accepted_score,lowest_score: -1060.13 -1060.13
protocols.motifs.Motif: Res1 name is LEU
protocols.motifs.Motif: atom1 name is Ntrp
protocols.motifs.Motif: atom2 name is COO
protocols.motifs.Motif: atom3 name is ONH2
protocols.motifs.Motif: Res1 name is TYR
protocols.motifs.Motif: atom1 name is aroC
protocols.motifs.Motif: atom2 name is aroC
protocols.motifs.Motif: atom3 name is F
protocols.motifs.Motif: Res1 name is LEU
protocols.motifs.Motif: atom1 name is aroC
protocols.motifs.Motif: atom2 name is aroC
protocols.motifs.Motif: atom3 name is aroC
protocols.motifs.Motif: Res1 name is PHE
protocols.motifs.Motif: atom1 name is Ntrp
protocols.motifs.Motif: atom2 name is COO
protocols.motifs.Motif: atom3 name is ONH2
core.pack.task: Packer task: initialize from command line() 
core.pack.task: Packer task: initialize from command line() 
core.pack.task: Packer task: initialize from command line() 
protocols.moves.MonteCarlo: MonteCarlo:: last_accepted_score,lowest_score: -1070.8 -1071.02
protocols.motifs.Motif: Res1 name is LEU
protocols.motifs.Motif: atom1 name is Ntrp
protocols.motifs.Motif: atom2 name is COO
protocols.motifs.Motif: atom3 name is ONH2
core.pack.task: Packer task: initialize from command line() 
core.pack.task: Packer task: initialize from command line() 
core.pack.task: Packer task: initialize from command line() 
protocols.moves.MonteCarlo: MonteCarlo:: last_accepted_score,lowest_score: -1075.98 -1075.98
protocols.motifs.Motif: Res1 name is LEU
protocols.motifs.Motif: atom1 name is aroC
protocols.motifs.Motif: atom2 name is aroC
protocols.motifs.Motif: atom3 name is Ntrp
protocols.motifs.Motif: Res1 name is TYR
protocols.motifs.Motif: atom1 name is Ntrp
protocols.motifs.Motif: atom2 name is COO
protocols.motifs.Motif: atom3 name is ONH2
protocols.motifs.Motif: Res1 name is LEU
protocols.motifs.Motif: atom1 name is aroC
protocols.motifs.Motif: atom2 name is aroC
protocols.motifs.Motif: atom3 name is aroC
protocols.motifs.Motif: Res1 name is PHE
protocols.motifs.Motif: atom1 name is aroC
protocols.motifs.Motif: atom2 name is aroC
protocols.motifs.Motif: atom3 name is F
core.pack.task: Packer task: initialize from command line() 
core.pack.task: Packer task: initialize from command line() 
core.pack.task: Packer task: initialize from command line() 
protocols.moves.MonteCarlo: MonteCarlo:: last_accepted_score,lowest_score: -1076.64 -1076.64
protocols.motifs.Motif: Res1 name is LEU
protocols.motifs.Motif: atom1 name is aroC
protocols.motifs.Motif: atom2 name is aroC
protocols.motifs.Motif: atom3 name is Ntrp
protocols.motifs.Motif: Res1 name is VAL
protocols.motifs.Motif: atom1 name is aroC
protocols.motifs.Motif: atom2 name is aroC
protocols.motifs.Motif: atom3 name is F
protocols.motifs.Motif: Res1 name is TYR
protocols.motifs.Motif: atom1 name is Ntrp
protocols.motifs.Motif: atom2 name is COO
protocols.motifs.Motif: atom3 name is ONH2
protocols.motifs.Motif: Res1 name is LEU
protocols.motifs.Motif: atom1 name is aroC
protocols.motifs.Motif: atom2 name is aroC
protocols.motifs.Motif: atom3 name is Ntrp
protocols.motifs.Motif: Res1 name is PHE
protocols.motifs.Motif: atom1 name is aroC
protocols.motifs.Motif: atom2 name is aroC
protocols.motifs.Motif: atom3 name is F
core.pack.task: Packer task: initialize from command line() 
core.pack.task: Packer task: initialize from command line() 
core.pack.task: Packer task: initialize from command line() 
protocols.moves.MonteCarlo: MonteCarlo:: last_accepted_score,lowest_score: -1077.29 -1077.29
protocols.motifs.Motif: Res1 name is LEU
protocols.motifs.Motif: atom1 name is aroC
protocols.motifs.Motif: atom2 name is aroC
protocols.motifs.Motif: atom3 name is COO
protocols.motifs.Motif: Res1 name is TYR
protocols.motifs.Motif: atom1 name is Ntrp
protocols.motifs.Motif: atom2 name is COO
protocols.motifs.Motif: atom3 name is ONH2
protocols.motifs.Motif: Res1 name is LEU
protocols.motifs.Motif: atom1 name is aroC
protocols.motifs.Motif: atom2 name is aroC
protocols.motifs.Motif: atom3 name is aroC
protocols.motifs.Motif: Res1 name is PHE
protocols.motifs.Motif: atom1 name is aroC
protocols.motifs.Motif: atom2 name is aroC
protocols.motifs.Motif: atom3 name is F
core.pack.task: Packer task: initialize from command line() 
core.pack.task: Packer task: initialize from command line() 
core.pack.task: Packer task: initialize from command line() 
protocols.moves.MonteCarlo: MonteCarlo:: last_accepted_score,lowest_score: -1070.32 -1070.32
protocols.motifs.Motif: Res1 name is LEU
protocols.motifs.Motif: atom1 name is aroC
protocols.motifs.Motif: atom2 name is aroC
protocols.motifs.Motif: atom3 name is aroC
protocols.motifs.Motif: Res1 name is PHE
protocols.motifs.Motif: atom1 name is aroC
protocols.motifs.Motif: atom2 name is aroC
protocols.motifs.Motif: atom3 name is F
core.pack.task: Packer task: initialize from command line() 
core.pack.task: Packer task: initialize from command line() 
core.pack.task: Packer task: initialize from command line() 
protocols.moves.MonteCarlo: MonteCarlo:: last_accepted_score,lowest_score: -1080.71 -1080.71
protocols.motifs.Motif: Res1 name is LEU
protocols.motifs.Motif: atom1 name is Ntrp
protocols.motifs.Motif: atom2 name is COO
protocols.motifs.Motif: atom3 name is ONH2
protocols.motifs.Motif: Res1 name is VAL
protocols.motifs.Motif: atom1 name is aroC
protocols.motifs.Motif: atom2 name is aroC
protocols.motifs.Motif: atom3 name is Ntrp
protocols.motifs.Motif: Res1 name is ALA
protocols.motifs.Motif: atom1 name is aroC
protocols.motifs.Motif: atom2 name is aroC
protocols.motifs.Motif: atom3 name is aroC
protocols.motifs.Motif: Res1 name is VAL
protocols.motifs.Motif: atom1 name is aroC
protocols.motifs.Motif: atom2 name is aroC
protocols.motifs.Motif: atom3 name is F
protocols.motifs.Motif: Res1 name is TYR
protocols.motifs.Motif: atom1 name is CH3
protocols.motifs.Motif: atom2 name is aroC
protocols.motifs.Motif: atom3 name is aroC
protocols.motifs.Motif: Res1 name is LEU
protocols.motifs.Motif: atom1 name is aroC
protocols.motifs.Motif: atom2 name is aroC
protocols.motifs.Motif: atom3 name is COO
protocols.motifs.Motif: Res1 name is CYS
protocols.motifs.Motif: atom1 name is aroC
protocols.motifs.Motif: atom2 name is aroC
protocols.motifs.Motif: atom3 name is Ntrp
protocols.motifs.Motif: Res1 name is PHE
protocols.motifs.Motif: atom1 name is Ntrp
protocols.motifs.Motif: atom2 name is COO
protocols.motifs.Motif: atom3 name is ONH2
core.pack.task: Packer task: initialize from command line() 
core.pack.task: Packer task: initialize from command line() 
core.pack.task: Packer task: initialize from command line() 
protocols.moves.MonteCarlo: MonteCarlo:: last_accepted_score,lowest_score: -1076.54 -1076.54
protocols.motifs.Motif: Res1 name is LYS
protocols.motifs.Motif: atom1 name is NH2O
protocols.motifs.Motif: atom2 name is COO
protocols.motifs.Motif: atom3 name is ONH2
protocols.motifs.Motif: Res1 name is LEU
protocols.motifs.Motif: atom1 name is CH3
protocols.motifs.Motif: atom2 name is aroC
protocols.motifs.Motif: atom3 name is aroC
protocols.motifs.Motif: Res1 name is TYR
protocols.motifs.Motif: atom1 name is Ntrp
protocols.motifs.Motif: atom2 name is COO
protocols.motifs.Motif: atom3 name is ONH2
protocols.motifs.Motif: Res1 name is LEU
protocols.motifs.Motif: atom1 name is aroC
protocols.motifs.Motif: atom2 name is aroC
protocols.motifs.Motif: atom3 name is Ntrp
protocols.motifs.Motif: Res1 name is PHE
protocols.motifs.Motif: atom1 name is aroC
protocols.motifs.Motif: atom2 name is aroC
protocols.motifs.Motif: atom3 name is F
core.pack.task: Packer task: initialize from command line() 
core.pack.task: Packer task: initialize from command line() 
core.pack.task: Packer task: initialize from command line() 
protocols.moves.MonteCarlo: MonteCarlo:: last_accepted_score,lowest_score: -1073.29 -1073.29
protocols.motifs.Motif: Res1 name is LEU
protocols.motifs.Motif: atom1 name is Ntrp
protocols.motifs.Motif: atom2 name is COO
protocols.motifs.Motif: atom3 name is ONH2
protocols.motifs.Motif: Res1 name is ASN
protocols.motifs.Motif: atom1 name is NH2O
protocols.motifs.Motif: atom2 name is COO
protocols.motifs.Motif: atom3 name is ONH2
protocols.motifs.Motif: Res1 name is LEU
protocols.motifs.Motif: atom1 name is aroC
protocols.motifs.Motif: atom2 name is aroC
protocols.motifs.Motif: atom3 name is aroC
protocols.motifs.Motif: Res1 name is PHE
protocols.motifs.Motif: atom1 name is Ntrp
protocols.motifs.Motif: atom2 name is COO
protocols.motifs.Motif: atom3 name is ONH2
core.pack.task: Packer task: initialize from command line() 
core.pack.task: Packer task: initialize from command line() 
core.pack.task: Packer task: initialize from command line() 
protocols.moves.MonteCarlo: MonteCarlo:: last_accepted_score,lowest_score: -1073.4 -1074.11
protocols.motifs.Motif: Res1 name is LYS
protocols.motifs.Motif: atom1 name is aroC
protocols.motifs.Motif: atom2 name is aroC
protocols.motifs.Motif: atom3 name is aroC
protocols.motifs.Motif: Res1 name is LEU
protocols.motifs.Motif: atom1 name is Ntrp
protocols.motifs.Motif: atom2 name is COO
protocols.motifs.Motif: atom3 name is ONH2
protocols.motifs.Motif: Res1 name is TYR
protocols.motifs.Motif: atom1 name is aroC
protocols.motifs.Motif: atom2 name is aroC
protocols.motifs.Motif: atom3 name is F
protocols.motifs.Motif: Res1 name is GLU
protocols.motifs.Motif: atom1 name is CH3
protocols.motifs.Motif: atom2 name is aroC
protocols.motifs.Motif: atom3 name is aroC
protocols.motifs.Motif: Res1 name is LEU
protocols.motifs.Motif: atom1 name is aroC
protocols.motifs.Motif: atom2 name is aroC
protocols.motifs.Motif: atom3 name is aroC
core.pack.task: Packer task: initialize from command line() 
core.pack.task: Packer task: initialize from command line() 
core.pack.task: Packer task: initialize from command line() 
protocols.moves.MonteCarlo: MonteCarlo:: last_accepted_score,lowest_score: -1071.43 -1071.43
protocols.motifs.Motif: Res1 name is LEU
protocols.motifs.Motif: atom1 name is aroC
protocols.motifs.Motif: atom2 name is aroC
protocols.motifs.Motif: atom3 name is F
protocols.motifs.Motif: Res1 name is GLU
protocols.motifs.Motif: atom1 name is CH3
protocols.motifs.Motif: atom2 name is aroC
protocols.motifs.Motif: atom3 name is aroC
core.pack.task: Packer task: initialize from command line() 
core.pack.task: Packer task: initialize from command line() 
core.pack.task: Packer task: initialize from command line() 
protocols.moves.MonteCarlo: MonteCarlo:: last_accepted_score,lowest_score: -1072.13 -1072.72
protocols.motifs.Motif: Res1 name is LYS
protocols.motifs.Motif: atom1 name is CH3
protocols.motifs.Motif: atom2 name is aroC
protocols.motifs.Motif: atom3 name is aroC
protocols.motifs.Motif: Res1 name is LEU
protocols.motifs.Motif: atom1 name is aroC
protocols.motifs.Motif: atom2 name is aroC
protocols.motifs.Motif: atom3 name is F
protocols.motifs.Motif: Res1 name is TYR
protocols.motifs.Motif: atom1 name is CH3
protocols.motifs.Motif: atom2 name is aroC
protocols.motifs.Motif: atom3 name is aroC
protocols.motifs.Motif: Res1 name is GLU
protocols.motifs.Motif: atom1 name is NH2O
protocols.motifs.Motif: atom2 name is COO
protocols.motifs.Motif: atom3 name is ONH2
protocols.motifs.Motif: Res1 name is LEU
protocols.motifs.Motif: atom1 name is aroC
protocols.motifs.Motif: atom2 name is aroC
protocols.motifs.Motif: atom3 name is aroC
core.pack.task: Packer task: initialize from command line() 
core.pack.task: Packer task: initialize from command line() 
core.pack.task: Packer task: initialize from command line() 
protocols.moves.MonteCarlo: MonteCarlo:: last_accepted_score,lowest_score: -1068.25 -1068.25
protocols.motifs.Motif: Res1 name is LYS
protocols.motifs.Motif: atom1 name is NH2O
protocols.motifs.Motif: atom2 name is COO
protocols.motifs.Motif: atom3 name is ONH2
protocols.motifs.Motif: Res1 name is ASP
protocols.motifs.Motif: atom1 name is aroC
protocols.motifs.Motif: atom2 name is aroC
protocols.motifs.Motif: atom3 name is aroC
protocols.motifs.Motif: Res1 name is PHE
protocols.motifs.Motif: atom1 name is aroC
protocols.motifs.Motif: atom2 name is aroC
protocols.motifs.Motif: atom3 name is aroC
core.pack.task: Packer task: initialize from command line() 
core.pack.task: Packer task: initialize from command line() 
core.pack.task: Packer task: initialize from command line() 
protocols.moves.MonteCarlo: MonteCarlo:: last_accepted_score,lowest_score: -1071.62 -1071.62
protocols.motifs.Motif: Res1 name is LYS
protocols.motifs.Motif: atom1 name is Ntrp
protocols.motifs.Motif: atom2 name is COO
protocols.motifs.Motif: atom3 name is ONH2
protocols.motifs.Motif: Res1 name is LEU
protocols.motifs.Motif: atom1 name is Ntrp
protocols.motifs.Motif: atom2 name is COO
protocols.motifs.Motif: atom3 name is ONH2
protocols.motifs.Motif: Res1 name is TYR
protocols.motifs.Motif: atom1 name is Ntrp
protocols.motifs.Motif: atom2 name is COO
protocols.motifs.Motif: atom3 name is ONH2
core.pack.task: Packer task: initialize from command line() 
core.pack.task: Packer task: initialize from command line() 
core.pack.task: Packer task: initialize from command line() 
protocols.moves.MonteCarlo: MonteCarlo:: last_accepted_score,lowest_score: -1074.01 -1074.01
protocols.motifs.Motif: Res1 name is LEU
protocols.motifs.Motif: atom1 name is aroC
protocols.motifs.Motif: atom2 name is aroC
protocols.motifs.Motif: atom3 name is aroC
protocols.motifs.Motif: Res1 name is TYR
protocols.motifs.Motif: atom1 name is Ntrp
protocols.motifs.Motif: atom2 name is COO
protocols.motifs.Motif: atom3 name is ONH2
protocols.motifs.Motif: Res1 name is LEU
protocols.motifs.Motif: atom1 name is aroC
protocols.motifs.Motif: atom2 name is aroC
protocols.motifs.Motif: atom3 name is F
core.pack.task: Packer task: initialize from command line() 
core.pack.task: Packer task: initialize from command line() 
core.pack.task: Packer task: initialize from command line() 
protocols.moves.MonteCarlo: MonteCarlo:: last_accepted_score,lowest_score: -1076.52 -1076.9
protocols.motifs.Motif: Res1 name is LEU
protocols.motifs.Motif: atom1 name is CH3
protocols.motifs.Motif: atom2 name is aroC
protocols.motifs.Motif: atom3 name is aroC
protocols.motifs.Motif: Res1 name is TYR
protocols.motifs.Motif: atom1 name is Ntrp
protocols.motifs.Motif: atom2 name is COO
protocols.motifs.Motif: atom3 name is ONH2
protocols.motifs.Motif: Res1 name is LEU
protocols.motifs.Motif: atom1 name is aroC
protocols.motifs.Motif: atom2 name is aroC
protocols.motifs.Motif: atom3 name is aroC
protocols.motifs.Motif: Res1 name is PHE
protocols.motifs.Motif: atom1 name is aroC
protocols.motifs.Motif: atom2 name is aroC
protocols.motifs.Motif: atom3 name is aroC
core.pack.task: Packer task: initialize from command line() 
core.pack.task: Packer task: initialize from command line() 
core.pack.task: Packer task: initialize from command line() 
protocols.moves.MonteCarlo: MonteCarlo:: last_accepted_score,lowest_score: -1073.58 -1073.58
protocols.motifs.Motif: Res1 name is LEU
protocols.motifs.Motif: atom1 name is aroC
protocols.motifs.Motif: atom2 name is aroC
protocols.motifs.Motif: atom3 name is aroC
protocols.motifs.Motif: Res1 name is LEU
protocols.motifs.Motif: atom1 name is aroC
protocols.motifs.Motif: atom2 name is aroC
protocols.motifs.Motif: atom3 name is F
protocols.motifs.Motif: Res1 name is PHE
protocols.motifs.Motif: atom1 name is aroC
protocols.motifs.Motif: atom2 name is aroC
protocols.motifs.Motif: atom3 name is aroC
core.pack.task: Packer task: initialize from command line() 
core.pack.task: Packer task: initialize from command line() 
core.pack.task: Packer task: initialize from command line() 
protocols.moves.MonteCarlo: MonteCarlo:: last_accepted_score,lowest_score: -1072.2 -1072.2
protocols.motifs.Motif: Res1 name is LEU
protocols.motifs.Motif: atom1 name is aroC
protocols.motifs.Motif: atom2 name is aroC
protocols.motifs.Motif: atom3 name is aroC
protocols.motifs.Motif: Res1 name is PHE
protocols.motifs.Motif: atom1 name is aroC
protocols.motifs.Motif: atom2 name is aroC
protocols.motifs.Motif: atom3 name is aroC
core.pack.task: Packer task: initialize from command line() 
core.pack.task: Packer task: initialize from command line() 
core.pack.task: Packer task: initialize from command line() 
protocols.moves.MonteCarlo: MonteCarlo:: last_accepted_score,lowest_score: -1070.65 -1071.36
protocols.motifs.Motif: Res1 name is LYS
protocols.motifs.Motif: atom1 name is Ntrp
protocols.motifs.Motif: atom2 name is COO
protocols.motifs.Motif: atom3 name is ONH2
protocols.motifs.Motif: Res1 name is LEU
protocols.motifs.Motif: atom1 name is Ntrp
protocols.motifs.Motif: atom2 name is COO
protocols.motifs.Motif: atom3 name is ONH2
protocols.motifs.Motif: Res1 name is TYR
protocols.motifs.Motif: atom1 name is Ntrp
protocols.motifs.Motif: atom2 name is COO
protocols.motifs.Motif: atom3 name is ONH2
core.pack.task: Packer task: initialize from command line() 
core.pack.task: Packer task: initialize from command line() 
core.pack.task: Packer task: initialize from command line() 
protocols.moves.MonteCarlo: MonteCarlo:: last_accepted_score,lowest_score: -1070.78 -1071.14
protocols.motifs.Motif: Res1 name is LYS
protocols.motifs.Motif: atom1 name is aroC
protocols.motifs.Motif: atom2 name is aroC
protocols.motifs.Motif: atom3 name is aroC
protocols.motifs.Motif: Res1 name is LEU
protocols.motifs.Motif: atom1 name is Ntrp
protocols.motifs.Motif: atom2 name is COO
protocols.motifs.Motif: atom3 name is ONH2
core.pack.task: Packer task: initialize from command line() 
core.pack.task: Packer task: initialize from command line() 
core.pack.task: Packer task: initialize from command line() 
protocols.moves.MonteCarlo: MonteCarlo:: last_accepted_score,lowest_score: -1071.29 -1071.29
protocols.motifs.Motif: Res1 name is LEU
protocols.motifs.Motif: atom1 name is Ntrp
protocols.motifs.Motif: atom2 name is COO
protocols.motifs.Motif: atom3 name is ONH2
protocols.motifs.Motif: Res1 name is TYR
protocols.motifs.Motif: atom1 name is aroC
protocols.motifs.Motif: atom2 name is aroC
protocols.motifs.Motif: atom3 name is F
protocols.motifs.Motif: Res1 name is LEU
protocols.motifs.Motif: atom1 name is aroC
protocols.motifs.Motif: atom2 name is aroC
protocols.motifs.Motif: atom3 name is aroC
core.pack.task: Packer task: initialize from command line() 
core.pack.task: Packer task: initialize from command line() 
core.pack.task: Packer task: initialize from command line() 
protocols.moves.MonteCarlo: MonteCarlo:: last_accepted_score,lowest_score: -1069.95 -1069.95
protocols.motifs.Motif: Res1 name is LEU
protocols.motifs.Motif: atom1 name is aroC
protocols.motifs.Motif: atom2 name is COO
protocols.motifs.Motif: atom3 name is ONH2
protocols.motifs.Motif: Res1 name is PHE
protocols.motifs.Motif: atom1 name is aroC
protocols.motifs.Motif: atom2 name is aroC
protocols.motifs.Motif: atom3 name is F
core.pack.task: Packer task: initialize from command line() 
core.pack.task: Packer task: initialize from command line() 
core.pack.task: Packer task: initialize from command line() 
protocols.moves.MonteCarlo: MonteCarlo:: last_accepted_score,lowest_score: -1072.07 -1072.07
protocols.motifs.Motif: Res1 name is LEU
protocols.motifs.Motif: atom1 name is Ntrp
protocols.motifs.Motif: atom2 name is COO
protocols.motifs.Motif: atom3 name is ONH2
protocols.motifs.Motif: Res1 name is GLU
protocols.motifs.Motif: atom1 name is NH2O
protocols.motifs.Motif: atom2 name is COO
protocols.motifs.Motif: atom3 name is ONH2
core.pack.task: Packer task: initialize from command line() 
core.pack.task: Packer task: initialize from command line() 
core.pack.task: Packer task: initialize from command line() 
protocols.moves.MonteCarlo: MonteCarlo:: last_accepted_score,lowest_score: -1071.23 -1072.12
protocols.motifs.Motif: Res1 name is LYS
protocols.motifs.Motif: atom1 name is Ntrp
protocols.motifs.Motif: atom2 name is COO
protocols.motifs.Motif: atom3 name is ONH2
protocols.motifs.Motif: Res1 name is LEU
protocols.motifs.Motif: atom1 name is aroC
protocols.motifs.Motif: atom2 name is aroC
protocols.motifs.Motif: atom3 name is Ntrp
protocols.motifs.Motif: Res1 name is TYR
protocols.motifs.Motif: atom1 name is Ntrp
protocols.motifs.Motif: atom2 name is COO
protocols.motifs.Motif: atom3 name is ONH2
protocols.motifs.Motif: Res1 name is LEU
protocols.motifs.Motif: atom1 name is aroC
protocols.motifs.Motif: atom2 name is aroC
protocols.motifs.Motif: atom3 name is F
core.pack.task: Packer task: initialize from command line() 
core.pack.task: Packer task: initialize from command line() 
core.pack.task: Packer task: initialize from command line() 
protocols.moves.MonteCarlo: MonteCarlo:: last_accepted_score,lowest_score: -1072.57 -1072.57
protocols.motifs.Motif: Res1 name is LEU
protocols.motifs.Motif: atom1 name is aroC
protocols.motifs.Motif: atom2 name is aroC
protocols.motifs.Motif: atom3 name is aroC
protocols.motifs.Motif: Res1 name is TYR
protocols.motifs.Motif: atom1 name is Ntrp
protocols.motifs.Motif: atom2 name is COO
protocols.motifs.Motif: atom3 name is ONH2
protocols.motifs.Motif: Res1 name is LEU
protocols.motifs.Motif: atom1 name is aroC
protocols.motifs.Motif: atom2 name is aroC
protocols.motifs.Motif: atom3 name is aroC
core.pack.task: Packer task: initialize from command line() 
core.pack.task: Packer task: initialize from command line() 
core.pack.task: Packer task: initialize from command line() 
protocols.moves.MonteCarlo: MonteCarlo:: last_accepted_score,lowest_score: -1074.2 -1074.25
protocols.motifs.Motif: Res1 name is LEU
protocols.motifs.Motif: atom1 name is Ntrp
protocols.motifs.Motif: atom2 name is COO
protocols.motifs.Motif: atom3 name is ONH2
protocols.motifs.Motif: Res1 name is TYR
protocols.motifs.Motif: atom1 name is aroC
protocols.motifs.Motif: atom2 name is aroC
protocols.motifs.Motif: atom3 name is F
protocols.motifs.Motif: Res1 name is LEU
protocols.motifs.Motif: atom1 name is aroC
protocols.motifs.Motif: atom2 name is aroC
protocols.motifs.Motif: atom3 name is Ntrp
protocols.motifs.Motif: Res1 name is PHE
protocols.motifs.Motif: atom1 name is Ntrp
protocols.motifs.Motif: atom2 name is COO
protocols.motifs.Motif: atom3 name is ONH2
core.pack.task: Packer task: initialize from command line() 
core.pack.task: Packer task: initialize from command line() 
core.pack.task: Packer task: initialize from command line() 
protocols.moves.MonteCarlo: MonteCarlo:: last_accepted_score,lowest_score: -1070.06 -1070.4
protocols.motifs.Motif: Res1 name is LEU
protocols.motifs.Motif: atom1 name is Ntrp
protocols.motifs.Motif: atom2 name is COO
protocols.motifs.Motif: atom3 name is ONH2
protocols.motifs.Motif: Res1 name is ASN
protocols.motifs.Motif: atom1 name is CH3
protocols.motifs.Motif: atom2 name is aroC
protocols.motifs.Motif: atom3 name is aroC
core.pack.task: Packer task: initialize from command line() 
core.pack.task: Packer task: initialize from command line() 
core.pack.task: Packer task: initialize from command line() 
protocols.moves.MonteCarlo: MonteCarlo:: last_accepted_score,lowest_score: -1081.28 -1081.28
protocols.motifs.Motif: Res1 name is LEU
protocols.motifs.Motif: atom1 name is Ntrp
protocols.motifs.Motif: atom2 name is COO
protocols.motifs.Motif: atom3 name is ONH2
protocols.motifs.Motif: Res1 name is VAL
protocols.motifs.Motif: atom1 name is aroC
protocols.motifs.Motif: atom2 name is aroC
protocols.motifs.Motif: atom3 name is Ntrp
protocols.motifs.Motif: Res1 name is ALA
protocols.motifs.Motif: atom1 name is aroC
protocols.motifs.Motif: atom2 name is aroC
protocols.motifs.Motif: atom3 name is F
protocols.motifs.Motif: Res1 name is TYR
protocols.motifs.Motif: atom1 name is NH2O
protocols.motifs.Motif: atom2 name is COO
protocols.motifs.Motif: atom3 name is ONH2
protocols.motifs.Motif: Res1 name is LEU
protocols.motifs.Motif: atom1 name is aroC
protocols.motifs.Motif: atom2 name is aroC
protocols.motifs.Motif: atom3 name is aroC
protocols.motifs.Motif: Res1 name is CYS
protocols.motifs.Motif: atom1 name is aroC
protocols.motifs.Motif: atom2 name is aroC
protocols.motifs.Motif: atom3 name is Ntrp
protocols.motifs.Motif: Res1 name is PHE
protocols.motifs.Motif: atom1 name is Ntrp
protocols.motifs.Motif: atom2 name is COO
protocols.motifs.Motif: atom3 name is ONH2
core.pack.task: Packer task: initialize from command line() 
core.pack.task: Packer task: initialize from command line() 
core.pack.task: Packer task: initialize from command line() 
protocols.moves.MonteCarlo: MonteCarlo:: last_accepted_score,lowest_score: -1072.98 -1072.98
protocols.motifs.Motif: Res1 name is LEU
protocols.motifs.Motif: atom1 name is CH3
protocols.motifs.Motif: atom2 name is aroC
protocols.motifs.Motif: atom3 name is aroC
protocols.motifs.Motif: Res1 name is TYR
protocols.motifs.Motif: atom1 name is Ntrp
protocols.motifs.Motif: atom2 name is COO
protocols.motifs.Motif: atom3 name is ONH2
protocols.motifs.Motif: Res1 name is LEU
protocols.motifs.Motif: atom1 name is aroC
protocols.motifs.Motif: atom2 name is aroC
protocols.motifs.Motif: atom3 name is F
core.pack.task: Packer task: initialize from command line() 
core.pack.task: Packer task: initialize from command line() 
core.pack.task: Packer task: initialize from command line() 
protocols.moves.MonteCarlo: MonteCarlo:: last_accepted_score,lowest_score: -1076.71 -1076.71
protocols.motifs.Motif: Res1 name is LEU
protocols.motifs.Motif: atom1 name is aroC
protocols.motifs.Motif: atom2 name is aroC
protocols.motifs.Motif: atom3 name is Ntrp
protocols.motifs.Motif: Res1 name is TYR
protocols.motifs.Motif: atom1 name is Ntrp
protocols.motifs.Motif: atom2 name is COO
protocols.motifs.Motif: atom3 name is ONH2
protocols.motifs.Motif: Res1 name is LEU
protocols.motifs.Motif: atom1 name is aroC
protocols.motifs.Motif: atom2 name is aroC
protocols.motifs.Motif: atom3 name is aroC
core.pack.task: Packer task: initialize from command line() 
core.pack.task: Packer task: initialize from command line() 
core.pack.task: Packer task: initialize from command line() 
protocols.moves.MonteCarlo: MonteCarlo:: last_accepted_score,lowest_score: -1000.93 -1000.93
protocols.motifs.Motif: Res1 name is LYS
protocols.motifs.Motif: atom1 name is NH2O
protocols.motifs.Motif: atom2 name is COO
protocols.motifs.Motif: atom3 name is ONH2
protocols.motifs.Motif: Res1 name is LEU
protocols.motifs.Motif: atom1 name is Ntrp
protocols.motifs.Motif: atom2 name is COO
protocols.motifs.Motif: atom3 name is ONH2
protocols.motifs.Motif: Res1 name is VAL
protocols.motifs.Motif: atom1 name is aroC
protocols.motifs.Motif: atom2 name is aroC
protocols.motifs.Motif: atom3 name is aroC
protocols.motifs.Motif: Res1 name is LEU
protocols.motifs.Motif: atom1 name is aroC
protocols.motifs.Motif: atom2 name is aroC
protocols.motifs.Motif: atom3 name is aroC
protocols.motifs.Motif: Res1 name is PHE
protocols.motifs.Motif: atom1 name is Ntrp
protocols.motifs.Motif: atom2 name is COO
protocols.motifs.Motif: atom3 name is ONH2
core.pack.task: Packer task: initialize from command line() 
core.pack.task: Packer task: initialize from command line() 
core.pack.task: Packer task: initialize from command line() 
protocols.moves.MonteCarlo: MonteCarlo:: last_accepted_score,lowest_score: -1077.57 -1077.57
protocols.motifs.Motif: Res1 name is LEU
protocols.motifs.Motif: atom1 name is aroC
protocols.motifs.Motif: atom2 name is aroC
protocols.motifs.Motif: atom3 name is Ntrp
protocols.motifs.Motif: Res1 name is TYR
protocols.motifs.Motif: atom1 name is aroC
protocols.motifs.Motif: atom2 name is aroC
protocols.motifs.Motif: atom3 name is Ntrp
protocols.motifs.Motif: Res1 name is ASP
protocols.motifs.Motif: atom1 name is NH2O
protocols.motifs.Motif: atom2 name is COO
protocols.motifs.Motif: atom3 name is ONH2
protocols.motifs.Motif: Res1 name is LEU
protocols.motifs.Motif: atom1 name is aroC
protocols.motifs.Motif: atom2 name is aroC
protocols.motifs.Motif: atom3 name is aroC
protocols.motifs.Motif: Res1 name is PHE
protocols.motifs.Motif: atom1 name is CH3
protocols.motifs.Motif: atom2 name is aroC
protocols.motifs.Motif: atom3 name is aroC
core.pack.task: Packer task: initialize from command line() 
core.pack.task: Packer task: initialize from command line() 
core.pack.task: Packer task: initialize from command line() 
protocols.moves.MonteCarlo: MonteCarlo:: last_accepted_score,lowest_score: -1070.15 -1070.15
protocols.motifs.Motif: Res1 name is LEU
protocols.motifs.Motif: atom1 name is aroC
protocols.motifs.Motif: atom2 name is aroC
protocols.motifs.Motif: atom3 name is F
protocols.motifs.Motif: Res1 name is ASP
protocols.motifs.Motif: atom1 name is Ntrp
protocols.motifs.Motif: atom2 name is COO
protocols.motifs.Motif: atom3 name is ONH2
core.pack.task: Packer task: initialize from command line() 
core.pack.task: Packer task: initialize from command line() 
core.pack.task: Packer task: initialize from command line() 
protocols.moves.MonteCarlo: MonteCarlo:: last_accepted_score,lowest_score: -1021.44 -1021.44
protocols.motifs.Motif: Res1 name is LEU
protocols.motifs.Motif: atom1 name is aroC
protocols.motifs.Motif: atom2 name is aroC
protocols.motifs.Motif: atom3 name is Ntrp
protocols.motifs.Motif: Res1 name is TYR
protocols.motifs.Motif: atom1 name is aroC
protocols.motifs.Motif: atom2 name is aroC
protocols.motifs.Motif: atom3 name is F
protocols.motifs.Motif: Res1 name is LEU
protocols.motifs.Motif: atom1 name is aroC
protocols.motifs.Motif: atom2 name is aroC
protocols.motifs.Motif: atom3 name is Ntrp
protocols.motifs.Motif: Res1 name is PHE
protocols.motifs.Motif: atom1 name is Ntrp
protocols.motifs.Motif: atom2 name is COO
protocols.motifs.Motif: atom3 name is ONH2
core.pack.task: Packer task: initialize from command line() 
core.pack.task: Packer task: initialize from command line() 
core.pack.task: Packer task: initialize from command line() 
protocols.moves.MonteCarlo: MonteCarlo:: last_accepted_score,lowest_score: -1075.55 -1075.63
protocols.motifs.Motif: Res1 name is LEU
protocols.motifs.Motif: atom1 name is aroC
protocols.motifs.Motif: atom2 name is aroC
protocols.motifs.Motif: atom3 name is aroC
protocols.motifs.Motif: Res1 name is TYR
protocols.motifs.Motif: atom1 name is aroC
protocols.motifs.Motif: atom2 name is aroC
protocols.motifs.Motif: atom3 name is F
protocols.motifs.Motif: Res1 name is MET
protocols.motifs.Motif: atom1 name is NH2O
protocols.motifs.Motif: atom2 name is COO
protocols.motifs.Motif: atom3 name is ONH2
core.pack.task: Packer task: initialize from command line() 
core.pack.task: Packer task: initialize from command line() 
core.pack.task: Packer task: initialize from command line() 
protocols.moves.MonteCarlo: MonteCarlo:: last_accepted_score,lowest_score: -1070.66 -1071.37
protocols.motifs.Motif: Res1 name is LEU
protocols.motifs.Motif: atom1 name is Ntrp
protocols.motifs.Motif: atom2 name is COO
protocols.motifs.Motif: atom3 name is ONH2
protocols.motifs.Motif: Res1 name is TYR
protocols.motifs.Motif: atom1 name is aroC
protocols.motifs.Motif: atom2 name is aroC
protocols.motifs.Motif: atom3 name is F
core.pack.task: Packer task: initialize from command line() 
core.pack.task: Packer task: initialize from command line() 
core.pack.task: Packer task: initialize from command line() 
protocols.moves.MonteCarlo: MonteCarlo:: last_accepted_score,lowest_score: -1076.6 -1076.6
protocols.motifs.Motif: Res1 name is LEU
protocols.motifs.Motif: atom1 name is Ntrp
protocols.motifs.Motif: atom2 name is COO
protocols.motifs.Motif: atom3 name is ONH2
protocols.motifs.Motif: Res1 name is TYR
protocols.motifs.Motif: atom1 name is aroC
protocols.motifs.Motif: atom2 name is aroC
protocols.motifs.Motif: atom3 name is F
protocols.motifs.Motif: Res1 name is LEU
protocols.motifs.Motif: atom1 name is aroC
protocols.motifs.Motif: atom2 name is aroC
protocols.motifs.Motif: atom3 name is Ntrp
protocols.motifs.Motif: Res1 name is PHE
protocols.motifs.Motif: atom1 name is Ntrp
protocols.motifs.Motif: atom2 name is COO
protocols.motifs.Motif: atom3 name is ONH2
core.pack.task: Packer task: initialize from command line() 
core.pack.task: Packer task: initialize from command line() 
core.pack.task: Packer task: initialize from command line() 
protocols.moves.MonteCarlo: MonteCarlo:: last_accepted_score,lowest_score: -1070.95 -1070.95
protocols.motifs.Motif: Res1 name is LEU
protocols.motifs.Motif: atom1 name is aroC
protocols.motifs.Motif: atom2 name is aroC
protocols.motifs.Motif: atom3 name is F
protocols.motifs.Motif: Res1 name is GLU
protocols.motifs.Motif: atom1 name is CH3
protocols.motifs.Motif: atom2 name is aroC
protocols.motifs.Motif: atom3 name is aroC
core.pack.task: Packer task: initialize from command line() 
core.pack.task: Packer task: initialize from command line() 
core.pack.task: Packer task: initialize from command line() 
protocols.moves.MonteCarlo: MonteCarlo:: last_accepted_score,lowest_score: -1072.44 -1072.44
protocols.motifs.Motif: Res1 name is LYS
protocols.motifs.Motif: atom1 name is Ntrp
protocols.motifs.Motif: atom2 name is COO
protocols.motifs.Motif: atom3 name is ONH2
protocols.motifs.Motif: Res1 name is LEU
protocols.motifs.Motif: atom1 name is aroC
protocols.motifs.Motif: atom2 name is aroC
protocols.motifs.Motif: atom3 name is Ntrp
protocols.motifs.Motif: Res1 name is TYR
protocols.motifs.Motif: atom1 name is Ntrp
protocols.motifs.Motif: atom2 name is COO
protocols.motifs.Motif: atom3 name is ONH2
core.pack.task: Packer task: initialize from command line() 
core.pack.task: Packer task: initialize from command line() 
core.pack.task: Packer task: initialize from command line() 
protocols.moves.MonteCarlo: MonteCarlo:: last_accepted_score,lowest_score: -1070.27 -1070.27
protocols.motifs.Motif: Res1 name is LEU
protocols.motifs.Motif: atom1 name is aroC
protocols.motifs.Motif: atom2 name is aroC
protocols.motifs.Motif: atom3 name is aroC
protocols.motifs.Motif: Res1 name is ASP
protocols.motifs.Motif: atom1 name is Ntrp
protocols.motifs.Motif: atom2 name is COO
protocols.motifs.Motif: atom3 name is ONH2
protocols.motifs.Motif: Res1 name is LEU
protocols.motifs.Motif: atom1 name is aroC
protocols.motifs.Motif: atom2 name is aroC
protocols.motifs.Motif: atom3 name is Ntrp
protocols.motifs.Motif: Res1 name is PHE
protocols.motifs.Motif: atom1 name is aroC
protocols.motifs.Motif: atom2 name is aroC
protocols.motifs.Motif: atom3 name is Ntrp
core.pack.task: Packer task: initialize from command line() 
core.pack.task: Packer task: initialize from command line() 
core.pack.task: Packer task: initialize from command line() 
protocols.moves.MonteCarlo: MonteCarlo:: last_accepted_score,lowest_score: -1070.94 -1072.29
protocols.motifs.Motif: Res1 name is LYS
protocols.motifs.Motif: atom1 name is CH3
protocols.motifs.Motif: atom2 name is aroC
protocols.motifs.Motif: atom3 name is aroC
protocols.motifs.Motif: Res1 name is LEU
protocols.motifs.Motif: atom1 name is aroC
protocols.motifs.Motif: atom2 name is aroC
protocols.motifs.Motif: atom3 name is F
protocols.motifs.Motif: Res1 name is TYR
protocols.motifs.Motif: atom1 name is CH3
protocols.motifs.Motif: atom2 name is aroC
protocols.motifs.Motif: atom3 name is aroC
protocols.motifs.Motif: Res1 name is GLU
protocols.motifs.Motif: atom1 name is NH2O
protocols.motifs.Motif: atom2 name is COO
protocols.motifs.Motif: atom3 name is ONH2
core.pack.task: Packer task: initialize from command line() 
core.pack.task: Packer task: initialize from command line() 
core.pack.task: Packer task: initialize from command line() 
protocols.moves.MonteCarlo: MonteCarlo:: last_accepted_score,lowest_score: -1073.35 -1073.35
protocols.motifs.Motif: Res1 name is LEU
protocols.motifs.Motif: atom1 name is Ntrp
protocols.motifs.Motif: atom2 name is COO
protocols.motifs.Motif: atom3 name is ONH2
protocols.motifs.Motif: Res1 name is TYR
protocols.motifs.Motif: atom1 name is aroC
protocols.motifs.Motif: atom2 name is aroC
protocols.motifs.Motif: atom3 name is F
protocols.motifs.Motif: Res1 name is LEU
protocols.motifs.Motif: atom1 name is aroC
protocols.motifs.Motif: atom2 name is aroC
protocols.motifs.Motif: atom3 name is aroC
protocols.motifs.Motif: Res1 name is PHE
protocols.motifs.Motif: atom1 name is Ntrp
protocols.motifs.Motif: atom2 name is COO
protocols.motifs.Motif: atom3 name is ONH2
core.pack.task: Packer task: initialize from command line() 
core.pack.task: Packer task: initialize from command line() 
core.pack.task: Packer task: initialize from command line() 
protocols.moves.MonteCarlo: MonteCarlo:: last_accepted_score,lowest_score: -1074.69 -1074.73
protocols.motifs.Motif: Res1 name is LEU
protocols.motifs.Motif: atom1 name is aroC
protocols.motifs.Motif: atom2 name is aroC
protocols.motifs.Motif: atom3 name is Ntrp
protocols.motifs.Motif: Res1 name is TYR
protocols.motifs.Motif: atom1 name is Ntrp
protocols.motifs.Motif: atom2 name is COO
protocols.motifs.Motif: atom3 name is ONH2
protocols.motifs.Motif: Res1 name is LEU
protocols.motifs.Motif: atom1 name is aroC
protocols.motifs.Motif: atom2 name is aroC
protocols.motifs.Motif: atom3 name is aroC
protocols.motifs.Motif: Res1 name is PHE
protocols.motifs.Motif: atom1 name is aroC
protocols.motifs.Motif: atom2 name is aroC
protocols.motifs.Motif: atom3 name is F
core.pack.task: Packer task: initialize from command line() 
core.pack.task: Packer task: initialize from command line() 
core.pack.task: Packer task: initialize from command line() 
protocols.moves.MonteCarlo: MonteCarlo:: last_accepted_score,lowest_score: -1075.36 -1075.89
protocols.motifs.Motif: Res1 name is LEU
protocols.motifs.Motif: atom1 name is aroC
protocols.motifs.Motif: atom2 name is aroC
protocols.motifs.Motif: atom3 name is COO
protocols.motifs.Motif: Res1 name is TYR
protocols.motifs.Motif: atom1 name is Ntrp
protocols.motifs.Motif: atom2 name is COO
protocols.motifs.Motif: atom3 name is ONH2
protocols.motifs.Motif: Res1 name is LEU
protocols.motifs.Motif: atom1 name is aroC
protocols.motifs.Motif: atom2 name is aroC
protocols.motifs.Motif: atom3 name is aroC
core.pack.task: Packer task: initialize from command line() 
core.pack.task: Packer task: initialize from command line() 
core.pack.task: Packer task: initialize from command line() 
protocols.moves.MonteCarlo: MonteCarlo:: last_accepted_score,lowest_score: -1080.39 -1080.39
protocols.motifs.Motif: Res1 name is LEU
protocols.motifs.Motif: atom1 name is Ntrp
protocols.motifs.Motif: atom2 name is COO
protocols.motifs.Motif: atom3 name is ONH2
protocols.motifs.Motif: Res1 name is VAL
protocols.motifs.Motif: atom1 name is aroC
protocols.motifs.Motif: atom2 name is aroC
protocols.motifs.Motif: atom3 name is Ntrp
protocols.motifs.Motif: Res1 name is ALA
protocols.motifs.Motif: atom1 name is aroC
protocols.motifs.Motif: atom2 name is aroC
protocols.motifs.Motif: atom3 name is aroC
protocols.motifs.Motif: Res1 name is VAL
protocols.motifs.Motif: atom1 name is aroC
protocols.motifs.Motif: atom2 name is aroC
protocols.motifs.Motif: atom3 name is F
protocols.motifs.Motif: Res1 name is TYR
protocols.motifs.Motif: atom1 name is aroC
protocols.motifs.Motif: atom2 name is aroC
protocols.motifs.Motif: atom3 name is F
protocols.motifs.Motif: Res1 name is LEU
protocols.motifs.Motif: atom1 name is aroC
protocols.motifs.Motif: atom2 name is aroC
protocols.motifs.Motif: atom3 name is COO
protocols.motifs.Motif: Res1 name is PHE
protocols.motifs.Motif: atom1 name is Ntrp
protocols.motifs.Motif: atom2 name is COO
protocols.motifs.Motif: atom3 name is ONH2
core.pack.task: Packer task: initialize from command line() 
core.pack.task: Packer task: initialize from command line() 
core.pack.task: Packer task: initialize from command line() 
protocols.moves.MonteCarlo: MonteCarlo:: last_accepted_score,lowest_score: -1075.32 -1075.89
protocols.motifs.Motif: Res1 name is LEU
protocols.motifs.Motif: atom1 name is aroC
protocols.motifs.Motif: atom2 name is aroC
protocols.motifs.Motif: atom3 name is Ntrp
protocols.motifs.Motif: Res1 name is TYR
protocols.motifs.Motif: atom1 name is aroC
protocols.motifs.Motif: atom2 name is aroC
protocols.motifs.Motif: atom3 name is F
protocols.motifs.Motif: Res1 name is PHE
protocols.motifs.Motif: atom1 name is Ntrp
protocols.motifs.Motif: atom2 name is COO
protocols.motifs.Motif: atom3 name is ONH2
core.pack.task: Packer task: initialize from command line() 
core.pack.task: Packer task: initialize from command line() 
core.pack.task: Packer task: initialize from command line() 
protocols.moves.MonteCarlo: MonteCarlo:: last_accepted_score,lowest_score: -1068.01 -1069.12
protocols.motifs.Motif: Res1 name is LYS
protocols.motifs.Motif: atom1 name is CH3
protocols.motifs.Motif: atom2 name is aroC
protocols.motifs.Motif: atom3 name is aroC
protocols.motifs.Motif: Res1 name is LEU
protocols.motifs.Motif: atom1 name is aroC
protocols.motifs.Motif: atom2 name is aroC
protocols.motifs.Motif: atom3 name is aroC
core.pack.task: Packer task: initialize from command line() 
core.pack.task: Packer task: initialize from command line() 
core.pack.task: Packer task: initialize from command line() 
protocols.moves.MonteCarlo: MonteCarlo:: last_accepted_score,lowest_score: -1074.02 -1074.73
protocols.motifs.Motif: Res1 name is LEU
protocols.motifs.Motif: atom1 name is CH3
protocols.motifs.Motif: atom2 name is aroC
protocols.motifs.Motif: atom3 name is aroC
protocols.motifs.Motif: Res1 name is TYR
protocols.motifs.Motif: atom1 name is aroC
protocols.motifs.Motif: atom2 name is aroC
protocols.motifs.Motif: atom3 name is Ntrp
protocols.motifs.Motif: Res1 name is LEU
protocols.motifs.Motif: atom1 name is aroC
protocols.motifs.Motif: atom2 name is aroC
protocols.motifs.Motif: atom3 name is aroC
protocols.motifs.Motif: Res1 name is PHE
protocols.motifs.Motif: atom1 name is aroC
protocols.motifs.Motif: atom2 name is aroC
protocols.motifs.Motif: atom3 name is aroC
core.pack.task: Packer task: initialize from command line() 
core.pack.task: Packer task: initialize from command line() 
core.pack.task: Packer task: initialize from command line() 
protocols.moves.MonteCarlo: MonteCarlo:: last_accepted_score,lowest_score: -1044.48 -1044.48
protocols.motifs.Motif: Res1 name is LEU
protocols.motifs.Motif: atom1 name is Ntrp
protocols.motifs.Motif: atom2 name is COO
protocols.motifs.Motif: atom3 name is ONH2
protocols.motifs.Motif: Res1 name is TYR
protocols.motifs.Motif: atom1 name is aroC
protocols.motifs.Motif: atom2 name is aroC
protocols.motifs.Motif: atom3 name is F
protocols.motifs.Motif: Res1 name is LEU
protocols.motifs.Motif: atom1 name is aroC
protocols.motifs.Motif: atom2 name is aroC
protocols.motifs.Motif: atom3 name is Ntrp
core.pack.task: Packer task: initialize from command line() 
core.pack.task: Packer task: initialize from command line() 
core.pack.task: Packer task: initialize from command line() 
protocols.moves.MonteCarlo: MonteCarlo:: last_accepted_score,lowest_score: -1073.55 -1073.55
protocols.motifs.Motif: Res1 name is LYS
protocols.motifs.Motif: atom1 name is CH3
protocols.motifs.Motif: atom2 name is aroC
protocols.motifs.Motif: atom3 name is aroC
protocols.motifs.Motif: Res1 name is LEU
protocols.motifs.Motif: atom1 name is Ntrp
protocols.motifs.Motif: atom2 name is COO
protocols.motifs.Motif: atom3 name is ONH2
protocols.motifs.Motif: Res1 name is TYR
protocols.motifs.Motif: atom1 name is aroC
protocols.motifs.Motif: atom2 name is aroC
protocols.motifs.Motif: atom3 name is F
protocols.motifs.Motif: Res1 name is LEU
protocols.motifs.Motif: atom1 name is aroC
protocols.motifs.Motif: atom2 name is aroC
protocols.motifs.Motif: atom3 name is aroC
core.pack.task: Packer task: initialize from command line() 
core.pack.task: Packer task: initialize from command line() 
core.pack.task: Packer task: initialize from command line() 
protocols.moves.MonteCarlo: MonteCarlo:: last_accepted_score,lowest_score: -1072.94 -1072.94
protocols.motifs.Motif: Res1 name is LYS
protocols.motifs.Motif: atom1 name is CH3
protocols.motifs.Motif: atom2 name is aroC
protocols.motifs.Motif: atom3 name is aroC
protocols.motifs.Motif: Res1 name is LEU
protocols.motifs.Motif: atom1 name is aroC
protocols.motifs.Motif: atom2 name is aroC
protocols.motifs.Motif: atom3 name is F
protocols.motifs.Motif: Res1 name is TYR
protocols.motifs.Motif: atom1 name is CH3
protocols.motifs.Motif: atom2 name is aroC
protocols.motifs.Motif: atom3 name is aroC
protocols.motifs.Motif: Res1 name is GLU
protocols.motifs.Motif: atom1 name is CH3
protocols.motifs.Motif: atom2 name is aroC
protocols.motifs.Motif: atom3 name is aroC
protocols.motifs.Motif: Res1 name is LEU
protocols.motifs.Motif: atom1 name is aroC
protocols.motifs.Motif: atom2 name is aroC
protocols.motifs.Motif: atom3 name is aroC
core.pack.task: Packer task: initialize from command line() 
core.pack.task: Packer task: initialize from command line() 
core.pack.task: Packer task: initialize from command line() 
protocols.moves.MonteCarlo: MonteCarlo:: last_accepted_score,lowest_score: -1076.27 -1076.27
protocols.motifs.Motif: Res1 name is LEU
protocols.motifs.Motif: atom1 name is aroC
protocols.motifs.Motif: atom2 name is aroC
protocols.motifs.Motif: atom3 name is aroC
protocols.motifs.Motif: Res1 name is TYR
protocols.motifs.Motif: atom1 name is Ntrp
protocols.motifs.Motif: atom2 name is COO
protocols.motifs.Motif: atom3 name is ONH2
protocols.motifs.Motif: Res1 name is LEU
protocols.motifs.Motif: atom1 name is aroC
protocols.motifs.Motif: atom2 name is aroC
protocols.motifs.Motif: atom3 name is aroC
core.pack.task: Packer task: initialize from command line() 
core.pack.task: Packer task: initialize from command line() 
core.pack.task: Packer task: initialize from command line() 
protocols.moves.MonteCarlo: MonteCarlo:: last_accepted_score,lowest_score: -1073.01 -1073.01
protocols.motifs.Motif: Res1 name is LEU
protocols.motifs.Motif: atom1 name is Ntrp
protocols.motifs.Motif: atom2 name is COO
protocols.motifs.Motif: atom3 name is ONH2
protocols.motifs.Motif: Res1 name is TYR
protocols.motifs.Motif: atom1 name is aroC
protocols.motifs.Motif: atom2 name is aroC
protocols.motifs.Motif: atom3 name is F
protocols.motifs.Motif: Res1 name is LEU
protocols.motifs.Motif: atom1 name is aroC
protocols.motifs.Motif: atom2 name is aroC
protocols.motifs.Motif: atom3 name is Ntrp
protocols.motifs.Motif: Res1 name is PHE
protocols.motifs.Motif: atom1 name is Ntrp
protocols.motifs.Motif: atom2 name is COO
protocols.motifs.Motif: atom3 name is ONH2
core.pack.task: Packer task: initialize from command line() 
core.pack.task: Packer task: initialize from command line() 
core.pack.task: Packer task: initialize from command line() 
protocols.moves.MonteCarlo: MonteCarlo:: last_accepted_score,lowest_score: -1031.86 -1031.86
protocols.motifs.Motif: Res1 name is LEU
protocols.motifs.Motif: atom1 name is aroC
protocols.motifs.Motif: atom2 name is aroC
protocols.motifs.Motif: atom3 name is aroC
protocols.motifs.Motif: Res1 name is ASP
protocols.motifs.Motif: atom1 name is Ntrp
protocols.motifs.Motif: atom2 name is COO
protocols.motifs.Motif: atom3 name is ONH2
protocols.motifs.Motif: Res1 name is LEU
protocols.motifs.Motif: atom1 name is aroC
protocols.motifs.Motif: atom2 name is aroC
protocols.motifs.Motif: atom3 name is Ntrp
protocols.motifs.Motif: Res1 name is PHE
protocols.motifs.Motif: atom1 name is aroC
protocols.motifs.Motif: atom2 name is aroC
protocols.motifs.Motif: atom3 name is COO
core.pack.task: Packer task: initialize from command line() 
core.pack.task: Packer task: initialize from command line() 
core.pack.task: Packer task: initialize from command line() 
protocols.moves.MonteCarlo: MonteCarlo:: last_accepted_score,lowest_score: -1070.23 -1071.75
protocols.motifs.Motif: Res1 name is LEU
protocols.motifs.Motif: atom1 name is aroC
protocols.motifs.Motif: atom2 name is aroC
protocols.motifs.Motif: atom3 name is Ntrp
protocols.motifs.Motif: Res1 name is LEU
protocols.motifs.Motif: atom1 name is aroC
protocols.motifs.Motif: atom2 name is aroC
protocols.motifs.Motif: atom3 name is F
protocols.motifs.Motif: Res1 name is PHE
protocols.motifs.Motif: atom1 name is aroC
protocols.motifs.Motif: atom2 name is aroC
protocols.motifs.Motif: atom3 name is F
core.pack.task: Packer task: initialize from command line() 
core.pack.task: Packer task: initialize from command line() 
core.pack.task: Packer task: initialize from command line() 
protocols.moves.MonteCarlo: MonteCarlo:: last_accepted_score,lowest_score: -1076.91 -1077.46
protocols.motifs.Motif: Res1 name is LEU
protocols.motifs.Motif: atom1 name is CH3
protocols.motifs.Motif: atom2 name is aroC
protocols.motifs.Motif: atom3 name is aroC
protocols.motifs.Motif: Res1 name is TYR
protocols.motifs.Motif: atom1 name is Ntrp
protocols.motifs.Motif: atom2 name is COO
protocols.motifs.Motif: atom3 name is ONH2
protocols.motifs.Motif: Res1 name is LEU
protocols.motifs.Motif: atom1 name is aroC
protocols.motifs.Motif: atom2 name is aroC
protocols.motifs.Motif: atom3 name is Ntrp
protocols.motifs.Motif: Res1 name is PHE
protocols.motifs.Motif: atom1 name is aroC
protocols.motifs.Motif: atom2 name is aroC
protocols.motifs.Motif: atom3 name is F
core.pack.task: Packer task: initialize from command line() 
core.pack.task: Packer task: initialize from command line() 
core.pack.task: Packer task: initialize from command line() 
protocols.moves.MonteCarlo: MonteCarlo:: last_accepted_score,lowest_score: -1077.55 -1077.55
protocols.motifs.Motif: Res1 name is LEU
protocols.motifs.Motif: atom1 name is CH3
protocols.motifs.Motif: atom2 name is aroC
protocols.motifs.Motif: atom3 name is aroC
protocols.motifs.Motif: Res1 name is ALA
protocols.motifs.Motif: atom1 name is aroC
protocols.motifs.Motif: atom2 name is aroC
protocols.motifs.Motif: atom3 name is Ntrp
protocols.motifs.Motif: Res1 name is TYR
protocols.motifs.Motif: atom1 name is Ntrp
protocols.motifs.Motif: atom2 name is COO
protocols.motifs.Motif: atom3 name is ONH2
protocols.motifs.Motif: Res1 name is LEU
protocols.motifs.Motif: atom1 name is aroC
protocols.motifs.Motif: atom2 name is aroC
protocols.motifs.Motif: atom3 name is COO
protocols.motifs.Motif: Res1 name is PHE
protocols.motifs.Motif: atom1 name is CH3
protocols.motifs.Motif: atom2 name is aroC
protocols.motifs.Motif: atom3 name is aroC
core.pack.task: Packer task: initialize from command line() 
core.pack.task: Packer task: initialize from command line() 
core.pack.task: Packer task: initialize from command line() 
protocols.moves.MonteCarlo: MonteCarlo:: last_accepted_score,lowest_score: -1071.76 -1072.13
protocols.motifs.Motif: Res1 name is LEU
protocols.motifs.Motif: atom1 name is Ntrp
protocols.motifs.Motif: atom2 name is COO
protocols.motifs.Motif: atom3 name is ONH2
protocols.motifs.Motif: Res1 name is GLU
protocols.motifs.Motif: atom1 name is NH2O
protocols.motifs.Motif: atom2 name is COO
protocols.motifs.Motif: atom3 name is ONH2
protocols.motifs.Motif: Res1 name is PHE
protocols.motifs.Motif: atom1 name is aroC
protocols.motifs.Motif: atom2 name is aroC
protocols.motifs.Motif: atom3 name is aroC
core.pack.task: Packer task: initialize from command line() 
core.pack.task: Packer task: initialize from command line() 
core.pack.task: Packer task: initialize from command line() 
protocols.moves.MonteCarlo: MonteCarlo:: last_accepted_score,lowest_score: -1029.79 -1029.79
protocols.motifs.Motif: Res1 name is LYS
protocols.motifs.Motif: atom1 name is NH2O
protocols.motifs.Motif: atom2 name is COO
protocols.motifs.Motif: atom3 name is ONH2
protocols.motifs.Motif: Res1 name is LEU
protocols.motifs.Motif: atom1 name is aroC
protocols.motifs.Motif: atom2 name is COO
protocols.motifs.Motif: atom3 name is ONH2
protocols.motifs.Motif: Res1 name is ALA
protocols.motifs.Motif: atom1 name is aroC
protocols.motifs.Motif: atom2 name is aroC
protocols.motifs.Motif: atom3 name is Ntrp
protocols.motifs.Motif: Res1 name is TYR
protocols.motifs.Motif: atom1 name is CH3
protocols.motifs.Motif: atom2 name is aroC
protocols.motifs.Motif: atom3 name is Ntrp
protocols.motifs.Motif: Res1 name is LEU
protocols.motifs.Motif: atom1 name is aroC
protocols.motifs.Motif: atom2 name is aroC
protocols.motifs.Motif: atom3 name is aroC
protocols.motifs.Motif: Res1 name is PHE
protocols.motifs.Motif: atom1 name is aroC
protocols.motifs.Motif: atom2 name is aroC
protocols.motifs.Motif: atom3 name is F
core.pack.task: Packer task: initialize from command line() 
core.pack.task: Packer task: initialize from command line() 
core.pack.task: Packer task: initialize from command line() 
protocols.moves.MonteCarlo: MonteCarlo:: last_accepted_score,lowest_score: -1070.4 -1070.4
protocols.motifs.Motif: Res1 name is LEU
protocols.motifs.Motif: atom1 name is Ntrp
protocols.motifs.Motif: atom2 name is COO
protocols.motifs.Motif: atom3 name is ONH2
protocols.motifs.Motif: Res1 name is TYR
protocols.motifs.Motif: atom1 name is aroC
protocols.motifs.Motif: atom2 name is aroC
protocols.motifs.Motif: atom3 name is F
protocols.motifs.Motif: Res1 name is LEU
protocols.motifs.Motif: atom1 name is aroC
protocols.motifs.Motif: atom2 name is aroC
protocols.motifs.Motif: atom3 name is aroC
core.pack.task: Packer task: initialize from command line() 
core.pack.task: Packer task: initialize from command line() 
core.pack.task: Packer task: initialize from command line() 
protocols.moves.MonteCarlo: MonteCarlo:: last_accepted_score,lowest_score: -1074.85 -1075.32
protocols.motifs.Motif: Res1 name is LEU
protocols.motifs.Motif: atom1 name is aroC
protocols.motifs.Motif: atom2 name is aroC
protocols.motifs.Motif: atom3 name is Ntrp
protocols.motifs.Motif: Res1 name is TYR
protocols.motifs.Motif: atom1 name is aroC
protocols.motifs.Motif: atom2 name is aroC
protocols.motifs.Motif: atom3 name is Ntrp
protocols.motifs.Motif: Res1 name is ASP
protocols.motifs.Motif: atom1 name is NH2O
protocols.motifs.Motif: atom2 name is COO
protocols.motifs.Motif: atom3 name is ONH2
protocols.motifs.Motif: Res1 name is LEU
protocols.motifs.Motif: atom1 name is aroC
protocols.motifs.Motif: atom2 name is aroC
protocols.motifs.Motif: atom3 name is aroC
protocols.motifs.Motif: Res1 name is PHE
protocols.motifs.Motif: atom1 name is CH3
protocols.motifs.Motif: atom2 name is aroC
protocols.motifs.Motif: atom3 name is aroC
core.pack.task: Packer task: initialize from command line() 
core.pack.task: Packer task: initialize from command line() 
core.pack.task: Packer task: initialize from command line() 
protocols.moves.MonteCarlo: MonteCarlo:: last_accepted_score,lowest_score: -1076.25 -1076.25
protocols.motifs.Motif: Res1 name is LEU
protocols.motifs.Motif: atom1 name is aroC
protocols.motifs.Motif: atom2 name is aroC
protocols.motifs.Motif: atom3 name is Ntrp
protocols.motifs.Motif: Res1 name is TYR
protocols.motifs.Motif: atom1 name is aroC
protocols.motifs.Motif: atom2 name is aroC
protocols.motifs.Motif: atom3 name is F
protocols.motifs.Motif: Res1 name is PHE
protocols.motifs.Motif: atom1 name is Ntrp
protocols.motifs.Motif: atom2 name is COO
protocols.motifs.Motif: atom3 name is ONH2
core.pack.task: Packer task: initialize from command line() 
core.pack.task: Packer task: initialize from command line() 
core.pack.task: Packer task: initialize from command line() 
protocols.moves.MonteCarlo: MonteCarlo:: last_accepted_score,lowest_score: -1077.36 -1078.33
protocols.motifs.Motif: Res1 name is LEU
protocols.motifs.Motif: atom1 name is CH3
protocols.motifs.Motif: atom2 name is aroC
protocols.motifs.Motif: atom3 name is aroC
protocols.motifs.Motif: Res1 name is TYR
protocols.motifs.Motif: atom1 name is Ntrp
protocols.motifs.Motif: atom2 name is COO
protocols.motifs.Motif: atom3 name is ONH2
protocols.motifs.Motif: Res1 name is LEU
protocols.motifs.Motif: atom1 name is aroC
protocols.motifs.Motif: atom2 name is aroC
protocols.motifs.Motif: atom3 name is Ntrp
protocols.motifs.Motif: Res1 name is PHE
protocols.motifs.Motif: atom1 name is aroC
protocols.motifs.Motif: atom2 name is aroC
protocols.motifs.Motif: atom3 name is F
core.pack.task: Packer task: initialize from command line() 
core.pack.task: Packer task: initialize from command line() 
core.pack.task: Packer task: initialize from command line() 
protocols.moves.MonteCarlo: MonteCarlo:: last_accepted_score,lowest_score: -1071.2 -1071.33
protocols.motifs.Motif: Res1 name is LEU
protocols.motifs.Motif: atom1 name is CH3
protocols.motifs.Motif: atom2 name is aroC
protocols.motifs.Motif: atom3 name is aroC
protocols.motifs.Motif: Res1 name is VAL
protocols.motifs.Motif: atom1 name is aroC
protocols.motifs.Motif: atom2 name is aroC
protocols.motifs.Motif: atom3 name is F
protocols.motifs.Motif: Res1 name is LEU
protocols.motifs.Motif: atom1 name is aroC
protocols.motifs.Motif: atom2 name is aroC
protocols.motifs.Motif: atom3 name is Ntrp
protocols.motifs.Motif: Res1 name is PHE
protocols.motifs.Motif: atom1 name is aroC
protocols.motifs.Motif: atom2 name is aroC
protocols.motifs.Motif: atom3 name is aroC
core.pack.task: Packer task: initialize from command line() 
core.pack.task: Packer task: initialize from command line() 
core.pack.task: Packer task: initialize from command line() 
protocols.moves.MonteCarlo: MonteCarlo:: last_accepted_score,lowest_score: -1070.88 -1070.88
protocols.motifs.Motif: Res1 name is LEU
protocols.motifs.Motif: atom1 name is aroC
protocols.motifs.Motif: atom2 name is aroC
protocols.motifs.Motif: atom3 name is aroC
protocols.motifs.Motif: Res1 name is TYR
protocols.motifs.Motif: atom1 name is aroC
protocols.motifs.Motif: atom2 name is aroC
protocols.motifs.Motif: atom3 name is F
core.pack.task: Packer task: initialize from command line() 
core.pack.task: Packer task: initialize from command line() 
core.pack.task: Packer task: initialize from command line() 
protocols.moves.MonteCarlo: MonteCarlo:: last_accepted_score,lowest_score: -1071.5 -1071.5
protocols.motifs.Motif: Res1 name is LEU
protocols.motifs.Motif: atom1 name is aroC
protocols.motifs.Motif: atom2 name is aroC
protocols.motifs.Motif: atom3 name is aroC
protocols.motifs.Motif: Res1 name is TYR
protocols.motifs.Motif: atom1 name is aroC
protocols.motifs.Motif: atom2 name is aroC
protocols.motifs.Motif: atom3 name is F
protocols.motifs.Motif: Res1 name is LEU
protocols.motifs.Motif: atom1 name is aroC
protocols.motifs.Motif: atom2 name is aroC
protocols.motifs.Motif: atom3 name is Ntrp
protocols.motifs.Motif: Res1 name is PHE
protocols.motifs.Motif: atom1 name is Ntrp
protocols.motifs.Motif: atom2 name is COO
protocols.motifs.Motif: atom3 name is ONH2
core.pack.task: Packer task: initialize from command line() 
core.pack.task: Packer task: initialize from command line() 
core.pack.task: Packer task: initialize from command line() 
protocols.moves.MonteCarlo: MonteCarlo:: last_accepted_score,lowest_score: -1078.77 -1078.77
protocols.motifs.Motif: Res1 name is LEU
protocols.motifs.Motif: atom1 name is aroC
protocols.motifs.Motif: atom2 name is aroC
protocols.motifs.Motif: atom3 name is Ntrp
protocols.motifs.Motif: Res1 name is TYR
protocols.motifs.Motif: atom1 name is Ntrp
protocols.motifs.Motif: atom2 name is COO
protocols.motifs.Motif: atom3 name is ONH2
protocols.motifs.Motif: Res1 name is LEU
protocols.motifs.Motif: atom1 name is aroC
protocols.motifs.Motif: atom2 name is aroC
protocols.motifs.Motif: atom3 name is aroC
protocols.motifs.Motif: Res1 name is PHE
protocols.motifs.Motif: atom1 name is aroC
protocols.motifs.Motif: atom2 name is aroC
protocols.motifs.Motif: atom3 name is aroC
core.pack.task: Packer task: initialize from command line() 
core.pack.task: Packer task: initialize from command line() 
core.pack.task: Packer task: initialize from command line() 
protocols.moves.MonteCarlo: MonteCarlo:: last_accepted_score,lowest_score: -1073.33 -1073.33
protocols.motifs.Motif: Res1 name is LYS
protocols.motifs.Motif: atom1 name is CH3
protocols.motifs.Motif: atom2 name is aroC
protocols.motifs.Motif: atom3 name is aroC
protocols.motifs.Motif: Res1 name is LEU
protocols.motifs.Motif: atom1 name is aroC
protocols.motifs.Motif: atom2 name is aroC
protocols.motifs.Motif: atom3 name is aroC
protocols.motifs.Motif: Res1 name is TYR
protocols.motifs.Motif: atom1 name is aroC
protocols.motifs.Motif: atom2 name is aroC
protocols.motifs.Motif: atom3 name is F
protocols.motifs.Motif: Res1 name is GLU
protocols.motifs.Motif: atom1 name is CH3
protocols.motifs.Motif: atom2 name is aroC
protocols.motifs.Motif: atom3 name is aroC
protocols.motifs.Motif: Res1 name is LEU
protocols.motifs.Motif: atom1 name is aroC
protocols.motifs.Motif: atom2 name is aroC
protocols.motifs.Motif: atom3 name is aroC
core.pack.task: Packer task: initialize from command line() 
core.pack.task: Packer task: initialize from command line() 
core.pack.task: Packer task: initialize from command line() 
protocols.moves.MonteCarlo: MonteCarlo:: last_accepted_score,lowest_score: -1072.37 -1072.37
protocols.motifs.Motif: Res1 name is LEU
protocols.motifs.Motif: atom1 name is aroC
protocols.motifs.Motif: atom2 name is aroC
protocols.motifs.Motif: atom3 name is aroC
protocols.motifs.Motif: Res1 name is VAL
protocols.motifs.Motif: atom1 name is aroC
protocols.motifs.Motif: atom2 name is aroC
protocols.motifs.Motif: atom3 name is F
protocols.motifs.Motif: Res1 name is PHE
protocols.motifs.Motif: atom1 name is aroC
protocols.motifs.Motif: atom2 name is aroC
protocols.motifs.Motif: atom3 name is aroC
core.pack.task: Packer task: initialize from command line() 
core.pack.task: Packer task: initialize from command line() 
core.pack.task: Packer task: initialize from command line() 
protocols.moves.MonteCarlo: MonteCarlo:: last_accepted_score,lowest_score: -1073.71 -1073.71
protocols.motifs.Motif: Res1 name is LEU
protocols.motifs.Motif: atom1 name is Ntrp
protocols.motifs.Motif: atom2 name is COO
protocols.motifs.Motif: atom3 name is ONH2
protocols.motifs.Motif: Res1 name is TYR
protocols.motifs.Motif: atom1 name is aroC
protocols.motifs.Motif: atom2 name is aroC
protocols.motifs.Motif: atom3 name is F
protocols.motifs.Motif: Res1 name is ASN
protocols.motifs.Motif: atom1 name is NH2O
protocols.motifs.Motif: atom2 name is COO
protocols.motifs.Motif: atom3 name is ONH2
protocols.motifs.Motif: Res1 name is LEU
protocols.motifs.Motif: atom1 name is aroC
protocols.motifs.Motif: atom2 name is aroC
protocols.motifs.Motif: atom3 name is Ntrp
protocols.motifs.Motif: Res1 name is PHE
protocols.motifs.Motif: atom1 name is Ntrp
protocols.motifs.Motif: atom2 name is COO
protocols.motifs.Motif: atom3 name is ONH2
core.pack.task: Packer task: initialize from command line() 
core.pack.task: Packer task: initialize from command line() 
core.pack.task: Packer task: initialize from command line() 
protocols.moves.MonteCarlo: MonteCarlo:: last_accepted_score,lowest_score: -1072.34 -1072.37
protocols.motifs.Motif: Res1 name is LEU
protocols.motifs.Motif: atom1 name is aroC
protocols.motifs.Motif: atom2 name is aroC
protocols.motifs.Motif: atom3 name is aroC
protocols.motifs.Motif: Res1 name is TYR
protocols.motifs.Motif: atom1 name is aroC
protocols.motifs.Motif: atom2 name is aroC
protocols.motifs.Motif: atom3 name is F
protocols.motifs.Motif: Res1 name is ASP
protocols.motifs.Motif: atom1 name is Ntrp
protocols.motifs.Motif: atom2 name is COO
protocols.motifs.Motif: atom3 name is ONH2
protocols.motifs.Motif: Res1 name is LEU
protocols.motifs.Motif: atom1 name is Ntrp
protocols.motifs.Motif: atom2 name is COO
protocols.motifs.Motif: atom3 name is ONH2
protocols.motifs.Motif: Res1 name is PHE
protocols.motifs.Motif: atom1 name is Ntrp
protocols.motifs.Motif: atom2 name is COO
protocols.motifs.Motif: atom3 name is ONH2
core.pack.task: Packer task: initialize from command line() 
core.pack.task: Packer task: initialize from command line() 
core.pack.task: Packer task: initialize from command line() 
protocols.moves.MonteCarlo: MonteCarlo:: last_accepted_score,lowest_score: -1072.72 -1072.72
protocols.motifs.Motif: Res1 name is LEU
protocols.motifs.Motif: atom1 name is aroC
protocols.motifs.Motif: atom2 name is aroC
protocols.motifs.Motif: atom3 name is F
protocols.motifs.Motif: Res1 name is ASP
protocols.motifs.Motif: atom1 name is Ntrp
protocols.motifs.Motif: atom2 name is COO
protocols.motifs.Motif: atom3 name is ONH2
protocols.motifs.Motif: Res1 name is ASN
protocols.motifs.Motif: atom1 name is NH2O
protocols.motifs.Motif: atom2 name is COO
protocols.motifs.Motif: atom3 name is ONH2
protocols.motifs.Motif: Res1 name is LEU
protocols.motifs.Motif: atom1 name is aroC
protocols.motifs.Motif: atom2 name is aroC
protocols.motifs.Motif: atom3 name is Ntrp
protocols.motifs.Motif: Res1 name is PHE
protocols.motifs.Motif: atom1 name is Ntrp
protocols.motifs.Motif: atom2 name is COO
protocols.motifs.Motif: atom3 name is ONH2
core.pack.task: Packer task: initialize from command line() 
core.pack.task: Packer task: initialize from command line() 
core.pack.task: Packer task: initialize from command line() 
protocols.moves.MonteCarlo: MonteCarlo:: last_accepted_score,lowest_score: -1076.89 -1076.89
protocols.motifs.Motif: Res1 name is LEU
protocols.motifs.Motif: atom1 name is aroC
protocols.motifs.Motif: atom2 name is aroC
protocols.motifs.Motif: atom3 name is Ntrp
protocols.motifs.Motif: Res1 name is LEU
protocols.motifs.Motif: atom1 name is aroC
protocols.motifs.Motif: atom2 name is aroC
protocols.motifs.Motif: atom3 name is aroC
protocols.motifs.Motif: Res1 name is PHE
protocols.motifs.Motif: atom1 name is Ntrp
protocols.motifs.Motif: atom2 name is COO
protocols.motifs.Motif: atom3 name is ONH2
core.pack.task: Packer task: initialize from command line() 
core.pack.task: Packer task: initialize from command line() 
core.pack.task: Packer task: initialize from command line() 
protocols.moves.MonteCarlo: MonteCarlo:: last_accepted_score,lowest_score: -1070.93 -1070.93
protocols.motifs.Motif: Res1 name is LEU
protocols.motifs.Motif: atom1 name is aroC
protocols.motifs.Motif: atom2 name is aroC
protocols.motifs.Motif: atom3 name is aroC
protocols.motifs.Motif: Res1 name is ASP
protocols.motifs.Motif: atom1 name is Ntrp
protocols.motifs.Motif: atom2 name is COO
protocols.motifs.Motif: atom3 name is ONH2
protocols.motifs.Motif: Res1 name is LEU
protocols.motifs.Motif: atom1 name is aroC
protocols.motifs.Motif: atom2 name is aroC
protocols.motifs.Motif: atom3 name is Ntrp
protocols.motifs.Motif: Res1 name is PHE
protocols.motifs.Motif: atom1 name is aroC
protocols.motifs.Motif: atom2 name is aroC
protocols.motifs.Motif: atom3 name is aroC
core.pack.task: Packer task: initialize from command line() 
core.pack.task: Packer task: initialize from command line() 
core.pack.task: Packer task: initialize from command line() 
protocols.moves.MonteCarlo: MonteCarlo:: last_accepted_score,lowest_score: -1070.31 -1070.79
protocols.motifs.Motif: Res1 name is ASP
protocols.motifs.Motif: atom1 name is Ntrp
protocols.motifs.Motif: atom2 name is COO
protocols.motifs.Motif: atom3 name is ONH2
protocols.motifs.Motif: Res1 name is ASN
protocols.motifs.Motif: atom1 name is aroC
protocols.motifs.Motif: atom2 name is aroC
protocols.motifs.Motif: atom3 name is Ntrp
protocols.motifs.Motif: Res1 name is ARG
protocols.motifs.Motif: atom1 name is NH2O
protocols.motifs.Motif: atom2 name is COO
protocols.motifs.Motif: atom3 name is ONH2
core.pack.task: Packer task: initialize from command line() 
core.pack.task: Packer task: initialize from command line() 
core.pack.task: Packer task: initialize from command line() 
protocols.moves.MonteCarlo: MonteCarlo:: last_accepted_score,lowest_score: -1071.99 -1071.99
protocols.motifs.Motif: Res1 name is LEU
protocols.motifs.Motif: atom1 name is aroC
protocols.motifs.Motif: atom2 name is aroC
protocols.motifs.Motif: atom3 name is aroC
protocols.motifs.Motif: Res1 name is TYR
protocols.motifs.Motif: atom1 name is aroC
protocols.motifs.Motif: atom2 name is aroC
protocols.motifs.Motif: atom3 name is F
protocols.motifs.Motif: Res1 name is LEU
protocols.motifs.Motif: atom1 name is aroC
protocols.motifs.Motif: atom2 name is aroC
protocols.motifs.Motif: atom3 name is aroC
protocols.motifs.Motif: Res1 name is PHE
protocols.motifs.Motif: atom1 name is Ntrp
protocols.motifs.Motif: atom2 name is COO
protocols.motifs.Motif: atom3 name is ONH2
core.pack.task: Packer task: initialize from command line() 
core.pack.task: Packer task: initialize from command line() 
core.pack.task: Packer task: initialize from command line() 
protocols.moves.MonteCarlo: MonteCarlo:: last_accepted_score,lowest_score: -1066.91 -1066.91
protocols.motifs.Motif: Res1 name is LEU
protocols.motifs.Motif: atom1 name is aroC
protocols.motifs.Motif: atom2 name is aroC
protocols.motifs.Motif: atom3 name is aroC
protocols.motifs.Motif: Res1 name is TYR
protocols.motifs.Motif: atom1 name is aroC
protocols.motifs.Motif: atom2 name is aroC
protocols.motifs.Motif: atom3 name is F
protocols.motifs.Motif: Res1 name is LEU
protocols.motifs.Motif: atom1 name is aroC
protocols.motifs.Motif: atom2 name is aroC
protocols.motifs.Motif: atom3 name is Ntrp
protocols.motifs.Motif: Res1 name is PHE
protocols.motifs.Motif: atom1 name is Ntrp
protocols.motifs.Motif: atom2 name is COO
protocols.motifs.Motif: atom3 name is ONH2
core.pack.task: Packer task: initialize from command line() 
core.pack.task: Packer task: initialize from command line() 
core.pack.task: Packer task: initialize from command line() 
protocols.moves.MonteCarlo: MonteCarlo:: last_accepted_score,lowest_score: -1070.61 -1071.47
protocols.motifs.Motif: Res1 name is LEU
protocols.motifs.Motif: atom1 name is aroC
protocols.motifs.Motif: atom2 name is aroC
protocols.motifs.Motif: atom3 name is F
protocols.motifs.Motif: Res1 name is ASP
protocols.motifs.Motif: atom1 name is Ntrp
protocols.motifs.Motif: atom2 name is COO
protocols.motifs.Motif: atom3 name is ONH2
protocols.motifs.Motif: Res1 name is LEU
protocols.motifs.Motif: atom1 name is aroC
protocols.motifs.Motif: atom2 name is aroC
protocols.motifs.Motif: atom3 name is Ntrp
protocols.motifs.Motif: Res1 name is PHE
protocols.motifs.Motif: atom1 name is Ntrp
protocols.motifs.Motif: atom2 name is COO
protocols.motifs.Motif: atom3 name is ONH2
core.pack.task: Packer task: initialize from command line() 
core.pack.task: Packer task: initialize from command line() 
core.pack.task: Packer task: initialize from command line() 
protocols.moves.MonteCarlo: MonteCarlo:: last_accepted_score,lowest_score: -1071.91 -1071.91
protocols.motifs.Motif: Res1 name is LEU
protocols.motifs.Motif: atom1 name is Ntrp
protocols.motifs.Motif: atom2 name is COO
protocols.motifs.Motif: atom3 name is ONH2
protocols.motifs.Motif: Res1 name is TYR
protocols.motifs.Motif: atom1 name is aroC
protocols.motifs.Motif: atom2 name is aroC
protocols.motifs.Motif: atom3 name is F
protocols.motifs.Motif: Res1 name is LEU
protocols.motifs.Motif: atom1 name is aroC
protocols.motifs.Motif: atom2 name is aroC
protocols.motifs.Motif: atom3 name is aroC
protocols.motifs.Motif: Res1 name is PHE
protocols.motifs.Motif: atom1 name is Ntrp
protocols.motifs.Motif: atom2 name is COO
protocols.motifs.Motif: atom3 name is ONH2
core.pack.task: Packer task: initialize from command line() 
core.pack.task: Packer task: initialize from command line() 
core.pack.task: Packer task: initialize from command line() 
protocols.moves.MonteCarlo: MonteCarlo:: last_accepted_score,lowest_score: -1080.99 -1080.99
protocols.motifs.Motif: Res1 name is LEU
protocols.motifs.Motif: atom1 name is CH3
protocols.motifs.Motif: atom2 name is aroC
protocols.motifs.Motif: atom3 name is aroC
protocols.motifs.Motif: Res1 name is VAL
protocols.motifs.Motif: atom1 name is aroC
protocols.motifs.Motif: atom2 name is aroC
protocols.motifs.Motif: atom3 name is F
protocols.motifs.Motif: Res1 name is ALA
protocols.motifs.Motif: atom1 name is Ntrp
protocols.motifs.Motif: atom2 name is COO
protocols.motifs.Motif: atom3 name is ONH2
protocols.motifs.Motif: Res1 name is TYR
protocols.motifs.Motif: atom1 name is Ntrp
protocols.motifs.Motif: atom2 name is COO
protocols.motifs.Motif: atom3 name is ONH2
protocols.motifs.Motif: Res1 name is LEU
protocols.motifs.Motif: atom1 name is aroC
protocols.motifs.Motif: atom2 name is aroC
protocols.motifs.Motif: atom3 name is COO
protocols.motifs.Motif: Res1 name is CYS
protocols.motifs.Motif: atom1 name is aroC
protocols.motifs.Motif: atom2 name is aroC
protocols.motifs.Motif: atom3 name is aroC
protocols.motifs.Motif: Res1 name is PHE
protocols.motifs.Motif: atom1 name is aroC
protocols.motifs.Motif: atom2 name is aroC
protocols.motifs.Motif: atom3 name is aroC
core.pack.task: Packer task: initialize from command line() 
core.pack.task: Packer task: initialize from command line() 
core.pack.task: Packer task: initialize from command line() 
protocols.moves.MonteCarlo: MonteCarlo:: last_accepted_score,lowest_score: -1078.85 -1080.16
protocols.motifs.Motif: Res1 name is LEU
protocols.motifs.Motif: atom1 name is Ntrp
protocols.motifs.Motif: atom2 name is COO
protocols.motifs.Motif: atom3 name is ONH2
protocols.motifs.Motif: Res1 name is VAL
protocols.motifs.Motif: atom1 name is aroC
protocols.motifs.Motif: atom2 name is aroC
protocols.motifs.Motif: atom3 name is Ntrp
protocols.motifs.Motif: Res1 name is ALA
protocols.motifs.Motif: atom1 name is aroC
protocols.motifs.Motif: atom2 name is aroC
protocols.motifs.Motif: atom3 name is aroC
protocols.motifs.Motif: Res1 name is VAL
protocols.motifs.Motif: atom1 name is aroC
protocols.motifs.Motif: atom2 name is aroC
protocols.motifs.Motif: atom3 name is F
protocols.motifs.Motif: Res1 name is TYR
protocols.motifs.Motif: atom1 name is aroC
protocols.motifs.Motif: atom2 name is aroC
protocols.motifs.Motif: atom3 name is F
protocols.motifs.Motif: Res1 name is LEU
protocols.motifs.Motif: atom1 name is aroC
protocols.motifs.Motif: atom2 name is aroC
protocols.motifs.Motif: atom3 name is COO
protocols.motifs.Motif: Res1 name is CYS
protocols.motifs.Motif: atom1 name is aroC
protocols.motifs.Motif: atom2 name is aroC
protocols.motifs.Motif: atom3 name is Ntrp
protocols.motifs.Motif: Res1 name is PHE
protocols.motifs.Motif: atom1 name is Ntrp
protocols.motifs.Motif: atom2 name is COO
protocols.motifs.Motif: atom3 name is ONH2
core.pack.task: Packer task: initialize from command line() 
core.pack.task: Packer task: initialize from command line() 
core.pack.task: Packer task: initialize from command line() 
protocols.moves.MonteCarlo: MonteCarlo:: last_accepted_score,lowest_score: -1069.81 -1069.81
protocols.motifs.Motif: Res1 name is LEU
protocols.motifs.Motif: atom1 name is aroC
protocols.motifs.Motif: atom2 name is aroC
protocols.motifs.Motif: atom3 name is F
protocols.motifs.Motif: Res1 name is TYR
protocols.motifs.Motif: atom1 name is aroC
protocols.motifs.Motif: atom2 name is aroC
protocols.motifs.Motif: atom3 name is F
protocols.motifs.Motif: Res1 name is LEU
protocols.motifs.Motif: atom1 name is aroC
protocols.motifs.Motif: atom2 name is aroC
protocols.motifs.Motif: atom3 name is Ntrp
protocols.motifs.Motif: Res1 name is PHE
protocols.motifs.Motif: atom1 name is Ntrp
protocols.motifs.Motif: atom2 name is COO
protocols.motifs.Motif: atom3 name is ONH2
core.pack.task: Packer task: initialize from command line() 
core.pack.task: Packer task: initialize from command line() 
core.pack.task: Packer task: initialize from command line() 
protocols.moves.MonteCarlo: MonteCarlo:: last_accepted_score,lowest_score: -1075.15 -1075.15
protocols.motifs.Motif: Res1 name is LYS
protocols.motifs.Motif: atom1 name is NH2O
protocols.motifs.Motif: atom2 name is COO
protocols.motifs.Motif: atom3 name is ONH2
protocols.motifs.Motif: Res1 name is LEU
protocols.motifs.Motif: atom1 name is CH3
protocols.motifs.Motif: atom2 name is aroC
protocols.motifs.Motif: atom3 name is aroC
protocols.motifs.Motif: Res1 name is VAL
protocols.motifs.Motif: atom1 name is aroC
protocols.motifs.Motif: atom2 name is aroC
protocols.motifs.Motif: atom3 name is F
protocols.motifs.Motif: Res1 name is TYR
protocols.motifs.Motif: atom1 name is Ntrp
protocols.motifs.Motif: atom2 name is COO
protocols.motifs.Motif: atom3 name is ONH2
protocols.motifs.Motif: Res1 name is LEU
protocols.motifs.Motif: atom1 name is aroC
protocols.motifs.Motif: atom2 name is aroC
protocols.motifs.Motif: atom3 name is Ntrp
protocols.motifs.Motif: Res1 name is PHE
protocols.motifs.Motif: atom1 name is aroC
protocols.motifs.Motif: atom2 name is aroC
protocols.motifs.Motif: atom3 name is F
core.pack.task: Packer task: initialize from command line() 
core.pack.task: Packer task: initialize from command line() 
core.pack.task: Packer task: initialize from command line() 
protocols.moves.MonteCarlo: MonteCarlo:: last_accepted_score,lowest_score: -1077.18 -1077.45
protocols.motifs.Motif: Res1 name is LEU
protocols.motifs.Motif: atom1 name is CH3
protocols.motifs.Motif: atom2 name is aroC
protocols.motifs.Motif: atom3 name is aroC
protocols.motifs.Motif: Res1 name is VAL
protocols.motifs.Motif: atom1 name is aroC
protocols.motifs.Motif: atom2 name is aroC
protocols.motifs.Motif: atom3 name is F
protocols.motifs.Motif: Res1 name is TYR
protocols.motifs.Motif: atom1 name is Ntrp
protocols.motifs.Motif: atom2 name is COO
protocols.motifs.Motif: atom3 name is ONH2
protocols.motifs.Motif: Res1 name is LEU
protocols.motifs.Motif: atom1 name is aroC
protocols.motifs.Motif: atom2 name is aroC
protocols.motifs.Motif: atom3 name is Ntrp
protocols.motifs.Motif: Res1 name is PHE
protocols.motifs.Motif: atom1 name is aroC
protocols.motifs.Motif: atom2 name is aroC
protocols.motifs.Motif: atom3 name is aroC
core.pack.task: Packer task: initialize from command line() 
core.pack.task: Packer task: initialize from command line() 
core.pack.task: Packer task: initialize from command line() 
protocols.moves.MonteCarlo: MonteCarlo:: last_accepted_score,lowest_score: -1070.33 -1070.33
protocols.motifs.Motif: Res1 name is LEU
protocols.motifs.Motif: atom1 name is aroC
protocols.motifs.Motif: atom2 name is aroC
protocols.motifs.Motif: atom3 name is aroC
protocols.motifs.Motif: Res1 name is VAL
protocols.motifs.Motif: atom1 name is aroC
protocols.motifs.Motif: atom2 name is aroC
protocols.motifs.Motif: atom3 name is F
protocols.motifs.Motif: Res1 name is PHE
protocols.motifs.Motif: atom1 name is aroC
protocols.motifs.Motif: atom2 name is aroC
protocols.motifs.Motif: atom3 name is aroC
core.pack.task: Packer task: initialize from command line() 
core.pack.task: Packer task: initialize from command line() 
core.pack.task: Packer task: initialize from command line() 
protocols.moves.MonteCarlo: MonteCarlo:: last_accepted_score,lowest_score: -1078.36 -1078.36
protocols.motifs.Motif: Res1 name is LEU
protocols.motifs.Motif: atom1 name is aroC
protocols.motifs.Motif: atom2 name is aroC
protocols.motifs.Motif: atom3 name is Ntrp
protocols.motifs.Motif: Res1 name is VAL
protocols.motifs.Motif: atom1 name is Ntrp
protocols.motifs.Motif: atom2 name is COO
protocols.motifs.Motif: atom3 name is ONH2
protocols.motifs.Motif: Res1 name is LEU
protocols.motifs.Motif: atom1 name is aroC
protocols.motifs.Motif: atom2 name is aroC
protocols.motifs.Motif: atom3 name is aroC
protocols.motifs.Motif: Res1 name is PHE
protocols.motifs.Motif: atom1 name is Ntrp
protocols.motifs.Motif: atom2 name is COO
protocols.motifs.Motif: atom3 name is ONH2
core.pack.task: Packer task: initialize from command line() 
core.pack.task: Packer task: initialize from command line() 
core.pack.task: Packer task: initialize from command line() 
protocols.moves.MonteCarlo: MonteCarlo:: last_accepted_score,lowest_score: -1000.65 -1000.65
protocols.motifs.Motif: Res1 name is LEU
protocols.motifs.Motif: atom1 name is aroC
protocols.motifs.Motif: atom2 name is aroC
protocols.motifs.Motif: atom3 name is aroC
protocols.motifs.Motif: Res1 name is ASP
protocols.motifs.Motif: atom1 name is Ntrp
protocols.motifs.Motif: atom2 name is COO
protocols.motifs.Motif: atom3 name is ONH2
protocols.motifs.Motif: Res1 name is LEU
protocols.motifs.Motif: atom1 name is aroC
protocols.motifs.Motif: atom2 name is aroC
protocols.motifs.Motif: atom3 name is aroC
protocols.motifs.Motif: Res1 name is PHE
protocols.motifs.Motif: atom1 name is aroC
protocols.motifs.Motif: atom2 name is aroC
protocols.motifs.Motif: atom3 name is aroC
core.pack.task: Packer task: initialize from command line() 
core.pack.task: Packer task: initialize from command line() 
core.pack.task: Packer task: initialize from command line() 
protocols.moves.MonteCarlo: MonteCarlo:: last_accepted_score,lowest_score: -1078.23 -1078.48
protocols.motifs.Motif: Res1 name is LEU
protocols.motifs.Motif: atom1 name is aroC
protocols.motifs.Motif: atom2 name is aroC
protocols.motifs.Motif: atom3 name is Ntrp
protocols.motifs.Motif: Res1 name is TYR
protocols.motifs.Motif: atom1 name is Ntrp
protocols.motifs.Motif: atom2 name is COO
protocols.motifs.Motif: atom3 name is ONH2
protocols.motifs.Motif: Res1 name is LEU
protocols.motifs.Motif: atom1 name is aroC
protocols.motifs.Motif: atom2 name is aroC
protocols.motifs.Motif: atom3 name is Ntrp
protocols.motifs.Motif: Res1 name is PHE
protocols.motifs.Motif: atom1 name is aroC
protocols.motifs.Motif: atom2 name is aroC
protocols.motifs.Motif: atom3 name is F
core.pack.task: Packer task: initialize from command line() 
core.pack.task: Packer task: initialize from command line() 
core.pack.task: Packer task: initialize from command line() 
protocols.moves.MonteCarlo: MonteCarlo:: last_accepted_score,lowest_score: -1073.74 -1073.74
protocols.motifs.Motif: Res1 name is LEU
protocols.motifs.Motif: atom1 name is Ntrp
protocols.motifs.Motif: atom2 name is COO
protocols.motifs.Motif: atom3 name is ONH2
protocols.motifs.Motif: Res1 name is TYR
protocols.motifs.Motif: atom1 name is aroC
protocols.motifs.Motif: atom2 name is aroC
protocols.motifs.Motif: atom3 name is F
protocols.motifs.Motif: Res1 name is LEU
protocols.motifs.Motif: atom1 name is aroC
protocols.motifs.Motif: atom2 name is aroC
protocols.motifs.Motif: atom3 name is Ntrp
protocols.motifs.Motif: Res1 name is PHE
protocols.motifs.Motif: atom1 name is Ntrp
protocols.motifs.Motif: atom2 name is COO
protocols.motifs.Motif: atom3 name is ONH2
core.pack.task: Packer task: initialize from command line() 
core.pack.task: Packer task: initialize from command line() 
core.pack.task: Packer task: initialize from command line() 
protocols.moves.MonteCarlo: MonteCarlo:: last_accepted_score,lowest_score: -1079.32 -1079.32
protocols.motifs.Motif: Res1 name is LEU
protocols.motifs.Motif: atom1 name is Ntrp
protocols.motifs.Motif: atom2 name is COO
protocols.motifs.Motif: atom3 name is ONH2
protocols.motifs.Motif: Res1 name is VAL
protocols.motifs.Motif: atom1 name is aroC
protocols.motifs.Motif: atom2 name is aroC
protocols.motifs.Motif: atom3 name is Ntrp
protocols.motifs.Motif: Res1 name is ALA
protocols.motifs.Motif: atom1 name is aroC
protocols.motifs.Motif: atom2 name is aroC
protocols.motifs.Motif: atom3 name is aroC
protocols.motifs.Motif: Res1 name is TYR
protocols.motifs.Motif: atom1 name is CH3
protocols.motifs.Motif: atom2 name is aroC
protocols.motifs.Motif: atom3 name is aroC
protocols.motifs.Motif: Res1 name is LEU
protocols.motifs.Motif: atom1 name is aroC
protocols.motifs.Motif: atom2 name is aroC
protocols.motifs.Motif: atom3 name is aroC
protocols.motifs.Motif: Res1 name is PHE
protocols.motifs.Motif: atom1 name is Ntrp
protocols.motifs.Motif: atom2 name is COO
protocols.motifs.Motif: atom3 name is ONH2
core.pack.task: Packer task: initialize from command line() 
core.pack.task: Packer task: initialize from command line() 
core.pack.task: Packer task: initialize from command line() 
protocols.moves.MonteCarlo: MonteCarlo:: last_accepted_score,lowest_score: -1078.08 -1078.08
protocols.motifs.Motif: Res1 name is LEU
protocols.motifs.Motif: atom1 name is CH3
protocols.motifs.Motif: atom2 name is aroC
protocols.motifs.Motif: atom3 name is aroC
protocols.motifs.Motif: Res1 name is TYR
protocols.motifs.Motif: atom1 name is Ntrp
protocols.motifs.Motif: atom2 name is COO
protocols.motifs.Motif: atom3 name is ONH2
protocols.motifs.Motif: Res1 name is LEU
protocols.motifs.Motif: atom1 name is aroC
protocols.motifs.Motif: atom2 name is aroC
protocols.motifs.Motif: atom3 name is aroC
protocols.motifs.Motif: Res1 name is PHE
protocols.motifs.Motif: atom1 name is aroC
protocols.motifs.Motif: atom2 name is aroC
protocols.motifs.Motif: atom3 name is F
core.pack.task: Packer task: initialize from command line() 
core.pack.task: Packer task: initialize from command line() 
core.pack.task: Packer task: initialize from command line() 
protocols.moves.MonteCarlo: MonteCarlo:: last_accepted_score,lowest_score: -1074.21 -1074.21
protocols.motifs.Motif: Res1 name is LEU
protocols.motifs.Motif: atom1 name is aroC
protocols.motifs.Motif: atom2 name is aroC
protocols.motifs.Motif: atom3 name is F
protocols.motifs.Motif: Res1 name is ASP
protocols.motifs.Motif: atom1 name is Ntrp
protocols.motifs.Motif: atom2 name is COO
protocols.motifs.Motif: atom3 name is ONH2
protocols.motifs.Motif: Res1 name is ASN
protocols.motifs.Motif: atom1 name is Ntrp
protocols.motifs.Motif: atom2 name is COO
protocols.motifs.Motif: atom3 name is ONH2
protocols.motifs.Motif: Res1 name is MET
protocols.motifs.Motif: atom1 name is NH2O
protocols.motifs.Motif: atom2 name is COO
protocols.motifs.Motif: atom3 name is ONH2
protocols.motifs.Motif: Res1 name is GLU
protocols.motifs.Motif: atom1 name is NH2O
protocols.motifs.Motif: atom2 name is COO
protocols.motifs.Motif: atom3 name is ONH2
core.pack.task: Packer task: initialize from command line() 
core.pack.task: Packer task: initialize from command line() 
core.pack.task: Packer task: initialize from command line() 
protocols.moves.MonteCarlo: MonteCarlo:: last_accepted_score,lowest_score: -1077.96 -1077.96
protocols.motifs.Motif: Res1 name is LEU
protocols.motifs.Motif: atom1 name is CH3
protocols.motifs.Motif: atom2 name is aroC
protocols.motifs.Motif: atom3 name is aroC
protocols.motifs.Motif: Res1 name is ALA
protocols.motifs.Motif: atom1 name is aroC
protocols.motifs.Motif: atom2 name is aroC
protocols.motifs.Motif: atom3 name is Ntrp
protocols.motifs.Motif: Res1 name is TYR
protocols.motifs.Motif: atom1 name is Ntrp
protocols.motifs.Motif: atom2 name is COO
protocols.motifs.Motif: atom3 name is ONH2
protocols.motifs.Motif: Res1 name is LEU
protocols.motifs.Motif: atom1 name is aroC
protocols.motifs.Motif: atom2 name is aroC
protocols.motifs.Motif: atom3 name is COO
protocols.motifs.Motif: Res1 name is PHE
protocols.motifs.Motif: atom1 name is CH3
protocols.motifs.Motif: atom2 name is aroC
protocols.motifs.Motif: atom3 name is aroC
core.pack.task: Packer task: initialize from command line() 
core.pack.task: Packer task: initialize from command line() 
core.pack.task: Packer task: initialize from command line() 
protocols.moves.MonteCarlo: MonteCarlo:: last_accepted_score,lowest_score: -1073.88 -1074.8
protocols.motifs.Motif: Res1 name is LEU
protocols.motifs.Motif: atom1 name is aroC
protocols.motifs.Motif: atom2 name is aroC
protocols.motifs.Motif: atom3 name is Ntrp
protocols.motifs.Motif: Res1 name is TYR
protocols.motifs.Motif: atom1 name is aroC
protocols.motifs.Motif: atom2 name is aroC
protocols.motifs.Motif: atom3 name is Ntrp
protocols.motifs.Motif: Res1 name is LEU
protocols.motifs.Motif: atom1 name is aroC
protocols.motifs.Motif: atom2 name is aroC
protocols.motifs.Motif: atom3 name is F
protocols.motifs.Motif: Res1 name is PHE
protocols.motifs.Motif: atom1 name is CH3
protocols.motifs.Motif: atom2 name is aroC
protocols.motifs.Motif: atom3 name is aroC
core.pack.task: Packer task: initialize from command line() 
core.pack.task: Packer task: initialize from command line() 
core.pack.task: Packer task: initialize from command line() 
protocols.moves.MonteCarlo: MonteCarlo:: last_accepted_score,lowest_score: -1073.64 -1073.64
protocols.motifs.Motif: Res1 name is LEU
protocols.motifs.Motif: atom1 name is Ntrp
protocols.motifs.Motif: atom2 name is COO
protocols.motifs.Motif: atom3 name is ONH2
protocols.motifs.Motif: Res1 name is TYR
protocols.motifs.Motif: atom1 name is aroC
protocols.motifs.Motif: atom2 name is aroC
protocols.motifs.Motif: atom3 name is F
protocols.motifs.Motif: Res1 name is LEU
protocols.motifs.Motif: atom1 name is aroC
protocols.motifs.Motif: atom2 name is aroC
protocols.motifs.Motif: atom3 name is aroC
protocols.motifs.Motif: Res1 name is PHE
protocols.motifs.Motif: atom1 name is Ntrp
protocols.motifs.Motif: atom2 name is COO
protocols.motifs.Motif: atom3 name is ONH2
core.pack.task: Packer task: initialize from command line() 
core.pack.task: Packer task: initialize from command line() 
core.pack.task: Packer task: initialize from command line() 
protocols.moves.MonteCarlo: MonteCarlo:: last_accepted_score,lowest_score: -1074.38 -1074.52
protocols.motifs.Motif: Res1 name is LEU
protocols.motifs.Motif: atom1 name is CH3
protocols.motifs.Motif: atom2 name is aroC
protocols.motifs.Motif: atom3 name is aroC
protocols.motifs.Motif: Res1 name is TYR
protocols.motifs.Motif: atom1 name is Ntrp
protocols.motifs.Motif: atom2 name is COO
protocols.motifs.Motif: atom3 name is ONH2
protocols.motifs.Motif: Res1 name is LEU
protocols.motifs.Motif: atom1 name is aroC
protocols.motifs.Motif: atom2 name is aroC
protocols.motifs.Motif: atom3 name is F
core.pack.task: Packer task: initialize from command line() 
core.pack.task: Packer task: initialize from command line() 
core.pack.task: Packer task: initialize from command line() 
protocols.moves.MonteCarlo: MonteCarlo:: last_accepted_score,lowest_score: -1079.63 -1079.76
protocols.motifs.Motif: Res1 name is LEU
protocols.motifs.Motif: atom1 name is Ntrp
protocols.motifs.Motif: atom2 name is COO
protocols.motifs.Motif: atom3 name is ONH2
protocols.motifs.Motif: Res1 name is VAL
protocols.motifs.Motif: atom1 name is aroC
protocols.motifs.Motif: atom2 name is aroC
protocols.motifs.Motif: atom3 name is Ntrp
protocols.motifs.Motif: Res1 name is TYR
protocols.motifs.Motif: atom1 name is NH2O
protocols.motifs.Motif: atom2 name is COO
protocols.motifs.Motif: atom3 name is ONH2
protocols.motifs.Motif: Res1 name is LEU
protocols.motifs.Motif: atom1 name is aroC
protocols.motifs.Motif: atom2 name is aroC
protocols.motifs.Motif: atom3 name is aroC
protocols.motifs.Motif: Res1 name is CYS
protocols.motifs.Motif: atom1 name is aroC
protocols.motifs.Motif: atom2 name is aroC
protocols.motifs.Motif: atom3 name is aroC
protocols.motifs.Motif: Res1 name is PHE
protocols.motifs.Motif: atom1 name is Ntrp
protocols.motifs.Motif: atom2 name is COO
protocols.motifs.Motif: atom3 name is ONH2
core.pack.task: Packer task: initialize from command line() 
core.pack.task: Packer task: initialize from command line() 
core.pack.task: Packer task: initialize from command line() 
protocols.moves.MonteCarlo: MonteCarlo:: last_accepted_score,lowest_score: -1073.85 -1073.85
protocols.motifs.Motif: Res1 name is LEU
protocols.motifs.Motif: atom1 name is aroC
protocols.motifs.Motif: atom2 name is aroC
protocols.motifs.Motif: atom3 name is aroC
protocols.motifs.Motif: Res1 name is TYR
protocols.motifs.Motif: atom1 name is aroC
protocols.motifs.Motif: atom2 name is aroC
protocols.motifs.Motif: atom3 name is Ntrp
protocols.motifs.Motif: Res1 name is LEU
protocols.motifs.Motif: atom1 name is aroC
protocols.motifs.Motif: atom2 name is aroC
protocols.motifs.Motif: atom3 name is F
core.pack.task: Packer task: initialize from command line() 
core.pack.task: Packer task: initialize from command line() 
core.pack.task: Packer task: initialize from command line() 
protocols.moves.MonteCarlo: MonteCarlo:: last_accepted_score,lowest_score: -1071.7 -1072.52
protocols.motifs.Motif: Res1 name is LEU
protocols.motifs.Motif: atom1 name is aroC
protocols.motifs.Motif: atom2 name is aroC
protocols.motifs.Motif: atom3 name is aroC
protocols.motifs.Motif: Res1 name is TYR
protocols.motifs.Motif: atom1 name is aroC
protocols.motifs.Motif: atom2 name is aroC
protocols.motifs.Motif: atom3 name is Ntrp
protocols.motifs.Motif: Res1 name is ASP
protocols.motifs.Motif: atom1 name is CH3
protocols.motifs.Motif: atom2 name is aroC
protocols.motifs.Motif: atom3 name is aroC
protocols.motifs.Motif: Res1 name is ASN
protocols.motifs.Motif: atom1 name is NH2O
protocols.motifs.Motif: atom2 name is COO
protocols.motifs.Motif: atom3 name is ONH2
protocols.motifs.Motif: Res1 name is LEU
protocols.motifs.Motif: atom1 name is aroC
protocols.motifs.Motif: atom2 name is aroC
protocols.motifs.Motif: atom3 name is F
core.pack.task: Packer task: initialize from command line() 
core.pack.task: Packer task: initialize from command line() 
core.pack.task: Packer task: initialize from command line() 
protocols.moves.MonteCarlo: MonteCarlo:: last_accepted_score,lowest_score: -1073.33 -1073.37
protocols.motifs.Motif: Res1 name is LEU
protocols.motifs.Motif: atom1 name is aroC
protocols.motifs.Motif: atom2 name is aroC
protocols.motifs.Motif: atom3 name is aroC
protocols.motifs.Motif: Res1 name is TYR
protocols.motifs.Motif: atom1 name is aroC
protocols.motifs.Motif: atom2 name is aroC
protocols.motifs.Motif: atom3 name is Ntrp
protocols.motifs.Motif: Res1 name is ASP
protocols.motifs.Motif: atom1 name is CH3
protocols.motifs.Motif: atom2 name is aroC
protocols.motifs.Motif: atom3 name is aroC
protocols.motifs.Motif: Res1 name is LEU
protocols.motifs.Motif: atom1 name is aroC
protocols.motifs.Motif: atom2 name is aroC
protocols.motifs.Motif: atom3 name is F
core.pack.task: Packer task: initialize from command line() 
core.pack.task: Packer task: initialize from command line() 
core.pack.task: Packer task: initialize from command line() 
protocols.moves.MonteCarlo: MonteCarlo:: last_accepted_score,lowest_score: -1070.37 -1071.1
protocols.motifs.Motif: Res1 name is LEU
protocols.motifs.Motif: atom1 name is aroC
protocols.motifs.Motif: atom2 name is aroC
protocols.motifs.Motif: atom3 name is aroC
protocols.motifs.Motif: Res1 name is TYR
protocols.motifs.Motif: atom1 name is aroC
protocols.motifs.Motif: atom2 name is aroC
protocols.motifs.Motif: atom3 name is Ntrp
core.pack.task: Packer task: initialize from command line() 
core.pack.task: Packer task: initialize from command line() 
core.pack.task: Packer task: initialize from command line() 
protocols.moves.MonteCarlo: MonteCarlo:: last_accepted_score,lowest_score: -1074.64 -1074.64
protocols.motifs.Motif: Res1 name is LEU
protocols.motifs.Motif: atom1 name is CH3
protocols.motifs.Motif: atom2 name is aroC
protocols.motifs.Motif: atom3 name is aroC
protocols.motifs.Motif: Res1 name is TYR
protocols.motifs.Motif: atom1 name is Ntrp
protocols.motifs.Motif: atom2 name is COO
protocols.motifs.Motif: atom3 name is ONH2
protocols.motifs.Motif: Res1 name is LEU
protocols.motifs.Motif: atom1 name is aroC
protocols.motifs.Motif: atom2 name is aroC
protocols.motifs.Motif: atom3 name is aroC
core.pack.task: Packer task: initialize from command line() 
core.pack.task: Packer task: initialize from command line() 
core.pack.task: Packer task: initialize from command line() 
protocols.moves.MonteCarlo: MonteCarlo:: last_accepted_score,lowest_score: -1074.36 -1074.36
protocols.motifs.Motif: Res1 name is LEU
protocols.motifs.Motif: atom1 name is aroC
protocols.motifs.Motif: atom2 name is aroC
protocols.motifs.Motif: atom3 name is F
protocols.motifs.Motif: Res1 name is TYR
protocols.motifs.Motif: atom1 name is aroC
protocols.motifs.Motif: atom2 name is aroC
protocols.motifs.Motif: atom3 name is aroC
core.pack.task: Packer task: initialize from command line() 
core.pack.task: Packer task: initialize from command line() 
core.pack.task: Packer task: initialize from command line() 
protocols.moves.MonteCarlo: MonteCarlo:: last_accepted_score,lowest_score: -1073.3 -1073.3
protocols.motifs.Motif: Res1 name is LEU
protocols.motifs.Motif: atom1 name is aroC
protocols.motifs.Motif: atom2 name is COO
protocols.motifs.Motif: atom3 name is ONH2
protocols.motifs.Motif: Res1 name is PHE
protocols.motifs.Motif: atom1 name is aroC
protocols.motifs.Motif: atom2 name is aroC
protocols.motifs.Motif: atom3 name is aroC
core.pack.task: Packer task: initialize from command line() 
core.pack.task: Packer task: initialize from command line() 
core.pack.task: Packer task: initialize from command line() 
protocols.moves.MonteCarlo: MonteCarlo:: last_accepted_score,lowest_score: -1075.09 -1075.45
protocols.motifs.Motif: Res1 name is LEU
protocols.motifs.Motif: atom1 name is aroC
protocols.motifs.Motif: atom2 name is aroC
protocols.motifs.Motif: atom3 name is Ntrp
protocols.motifs.Motif: Res1 name is TYR
protocols.motifs.Motif: atom1 name is Ntrp
protocols.motifs.Motif: atom2 name is COO
protocols.motifs.Motif: atom3 name is ONH2
protocols.motifs.Motif: Res1 name is LEU
protocols.motifs.Motif: atom1 name is aroC
protocols.motifs.Motif: atom2 name is aroC
protocols.motifs.Motif: atom3 name is aroC
core.pack.task: Packer task: initialize from command line() 
core.pack.task: Packer task: initialize from command line() 
core.pack.task: Packer task: initialize from command line() 
protocols.moves.MonteCarlo: MonteCarlo:: last_accepted_score,lowest_score: -1068.95 -1068.95
protocols.motifs.Motif: Res1 name is LEU
protocols.motifs.Motif: atom1 name is Ntrp
protocols.motifs.Motif: atom2 name is COO
protocols.motifs.Motif: atom3 name is ONH2
protocols.motifs.Motif: Res1 name is ASN
protocols.motifs.Motif: atom1 name is NH2O
protocols.motifs.Motif: atom2 name is COO
protocols.motifs.Motif: atom3 name is ONH2
protocols.motifs.Motif: Res1 name is LEU
protocols.motifs.Motif: atom1 name is aroC
protocols.motifs.Motif: atom2 name is aroC
protocols.motifs.Motif: atom3 name is aroC
protocols.motifs.Motif: Res1 name is PHE
protocols.motifs.Motif: atom1 name is Ntrp
protocols.motifs.Motif: atom2 name is COO
protocols.motifs.Motif: atom3 name is ONH2
core.pack.task: Packer task: initialize from command line() 
core.pack.task: Packer task: initialize from command line() 
core.pack.task: Packer task: initialize from command line() 
protocols.moves.MonteCarlo: MonteCarlo:: last_accepted_score,lowest_score: -1074.49 -1074.49
protocols.motifs.Motif: Res1 name is LEU
protocols.motifs.Motif: atom1 name is aroC
protocols.motifs.Motif: atom2 name is aroC
protocols.motifs.Motif: atom3 name is aroC
protocols.motifs.Motif: Res1 name is TYR
protocols.motifs.Motif: atom1 name is Ntrp
protocols.motifs.Motif: atom2 name is COO
protocols.motifs.Motif: atom3 name is ONH2
protocols.motifs.Motif: Res1 name is LEU
protocols.motifs.Motif: atom1 name is aroC
protocols.motifs.Motif: atom2 name is aroC
protocols.motifs.Motif: atom3 name is F
core.pack.task: Packer task: initialize from command line() 
core.pack.task: Packer task: initialize from command line() 
core.pack.task: Packer task: initialize from command line() 
protocols.moves.MonteCarlo: MonteCarlo:: last_accepted_score,lowest_score: -1074.92 -1075.43
protocols.motifs.Motif: Res1 name is LEU
protocols.motifs.Motif: atom1 name is aroC
protocols.motifs.Motif: atom2 name is aroC
protocols.motifs.Motif: atom3 name is aroC
protocols.motifs.Motif: Res1 name is TYR
protocols.motifs.Motif: atom1 name is aroC
protocols.motifs.Motif: atom2 name is aroC
protocols.motifs.Motif: atom3 name is aroC
protocols.motifs.Motif: Res1 name is ASP
protocols.motifs.Motif: atom1 name is aroC
protocols.motifs.Motif: atom2 name is aroC
protocols.motifs.Motif: atom3 name is aroC
protocols.motifs.Motif: Res1 name is PHE
protocols.motifs.Motif: atom1 name is CH3
protocols.motifs.Motif: atom2 name is aroC
protocols.motifs.Motif: atom3 name is aroC
core.pack.task: Packer task: initialize from command line() 
core.pack.task: Packer task: initialize from command line() 
core.pack.task: Packer task: initialize from command line() 
protocols.moves.MonteCarlo: MonteCarlo:: last_accepted_score,lowest_score: -1075.89 -1076.06
protocols.motifs.Motif: Res1 name is LEU
protocols.motifs.Motif: atom1 name is CH3
protocols.motifs.Motif: atom2 name is aroC
protocols.motifs.Motif: atom3 name is aroC
protocols.motifs.Motif: Res1 name is TYR
protocols.motifs.Motif: atom1 name is Ntrp
protocols.motifs.Motif: atom2 name is COO
protocols.motifs.Motif: atom3 name is ONH2
protocols.motifs.Motif: Res1 name is LEU
protocols.motifs.Motif: atom1 name is aroC
protocols.motifs.Motif: atom2 name is aroC
protocols.motifs.Motif: atom3 name is aroC
protocols.motifs.Motif: Res1 name is PHE
protocols.motifs.Motif: atom1 name is aroC
protocols.motifs.Motif: atom2 name is aroC
protocols.motifs.Motif: atom3 name is aroC
core.pack.task: Packer task: initialize from command line() 
core.pack.task: Packer task: initialize from command line() 
core.pack.task: Packer task: initialize from command line() 
protocols.moves.MonteCarlo: MonteCarlo:: last_accepted_score,lowest_score: -1075.18 -1075.2
protocols.motifs.Motif: Res1 name is LEU
protocols.motifs.Motif: atom1 name is aroC
protocols.motifs.Motif: atom2 name is aroC
protocols.motifs.Motif: atom3 name is aroC
protocols.motifs.Motif: Res1 name is TYR
protocols.motifs.Motif: atom1 name is aroC
protocols.motifs.Motif: atom2 name is aroC
protocols.motifs.Motif: atom3 name is Ntrp
protocols.motifs.Motif: Res1 name is ASP
protocols.motifs.Motif: atom1 name is CH3
protocols.motifs.Motif: atom2 name is aroC
protocols.motifs.Motif: atom3 name is aroC
protocols.motifs.Motif: Res1 name is LEU
protocols.motifs.Motif: atom1 name is aroC
protocols.motifs.Motif: atom2 name is aroC
protocols.motifs.Motif: atom3 name is F
core.pack.task: Packer task: initialize from command line() 
core.pack.task: Packer task: initialize from command line() 
core.pack.task: Packer task: initialize from command line() 
protocols.moves.MonteCarlo: MonteCarlo:: last_accepted_score,lowest_score: -1071.98 -1073.29
protocols.motifs.Motif: Res1 name is LEU
protocols.motifs.Motif: atom1 name is CH3
protocols.motifs.Motif: atom2 name is aroC
protocols.motifs.Motif: atom3 name is aroC
protocols.motifs.Motif: Res1 name is TYR
protocols.motifs.Motif: atom1 name is Ntrp
protocols.motifs.Motif: atom2 name is COO
protocols.motifs.Motif: atom3 name is ONH2
protocols.motifs.Motif: Res1 name is LEU
protocols.motifs.Motif: atom1 name is aroC
protocols.motifs.Motif: atom2 name is aroC
protocols.motifs.Motif: atom3 name is F
core.pack.task: Packer task: initialize from command line() 
core.pack.task: Packer task: initialize from command line() 
core.pack.task: Packer task: initialize from command line() 
protocols.moves.MonteCarlo: MonteCarlo:: last_accepted_score,lowest_score: -1077.34 -1077.34
protocols.motifs.Motif: Res1 name is LYS
protocols.motifs.Motif: atom1 name is NH2O
protocols.motifs.Motif: atom2 name is COO
protocols.motifs.Motif: atom3 name is ONH2
protocols.motifs.Motif: Res1 name is LEU
protocols.motifs.Motif: atom1 name is CH3
protocols.motifs.Motif: atom2 name is aroC
protocols.motifs.Motif: atom3 name is aroC
protocols.motifs.Motif: Res1 name is TYR
protocols.motifs.Motif: atom1 name is Ntrp
protocols.motifs.Motif: atom2 name is COO
protocols.motifs.Motif: atom3 name is ONH2
protocols.motifs.Motif: Res1 name is LEU
protocols.motifs.Motif: atom1 name is aroC
protocols.motifs.Motif: atom2 name is aroC
protocols.motifs.Motif: atom3 name is aroC
core.pack.task: Packer task: initialize from command line() 
core.pack.task: Packer task: initialize from command line() 
core.pack.task: Packer task: initialize from command line() 
protocols.moves.MonteCarlo: MonteCarlo:: last_accepted_score,lowest_score: -1080.4 -1080.86
protocols.motifs.Motif: Res1 name is LEU
protocols.motifs.Motif: atom1 name is Ntrp
protocols.motifs.Motif: atom2 name is COO
protocols.motifs.Motif: atom3 name is ONH2
protocols.motifs.Motif: Res1 name is VAL
protocols.motifs.Motif: atom1 name is aroC
protocols.motifs.Motif: atom2 name is aroC
protocols.motifs.Motif: atom3 name is Ntrp
protocols.motifs.Motif: Res1 name is ALA
protocols.motifs.Motif: atom1 name is aroC
protocols.motifs.Motif: atom2 name is aroC
protocols.motifs.Motif: atom3 name is aroC
protocols.motifs.Motif: Res1 name is VAL
protocols.motifs.Motif: atom1 name is aroC
protocols.motifs.Motif: atom2 name is aroC
protocols.motifs.Motif: atom3 name is F
protocols.motifs.Motif: Res1 name is TYR
protocols.motifs.Motif: atom1 name is NH2O
protocols.motifs.Motif: atom2 name is COO
protocols.motifs.Motif: atom3 name is ONH2
protocols.motifs.Motif: Res1 name is LEU
protocols.motifs.Motif: atom1 name is aroC
protocols.motifs.Motif: atom2 name is aroC
protocols.motifs.Motif: atom3 name is COO
protocols.motifs.Motif: Res1 name is CYS
protocols.motifs.Motif: atom1 name is aroC
protocols.motifs.Motif: atom2 name is aroC
protocols.motifs.Motif: atom3 name is Ntrp
protocols.motifs.Motif: Res1 name is PHE
protocols.motifs.Motif: atom1 name is Ntrp
protocols.motifs.Motif: atom2 name is COO
protocols.motifs.Motif: atom3 name is ONH2
core.pack.task: Packer task: initialize from command line() 
core.pack.task: Packer task: initialize from command line() 
core.pack.task: Packer task: initialize from command line() 
protocols.moves.MonteCarlo: MonteCarlo:: last_accepted_score,lowest_score: -1069.09 -1069.09
protocols.motifs.Motif: Res1 name is LYS
protocols.motifs.Motif: atom1 name is NH2O
protocols.motifs.Motif: atom2 name is COO
protocols.motifs.Motif: atom3 name is ONH2
protocols.motifs.Motif: Res1 name is GLU
protocols.motifs.Motif: atom1 name is NH2O
protocols.motifs.Motif: atom2 name is COO
protocols.motifs.Motif: atom3 name is ONH2
core.pack.task: Packer task: initialize from command line() 
core.pack.task: Packer task: initialize from command line() 
core.pack.task: Packer task: initialize from command line() 
protocols.moves.MonteCarlo: MonteCarlo:: last_accepted_score,lowest_score: -1075.28 -1075.28
protocols.motifs.Motif: Res1 name is LEU
protocols.motifs.Motif: atom1 name is aroC
protocols.motifs.Motif: atom2 name is aroC
protocols.motifs.Motif: atom3 name is COO
protocols.motifs.Motif: Res1 name is TYR
protocols.motifs.Motif: atom1 name is Ntrp
protocols.motifs.Motif: atom2 name is COO
protocols.motifs.Motif: atom3 name is ONH2
protocols.motifs.Motif: Res1 name is LEU
protocols.motifs.Motif: atom1 name is aroC
protocols.motifs.Motif: atom2 name is aroC
protocols.motifs.Motif: atom3 name is aroC
core.pack.task: Packer task: initialize from command line() 
core.pack.task: Packer task: initialize from command line() 
core.pack.task: Packer task: initialize from command line() 
protocols.moves.MonteCarlo: MonteCarlo:: last_accepted_score,lowest_score: -1073.24 -1073.24
protocols.motifs.Motif: Res1 name is LEU
protocols.motifs.Motif: atom1 name is Ntrp
protocols.motifs.Motif: atom2 name is COO
protocols.motifs.Motif: atom3 name is ONH2
protocols.motifs.Motif: Res1 name is TYR
protocols.motifs.Motif: atom1 name is aroC
protocols.motifs.Motif: atom2 name is aroC
protocols.motifs.Motif: atom3 name is F
protocols.motifs.Motif: Res1 name is LEU
protocols.motifs.Motif: atom1 name is aroC
protocols.motifs.Motif: atom2 name is aroC
protocols.motifs.Motif: atom3 name is aroC
core.pack.task: Packer task: initialize from command line() 
core.pack.task: Packer task: initialize from command line() 
core.pack.task: Packer task: initialize from command line() 
protocols.moves.MonteCarlo: MonteCarlo:: last_accepted_score,lowest_score: -1081.98 -1082.15
protocols.motifs.Motif: Res1 name is LEU
protocols.motifs.Motif: atom1 name is CH3
protocols.motifs.Motif: atom2 name is aroC
protocols.motifs.Motif: atom3 name is aroC
protocols.motifs.Motif: Res1 name is VAL
protocols.motifs.Motif: atom1 name is aroC
protocols.motifs.Motif: atom2 name is aroC
protocols.motifs.Motif: atom3 name is F
protocols.motifs.Motif: Res1 name is ALA
protocols.motifs.Motif: atom1 name is Ntrp
protocols.motifs.Motif: atom2 name is COO
protocols.motifs.Motif: atom3 name is ONH2
protocols.motifs.Motif: Res1 name is TYR
protocols.motifs.Motif: atom1 name is CH3
protocols.motifs.Motif: atom2 name is aroC
protocols.motifs.Motif: atom3 name is Ntrp
protocols.motifs.Motif: Res1 name is LEU
protocols.motifs.Motif: atom1 name is aroC
protocols.motifs.Motif: atom2 name is aroC
protocols.motifs.Motif: atom3 name is COO
protocols.motifs.Motif: Res1 name is CYS
protocols.motifs.Motif: atom1 name is aroC
protocols.motifs.Motif: atom2 name is aroC
protocols.motifs.Motif: atom3 name is aroC
protocols.motifs.Motif: Res1 name is PHE
protocols.motifs.Motif: atom1 name is aroC
protocols.motifs.Motif: atom2 name is aroC
protocols.motifs.Motif: atom3 name is F
core.pack.task: Packer task: initialize from command line() 
core.pack.task: Packer task: initialize from command line() 
core.pack.task: Packer task: initialize from command line() 
protocols.moves.MonteCarlo: MonteCarlo:: last_accepted_score,lowest_score: -1072.84 -1072.84
protocols.motifs.Motif: Res1 name is LEU
protocols.motifs.Motif: atom1 name is aroC
protocols.motifs.Motif: atom2 name is aroC
protocols.motifs.Motif: atom3 name is aroC
protocols.motifs.Motif: Res1 name is TYR
protocols.motifs.Motif: atom1 name is aroC
protocols.motifs.Motif: atom2 name is aroC
protocols.motifs.Motif: atom3 name is Ntrp
protocols.motifs.Motif: Res1 name is LEU
protocols.motifs.Motif: atom1 name is aroC
protocols.motifs.Motif: atom2 name is aroC
protocols.motifs.Motif: atom3 name is F
core.pack.task: Packer task: initialize from command line() 
core.pack.task: Packer task: initialize from command line() 
core.pack.task: Packer task: initialize from command line() 
protocols.moves.MonteCarlo: MonteCarlo:: last_accepted_score,lowest_score: -1080.58 -1080.58
protocols.motifs.Motif: Res1 name is LEU
protocols.motifs.Motif: atom1 name is Ntrp
protocols.motifs.Motif: atom2 name is COO
protocols.motifs.Motif: atom3 name is ONH2
protocols.motifs.Motif: Res1 name is VAL
protocols.motifs.Motif: atom1 name is aroC
protocols.motifs.Motif: atom2 name is aroC
protocols.motifs.Motif: atom3 name is F
protocols.motifs.Motif: Res1 name is ALA
protocols.motifs.Motif: atom1 name is aroC
protocols.motifs.Motif: atom2 name is aroC
protocols.motifs.Motif: atom3 name is Ntrp
protocols.motifs.Motif: Res1 name is TYR
protocols.motifs.Motif: atom1 name is Ntrp
protocols.motifs.Motif: atom2 name is COO
protocols.motifs.Motif: atom3 name is ONH2
protocols.motifs.Motif: Res1 name is LEU
protocols.motifs.Motif: atom1 name is aroC
protocols.motifs.Motif: atom2 name is aroC
protocols.motifs.Motif: atom3 name is COO
protocols.motifs.Motif: Res1 name is CYS
protocols.motifs.Motif: atom1 name is aroC
protocols.motifs.Motif: atom2 name is aroC
protocols.motifs.Motif: atom3 name is F
protocols.motifs.Motif: Res1 name is PHE
protocols.motifs.Motif: atom1 name is aroC
protocols.motifs.Motif: atom2 name is aroC
protocols.motifs.Motif: atom3 name is aroC
core.pack.task: Packer task: initialize from command line() 
core.pack.task: Packer task: initialize from command line() 
core.pack.task: Packer task: initialize from command line() 
protocols.moves.MonteCarlo: MonteCarlo:: last_accepted_score,lowest_score: -1071.94 -1071.94
protocols.motifs.Motif: Res1 name is LEU
protocols.motifs.Motif: atom1 name is aroC
protocols.motifs.Motif: atom2 name is aroC
protocols.motifs.Motif: atom3 name is aroC
protocols.motifs.Motif: Res1 name is TYR
protocols.motifs.Motif: atom1 name is aroC
protocols.motifs.Motif: atom2 name is aroC
protocols.motifs.Motif: atom3 name is Ntrp
core.pack.task: Packer task: initialize from command line() 
core.pack.task: Packer task: initialize from command line() 
core.pack.task: Packer task: initialize from command line() 
protocols.moves.MonteCarlo: MonteCarlo:: last_accepted_score,lowest_score: -1077.38 -1077.38
protocols.motifs.Motif: Res1 name is LEU
protocols.motifs.Motif: atom1 name is CH3
protocols.motifs.Motif: atom2 name is aroC
protocols.motifs.Motif: atom3 name is aroC
protocols.motifs.Motif: Res1 name is TYR
protocols.motifs.Motif: atom1 name is Ntrp
protocols.motifs.Motif: atom2 name is COO
protocols.motifs.Motif: atom3 name is ONH2
protocols.motifs.Motif: Res1 name is LEU
protocols.motifs.Motif: atom1 name is aroC
protocols.motifs.Motif: atom2 name is aroC
protocols.motifs.Motif: atom3 name is COO
protocols.motifs.Motif: Res1 name is PHE
protocols.motifs.Motif: atom1 name is CH3
protocols.motifs.Motif: atom2 name is aroC
protocols.motifs.Motif: atom3 name is aroC
core.pack.task: Packer task: initialize from command line() 
core.pack.task: Packer task: initialize from command line() 
core.pack.task: Packer task: initialize from command line() 
protocols.moves.MonteCarlo: MonteCarlo:: last_accepted_score,lowest_score: -1076.35 -1076.35
protocols.motifs.Motif: Res1 name is LEU
protocols.motifs.Motif: atom1 name is aroC
protocols.motifs.Motif: atom2 name is aroC
protocols.motifs.Motif: atom3 name is aroC
protocols.motifs.Motif: Res1 name is TYR
protocols.motifs.Motif: atom1 name is Ntrp
protocols.motifs.Motif: atom2 name is COO
protocols.motifs.Motif: atom3 name is ONH2
protocols.motifs.Motif: Res1 name is LEU
protocols.motifs.Motif: atom1 name is aroC
protocols.motifs.Motif: atom2 name is aroC
protocols.motifs.Motif: atom3 name is aroC
core.pack.task: Packer task: initialize from command line() 
core.pack.task: Packer task: initialize from command line() 
core.pack.task: Packer task: initialize from command line() 
protocols.moves.MonteCarlo: MonteCarlo:: last_accepted_score,lowest_score: -1074.14 -1074.14
protocols.motifs.Motif: Res1 name is LEU
protocols.motifs.Motif: atom1 name is aroC
protocols.motifs.Motif: atom2 name is aroC
protocols.motifs.Motif: atom3 name is F
protocols.motifs.Motif: Res1 name is TYR
protocols.motifs.Motif: atom1 name is aroC
protocols.motifs.Motif: atom2 name is aroC
protocols.motifs.Motif: atom3 name is Ntrp
core.pack.task: Packer task: initialize from command line() 
core.pack.task: Packer task: initialize from command line() 
core.pack.task: Packer task: initialize from command line() 
protocols.moves.MonteCarlo: MonteCarlo:: last_accepted_score,lowest_score: -1074.6 -1074.6
protocols.motifs.Motif: Res1 name is LEU
protocols.motifs.Motif: atom1 name is aroC
protocols.motifs.Motif: atom2 name is aroC
protocols.motifs.Motif: atom3 name is Ntrp
protocols.motifs.Motif: Res1 name is TYR
protocols.motifs.Motif: atom1 name is Ntrp
protocols.motifs.Motif: atom2 name is COO
protocols.motifs.Motif: atom3 name is ONH2
protocols.motifs.Motif: Res1 name is ASN
protocols.motifs.Motif: atom1 name is CH3
protocols.motifs.Motif: atom2 name is aroC
protocols.motifs.Motif: atom3 name is aroC
core.pack.task: Packer task: initialize from command line() 
core.pack.task: Packer task: initialize from command line() 
core.pack.task: Packer task: initialize from command line() 
protocols.moves.MonteCarlo: MonteCarlo:: last_accepted_score,lowest_score: -1072.09 -1072.71
protocols.motifs.Motif: Res1 name is LYS
protocols.motifs.Motif: atom1 name is CH3
protocols.motifs.Motif: atom2 name is aroC
protocols.motifs.Motif: atom3 name is aroC
protocols.motifs.Motif: Res1 name is LEU
protocols.motifs.Motif: atom1 name is aroC
protocols.motifs.Motif: atom2 name is aroC
protocols.motifs.Motif: atom3 name is F
protocols.motifs.Motif: Res1 name is TYR
protocols.motifs.Motif: atom1 name is CH3
protocols.motifs.Motif: atom2 name is aroC
protocols.motifs.Motif: atom3 name is aroC
protocols.motifs.Motif: Res1 name is GLU
protocols.motifs.Motif: atom1 name is NH2O
protocols.motifs.Motif: atom2 name is COO
protocols.motifs.Motif: atom3 name is ONH2
core.pack.task: Packer task: initialize from command line() 
core.pack.task: Packer task: initialize from command line() 
core.pack.task: Packer task: initialize from command line() 
protocols.moves.MonteCarlo: MonteCarlo:: last_accepted_score,lowest_score: -1082.44 -1082.44
protocols.motifs.Motif: Res1 name is LEU
protocols.motifs.Motif: atom1 name is CH3
protocols.motifs.Motif: atom2 name is aroC
protocols.motifs.Motif: atom3 name is aroC
protocols.motifs.Motif: Res1 name is VAL
protocols.motifs.Motif: atom1 name is aroC
protocols.motifs.Motif: atom2 name is aroC
protocols.motifs.Motif: atom3 name is F
protocols.motifs.Motif: Res1 name is ALA
protocols.motifs.Motif: atom1 name is Ntrp
protocols.motifs.Motif: atom2 name is COO
protocols.motifs.Motif: atom3 name is ONH2
protocols.motifs.Motif: Res1 name is TYR
protocols.motifs.Motif: atom1 name is CH3
protocols.motifs.Motif: atom2 name is aroC
protocols.motifs.Motif: atom3 name is Ntrp
protocols.motifs.Motif: Res1 name is LEU
protocols.motifs.Motif: atom1 name is aroC
protocols.motifs.Motif: atom2 name is COO
protocols.motifs.Motif: atom3 name is ONH2
protocols.motifs.Motif: Res1 name is CYS
protocols.motifs.Motif: atom1 name is aroC
protocols.motifs.Motif: atom2 name is aroC
protocols.motifs.Motif: atom3 name is aroC
protocols.motifs.Motif: Res1 name is PHE
protocols.motifs.Motif: atom1 name is aroC
protocols.motifs.Motif: atom2 name is aroC
protocols.motifs.Motif: atom3 name is F
core.pack.task: Packer task: initialize from command line() 
core.pack.task: Packer task: initialize from command line() 
core.pack.task: Packer task: initialize from command line() 
protocols.moves.MonteCarlo: MonteCarlo:: last_accepted_score,lowest_score: -1081.59 -1081.59
protocols.motifs.Motif: Res1 name is LEU
protocols.motifs.Motif: atom1 name is CH3
protocols.motifs.Motif: atom2 name is aroC
protocols.motifs.Motif: atom3 name is aroC
protocols.motifs.Motif: Res1 name is VAL
protocols.motifs.Motif: atom1 name is aroC
protocols.motifs.Motif: atom2 name is aroC
protocols.motifs.Motif: atom3 name is F
protocols.motifs.Motif: Res1 name is ALA
protocols.motifs.Motif: atom1 name is Ntrp
protocols.motifs.Motif: atom2 name is COO
protocols.motifs.Motif: atom3 name is ONH2
protocols.motifs.Motif: Res1 name is TYR
protocols.motifs.Motif: atom1 name is Ntrp
protocols.motifs.Motif: atom2 name is COO
protocols.motifs.Motif: atom3 name is ONH2
protocols.motifs.Motif: Res1 name is LEU
protocols.motifs.Motif: atom1 name is aroC
protocols.motifs.Motif: atom2 name is aroC
protocols.motifs.Motif: atom3 name is COO
protocols.motifs.Motif: Res1 name is CYS
protocols.motifs.Motif: atom1 name is aroC
protocols.motifs.Motif: atom2 name is aroC
protocols.motifs.Motif: atom3 name is aroC
protocols.motifs.Motif: Res1 name is PHE
protocols.motifs.Motif: atom1 name is aroC
protocols.motifs.Motif: atom2 name is aroC
protocols.motifs.Motif: atom3 name is aroC
core.pack.task: Packer task: initialize from command line() 
core.pack.task: Packer task: initialize from command line() 
core.pack.task: Packer task: initialize from command line() 
protocols.moves.MonteCarlo: MonteCarlo:: last_accepted_score,lowest_score: -1083.8 -1083.8
protocols.motifs.Motif: Res1 name is LEU
protocols.motifs.Motif: atom1 name is CH3
protocols.motifs.Motif: atom2 name is aroC
protocols.motifs.Motif: atom3 name is aroC
protocols.motifs.Motif: Res1 name is VAL
protocols.motifs.Motif: atom1 name is aroC
protocols.motifs.Motif: atom2 name is aroC
protocols.motifs.Motif: atom3 name is F
protocols.motifs.Motif: Res1 name is ALA
protocols.motifs.Motif: atom1 name is Ntrp
protocols.motifs.Motif: atom2 name is COO
protocols.motifs.Motif: atom3 name is ONH2
protocols.motifs.Motif: Res1 name is TYR
protocols.motifs.Motif: atom1 name is CH3
protocols.motifs.Motif: atom2 name is aroC
protocols.motifs.Motif: atom3 name is Ntrp
protocols.motifs.Motif: Res1 name is LEU
protocols.motifs.Motif: atom1 name is aroC
protocols.motifs.Motif: atom2 name is aroC
protocols.motifs.Motif: atom3 name is COO
protocols.motifs.Motif: Res1 name is CYS
protocols.motifs.Motif: atom1 name is aroC
protocols.motifs.Motif: atom2 name is aroC
protocols.motifs.Motif: atom3 name is aroC
protocols.motifs.Motif: Res1 name is PHE
protocols.motifs.Motif: atom1 name is aroC
protocols.motifs.Motif: atom2 name is aroC
protocols.motifs.Motif: atom3 name is aroC
core.pack.task: Packer task: initialize from command line() 
core.pack.task: Packer task: initialize from command line() 
core.pack.task: Packer task: initialize from command line() 
protocols.moves.MonteCarlo: MonteCarlo:: last_accepted_score,lowest_score: -1080.56 -1081.55
protocols.motifs.Motif: Res1 name is LEU
protocols.motifs.Motif: atom1 name is Ntrp
protocols.motifs.Motif: atom2 name is COO
protocols.motifs.Motif: atom3 name is ONH2
protocols.motifs.Motif: Res1 name is VAL
protocols.motifs.Motif: atom1 name is aroC
protocols.motifs.Motif: atom2 name is aroC
protocols.motifs.Motif: atom3 name is F
protocols.motifs.Motif: Res1 name is ALA
protocols.motifs.Motif: atom1 name is Ntrp
protocols.motifs.Motif: atom2 name is COO
protocols.motifs.Motif: atom3 name is ONH2
protocols.motifs.Motif: Res1 name is TYR
protocols.motifs.Motif: atom1 name is Ntrp
protocols.motifs.Motif: atom2 name is COO
protocols.motifs.Motif: atom3 name is ONH2
protocols.motifs.Motif: Res1 name is LEU
protocols.motifs.Motif: atom1 name is aroC
protocols.motifs.Motif: atom2 name is aroC
protocols.motifs.Motif: atom3 name is COO
protocols.motifs.Motif: Res1 name is CYS
protocols.motifs.Motif: atom1 name is aroC
protocols.motifs.Motif: atom2 name is aroC
protocols.motifs.Motif: atom3 name is aroC
protocols.motifs.Motif: Res1 name is PHE
protocols.motifs.Motif: atom1 name is aroC
protocols.motifs.Motif: atom2 name is aroC
protocols.motifs.Motif: atom3 name is F
core.pack.task: Packer task: initialize from command line() 
core.pack.task: Packer task: initialize from command line() 
core.pack.task: Packer task: initialize from command line() 
protocols.moves.MonteCarlo: MonteCarlo:: last_accepted_score,lowest_score: -1076.52 -1077.18
protocols.motifs.Motif: Res1 name is LEU
protocols.motifs.Motif: atom1 name is aroC
protocols.motifs.Motif: atom2 name is aroC
protocols.motifs.Motif: atom3 name is Ntrp
protocols.motifs.Motif: Res1 name is TYR
protocols.motifs.Motif: atom1 name is Ntrp
protocols.motifs.Motif: atom2 name is COO
protocols.motifs.Motif: atom3 name is ONH2
protocols.motifs.Motif: Res1 name is LEU
protocols.motifs.Motif: atom1 name is aroC
protocols.motifs.Motif: atom2 name is aroC
protocols.motifs.Motif: atom3 name is aroC
protocols.motifs.Motif: Res1 name is PHE
protocols.motifs.Motif: atom1 name is aroC
protocols.motifs.Motif: atom2 name is aroC
protocols.motifs.Motif: atom3 name is aroC
core.pack.task: Packer task: initialize from command line() 
core.pack.task: Packer task: initialize from command line() 
core.pack.task: Packer task: initialize from command line() 
protocols.moves.MonteCarlo: MonteCarlo:: last_accepted_score,lowest_score: -1075.34 -1075.36
protocols.motifs.Motif: Res1 name is LEU
protocols.motifs.Motif: atom1 name is aroC
protocols.motifs.Motif: atom2 name is aroC
protocols.motifs.Motif: atom3 name is aroC
protocols.motifs.Motif: Res1 name is ASP
protocols.motifs.Motif: atom1 name is aroC
protocols.motifs.Motif: atom2 name is aroC
protocols.motifs.Motif: atom3 name is aroC
protocols.motifs.Motif: Res1 name is ARG
protocols.motifs.Motif: atom1 name is NH2O
protocols.motifs.Motif: atom2 name is COO
protocols.motifs.Motif: atom3 name is ONH2
protocols.motifs.Motif: Res1 name is PHE
protocols.motifs.Motif: atom1 name is aroC
protocols.motifs.Motif: atom2 name is aroC
protocols.motifs.Motif: atom3 name is aroC
protocols.motifs.Motif: Res1 name is ARG
protocols.motifs.Motif: atom1 name is CH3
protocols.motifs.Motif: atom2 name is aroC
protocols.motifs.Motif: atom3 name is aroC
core.pack.task: Packer task: initialize from command line() 
core.pack.task: Packer task: initialize from command line() 
core.pack.task: Packer task: initialize from command line() 
protocols.moves.MonteCarlo: MonteCarlo:: last_accepted_score,lowest_score: -1072.91 -1072.91
protocols.motifs.Motif: Res1 name is LEU
protocols.motifs.Motif: atom1 name is Ntrp
protocols.motifs.Motif: atom2 name is COO
protocols.motifs.Motif: atom3 name is ONH2
protocols.motifs.Motif: Res1 name is VAL
protocols.motifs.Motif: atom1 name is aroC
protocols.motifs.Motif: atom2 name is aroC
protocols.motifs.Motif: atom3 name is aroC
protocols.motifs.Motif: Res1 name is TYR
protocols.motifs.Motif: atom1 name is CH3
protocols.motifs.Motif: atom2 name is aroC
protocols.motifs.Motif: atom3 name is aroC
protocols.motifs.Motif: Res1 name is LEU
protocols.motifs.Motif: atom1 name is aroC
protocols.motifs.Motif: atom2 name is aroC
protocols.motifs.Motif: atom3 name is aroC
protocols.motifs.Motif: Res1 name is PHE
protocols.motifs.Motif: atom1 name is Ntrp
protocols.motifs.Motif: atom2 name is COO
protocols.motifs.Motif: atom3 name is ONH2
core.pack.task: Packer task: initialize from command line() 
core.pack.task: Packer task: initialize from command line() 
core.pack.task: Packer task: initialize from command line() 
protocols.moves.MonteCarlo: MonteCarlo:: last_accepted_score,lowest_score: -1075.2 -1075.2
protocols.motifs.Motif: Res1 name is LEU
protocols.motifs.Motif: atom1 name is CH3
protocols.motifs.Motif: atom2 name is aroC
protocols.motifs.Motif: atom3 name is Ntrp
protocols.motifs.Motif: Res1 name is VAL
protocols.motifs.Motif: atom1 name is Ntrp
protocols.motifs.Motif: atom2 name is COO
protocols.motifs.Motif: atom3 name is ONH2
protocols.motifs.Motif: Res1 name is ALA
protocols.motifs.Motif: atom1 name is aroC
protocols.motifs.Motif: atom2 name is aroC
protocols.motifs.Motif: atom3 name is aroC
protocols.motifs.Motif: Res1 name is VAL
protocols.motifs.Motif: atom1 name is aroC
protocols.motifs.Motif: atom2 name is aroC
protocols.motifs.Motif: atom3 name is F
protocols.motifs.Motif: Res1 name is THR
protocols.motifs.Motif: atom1 name is aroC
protocols.motifs.Motif: atom2 name is aroC
protocols.motifs.Motif: atom3 name is F
protocols.motifs.Motif: Res1 name is LEU
protocols.motifs.Motif: atom1 name is aroC
protocols.motifs.Motif: atom2 name is aroC
protocols.motifs.Motif: atom3 name is aroC
protocols.motifs.Motif: Res1 name is CYS
protocols.motifs.Motif: atom1 name is aroC
protocols.motifs.Motif: atom2 name is aroC
protocols.motifs.Motif: atom3 name is Ntrp
protocols.motifs.Motif: Res1 name is PHE
protocols.motifs.Motif: atom1 name is Ntrp
protocols.motifs.Motif: atom2 name is COO
protocols.motifs.Motif: atom3 name is ONH2
core.pack.task: Packer task: initialize from command line() 
core.pack.task: Packer task: initialize from command line() 
core.pack.task: Packer task: initialize from command line() 
protocols.moves.MonteCarlo: MonteCarlo:: last_accepted_score,lowest_score: -1079.97 -1079.97
protocols.motifs.Motif: Res1 name is LEU
protocols.motifs.Motif: atom1 name is Ntrp
protocols.motifs.Motif: atom2 name is COO
protocols.motifs.Motif: atom3 name is ONH2
protocols.motifs.Motif: Res1 name is VAL
protocols.motifs.Motif: atom1 name is aroC
protocols.motifs.Motif: atom2 name is aroC
protocols.motifs.Motif: atom3 name is Ntrp
protocols.motifs.Motif: Res1 name is TYR
protocols.motifs.Motif: atom1 name is NH2O
protocols.motifs.Motif: atom2 name is COO
protocols.motifs.Motif: atom3 name is ONH2
protocols.motifs.Motif: Res1 name is LEU
protocols.motifs.Motif: atom1 name is aroC
protocols.motifs.Motif: atom2 name is aroC
protocols.motifs.Motif: atom3 name is aroC
protocols.motifs.Motif: Res1 name is CYS
protocols.motifs.Motif: atom1 name is aroC
protocols.motifs.Motif: atom2 name is aroC
protocols.motifs.Motif: atom3 name is aroC
protocols.motifs.Motif: Res1 name is PHE
protocols.motifs.Motif: atom1 name is Ntrp
protocols.motifs.Motif: atom2 name is COO
protocols.motifs.Motif: atom3 name is ONH2
core.pack.task: Packer task: initialize from command line() 
core.pack.task: Packer task: initialize from command line() 
core.pack.task: Packer task: initialize from command line() 
protocols.moves.MonteCarlo: MonteCarlo:: last_accepted_score,lowest_score: -1070.62 -1070.62
protocols.motifs.Motif: Res1 name is LEU
protocols.motifs.Motif: atom1 name is aroC
protocols.motifs.Motif: atom2 name is aroC
protocols.motifs.Motif: atom3 name is F
protocols.motifs.Motif: Res1 name is TYR
protocols.motifs.Motif: atom1 name is aroC
protocols.motifs.Motif: atom2 name is aroC
protocols.motifs.Motif: atom3 name is F
protocols.motifs.Motif: Res1 name is ASP
protocols.motifs.Motif: atom1 name is Ntrp
protocols.motifs.Motif: atom2 name is COO
protocols.motifs.Motif: atom3 name is ONH2
protocols.motifs.Motif: Res1 name is LEU
protocols.motifs.Motif: atom1 name is Ntrp
protocols.motifs.Motif: atom2 name is COO
protocols.motifs.Motif: atom3 name is ONH2
protocols.motifs.Motif: Res1 name is PHE
protocols.motifs.Motif: atom1 name is Ntrp
protocols.motifs.Motif: atom2 name is COO
protocols.motifs.Motif: atom3 name is ONH2
core.pack.task: Packer task: initialize from command line() 
core.pack.task: Packer task: initialize from command line() 
core.pack.task: Packer task: initialize from command line() 
protocols.moves.MonteCarlo: MonteCarlo:: last_accepted_score,lowest_score: -1071.98 -1071.98
protocols.motifs.Motif: Res1 name is LEU
protocols.motifs.Motif: atom1 name is aroC
protocols.motifs.Motif: atom2 name is aroC
protocols.motifs.Motif: atom3 name is F
protocols.motifs.Motif: Res1 name is ASP
protocols.motifs.Motif: atom1 name is Ntrp
protocols.motifs.Motif: atom2 name is COO
protocols.motifs.Motif: atom3 name is ONH2
protocols.motifs.Motif: Res1 name is LEU
protocols.motifs.Motif: atom1 name is aroC
protocols.motifs.Motif: atom2 name is aroC
protocols.motifs.Motif: atom3 name is Ntrp
protocols.motifs.Motif: Res1 name is PHE
protocols.motifs.Motif: atom1 name is Ntrp
protocols.motifs.Motif: atom2 name is COO
protocols.motifs.Motif: atom3 name is ONH2
core.pack.task: Packer task: initialize from command line() 
core.pack.task: Packer task: initialize from command line() 
core.pack.task: Packer task: initialize from command line() 
protocols.moves.MonteCarlo: MonteCarlo:: last_accepted_score,lowest_score: -1080.95 -1081.48
protocols.motifs.Motif: Res1 name is LEU
protocols.motifs.Motif: atom1 name is aroC
protocols.motifs.Motif: atom2 name is COO
protocols.motifs.Motif: atom3 name is ONH2
protocols.motifs.Motif: Res1 name is VAL
protocols.motifs.Motif: atom1 name is aroC
protocols.motifs.Motif: atom2 name is aroC
protocols.motifs.Motif: atom3 name is F
protocols.motifs.Motif: Res1 name is ALA
protocols.motifs.Motif: atom1 name is Ntrp
protocols.motifs.Motif: atom2 name is COO
protocols.motifs.Motif: atom3 name is ONH2
protocols.motifs.Motif: Res1 name is TYR
protocols.motifs.Motif: atom1 name is CH3
protocols.motifs.Motif: atom2 name is aroC
protocols.motifs.Motif: atom3 name is Ntrp
protocols.motifs.Motif: Res1 name is LEU
protocols.motifs.Motif: atom1 name is aroC
protocols.motifs.Motif: atom2 name is aroC
protocols.motifs.Motif: atom3 name is COO
protocols.motifs.Motif: Res1 name is CYS
protocols.motifs.Motif: atom1 name is aroC
protocols.motifs.Motif: atom2 name is aroC
protocols.motifs.Motif: atom3 name is aroC
protocols.motifs.Motif: Res1 name is PHE
protocols.motifs.Motif: atom1 name is aroC
protocols.motifs.Motif: atom2 name is aroC
protocols.motifs.Motif: atom3 name is aroC
core.pack.task: Packer task: initialize from command line() 
core.pack.task: Packer task: initialize from command line() 
core.pack.task: Packer task: initialize from command line() 
protocols.moves.MonteCarlo: MonteCarlo:: last_accepted_score,lowest_score: -1082.15 -1082.15
protocols.motifs.Motif: Res1 name is LEU
protocols.motifs.Motif: atom1 name is CH3
protocols.motifs.Motif: atom2 name is aroC
protocols.motifs.Motif: atom3 name is aroC
protocols.motifs.Motif: Res1 name is VAL
protocols.motifs.Motif: atom1 name is aroC
protocols.motifs.Motif: atom2 name is aroC
protocols.motifs.Motif: atom3 name is F
protocols.motifs.Motif: Res1 name is ALA
protocols.motifs.Motif: atom1 name is Ntrp
protocols.motifs.Motif: atom2 name is COO
protocols.motifs.Motif: atom3 name is ONH2
protocols.motifs.Motif: Res1 name is TYR
protocols.motifs.Motif: atom1 name is CH3
protocols.motifs.Motif: atom2 name is aroC
protocols.motifs.Motif: atom3 name is Ntrp
protocols.motifs.Motif: Res1 name is LEU
protocols.motifs.Motif: atom1 name is aroC
protocols.motifs.Motif: atom2 name is aroC
protocols.motifs.Motif: atom3 name is COO
protocols.motifs.Motif: Res1 name is CYS
protocols.motifs.Motif: atom1 name is aroC
protocols.motifs.Motif: atom2 name is aroC
protocols.motifs.Motif: atom3 name is aroC
protocols.motifs.Motif: Res1 name is PHE
protocols.motifs.Motif: atom1 name is aroC
protocols.motifs.Motif: atom2 name is aroC
protocols.motifs.Motif: atom3 name is F
core.pack.task: Packer task: initialize from command line() 
core.pack.task: Packer task: initialize from command line() 
core.pack.task: Packer task: initialize from command line() 
protocols.moves.MonteCarlo: MonteCarlo:: last_accepted_score,lowest_score: -1080.69 -1080.69
protocols.motifs.Motif: Res1 name is LEU
protocols.motifs.Motif: atom1 name is Ntrp
protocols.motifs.Motif: atom2 name is COO
protocols.motifs.Motif: atom3 name is ONH2
protocols.motifs.Motif: Res1 name is VAL
protocols.motifs.Motif: atom1 name is aroC
protocols.motifs.Motif: atom2 name is aroC
protocols.motifs.Motif: atom3 name is F
protocols.motifs.Motif: Res1 name is ALA
protocols.motifs.Motif: atom1 name is Ntrp
protocols.motifs.Motif: atom2 name is COO
protocols.motifs.Motif: atom3 name is ONH2
protocols.motifs.Motif: Res1 name is TYR
protocols.motifs.Motif: atom1 name is Ntrp
protocols.motifs.Motif: atom2 name is COO
protocols.motifs.Motif: atom3 name is ONH2
protocols.motifs.Motif: Res1 name is LEU
protocols.motifs.Motif: atom1 name is aroC
protocols.motifs.Motif: atom2 name is aroC
protocols.motifs.Motif: atom3 name is COO
protocols.motifs.Motif: Res1 name is CYS
protocols.motifs.Motif: atom1 name is aroC
protocols.motifs.Motif: atom2 name is aroC
protocols.motifs.Motif: atom3 name is aroC
protocols.motifs.Motif: Res1 name is PHE
protocols.motifs.Motif: atom1 name is aroC
protocols.motifs.Motif: atom2 name is aroC
protocols.motifs.Motif: atom3 name is F
core.pack.task: Packer task: initialize from command line() 
core.pack.task: Packer task: initialize from command line() 
core.pack.task: Packer task: initialize from command line() 
protocols.moves.MonteCarlo: MonteCarlo:: last_accepted_score,lowest_score: -1076.3 -1078.16
protocols.motifs.Motif: Res1 name is LEU
protocols.motifs.Motif: atom1 name is Ntrp
protocols.motifs.Motif: atom2 name is COO
protocols.motifs.Motif: atom3 name is ONH2
protocols.motifs.Motif: Res1 name is VAL
protocols.motifs.Motif: atom1 name is aroC
protocols.motifs.Motif: atom2 name is aroC
protocols.motifs.Motif: atom3 name is Ntrp
protocols.motifs.Motif: Res1 name is ALA
protocols.motifs.Motif: atom1 name is aroC
protocols.motifs.Motif: atom2 name is aroC
protocols.motifs.Motif: atom3 name is aroC
protocols.motifs.Motif: Res1 name is TYR
protocols.motifs.Motif: atom1 name is aroC
protocols.motifs.Motif: atom2 name is aroC
protocols.motifs.Motif: atom3 name is F
protocols.motifs.Motif: Res1 name is LEU
protocols.motifs.Motif: atom1 name is aroC
protocols.motifs.Motif: atom2 name is aroC
protocols.motifs.Motif: atom3 name is aroC
protocols.motifs.Motif: Res1 name is PHE
protocols.motifs.Motif: atom1 name is Ntrp
protocols.motifs.Motif: atom2 name is COO
protocols.motifs.Motif: atom3 name is ONH2
core.pack.task: Packer task: initialize from command line() 
core.pack.task: Packer task: initialize from command line() 
core.pack.task: Packer task: initialize from command line() 
protocols.moves.MonteCarlo: MonteCarlo:: last_accepted_score,lowest_score: -1080.68 -1080.68
protocols.motifs.Motif: Res1 name is LEU
protocols.motifs.Motif: atom1 name is Ntrp
protocols.motifs.Motif: atom2 name is COO
protocols.motifs.Motif: atom3 name is ONH2
protocols.motifs.Motif: Res1 name is VAL
protocols.motifs.Motif: atom1 name is aroC
protocols.motifs.Motif: atom2 name is aroC
protocols.motifs.Motif: atom3 name is Ntrp
protocols.motifs.Motif: Res1 name is ALA
protocols.motifs.Motif: atom1 name is aroC
protocols.motifs.Motif: atom2 name is aroC
protocols.motifs.Motif: atom3 name is aroC
protocols.motifs.Motif: Res1 name is VAL
protocols.motifs.Motif: atom1 name is aroC
protocols.motifs.Motif: atom2 name is aroC
protocols.motifs.Motif: atom3 name is F
protocols.motifs.Motif: Res1 name is TYR
protocols.motifs.Motif: atom1 name is NH2O
protocols.motifs.Motif: atom2 name is COO
protocols.motifs.Motif: atom3 name is ONH2
protocols.motifs.Motif: Res1 name is LEU
protocols.motifs.Motif: atom1 name is aroC
protocols.motifs.Motif: atom2 name is aroC
protocols.motifs.Motif: atom3 name is COO
protocols.motifs.Motif: Res1 name is CYS
protocols.motifs.Motif: atom1 name is aroC
protocols.motifs.Motif: atom2 name is aroC
protocols.motifs.Motif: atom3 name is Ntrp
protocols.motifs.Motif: Res1 name is PHE
protocols.motifs.Motif: atom1 name is Ntrp
protocols.motifs.Motif: atom2 name is COO
protocols.motifs.Motif: atom3 name is ONH2
core.pack.task: Packer task: initialize from command line() 
core.pack.task: Packer task: initialize from command line() 
core.pack.task: Packer task: initialize from command line() 
protocols.moves.MonteCarlo: MonteCarlo:: last_accepted_score,lowest_score: -1080.47 -1080.47
protocols.motifs.Motif: Res1 name is LEU
protocols.motifs.Motif: atom1 name is CH3
protocols.motifs.Motif: atom2 name is aroC
protocols.motifs.Motif: atom3 name is aroC
protocols.motifs.Motif: Res1 name is VAL
protocols.motifs.Motif: atom1 name is aroC
protocols.motifs.Motif: atom2 name is aroC
protocols.motifs.Motif: atom3 name is F
protocols.motifs.Motif: Res1 name is ALA
protocols.motifs.Motif: atom1 name is aroC
protocols.motifs.Motif: atom2 name is aroC
protocols.motifs.Motif: atom3 name is Ntrp
protocols.motifs.Motif: Res1 name is TYR
protocols.motifs.Motif: atom1 name is Ntrp
protocols.motifs.Motif: atom2 name is COO
protocols.motifs.Motif: atom3 name is ONH2
protocols.motifs.Motif: Res1 name is LEU
protocols.motifs.Motif: atom1 name is aroC
protocols.motifs.Motif: atom2 name is aroC
protocols.motifs.Motif: atom3 name is COO
protocols.motifs.Motif: Res1 name is CYS
protocols.motifs.Motif: atom1 name is aroC
protocols.motifs.Motif: atom2 name is aroC
protocols.motifs.Motif: atom3 name is F
protocols.motifs.Motif: Res1 name is PHE
protocols.motifs.Motif: atom1 name is aroC
protocols.motifs.Motif: atom2 name is aroC
protocols.motifs.Motif: atom3 name is aroC
core.pack.task: Packer task: initialize from command line() 
core.pack.task: Packer task: initialize from command line() 
core.pack.task: Packer task: initialize from command line() 
protocols.moves.MonteCarlo: MonteCarlo:: last_accepted_score,lowest_score: -1076.54 -1076.54
protocols.motifs.Motif: Res1 name is LEU
protocols.motifs.Motif: atom1 name is aroC
protocols.motifs.Motif: atom2 name is aroC
protocols.motifs.Motif: atom3 name is F
protocols.motifs.Motif: Res1 name is ASP
protocols.motifs.Motif: atom1 name is aroC
protocols.motifs.Motif: atom2 name is aroC
protocols.motifs.Motif: atom3 name is Ntrp
protocols.motifs.Motif: Res1 name is ASN
protocols.motifs.Motif: atom1 name is NH2O
protocols.motifs.Motif: atom2 name is COO
protocols.motifs.Motif: atom3 name is ONH2
protocols.motifs.Motif: Res1 name is PHE
protocols.motifs.Motif: atom1 name is Ntrp
protocols.motifs.Motif: atom2 name is COO
protocols.motifs.Motif: atom3 name is ONH2
core.pack.task: Packer task: initialize from command line() 
core.pack.task: Packer task: initialize from command line() 
core.pack.task: Packer task: initialize from command line() 
protocols.moves.MonteCarlo: MonteCarlo:: last_accepted_score,lowest_score: -1076.95 -1077.01
protocols.motifs.Motif: Res1 name is LEU
protocols.motifs.Motif: atom1 name is CH3
protocols.motifs.Motif: atom2 name is aroC
protocols.motifs.Motif: atom3 name is aroC
protocols.motifs.Motif: Res1 name is ALA
protocols.motifs.Motif: atom1 name is aroC
protocols.motifs.Motif: atom2 name is aroC
protocols.motifs.Motif: atom3 name is Ntrp
protocols.motifs.Motif: Res1 name is TYR
protocols.motifs.Motif: atom1 name is Ntrp
protocols.motifs.Motif: atom2 name is COO
protocols.motifs.Motif: atom3 name is ONH2
protocols.motifs.Motif: Res1 name is LEU
protocols.motifs.Motif: atom1 name is aroC
protocols.motifs.Motif: atom2 name is aroC
protocols.motifs.Motif: atom3 name is COO
protocols.motifs.Motif: Res1 name is PHE
protocols.motifs.Motif: atom1 name is CH3
protocols.motifs.Motif: atom2 name is aroC
protocols.motifs.Motif: atom3 name is aroC
core.pack.task: Packer task: initialize from command line() 
core.pack.task: Packer task: initialize from command line() 
core.pack.task: Packer task: initialize from command line() 
protocols.moves.MonteCarlo: MonteCarlo:: last_accepted_score,lowest_score: -1076.44 -1076.44
protocols.motifs.Motif: Res1 name is LEU
protocols.motifs.Motif: atom1 name is CH3
protocols.motifs.Motif: atom2 name is aroC
protocols.motifs.Motif: atom3 name is aroC
protocols.motifs.Motif: Res1 name is TYR
protocols.motifs.Motif: atom1 name is Ntrp
protocols.motifs.Motif: atom2 name is COO
protocols.motifs.Motif: atom3 name is ONH2
protocols.motifs.Motif: Res1 name is LEU
protocols.motifs.Motif: atom1 name is aroC
protocols.motifs.Motif: atom2 name is aroC
protocols.motifs.Motif: atom3 name is aroC
core.pack.task: Packer task: initialize from command line() 
core.pack.task: Packer task: initialize from command line() 
core.pack.task: Packer task: initialize from command line() 
protocols.moves.MonteCarlo: MonteCarlo:: last_accepted_score,lowest_score: -1082.27 -1082.27
protocols.motifs.Motif: Res1 name is LEU
protocols.motifs.Motif: atom1 name is CH3
protocols.motifs.Motif: atom2 name is aroC
protocols.motifs.Motif: atom3 name is aroC
protocols.motifs.Motif: Res1 name is VAL
protocols.motifs.Motif: atom1 name is aroC
protocols.motifs.Motif: atom2 name is aroC
protocols.motifs.Motif: atom3 name is F
protocols.motifs.Motif: Res1 name is ALA
protocols.motifs.Motif: atom1 name is Ntrp
protocols.motifs.Motif: atom2 name is COO
protocols.motifs.Motif: atom3 name is ONH2
protocols.motifs.Motif: Res1 name is TYR
protocols.motifs.Motif: atom1 name is CH3
protocols.motifs.Motif: atom2 name is aroC
protocols.motifs.Motif: atom3 name is Ntrp
protocols.motifs.Motif: Res1 name is LEU
protocols.motifs.Motif: atom1 name is aroC
protocols.motifs.Motif: atom2 name is COO
protocols.motifs.Motif: atom3 name is ONH2
protocols.motifs.Motif: Res1 name is CYS
protocols.motifs.Motif: atom1 name is aroC
protocols.motifs.Motif: atom2 name is aroC
protocols.motifs.Motif: atom3 name is aroC
protocols.motifs.Motif: Res1 name is PHE
protocols.motifs.Motif: atom1 name is aroC
protocols.motifs.Motif: atom2 name is aroC
protocols.motifs.Motif: atom3 name is F
core.pack.task: Packer task: initialize from command line() 
core.pack.task: Packer task: initialize from command line() 
core.pack.task: Packer task: initialize from command line() 
protocols.moves.MonteCarlo: MonteCarlo:: last_accepted_score,lowest_score: -1011.41 -1011.41
protocols.motifs.Motif: Res1 name is LEU
protocols.motifs.Motif: atom1 name is Ntrp
protocols.motifs.Motif: atom2 name is COO
protocols.motifs.Motif: atom3 name is ONH2
protocols.motifs.Motif: Res1 name is VAL
protocols.motifs.Motif: atom1 name is aroC
protocols.motifs.Motif: atom2 name is aroC
protocols.motifs.Motif: atom3 name is aroC
protocols.motifs.Motif: Res1 name is ALA
protocols.motifs.Motif: atom1 name is aroC
protocols.motifs.Motif: atom2 name is aroC
protocols.motifs.Motif: atom3 name is Ntrp
protocols.motifs.Motif: Res1 name is TYR
protocols.motifs.Motif: atom1 name is Ntrp
protocols.motifs.Motif: atom2 name is COO
protocols.motifs.Motif: atom3 name is ONH2
protocols.motifs.Motif: Res1 name is LEU
protocols.motifs.Motif: atom1 name is aroC
protocols.motifs.Motif: atom2 name is aroC
protocols.motifs.Motif: atom3 name is aroC
protocols.motifs.Motif: Res1 name is PHE
protocols.motifs.Motif: atom1 name is CH3
protocols.motifs.Motif: atom2 name is aroC
protocols.motifs.Motif: atom3 name is aroC
core.pack.task: Packer task: initialize from command line() 
core.pack.task: Packer task: initialize from command line() 
core.pack.task: Packer task: initialize from command line() 
protocols.moves.MonteCarlo: MonteCarlo:: last_accepted_score,lowest_score: -1080.53 -1080.53
protocols.motifs.Motif: Res1 name is LEU
protocols.motifs.Motif: atom1 name is Ntrp
protocols.motifs.Motif: atom2 name is COO
protocols.motifs.Motif: atom3 name is ONH2
protocols.motifs.Motif: Res1 name is VAL
protocols.motifs.Motif: atom1 name is aroC
protocols.motifs.Motif: atom2 name is aroC
protocols.motifs.Motif: atom3 name is Ntrp
protocols.motifs.Motif: Res1 name is ALA
protocols.motifs.Motif: atom1 name is aroC
protocols.motifs.Motif: atom2 name is aroC
protocols.motifs.Motif: atom3 name is F
protocols.motifs.Motif: Res1 name is TYR
protocols.motifs.Motif: atom1 name is NH2O
protocols.motifs.Motif: atom2 name is COO
protocols.motifs.Motif: atom3 name is ONH2
protocols.motifs.Motif: Res1 name is LEU
protocols.motifs.Motif: atom1 name is aroC
protocols.motifs.Motif: atom2 name is aroC
protocols.motifs.Motif: atom3 name is aroC
protocols.motifs.Motif: Res1 name is CYS
protocols.motifs.Motif: atom1 name is aroC
protocols.motifs.Motif: atom2 name is aroC
protocols.motifs.Motif: atom3 name is Ntrp
protocols.motifs.Motif: Res1 name is PHE
protocols.motifs.Motif: atom1 name is Ntrp
protocols.motifs.Motif: atom2 name is COO
protocols.motifs.Motif: atom3 name is ONH2
core.pack.task: Packer task: initialize from command line() 
core.pack.task: Packer task: initialize from command line() 
core.pack.task: Packer task: initialize from command line() 
protocols.moves.MonteCarlo: MonteCarlo:: last_accepted_score,lowest_score: -1074.23 -1074.38
protocols.motifs.Motif: Res1 name is LEU
protocols.motifs.Motif: atom1 name is CH3
protocols.motifs.Motif: atom2 name is aroC
protocols.motifs.Motif: atom3 name is aroC
protocols.motifs.Motif: Res1 name is TYR
protocols.motifs.Motif: atom1 name is Ntrp
protocols.motifs.Motif: atom2 name is COO
protocols.motifs.Motif: atom3 name is ONH2
protocols.motifs.Motif: Res1 name is LEU
protocols.motifs.Motif: atom1 name is aroC
protocols.motifs.Motif: atom2 name is aroC
protocols.motifs.Motif: atom3 name is aroC
core.pack.task: Packer task: initialize from command line() 
core.pack.task: Packer task: initialize from command line() 
core.pack.task: Packer task: initialize from command line() 
protocols.moves.MonteCarlo: MonteCarlo:: last_accepted_score,lowest_score: -1081.98 -1082.27
protocols.motifs.Motif: Res1 name is LEU
protocols.motifs.Motif: atom1 name is CH3
protocols.motifs.Motif: atom2 name is aroC
protocols.motifs.Motif: atom3 name is aroC
protocols.motifs.Motif: Res1 name is VAL
protocols.motifs.Motif: atom1 name is aroC
protocols.motifs.Motif: atom2 name is aroC
protocols.motifs.Motif: atom3 name is F
protocols.motifs.Motif: Res1 name is ALA
protocols.motifs.Motif: atom1 name is Ntrp
protocols.motifs.Motif: atom2 name is COO
protocols.motifs.Motif: atom3 name is ONH2
protocols.motifs.Motif: Res1 name is LYS
protocols.motifs.Motif: atom1 name is aroC
protocols.motifs.Motif: atom2 name is aroC
protocols.motifs.Motif: atom3 name is F
protocols.motifs.Motif: Res1 name is TYR
protocols.motifs.Motif: atom1 name is Ntrp
protocols.motifs.Motif: atom2 name is COO
protocols.motifs.Motif: atom3 name is ONH2
protocols.motifs.Motif: Res1 name is LEU
protocols.motifs.Motif: atom1 name is aroC
protocols.motifs.Motif: atom2 name is COO
protocols.motifs.Motif: atom3 name is ONH2
protocols.motifs.Motif: Res1 name is CYS
protocols.motifs.Motif: atom1 name is aroC
protocols.motifs.Motif: atom2 name is aroC
protocols.motifs.Motif: atom3 name is aroC
protocols.motifs.Motif: Res1 name is PHE
protocols.motifs.Motif: atom1 name is aroC
protocols.motifs.Motif: atom2 name is aroC
protocols.motifs.Motif: atom3 name is F
core.pack.task: Packer task: initialize from command line() 
core.pack.task: Packer task: initialize from command line() 
core.pack.task: Packer task: initialize from command line() 
protocols.moves.MonteCarlo: MonteCarlo:: last_accepted_score,lowest_score: -1082.36 -1082.36
protocols.motifs.Motif: Res1 name is LEU
protocols.motifs.Motif: atom1 name is CH3
protocols.motifs.Motif: atom2 name is aroC
protocols.motifs.Motif: atom3 name is aroC
protocols.motifs.Motif: Res1 name is VAL
protocols.motifs.Motif: atom1 name is aroC
protocols.motifs.Motif: atom2 name is aroC
protocols.motifs.Motif: atom3 name is F
protocols.motifs.Motif: Res1 name is ALA
protocols.motifs.Motif: atom1 name is Ntrp
protocols.motifs.Motif: atom2 name is COO
protocols.motifs.Motif: atom3 name is ONH2
protocols.motifs.Motif: Res1 name is LYS
protocols.motifs.Motif: atom1 name is aroC
protocols.motifs.Motif: atom2 name is aroC
protocols.motifs.Motif: atom3 name is F
protocols.motifs.Motif: Res1 name is TYR
protocols.motifs.Motif: atom1 name is Ntrp
protocols.motifs.Motif: atom2 name is COO
protocols.motifs.Motif: atom3 name is ONH2
protocols.motifs.Motif: Res1 name is LEU
protocols.motifs.Motif: atom1 name is aroC
protocols.motifs.Motif: atom2 name is COO
protocols.motifs.Motif: atom3 name is ONH2
protocols.motifs.Motif: Res1 name is CYS
protocols.motifs.Motif: atom1 name is aroC
protocols.motifs.Motif: atom2 name is aroC
protocols.motifs.Motif: atom3 name is aroC
protocols.motifs.Motif: Res1 name is PHE
protocols.motifs.Motif: atom1 name is aroC
protocols.motifs.Motif: atom2 name is aroC
protocols.motifs.Motif: atom3 name is F
core.pack.task: Packer task: initialize from command line() 
core.pack.task: Packer task: initialize from command line() 
core.pack.task: Packer task: initialize from command line() 
protocols.moves.MonteCarlo: MonteCarlo:: last_accepted_score,lowest_score: -1080.87 -1081.18
protocols.motifs.Motif: Res1 name is LEU
protocols.motifs.Motif: atom1 name is CH3
protocols.motifs.Motif: atom2 name is aroC
protocols.motifs.Motif: atom3 name is aroC
protocols.motifs.Motif: Res1 name is VAL
protocols.motifs.Motif: atom1 name is aroC
protocols.motifs.Motif: atom2 name is aroC
protocols.motifs.Motif: atom3 name is F
protocols.motifs.Motif: Res1 name is ALA
protocols.motifs.Motif: atom1 name is Ntrp
protocols.motifs.Motif: atom2 name is COO
protocols.motifs.Motif: atom3 name is ONH2
protocols.motifs.Motif: Res1 name is TYR
protocols.motifs.Motif: atom1 name is Ntrp
protocols.motifs.Motif: atom2 name is COO
protocols.motifs.Motif: atom3 name is ONH2
protocols.motifs.Motif: Res1 name is LEU
protocols.motifs.Motif: atom1 name is aroC
protocols.motifs.Motif: atom2 name is aroC
protocols.motifs.Motif: atom3 name is COO
protocols.motifs.Motif: Res1 name is CYS
protocols.motifs.Motif: atom1 name is aroC
protocols.motifs.Motif: atom2 name is aroC
protocols.motifs.Motif: atom3 name is aroC
protocols.motifs.Motif: Res1 name is PHE
protocols.motifs.Motif: atom1 name is aroC
protocols.motifs.Motif: atom2 name is aroC
protocols.motifs.Motif: atom3 name is aroC
core.pack.task: Packer task: initialize from command line() 
core.pack.task: Packer task: initialize from command line() 
core.pack.task: Packer task: initialize from command line() 
protocols.moves.MonteCarlo: MonteCarlo:: last_accepted_score,lowest_score: -1082.26 -1082.26
protocols.motifs.Motif: Res1 name is LEU
protocols.motifs.Motif: atom1 name is Ntrp
protocols.motifs.Motif: atom2 name is COO
protocols.motifs.Motif: atom3 name is ONH2
protocols.motifs.Motif: Res1 name is VAL
protocols.motifs.Motif: atom1 name is aroC
protocols.motifs.Motif: atom2 name is aroC
protocols.motifs.Motif: atom3 name is Ntrp
protocols.motifs.Motif: Res1 name is TYR
protocols.motifs.Motif: atom1 name is NH2O
protocols.motifs.Motif: atom2 name is COO
protocols.motifs.Motif: atom3 name is ONH2
protocols.motifs.Motif: Res1 name is LEU
protocols.motifs.Motif: atom1 name is aroC
protocols.motifs.Motif: atom2 name is aroC
protocols.motifs.Motif: atom3 name is aroC
protocols.motifs.Motif: Res1 name is CYS
protocols.motifs.Motif: atom1 name is aroC
protocols.motifs.Motif: atom2 name is aroC
protocols.motifs.Motif: atom3 name is aroC
protocols.motifs.Motif: Res1 name is PHE
protocols.motifs.Motif: atom1 name is Ntrp
protocols.motifs.Motif: atom2 name is COO
protocols.motifs.Motif: atom3 name is ONH2
core.pack.task: Packer task: initialize from command line() 
core.pack.task: Packer task: initialize from command line() 
core.pack.task: Packer task: initialize from command line() 
protocols.moves.MonteCarlo: MonteCarlo:: last_accepted_score,lowest_score: -1077.38 -1077.38
protocols.motifs.Motif: Res1 name is LEU
protocols.motifs.Motif: atom1 name is aroC
protocols.motifs.Motif: atom2 name is aroC
protocols.motifs.Motif: atom3 name is COO
protocols.motifs.Motif: Res1 name is VAL
protocols.motifs.Motif: atom1 name is aroC
protocols.motifs.Motif: atom2 name is aroC
protocols.motifs.Motif: atom3 name is F
protocols.motifs.Motif: Res1 name is TYR
protocols.motifs.Motif: atom1 name is Ntrp
protocols.motifs.Motif: atom2 name is COO
protocols.motifs.Motif: atom3 name is ONH2
protocols.motifs.Motif: Res1 name is LEU
protocols.motifs.Motif: atom1 name is aroC
protocols.motifs.Motif: atom2 name is aroC
protocols.motifs.Motif: atom3 name is Ntrp
protocols.motifs.Motif: Res1 name is PHE
protocols.motifs.Motif: atom1 name is aroC
protocols.motifs.Motif: atom2 name is aroC
protocols.motifs.Motif: atom3 name is F
core.pack.task: Packer task: initialize from command line() 
core.pack.task: Packer task: initialize from command line() 
core.pack.task: Packer task: initialize from command line() 
protocols.moves.MonteCarlo: MonteCarlo:: last_accepted_score,lowest_score: -1078.33 -1078.33
protocols.motifs.Motif: Res1 name is LEU
protocols.motifs.Motif: atom1 name is aroC
protocols.motifs.Motif: atom2 name is aroC
protocols.motifs.Motif: atom3 name is Ntrp
protocols.motifs.Motif: Res1 name is VAL
protocols.motifs.Motif: atom1 name is Ntrp
protocols.motifs.Motif: atom2 name is COO
protocols.motifs.Motif: atom3 name is ONH2
protocols.motifs.Motif: Res1 name is LEU
protocols.motifs.Motif: atom1 name is aroC
protocols.motifs.Motif: atom2 name is aroC
protocols.motifs.Motif: atom3 name is aroC
protocols.motifs.Motif: Res1 name is PHE
protocols.motifs.Motif: atom1 name is Ntrp
protocols.motifs.Motif: atom2 name is COO
protocols.motifs.Motif: atom3 name is ONH2
core.pack.task: Packer task: initialize from command line() 
core.pack.task: Packer task: initialize from command line() 
core.pack.task: Packer task: initialize from command line() 
protocols.moves.MonteCarlo: MonteCarlo:: last_accepted_score,lowest_score: -1077.39 -1077.39
protocols.motifs.Motif: Res1 name is LEU
protocols.motifs.Motif: atom1 name is CH3
protocols.motifs.Motif: atom2 name is aroC
protocols.motifs.Motif: atom3 name is Ntrp
protocols.motifs.Motif: Res1 name is VAL
protocols.motifs.Motif: atom1 name is aroC
protocols.motifs.Motif: atom2 name is aroC
protocols.motifs.Motif: atom3 name is Ntrp
protocols.motifs.Motif: Res1 name is ALA
protocols.motifs.Motif: atom1 name is aroC
protocols.motifs.Motif: atom2 name is aroC
protocols.motifs.Motif: atom3 name is aroC
protocols.motifs.Motif: Res1 name is VAL
protocols.motifs.Motif: atom1 name is aroC
protocols.motifs.Motif: atom2 name is aroC
protocols.motifs.Motif: atom3 name is F
protocols.motifs.Motif: Res1 name is THR
protocols.motifs.Motif: atom1 name is aroC
protocols.motifs.Motif: atom2 name is aroC
protocols.motifs.Motif: atom3 name is F
protocols.motifs.Motif: Res1 name is LEU
protocols.motifs.Motif: atom1 name is aroC
protocols.motifs.Motif: atom2 name is aroC
protocols.motifs.Motif: atom3 name is COO
protocols.motifs.Motif: Res1 name is CYS
protocols.motifs.Motif: atom1 name is aroC
protocols.motifs.Motif: atom2 name is aroC
protocols.motifs.Motif: atom3 name is Ntrp
protocols.motifs.Motif: Res1 name is PHE
protocols.motifs.Motif: atom1 name is Ntrp
protocols.motifs.Motif: atom2 name is COO
protocols.motifs.Motif: atom3 name is ONH2
core.pack.task: Packer task: initialize from command line() 
core.pack.task: Packer task: initialize from command line() 
core.pack.task: Packer task: initialize from command line() 
protocols.moves.MonteCarlo: MonteCarlo:: last_accepted_score,lowest_score: -1074.26 -1074.43
protocols.motifs.Motif: Res1 name is LEU
protocols.motifs.Motif: atom1 name is CH3
protocols.motifs.Motif: atom2 name is aroC
protocols.motifs.Motif: atom3 name is aroC
protocols.motifs.Motif: Res1 name is TYR
protocols.motifs.Motif: atom1 name is aroC
protocols.motifs.Motif: atom2 name is aroC
protocols.motifs.Motif: atom3 name is Ntrp
protocols.motifs.Motif: Res1 name is LEU
protocols.motifs.Motif: atom1 name is aroC
protocols.motifs.Motif: atom2 name is aroC
protocols.motifs.Motif: atom3 name is F
protocols.motifs.Motif: Res1 name is PHE
protocols.motifs.Motif: atom1 name is CH3
protocols.motifs.Motif: atom2 name is aroC
protocols.motifs.Motif: atom3 name is aroC
core.pack.task: Packer task: initialize from command line() 
core.pack.task: Packer task: initialize from command line() 
core.pack.task: Packer task: initialize from command line() 
protocols.moves.MonteCarlo: MonteCarlo:: last_accepted_score,lowest_score: -1073.12 -1073.12
protocols.motifs.Motif: Res1 name is LEU
protocols.motifs.Motif: atom1 name is Ntrp
protocols.motifs.Motif: atom2 name is COO
protocols.motifs.Motif: atom3 name is ONH2
protocols.motifs.Motif: Res1 name is TYR
protocols.motifs.Motif: atom1 name is aroC
protocols.motifs.Motif: atom2 name is aroC
protocols.motifs.Motif: atom3 name is F
protocols.motifs.Motif: Res1 name is LEU
protocols.motifs.Motif: atom1 name is aroC
protocols.motifs.Motif: atom2 name is aroC
protocols.motifs.Motif: atom3 name is aroC
protocols.motifs.Motif: Res1 name is PHE
protocols.motifs.Motif: atom1 name is Ntrp
protocols.motifs.Motif: atom2 name is COO
protocols.motifs.Motif: atom3 name is ONH2
core.pack.task: Packer task: initialize from command line() 
core.pack.task: Packer task: initialize from command line() 
core.pack.task: Packer task: initialize from command line() 
protocols.moves.MonteCarlo: MonteCarlo:: last_accepted_score,lowest_score: -1075.62 -1075.93
protocols.motifs.Motif: Res1 name is LEU
protocols.motifs.Motif: atom1 name is aroC
protocols.motifs.Motif: atom2 name is aroC
protocols.motifs.Motif: atom3 name is Ntrp
protocols.motifs.Motif: Res1 name is TYR
protocols.motifs.Motif: atom1 name is Ntrp
protocols.motifs.Motif: atom2 name is COO
protocols.motifs.Motif: atom3 name is ONH2
protocols.motifs.Motif: Res1 name is LEU
protocols.motifs.Motif: atom1 name is aroC
protocols.motifs.Motif: atom2 name is aroC
protocols.motifs.Motif: atom3 name is aroC
protocols.motifs.Motif: Res1 name is PHE
protocols.motifs.Motif: atom1 name is aroC
protocols.motifs.Motif: atom2 name is aroC
protocols.motifs.Motif: atom3 name is F
core.pack.task: Packer task: initialize from command line() 
core.pack.task: Packer task: initialize from command line() 
core.pack.task: Packer task: initialize from command line() 
protocols.moves.MonteCarlo: MonteCarlo:: last_accepted_score,lowest_score: -1079.05 -1079.05
protocols.motifs.Motif: Res1 name is LEU
protocols.motifs.Motif: atom1 name is CH3
protocols.motifs.Motif: atom2 name is aroC
protocols.motifs.Motif: atom3 name is aroC
protocols.motifs.Motif: Res1 name is VAL
protocols.motifs.Motif: atom1 name is aroC
protocols.motifs.Motif: atom2 name is aroC
protocols.motifs.Motif: atom3 name is F
protocols.motifs.Motif: Res1 name is ALA
protocols.motifs.Motif: atom1 name is aroC
protocols.motifs.Motif: atom2 name is aroC
protocols.motifs.Motif: atom3 name is Ntrp
protocols.motifs.Motif: Res1 name is VAL
protocols.motifs.Motif: atom1 name is aroC
protocols.motifs.Motif: atom2 name is aroC
protocols.motifs.Motif: atom3 name is Ntrp
protocols.motifs.Motif: Res1 name is TYR
protocols.motifs.Motif: atom1 name is Ntrp
protocols.motifs.Motif: atom2 name is COO
protocols.motifs.Motif: atom3 name is ONH2
protocols.motifs.Motif: Res1 name is LEU
protocols.motifs.Motif: atom1 name is aroC
protocols.motifs.Motif: atom2 name is aroC
protocols.motifs.Motif: atom3 name is COO
protocols.motifs.Motif: Res1 name is CYS
protocols.motifs.Motif: atom1 name is aroC
protocols.motifs.Motif: atom2 name is aroC
protocols.motifs.Motif: atom3 name is aroC
core.pack.task: Packer task: initialize from command line() 
core.pack.task: Packer task: initialize from command line() 
core.pack.task: Packer task: initialize from command line() 
protocols.moves.MonteCarlo: MonteCarlo:: last_accepted_score,lowest_score: -1081.97 -1081.99
protocols.motifs.Motif: Res1 name is LEU
protocols.motifs.Motif: atom1 name is CH3
protocols.motifs.Motif: atom2 name is aroC
protocols.motifs.Motif: atom3 name is aroC
protocols.motifs.Motif: Res1 name is VAL
protocols.motifs.Motif: atom1 name is aroC
protocols.motifs.Motif: atom2 name is aroC
protocols.motifs.Motif: atom3 name is F
protocols.motifs.Motif: Res1 name is ALA
protocols.motifs.Motif: atom1 name is Ntrp
protocols.motifs.Motif: atom2 name is COO
protocols.motifs.Motif: atom3 name is ONH2
protocols.motifs.Motif: Res1 name is TYR
protocols.motifs.Motif: atom1 name is CH3
protocols.motifs.Motif: atom2 name is aroC
protocols.motifs.Motif: atom3 name is Ntrp
protocols.motifs.Motif: Res1 name is LEU
protocols.motifs.Motif: atom1 name is aroC
protocols.motifs.Motif: atom2 name is aroC
protocols.motifs.Motif: atom3 name is COO
protocols.motifs.Motif: Res1 name is CYS
protocols.motifs.Motif: atom1 name is aroC
protocols.motifs.Motif: atom2 name is aroC
protocols.motifs.Motif: atom3 name is aroC
protocols.motifs.Motif: Res1 name is PHE
protocols.motifs.Motif: atom1 name is aroC
protocols.motifs.Motif: atom2 name is aroC
protocols.motifs.Motif: atom3 name is F
core.pack.task: Packer task: initialize from command line() 
core.pack.task: Packer task: initialize from command line() 
core.pack.task: Packer task: initialize from command line() 
protocols.moves.MonteCarlo: MonteCarlo:: last_accepted_score,lowest_score: -1074.14 -1076.17
protocols.motifs.Motif: Res1 name is LEU
protocols.motifs.Motif: atom1 name is Ntrp
protocols.motifs.Motif: atom2 name is COO
protocols.motifs.Motif: atom3 name is ONH2
protocols.motifs.Motif: Res1 name is ALA
protocols.motifs.Motif: atom1 name is NH2O
protocols.motifs.Motif: atom2 name is COO
protocols.motifs.Motif: atom3 name is ONH2
protocols.motifs.Motif: Res1 name is TYR
protocols.motifs.Motif: atom1 name is CH3
protocols.motifs.Motif: atom2 name is aroC
protocols.motifs.Motif: atom3 name is aroC
protocols.motifs.Motif: Res1 name is LEU
protocols.motifs.Motif: atom1 name is aroC
protocols.motifs.Motif: atom2 name is COO
protocols.motifs.Motif: atom3 name is ONH2
protocols.motifs.Motif: Res1 name is PHE
protocols.motifs.Motif: atom1 name is Ntrp
protocols.motifs.Motif: atom2 name is COO
protocols.motifs.Motif: atom3 name is ONH2
core.pack.task: Packer task: initialize from command line() 
core.pack.task: Packer task: initialize from command line() 
core.pack.task: Packer task: initialize from command line() 
protocols.moves.MonteCarlo: MonteCarlo:: last_accepted_score,lowest_score: -1081.98 -1082.37
protocols.motifs.Motif: Res1 name is LEU
protocols.motifs.Motif: atom1 name is CH3
protocols.motifs.Motif: atom2 name is aroC
protocols.motifs.Motif: atom3 name is aroC
protocols.motifs.Motif: Res1 name is VAL
protocols.motifs.Motif: atom1 name is aroC
protocols.motifs.Motif: atom2 name is aroC
protocols.motifs.Motif: atom3 name is F
protocols.motifs.Motif: Res1 name is ALA
protocols.motifs.Motif: atom1 name is Ntrp
protocols.motifs.Motif: atom2 name is COO
protocols.motifs.Motif: atom3 name is ONH2
protocols.motifs.Motif: Res1 name is TYR
protocols.motifs.Motif: atom1 name is Ntrp
protocols.motifs.Motif: atom2 name is COO
protocols.motifs.Motif: atom3 name is ONH2
protocols.motifs.Motif: Res1 name is LEU
protocols.motifs.Motif: atom1 name is aroC
protocols.motifs.Motif: atom2 name is COO
protocols.motifs.Motif: atom3 name is ONH2
protocols.motifs.Motif: Res1 name is CYS
protocols.motifs.Motif: atom1 name is aroC
protocols.motifs.Motif: atom2 name is aroC
protocols.motifs.Motif: atom3 name is aroC
protocols.motifs.Motif: Res1 name is PHE
protocols.motifs.Motif: atom1 name is aroC
protocols.motifs.Motif: atom2 name is aroC
protocols.motifs.Motif: atom3 name is F
core.pack.task: Packer task: initialize from command line() 
core.pack.task: Packer task: initialize from command line() 
core.pack.task: Packer task: initialize from command line() 
protocols.moves.MonteCarlo: MonteCarlo:: last_accepted_score,lowest_score: -1080.05 -1080.05
protocols.motifs.Motif: Res1 name is LEU
protocols.motifs.Motif: atom1 name is aroC
protocols.motifs.Motif: atom2 name is aroC
protocols.motifs.Motif: atom3 name is F
protocols.motifs.Motif: Res1 name is VAL
protocols.motifs.Motif: atom1 name is NH2O
protocols.motifs.Motif: atom2 name is COO
protocols.motifs.Motif: atom3 name is ONH2
protocols.motifs.Motif: Res1 name is ALA
protocols.motifs.Motif: atom1 name is CH3
protocols.motifs.Motif: atom2 name is aroC
protocols.motifs.Motif: atom3 name is Ntrp
protocols.motifs.Motif: Res1 name is LYS
protocols.motifs.Motif: atom1 name is NH2O
protocols.motifs.Motif: atom2 name is COO
protocols.motifs.Motif: atom3 name is ONH2
protocols.motifs.Motif: Res1 name is VAL
protocols.motifs.Motif: atom1 name is NH2O
protocols.motifs.Motif: atom2 name is COO
protocols.motifs.Motif: atom3 name is ONH2
protocols.motifs.Motif: Res1 name is THR
protocols.motifs.Motif: atom1 name is CH3
protocols.motifs.Motif: atom2 name is aroC
protocols.motifs.Motif: atom3 name is Ntrp
protocols.motifs.Motif: Res1 name is TYR
protocols.motifs.Motif: atom1 name is Ntrp
protocols.motifs.Motif: atom2 name is COO
protocols.motifs.Motif: atom3 name is ONH2
protocols.motifs.Motif: Res1 name is LEU
protocols.motifs.Motif: atom1 name is aroC
protocols.motifs.Motif: atom2 name is aroC
protocols.motifs.Motif: atom3 name is Ntrp
protocols.motifs.Motif: Res1 name is CYS
protocols.motifs.Motif: atom1 name is NH2O
protocols.motifs.Motif: atom2 name is COO
protocols.motifs.Motif: atom3 name is ONH2
protocols.motifs.Motif: Res1 name is PHE
protocols.motifs.Motif: atom1 name is CH3
protocols.motifs.Motif: atom2 name is aroC
protocols.motifs.Motif: atom3 name is aroC
core.pack.task: Packer task: initialize from command line() 
core.pack.task: Packer task: initialize from command line() 
core.pack.task: Packer task: initialize from command line() 
protocols.moves.MonteCarlo: MonteCarlo:: last_accepted_score,lowest_score: -1078.84 -1078.84
protocols.motifs.Motif: Res1 name is LEU
protocols.motifs.Motif: atom1 name is aroC
protocols.motifs.Motif: atom2 name is aroC
protocols.motifs.Motif: atom3 name is F
protocols.motifs.Motif: Res1 name is VAL
protocols.motifs.Motif: atom1 name is NH2O
protocols.motifs.Motif: atom2 name is COO
protocols.motifs.Motif: atom3 name is ONH2
protocols.motifs.Motif: Res1 name is ALA
protocols.motifs.Motif: atom1 name is CH3
protocols.motifs.Motif: atom2 name is aroC
protocols.motifs.Motif: atom3 name is Ntrp
protocols.motifs.Motif: Res1 name is LYS
protocols.motifs.Motif: atom1 name is NH2O
protocols.motifs.Motif: atom2 name is COO
protocols.motifs.Motif: atom3 name is ONH2
protocols.motifs.Motif: Res1 name is VAL
protocols.motifs.Motif: atom1 name is NH2O
protocols.motifs.Motif: atom2 name is COO
protocols.motifs.Motif: atom3 name is ONH2
protocols.motifs.Motif: Res1 name is THR
protocols.motifs.Motif: atom1 name is CH3
protocols.motifs.Motif: atom2 name is aroC
protocols.motifs.Motif: atom3 name is Ntrp
protocols.motifs.Motif: Res1 name is LEU
protocols.motifs.Motif: atom1 name is aroC
protocols.motifs.Motif: atom2 name is aroC
protocols.motifs.Motif: atom3 name is Ntrp
protocols.motifs.Motif: Res1 name is CYS
protocols.motifs.Motif: atom1 name is NH2O
protocols.motifs.Motif: atom2 name is COO
protocols.motifs.Motif: atom3 name is ONH2
protocols.motifs.Motif: Res1 name is PHE
protocols.motifs.Motif: atom1 name is CH3
protocols.motifs.Motif: atom2 name is aroC
protocols.motifs.Motif: atom3 name is aroC
core.pack.task: Packer task: initialize from command line() 
core.pack.task: Packer task: initialize from command line() 
core.pack.task: Packer task: initialize from command line() 
protocols.moves.MonteCarlo: MonteCarlo:: last_accepted_score,lowest_score: -1080.77 -1082.01
protocols.motifs.Motif: Res1 name is LEU
protocols.motifs.Motif: atom1 name is CH3
protocols.motifs.Motif: atom2 name is aroC
protocols.motifs.Motif: atom3 name is aroC
protocols.motifs.Motif: Res1 name is VAL
protocols.motifs.Motif: atom1 name is aroC
protocols.motifs.Motif: atom2 name is aroC
protocols.motifs.Motif: atom3 name is F
protocols.motifs.Motif: Res1 name is ALA
protocols.motifs.Motif: atom1 name is Ntrp
protocols.motifs.Motif: atom2 name is COO
protocols.motifs.Motif: atom3 name is ONH2
protocols.motifs.Motif: Res1 name is TYR
protocols.motifs.Motif: atom1 name is CH3
protocols.motifs.Motif: atom2 name is aroC
protocols.motifs.Motif: atom3 name is Ntrp
protocols.motifs.Motif: Res1 name is LEU
protocols.motifs.Motif: atom1 name is aroC
protocols.motifs.Motif: atom2 name is COO
protocols.motifs.Motif: atom3 name is ONH2
protocols.motifs.Motif: Res1 name is CYS
protocols.motifs.Motif: atom1 name is aroC
protocols.motifs.Motif: atom2 name is aroC
protocols.motifs.Motif: atom3 name is aroC
protocols.motifs.Motif: Res1 name is PHE
protocols.motifs.Motif: atom1 name is aroC
protocols.motifs.Motif: atom2 name is aroC
protocols.motifs.Motif: atom3 name is F
core.pack.task: Packer task: initialize from command line() 
core.pack.task: Packer task: initialize from command line() 
core.pack.task: Packer task: initialize from command line() 
protocols.moves.MonteCarlo: MonteCarlo:: last_accepted_score,lowest_score: -1078.47 -1078.47
protocols.motifs.Motif: Res1 name is LEU
protocols.motifs.Motif: atom1 name is Ntrp
protocols.motifs.Motif: atom2 name is COO
protocols.motifs.Motif: atom3 name is ONH2
protocols.motifs.Motif: Res1 name is VAL
protocols.motifs.Motif: atom1 name is aroC
protocols.motifs.Motif: atom2 name is aroC
protocols.motifs.Motif: atom3 name is Ntrp
protocols.motifs.Motif: Res1 name is TYR
protocols.motifs.Motif: atom1 name is NH2O
protocols.motifs.Motif: atom2 name is COO
protocols.motifs.Motif: atom3 name is ONH2
protocols.motifs.Motif: Res1 name is LEU
protocols.motifs.Motif: atom1 name is aroC
protocols.motifs.Motif: atom2 name is aroC
protocols.motifs.Motif: atom3 name is aroC
protocols.motifs.Motif: Res1 name is CYS
protocols.motifs.Motif: atom1 name is aroC
protocols.motifs.Motif: atom2 name is aroC
protocols.motifs.Motif: atom3 name is aroC
protocols.motifs.Motif: Res1 name is PHE
protocols.motifs.Motif: atom1 name is Ntrp
protocols.motifs.Motif: atom2 name is COO
protocols.motifs.Motif: atom3 name is ONH2
protocols.motifs.Motif: Res1 name is ALA
protocols.motifs.Motif: atom1 name is Ntrp
protocols.motifs.Motif: atom2 name is COO
protocols.motifs.Motif: atom3 name is ONH2
core.pack.task: Packer task: initialize from command line() 
core.pack.task: Packer task: initialize from command line() 
core.pack.task: Packer task: initialize from command line() 
protocols.moves.MonteCarlo: MonteCarlo:: last_accepted_score,lowest_score: -1081.88 -1081.88
protocols.motifs.Motif: Res1 name is LEU
protocols.motifs.Motif: atom1 name is CH3
protocols.motifs.Motif: atom2 name is aroC
protocols.motifs.Motif: atom3 name is aroC
protocols.motifs.Motif: Res1 name is VAL
protocols.motifs.Motif: atom1 name is aroC
protocols.motifs.Motif: atom2 name is aroC
protocols.motifs.Motif: atom3 name is F
protocols.motifs.Motif: Res1 name is ALA
protocols.motifs.Motif: atom1 name is Ntrp
protocols.motifs.Motif: atom2 name is COO
protocols.motifs.Motif: atom3 name is ONH2
protocols.motifs.Motif: Res1 name is TYR
protocols.motifs.Motif: atom1 name is CH3
protocols.motifs.Motif: atom2 name is aroC
protocols.motifs.Motif: atom3 name is Ntrp
protocols.motifs.Motif: Res1 name is LEU
protocols.motifs.Motif: atom1 name is aroC
protocols.motifs.Motif: atom2 name is COO
protocols.motifs.Motif: atom3 name is ONH2
protocols.motifs.Motif: Res1 name is CYS
protocols.motifs.Motif: atom1 name is aroC
protocols.motifs.Motif: atom2 name is aroC
protocols.motifs.Motif: atom3 name is aroC
protocols.motifs.Motif: Res1 name is PHE
protocols.motifs.Motif: atom1 name is aroC
protocols.motifs.Motif: atom2 name is aroC
protocols.motifs.Motif: atom3 name is F
core.pack.task: Packer task: initialize from command line() 
core.pack.task: Packer task: initialize from command line() 
core.pack.task: Packer task: initialize from command line() 
protocols.moves.MonteCarlo: MonteCarlo:: last_accepted_score,lowest_score: -1082.48 -1082.48
protocols.motifs.Motif: Res1 name is LEU
protocols.motifs.Motif: atom1 name is CH3
protocols.motifs.Motif: atom2 name is aroC
protocols.motifs.Motif: atom3 name is aroC
protocols.motifs.Motif: Res1 name is VAL
protocols.motifs.Motif: atom1 name is aroC
protocols.motifs.Motif: atom2 name is aroC
protocols.motifs.Motif: atom3 name is F
protocols.motifs.Motif: Res1 name is ALA
protocols.motifs.Motif: atom1 name is Ntrp
protocols.motifs.Motif: atom2 name is COO
protocols.motifs.Motif: atom3 name is ONH2
protocols.motifs.Motif: Res1 name is LYS
protocols.motifs.Motif: atom1 name is aroC
protocols.motifs.Motif: atom2 name is aroC
protocols.motifs.Motif: atom3 name is F
protocols.motifs.Motif: Res1 name is TYR
protocols.motifs.Motif: atom1 name is Ntrp
protocols.motifs.Motif: atom2 name is COO
protocols.motifs.Motif: atom3 name is ONH2
protocols.motifs.Motif: Res1 name is LEU
protocols.motifs.Motif: atom1 name is aroC
protocols.motifs.Motif: atom2 name is COO
protocols.motifs.Motif: atom3 name is ONH2
protocols.motifs.Motif: Res1 name is CYS
protocols.motifs.Motif: atom1 name is aroC
protocols.motifs.Motif: atom2 name is aroC
protocols.motifs.Motif: atom3 name is aroC
protocols.motifs.Motif: Res1 name is PHE
protocols.motifs.Motif: atom1 name is aroC
protocols.motifs.Motif: atom2 name is aroC
protocols.motifs.Motif: atom3 name is F
core.pack.task: Packer task: initialize from command line() 
core.pack.task: Packer task: initialize from command line() 
core.pack.task: Packer task: initialize from command line() 
protocols.moves.MonteCarlo: MonteCarlo:: last_accepted_score,lowest_score: -1079.61 -1081.01
protocols.motifs.Motif: Res1 name is LEU
protocols.motifs.Motif: atom1 name is Ntrp
protocols.motifs.Motif: atom2 name is COO
protocols.motifs.Motif: atom3 name is ONH2
protocols.motifs.Motif: Res1 name is VAL
protocols.motifs.Motif: atom1 name is aroC
protocols.motifs.Motif: atom2 name is aroC
protocols.motifs.Motif: atom3 name is Ntrp
protocols.motifs.Motif: Res1 name is ALA
protocols.motifs.Motif: atom1 name is aroC
protocols.motifs.Motif: atom2 name is aroC
protocols.motifs.Motif: atom3 name is aroC
protocols.motifs.Motif: Res1 name is VAL
protocols.motifs.Motif: atom1 name is aroC
protocols.motifs.Motif: atom2 name is aroC
protocols.motifs.Motif: atom3 name is F
protocols.motifs.Motif: Res1 name is TYR
protocols.motifs.Motif: atom1 name is NH2O
protocols.motifs.Motif: atom2 name is COO
protocols.motifs.Motif: atom3 name is ONH2
protocols.motifs.Motif: Res1 name is LEU
protocols.motifs.Motif: atom1 name is aroC
protocols.motifs.Motif: atom2 name is aroC
protocols.motifs.Motif: atom3 name is COO
protocols.motifs.Motif: Res1 name is CYS
protocols.motifs.Motif: atom1 name is aroC
protocols.motifs.Motif: atom2 name is aroC
protocols.motifs.Motif: atom3 name is Ntrp
protocols.motifs.Motif: Res1 name is PHE
protocols.motifs.Motif: atom1 name is Ntrp
protocols.motifs.Motif: atom2 name is COO
protocols.motifs.Motif: atom3 name is ONH2
core.pack.task: Packer task: initialize from command line() 
core.pack.task: Packer task: initialize from command line() 
core.pack.task: Packer task: initialize from command line() 
protocols.moves.MonteCarlo: MonteCarlo:: last_accepted_score,lowest_score: -1078.43 -1078.43
protocols.motifs.Motif: Res1 name is LEU
protocols.motifs.Motif: atom1 name is Ntrp
protocols.motifs.Motif: atom2 name is COO
protocols.motifs.Motif: atom3 name is ONH2
protocols.motifs.Motif: Res1 name is VAL
protocols.motifs.Motif: atom1 name is NH2O
protocols.motifs.Motif: atom2 name is COO
protocols.motifs.Motif: atom3 name is ONH2
protocols.motifs.Motif: Res1 name is ALA
protocols.motifs.Motif: atom1 name is NH2O
protocols.motifs.Motif: atom2 name is COO
protocols.motifs.Motif: atom3 name is ONH2
protocols.motifs.Motif: Res1 name is TYR
protocols.motifs.Motif: atom1 name is CH3
protocols.motifs.Motif: atom2 name is aroC
protocols.motifs.Motif: atom3 name is aroC
protocols.motifs.Motif: Res1 name is LEU
protocols.motifs.Motif: atom1 name is NH2O
protocols.motifs.Motif: atom2 name is COO
protocols.motifs.Motif: atom3 name is ONH2
protocols.motifs.Motif: Res1 name is PHE
protocols.motifs.Motif: atom1 name is Ntrp
protocols.motifs.Motif: atom2 name is COO
protocols.motifs.Motif: atom3 name is ONH2
core.pack.task: Packer task: initialize from command line() 
core.pack.task: Packer task: initialize from command line() 
core.pack.task: Packer task: initialize from command line() 
protocols.moves.MonteCarlo: MonteCarlo:: last_accepted_score,lowest_score: -1077.99 -1077.99
protocols.motifs.Motif: Res1 name is LEU
protocols.motifs.Motif: atom1 name is aroC
protocols.motifs.Motif: atom2 name is aroC
protocols.motifs.Motif: atom3 name is aroC
protocols.motifs.Motif: Res1 name is TYR
protocols.motifs.Motif: atom1 name is NH2O
protocols.motifs.Motif: atom2 name is COO
protocols.motifs.Motif: atom3 name is ONH2
protocols.motifs.Motif: Res1 name is LEU
protocols.motifs.Motif: atom1 name is NH2O
protocols.motifs.Motif: atom2 name is COO
protocols.motifs.Motif: atom3 name is ONH2
protocols.motifs.Motif: Res1 name is PHE
protocols.motifs.Motif: atom1 name is CH3
protocols.motifs.Motif: atom2 name is aroC
protocols.motifs.Motif: atom3 name is aroC
core.pack.task: Packer task: initialize from command line() 
core.pack.task: Packer task: initialize from command line() 
core.pack.task: Packer task: initialize from command line() 
protocols.moves.MonteCarlo: MonteCarlo:: last_accepted_score,lowest_score: -1080.03 -1080.11
protocols.motifs.Motif: Res1 name is LEU
protocols.motifs.Motif: atom1 name is aroC
protocols.motifs.Motif: atom2 name is aroC
protocols.motifs.Motif: atom3 name is F
protocols.motifs.Motif: Res1 name is VAL
protocols.motifs.Motif: atom1 name is NH2O
protocols.motifs.Motif: atom2 name is COO
protocols.motifs.Motif: atom3 name is ONH2
protocols.motifs.Motif: Res1 name is ALA
protocols.motifs.Motif: atom1 name is CH3
protocols.motifs.Motif: atom2 name is aroC
protocols.motifs.Motif: atom3 name is Ntrp
protocols.motifs.Motif: Res1 name is LYS
protocols.motifs.Motif: atom1 name is NH2O
protocols.motifs.Motif: atom2 name is COO
protocols.motifs.Motif: atom3 name is ONH2
protocols.motifs.Motif: Res1 name is VAL
protocols.motifs.Motif: atom1 name is NH2O
protocols.motifs.Motif: atom2 name is COO
protocols.motifs.Motif: atom3 name is ONH2
protocols.motifs.Motif: Res1 name is THR
protocols.motifs.Motif: atom1 name is CH3
protocols.motifs.Motif: atom2 name is aroC
protocols.motifs.Motif: atom3 name is Ntrp
protocols.motifs.Motif: Res1 name is TYR
protocols.motifs.Motif: atom1 name is Ntrp
protocols.motifs.Motif: atom2 name is COO
protocols.motifs.Motif: atom3 name is ONH2
protocols.motifs.Motif: Res1 name is LEU
protocols.motifs.Motif: atom1 name is aroC
protocols.motifs.Motif: atom2 name is aroC
protocols.motifs.Motif: atom3 name is Ntrp
protocols.motifs.Motif: Res1 name is CYS
protocols.motifs.Motif: atom1 name is NH2O
protocols.motifs.Motif: atom2 name is COO
protocols.motifs.Motif: atom3 name is ONH2
protocols.motifs.Motif: Res1 name is PHE
protocols.motifs.Motif: atom1 name is CH3
protocols.motifs.Motif: atom2 name is aroC
protocols.motifs.Motif: atom3 name is aroC
core.pack.task: Packer task: initialize from command line() 
core.pack.task: Packer task: initialize from command line() 
core.pack.task: Packer task: initialize from command line() 
protocols.moves.MonteCarlo: MonteCarlo:: last_accepted_score,lowest_score: -1077.38 -1077.38
protocols.motifs.Motif: Res1 name is LEU
protocols.motifs.Motif: atom1 name is aroC
protocols.motifs.Motif: atom2 name is aroC
protocols.motifs.Motif: atom3 name is aroC
protocols.motifs.Motif: Res1 name is TYR
protocols.motifs.Motif: atom1 name is NH2O
protocols.motifs.Motif: atom2 name is COO
protocols.motifs.Motif: atom3 name is ONH2
protocols.motifs.Motif: Res1 name is LEU
protocols.motifs.Motif: atom1 name is NH2O
protocols.motifs.Motif: atom2 name is COO
protocols.motifs.Motif: atom3 name is ONH2
protocols.motifs.Motif: Res1 name is PHE
protocols.motifs.Motif: atom1 name is CH3
protocols.motifs.Motif: atom2 name is aroC
protocols.motifs.Motif: atom3 name is aroC
core.pack.task: Packer task: initialize from command line() 
core.pack.task: Packer task: initialize from command line() 
core.pack.task: Packer task: initialize from command line() 
protocols.moves.MonteCarlo: MonteCarlo:: last_accepted_score,lowest_score: -1078.44 -1078.44
protocols.motifs.Motif: Res1 name is LEU
protocols.motifs.Motif: atom1 name is aroC
protocols.motifs.Motif: atom2 name is aroC
protocols.motifs.Motif: atom3 name is aroC
protocols.motifs.Motif: Res1 name is VAL
protocols.motifs.Motif: atom1 name is NH2O
protocols.motifs.Motif: atom2 name is COO
protocols.motifs.Motif: atom3 name is ONH2
protocols.motifs.Motif: Res1 name is ALA
protocols.motifs.Motif: atom1 name is CH3
protocols.motifs.Motif: atom2 name is aroC
protocols.motifs.Motif: atom3 name is Ntrp
protocols.motifs.Motif: Res1 name is LYS
protocols.motifs.Motif: atom1 name is NH2O
protocols.motifs.Motif: atom2 name is COO
protocols.motifs.Motif: atom3 name is ONH2
protocols.motifs.Motif: Res1 name is VAL
protocols.motifs.Motif: atom1 name is CH3
protocols.motifs.Motif: atom2 name is aroC
protocols.motifs.Motif: atom3 name is Ntrp
protocols.motifs.Motif: Res1 name is THR
protocols.motifs.Motif: atom1 name is CH3
protocols.motifs.Motif: atom2 name is aroC
protocols.motifs.Motif: atom3 name is Ntrp
protocols.motifs.Motif: Res1 name is TYR
protocols.motifs.Motif: atom1 name is Ntrp
protocols.motifs.Motif: atom2 name is COO
protocols.motifs.Motif: atom3 name is ONH2
protocols.motifs.Motif: Res1 name is LEU
protocols.motifs.Motif: atom1 name is aroC
protocols.motifs.Motif: atom2 name is aroC
protocols.motifs.Motif: atom3 name is aroC
protocols.motifs.Motif: Res1 name is CYS
protocols.motifs.Motif: atom1 name is NH2O
protocols.motifs.Motif: atom2 name is COO
protocols.motifs.Motif: atom3 name is ONH2
protocols.motifs.Motif: Res1 name is PHE
protocols.motifs.Motif: atom1 name is CH3
protocols.motifs.Motif: atom2 name is aroC
protocols.motifs.Motif: atom3 name is aroC
core.pack.task: Packer task: initialize from command line() 
core.pack.task: Packer task: initialize from command line() 
core.pack.task: Packer task: initialize from command line() 
protocols.moves.MonteCarlo: MonteCarlo:: last_accepted_score,lowest_score: -1079.56 -1079.64
protocols.motifs.Motif: Res1 name is LEU
protocols.motifs.Motif: atom1 name is aroC
protocols.motifs.Motif: atom2 name is aroC
protocols.motifs.Motif: atom3 name is F
protocols.motifs.Motif: Res1 name is VAL
protocols.motifs.Motif: atom1 name is NH2O
protocols.motifs.Motif: atom2 name is COO
protocols.motifs.Motif: atom3 name is ONH2
protocols.motifs.Motif: Res1 name is ALA
protocols.motifs.Motif: atom1 name is CH3
protocols.motifs.Motif: atom2 name is aroC
protocols.motifs.Motif: atom3 name is Ntrp
protocols.motifs.Motif: Res1 name is LYS
protocols.motifs.Motif: atom1 name is NH2O
protocols.motifs.Motif: atom2 name is COO
protocols.motifs.Motif: atom3 name is ONH2
protocols.motifs.Motif: Res1 name is VAL
protocols.motifs.Motif: atom1 name is NH2O
protocols.motifs.Motif: atom2 name is COO
protocols.motifs.Motif: atom3 name is ONH2
protocols.motifs.Motif: Res1 name is THR
protocols.motifs.Motif: atom1 name is CH3
protocols.motifs.Motif: atom2 name is aroC
protocols.motifs.Motif: atom3 name is Ntrp
protocols.motifs.Motif: Res1 name is LEU
protocols.motifs.Motif: atom1 name is aroC
protocols.motifs.Motif: atom2 name is aroC
protocols.motifs.Motif: atom3 name is Ntrp
protocols.motifs.Motif: Res1 name is CYS
protocols.motifs.Motif: atom1 name is NH2O
protocols.motifs.Motif: atom2 name is COO
protocols.motifs.Motif: atom3 name is ONH2
protocols.motifs.Motif: Res1 name is PHE
protocols.motifs.Motif: atom1 name is CH3
protocols.motifs.Motif: atom2 name is aroC
protocols.motifs.Motif: atom3 name is aroC
core.pack.task: Packer task: initialize from command line() 
core.pack.task: Packer task: initialize from command line() 
core.pack.task: Packer task: initialize from command line() 
protocols.moves.MonteCarlo: MonteCarlo:: last_accepted_score,lowest_score: -1076.73 -1077.34
protocols.motifs.Motif: Res1 name is LEU
protocols.motifs.Motif: atom1 name is Ntrp
protocols.motifs.Motif: atom2 name is COO
protocols.motifs.Motif: atom3 name is ONH2
protocols.motifs.Motif: Res1 name is ALA
protocols.motifs.Motif: atom1 name is NH2O
protocols.motifs.Motif: atom2 name is COO
protocols.motifs.Motif: atom3 name is ONH2
protocols.motifs.Motif: Res1 name is VAL
protocols.motifs.Motif: atom1 name is NH2O
protocols.motifs.Motif: atom2 name is COO
protocols.motifs.Motif: atom3 name is ONH2
protocols.motifs.Motif: Res1 name is TYR
protocols.motifs.Motif: atom1 name is CH3
protocols.motifs.Motif: atom2 name is aroC
protocols.motifs.Motif: atom3 name is aroC
protocols.motifs.Motif: Res1 name is LEU
protocols.motifs.Motif: atom1 name is NH2O
protocols.motifs.Motif: atom2 name is COO
protocols.motifs.Motif: atom3 name is ONH2
protocols.motifs.Motif: Res1 name is PHE
protocols.motifs.Motif: atom1 name is Ntrp
protocols.motifs.Motif: atom2 name is COO
protocols.motifs.Motif: atom3 name is ONH2
core.pack.task: Packer task: initialize from command line() 
core.pack.task: Packer task: initialize from command line() 
core.pack.task: Packer task: initialize from command line() 
protocols.moves.MonteCarlo: MonteCarlo:: last_accepted_score,lowest_score: -1072.18 -1073.3
protocols.motifs.Motif: Res1 name is LEU
protocols.motifs.Motif: atom1 name is aroC
protocols.motifs.Motif: atom2 name is aroC
protocols.motifs.Motif: atom3 name is aroC
protocols.motifs.Motif: Res1 name is TYR
protocols.motifs.Motif: atom1 name is CH3
protocols.motifs.Motif: atom2 name is aroC
protocols.motifs.Motif: atom3 name is Ntrp
protocols.motifs.Motif: Res1 name is LEU
protocols.motifs.Motif: atom1 name is NH2O
protocols.motifs.Motif: atom2 name is COO
protocols.motifs.Motif: atom3 name is ONH2
protocols.motifs.Motif: Res1 name is PHE
protocols.motifs.Motif: atom1 name is CH3
protocols.motifs.Motif: atom2 name is aroC
protocols.motifs.Motif: atom3 name is aroC
core.pack.task: Packer task: initialize from command line() 
core.pack.task: Packer task: initialize from command line() 
core.pack.task: Packer task: initialize from command line() 
protocols.moves.MonteCarlo: MonteCarlo:: last_accepted_score,lowest_score: -1079.57 -1079.57
protocols.motifs.Motif: Res1 name is LEU
protocols.motifs.Motif: atom1 name is aroC
protocols.motifs.Motif: atom2 name is aroC
protocols.motifs.Motif: atom3 name is aroC
protocols.motifs.Motif: Res1 name is VAL
protocols.motifs.Motif: atom1 name is NH2O
protocols.motifs.Motif: atom2 name is COO
protocols.motifs.Motif: atom3 name is ONH2
protocols.motifs.Motif: Res1 name is ALA
protocols.motifs.Motif: atom1 name is CH3
protocols.motifs.Motif: atom2 name is aroC
protocols.motifs.Motif: atom3 name is Ntrp
protocols.motifs.Motif: Res1 name is LYS
protocols.motifs.Motif: atom1 name is NH2O
protocols.motifs.Motif: atom2 name is COO
protocols.motifs.Motif: atom3 name is ONH2
protocols.motifs.Motif: Res1 name is VAL
protocols.motifs.Motif: atom1 name is CH3
protocols.motifs.Motif: atom2 name is aroC
protocols.motifs.Motif: atom3 name is Ntrp
protocols.motifs.Motif: Res1 name is THR
protocols.motifs.Motif: atom1 name is CH3
protocols.motifs.Motif: atom2 name is aroC
protocols.motifs.Motif: atom3 name is Ntrp
protocols.motifs.Motif: Res1 name is TYR
protocols.motifs.Motif: atom1 name is Ntrp
protocols.motifs.Motif: atom2 name is COO
protocols.motifs.Motif: atom3 name is ONH2
protocols.motifs.Motif: Res1 name is LEU
protocols.motifs.Motif: atom1 name is aroC
protocols.motifs.Motif: atom2 name is aroC
protocols.motifs.Motif: atom3 name is Ntrp
protocols.motifs.Motif: Res1 name is CYS
protocols.motifs.Motif: atom1 name is NH2O
protocols.motifs.Motif: atom2 name is COO
protocols.motifs.Motif: atom3 name is ONH2
protocols.motifs.Motif: Res1 name is PHE
protocols.motifs.Motif: atom1 name is CH3
protocols.motifs.Motif: atom2 name is aroC
protocols.motifs.Motif: atom3 name is aroC
core.pack.task: Packer task: initialize from command line() 
core.pack.task: Packer task: initialize from command line() 
core.pack.task: Packer task: initialize from command line() 
protocols.moves.MonteCarlo: MonteCarlo:: last_accepted_score,lowest_score: -1075.95 -1076.06
protocols.motifs.Motif: Res1 name is LEU
protocols.motifs.Motif: atom1 name is aroC
protocols.motifs.Motif: atom2 name is aroC
protocols.motifs.Motif: atom3 name is aroC
protocols.motifs.Motif: Res1 name is VAL
protocols.motifs.Motif: atom1 name is NH2O
protocols.motifs.Motif: atom2 name is COO
protocols.motifs.Motif: atom3 name is ONH2
protocols.motifs.Motif: Res1 name is LEU
protocols.motifs.Motif: atom1 name is NH2O
protocols.motifs.Motif: atom2 name is COO
protocols.motifs.Motif: atom3 name is ONH2
protocols.motifs.Motif: Res1 name is PHE
protocols.motifs.Motif: atom1 name is CH3
protocols.motifs.Motif: atom2 name is aroC
protocols.motifs.Motif: atom3 name is aroC
core.pack.task: Packer task: initialize from command line() 
core.pack.task: Packer task: initialize from command line() 
core.pack.task: Packer task: initialize from command line() 
protocols.moves.MonteCarlo: MonteCarlo:: last_accepted_score,lowest_score: -1078.81 -1078.81
protocols.motifs.Motif: Res1 name is LEU
protocols.motifs.Motif: atom1 name is Ntrp
protocols.motifs.Motif: atom2 name is COO
protocols.motifs.Motif: atom3 name is ONH2
protocols.motifs.Motif: Res1 name is VAL
protocols.motifs.Motif: atom1 name is NH2O
protocols.motifs.Motif: atom2 name is COO
protocols.motifs.Motif: atom3 name is ONH2
protocols.motifs.Motif: Res1 name is ALA
protocols.motifs.Motif: atom1 name is NH2O
protocols.motifs.Motif: atom2 name is COO
protocols.motifs.Motif: atom3 name is ONH2
protocols.motifs.Motif: Res1 name is TYR
protocols.motifs.Motif: atom1 name is CH3
protocols.motifs.Motif: atom2 name is aroC
protocols.motifs.Motif: atom3 name is aroC
protocols.motifs.Motif: Res1 name is LEU
protocols.motifs.Motif: atom1 name is NH2O
protocols.motifs.Motif: atom2 name is COO
protocols.motifs.Motif: atom3 name is ONH2
protocols.motifs.Motif: Res1 name is PHE
protocols.motifs.Motif: atom1 name is Ntrp
protocols.motifs.Motif: atom2 name is COO
protocols.motifs.Motif: atom3 name is ONH2
core.pack.task: Packer task: initialize from command line() 
core.pack.task: Packer task: initialize from command line() 
core.pack.task: Packer task: initialize from command line() 
protocols.moves.MonteCarlo: MonteCarlo:: last_accepted_score,lowest_score: -1078.33 -1078.33
protocols.motifs.Motif: Res1 name is LEU
protocols.motifs.Motif: atom1 name is CH3
protocols.motifs.Motif: atom2 name is aroC
protocols.motifs.Motif: atom3 name is aroC
protocols.motifs.Motif: Res1 name is VAL
protocols.motifs.Motif: atom1 name is NH2O
protocols.motifs.Motif: atom2 name is COO
protocols.motifs.Motif: atom3 name is ONH2
protocols.motifs.Motif: Res1 name is TYR
protocols.motifs.Motif: atom1 name is Ntrp
protocols.motifs.Motif: atom2 name is COO
protocols.motifs.Motif: atom3 name is ONH2
protocols.motifs.Motif: Res1 name is LEU
protocols.motifs.Motif: atom1 name is NH2O
protocols.motifs.Motif: atom2 name is COO
protocols.motifs.Motif: atom3 name is ONH2
protocols.motifs.Motif: Res1 name is PHE
protocols.motifs.Motif: atom1 name is NH2O
protocols.motifs.Motif: atom2 name is COO
protocols.motifs.Motif: atom3 name is ONH2
core.pack.task: Packer task: initialize from command line() 
core.pack.task: Packer task: initialize from command line() 
core.pack.task: Packer task: initialize from command line() 
protocols.moves.MonteCarlo: MonteCarlo:: last_accepted_score,lowest_score: -1078.95 -1078.95
protocols.motifs.Motif: Res1 name is LEU
protocols.motifs.Motif: atom1 name is aroC
protocols.motifs.Motif: atom2 name is aroC
protocols.motifs.Motif: atom3 name is aroC
protocols.motifs.Motif: Res1 name is VAL
protocols.motifs.Motif: atom1 name is NH2O
protocols.motifs.Motif: atom2 name is COO
protocols.motifs.Motif: atom3 name is ONH2
protocols.motifs.Motif: Res1 name is ALA
protocols.motifs.Motif: atom1 name is CH3
protocols.motifs.Motif: atom2 name is aroC
protocols.motifs.Motif: atom3 name is Ntrp
protocols.motifs.Motif: Res1 name is LYS
protocols.motifs.Motif: atom1 name is NH2O
protocols.motifs.Motif: atom2 name is COO
protocols.motifs.Motif: atom3 name is ONH2
protocols.motifs.Motif: Res1 name is VAL
protocols.motifs.Motif: atom1 name is NH2O
protocols.motifs.Motif: atom2 name is COO
protocols.motifs.Motif: atom3 name is ONH2
protocols.motifs.Motif: Res1 name is LEU
protocols.motifs.Motif: atom1 name is aroC
protocols.motifs.Motif: atom2 name is aroC
protocols.motifs.Motif: atom3 name is Ntrp
protocols.motifs.Motif: Res1 name is CYS
protocols.motifs.Motif: atom1 name is NH2O
protocols.motifs.Motif: atom2 name is COO
protocols.motifs.Motif: atom3 name is ONH2
protocols.motifs.Motif: Res1 name is PHE
protocols.motifs.Motif: atom1 name is CH3
protocols.motifs.Motif: atom2 name is aroC
protocols.motifs.Motif: atom3 name is aroC
core.pack.task: Packer task: initialize from command line() 
core.pack.task: Packer task: initialize from command line() 
core.pack.task: Packer task: initialize from command line() 
protocols.moves.MonteCarlo: MonteCarlo:: last_accepted_score,lowest_score: -1071.64 -1071.64
protocols.motifs.Motif: Res1 name is LEU
protocols.motifs.Motif: atom1 name is NH2O
protocols.motifs.Motif: atom2 name is COO
protocols.motifs.Motif: atom3 name is ONH2
protocols.motifs.Motif: Res1 name is TYR
protocols.motifs.Motif: atom1 name is CH3
protocols.motifs.Motif: atom2 name is aroC
protocols.motifs.Motif: atom3 name is Ntrp
protocols.motifs.Motif: Res1 name is LEU
protocols.motifs.Motif: atom1 name is NH2O
protocols.motifs.Motif: atom2 name is COO
protocols.motifs.Motif: atom3 name is ONH2
core.pack.task: Packer task: initialize from command line() 
core.pack.task: Packer task: initialize from command line() 
core.pack.task: Packer task: initialize from command line() 
protocols.moves.MonteCarlo: MonteCarlo:: last_accepted_score,lowest_score: -1077.86 -1077.86
protocols.motifs.Motif: Res1 name is LEU
protocols.motifs.Motif: atom1 name is CH3
protocols.motifs.Motif: atom2 name is aroC
protocols.motifs.Motif: atom3 name is aroC
protocols.motifs.Motif: Res1 name is TYR
protocols.motifs.Motif: atom1 name is Ntrp
protocols.motifs.Motif: atom2 name is COO
protocols.motifs.Motif: atom3 name is ONH2
protocols.motifs.Motif: Res1 name is LEU
protocols.motifs.Motif: atom1 name is NH2O
protocols.motifs.Motif: atom2 name is COO
protocols.motifs.Motif: atom3 name is ONH2
protocols.motifs.Motif: Res1 name is PHE
protocols.motifs.Motif: atom1 name is NH2O
protocols.motifs.Motif: atom2 name is COO
protocols.motifs.Motif: atom3 name is ONH2
core.pack.task: Packer task: initialize from command line() 
core.pack.task: Packer task: initialize from command line() 
core.pack.task: Packer task: initialize from command line() 
protocols.moves.MonteCarlo: MonteCarlo:: last_accepted_score,lowest_score: -1057.44 -1057.44
protocols.motifs.Motif: Res1 name is LEU
protocols.motifs.Motif: atom1 name is aroC
protocols.motifs.Motif: atom2 name is aroC
protocols.motifs.Motif: atom3 name is F
protocols.motifs.Motif: Res1 name is VAL
protocols.motifs.Motif: atom1 name is CH3
protocols.motifs.Motif: atom2 name is aroC
protocols.motifs.Motif: atom3 name is aroC
protocols.motifs.Motif: Res1 name is ALA
protocols.motifs.Motif: atom1 name is aroC
protocols.motifs.Motif: atom2 name is aroC
protocols.motifs.Motif: atom3 name is Ntrp
protocols.motifs.Motif: Res1 name is VAL
protocols.motifs.Motif: atom1 name is NH2O
protocols.motifs.Motif: atom2 name is COO
protocols.motifs.Motif: atom3 name is ONH2
protocols.motifs.Motif: Res1 name is THR
protocols.motifs.Motif: atom1 name is NH2O
protocols.motifs.Motif: atom2 name is COO
protocols.motifs.Motif: atom3 name is ONH2
protocols.motifs.Motif: Res1 name is TYR
protocols.motifs.Motif: atom1 name is Ntrp
protocols.motifs.Motif: atom2 name is COO
protocols.motifs.Motif: atom3 name is ONH2
protocols.motifs.Motif: Res1 name is LEU
protocols.motifs.Motif: atom1 name is aroC
protocols.motifs.Motif: atom2 name is aroC
protocols.motifs.Motif: atom3 name is Ntrp
protocols.motifs.Motif: Res1 name is CYS
protocols.motifs.Motif: atom1 name is NH2O
protocols.motifs.Motif: atom2 name is COO
protocols.motifs.Motif: atom3 name is ONH2
core.pack.task: Packer task: initialize from command line() 
core.pack.task: Packer task: initialize from command line() 
core.pack.task: Packer task: initialize from command line() 
protocols.moves.MonteCarlo: MonteCarlo:: last_accepted_score,lowest_score: -1077.32 -1077.32
protocols.motifs.Motif: Res1 name is LEU
protocols.motifs.Motif: atom1 name is aroC
protocols.motifs.Motif: atom2 name is aroC
protocols.motifs.Motif: atom3 name is aroC
protocols.motifs.Motif: Res1 name is TYR
protocols.motifs.Motif: atom1 name is NH2O
protocols.motifs.Motif: atom2 name is COO
protocols.motifs.Motif: atom3 name is ONH2
protocols.motifs.Motif: Res1 name is LEU
protocols.motifs.Motif: atom1 name is NH2O
protocols.motifs.Motif: atom2 name is COO
protocols.motifs.Motif: atom3 name is ONH2
protocols.motifs.Motif: Res1 name is PHE
protocols.motifs.Motif: atom1 name is CH3
protocols.motifs.Motif: atom2 name is aroC
protocols.motifs.Motif: atom3 name is aroC
core.pack.task: Packer task: initialize from command line() 
core.pack.task: Packer task: initialize from command line() 
core.pack.task: Packer task: initialize from command line() 
protocols.moves.MonteCarlo: MonteCarlo:: last_accepted_score,lowest_score: -1077.12 -1077.51
protocols.motifs.Motif: Res1 name is LEU
protocols.motifs.Motif: atom1 name is aroC
protocols.motifs.Motif: atom2 name is aroC
protocols.motifs.Motif: atom3 name is Ntrp
protocols.motifs.Motif: Res1 name is TYR
protocols.motifs.Motif: atom1 name is Ntrp
protocols.motifs.Motif: atom2 name is COO
protocols.motifs.Motif: atom3 name is ONH2
protocols.motifs.Motif: Res1 name is LEU
protocols.motifs.Motif: atom1 name is NH2O
protocols.motifs.Motif: atom2 name is COO
protocols.motifs.Motif: atom3 name is ONH2
protocols.motifs.Motif: Res1 name is PHE
protocols.motifs.Motif: atom1 name is CH3
protocols.motifs.Motif: atom2 name is aroC
protocols.motifs.Motif: atom3 name is aroC
core.pack.task: Packer task: initialize from command line() 
core.pack.task: Packer task: initialize from command line() 
core.pack.task: Packer task: initialize from command line() 
protocols.moves.MonteCarlo: MonteCarlo:: last_accepted_score,lowest_score: -1068.76 -1070.38
protocols.motifs.Motif: Res1 name is LEU
protocols.motifs.Motif: atom1 name is NH2O
protocols.motifs.Motif: atom2 name is COO
protocols.motifs.Motif: atom3 name is ONH2
protocols.motifs.Motif: Res1 name is TYR
protocols.motifs.Motif: atom1 name is CH3
protocols.motifs.Motif: atom2 name is aroC
protocols.motifs.Motif: atom3 name is Ntrp
protocols.motifs.Motif: Res1 name is LEU
protocols.motifs.Motif: atom1 name is NH2O
protocols.motifs.Motif: atom2 name is COO
protocols.motifs.Motif: atom3 name is ONH2
core.pack.task: Packer task: initialize from command line() 
core.pack.task: Packer task: initialize from command line() 
core.pack.task: Packer task: initialize from command line() 
protocols.moves.MonteCarlo: MonteCarlo:: last_accepted_score,lowest_score: -1068.59 -1068.59
protocols.motifs.Motif: Res1 name is LEU
protocols.motifs.Motif: atom1 name is aroC
protocols.motifs.Motif: atom2 name is aroC
protocols.motifs.Motif: atom3 name is aroC
protocols.motifs.Motif: Res1 name is VAL
protocols.motifs.Motif: atom1 name is NH2O
protocols.motifs.Motif: atom2 name is COO
protocols.motifs.Motif: atom3 name is ONH2
protocols.motifs.Motif: Res1 name is TYR
protocols.motifs.Motif: atom1 name is CH3
protocols.motifs.Motif: atom2 name is aroC
protocols.motifs.Motif: atom3 name is Ntrp
protocols.motifs.Motif: Res1 name is LEU
protocols.motifs.Motif: atom1 name is NH2O
protocols.motifs.Motif: atom2 name is COO
protocols.motifs.Motif: atom3 name is ONH2
protocols.motifs.Motif: Res1 name is PHE
protocols.motifs.Motif: atom1 name is CH3
protocols.motifs.Motif: atom2 name is aroC
protocols.motifs.Motif: atom3 name is aroC
core.pack.task: Packer task: initialize from command line() 
core.pack.task: Packer task: initialize from command line() 
core.pack.task: Packer task: initialize from command line() 
protocols.moves.MonteCarlo: MonteCarlo:: last_accepted_score,lowest_score: -1073.77 -1073.77
protocols.motifs.Motif: Res1 name is LEU
protocols.motifs.Motif: atom1 name is Ntrp
protocols.motifs.Motif: atom2 name is COO
protocols.motifs.Motif: atom3 name is ONH2
protocols.motifs.Motif: Res1 name is VAL
protocols.motifs.Motif: atom1 name is NH2O
protocols.motifs.Motif: atom2 name is COO
protocols.motifs.Motif: atom3 name is ONH2
protocols.motifs.Motif: Res1 name is LEU
protocols.motifs.Motif: atom1 name is NH2O
protocols.motifs.Motif: atom2 name is COO
protocols.motifs.Motif: atom3 name is ONH2
protocols.motifs.Motif: Res1 name is PHE
protocols.motifs.Motif: atom1 name is Ntrp
protocols.motifs.Motif: atom2 name is COO
protocols.motifs.Motif: atom3 name is ONH2
core.pack.task: Packer task: initialize from command line() 
core.pack.task: Packer task: initialize from command line() 
core.pack.task: Packer task: initialize from command line() 
protocols.moves.MonteCarlo: MonteCarlo:: last_accepted_score,lowest_score: -1032.7 -1032.7
protocols.motifs.Motif: Res1 name is LEU
protocols.motifs.Motif: atom1 name is NH2O
protocols.motifs.Motif: atom2 name is COO
protocols.motifs.Motif: atom3 name is ONH2
protocols.motifs.Motif: Res1 name is TYR
protocols.motifs.Motif: atom1 name is CH3
protocols.motifs.Motif: atom2 name is aroC
protocols.motifs.Motif: atom3 name is Ntrp
protocols.motifs.Motif: Res1 name is LEU
protocols.motifs.Motif: atom1 name is NH2O
protocols.motifs.Motif: atom2 name is COO
protocols.motifs.Motif: atom3 name is ONH2
core.pack.task: Packer task: initialize from command line() 
core.pack.task: Packer task: initialize from command line() 
core.pack.task: Packer task: initialize from command line() 
protocols.moves.MonteCarlo: MonteCarlo:: last_accepted_score,lowest_score: -1073.3 -1075.1
protocols.motifs.Motif: Res1 name is LEU
protocols.motifs.Motif: atom1 name is NH2O
protocols.motifs.Motif: atom2 name is COO
protocols.motifs.Motif: atom3 name is ONH2
protocols.motifs.Motif: Res1 name is TYR
protocols.motifs.Motif: atom1 name is NH2O
protocols.motifs.Motif: atom2 name is COO
protocols.motifs.Motif: atom3 name is ONH2
protocols.motifs.Motif: Res1 name is LEU
protocols.motifs.Motif: atom1 name is CH3
protocols.motifs.Motif: atom2 name is aroC
protocols.motifs.Motif: atom3 name is Ntrp
protocols.motifs.Motif: Res1 name is PHE
protocols.motifs.Motif: atom1 name is Ntrp
protocols.motifs.Motif: atom2 name is COO
protocols.motifs.Motif: atom3 name is ONH2
core.pack.task: Packer task: initialize from command line() 
core.pack.task: Packer task: initialize from command line() 
core.pack.task: Packer task: initialize from command line() 
protocols.moves.MonteCarlo: MonteCarlo:: last_accepted_score,lowest_score: -1078.03 -1078.03
protocols.motifs.Motif: Res1 name is LEU
protocols.motifs.Motif: atom1 name is Ntrp
protocols.motifs.Motif: atom2 name is COO
protocols.motifs.Motif: atom3 name is ONH2
protocols.motifs.Motif: Res1 name is VAL
protocols.motifs.Motif: atom1 name is NH2O
protocols.motifs.Motif: atom2 name is COO
protocols.motifs.Motif: atom3 name is ONH2
protocols.motifs.Motif: Res1 name is ALA
protocols.motifs.Motif: atom1 name is NH2O
protocols.motifs.Motif: atom2 name is COO
protocols.motifs.Motif: atom3 name is ONH2
protocols.motifs.Motif: Res1 name is VAL
protocols.motifs.Motif: atom1 name is NH2O
protocols.motifs.Motif: atom2 name is COO
protocols.motifs.Motif: atom3 name is ONH2
protocols.motifs.Motif: Res1 name is TYR
protocols.motifs.Motif: atom1 name is CH3
protocols.motifs.Motif: atom2 name is aroC
protocols.motifs.Motif: atom3 name is aroC
protocols.motifs.Motif: Res1 name is LEU
protocols.motifs.Motif: atom1 name is NH2O
protocols.motifs.Motif: atom2 name is COO
protocols.motifs.Motif: atom3 name is ONH2
protocols.motifs.Motif: Res1 name is PHE
protocols.motifs.Motif: atom1 name is Ntrp
protocols.motifs.Motif: atom2 name is COO
protocols.motifs.Motif: atom3 name is ONH2
core.pack.task: Packer task: initialize from command line() 
core.pack.task: Packer task: initialize from command line() 
core.pack.task: Packer task: initialize from command line() 
protocols.moves.MonteCarlo: MonteCarlo:: last_accepted_score,lowest_score: -1079.56 -1079.56
protocols.motifs.Motif: Res1 name is LEU
protocols.motifs.Motif: atom1 name is aroC
protocols.motifs.Motif: atom2 name is aroC
protocols.motifs.Motif: atom3 name is aroC
protocols.motifs.Motif: Res1 name is VAL
protocols.motifs.Motif: atom1 name is NH2O
protocols.motifs.Motif: atom2 name is COO
protocols.motifs.Motif: atom3 name is ONH2
protocols.motifs.Motif: Res1 name is ALA
protocols.motifs.Motif: atom1 name is CH3
protocols.motifs.Motif: atom2 name is aroC
protocols.motifs.Motif: atom3 name is Ntrp
protocols.motifs.Motif: Res1 name is LYS
protocols.motifs.Motif: atom1 name is NH2O
protocols.motifs.Motif: atom2 name is COO
protocols.motifs.Motif: atom3 name is ONH2
protocols.motifs.Motif: Res1 name is VAL
protocols.motifs.Motif: atom1 name is NH2O
protocols.motifs.Motif: atom2 name is COO
protocols.motifs.Motif: atom3 name is ONH2
protocols.motifs.Motif: Res1 name is THR
protocols.motifs.Motif: atom1 name is CH3
protocols.motifs.Motif: atom2 name is aroC
protocols.motifs.Motif: atom3 name is Ntrp
protocols.motifs.Motif: Res1 name is TYR
protocols.motifs.Motif: atom1 name is Ntrp
protocols.motifs.Motif: atom2 name is COO
protocols.motifs.Motif: atom3 name is ONH2
protocols.motifs.Motif: Res1 name is LEU
protocols.motifs.Motif: atom1 name is aroC
protocols.motifs.Motif: atom2 name is aroC
protocols.motifs.Motif: atom3 name is Ntrp
protocols.motifs.Motif: Res1 name is CYS
protocols.motifs.Motif: atom1 name is NH2O
protocols.motifs.Motif: atom2 name is COO
protocols.motifs.Motif: atom3 name is ONH2
protocols.motifs.Motif: Res1 name is PHE
protocols.motifs.Motif: atom1 name is CH3
protocols.motifs.Motif: atom2 name is aroC
protocols.motifs.Motif: atom3 name is aroC
core.pack.task: Packer task: initialize from command line() 
core.pack.task: Packer task: initialize from command line() 
core.pack.task: Packer task: initialize from command line() 
protocols.moves.MonteCarlo: MonteCarlo:: last_accepted_score,lowest_score: -1078.7 -1078.7
protocols.motifs.Motif: Res1 name is LEU
protocols.motifs.Motif: atom1 name is Ntrp
protocols.motifs.Motif: atom2 name is COO
protocols.motifs.Motif: atom3 name is ONH2
protocols.motifs.Motif: Res1 name is VAL
protocols.motifs.Motif: atom1 name is NH2O
protocols.motifs.Motif: atom2 name is COO
protocols.motifs.Motif: atom3 name is ONH2
protocols.motifs.Motif: Res1 name is ALA
protocols.motifs.Motif: atom1 name is NH2O
protocols.motifs.Motif: atom2 name is COO
protocols.motifs.Motif: atom3 name is ONH2
protocols.motifs.Motif: Res1 name is TYR
protocols.motifs.Motif: atom1 name is CH3
protocols.motifs.Motif: atom2 name is aroC
protocols.motifs.Motif: atom3 name is aroC
protocols.motifs.Motif: Res1 name is LEU
protocols.motifs.Motif: atom1 name is NH2O
protocols.motifs.Motif: atom2 name is COO
protocols.motifs.Motif: atom3 name is ONH2
protocols.motifs.Motif: Res1 name is PHE
protocols.motifs.Motif: atom1 name is Ntrp
protocols.motifs.Motif: atom2 name is COO
protocols.motifs.Motif: atom3 name is ONH2
core.pack.task: Packer task: initialize from command line() 
core.pack.task: Packer task: initialize from command line() 
core.pack.task: Packer task: initialize from command line() 
protocols.moves.MonteCarlo: MonteCarlo:: last_accepted_score,lowest_score: -1074.66 -1074.66
protocols.motifs.Motif: Res1 name is LEU
protocols.motifs.Motif: atom1 name is NH2O
protocols.motifs.Motif: atom2 name is COO
protocols.motifs.Motif: atom3 name is ONH2
protocols.motifs.Motif: Res1 name is TYR
protocols.motifs.Motif: atom1 name is NH2O
protocols.motifs.Motif: atom2 name is COO
protocols.motifs.Motif: atom3 name is ONH2
protocols.motifs.Motif: Res1 name is LEU
protocols.motifs.Motif: atom1 name is CH3
protocols.motifs.Motif: atom2 name is aroC
protocols.motifs.Motif: atom3 name is Ntrp
protocols.motifs.Motif: Res1 name is PHE
protocols.motifs.Motif: atom1 name is Ntrp
protocols.motifs.Motif: atom2 name is COO
protocols.motifs.Motif: atom3 name is ONH2
core.pack.task: Packer task: initialize from command line() 
core.pack.task: Packer task: initialize from command line() 
core.pack.task: Packer task: initialize from command line() 
protocols.moves.MonteCarlo: MonteCarlo:: last_accepted_score,lowest_score: -1078.96 -1078.96
protocols.motifs.Motif: Res1 name is LEU
protocols.motifs.Motif: atom1 name is Ntrp
protocols.motifs.Motif: atom2 name is COO
protocols.motifs.Motif: atom3 name is ONH2
protocols.motifs.Motif: Res1 name is VAL
protocols.motifs.Motif: atom1 name is NH2O
protocols.motifs.Motif: atom2 name is COO
protocols.motifs.Motif: atom3 name is ONH2
protocols.motifs.Motif: Res1 name is ALA
protocols.motifs.Motif: atom1 name is NH2O
protocols.motifs.Motif: atom2 name is COO
protocols.motifs.Motif: atom3 name is ONH2
protocols.motifs.Motif: Res1 name is LEU
protocols.motifs.Motif: atom1 name is NH2O
protocols.motifs.Motif: atom2 name is COO
protocols.motifs.Motif: atom3 name is ONH2
protocols.motifs.Motif: Res1 name is PHE
protocols.motifs.Motif: atom1 name is Ntrp
protocols.motifs.Motif: atom2 name is COO
protocols.motifs.Motif: atom3 name is ONH2
core.pack.task: Packer task: initialize from command line() 
core.pack.task: Packer task: initialize from command line() 
core.pack.task: Packer task: initialize from command line() 
protocols.moves.MonteCarlo: MonteCarlo:: last_accepted_score,lowest_score: -1079.46 -1079.46
protocols.motifs.Motif: Res1 name is LEU
protocols.motifs.Motif: atom1 name is aroC
protocols.motifs.Motif: atom2 name is aroC
protocols.motifs.Motif: atom3 name is F
protocols.motifs.Motif: Res1 name is VAL
protocols.motifs.Motif: atom1 name is NH2O
protocols.motifs.Motif: atom2 name is COO
protocols.motifs.Motif: atom3 name is ONH2
protocols.motifs.Motif: Res1 name is ALA
protocols.motifs.Motif: atom1 name is CH3
protocols.motifs.Motif: atom2 name is aroC
protocols.motifs.Motif: atom3 name is Ntrp
protocols.motifs.Motif: Res1 name is LYS
protocols.motifs.Motif: atom1 name is NH2O
protocols.motifs.Motif: atom2 name is COO
protocols.motifs.Motif: atom3 name is ONH2
protocols.motifs.Motif: Res1 name is VAL
protocols.motifs.Motif: atom1 name is NH2O
protocols.motifs.Motif: atom2 name is COO
protocols.motifs.Motif: atom3 name is ONH2
protocols.motifs.Motif: Res1 name is THR
protocols.motifs.Motif: atom1 name is NH2O
protocols.motifs.Motif: atom2 name is COO
protocols.motifs.Motif: atom3 name is ONH2
protocols.motifs.Motif: Res1 name is LEU
protocols.motifs.Motif: atom1 name is aroC
protocols.motifs.Motif: atom2 name is aroC
protocols.motifs.Motif: atom3 name is Ntrp
protocols.motifs.Motif: Res1 name is CYS
protocols.motifs.Motif: atom1 name is NH2O
protocols.motifs.Motif: atom2 name is COO
protocols.motifs.Motif: atom3 name is ONH2
protocols.motifs.Motif: Res1 name is PHE
protocols.motifs.Motif: atom1 name is CH3
protocols.motifs.Motif: atom2 name is aroC
protocols.motifs.Motif: atom3 name is aroC
core.pack.task: Packer task: initialize from command line() 
core.pack.task: Packer task: initialize from command line() 
core.pack.task: Packer task: initialize from command line() 
protocols.moves.MonteCarlo: MonteCarlo:: last_accepted_score,lowest_score: -1078.68 -1079.79
protocols.motifs.Motif: Res1 name is LEU
protocols.motifs.Motif: atom1 name is aroC
protocols.motifs.Motif: atom2 name is aroC
protocols.motifs.Motif: atom3 name is aroC
protocols.motifs.Motif: Res1 name is VAL
protocols.motifs.Motif: atom1 name is NH2O
protocols.motifs.Motif: atom2 name is COO
protocols.motifs.Motif: atom3 name is ONH2
protocols.motifs.Motif: Res1 name is ALA
protocols.motifs.Motif: atom1 name is CH3
protocols.motifs.Motif: atom2 name is aroC
protocols.motifs.Motif: atom3 name is Ntrp
protocols.motifs.Motif: Res1 name is LYS
protocols.motifs.Motif: atom1 name is NH2O
protocols.motifs.Motif: atom2 name is COO
protocols.motifs.Motif: atom3 name is ONH2
protocols.motifs.Motif: Res1 name is VAL
protocols.motifs.Motif: atom1 name is CH3
protocols.motifs.Motif: atom2 name is aroC
protocols.motifs.Motif: atom3 name is Ntrp
protocols.motifs.Motif: Res1 name is THR
protocols.motifs.Motif: atom1 name is CH3
protocols.motifs.Motif: atom2 name is aroC
protocols.motifs.Motif: atom3 name is Ntrp
protocols.motifs.Motif: Res1 name is TYR
protocols.motifs.Motif: atom1 name is Ntrp
protocols.motifs.Motif: atom2 name is COO
protocols.motifs.Motif: atom3 name is ONH2
protocols.motifs.Motif: Res1 name is LEU
protocols.motifs.Motif: atom1 name is aroC
protocols.motifs.Motif: atom2 name is aroC
protocols.motifs.Motif: atom3 name is Ntrp
protocols.motifs.Motif: Res1 name is CYS
protocols.motifs.Motif: atom1 name is NH2O
protocols.motifs.Motif: atom2 name is COO
protocols.motifs.Motif: atom3 name is ONH2
protocols.motifs.Motif: Res1 name is PHE
protocols.motifs.Motif: atom1 name is CH3
protocols.motifs.Motif: atom2 name is aroC
protocols.motifs.Motif: atom3 name is aroC
core.pack.task: Packer task: initialize from command line() 
core.pack.task: Packer task: initialize from command line() 
core.pack.task: Packer task: initialize from command line() 
protocols.moves.MonteCarlo: MonteCarlo:: last_accepted_score,lowest_score: -1075.64 -1075.64
protocols.motifs.Motif: Res1 name is LEU
protocols.motifs.Motif: atom1 name is Ntrp
protocols.motifs.Motif: atom2 name is COO
protocols.motifs.Motif: atom3 name is ONH2
protocols.motifs.Motif: Res1 name is TYR
protocols.motifs.Motif: atom1 name is NH2O
protocols.motifs.Motif: atom2 name is COO
protocols.motifs.Motif: atom3 name is ONH2
protocols.motifs.Motif: Res1 name is LEU
protocols.motifs.Motif: atom1 name is CH3
protocols.motifs.Motif: atom2 name is aroC
protocols.motifs.Motif: atom3 name is Ntrp
protocols.motifs.Motif: Res1 name is PHE
protocols.motifs.Motif: atom1 name is Ntrp
protocols.motifs.Motif: atom2 name is COO
protocols.motifs.Motif: atom3 name is ONH2
core.pack.task: Packer task: initialize from command line() 
core.pack.task: Packer task: initialize from command line() 
core.pack.task: Packer task: initialize from command line() 
protocols.moves.MonteCarlo: MonteCarlo:: last_accepted_score,lowest_score: -1023.37 -1023.37
protocols.motifs.Motif: Res1 name is TYR
protocols.motifs.Motif: atom1 name is CH3
protocols.motifs.Motif: atom2 name is aroC
protocols.motifs.Motif: atom3 name is aroC
protocols.motifs.Motif: Res1 name is LEU
protocols.motifs.Motif: atom1 name is NH2O
protocols.motifs.Motif: atom2 name is COO
protocols.motifs.Motif: atom3 name is ONH2
core.pack.task: Packer task: initialize from command line() 
core.pack.task: Packer task: initialize from command line() 
core.pack.task: Packer task: initialize from command line() 
protocols.moves.MonteCarlo: MonteCarlo:: last_accepted_score,lowest_score: -1079.15 -1080.02
protocols.motifs.Motif: Res1 name is LEU
protocols.motifs.Motif: atom1 name is aroC
protocols.motifs.Motif: atom2 name is aroC
protocols.motifs.Motif: atom3 name is aroC
protocols.motifs.Motif: Res1 name is VAL
protocols.motifs.Motif: atom1 name is NH2O
protocols.motifs.Motif: atom2 name is COO
protocols.motifs.Motif: atom3 name is ONH2
protocols.motifs.Motif: Res1 name is ALA
protocols.motifs.Motif: atom1 name is aroC
protocols.motifs.Motif: atom2 name is aroC
protocols.motifs.Motif: atom3 name is Ntrp
protocols.motifs.Motif: Res1 name is LYS
protocols.motifs.Motif: atom1 name is NH2O
protocols.motifs.Motif: atom2 name is COO
protocols.motifs.Motif: atom3 name is ONH2
protocols.motifs.Motif: Res1 name is VAL
protocols.motifs.Motif: atom1 name is CH3
protocols.motifs.Motif: atom2 name is aroC
protocols.motifs.Motif: atom3 name is Ntrp
protocols.motifs.Motif: Res1 name is THR
protocols.motifs.Motif: atom1 name is CH3
protocols.motifs.Motif: atom2 name is aroC
protocols.motifs.Motif: atom3 name is Ntrp
protocols.motifs.Motif: Res1 name is TYR
protocols.motifs.Motif: atom1 name is Ntrp
protocols.motifs.Motif: atom2 name is COO
protocols.motifs.Motif: atom3 name is ONH2
protocols.motifs.Motif: Res1 name is LEU
protocols.motifs.Motif: atom1 name is aroC
protocols.motifs.Motif: atom2 name is aroC
protocols.motifs.Motif: atom3 name is Ntrp
protocols.motifs.Motif: Res1 name is CYS
protocols.motifs.Motif: atom1 name is NH2O
protocols.motifs.Motif: atom2 name is COO
protocols.motifs.Motif: atom3 name is ONH2
protocols.motifs.Motif: Res1 name is PHE
protocols.motifs.Motif: atom1 name is CH3
protocols.motifs.Motif: atom2 name is aroC
protocols.motifs.Motif: atom3 name is aroC
core.pack.task: Packer task: initialize from command line() 
core.pack.task: Packer task: initialize from command line() 
core.pack.task: Packer task: initialize from command line() 
protocols.moves.MonteCarlo: MonteCarlo:: last_accepted_score,lowest_score: -1076.34 -1076.34
protocols.motifs.Motif: Res1 name is LEU
protocols.motifs.Motif: atom1 name is aroC
protocols.motifs.Motif: atom2 name is aroC
protocols.motifs.Motif: atom3 name is aroC
protocols.motifs.Motif: Res1 name is VAL
protocols.motifs.Motif: atom1 name is NH2O
protocols.motifs.Motif: atom2 name is COO
protocols.motifs.Motif: atom3 name is ONH2
protocols.motifs.Motif: Res1 name is LEU
protocols.motifs.Motif: atom1 name is NH2O
protocols.motifs.Motif: atom2 name is COO
protocols.motifs.Motif: atom3 name is ONH2
protocols.motifs.Motif: Res1 name is PHE
protocols.motifs.Motif: atom1 name is CH3
protocols.motifs.Motif: atom2 name is aroC
protocols.motifs.Motif: atom3 name is aroC
core.pack.task: Packer task: initialize from command line() 
core.pack.task: Packer task: initialize from command line() 
core.pack.task: Packer task: initialize from command line() 
protocols.moves.MonteCarlo: MonteCarlo:: last_accepted_score,lowest_score: -1067.94 -1067.94
protocols.motifs.Motif: Res1 name is LEU
protocols.motifs.Motif: atom1 name is aroC
protocols.motifs.Motif: atom2 name is aroC
protocols.motifs.Motif: atom3 name is aroC
protocols.motifs.Motif: Res1 name is VAL
protocols.motifs.Motif: atom1 name is NH2O
protocols.motifs.Motif: atom2 name is COO
protocols.motifs.Motif: atom3 name is ONH2
protocols.motifs.Motif: Res1 name is ALA
protocols.motifs.Motif: atom1 name is NH2O
protocols.motifs.Motif: atom2 name is COO
protocols.motifs.Motif: atom3 name is ONH2
protocols.motifs.Motif: Res1 name is VAL
protocols.motifs.Motif: atom1 name is NH2O
protocols.motifs.Motif: atom2 name is COO
protocols.motifs.Motif: atom3 name is ONH2
protocols.motifs.Motif: Res1 name is LEU
protocols.motifs.Motif: atom1 name is aroC
protocols.motifs.Motif: atom2 name is COO
protocols.motifs.Motif: atom3 name is ONH2
protocols.motifs.Motif: Res1 name is CYS
protocols.motifs.Motif: atom1 name is NH2O
protocols.motifs.Motif: atom2 name is COO
protocols.motifs.Motif: atom3 name is ONH2
protocols.motifs.Motif: Res1 name is PHE
protocols.motifs.Motif: atom1 name is CH3
protocols.motifs.Motif: atom2 name is aroC
protocols.motifs.Motif: atom3 name is aroC
core.pack.task: Packer task: initialize from command line() 
core.pack.task: Packer task: initialize from command line() 
core.pack.task: Packer task: initialize from command line() 
protocols.moves.MonteCarlo: MonteCarlo:: last_accepted_score,lowest_score: -1079.32 -1079.32
protocols.motifs.Motif: Res1 name is LEU
protocols.motifs.Motif: atom1 name is aroC
protocols.motifs.Motif: atom2 name is aroC
protocols.motifs.Motif: atom3 name is aroC
protocols.motifs.Motif: Res1 name is VAL
protocols.motifs.Motif: atom1 name is NH2O
protocols.motifs.Motif: atom2 name is COO
protocols.motifs.Motif: atom3 name is ONH2
protocols.motifs.Motif: Res1 name is ALA
protocols.motifs.Motif: atom1 name is aroC
protocols.motifs.Motif: atom2 name is aroC
protocols.motifs.Motif: atom3 name is Ntrp
protocols.motifs.Motif: Res1 name is LYS
protocols.motifs.Motif: atom1 name is NH2O
protocols.motifs.Motif: atom2 name is COO
protocols.motifs.Motif: atom3 name is ONH2
protocols.motifs.Motif: Res1 name is VAL
protocols.motifs.Motif: atom1 name is CH3
protocols.motifs.Motif: atom2 name is aroC
protocols.motifs.Motif: atom3 name is Ntrp
protocols.motifs.Motif: Res1 name is TYR
protocols.motifs.Motif: atom1 name is Ntrp
protocols.motifs.Motif: atom2 name is COO
protocols.motifs.Motif: atom3 name is ONH2
protocols.motifs.Motif: Res1 name is LEU
protocols.motifs.Motif: atom1 name is aroC
protocols.motifs.Motif: atom2 name is aroC
protocols.motifs.Motif: atom3 name is Ntrp
protocols.motifs.Motif: Res1 name is CYS
protocols.motifs.Motif: atom1 name is NH2O
protocols.motifs.Motif: atom2 name is COO
protocols.motifs.Motif: atom3 name is ONH2
protocols.motifs.Motif: Res1 name is PHE
protocols.motifs.Motif: atom1 name is CH3
protocols.motifs.Motif: atom2 name is aroC
protocols.motifs.Motif: atom3 name is aroC
core.pack.task: Packer task: initialize from command line() 
core.pack.task: Packer task: initialize from command line() 
core.pack.task: Packer task: initialize from command line() 
protocols.moves.MonteCarlo: MonteCarlo:: last_accepted_score,lowest_score: -1071.15 -1071.15
protocols.motifs.Motif: Res1 name is LEU
protocols.motifs.Motif: atom1 name is aroC
protocols.motifs.Motif: atom2 name is aroC
protocols.motifs.Motif: atom3 name is aroC
protocols.motifs.Motif: Res1 name is TYR
protocols.motifs.Motif: atom1 name is CH3
protocols.motifs.Motif: atom2 name is aroC
protocols.motifs.Motif: atom3 name is Ntrp
protocols.motifs.Motif: Res1 name is LEU
protocols.motifs.Motif: atom1 name is NH2O
protocols.motifs.Motif: atom2 name is COO
protocols.motifs.Motif: atom3 name is ONH2
protocols.motifs.Motif: Res1 name is PHE
protocols.motifs.Motif: atom1 name is CH3
protocols.motifs.Motif: atom2 name is aroC
protocols.motifs.Motif: atom3 name is aroC
core.pack.task: Packer task: initialize from command line() 
core.pack.task: Packer task: initialize from command line() 
core.pack.task: Packer task: initialize from command line() 
protocols.moves.MonteCarlo: MonteCarlo:: last_accepted_score,lowest_score: -1073.33 -1073.33
protocols.motifs.Motif: Res1 name is LEU
protocols.motifs.Motif: atom1 name is aroC
protocols.motifs.Motif: atom2 name is aroC
protocols.motifs.Motif: atom3 name is aroC
protocols.motifs.Motif: Res1 name is VAL
protocols.motifs.Motif: atom1 name is NH2O
protocols.motifs.Motif: atom2 name is COO
protocols.motifs.Motif: atom3 name is ONH2
protocols.motifs.Motif: Res1 name is VAL
protocols.motifs.Motif: atom1 name is NH2O
protocols.motifs.Motif: atom2 name is COO
protocols.motifs.Motif: atom3 name is ONH2
protocols.motifs.Motif: Res1 name is TYR
protocols.motifs.Motif: atom1 name is Ntrp
protocols.motifs.Motif: atom2 name is COO
protocols.motifs.Motif: atom3 name is ONH2
protocols.motifs.Motif: Res1 name is LEU
protocols.motifs.Motif: atom1 name is aroC
protocols.motifs.Motif: atom2 name is aroC
protocols.motifs.Motif: atom3 name is Ntrp
protocols.motifs.Motif: Res1 name is CYS
protocols.motifs.Motif: atom1 name is NH2O
protocols.motifs.Motif: atom2 name is COO
protocols.motifs.Motif: atom3 name is ONH2
core.pack.task: Packer task: initialize from command line() 
core.pack.task: Packer task: initialize from command line() 
core.pack.task: Packer task: initialize from command line() 
protocols.moves.MonteCarlo: MonteCarlo:: last_accepted_score,lowest_score: -1075.25 -1075.42
protocols.motifs.Motif: Res1 name is LEU
protocols.motifs.Motif: atom1 name is aroC
protocols.motifs.Motif: atom2 name is aroC
protocols.motifs.Motif: atom3 name is Ntrp
protocols.motifs.Motif: Res1 name is TYR
protocols.motifs.Motif: atom1 name is Ntrp
protocols.motifs.Motif: atom2 name is COO
protocols.motifs.Motif: atom3 name is ONH2
protocols.motifs.Motif: Res1 name is LEU
protocols.motifs.Motif: atom1 name is aroC
protocols.motifs.Motif: atom2 name is aroC
protocols.motifs.Motif: atom3 name is aroC
core.pack.task: Packer task: initialize from command line() 
core.pack.task: Packer task: initialize from command line() 
core.pack.task: Packer task: initialize from command line() 
protocols.moves.MonteCarlo: MonteCarlo:: last_accepted_score,lowest_score: -1073.74 -1073.74
protocols.motifs.Motif: Res1 name is LEU
protocols.motifs.Motif: atom1 name is aroC
protocols.motifs.Motif: atom2 name is aroC
protocols.motifs.Motif: atom3 name is F
protocols.motifs.Motif: Res1 name is TYR
protocols.motifs.Motif: atom1 name is aroC
protocols.motifs.Motif: atom2 name is aroC
protocols.motifs.Motif: atom3 name is aroC
core.pack.task: Packer task: initialize from command line() 
core.pack.task: Packer task: initialize from command line() 
core.pack.task: Packer task: initialize from command line() 
protocols.moves.MonteCarlo: MonteCarlo:: last_accepted_score,lowest_score: -1073.89 -1074.06
protocols.motifs.Motif: Res1 name is LEU
protocols.motifs.Motif: atom1 name is CH3
protocols.motifs.Motif: atom2 name is aroC
protocols.motifs.Motif: atom3 name is aroC
protocols.motifs.Motif: Res1 name is LEU
protocols.motifs.Motif: atom1 name is aroC
protocols.motifs.Motif: atom2 name is aroC
protocols.motifs.Motif: atom3 name is aroC
protocols.motifs.Motif: Res1 name is PHE
protocols.motifs.Motif: atom1 name is aroC
protocols.motifs.Motif: atom2 name is aroC
protocols.motifs.Motif: atom3 name is aroC
core.pack.task: Packer task: initialize from command line() 
core.pack.task: Packer task: initialize from command line() 
core.pack.task: Packer task: initialize from command line() 
protocols.moves.MonteCarlo: MonteCarlo:: last_accepted_score,lowest_score: -1072.06 -1072.06
protocols.motifs.Motif: Res1 name is LYS
protocols.motifs.Motif: atom1 name is Ntrp
protocols.motifs.Motif: atom2 name is COO
protocols.motifs.Motif: atom3 name is ONH2
protocols.motifs.Motif: Res1 name is LEU
protocols.motifs.Motif: atom1 name is Ntrp
protocols.motifs.Motif: atom2 name is COO
protocols.motifs.Motif: atom3 name is ONH2
core.pack.task: Packer task: initialize from command line() 
core.pack.task: Packer task: initialize from command line() 
core.pack.task: Packer task: initialize from command line() 
protocols.moves.MonteCarlo: MonteCarlo:: last_accepted_score,lowest_score: -1078.29 -1078.29
protocols.motifs.Motif: Res1 name is LEU
protocols.motifs.Motif: atom1 name is CH3
protocols.motifs.Motif: atom2 name is aroC
protocols.motifs.Motif: atom3 name is aroC
protocols.motifs.Motif: Res1 name is TYR
protocols.motifs.Motif: atom1 name is Ntrp
protocols.motifs.Motif: atom2 name is COO
protocols.motifs.Motif: atom3 name is ONH2
protocols.motifs.Motif: Res1 name is LEU
protocols.motifs.Motif: atom1 name is aroC
protocols.motifs.Motif: atom2 name is aroC
protocols.motifs.Motif: atom3 name is Ntrp
protocols.motifs.Motif: Res1 name is PHE
protocols.motifs.Motif: atom1 name is aroC
protocols.motifs.Motif: atom2 name is aroC
protocols.motifs.Motif: atom3 name is F
core.pack.task: Packer task: initialize from command line() 
core.pack.task: Packer task: initialize from command line() 
core.pack.task: Packer task: initialize from command line() 
protocols.moves.MonteCarlo: MonteCarlo:: last_accepted_score,lowest_score: -1071.99 -1071.99
protocols.motifs.Motif: Res1 name is LEU
protocols.motifs.Motif: atom1 name is Ntrp
protocols.motifs.Motif: atom2 name is COO
protocols.motifs.Motif: atom3 name is ONH2
protocols.motifs.Motif: Res1 name is ASN
protocols.motifs.Motif: atom1 name is NH2O
protocols.motifs.Motif: atom2 name is COO
protocols.motifs.Motif: atom3 name is ONH2
protocols.motifs.Motif: Res1 name is MET
protocols.motifs.Motif: atom1 name is NH2O
protocols.motifs.Motif: atom2 name is COO
protocols.motifs.Motif: atom3 name is ONH2
protocols.motifs.Motif: Res1 name is LEU
protocols.motifs.Motif: atom1 name is aroC
protocols.motifs.Motif: atom2 name is aroC
protocols.motifs.Motif: atom3 name is F
protocols.motifs.Motif: Res1 name is PHE
protocols.motifs.Motif: atom1 name is aroC
protocols.motifs.Motif: atom2 name is aroC
protocols.motifs.Motif: atom3 name is Ntrp
core.pack.task: Packer task: initialize from command line() 
core.pack.task: Packer task: initialize from command line() 
core.pack.task: Packer task: initialize from command line() 
protocols.moves.MonteCarlo: MonteCarlo:: last_accepted_score,lowest_score: -1075.17 -1075.17
protocols.motifs.Motif: Res1 name is LEU
protocols.motifs.Motif: atom1 name is aroC
protocols.motifs.Motif: atom2 name is aroC
protocols.motifs.Motif: atom3 name is Ntrp
protocols.motifs.Motif: Res1 name is TYR
protocols.motifs.Motif: atom1 name is Ntrp
protocols.motifs.Motif: atom2 name is COO
protocols.motifs.Motif: atom3 name is ONH2
protocols.motifs.Motif: Res1 name is LEU
protocols.motifs.Motif: atom1 name is aroC
protocols.motifs.Motif: atom2 name is aroC
protocols.motifs.Motif: atom3 name is aroC
protocols.motifs.Motif: Res1 name is PHE
protocols.motifs.Motif: atom1 name is aroC
protocols.motifs.Motif: atom2 name is aroC
protocols.motifs.Motif: atom3 name is aroC
core.pack.task: Packer task: initialize from command line() 
core.pack.task: Packer task: initialize from command line() 
core.pack.task: Packer task: initialize from command line() 
protocols.moves.MonteCarlo: MonteCarlo:: last_accepted_score,lowest_score: -1011.85 -1011.85
protocols.motifs.Motif: Res1 name is LEU
protocols.motifs.Motif: atom1 name is aroC
protocols.motifs.Motif: atom2 name is aroC
protocols.motifs.Motif: atom3 name is aroC
protocols.motifs.Motif: Res1 name is LEU
protocols.motifs.Motif: atom1 name is aroC
protocols.motifs.Motif: atom2 name is aroC
protocols.motifs.Motif: atom3 name is F
protocols.motifs.Motif: Res1 name is PHE
protocols.motifs.Motif: atom1 name is CH3
protocols.motifs.Motif: atom2 name is aroC
protocols.motifs.Motif: atom3 name is aroC
core.pack.task: Packer task: initialize from command line() 
core.pack.task: Packer task: initialize from command line() 
core.pack.task: Packer task: initialize from command line() 
protocols.moves.MonteCarlo: MonteCarlo:: last_accepted_score,lowest_score: -1071.99 -1071.99
protocols.motifs.Motif: Res1 name is LEU
protocols.motifs.Motif: atom1 name is aroC
protocols.motifs.Motif: atom2 name is aroC
protocols.motifs.Motif: atom3 name is aroC
protocols.motifs.Motif: Res1 name is TYR
protocols.motifs.Motif: atom1 name is aroC
protocols.motifs.Motif: atom2 name is aroC
protocols.motifs.Motif: atom3 name is F
protocols.motifs.Motif: Res1 name is LEU
protocols.motifs.Motif: atom1 name is aroC
protocols.motifs.Motif: atom2 name is aroC
protocols.motifs.Motif: atom3 name is aroC
protocols.motifs.Motif: Res1 name is PHE
protocols.motifs.Motif: atom1 name is Ntrp
protocols.motifs.Motif: atom2 name is COO
protocols.motifs.Motif: atom3 name is ONH2
core.pack.task: Packer task: initialize from command line() 
core.pack.task: Packer task: initialize from command line() 
core.pack.task: Packer task: initialize from command line() 
protocols.moves.MonteCarlo: MonteCarlo:: last_accepted_score,lowest_score: -1073.56 -1073.68
protocols.motifs.Motif: Res1 name is LEU
protocols.motifs.Motif: atom1 name is Ntrp
protocols.motifs.Motif: atom2 name is COO
protocols.motifs.Motif: atom3 name is ONH2
protocols.motifs.Motif: Res1 name is TYR
protocols.motifs.Motif: atom1 name is aroC
protocols.motifs.Motif: atom2 name is aroC
protocols.motifs.Motif: atom3 name is F
protocols.motifs.Motif: Res1 name is LEU
protocols.motifs.Motif: atom1 name is aroC
protocols.motifs.Motif: atom2 name is aroC
protocols.motifs.Motif: atom3 name is aroC
protocols.motifs.Motif: Res1 name is PHE
protocols.motifs.Motif: atom1 name is Ntrp
protocols.motifs.Motif: atom2 name is COO
protocols.motifs.Motif: atom3 name is ONH2
core.pack.task: Packer task: initialize from command line() 
core.pack.task: Packer task: initialize from command line() 
core.pack.task: Packer task: initialize from command line() 
protocols.moves.MonteCarlo: MonteCarlo:: last_accepted_score,lowest_score: -1075.63 -1075.71
protocols.motifs.Motif: Res1 name is LEU
protocols.motifs.Motif: atom1 name is aroC
protocols.motifs.Motif: atom2 name is aroC
protocols.motifs.Motif: atom3 name is Ntrp
protocols.motifs.Motif: Res1 name is TYR
protocols.motifs.Motif: atom1 name is Ntrp
protocols.motifs.Motif: atom2 name is COO
protocols.motifs.Motif: atom3 name is ONH2
protocols.motifs.Motif: Res1 name is LEU
protocols.motifs.Motif: atom1 name is aroC
protocols.motifs.Motif: atom2 name is aroC
protocols.motifs.Motif: atom3 name is aroC
core.pack.task: Packer task: initialize from command line() 
core.pack.task: Packer task: initialize from command line() 
core.pack.task: Packer task: initialize from command line() 
protocols.moves.MonteCarlo: MonteCarlo:: last_accepted_score,lowest_score: -1076.5 -1076.5
protocols.motifs.Motif: Res1 name is LEU
protocols.motifs.Motif: atom1 name is Ntrp
protocols.motifs.Motif: atom2 name is COO
protocols.motifs.Motif: atom3 name is ONH2
protocols.motifs.Motif: Res1 name is VAL
protocols.motifs.Motif: atom1 name is aroC
protocols.motifs.Motif: atom2 name is aroC
protocols.motifs.Motif: atom3 name is Ntrp
protocols.motifs.Motif: Res1 name is LEU
protocols.motifs.Motif: atom1 name is aroC
protocols.motifs.Motif: atom2 name is aroC
protocols.motifs.Motif: atom3 name is aroC
protocols.motifs.Motif: Res1 name is PHE
protocols.motifs.Motif: atom1 name is Ntrp
protocols.motifs.Motif: atom2 name is COO
protocols.motifs.Motif: atom3 name is ONH2
core.pack.task: Packer task: initialize from command line() 
core.pack.task: Packer task: initialize from command line() 
core.pack.task: Packer task: initialize from command line() 
protocols.moves.MonteCarlo: MonteCarlo:: last_accepted_score,lowest_score: -1074.04 -1074.04
protocols.motifs.Motif: Res1 name is LEU
protocols.motifs.Motif: atom1 name is Ntrp
protocols.motifs.Motif: atom2 name is COO
protocols.motifs.Motif: atom3 name is ONH2
protocols.motifs.Motif: Res1 name is TYR
protocols.motifs.Motif: atom1 name is aroC
protocols.motifs.Motif: atom2 name is aroC
protocols.motifs.Motif: atom3 name is F
protocols.motifs.Motif: Res1 name is LEU
protocols.motifs.Motif: atom1 name is aroC
protocols.motifs.Motif: atom2 name is aroC
protocols.motifs.Motif: atom3 name is Ntrp
protocols.motifs.Motif: Res1 name is PHE
protocols.motifs.Motif: atom1 name is Ntrp
protocols.motifs.Motif: atom2 name is COO
protocols.motifs.Motif: atom3 name is ONH2
core.pack.task: Packer task: initialize from command line() 
core.pack.task: Packer task: initialize from command line() 
core.pack.task: Packer task: initialize from command line() 
protocols.moves.MonteCarlo: MonteCarlo:: last_accepted_score,lowest_score: -1072.66 -1072.66
protocols.motifs.Motif: Res1 name is LEU
protocols.motifs.Motif: atom1 name is aroC
protocols.motifs.Motif: atom2 name is aroC
protocols.motifs.Motif: atom3 name is aroC
protocols.motifs.Motif: Res1 name is TYR
protocols.motifs.Motif: atom1 name is Ntrp
protocols.motifs.Motif: atom2 name is COO
protocols.motifs.Motif: atom3 name is ONH2
core.pack.task: Packer task: initialize from command line() 
core.pack.task: Packer task: initialize from command line() 
core.pack.task: Packer task: initialize from command line() 
protocols.moves.MonteCarlo: MonteCarlo:: last_accepted_score,lowest_score: -1074.06 -1074.38
protocols.motifs.Motif: Res1 name is LEU
protocols.motifs.Motif: atom1 name is aroC
protocols.motifs.Motif: atom2 name is aroC
protocols.motifs.Motif: atom3 name is aroC
protocols.motifs.Motif: Res1 name is TYR
protocols.motifs.Motif: atom1 name is Ntrp
protocols.motifs.Motif: atom2 name is COO
protocols.motifs.Motif: atom3 name is ONH2
protocols.motifs.Motif: Res1 name is LEU
protocols.motifs.Motif: atom1 name is aroC
protocols.motifs.Motif: atom2 name is aroC
protocols.motifs.Motif: atom3 name is F
core.pack.task: Packer task: initialize from command line() 
core.pack.task: Packer task: initialize from command line() 
core.pack.task: Packer task: initialize from command line() 
protocols.moves.MonteCarlo: MonteCarlo:: last_accepted_score,lowest_score: -1077.44 -1077.44
protocols.motifs.Motif: Res1 name is LEU
protocols.motifs.Motif: atom1 name is aroC
protocols.motifs.Motif: atom2 name is aroC
protocols.motifs.Motif: atom3 name is Ntrp
protocols.motifs.Motif: Res1 name is VAL
protocols.motifs.Motif: atom1 name is Ntrp
protocols.motifs.Motif: atom2 name is COO
protocols.motifs.Motif: atom3 name is ONH2
protocols.motifs.Motif: Res1 name is LEU
protocols.motifs.Motif: atom1 name is aroC
protocols.motifs.Motif: atom2 name is aroC
protocols.motifs.Motif: atom3 name is aroC
protocols.motifs.Motif: Res1 name is PHE
protocols.motifs.Motif: atom1 name is Ntrp
protocols.motifs.Motif: atom2 name is COO
protocols.motifs.Motif: atom3 name is ONH2
core.pack.task: Packer task: initialize from command line() 
core.pack.task: Packer task: initialize from command line() 
core.pack.task: Packer task: initialize from command line() 
protocols.moves.MonteCarlo: MonteCarlo:: last_accepted_score,lowest_score: -1072.77 -1072.77
protocols.motifs.Motif: Res1 name is LEU
protocols.motifs.Motif: atom1 name is aroC
protocols.motifs.Motif: atom2 name is aroC
protocols.motifs.Motif: atom3 name is F
protocols.motifs.Motif: Res1 name is ASP
protocols.motifs.Motif: atom1 name is Ntrp
protocols.motifs.Motif: atom2 name is COO
protocols.motifs.Motif: atom3 name is ONH2
protocols.motifs.Motif: Res1 name is LEU
protocols.motifs.Motif: atom1 name is aroC
protocols.motifs.Motif: atom2 name is aroC
protocols.motifs.Motif: atom3 name is Ntrp
protocols.motifs.Motif: Res1 name is PHE
protocols.motifs.Motif: atom1 name is Ntrp
protocols.motifs.Motif: atom2 name is COO
protocols.motifs.Motif: atom3 name is ONH2
core.pack.task: Packer task: initialize from command line() 
core.pack.task: Packer task: initialize from command line() 
core.pack.task: Packer task: initialize from command line() 
protocols.moves.MonteCarlo: MonteCarlo:: last_accepted_score,lowest_score: -1080.51 -1080.51
protocols.motifs.Motif: Res1 name is LEU
protocols.motifs.Motif: atom1 name is Ntrp
protocols.motifs.Motif: atom2 name is COO
protocols.motifs.Motif: atom3 name is ONH2
protocols.motifs.Motif: Res1 name is VAL
protocols.motifs.Motif: atom1 name is aroC
protocols.motifs.Motif: atom2 name is aroC
protocols.motifs.Motif: atom3 name is Ntrp
protocols.motifs.Motif: Res1 name is ALA
protocols.motifs.Motif: atom1 name is aroC
protocols.motifs.Motif: atom2 name is aroC
protocols.motifs.Motif: atom3 name is aroC
protocols.motifs.Motif: Res1 name is VAL
protocols.motifs.Motif: atom1 name is aroC
protocols.motifs.Motif: atom2 name is aroC
protocols.motifs.Motif: atom3 name is F
protocols.motifs.Motif: Res1 name is TYR
protocols.motifs.Motif: atom1 name is aroC
protocols.motifs.Motif: atom2 name is aroC
protocols.motifs.Motif: atom3 name is F
protocols.motifs.Motif: Res1 name is LEU
protocols.motifs.Motif: atom1 name is aroC
protocols.motifs.Motif: atom2 name is aroC
protocols.motifs.Motif: atom3 name is COO
protocols.motifs.Motif: Res1 name is CYS
protocols.motifs.Motif: atom1 name is aroC
protocols.motifs.Motif: atom2 name is aroC
protocols.motifs.Motif: atom3 name is Ntrp
protocols.motifs.Motif: Res1 name is PHE
protocols.motifs.Motif: atom1 name is Ntrp
protocols.motifs.Motif: atom2 name is COO
protocols.motifs.Motif: atom3 name is ONH2
core.pack.task: Packer task: initialize from command line() 
core.pack.task: Packer task: initialize from command line() 
core.pack.task: Packer task: initialize from command line() 
protocols.moves.MonteCarlo: MonteCarlo:: last_accepted_score,lowest_score: -1074.34 -1074.68
protocols.motifs.Motif: Res1 name is LEU
protocols.motifs.Motif: atom1 name is CH3
protocols.motifs.Motif: atom2 name is aroC
protocols.motifs.Motif: atom3 name is aroC
protocols.motifs.Motif: Res1 name is TYR
protocols.motifs.Motif: atom1 name is Ntrp
protocols.motifs.Motif: atom2 name is COO
protocols.motifs.Motif: atom3 name is ONH2
protocols.motifs.Motif: Res1 name is LEU
protocols.motifs.Motif: atom1 name is aroC
protocols.motifs.Motif: atom2 name is aroC
protocols.motifs.Motif: atom3 name is F
core.pack.task: Packer task: initialize from command line() 
core.pack.task: Packer task: initialize from command line() 
core.pack.task: Packer task: initialize from command line() 
protocols.moves.MonteCarlo: MonteCarlo:: last_accepted_score,lowest_score: -1076.85 -1076.85
protocols.motifs.Motif: Res1 name is LYS
protocols.motifs.Motif: atom1 name is NH2O
protocols.motifs.Motif: atom2 name is COO
protocols.motifs.Motif: atom3 name is ONH2
protocols.motifs.Motif: Res1 name is LEU
protocols.motifs.Motif: atom1 name is aroC
protocols.motifs.Motif: atom2 name is aroC
protocols.motifs.Motif: atom3 name is COO
protocols.motifs.Motif: Res1 name is TYR
protocols.motifs.Motif: atom1 name is Ntrp
protocols.motifs.Motif: atom2 name is COO
protocols.motifs.Motif: atom3 name is ONH2
protocols.motifs.Motif: Res1 name is LEU
protocols.motifs.Motif: atom1 name is aroC
protocols.motifs.Motif: atom2 name is aroC
protocols.motifs.Motif: atom3 name is aroC
core.pack.task: Packer task: initialize from command line() 
core.pack.task: Packer task: initialize from command line() 
core.pack.task: Packer task: initialize from command line() 
protocols.moves.MonteCarlo: MonteCarlo:: last_accepted_score,lowest_score: -1071.8 -1071.8
protocols.motifs.Motif: Res1 name is LEU
protocols.motifs.Motif: atom1 name is aroC
protocols.motifs.Motif: atom2 name is aroC
protocols.motifs.Motif: atom3 name is aroC
protocols.motifs.Motif: Res1 name is TYR
protocols.motifs.Motif: atom1 name is Ntrp
protocols.motifs.Motif: atom2 name is COO
protocols.motifs.Motif: atom3 name is ONH2
core.pack.task: Packer task: initialize from command line() 
core.pack.task: Packer task: initialize from command line() 
core.pack.task: Packer task: initialize from command line() 
protocols.moves.MonteCarlo: MonteCarlo:: last_accepted_score,lowest_score: -1080.66 -1080.66
protocols.motifs.Motif: Res1 name is LEU
protocols.motifs.Motif: atom1 name is Ntrp
protocols.motifs.Motif: atom2 name is COO
protocols.motifs.Motif: atom3 name is ONH2
protocols.motifs.Motif: Res1 name is VAL
protocols.motifs.Motif: atom1 name is aroC
protocols.motifs.Motif: atom2 name is aroC
protocols.motifs.Motif: atom3 name is Ntrp
protocols.motifs.Motif: Res1 name is ALA
protocols.motifs.Motif: atom1 name is aroC
protocols.motifs.Motif: atom2 name is aroC
protocols.motifs.Motif: atom3 name is aroC
protocols.motifs.Motif: Res1 name is VAL
protocols.motifs.Motif: atom1 name is aroC
protocols.motifs.Motif: atom2 name is aroC
protocols.motifs.Motif: atom3 name is F
protocols.motifs.Motif: Res1 name is TYR
protocols.motifs.Motif: atom1 name is NH2O
protocols.motifs.Motif: atom2 name is COO
protocols.motifs.Motif: atom3 name is ONH2
protocols.motifs.Motif: Res1 name is LEU
protocols.motifs.Motif: atom1 name is aroC
protocols.motifs.Motif: atom2 name is aroC
protocols.motifs.Motif: atom3 name is aroC
protocols.motifs.Motif: Res1 name is CYS
protocols.motifs.Motif: atom1 name is aroC
protocols.motifs.Motif: atom2 name is aroC
protocols.motifs.Motif: atom3 name is Ntrp
protocols.motifs.Motif: Res1 name is PHE
protocols.motifs.Motif: atom1 name is Ntrp
protocols.motifs.Motif: atom2 name is COO
protocols.motifs.Motif: atom3 name is ONH2
core.pack.task: Packer task: initialize from command line() 
core.pack.task: Packer task: initialize from command line() 
core.pack.task: Packer task: initialize from command line() 
protocols.moves.MonteCarlo: MonteCarlo:: last_accepted_score,lowest_score: -1076.81 -1076.81
protocols.motifs.Motif: Res1 name is LEU
protocols.motifs.Motif: atom1 name is aroC
protocols.motifs.Motif: atom2 name is aroC
protocols.motifs.Motif: atom3 name is COO
protocols.motifs.Motif: Res1 name is TYR
protocols.motifs.Motif: atom1 name is Ntrp
protocols.motifs.Motif: atom2 name is COO
protocols.motifs.Motif: atom3 name is ONH2
protocols.motifs.Motif: Res1 name is LEU
protocols.motifs.Motif: atom1 name is aroC
protocols.motifs.Motif: atom2 name is aroC
protocols.motifs.Motif: atom3 name is aroC
core.pack.task: Packer task: initialize from command line() 
core.pack.task: Packer task: initialize from command line() 
core.pack.task: Packer task: initialize from command line() 
protocols.moves.MonteCarlo: MonteCarlo:: last_accepted_score,lowest_score: -1075.65 -1075.65
protocols.motifs.Motif: Res1 name is LEU
protocols.motifs.Motif: atom1 name is Ntrp
protocols.motifs.Motif: atom2 name is COO
protocols.motifs.Motif: atom3 name is ONH2
protocols.motifs.Motif: Res1 name is TYR
protocols.motifs.Motif: atom1 name is aroC
protocols.motifs.Motif: atom2 name is aroC
protocols.motifs.Motif: atom3 name is F
protocols.motifs.Motif: Res1 name is ASN
protocols.motifs.Motif: atom1 name is NH2O
protocols.motifs.Motif: atom2 name is COO
protocols.motifs.Motif: atom3 name is ONH2
protocols.motifs.Motif: Res1 name is LEU
protocols.motifs.Motif: atom1 name is aroC
protocols.motifs.Motif: atom2 name is aroC
protocols.motifs.Motif: atom3 name is aroC
protocols.motifs.Motif: Res1 name is PHE
protocols.motifs.Motif: atom1 name is Ntrp
protocols.motifs.Motif: atom2 name is COO
protocols.motifs.Motif: atom3 name is ONH2
core.pack.task: Packer task: initialize from command line() 
core.pack.task: Packer task: initialize from command line() 
core.pack.task: Packer task: initialize from command line() 
protocols.moves.MonteCarlo: MonteCarlo:: last_accepted_score,lowest_score: -1078.28 -1078.28
protocols.motifs.Motif: Res1 name is LEU
protocols.motifs.Motif: atom1 name is CH3
protocols.motifs.Motif: atom2 name is aroC
protocols.motifs.Motif: atom3 name is aroC
protocols.motifs.Motif: Res1 name is VAL
protocols.motifs.Motif: atom1 name is aroC
protocols.motifs.Motif: atom2 name is aroC
protocols.motifs.Motif: atom3 name is F
protocols.motifs.Motif: Res1 name is ALA
protocols.motifs.Motif: atom1 name is aroC
protocols.motifs.Motif: atom2 name is aroC
protocols.motifs.Motif: atom3 name is Ntrp
protocols.motifs.Motif: Res1 name is TYR
protocols.motifs.Motif: atom1 name is Ntrp
protocols.motifs.Motif: atom2 name is COO
protocols.motifs.Motif: atom3 name is ONH2
protocols.motifs.Motif: Res1 name is LEU
protocols.motifs.Motif: atom1 name is aroC
protocols.motifs.Motif: atom2 name is aroC
protocols.motifs.Motif: atom3 name is Ntrp
protocols.motifs.Motif: Res1 name is CYS
protocols.motifs.Motif: atom1 name is aroC
protocols.motifs.Motif: atom2 name is aroC
protocols.motifs.Motif: atom3 name is aroC
protocols.motifs.Motif: Res1 name is PHE
protocols.motifs.Motif: atom1 name is aroC
protocols.motifs.Motif: atom2 name is aroC
protocols.motifs.Motif: atom3 name is aroC
core.pack.task: Packer task: initialize from command line() 
core.pack.task: Packer task: initialize from command line() 
core.pack.task: Packer task: initialize from command line() 
protocols.moves.MonteCarlo: MonteCarlo:: last_accepted_score,lowest_score: -1072.69 -1072.69
protocols.motifs.Motif: Res1 name is LEU
protocols.motifs.Motif: atom1 name is aroC
protocols.motifs.Motif: atom2 name is aroC
protocols.motifs.Motif: atom3 name is aroC
protocols.motifs.Motif: Res1 name is VAL
protocols.motifs.Motif: atom1 name is aroC
protocols.motifs.Motif: atom2 name is aroC
protocols.motifs.Motif: atom3 name is F
protocols.motifs.Motif: Res1 name is LEU
protocols.motifs.Motif: atom1 name is aroC
protocols.motifs.Motif: atom2 name is aroC
protocols.motifs.Motif: atom3 name is Ntrp
protocols.motifs.Motif: Res1 name is PHE
protocols.motifs.Motif: atom1 name is aroC
protocols.motifs.Motif: atom2 name is aroC
protocols.motifs.Motif: atom3 name is aroC
core.pack.task: Packer task: initialize from command line() 
core.pack.task: Packer task: initialize from command line() 
core.pack.task: Packer task: initialize from command line() 
protocols.moves.MonteCarlo: MonteCarlo:: last_accepted_score,lowest_score: -1074.47 -1074.47
protocols.motifs.Motif: Res1 name is LEU
protocols.motifs.Motif: atom1 name is aroC
protocols.motifs.Motif: atom2 name is aroC
protocols.motifs.Motif: atom3 name is Ntrp
protocols.motifs.Motif: Res1 name is TYR
protocols.motifs.Motif: atom1 name is Ntrp
protocols.motifs.Motif: atom2 name is COO
protocols.motifs.Motif: atom3 name is ONH2
protocols.motifs.Motif: Res1 name is ASN
protocols.motifs.Motif: atom1 name is NH2O
protocols.motifs.Motif: atom2 name is COO
protocols.motifs.Motif: atom3 name is ONH2
protocols.motifs.Motif: Res1 name is LEU
protocols.motifs.Motif: atom1 name is aroC
protocols.motifs.Motif: atom2 name is aroC
protocols.motifs.Motif: atom3 name is aroC
protocols.motifs.Motif: Res1 name is PHE
protocols.motifs.Motif: atom1 name is aroC
protocols.motifs.Motif: atom2 name is aroC
protocols.motifs.Motif: atom3 name is F
core.pack.task: Packer task: initialize from command line() 
core.pack.task: Packer task: initialize from command line() 
core.pack.task: Packer task: initialize from command line() 
protocols.moves.MonteCarlo: MonteCarlo:: last_accepted_score,lowest_score: -1075.92 -1075.92
protocols.motifs.Motif: Res1 name is LEU
protocols.motifs.Motif: atom1 name is aroC
protocols.motifs.Motif: atom2 name is aroC
protocols.motifs.Motif: atom3 name is aroC
protocols.motifs.Motif: Res1 name is TYR
protocols.motifs.Motif: atom1 name is aroC
protocols.motifs.Motif: atom2 name is aroC
protocols.motifs.Motif: atom3 name is Ntrp
protocols.motifs.Motif: Res1 name is LEU
protocols.motifs.Motif: atom1 name is aroC
protocols.motifs.Motif: atom2 name is aroC
protocols.motifs.Motif: atom3 name is F
core.pack.task: Packer task: initialize from command line() 
core.pack.task: Packer task: initialize from command line() 
core.pack.task: Packer task: initialize from command line() 
protocols.moves.MonteCarlo: MonteCarlo:: last_accepted_score,lowest_score: -1073.39 -1074.18
protocols.motifs.Motif: Res1 name is LEU
protocols.motifs.Motif: atom1 name is aroC
protocols.motifs.Motif: atom2 name is aroC
protocols.motifs.Motif: atom3 name is aroC
protocols.motifs.Motif: Res1 name is ASP
protocols.motifs.Motif: atom1 name is aroC
protocols.motifs.Motif: atom2 name is aroC
protocols.motifs.Motif: atom3 name is aroC
core.pack.task: Packer task: initialize from command line() 
core.pack.task: Packer task: initialize from command line() 
core.pack.task: Packer task: initialize from command line() 
protocols.moves.MonteCarlo: MonteCarlo:: last_accepted_score,lowest_score: -1074.95 -1074.96
protocols.motifs.Motif: Res1 name is LEU
protocols.motifs.Motif: atom1 name is aroC
protocols.motifs.Motif: atom2 name is aroC
protocols.motifs.Motif: atom3 name is Ntrp
protocols.motifs.Motif: Res1 name is TYR
protocols.motifs.Motif: atom1 name is Ntrp
protocols.motifs.Motif: atom2 name is COO
protocols.motifs.Motif: atom3 name is ONH2
protocols.motifs.Motif: Res1 name is LEU
protocols.motifs.Motif: atom1 name is aroC
protocols.motifs.Motif: atom2 name is aroC
protocols.motifs.Motif: atom3 name is aroC
protocols.motifs.Motif: Res1 name is PHE
protocols.motifs.Motif: atom1 name is aroC
protocols.motifs.Motif: atom2 name is aroC
protocols.motifs.Motif: atom3 name is F
core.pack.task: Packer task: initialize from command line() 
core.pack.task: Packer task: initialize from command line() 
core.pack.task: Packer task: initialize from command line() 
protocols.moves.MonteCarlo: MonteCarlo:: last_accepted_score,lowest_score: -1072.44 -1072.44
protocols.motifs.Motif: Res1 name is LEU
protocols.motifs.Motif: atom1 name is aroC
protocols.motifs.Motif: atom2 name is COO
protocols.motifs.Motif: atom3 name is ONH2
protocols.motifs.Motif: Res1 name is LEU
protocols.motifs.Motif: atom1 name is aroC
protocols.motifs.Motif: atom2 name is aroC
protocols.motifs.Motif: atom3 name is F
protocols.motifs.Motif: Res1 name is PHE
protocols.motifs.Motif: atom1 name is aroC
protocols.motifs.Motif: atom2 name is aroC
protocols.motifs.Motif: atom3 name is F
core.pack.task: Packer task: initialize from command line() 
core.pack.task: Packer task: initialize from command line() 
core.pack.task: Packer task: initialize from command line() 
protocols.moves.MonteCarlo: MonteCarlo:: last_accepted_score,lowest_score: -1076.01 -1078.44
protocols.motifs.Motif: Res1 name is LEU
protocols.motifs.Motif: atom1 name is aroC
protocols.motifs.Motif: atom2 name is aroC
protocols.motifs.Motif: atom3 name is Ntrp
protocols.motifs.Motif: Res1 name is VAL
protocols.motifs.Motif: atom1 name is Ntrp
protocols.motifs.Motif: atom2 name is COO
protocols.motifs.Motif: atom3 name is ONH2
protocols.motifs.Motif: Res1 name is TYR
protocols.motifs.Motif: atom1 name is aroC
protocols.motifs.Motif: atom2 name is aroC
protocols.motifs.Motif: atom3 name is F
protocols.motifs.Motif: Res1 name is LEU
protocols.motifs.Motif: atom1 name is aroC
protocols.motifs.Motif: atom2 name is aroC
protocols.motifs.Motif: atom3 name is aroC
protocols.motifs.Motif: Res1 name is PHE
protocols.motifs.Motif: atom1 name is Ntrp
protocols.motifs.Motif: atom2 name is COO
protocols.motifs.Motif: atom3 name is ONH2
core.pack.task: Packer task: initialize from command line() 
core.pack.task: Packer task: initialize from command line() 
core.pack.task: Packer task: initialize from command line() 
protocols.moves.MonteCarlo: MonteCarlo:: last_accepted_score,lowest_score: -1071.04 -1071.04
protocols.motifs.Motif: Res1 name is LEU
protocols.motifs.Motif: atom1 name is aroC
protocols.motifs.Motif: atom2 name is aroC
protocols.motifs.Motif: atom3 name is aroC
protocols.motifs.Motif: Res1 name is TYR
protocols.motifs.Motif: atom1 name is aroC
protocols.motifs.Motif: atom2 name is aroC
protocols.motifs.Motif: atom3 name is Ntrp
protocols.motifs.Motif: Res1 name is LEU
protocols.motifs.Motif: atom1 name is aroC
protocols.motifs.Motif: atom2 name is aroC
protocols.motifs.Motif: atom3 name is F
core.pack.task: Packer task: initialize from command line() 
core.pack.task: Packer task: initialize from command line() 
core.pack.task: Packer task: initialize from command line() 
protocols.moves.MonteCarlo: MonteCarlo:: last_accepted_score,lowest_score: -1074.72 -1074.72
protocols.motifs.Motif: Res1 name is LEU
protocols.motifs.Motif: atom1 name is aroC
protocols.motifs.Motif: atom2 name is aroC
protocols.motifs.Motif: atom3 name is Ntrp
protocols.motifs.Motif: Res1 name is TYR
protocols.motifs.Motif: atom1 name is Ntrp
protocols.motifs.Motif: atom2 name is COO
protocols.motifs.Motif: atom3 name is ONH2
protocols.motifs.Motif: Res1 name is ASN
protocols.motifs.Motif: atom1 name is NH2O
protocols.motifs.Motif: atom2 name is COO
protocols.motifs.Motif: atom3 name is ONH2
protocols.motifs.Motif: Res1 name is LEU
protocols.motifs.Motif: atom1 name is aroC
protocols.motifs.Motif: atom2 name is aroC
protocols.motifs.Motif: atom3 name is aroC
core.pack.task: Packer task: initialize from command line() 
core.pack.task: Packer task: initialize from command line() 
core.pack.task: Packer task: initialize from command line() 
protocols.moves.MonteCarlo: MonteCarlo:: last_accepted_score,lowest_score: -1069.53 -1069.53
protocols.motifs.Motif: Res1 name is LEU
protocols.motifs.Motif: atom1 name is aroC
protocols.motifs.Motif: atom2 name is aroC
protocols.motifs.Motif: atom3 name is Ntrp
protocols.motifs.Motif: Res1 name is ASN
protocols.motifs.Motif: atom1 name is NH2O
protocols.motifs.Motif: atom2 name is COO
protocols.motifs.Motif: atom3 name is ONH2
core.pack.task: Packer task: initialize from command line() 
core.pack.task: Packer task: initialize from command line() 
core.pack.task: Packer task: initialize from command line() 
protocols.moves.MonteCarlo: MonteCarlo:: last_accepted_score,lowest_score: -1074.73 -1074.73
protocols.motifs.Motif: Res1 name is LEU
protocols.motifs.Motif: atom1 name is CH3
protocols.motifs.Motif: atom2 name is aroC
protocols.motifs.Motif: atom3 name is aroC
protocols.motifs.Motif: Res1 name is TYR
protocols.motifs.Motif: atom1 name is Ntrp
protocols.motifs.Motif: atom2 name is COO
protocols.motifs.Motif: atom3 name is ONH2
protocols.motifs.Motif: Res1 name is LEU
protocols.motifs.Motif: atom1 name is aroC
protocols.motifs.Motif: atom2 name is aroC
protocols.motifs.Motif: atom3 name is aroC
protocols.motifs.Motif: Res1 name is PHE
protocols.motifs.Motif: atom1 name is aroC
protocols.motifs.Motif: atom2 name is aroC
protocols.motifs.Motif: atom3 name is aroC
core.pack.task: Packer task: initialize from command line() 
core.pack.task: Packer task: initialize from command line() 
core.pack.task: Packer task: initialize from command line() 
protocols.moves.MonteCarlo: MonteCarlo:: last_accepted_score,lowest_score: -1040.69 -1040.69
protocols.motifs.Motif: Res1 name is LEU
protocols.motifs.Motif: atom1 name is Ntrp
protocols.motifs.Motif: atom2 name is COO
protocols.motifs.Motif: atom3 name is ONH2
protocols.motifs.Motif: Res1 name is LEU
protocols.motifs.Motif: atom1 name is aroC
protocols.motifs.Motif: atom2 name is aroC
protocols.motifs.Motif: atom3 name is aroC
protocols.motifs.Motif: Res1 name is PHE
protocols.motifs.Motif: atom1 name is Ntrp
protocols.motifs.Motif: atom2 name is COO
protocols.motifs.Motif: atom3 name is ONH2
core.pack.task: Packer task: initialize from command line() 
core.pack.task: Packer task: initialize from command line() 
core.pack.task: Packer task: initialize from command line() 
protocols.moves.MonteCarlo: MonteCarlo:: last_accepted_score,lowest_score: -1079.73 -1079.73
protocols.motifs.Motif: Res1 name is LEU
protocols.motifs.Motif: atom1 name is Ntrp
protocols.motifs.Motif: atom2 name is COO
protocols.motifs.Motif: atom3 name is ONH2
protocols.motifs.Motif: Res1 name is VAL
protocols.motifs.Motif: atom1 name is aroC
protocols.motifs.Motif: atom2 name is aroC
protocols.motifs.Motif: atom3 name is Ntrp
protocols.motifs.Motif: Res1 name is TYR
protocols.motifs.Motif: atom1 name is NH2O
protocols.motifs.Motif: atom2 name is COO
protocols.motifs.Motif: atom3 name is ONH2
protocols.motifs.Motif: Res1 name is LEU
protocols.motifs.Motif: atom1 name is aroC
protocols.motifs.Motif: atom2 name is aroC
protocols.motifs.Motif: atom3 name is aroC
protocols.motifs.Motif: Res1 name is CYS
protocols.motifs.Motif: atom1 name is aroC
protocols.motifs.Motif: atom2 name is aroC
protocols.motifs.Motif: atom3 name is aroC
protocols.motifs.Motif: Res1 name is PHE
protocols.motifs.Motif: atom1 name is Ntrp
protocols.motifs.Motif: atom2 name is COO
protocols.motifs.Motif: atom3 name is ONH2
core.pack.task: Packer task: initialize from command line() 
core.pack.task: Packer task: initialize from command line() 
core.pack.task: Packer task: initialize from command line() 
protocols.moves.MonteCarlo: MonteCarlo:: last_accepted_score,lowest_score: -1077.35 -1077.49
protocols.motifs.Motif: Res1 name is LEU
protocols.motifs.Motif: atom1 name is CH3
protocols.motifs.Motif: atom2 name is aroC
protocols.motifs.Motif: atom3 name is aroC
protocols.motifs.Motif: Res1 name is TYR
protocols.motifs.Motif: atom1 name is Ntrp
protocols.motifs.Motif: atom2 name is COO
protocols.motifs.Motif: atom3 name is ONH2
protocols.motifs.Motif: Res1 name is LEU
protocols.motifs.Motif: atom1 name is aroC
protocols.motifs.Motif: atom2 name is aroC
protocols.motifs.Motif: atom3 name is Ntrp
core.pack.task: Packer task: initialize from command line() 
core.pack.task: Packer task: initialize from command line() 
core.pack.task: Packer task: initialize from command line() 
protocols.moves.MonteCarlo: MonteCarlo:: last_accepted_score,lowest_score: -1072.85 -1072.85
protocols.motifs.Motif: Res1 name is LEU
protocols.motifs.Motif: atom1 name is aroC
protocols.motifs.Motif: atom2 name is aroC
protocols.motifs.Motif: atom3 name is Ntrp
protocols.motifs.Motif: Res1 name is TYR
protocols.motifs.Motif: atom1 name is Ntrp
protocols.motifs.Motif: atom2 name is COO
protocols.motifs.Motif: atom3 name is ONH2
protocols.motifs.Motif: Res1 name is LEU
protocols.motifs.Motif: atom1 name is aroC
protocols.motifs.Motif: atom2 name is aroC
protocols.motifs.Motif: atom3 name is F
core.pack.task: Packer task: initialize from command line() 
core.pack.task: Packer task: initialize from command line() 
core.pack.task: Packer task: initialize from command line() 
protocols.moves.MonteCarlo: MonteCarlo:: last_accepted_score,lowest_score: -1077.5 -1077.5
protocols.motifs.Motif: Res1 name is LEU
protocols.motifs.Motif: atom1 name is CH3
protocols.motifs.Motif: atom2 name is aroC
protocols.motifs.Motif: atom3 name is aroC
protocols.motifs.Motif: Res1 name is TYR
protocols.motifs.Motif: atom1 name is Ntrp
protocols.motifs.Motif: atom2 name is COO
protocols.motifs.Motif: atom3 name is ONH2
protocols.motifs.Motif: Res1 name is LEU
protocols.motifs.Motif: atom1 name is aroC
protocols.motifs.Motif: atom2 name is aroC
protocols.motifs.Motif: atom3 name is aroC
core.pack.task: Packer task: initialize from command line() 
core.pack.task: Packer task: initialize from command line() 
core.pack.task: Packer task: initialize from command line() 
protocols.moves.MonteCarlo: MonteCarlo:: last_accepted_score,lowest_score: -1071.8 -1071.97
protocols.motifs.Motif: Res1 name is LYS
protocols.motifs.Motif: atom1 name is Ntrp
protocols.motifs.Motif: atom2 name is COO
protocols.motifs.Motif: atom3 name is ONH2
protocols.motifs.Motif: Res1 name is LEU
protocols.motifs.Motif: atom1 name is Ntrp
protocols.motifs.Motif: atom2 name is COO
protocols.motifs.Motif: atom3 name is ONH2
protocols.motifs.Motif: Res1 name is TYR
protocols.motifs.Motif: atom1 name is Ntrp
protocols.motifs.Motif: atom2 name is COO
protocols.motifs.Motif: atom3 name is ONH2
core.pack.task: Packer task: initialize from command line() 
core.pack.task: Packer task: initialize from command line() 
core.pack.task: Packer task: initialize from command line() 
protocols.moves.MonteCarlo: MonteCarlo:: last_accepted_score,lowest_score: -1078.96 -1078.96
protocols.motifs.Motif: Res1 name is LEU
protocols.motifs.Motif: atom1 name is Ntrp
protocols.motifs.Motif: atom2 name is COO
protocols.motifs.Motif: atom3 name is ONH2
protocols.motifs.Motif: Res1 name is VAL
protocols.motifs.Motif: atom1 name is aroC
protocols.motifs.Motif: atom2 name is aroC
protocols.motifs.Motif: atom3 name is Ntrp
protocols.motifs.Motif: Res1 name is TYR
protocols.motifs.Motif: atom1 name is NH2O
protocols.motifs.Motif: atom2 name is COO
protocols.motifs.Motif: atom3 name is ONH2
protocols.motifs.Motif: Res1 name is LEU
protocols.motifs.Motif: atom1 name is aroC
protocols.motifs.Motif: atom2 name is aroC
protocols.motifs.Motif: atom3 name is aroC
protocols.motifs.Motif: Res1 name is CYS
protocols.motifs.Motif: atom1 name is aroC
protocols.motifs.Motif: atom2 name is aroC
protocols.motifs.Motif: atom3 name is aroC
protocols.motifs.Motif: Res1 name is PHE
protocols.motifs.Motif: atom1 name is Ntrp
protocols.motifs.Motif: atom2 name is COO
protocols.motifs.Motif: atom3 name is ONH2
core.pack.task: Packer task: initialize from command line() 
core.pack.task: Packer task: initialize from command line() 
core.pack.task: Packer task: initialize from command line() 
protocols.moves.MonteCarlo: MonteCarlo:: last_accepted_score,lowest_score: -1072.7 -1072.7
protocols.motifs.Motif: Res1 name is LEU
protocols.motifs.Motif: atom1 name is aroC
protocols.motifs.Motif: atom2 name is aroC
protocols.motifs.Motif: atom3 name is Ntrp
protocols.motifs.Motif: Res1 name is VAL
protocols.motifs.Motif: atom1 name is aroC
protocols.motifs.Motif: atom2 name is aroC
protocols.motifs.Motif: atom3 name is Ntrp
protocols.motifs.Motif: Res1 name is LEU
protocols.motifs.Motif: atom1 name is aroC
protocols.motifs.Motif: atom2 name is aroC
protocols.motifs.Motif: atom3 name is aroC
protocols.motifs.Motif: Res1 name is PHE
protocols.motifs.Motif: atom1 name is Ntrp
protocols.motifs.Motif: atom2 name is COO
protocols.motifs.Motif: atom3 name is ONH2
core.pack.task: Packer task: initialize from command line() 
core.pack.task: Packer task: initialize from command line() 
core.pack.task: Packer task: initialize from command line() 
protocols.moves.MonteCarlo: MonteCarlo:: last_accepted_score,lowest_score: -1082.03 -1082.03
protocols.motifs.Motif: Res1 name is LEU
protocols.motifs.Motif: atom1 name is CH3
protocols.motifs.Motif: atom2 name is aroC
protocols.motifs.Motif: atom3 name is aroC
protocols.motifs.Motif: Res1 name is VAL
protocols.motifs.Motif: atom1 name is aroC
protocols.motifs.Motif: atom2 name is aroC
protocols.motifs.Motif: atom3 name is F
protocols.motifs.Motif: Res1 name is ALA
protocols.motifs.Motif: atom1 name is Ntrp
protocols.motifs.Motif: atom2 name is COO
protocols.motifs.Motif: atom3 name is ONH2
protocols.motifs.Motif: Res1 name is TYR
protocols.motifs.Motif: atom1 name is Ntrp
protocols.motifs.Motif: atom2 name is COO
protocols.motifs.Motif: atom3 name is ONH2
protocols.motifs.Motif: Res1 name is LEU
protocols.motifs.Motif: atom1 name is aroC
protocols.motifs.Motif: atom2 name is aroC
protocols.motifs.Motif: atom3 name is COO
protocols.motifs.Motif: Res1 name is CYS
protocols.motifs.Motif: atom1 name is aroC
protocols.motifs.Motif: atom2 name is aroC
protocols.motifs.Motif: atom3 name is aroC
protocols.motifs.Motif: Res1 name is PHE
protocols.motifs.Motif: atom1 name is aroC
protocols.motifs.Motif: atom2 name is aroC
protocols.motifs.Motif: atom3 name is F
core.pack.task: Packer task: initialize from command line() 
core.pack.task: Packer task: initialize from command line() 
core.pack.task: Packer task: initialize from command line() 
protocols.moves.MonteCarlo: MonteCarlo:: last_accepted_score,lowest_score: -1076.92 -1078.1
protocols.motifs.Motif: Res1 name is LEU
protocols.motifs.Motif: atom1 name is CH3
protocols.motifs.Motif: atom2 name is aroC
protocols.motifs.Motif: atom3 name is aroC
protocols.motifs.Motif: Res1 name is VAL
protocols.motifs.Motif: atom1 name is aroC
protocols.motifs.Motif: atom2 name is aroC
protocols.motifs.Motif: atom3 name is aroC
protocols.motifs.Motif: Res1 name is TYR
protocols.motifs.Motif: atom1 name is Ntrp
protocols.motifs.Motif: atom2 name is COO
protocols.motifs.Motif: atom3 name is ONH2
protocols.motifs.Motif: Res1 name is LEU
protocols.motifs.Motif: atom1 name is aroC
protocols.motifs.Motif: atom2 name is aroC
protocols.motifs.Motif: atom3 name is Ntrp
protocols.motifs.Motif: Res1 name is PHE
protocols.motifs.Motif: atom1 name is aroC
protocols.motifs.Motif: atom2 name is aroC
protocols.motifs.Motif: atom3 name is aroC
core.pack.task: Packer task: initialize from command line() 
core.pack.task: Packer task: initialize from command line() 
core.pack.task: Packer task: initialize from command line() 
protocols.moves.MonteCarlo: MonteCarlo:: last_accepted_score,lowest_score: -1076.83 -1076.83
protocols.motifs.Motif: Res1 name is LEU
protocols.motifs.Motif: atom1 name is CH3
protocols.motifs.Motif: atom2 name is aroC
protocols.motifs.Motif: atom3 name is aroC
protocols.motifs.Motif: Res1 name is VAL
protocols.motifs.Motif: atom1 name is aroC
protocols.motifs.Motif: atom2 name is aroC
protocols.motifs.Motif: atom3 name is F
protocols.motifs.Motif: Res1 name is TYR
protocols.motifs.Motif: atom1 name is Ntrp
protocols.motifs.Motif: atom2 name is COO
protocols.motifs.Motif: atom3 name is ONH2
protocols.motifs.Motif: Res1 name is LEU
protocols.motifs.Motif: atom1 name is aroC
protocols.motifs.Motif: atom2 name is aroC
protocols.motifs.Motif: atom3 name is aroC
protocols.motifs.Motif: Res1 name is PHE
protocols.motifs.Motif: atom1 name is aroC
protocols.motifs.Motif: atom2 name is aroC
protocols.motifs.Motif: atom3 name is aroC
core.pack.task: Packer task: initialize from command line() 
core.pack.task: Packer task: initialize from command line() 
core.pack.task: Packer task: initialize from command line() 
protocols.moves.MonteCarlo: MonteCarlo:: last_accepted_score,lowest_score: -1068.78 -1068.95
protocols.motifs.Motif: Res1 name is LYS
protocols.motifs.Motif: atom1 name is NH2O
protocols.motifs.Motif: atom2 name is COO
protocols.motifs.Motif: atom3 name is ONH2
protocols.motifs.Motif: Res1 name is ASP
protocols.motifs.Motif: atom1 name is aroC
protocols.motifs.Motif: atom2 name is aroC
protocols.motifs.Motif: atom3 name is aroC
protocols.motifs.Motif: Res1 name is PHE
protocols.motifs.Motif: atom1 name is aroC
protocols.motifs.Motif: atom2 name is aroC
protocols.motifs.Motif: atom3 name is aroC
core.pack.task: Packer task: initialize from command line() 
core.pack.task: Packer task: initialize from command line() 
core.pack.task: Packer task: initialize from command line() 
protocols.moves.MonteCarlo: MonteCarlo:: last_accepted_score,lowest_score: -1074.6 -1074.6
protocols.motifs.Motif: Res1 name is LEU
protocols.motifs.Motif: atom1 name is aroC
protocols.motifs.Motif: atom2 name is aroC
protocols.motifs.Motif: atom3 name is Ntrp
protocols.motifs.Motif: Res1 name is TYR
protocols.motifs.Motif: atom1 name is Ntrp
protocols.motifs.Motif: atom2 name is COO
protocols.motifs.Motif: atom3 name is ONH2
protocols.motifs.Motif: Res1 name is ASP
protocols.motifs.Motif: atom1 name is NH2O
protocols.motifs.Motif: atom2 name is COO
protocols.motifs.Motif: atom3 name is ONH2
protocols.motifs.Motif: Res1 name is ASN
protocols.motifs.Motif: atom1 name is NH2O
protocols.motifs.Motif: atom2 name is COO
protocols.motifs.Motif: atom3 name is ONH2
protocols.motifs.Motif: Res1 name is LEU
protocols.motifs.Motif: atom1 name is aroC
protocols.motifs.Motif: atom2 name is aroC
protocols.motifs.Motif: atom3 name is aroC
protocols.motifs.Motif: Res1 name is PHE
protocols.motifs.Motif: atom1 name is CH3
protocols.motifs.Motif: atom2 name is aroC
protocols.motifs.Motif: atom3 name is aroC
core.pack.task: Packer task: initialize from command line() 
core.pack.task: Packer task: initialize from command line() 
core.pack.task: Packer task: initialize from command line() 
protocols.moves.MonteCarlo: MonteCarlo:: last_accepted_score,lowest_score: -1076 -1076
protocols.motifs.Motif: Res1 name is LEU
protocols.motifs.Motif: atom1 name is aroC
protocols.motifs.Motif: atom2 name is aroC
protocols.motifs.Motif: atom3 name is aroC
protocols.motifs.Motif: Res1 name is TYR
protocols.motifs.Motif: atom1 name is aroC
protocols.motifs.Motif: atom2 name is aroC
protocols.motifs.Motif: atom3 name is Ntrp
protocols.motifs.Motif: Res1 name is LEU
protocols.motifs.Motif: atom1 name is aroC
protocols.motifs.Motif: atom2 name is aroC
protocols.motifs.Motif: atom3 name is F
protocols.motifs.Motif: Res1 name is PHE
protocols.motifs.Motif: atom1 name is CH3
protocols.motifs.Motif: atom2 name is aroC
protocols.motifs.Motif: atom3 name is aroC
core.pack.task: Packer task: initialize from command line() 
core.pack.task: Packer task: initialize from command line() 
core.pack.task: Packer task: initialize from command line() 
protocols.moves.MonteCarlo: MonteCarlo:: last_accepted_score,lowest_score: -1078.77 -1078.77
protocols.motifs.Motif: Res1 name is LEU
protocols.motifs.Motif: atom1 name is CH3
protocols.motifs.Motif: atom2 name is aroC
protocols.motifs.Motif: atom3 name is aroC
protocols.motifs.Motif: Res1 name is VAL
protocols.motifs.Motif: atom1 name is aroC
protocols.motifs.Motif: atom2 name is aroC
protocols.motifs.Motif: atom3 name is F
protocols.motifs.Motif: Res1 name is TYR
protocols.motifs.Motif: atom1 name is Ntrp
protocols.motifs.Motif: atom2 name is COO
protocols.motifs.Motif: atom3 name is ONH2
protocols.motifs.Motif: Res1 name is LEU
protocols.motifs.Motif: atom1 name is aroC
protocols.motifs.Motif: atom2 name is aroC
protocols.motifs.Motif: atom3 name is Ntrp
protocols.motifs.Motif: Res1 name is CYS
protocols.motifs.Motif: atom1 name is aroC
protocols.motifs.Motif: atom2 name is aroC
protocols.motifs.Motif: atom3 name is aroC
protocols.motifs.Motif: Res1 name is PHE
protocols.motifs.Motif: atom1 name is aroC
protocols.motifs.Motif: atom2 name is aroC
protocols.motifs.Motif: atom3 name is F
core.pack.task: Packer task: initialize from command line() 
core.pack.task: Packer task: initialize from command line() 
core.pack.task: Packer task: initialize from command line() 
protocols.moves.MonteCarlo: MonteCarlo:: last_accepted_score,lowest_score: -1072.89 -1073.91
protocols.motifs.Motif: Res1 name is LEU
protocols.motifs.Motif: atom1 name is Ntrp
protocols.motifs.Motif: atom2 name is COO
protocols.motifs.Motif: atom3 name is ONH2
protocols.motifs.Motif: Res1 name is MET
protocols.motifs.Motif: atom1 name is NH2O
protocols.motifs.Motif: atom2 name is COO
protocols.motifs.Motif: atom3 name is ONH2
protocols.motifs.Motif: Res1 name is GLU
protocols.motifs.Motif: atom1 name is CH3
protocols.motifs.Motif: atom2 name is aroC
protocols.motifs.Motif: atom3 name is Ntrp
core.pack.task: Packer task: initialize from command line() 
core.pack.task: Packer task: initialize from command line() 
core.pack.task: Packer task: initialize from command line() 
protocols.moves.MonteCarlo: MonteCarlo:: last_accepted_score,lowest_score: -1076.86 -1077.02
protocols.motifs.Motif: Res1 name is LEU
protocols.motifs.Motif: atom1 name is aroC
protocols.motifs.Motif: atom2 name is aroC
protocols.motifs.Motif: atom3 name is Ntrp
protocols.motifs.Motif: Res1 name is TYR
protocols.motifs.Motif: atom1 name is aroC
protocols.motifs.Motif: atom2 name is aroC
protocols.motifs.Motif: atom3 name is F
protocols.motifs.Motif: Res1 name is PHE
protocols.motifs.Motif: atom1 name is Ntrp
protocols.motifs.Motif: atom2 name is COO
protocols.motifs.Motif: atom3 name is ONH2
core.pack.task: Packer task: initialize from command line() 
core.pack.task: Packer task: initialize from command line() 
core.pack.task: Packer task: initialize from command line() 
protocols.moves.MonteCarlo: MonteCarlo:: last_accepted_score,lowest_score: -1072.19 -1072.74
protocols.motifs.Motif: Res1 name is LYS
protocols.motifs.Motif: atom1 name is CH3
protocols.motifs.Motif: atom2 name is aroC
protocols.motifs.Motif: atom3 name is aroC
protocols.motifs.Motif: Res1 name is LEU
protocols.motifs.Motif: atom1 name is aroC
protocols.motifs.Motif: atom2 name is aroC
protocols.motifs.Motif: atom3 name is F
protocols.motifs.Motif: Res1 name is TYR
protocols.motifs.Motif: atom1 name is CH3
protocols.motifs.Motif: atom2 name is aroC
protocols.motifs.Motif: atom3 name is aroC
protocols.motifs.Motif: Res1 name is GLU
protocols.motifs.Motif: atom1 name is NH2O
protocols.motifs.Motif: atom2 name is COO
protocols.motifs.Motif: atom3 name is ONH2
core.pack.task: Packer task: initialize from command line() 
core.pack.task: Packer task: initialize from command line() 
core.pack.task: Packer task: initialize from command line() 
protocols.moves.MonteCarlo: MonteCarlo:: last_accepted_score,lowest_score: -1030.18 -1030.18
protocols.motifs.Motif: Res1 name is LEU
protocols.motifs.Motif: atom1 name is CH3
protocols.motifs.Motif: atom2 name is aroC
protocols.motifs.Motif: atom3 name is Ntrp
protocols.motifs.Motif: Res1 name is TYR
protocols.motifs.Motif: atom1 name is aroC
protocols.motifs.Motif: atom2 name is aroC
protocols.motifs.Motif: atom3 name is F
protocols.motifs.Motif: Res1 name is LEU
protocols.motifs.Motif: atom1 name is aroC
protocols.motifs.Motif: atom2 name is aroC
protocols.motifs.Motif: atom3 name is Ntrp
protocols.motifs.Motif: Res1 name is PHE
protocols.motifs.Motif: atom1 name is Ntrp
protocols.motifs.Motif: atom2 name is COO
protocols.motifs.Motif: atom3 name is ONH2
core.pack.task: Packer task: initialize from command line() 
core.pack.task: Packer task: initialize from command line() 
core.pack.task: Packer task: initialize from command line() 
protocols.moves.MonteCarlo: MonteCarlo:: last_accepted_score,lowest_score: -1072.8 -1072.88
protocols.motifs.Motif: Res1 name is LEU
protocols.motifs.Motif: atom1 name is Ntrp
protocols.motifs.Motif: atom2 name is COO
protocols.motifs.Motif: atom3 name is ONH2
protocols.motifs.Motif: Res1 name is TYR
protocols.motifs.Motif: atom1 name is aroC
protocols.motifs.Motif: atom2 name is aroC
protocols.motifs.Motif: atom3 name is F
protocols.motifs.Motif: Res1 name is LEU
protocols.motifs.Motif: atom1 name is aroC
protocols.motifs.Motif: atom2 name is aroC
protocols.motifs.Motif: atom3 name is Ntrp
protocols.motifs.Motif: Res1 name is PHE
protocols.motifs.Motif: atom1 name is Ntrp
protocols.motifs.Motif: atom2 name is COO
protocols.motifs.Motif: atom3 name is ONH2
core.pack.task: Packer task: initialize from command line() 
core.pack.task: Packer task: initialize from command line() 
core.pack.task: Packer task: initialize from command line() 
protocols.moves.MonteCarlo: MonteCarlo:: last_accepted_score,lowest_score: -1075.8 -1075.8
protocols.motifs.Motif: Res1 name is LEU
protocols.motifs.Motif: atom1 name is aroC
protocols.motifs.Motif: atom2 name is aroC
protocols.motifs.Motif: atom3 name is Ntrp
protocols.motifs.Motif: Res1 name is TYR
protocols.motifs.Motif: atom1 name is Ntrp
protocols.motifs.Motif: atom2 name is COO
protocols.motifs.Motif: atom3 name is ONH2
protocols.motifs.Motif: Res1 name is LEU
protocols.motifs.Motif: atom1 name is aroC
protocols.motifs.Motif: atom2 name is aroC
protocols.motifs.Motif: atom3 name is aroC
core.pack.task: Packer task: initialize from command line() 
core.pack.task: Packer task: initialize from command line() 
core.pack.task: Packer task: initialize from command line() 
protocols.moves.MonteCarlo: MonteCarlo:: last_accepted_score,lowest_score: -1070.26 -1070.26
protocols.motifs.Motif: Res1 name is LEU
protocols.motifs.Motif: atom1 name is aroC
protocols.motifs.Motif: atom2 name is aroC
protocols.motifs.Motif: atom3 name is F
protocols.motifs.Motif: Res1 name is ASP
protocols.motifs.Motif: atom1 name is Ntrp
protocols.motifs.Motif: atom2 name is COO
protocols.motifs.Motif: atom3 name is ONH2
protocols.motifs.Motif: Res1 name is ASN
protocols.motifs.Motif: atom1 name is CH3
protocols.motifs.Motif: atom2 name is aroC
protocols.motifs.Motif: atom3 name is Ntrp
core.pack.task: Packer task: initialize from command line() 
core.pack.task: Packer task: initialize from command line() 
core.pack.task: Packer task: initialize from command line() 
protocols.moves.MonteCarlo: MonteCarlo:: last_accepted_score,lowest_score: -1078.24 -1078.24
protocols.motifs.Motif: Res1 name is LEU
protocols.motifs.Motif: atom1 name is CH3
protocols.motifs.Motif: atom2 name is aroC
protocols.motifs.Motif: atom3 name is aroC
protocols.motifs.Motif: Res1 name is VAL
protocols.motifs.Motif: atom1 name is aroC
protocols.motifs.Motif: atom2 name is aroC
protocols.motifs.Motif: atom3 name is aroC
protocols.motifs.Motif: Res1 name is ALA
protocols.motifs.Motif: atom1 name is aroC
protocols.motifs.Motif: atom2 name is aroC
protocols.motifs.Motif: atom3 name is Ntrp
protocols.motifs.Motif: Res1 name is TYR
protocols.motifs.Motif: atom1 name is Ntrp
protocols.motifs.Motif: atom2 name is COO
protocols.motifs.Motif: atom3 name is ONH2
protocols.motifs.Motif: Res1 name is LEU
protocols.motifs.Motif: atom1 name is aroC
protocols.motifs.Motif: atom2 name is aroC
protocols.motifs.Motif: atom3 name is COO
protocols.motifs.Motif: Res1 name is CYS
protocols.motifs.Motif: atom1 name is aroC
protocols.motifs.Motif: atom2 name is aroC
protocols.motifs.Motif: atom3 name is F
protocols.motifs.Motif: Res1 name is PHE
protocols.motifs.Motif: atom1 name is aroC
protocols.motifs.Motif: atom2 name is aroC
protocols.motifs.Motif: atom3 name is aroC
core.pack.task: Packer task: initialize from command line() 
core.pack.task: Packer task: initialize from command line() 
core.pack.task: Packer task: initialize from command line() 
protocols.moves.MonteCarlo: MonteCarlo:: last_accepted_score,lowest_score: -1072.85 -1072.85
protocols.motifs.Motif: Res1 name is LEU
protocols.motifs.Motif: atom1 name is Ntrp
protocols.motifs.Motif: atom2 name is COO
protocols.motifs.Motif: atom3 name is ONH2
protocols.motifs.Motif: Res1 name is TYR
protocols.motifs.Motif: atom1 name is aroC
protocols.motifs.Motif: atom2 name is aroC
protocols.motifs.Motif: atom3 name is F
protocols.motifs.Motif: Res1 name is LEU
protocols.motifs.Motif: atom1 name is aroC
protocols.motifs.Motif: atom2 name is aroC
protocols.motifs.Motif: atom3 name is aroC
protocols.motifs.Motif: Res1 name is PHE
protocols.motifs.Motif: atom1 name is Ntrp
protocols.motifs.Motif: atom2 name is COO
protocols.motifs.Motif: atom3 name is ONH2
core.pack.task: Packer task: initialize from command line() 
core.pack.task: Packer task: initialize from command line() 
core.pack.task: Packer task: initialize from command line() 
protocols.moves.MonteCarlo: MonteCarlo:: last_accepted_score,lowest_score: -1073.32 -1073.32
protocols.motifs.Motif: Res1 name is LEU
protocols.motifs.Motif: atom1 name is aroC
protocols.motifs.Motif: atom2 name is aroC
protocols.motifs.Motif: atom3 name is Ntrp
protocols.motifs.Motif: Res1 name is TYR
protocols.motifs.Motif: atom1 name is aroC
protocols.motifs.Motif: atom2 name is aroC
protocols.motifs.Motif: atom3 name is F
protocols.motifs.Motif: Res1 name is ASN
protocols.motifs.Motif: atom1 name is NH2O
protocols.motifs.Motif: atom2 name is COO
protocols.motifs.Motif: atom3 name is ONH2
protocols.motifs.Motif: Res1 name is LEU
protocols.motifs.Motif: atom1 name is aroC
protocols.motifs.Motif: atom2 name is aroC
protocols.motifs.Motif: atom3 name is Ntrp
protocols.motifs.Motif: Res1 name is PHE
protocols.motifs.Motif: atom1 name is Ntrp
protocols.motifs.Motif: atom2 name is COO
protocols.motifs.Motif: atom3 name is ONH2
core.pack.task: Packer task: initialize from command line() 
core.pack.task: Packer task: initialize from command line() 
core.pack.task: Packer task: initialize from command line() 
protocols.moves.MonteCarlo: MonteCarlo:: last_accepted_score,lowest_score: -1073.03 -1073.68
protocols.motifs.Motif: Res1 name is LEU
protocols.motifs.Motif: atom1 name is Ntrp
protocols.motifs.Motif: atom2 name is COO
protocols.motifs.Motif: atom3 name is ONH2
protocols.motifs.Motif: Res1 name is TYR
protocols.motifs.Motif: atom1 name is aroC
protocols.motifs.Motif: atom2 name is aroC
protocols.motifs.Motif: atom3 name is F
protocols.motifs.Motif: Res1 name is ASN
protocols.motifs.Motif: atom1 name is NH2O
protocols.motifs.Motif: atom2 name is COO
protocols.motifs.Motif: atom3 name is ONH2
protocols.motifs.Motif: Res1 name is LEU
protocols.motifs.Motif: atom1 name is aroC
protocols.motifs.Motif: atom2 name is aroC
protocols.motifs.Motif: atom3 name is Ntrp
protocols.motifs.Motif: Res1 name is PHE
protocols.motifs.Motif: atom1 name is Ntrp
protocols.motifs.Motif: atom2 name is COO
protocols.motifs.Motif: atom3 name is ONH2
core.pack.task: Packer task: initialize from command line() 
core.pack.task: Packer task: initialize from command line() 
core.pack.task: Packer task: initialize from command line() 
protocols.moves.MonteCarlo: MonteCarlo:: last_accepted_score,lowest_score: -1073.87 -1073.87
protocols.motifs.Motif: Res1 name is LEU
protocols.motifs.Motif: atom1 name is Ntrp
protocols.motifs.Motif: atom2 name is COO
protocols.motifs.Motif: atom3 name is ONH2
protocols.motifs.Motif: Res1 name is TYR
protocols.motifs.Motif: atom1 name is aroC
protocols.motifs.Motif: atom2 name is aroC
protocols.motifs.Motif: atom3 name is F
protocols.motifs.Motif: Res1 name is ASN
protocols.motifs.Motif: atom1 name is NH2O
protocols.motifs.Motif: atom2 name is COO
protocols.motifs.Motif: atom3 name is ONH2
protocols.motifs.Motif: Res1 name is LEU
protocols.motifs.Motif: atom1 name is aroC
protocols.motifs.Motif: atom2 name is aroC
protocols.motifs.Motif: atom3 name is aroC
protocols.motifs.Motif: Res1 name is PHE
protocols.motifs.Motif: atom1 name is Ntrp
protocols.motifs.Motif: atom2 name is COO
protocols.motifs.Motif: atom3 name is ONH2
core.pack.task: Packer task: initialize from command line() 
core.pack.task: Packer task: initialize from command line() 
core.pack.task: Packer task: initialize from command line() 
protocols.moves.MonteCarlo: MonteCarlo:: last_accepted_score,lowest_score: -1073.91 -1073.91
protocols.motifs.Motif: Res1 name is LEU
protocols.motifs.Motif: atom1 name is Ntrp
protocols.motifs.Motif: atom2 name is COO
protocols.motifs.Motif: atom3 name is ONH2
protocols.motifs.Motif: Res1 name is LEU
protocols.motifs.Motif: atom1 name is aroC
protocols.motifs.Motif: atom2 name is aroC
protocols.motifs.Motif: atom3 name is aroC
protocols.motifs.Motif: Res1 name is PHE
protocols.motifs.Motif: atom1 name is Ntrp
protocols.motifs.Motif: atom2 name is COO
protocols.motifs.Motif: atom3 name is ONH2
core.pack.task: Packer task: initialize from command line() 
core.pack.task: Packer task: initialize from command line() 
core.pack.task: Packer task: initialize from command line() 
protocols.moves.MonteCarlo: MonteCarlo:: last_accepted_score,lowest_score: -1075.15 -1075.15
protocols.motifs.Motif: Res1 name is LEU
protocols.motifs.Motif: atom1 name is aroC
protocols.motifs.Motif: atom2 name is aroC
protocols.motifs.Motif: atom3 name is aroC
protocols.motifs.Motif: Res1 name is TYR
protocols.motifs.Motif: atom1 name is aroC
protocols.motifs.Motif: atom2 name is aroC
protocols.motifs.Motif: atom3 name is F
protocols.motifs.Motif: Res1 name is ASP
protocols.motifs.Motif: atom1 name is aroC
protocols.motifs.Motif: atom2 name is aroC
protocols.motifs.Motif: atom3 name is Ntrp
protocols.motifs.Motif: Res1 name is ASN
protocols.motifs.Motif: atom1 name is NH2O
protocols.motifs.Motif: atom2 name is COO
protocols.motifs.Motif: atom3 name is ONH2
protocols.motifs.Motif: Res1 name is PHE
protocols.motifs.Motif: atom1 name is Ntrp
protocols.motifs.Motif: atom2 name is COO
protocols.motifs.Motif: atom3 name is ONH2
core.pack.task: Packer task: initialize from command line() 
core.pack.task: Packer task: initialize from command line() 
core.pack.task: Packer task: initialize from command line() 
protocols.moves.MonteCarlo: MonteCarlo:: last_accepted_score,lowest_score: -1073.23 -1073.23
protocols.motifs.Motif: Res1 name is LEU
protocols.motifs.Motif: atom1 name is aroC
protocols.motifs.Motif: atom2 name is aroC
protocols.motifs.Motif: atom3 name is aroC
protocols.motifs.Motif: Res1 name is TYR
protocols.motifs.Motif: atom1 name is aroC
protocols.motifs.Motif: atom2 name is aroC
protocols.motifs.Motif: atom3 name is F
protocols.motifs.Motif: Res1 name is GLU
protocols.motifs.Motif: atom1 name is CH3
protocols.motifs.Motif: atom2 name is aroC
protocols.motifs.Motif: atom3 name is aroC
core.pack.task: Packer task: initialize from command line() 
core.pack.task: Packer task: initialize from command line() 
core.pack.task: Packer task: initialize from command line() 
protocols.moves.MonteCarlo: MonteCarlo:: last_accepted_score,lowest_score: -1076.74 -1076.79
protocols.motifs.Motif: Res1 name is LEU
protocols.motifs.Motif: atom1 name is aroC
protocols.motifs.Motif: atom2 name is aroC
protocols.motifs.Motif: atom3 name is Ntrp
protocols.motifs.Motif: Res1 name is TYR
protocols.motifs.Motif: atom1 name is Ntrp
protocols.motifs.Motif: atom2 name is COO
protocols.motifs.Motif: atom3 name is ONH2
protocols.motifs.Motif: Res1 name is ASP
protocols.motifs.Motif: atom1 name is NH2O
protocols.motifs.Motif: atom2 name is COO
protocols.motifs.Motif: atom3 name is ONH2
protocols.motifs.Motif: Res1 name is LEU
protocols.motifs.Motif: atom1 name is aroC
protocols.motifs.Motif: atom2 name is aroC
protocols.motifs.Motif: atom3 name is F
protocols.motifs.Motif: Res1 name is PHE
protocols.motifs.Motif: atom1 name is CH3
protocols.motifs.Motif: atom2 name is aroC
protocols.motifs.Motif: atom3 name is aroC
core.pack.task: Packer task: initialize from command line() 
core.pack.task: Packer task: initialize from command line() 
core.pack.task: Packer task: initialize from command line() 
protocols.moves.MonteCarlo: MonteCarlo:: last_accepted_score,lowest_score: -1072.03 -1072.29
protocols.motifs.Motif: Res1 name is LEU
protocols.motifs.Motif: atom1 name is Ntrp
protocols.motifs.Motif: atom2 name is COO
protocols.motifs.Motif: atom3 name is ONH2
protocols.motifs.Motif: Res1 name is TYR
protocols.motifs.Motif: atom1 name is aroC
protocols.motifs.Motif: atom2 name is aroC
protocols.motifs.Motif: atom3 name is F
protocols.motifs.Motif: Res1 name is LEU
protocols.motifs.Motif: atom1 name is aroC
protocols.motifs.Motif: atom2 name is aroC
protocols.motifs.Motif: atom3 name is aroC
core.pack.task: Packer task: initialize from command line() 
core.pack.task: Packer task: initialize from command line() 
core.pack.task: Packer task: initialize from command line() 
protocols.moves.MonteCarlo: MonteCarlo:: last_accepted_score,lowest_score: -1073.53 -1073.53
protocols.motifs.Motif: Res1 name is LYS
protocols.motifs.Motif: atom1 name is NH2O
protocols.motifs.Motif: atom2 name is COO
protocols.motifs.Motif: atom3 name is ONH2
protocols.motifs.Motif: Res1 name is LEU
protocols.motifs.Motif: atom1 name is Ntrp
protocols.motifs.Motif: atom2 name is COO
protocols.motifs.Motif: atom3 name is ONH2
protocols.motifs.Motif: Res1 name is TYR
protocols.motifs.Motif: atom1 name is aroC
protocols.motifs.Motif: atom2 name is aroC
protocols.motifs.Motif: atom3 name is F
protocols.motifs.Motif: Res1 name is LEU
protocols.motifs.Motif: atom1 name is aroC
protocols.motifs.Motif: atom2 name is aroC
protocols.motifs.Motif: atom3 name is aroC
protocols.motifs.Motif: Res1 name is PHE
protocols.motifs.Motif: atom1 name is aroC
protocols.motifs.Motif: atom2 name is aroC
protocols.motifs.Motif: atom3 name is Ntrp
core.pack.task: Packer task: initialize from command line() 
core.pack.task: Packer task: initialize from command line() 
core.pack.task: Packer task: initialize from command line() 
protocols.moves.MonteCarlo: MonteCarlo:: last_accepted_score,lowest_score: -1077.05 -1077.62
protocols.motifs.Motif: Res1 name is LEU
protocols.motifs.Motif: atom1 name is CH3
protocols.motifs.Motif: atom2 name is aroC
protocols.motifs.Motif: atom3 name is aroC
protocols.motifs.Motif: Res1 name is VAL
protocols.motifs.Motif: atom1 name is aroC
protocols.motifs.Motif: atom2 name is aroC
protocols.motifs.Motif: atom3 name is F
protocols.motifs.Motif: Res1 name is TYR
protocols.motifs.Motif: atom1 name is Ntrp
protocols.motifs.Motif: atom2 name is COO
protocols.motifs.Motif: atom3 name is ONH2
protocols.motifs.Motif: Res1 name is LEU
protocols.motifs.Motif: atom1 name is aroC
protocols.motifs.Motif: atom2 name is aroC
protocols.motifs.Motif: atom3 name is Ntrp
protocols.motifs.Motif: Res1 name is CYS
protocols.motifs.Motif: atom1 name is aroC
protocols.motifs.Motif: atom2 name is aroC
protocols.motifs.Motif: atom3 name is aroC
protocols.motifs.Motif: Res1 name is PHE
protocols.motifs.Motif: atom1 name is aroC
protocols.motifs.Motif: atom2 name is aroC
protocols.motifs.Motif: atom3 name is aroC
core.pack.task: Packer task: initialize from command line() 
core.pack.task: Packer task: initialize from command line() 
core.pack.task: Packer task: initialize from command line() 
protocols.moves.MonteCarlo: MonteCarlo:: last_accepted_score,lowest_score: -1073.28 -1073.73
protocols.motifs.Motif: Res1 name is LEU
protocols.motifs.Motif: atom1 name is Ntrp
protocols.motifs.Motif: atom2 name is COO
protocols.motifs.Motif: atom3 name is ONH2
protocols.motifs.Motif: Res1 name is TYR
protocols.motifs.Motif: atom1 name is aroC
protocols.motifs.Motif: atom2 name is aroC
protocols.motifs.Motif: atom3 name is F
protocols.motifs.Motif: Res1 name is LEU
protocols.motifs.Motif: atom1 name is aroC
protocols.motifs.Motif: atom2 name is aroC
protocols.motifs.Motif: atom3 name is aroC
protocols.motifs.Motif: Res1 name is PHE
protocols.motifs.Motif: atom1 name is Ntrp
protocols.motifs.Motif: atom2 name is COO
protocols.motifs.Motif: atom3 name is ONH2
core.pack.task: Packer task: initialize from command line() 
core.pack.task: Packer task: initialize from command line() 
core.pack.task: Packer task: initialize from command line() 
protocols.moves.MonteCarlo: MonteCarlo:: last_accepted_score,lowest_score: -1073.27 -1073.27
protocols.motifs.Motif: Res1 name is LYS
protocols.motifs.Motif: atom1 name is CH3
protocols.motifs.Motif: atom2 name is aroC
protocols.motifs.Motif: atom3 name is aroC
protocols.motifs.Motif: Res1 name is LEU
protocols.motifs.Motif: atom1 name is aroC
protocols.motifs.Motif: atom2 name is aroC
protocols.motifs.Motif: atom3 name is aroC
protocols.motifs.Motif: Res1 name is TYR
protocols.motifs.Motif: atom1 name is aroC
protocols.motifs.Motif: atom2 name is aroC
protocols.motifs.Motif: atom3 name is F
protocols.motifs.Motif: Res1 name is GLU
protocols.motifs.Motif: atom1 name is CH3
protocols.motifs.Motif: atom2 name is aroC
protocols.motifs.Motif: atom3 name is aroC
protocols.motifs.Motif: Res1 name is LEU
protocols.motifs.Motif: atom1 name is aroC
protocols.motifs.Motif: atom2 name is aroC
protocols.motifs.Motif: atom3 name is aroC
core.pack.task: Packer task: initialize from command line() 
core.pack.task: Packer task: initialize from command line() 
core.pack.task: Packer task: initialize from command line() 
protocols.moves.MonteCarlo: MonteCarlo:: last_accepted_score,lowest_score: -1076.71 -1076.71
protocols.motifs.Motif: Res1 name is LEU
protocols.motifs.Motif: atom1 name is aroC
protocols.motifs.Motif: atom2 name is aroC
protocols.motifs.Motif: atom3 name is Ntrp
protocols.motifs.Motif: Res1 name is TYR
protocols.motifs.Motif: atom1 name is aroC
protocols.motifs.Motif: atom2 name is aroC
protocols.motifs.Motif: atom3 name is F
protocols.motifs.Motif: Res1 name is LEU
protocols.motifs.Motif: atom1 name is aroC
protocols.motifs.Motif: atom2 name is aroC
protocols.motifs.Motif: atom3 name is Ntrp
protocols.motifs.Motif: Res1 name is PHE
protocols.motifs.Motif: atom1 name is Ntrp
protocols.motifs.Motif: atom2 name is COO
protocols.motifs.Motif: atom3 name is ONH2
core.pack.task: Packer task: initialize from command line() 
core.pack.task: Packer task: initialize from command line() 
core.pack.task: Packer task: initialize from command line() 
protocols.moves.MonteCarlo: MonteCarlo:: last_accepted_score,lowest_score: -1075.2 -1075.2
protocols.motifs.Motif: Res1 name is LEU
protocols.motifs.Motif: atom1 name is CH3
protocols.motifs.Motif: atom2 name is aroC
protocols.motifs.Motif: atom3 name is aroC
protocols.motifs.Motif: Res1 name is VAL
protocols.motifs.Motif: atom1 name is aroC
protocols.motifs.Motif: atom2 name is aroC
protocols.motifs.Motif: atom3 name is F
protocols.motifs.Motif: Res1 name is LEU
protocols.motifs.Motif: atom1 name is aroC
protocols.motifs.Motif: atom2 name is aroC
protocols.motifs.Motif: atom3 name is Ntrp
protocols.motifs.Motif: Res1 name is PHE
protocols.motifs.Motif: atom1 name is aroC
protocols.motifs.Motif: atom2 name is aroC
protocols.motifs.Motif: atom3 name is aroC
core.pack.task: Packer task: initialize from command line() 
core.pack.task: Packer task: initialize from command line() 
core.pack.task: Packer task: initialize from command line() 
protocols.moves.MonteCarlo: MonteCarlo:: last_accepted_score,lowest_score: -1073.3 -1073.3
protocols.motifs.Motif: Res1 name is LEU
protocols.motifs.Motif: atom1 name is Ntrp
protocols.motifs.Motif: atom2 name is COO
protocols.motifs.Motif: atom3 name is ONH2
protocols.motifs.Motif: Res1 name is TYR
protocols.motifs.Motif: atom1 name is aroC
protocols.motifs.Motif: atom2 name is aroC
protocols.motifs.Motif: atom3 name is F
protocols.motifs.Motif: Res1 name is LEU
protocols.motifs.Motif: atom1 name is aroC
protocols.motifs.Motif: atom2 name is aroC
protocols.motifs.Motif: atom3 name is Ntrp
protocols.motifs.Motif: Res1 name is PHE
protocols.motifs.Motif: atom1 name is Ntrp
protocols.motifs.Motif: atom2 name is COO
protocols.motifs.Motif: atom3 name is ONH2
core.pack.task: Packer task: initialize from command line() 
core.pack.task: Packer task: initialize from command line() 
core.pack.task: Packer task: initialize from command line() 
protocols.moves.MonteCarlo: MonteCarlo:: last_accepted_score,lowest_score: -1071.32 -1071.89
protocols.motifs.Motif: Res1 name is LEU
protocols.motifs.Motif: atom1 name is Ntrp
protocols.motifs.Motif: atom2 name is COO
protocols.motifs.Motif: atom3 name is ONH2
protocols.motifs.Motif: Res1 name is TYR
protocols.motifs.Motif: atom1 name is aroC
protocols.motifs.Motif: atom2 name is aroC
protocols.motifs.Motif: atom3 name is F
protocols.motifs.Motif: Res1 name is PHE
protocols.motifs.Motif: atom1 name is Ntrp
protocols.motifs.Motif: atom2 name is COO
protocols.motifs.Motif: atom3 name is ONH2
core.pack.task: Packer task: initialize from command line() 
core.pack.task: Packer task: initialize from command line() 
core.pack.task: Packer task: initialize from command line() 
protocols.moves.MonteCarlo: MonteCarlo:: last_accepted_score,lowest_score: -1076.24 -1076.33
protocols.motifs.Motif: Res1 name is LEU
protocols.motifs.Motif: atom1 name is CH3
protocols.motifs.Motif: atom2 name is aroC
protocols.motifs.Motif: atom3 name is aroC
protocols.motifs.Motif: Res1 name is VAL
protocols.motifs.Motif: atom1 name is aroC
protocols.motifs.Motif: atom2 name is aroC
protocols.motifs.Motif: atom3 name is F
protocols.motifs.Motif: Res1 name is TYR
protocols.motifs.Motif: atom1 name is Ntrp
protocols.motifs.Motif: atom2 name is COO
protocols.motifs.Motif: atom3 name is ONH2
protocols.motifs.Motif: Res1 name is LEU
protocols.motifs.Motif: atom1 name is aroC
protocols.motifs.Motif: atom2 name is aroC
protocols.motifs.Motif: atom3 name is Ntrp
protocols.motifs.Motif: Res1 name is PHE
protocols.motifs.Motif: atom1 name is aroC
protocols.motifs.Motif: atom2 name is aroC
protocols.motifs.Motif: atom3 name is aroC
core.pack.task: Packer task: initialize from command line() 
core.pack.task: Packer task: initialize from command line() 
core.pack.task: Packer task: initialize from command line() 
protocols.moves.MonteCarlo: MonteCarlo:: last_accepted_score,lowest_score: -1003.94 -1003.94
protocols.motifs.Motif: Res1 name is LEU
protocols.motifs.Motif: atom1 name is Ntrp
protocols.motifs.Motif: atom2 name is COO
protocols.motifs.Motif: atom3 name is ONH2
protocols.motifs.Motif: Res1 name is VAL
protocols.motifs.Motif: atom1 name is aroC
protocols.motifs.Motif: atom2 name is aroC
protocols.motifs.Motif: atom3 name is aroC
protocols.motifs.Motif: Res1 name is ASP
protocols.motifs.Motif: atom1 name is NH2O
protocols.motifs.Motif: atom2 name is COO
protocols.motifs.Motif: atom3 name is ONH2
protocols.motifs.Motif: Res1 name is LEU
protocols.motifs.Motif: atom1 name is aroC
protocols.motifs.Motif: atom2 name is aroC
protocols.motifs.Motif: atom3 name is COO
protocols.motifs.Motif: Res1 name is CYS
protocols.motifs.Motif: atom1 name is aroC
protocols.motifs.Motif: atom2 name is aroC
protocols.motifs.Motif: atom3 name is F
protocols.motifs.Motif: Res1 name is PHE
protocols.motifs.Motif: atom1 name is aroC
protocols.motifs.Motif: atom2 name is aroC
protocols.motifs.Motif: atom3 name is aroC
core.pack.task: Packer task: initialize from command line() 
core.pack.task: Packer task: initialize from command line() 
core.pack.task: Packer task: initialize from command line() 
protocols.moves.MonteCarlo: MonteCarlo:: last_accepted_score,lowest_score: -1082.32 -1082.32
protocols.motifs.Motif: Res1 name is LEU
protocols.motifs.Motif: atom1 name is CH3
protocols.motifs.Motif: atom2 name is aroC
protocols.motifs.Motif: atom3 name is aroC
protocols.motifs.Motif: Res1 name is VAL
protocols.motifs.Motif: atom1 name is aroC
protocols.motifs.Motif: atom2 name is aroC
protocols.motifs.Motif: atom3 name is F
protocols.motifs.Motif: Res1 name is ALA
protocols.motifs.Motif: atom1 name is Ntrp
protocols.motifs.Motif: atom2 name is COO
protocols.motifs.Motif: atom3 name is ONH2
protocols.motifs.Motif: Res1 name is TYR
protocols.motifs.Motif: atom1 name is CH3
protocols.motifs.Motif: atom2 name is aroC
protocols.motifs.Motif: atom3 name is Ntrp
protocols.motifs.Motif: Res1 name is LEU
protocols.motifs.Motif: atom1 name is aroC
protocols.motifs.Motif: atom2 name is COO
protocols.motifs.Motif: atom3 name is ONH2
protocols.motifs.Motif: Res1 name is CYS
protocols.motifs.Motif: atom1 name is aroC
protocols.motifs.Motif: atom2 name is aroC
protocols.motifs.Motif: atom3 name is aroC
protocols.motifs.Motif: Res1 name is PHE
protocols.motifs.Motif: atom1 name is aroC
protocols.motifs.Motif: atom2 name is aroC
protocols.motifs.Motif: atom3 name is F
core.pack.task: Packer task: initialize from command line() 
core.pack.task: Packer task: initialize from command line() 
core.pack.task: Packer task: initialize from command line() 
protocols.moves.MonteCarlo: MonteCarlo:: last_accepted_score,lowest_score: -1078.08 -1078.08
protocols.motifs.Motif: Res1 name is LEU
protocols.motifs.Motif: atom1 name is CH3
protocols.motifs.Motif: atom2 name is aroC
protocols.motifs.Motif: atom3 name is aroC
protocols.motifs.Motif: Res1 name is TYR
protocols.motifs.Motif: atom1 name is Ntrp
protocols.motifs.Motif: atom2 name is COO
protocols.motifs.Motif: atom3 name is ONH2
protocols.motifs.Motif: Res1 name is LEU
protocols.motifs.Motif: atom1 name is aroC
protocols.motifs.Motif: atom2 name is aroC
protocols.motifs.Motif: atom3 name is aroC
protocols.motifs.Motif: Res1 name is PHE
protocols.motifs.Motif: atom1 name is aroC
protocols.motifs.Motif: atom2 name is aroC
protocols.motifs.Motif: atom3 name is F
core.pack.task: Packer task: initialize from command line() 
core.pack.task: Packer task: initialize from command line() 
core.pack.task: Packer task: initialize from command line() 
protocols.moves.MonteCarlo: MonteCarlo:: last_accepted_score,lowest_score: -1081.68 -1081.68
protocols.motifs.Motif: Res1 name is LEU
protocols.motifs.Motif: atom1 name is Ntrp
protocols.motifs.Motif: atom2 name is COO
protocols.motifs.Motif: atom3 name is ONH2
protocols.motifs.Motif: Res1 name is VAL
protocols.motifs.Motif: atom1 name is aroC
protocols.motifs.Motif: atom2 name is aroC
protocols.motifs.Motif: atom3 name is Ntrp
protocols.motifs.Motif: Res1 name is TYR
protocols.motifs.Motif: atom1 name is NH2O
protocols.motifs.Motif: atom2 name is COO
protocols.motifs.Motif: atom3 name is ONH2
protocols.motifs.Motif: Res1 name is LEU
protocols.motifs.Motif: atom1 name is aroC
protocols.motifs.Motif: atom2 name is aroC
protocols.motifs.Motif: atom3 name is aroC
protocols.motifs.Motif: Res1 name is CYS
protocols.motifs.Motif: atom1 name is aroC
protocols.motifs.Motif: atom2 name is aroC
protocols.motifs.Motif: atom3 name is aroC
protocols.motifs.Motif: Res1 name is PHE
protocols.motifs.Motif: atom1 name is Ntrp
protocols.motifs.Motif: atom2 name is COO
protocols.motifs.Motif: atom3 name is ONH2
core.pack.task: Packer task: initialize from command line() 
core.pack.task: Packer task: initialize from command line() 
core.pack.task: Packer task: initialize from command line() 
protocols.moves.MonteCarlo: MonteCarlo:: last_accepted_score,lowest_score: -1077.14 -1077.14
protocols.motifs.Motif: Res1 name is LEU
protocols.motifs.Motif: atom1 name is aroC
protocols.motifs.Motif: atom2 name is aroC
protocols.motifs.Motif: atom3 name is Ntrp
protocols.motifs.Motif: Res1 name is VAL
protocols.motifs.Motif: atom1 name is aroC
protocols.motifs.Motif: atom2 name is aroC
protocols.motifs.Motif: atom3 name is F
protocols.motifs.Motif: Res1 name is TYR
protocols.motifs.Motif: atom1 name is Ntrp
protocols.motifs.Motif: atom2 name is COO
protocols.motifs.Motif: atom3 name is ONH2
protocols.motifs.Motif: Res1 name is LEU
protocols.motifs.Motif: atom1 name is aroC
protocols.motifs.Motif: atom2 name is aroC
protocols.motifs.Motif: atom3 name is Ntrp
protocols.motifs.Motif: Res1 name is PHE
protocols.motifs.Motif: atom1 name is aroC
protocols.motifs.Motif: atom2 name is aroC
protocols.motifs.Motif: atom3 name is F
core.pack.task: Packer task: initialize from command line() 
core.pack.task: Packer task: initialize from command line() 
core.pack.task: Packer task: initialize from command line() 
protocols.moves.MonteCarlo: MonteCarlo:: last_accepted_score,lowest_score: -1077.6 -1078.35
protocols.motifs.Motif: Res1 name is LEU
protocols.motifs.Motif: atom1 name is CH3
protocols.motifs.Motif: atom2 name is aroC
protocols.motifs.Motif: atom3 name is aroC
protocols.motifs.Motif: Res1 name is VAL
protocols.motifs.Motif: atom1 name is aroC
protocols.motifs.Motif: atom2 name is aroC
protocols.motifs.Motif: atom3 name is F
protocols.motifs.Motif: Res1 name is TYR
protocols.motifs.Motif: atom1 name is Ntrp
protocols.motifs.Motif: atom2 name is COO
protocols.motifs.Motif: atom3 name is ONH2
protocols.motifs.Motif: Res1 name is LEU
protocols.motifs.Motif: atom1 name is aroC
protocols.motifs.Motif: atom2 name is aroC
protocols.motifs.Motif: atom3 name is Ntrp
protocols.motifs.Motif: Res1 name is PHE
protocols.motifs.Motif: atom1 name is aroC
protocols.motifs.Motif: atom2 name is aroC
protocols.motifs.Motif: atom3 name is aroC
core.pack.task: Packer task: initialize from command line() 
core.pack.task: Packer task: initialize from command line() 
core.pack.task: Packer task: initialize from command line() 
protocols.moves.MonteCarlo: MonteCarlo:: last_accepted_score,lowest_score: -1076.97 -1077.67
protocols.motifs.Motif: Res1 name is LEU
protocols.motifs.Motif: atom1 name is aroC
protocols.motifs.Motif: atom2 name is aroC
protocols.motifs.Motif: atom3 name is COO
protocols.motifs.Motif: Res1 name is VAL
protocols.motifs.Motif: atom1 name is aroC
protocols.motifs.Motif: atom2 name is aroC
protocols.motifs.Motif: atom3 name is F
protocols.motifs.Motif: Res1 name is TYR
protocols.motifs.Motif: atom1 name is Ntrp
protocols.motifs.Motif: atom2 name is COO
protocols.motifs.Motif: atom3 name is ONH2
protocols.motifs.Motif: Res1 name is LEU
protocols.motifs.Motif: atom1 name is aroC
protocols.motifs.Motif: atom2 name is aroC
protocols.motifs.Motif: atom3 name is Ntrp
protocols.motifs.Motif: Res1 name is PHE
protocols.motifs.Motif: atom1 name is aroC
protocols.motifs.Motif: atom2 name is aroC
protocols.motifs.Motif: atom3 name is aroC
core.pack.task: Packer task: initialize from command line() 
core.pack.task: Packer task: initialize from command line() 
core.pack.task: Packer task: initialize from command line() 
protocols.moves.MonteCarlo: MonteCarlo:: last_accepted_score,lowest_score: -1081.7 -1081.7
protocols.motifs.Motif: Res1 name is LEU
protocols.motifs.Motif: atom1 name is Ntrp
protocols.motifs.Motif: atom2 name is COO
protocols.motifs.Motif: atom3 name is ONH2
protocols.motifs.Motif: Res1 name is VAL
protocols.motifs.Motif: atom1 name is aroC
protocols.motifs.Motif: atom2 name is aroC
protocols.motifs.Motif: atom3 name is F
protocols.motifs.Motif: Res1 name is ALA
protocols.motifs.Motif: atom1 name is Ntrp
protocols.motifs.Motif: atom2 name is COO
protocols.motifs.Motif: atom3 name is ONH2
protocols.motifs.Motif: Res1 name is TYR
protocols.motifs.Motif: atom1 name is Ntrp
protocols.motifs.Motif: atom2 name is COO
protocols.motifs.Motif: atom3 name is ONH2
protocols.motifs.Motif: Res1 name is LEU
protocols.motifs.Motif: atom1 name is aroC
protocols.motifs.Motif: atom2 name is aroC
protocols.motifs.Motif: atom3 name is COO
protocols.motifs.Motif: Res1 name is CYS
protocols.motifs.Motif: atom1 name is aroC
protocols.motifs.Motif: atom2 name is aroC
protocols.motifs.Motif: atom3 name is aroC
protocols.motifs.Motif: Res1 name is PHE
protocols.motifs.Motif: atom1 name is aroC
protocols.motifs.Motif: atom2 name is aroC
protocols.motifs.Motif: atom3 name is F
core.pack.task: Packer task: initialize from command line() 
core.pack.task: Packer task: initialize from command line() 
core.pack.task: Packer task: initialize from command line() 
protocols.moves.MonteCarlo: MonteCarlo:: last_accepted_score,lowest_score: -1077.97 -1078.17
protocols.motifs.Motif: Res1 name is LEU
protocols.motifs.Motif: atom1 name is CH3
protocols.motifs.Motif: atom2 name is aroC
protocols.motifs.Motif: atom3 name is aroC
protocols.motifs.Motif: Res1 name is VAL
protocols.motifs.Motif: atom1 name is aroC
protocols.motifs.Motif: atom2 name is aroC
protocols.motifs.Motif: atom3 name is F
protocols.motifs.Motif: Res1 name is TYR
protocols.motifs.Motif: atom1 name is Ntrp
protocols.motifs.Motif: atom2 name is COO
protocols.motifs.Motif: atom3 name is ONH2
protocols.motifs.Motif: Res1 name is LEU
protocols.motifs.Motif: atom1 name is aroC
protocols.motifs.Motif: atom2 name is aroC
protocols.motifs.Motif: atom3 name is Ntrp
protocols.motifs.Motif: Res1 name is PHE
protocols.motifs.Motif: atom1 name is aroC
protocols.motifs.Motif: atom2 name is aroC
protocols.motifs.Motif: atom3 name is aroC
core.pack.task: Packer task: initialize from command line() 
core.pack.task: Packer task: initialize from command line() 
core.pack.task: Packer task: initialize from command line() 
protocols.moves.MonteCarlo: MonteCarlo:: last_accepted_score,lowest_score: -1071.72 -1072.01
protocols.motifs.Motif: Res1 name is LEU
protocols.motifs.Motif: atom1 name is aroC
protocols.motifs.Motif: atom2 name is COO
protocols.motifs.Motif: atom3 name is ONH2
protocols.motifs.Motif: Res1 name is LEU
protocols.motifs.Motif: atom1 name is aroC
protocols.motifs.Motif: atom2 name is aroC
protocols.motifs.Motif: atom3 name is F
protocols.motifs.Motif: Res1 name is PHE
protocols.motifs.Motif: atom1 name is aroC
protocols.motifs.Motif: atom2 name is aroC
protocols.motifs.Motif: atom3 name is F
core.pack.task: Packer task: initialize from command line() 
core.pack.task: Packer task: initialize from command line() 
core.pack.task: Packer task: initialize from command line() 
protocols.moves.MonteCarlo: MonteCarlo:: last_accepted_score,lowest_score: -1071.28 -1071.28
protocols.motifs.Motif: Res1 name is LEU
protocols.motifs.Motif: atom1 name is aroC
protocols.motifs.Motif: atom2 name is aroC
protocols.motifs.Motif: atom3 name is aroC
protocols.motifs.Motif: Res1 name is LEU
protocols.motifs.Motif: atom1 name is aroC
protocols.motifs.Motif: atom2 name is aroC
protocols.motifs.Motif: atom3 name is F
protocols.motifs.Motif: Res1 name is PHE
protocols.motifs.Motif: atom1 name is aroC
protocols.motifs.Motif: atom2 name is aroC
protocols.motifs.Motif: atom3 name is F
core.pack.task: Packer task: initialize from command line() 
core.pack.task: Packer task: initialize from command line() 
core.pack.task: Packer task: initialize from command line() 
protocols.moves.MonteCarlo: MonteCarlo:: last_accepted_score,lowest_score: -1075.7 -1075.73
protocols.motifs.Motif: Res1 name is LEU
protocols.motifs.Motif: atom1 name is aroC
protocols.motifs.Motif: atom2 name is aroC
protocols.motifs.Motif: atom3 name is aroC
protocols.motifs.Motif: Res1 name is TYR
protocols.motifs.Motif: atom1 name is aroC
protocols.motifs.Motif: atom2 name is aroC
protocols.motifs.Motif: atom3 name is Ntrp
protocols.motifs.Motif: Res1 name is ASP
protocols.motifs.Motif: atom1 name is NH2O
protocols.motifs.Motif: atom2 name is COO
protocols.motifs.Motif: atom3 name is ONH2
protocols.motifs.Motif: Res1 name is LEU
protocols.motifs.Motif: atom1 name is aroC
protocols.motifs.Motif: atom2 name is aroC
protocols.motifs.Motif: atom3 name is F
protocols.motifs.Motif: Res1 name is PHE
protocols.motifs.Motif: atom1 name is CH3
protocols.motifs.Motif: atom2 name is aroC
protocols.motifs.Motif: atom3 name is aroC
core.pack.task: Packer task: initialize from command line() 
core.pack.task: Packer task: initialize from command line() 
core.pack.task: Packer task: initialize from command line() 
protocols.moves.MonteCarlo: MonteCarlo:: last_accepted_score,lowest_score: -1079.72 -1079.72
protocols.motifs.Motif: Res1 name is LEU
protocols.motifs.Motif: atom1 name is Ntrp
protocols.motifs.Motif: atom2 name is COO
protocols.motifs.Motif: atom3 name is ONH2
protocols.motifs.Motif: Res1 name is VAL
protocols.motifs.Motif: atom1 name is aroC
protocols.motifs.Motif: atom2 name is aroC
protocols.motifs.Motif: atom3 name is Ntrp
protocols.motifs.Motif: Res1 name is ALA
protocols.motifs.Motif: atom1 name is aroC
protocols.motifs.Motif: atom2 name is aroC
protocols.motifs.Motif: atom3 name is aroC
protocols.motifs.Motif: Res1 name is VAL
protocols.motifs.Motif: atom1 name is aroC
protocols.motifs.Motif: atom2 name is aroC
protocols.motifs.Motif: atom3 name is F
protocols.motifs.Motif: Res1 name is TYR
protocols.motifs.Motif: atom1 name is NH2O
protocols.motifs.Motif: atom2 name is COO
protocols.motifs.Motif: atom3 name is ONH2
protocols.motifs.Motif: Res1 name is LEU
protocols.motifs.Motif: atom1 name is aroC
protocols.motifs.Motif: atom2 name is aroC
protocols.motifs.Motif: atom3 name is aroC
protocols.motifs.Motif: Res1 name is CYS
protocols.motifs.Motif: atom1 name is aroC
protocols.motifs.Motif: atom2 name is aroC
protocols.motifs.Motif: atom3 name is Ntrp
protocols.motifs.Motif: Res1 name is PHE
protocols.motifs.Motif: atom1 name is Ntrp
protocols.motifs.Motif: atom2 name is COO
protocols.motifs.Motif: atom3 name is ONH2
core.pack.task: Packer task: initialize from command line() 
core.pack.task: Packer task: initialize from command line() 
core.pack.task: Packer task: initialize from command line() 
protocols.moves.MonteCarlo: MonteCarlo:: last_accepted_score,lowest_score: -1077.69 -1077.78
protocols.motifs.Motif: Res1 name is LEU
protocols.motifs.Motif: atom1 name is CH3
protocols.motifs.Motif: atom2 name is aroC
protocols.motifs.Motif: atom3 name is aroC
protocols.motifs.Motif: Res1 name is ALA
protocols.motifs.Motif: atom1 name is aroC
protocols.motifs.Motif: atom2 name is aroC
protocols.motifs.Motif: atom3 name is Ntrp
protocols.motifs.Motif: Res1 name is TYR
protocols.motifs.Motif: atom1 name is Ntrp
protocols.motifs.Motif: atom2 name is COO
protocols.motifs.Motif: atom3 name is ONH2
protocols.motifs.Motif: Res1 name is LEU
protocols.motifs.Motif: atom1 name is aroC
protocols.motifs.Motif: atom2 name is aroC
protocols.motifs.Motif: atom3 name is COO
protocols.motifs.Motif: Res1 name is PHE
protocols.motifs.Motif: atom1 name is aroC
protocols.motifs.Motif: atom2 name is aroC
protocols.motifs.Motif: atom3 name is aroC
core.pack.task: Packer task: initialize from command line() 
core.pack.task: Packer task: initialize from command line() 
core.pack.task: Packer task: initialize from command line() 
protocols.moves.MonteCarlo: MonteCarlo:: last_accepted_score,lowest_score: -1081.2 -1081.2
protocols.motifs.Motif: Res1 name is LEU
protocols.motifs.Motif: atom1 name is CH3
protocols.motifs.Motif: atom2 name is aroC
protocols.motifs.Motif: atom3 name is aroC
protocols.motifs.Motif: Res1 name is VAL
protocols.motifs.Motif: atom1 name is aroC
protocols.motifs.Motif: atom2 name is aroC
protocols.motifs.Motif: atom3 name is F
protocols.motifs.Motif: Res1 name is ALA
protocols.motifs.Motif: atom1 name is Ntrp
protocols.motifs.Motif: atom2 name is COO
protocols.motifs.Motif: atom3 name is ONH2
protocols.motifs.Motif: Res1 name is TYR
protocols.motifs.Motif: atom1 name is Ntrp
protocols.motifs.Motif: atom2 name is COO
protocols.motifs.Motif: atom3 name is ONH2
protocols.motifs.Motif: Res1 name is LEU
protocols.motifs.Motif: atom1 name is aroC
protocols.motifs.Motif: atom2 name is aroC
protocols.motifs.Motif: atom3 name is COO
protocols.motifs.Motif: Res1 name is CYS
protocols.motifs.Motif: atom1 name is aroC
protocols.motifs.Motif: atom2 name is aroC
protocols.motifs.Motif: atom3 name is aroC
protocols.motifs.Motif: Res1 name is PHE
protocols.motifs.Motif: atom1 name is aroC
protocols.motifs.Motif: atom2 name is aroC
protocols.motifs.Motif: atom3 name is aroC
core.pack.task: Packer task: initialize from command line() 
core.pack.task: Packer task: initialize from command line() 
core.pack.task: Packer task: initialize from command line() 
protocols.moves.MonteCarlo: MonteCarlo:: last_accepted_score,lowest_score: -1074.23 -1074.23
protocols.motifs.Motif: Res1 name is LEU
protocols.motifs.Motif: atom1 name is aroC
protocols.motifs.Motif: atom2 name is aroC
protocols.motifs.Motif: atom3 name is Ntrp
protocols.motifs.Motif: Res1 name is ASP
protocols.motifs.Motif: atom1 name is aroC
protocols.motifs.Motif: atom2 name is aroC
protocols.motifs.Motif: atom3 name is aroC
protocols.motifs.Motif: Res1 name is PHE
protocols.motifs.Motif: atom1 name is aroC
protocols.motifs.Motif: atom2 name is aroC
protocols.motifs.Motif: atom3 name is aroC
core.pack.task: Packer task: initialize from command line() 
core.pack.task: Packer task: initialize from command line() 
core.pack.task: Packer task: initialize from command line() 
protocols.moves.MonteCarlo: MonteCarlo:: last_accepted_score,lowest_score: -1081.7 -1081.7
protocols.motifs.Motif: Res1 name is LEU
protocols.motifs.Motif: atom1 name is CH3
protocols.motifs.Motif: atom2 name is aroC
protocols.motifs.Motif: atom3 name is aroC
protocols.motifs.Motif: Res1 name is VAL
protocols.motifs.Motif: atom1 name is aroC
protocols.motifs.Motif: atom2 name is aroC
protocols.motifs.Motif: atom3 name is F
protocols.motifs.Motif: Res1 name is ALA
protocols.motifs.Motif: atom1 name is Ntrp
protocols.motifs.Motif: atom2 name is COO
protocols.motifs.Motif: atom3 name is ONH2
protocols.motifs.Motif: Res1 name is TYR
protocols.motifs.Motif: atom1 name is CH3
protocols.motifs.Motif: atom2 name is aroC
protocols.motifs.Motif: atom3 name is Ntrp
protocols.motifs.Motif: Res1 name is LEU
protocols.motifs.Motif: atom1 name is aroC
protocols.motifs.Motif: atom2 name is aroC
protocols.motifs.Motif: atom3 name is COO
protocols.motifs.Motif: Res1 name is CYS
protocols.motifs.Motif: atom1 name is aroC
protocols.motifs.Motif: atom2 name is aroC
protocols.motifs.Motif: atom3 name is aroC
protocols.motifs.Motif: Res1 name is PHE
protocols.motifs.Motif: atom1 name is aroC
protocols.motifs.Motif: atom2 name is aroC
protocols.motifs.Motif: atom3 name is aroC
core.pack.task: Packer task: initialize from command line() 
core.pack.task: Packer task: initialize from command line() 
core.pack.task: Packer task: initialize from command line() 
protocols.moves.MonteCarlo: MonteCarlo:: last_accepted_score,lowest_score: -1080.85 -1080.85
protocols.motifs.Motif: Res1 name is LEU
protocols.motifs.Motif: atom1 name is Ntrp
protocols.motifs.Motif: atom2 name is COO
protocols.motifs.Motif: atom3 name is ONH2
protocols.motifs.Motif: Res1 name is VAL
protocols.motifs.Motif: atom1 name is aroC
protocols.motifs.Motif: atom2 name is aroC
protocols.motifs.Motif: atom3 name is Ntrp
protocols.motifs.Motif: Res1 name is ALA
protocols.motifs.Motif: atom1 name is aroC
protocols.motifs.Motif: atom2 name is aroC
protocols.motifs.Motif: atom3 name is aroC
protocols.motifs.Motif: Res1 name is VAL
protocols.motifs.Motif: atom1 name is aroC
protocols.motifs.Motif: atom2 name is aroC
protocols.motifs.Motif: atom3 name is F
protocols.motifs.Motif: Res1 name is TYR
protocols.motifs.Motif: atom1 name is CH3
protocols.motifs.Motif: atom2 name is aroC
protocols.motifs.Motif: atom3 name is aroC
protocols.motifs.Motif: Res1 name is LEU
protocols.motifs.Motif: atom1 name is aroC
protocols.motifs.Motif: atom2 name is aroC
protocols.motifs.Motif: atom3 name is COO
protocols.motifs.Motif: Res1 name is CYS
protocols.motifs.Motif: atom1 name is aroC
protocols.motifs.Motif: atom2 name is aroC
protocols.motifs.Motif: atom3 name is Ntrp
protocols.motifs.Motif: Res1 name is PHE
protocols.motifs.Motif: atom1 name is Ntrp
protocols.motifs.Motif: atom2 name is COO
protocols.motifs.Motif: atom3 name is ONH2
core.pack.task: Packer task: initialize from command line() 
core.pack.task: Packer task: initialize from command line() 
core.pack.task: Packer task: initialize from command line() 
protocols.moves.MonteCarlo: MonteCarlo:: last_accepted_score,lowest_score: -1077.72 -1077.72
protocols.motifs.Motif: Res1 name is LEU
protocols.motifs.Motif: atom1 name is aroC
protocols.motifs.Motif: atom2 name is aroC
protocols.motifs.Motif: atom3 name is COO
protocols.motifs.Motif: Res1 name is TYR
protocols.motifs.Motif: atom1 name is Ntrp
protocols.motifs.Motif: atom2 name is COO
protocols.motifs.Motif: atom3 name is ONH2
protocols.motifs.Motif: Res1 name is LEU
protocols.motifs.Motif: atom1 name is aroC
protocols.motifs.Motif: atom2 name is aroC
protocols.motifs.Motif: atom3 name is aroC
protocols.motifs.Motif: Res1 name is PHE
protocols.motifs.Motif: atom1 name is aroC
protocols.motifs.Motif: atom2 name is aroC
protocols.motifs.Motif: atom3 name is F
core.pack.task: Packer task: initialize from command line() 
core.pack.task: Packer task: initialize from command line() 
core.pack.task: Packer task: initialize from command line() 
protocols.moves.MonteCarlo: MonteCarlo:: last_accepted_score,lowest_score: -1078.46 -1078.46
protocols.motifs.Motif: Res1 name is LEU
protocols.motifs.Motif: atom1 name is CH3
protocols.motifs.Motif: atom2 name is aroC
protocols.motifs.Motif: atom3 name is aroC
protocols.motifs.Motif: Res1 name is VAL
protocols.motifs.Motif: atom1 name is aroC
protocols.motifs.Motif: atom2 name is aroC
protocols.motifs.Motif: atom3 name is aroC
protocols.motifs.Motif: Res1 name is ALA
protocols.motifs.Motif: atom1 name is aroC
protocols.motifs.Motif: atom2 name is aroC
protocols.motifs.Motif: atom3 name is Ntrp
protocols.motifs.Motif: Res1 name is TYR
protocols.motifs.Motif: atom1 name is Ntrp
protocols.motifs.Motif: atom2 name is COO
protocols.motifs.Motif: atom3 name is ONH2
protocols.motifs.Motif: Res1 name is LEU
protocols.motifs.Motif: atom1 name is aroC
protocols.motifs.Motif: atom2 name is aroC
protocols.motifs.Motif: atom3 name is COO
protocols.motifs.Motif: Res1 name is PHE
protocols.motifs.Motif: atom1 name is aroC
protocols.motifs.Motif: atom2 name is aroC
protocols.motifs.Motif: atom3 name is aroC
core.pack.task: Packer task: initialize from command line() 
core.pack.task: Packer task: initialize from command line() 
core.pack.task: Packer task: initialize from command line() 
protocols.moves.MonteCarlo: MonteCarlo:: last_accepted_score,lowest_score: -1077.59 -1077.59
protocols.motifs.Motif: Res1 name is LEU
protocols.motifs.Motif: atom1 name is CH3
protocols.motifs.Motif: atom2 name is aroC
protocols.motifs.Motif: atom3 name is aroC
protocols.motifs.Motif: Res1 name is VAL
protocols.motifs.Motif: atom1 name is aroC
protocols.motifs.Motif: atom2 name is aroC
protocols.motifs.Motif: atom3 name is F
protocols.motifs.Motif: Res1 name is ALA
protocols.motifs.Motif: atom1 name is aroC
protocols.motifs.Motif: atom2 name is aroC
protocols.motifs.Motif: atom3 name is Ntrp
protocols.motifs.Motif: Res1 name is TYR
protocols.motifs.Motif: atom1 name is Ntrp
protocols.motifs.Motif: atom2 name is COO
protocols.motifs.Motif: atom3 name is ONH2
protocols.motifs.Motif: Res1 name is LEU
protocols.motifs.Motif: atom1 name is aroC
protocols.motifs.Motif: atom2 name is aroC
protocols.motifs.Motif: atom3 name is Ntrp
core.pack.task: Packer task: initialize from command line() 
core.pack.task: Packer task: initialize from command line() 
core.pack.task: Packer task: initialize from command line() 
protocols.moves.MonteCarlo: MonteCarlo:: last_accepted_score,lowest_score: -1073.48 -1073.48
protocols.motifs.Motif: Res1 name is LEU
protocols.motifs.Motif: atom1 name is Ntrp
protocols.motifs.Motif: atom2 name is COO
protocols.motifs.Motif: atom3 name is ONH2
protocols.motifs.Motif: Res1 name is LEU
protocols.motifs.Motif: atom1 name is aroC
protocols.motifs.Motif: atom2 name is aroC
protocols.motifs.Motif: atom3 name is aroC
protocols.motifs.Motif: Res1 name is PHE
protocols.motifs.Motif: atom1 name is Ntrp
protocols.motifs.Motif: atom2 name is COO
protocols.motifs.Motif: atom3 name is ONH2
core.pack.task: Packer task: initialize from command line() 
core.pack.task: Packer task: initialize from command line() 
core.pack.task: Packer task: initialize from command line() 
protocols.moves.MonteCarlo: MonteCarlo:: last_accepted_score,lowest_score: -1079.12 -1081.23
protocols.motifs.Motif: Res1 name is LEU
protocols.motifs.Motif: atom1 name is Ntrp
protocols.motifs.Motif: atom2 name is COO
protocols.motifs.Motif: atom3 name is ONH2
protocols.motifs.Motif: Res1 name is VAL
protocols.motifs.Motif: atom1 name is aroC
protocols.motifs.Motif: atom2 name is aroC
protocols.motifs.Motif: atom3 name is Ntrp
protocols.motifs.Motif: Res1 name is ALA
protocols.motifs.Motif: atom1 name is aroC
protocols.motifs.Motif: atom2 name is aroC
protocols.motifs.Motif: atom3 name is aroC
protocols.motifs.Motif: Res1 name is VAL
protocols.motifs.Motif: atom1 name is aroC
protocols.motifs.Motif: atom2 name is aroC
protocols.motifs.Motif: atom3 name is F
protocols.motifs.Motif: Res1 name is TYR
protocols.motifs.Motif: atom1 name is NH2O
protocols.motifs.Motif: atom2 name is COO
protocols.motifs.Motif: atom3 name is ONH2
protocols.motifs.Motif: Res1 name is LEU
protocols.motifs.Motif: atom1 name is aroC
protocols.motifs.Motif: atom2 name is aroC
protocols.motifs.Motif: atom3 name is COO
protocols.motifs.Motif: Res1 name is CYS
protocols.motifs.Motif: atom1 name is aroC
protocols.motifs.Motif: atom2 name is aroC
protocols.motifs.Motif: atom3 name is Ntrp
protocols.motifs.Motif: Res1 name is PHE
protocols.motifs.Motif: atom1 name is Ntrp
protocols.motifs.Motif: atom2 name is COO
protocols.motifs.Motif: atom3 name is ONH2
core.pack.task: Packer task: initialize from command line() 
core.pack.task: Packer task: initialize from command line() 
core.pack.task: Packer task: initialize from command line() 
protocols.moves.MonteCarlo: MonteCarlo:: last_accepted_score,lowest_score: -1032.05 -1032.05
protocols.motifs.Motif: Res1 name is LEU
protocols.motifs.Motif: atom1 name is Ntrp
protocols.motifs.Motif: atom2 name is COO
protocols.motifs.Motif: atom3 name is ONH2
protocols.motifs.Motif: Res1 name is VAL
protocols.motifs.Motif: atom1 name is aroC
protocols.motifs.Motif: atom2 name is aroC
protocols.motifs.Motif: atom3 name is aroC
protocols.motifs.Motif: Res1 name is ASP
protocols.motifs.Motif: atom1 name is NH2O
protocols.motifs.Motif: atom2 name is COO
protocols.motifs.Motif: atom3 name is ONH2
protocols.motifs.Motif: Res1 name is LEU
protocols.motifs.Motif: atom1 name is aroC
protocols.motifs.Motif: atom2 name is aroC
protocols.motifs.Motif: atom3 name is COO
protocols.motifs.Motif: Res1 name is CYS
protocols.motifs.Motif: atom1 name is aroC
protocols.motifs.Motif: atom2 name is aroC
protocols.motifs.Motif: atom3 name is F
protocols.motifs.Motif: Res1 name is PHE
protocols.motifs.Motif: atom1 name is aroC
protocols.motifs.Motif: atom2 name is aroC
protocols.motifs.Motif: atom3 name is aroC
core.pack.task: Packer task: initialize from command line() 
core.pack.task: Packer task: initialize from command line() 
core.pack.task: Packer task: initialize from command line() 
protocols.moves.MonteCarlo: MonteCarlo:: last_accepted_score,lowest_score: -1075.69 -1075.69
protocols.motifs.Motif: Res1 name is LEU
protocols.motifs.Motif: atom1 name is aroC
protocols.motifs.Motif: atom2 name is aroC
protocols.motifs.Motif: atom3 name is Ntrp
protocols.motifs.Motif: Res1 name is TYR
protocols.motifs.Motif: atom1 name is Ntrp
protocols.motifs.Motif: atom2 name is COO
protocols.motifs.Motif: atom3 name is ONH2
protocols.motifs.Motif: Res1 name is LEU
protocols.motifs.Motif: atom1 name is aroC
protocols.motifs.Motif: atom2 name is aroC
protocols.motifs.Motif: atom3 name is aroC
protocols.motifs.Motif: Res1 name is PHE
protocols.motifs.Motif: atom1 name is aroC
protocols.motifs.Motif: atom2 name is aroC
protocols.motifs.Motif: atom3 name is aroC
core.pack.task: Packer task: initialize from command line() 
core.pack.task: Packer task: initialize from command line() 
core.pack.task: Packer task: initialize from command line() 
protocols.moves.MonteCarlo: MonteCarlo:: last_accepted_score,lowest_score: -1075.83 -1075.83
protocols.motifs.Motif: Res1 name is LEU
protocols.motifs.Motif: atom1 name is CH3
protocols.motifs.Motif: atom2 name is aroC
protocols.motifs.Motif: atom3 name is aroC
protocols.motifs.Motif: Res1 name is TYR
protocols.motifs.Motif: atom1 name is Ntrp
protocols.motifs.Motif: atom2 name is COO
protocols.motifs.Motif: atom3 name is ONH2
protocols.motifs.Motif: Res1 name is LEU
protocols.motifs.Motif: atom1 name is aroC
protocols.motifs.Motif: atom2 name is aroC
protocols.motifs.Motif: atom3 name is Ntrp
protocols.motifs.Motif: Res1 name is PHE
protocols.motifs.Motif: atom1 name is aroC
protocols.motifs.Motif: atom2 name is aroC
protocols.motifs.Motif: atom3 name is aroC
core.pack.task: Packer task: initialize from command line() 
core.pack.task: Packer task: initialize from command line() 
core.pack.task: Packer task: initialize from command line() 
protocols.moves.MonteCarlo: MonteCarlo:: last_accepted_score,lowest_score: -1077.57 -1077.6
protocols.motifs.Motif: Res1 name is LEU
protocols.motifs.Motif: atom1 name is CH3
protocols.motifs.Motif: atom2 name is aroC
protocols.motifs.Motif: atom3 name is aroC
protocols.motifs.Motif: Res1 name is TYR
protocols.motifs.Motif: atom1 name is Ntrp
protocols.motifs.Motif: atom2 name is COO
protocols.motifs.Motif: atom3 name is ONH2
protocols.motifs.Motif: Res1 name is LEU
protocols.motifs.Motif: atom1 name is aroC
protocols.motifs.Motif: atom2 name is aroC
protocols.motifs.Motif: atom3 name is Ntrp
protocols.motifs.Motif: Res1 name is PHE
protocols.motifs.Motif: atom1 name is aroC
protocols.motifs.Motif: atom2 name is aroC
protocols.motifs.Motif: atom3 name is aroC
core.pack.task: Packer task: initialize from command line() 
core.pack.task: Packer task: initialize from command line() 
core.pack.task: Packer task: initialize from command line() 
protocols.moves.MonteCarlo: MonteCarlo:: last_accepted_score,lowest_score: -1071.1 -1071.1
protocols.motifs.Motif: Res1 name is LEU
protocols.motifs.Motif: atom1 name is aroC
protocols.motifs.Motif: atom2 name is aroC
protocols.motifs.Motif: atom3 name is F
protocols.motifs.Motif: Res1 name is ASP
protocols.motifs.Motif: atom1 name is Ntrp
protocols.motifs.Motif: atom2 name is COO
protocols.motifs.Motif: atom3 name is ONH2
protocols.motifs.Motif: Res1 name is LEU
protocols.motifs.Motif: atom1 name is aroC
protocols.motifs.Motif: atom2 name is aroC
protocols.motifs.Motif: atom3 name is Ntrp
protocols.motifs.Motif: Res1 name is PHE
protocols.motifs.Motif: atom1 name is Ntrp
protocols.motifs.Motif: atom2 name is COO
protocols.motifs.Motif: atom3 name is ONH2
core.pack.task: Packer task: initialize from command line() 
core.pack.task: Packer task: initialize from command line() 
core.pack.task: Packer task: initialize from command line() 
protocols.moves.MonteCarlo: MonteCarlo:: last_accepted_score,lowest_score: -1080.46 -1080.46
protocols.motifs.Motif: Res1 name is LEU
protocols.motifs.Motif: atom1 name is Ntrp
protocols.motifs.Motif: atom2 name is COO
protocols.motifs.Motif: atom3 name is ONH2
protocols.motifs.Motif: Res1 name is VAL
protocols.motifs.Motif: atom1 name is aroC
protocols.motifs.Motif: atom2 name is aroC
protocols.motifs.Motif: atom3 name is F
protocols.motifs.Motif: Res1 name is ALA
protocols.motifs.Motif: atom1 name is Ntrp
protocols.motifs.Motif: atom2 name is COO
protocols.motifs.Motif: atom3 name is ONH2
protocols.motifs.Motif: Res1 name is TYR
protocols.motifs.Motif: atom1 name is Ntrp
protocols.motifs.Motif: atom2 name is COO
protocols.motifs.Motif: atom3 name is ONH2
protocols.motifs.Motif: Res1 name is LEU
protocols.motifs.Motif: atom1 name is aroC
protocols.motifs.Motif: atom2 name is aroC
protocols.motifs.Motif: atom3 name is COO
protocols.motifs.Motif: Res1 name is CYS
protocols.motifs.Motif: atom1 name is aroC
protocols.motifs.Motif: atom2 name is aroC
protocols.motifs.Motif: atom3 name is F
protocols.motifs.Motif: Res1 name is PHE
protocols.motifs.Motif: atom1 name is aroC
protocols.motifs.Motif: atom2 name is aroC
protocols.motifs.Motif: atom3 name is aroC
core.pack.task: Packer task: initialize from command line() 
core.pack.task: Packer task: initialize from command line() 
core.pack.task: Packer task: initialize from command line() 
protocols.moves.MonteCarlo: MonteCarlo:: last_accepted_score,lowest_score: -1006.3 -1006.3
protocols.motifs.Motif: Res1 name is LEU
protocols.motifs.Motif: atom1 name is aroC
protocols.motifs.Motif: atom2 name is aroC
protocols.motifs.Motif: atom3 name is Ntrp
protocols.motifs.Motif: Res1 name is ALA
protocols.motifs.Motif: atom1 name is Ntrp
protocols.motifs.Motif: atom2 name is COO
protocols.motifs.Motif: atom3 name is ONH2
protocols.motifs.Motif: Res1 name is VAL
protocols.motifs.Motif: atom1 name is Ntrp
protocols.motifs.Motif: atom2 name is COO
protocols.motifs.Motif: atom3 name is ONH2
protocols.motifs.Motif: Res1 name is LEU
protocols.motifs.Motif: atom1 name is CH3
protocols.motifs.Motif: atom2 name is aroC
protocols.motifs.Motif: atom3 name is Ntrp
protocols.motifs.Motif: Res1 name is THR
protocols.motifs.Motif: atom1 name is Ntrp
protocols.motifs.Motif: atom2 name is COO
protocols.motifs.Motif: atom3 name is ONH2
protocols.motifs.Motif: Res1 name is TYR
protocols.motifs.Motif: atom1 name is aroC
protocols.motifs.Motif: atom2 name is aroC
protocols.motifs.Motif: atom3 name is aroC
protocols.motifs.Motif: Res1 name is LEU
protocols.motifs.Motif: atom1 name is aroC
protocols.motifs.Motif: atom2 name is aroC
protocols.motifs.Motif: atom3 name is COO
protocols.motifs.Motif: Res1 name is LYS
protocols.motifs.Motif: atom1 name is NH2O
protocols.motifs.Motif: atom2 name is COO
protocols.motifs.Motif: atom3 name is ONH2
core.pack.task: Packer task: initialize from command line() 
core.pack.task: Packer task: initialize from command line() 
core.pack.task: Packer task: initialize from command line() 
protocols.moves.MonteCarlo: MonteCarlo:: last_accepted_score,lowest_score: -1073.99 -1073.99
protocols.motifs.Motif: Res1 name is LEU
protocols.motifs.Motif: atom1 name is Ntrp
protocols.motifs.Motif: atom2 name is COO
protocols.motifs.Motif: atom3 name is ONH2
protocols.motifs.Motif: Res1 name is ASN
protocols.motifs.Motif: atom1 name is NH2O
protocols.motifs.Motif: atom2 name is COO
protocols.motifs.Motif: atom3 name is ONH2
protocols.motifs.Motif: Res1 name is LEU
protocols.motifs.Motif: atom1 name is aroC
protocols.motifs.Motif: atom2 name is aroC
protocols.motifs.Motif: atom3 name is aroC
protocols.motifs.Motif: Res1 name is PHE
protocols.motifs.Motif: atom1 name is Ntrp
protocols.motifs.Motif: atom2 name is COO
protocols.motifs.Motif: atom3 name is ONH2
core.pack.task: Packer task: initialize from command line() 
core.pack.task: Packer task: initialize from command line() 
core.pack.task: Packer task: initialize from command line() 
protocols.moves.MonteCarlo: MonteCarlo:: last_accepted_score,lowest_score: -1075.23 -1075.27
protocols.motifs.Motif: Res1 name is LEU
protocols.motifs.Motif: atom1 name is aroC
protocols.motifs.Motif: atom2 name is aroC
protocols.motifs.Motif: atom3 name is aroC
protocols.motifs.Motif: Res1 name is TYR
protocols.motifs.Motif: atom1 name is Ntrp
protocols.motifs.Motif: atom2 name is COO
protocols.motifs.Motif: atom3 name is ONH2
protocols.motifs.Motif: Res1 name is LEU
protocols.motifs.Motif: atom1 name is aroC
protocols.motifs.Motif: atom2 name is aroC
protocols.motifs.Motif: atom3 name is aroC
core.pack.task: Packer task: initialize from command line() 
core.pack.task: Packer task: initialize from command line() 
core.pack.task: Packer task: initialize from command line() 
protocols.moves.MonteCarlo: MonteCarlo:: last_accepted_score,lowest_score: -1072.52 -1072.52
protocols.motifs.Motif: Res1 name is LEU
protocols.motifs.Motif: atom1 name is aroC
protocols.motifs.Motif: atom2 name is aroC
protocols.motifs.Motif: atom3 name is aroC
protocols.motifs.Motif: Res1 name is ASP
protocols.motifs.Motif: atom1 name is CH3
protocols.motifs.Motif: atom2 name is aroC
protocols.motifs.Motif: atom3 name is aroC
protocols.motifs.Motif: Res1 name is ASN
protocols.motifs.Motif: atom1 name is CH3
protocols.motifs.Motif: atom2 name is aroC
protocols.motifs.Motif: atom3 name is Ntrp
core.pack.task: Packer task: initialize from command line() 
core.pack.task: Packer task: initialize from command line() 
core.pack.task: Packer task: initialize from command line() 
protocols.moves.MonteCarlo: MonteCarlo:: last_accepted_score,lowest_score: -1076.39 -1076.39
protocols.motifs.Motif: Res1 name is LEU
protocols.motifs.Motif: atom1 name is CH3
protocols.motifs.Motif: atom2 name is aroC
protocols.motifs.Motif: atom3 name is aroC
protocols.motifs.Motif: Res1 name is VAL
protocols.motifs.Motif: atom1 name is aroC
protocols.motifs.Motif: atom2 name is aroC
protocols.motifs.Motif: atom3 name is F
protocols.motifs.Motif: Res1 name is TYR
protocols.motifs.Motif: atom1 name is Ntrp
protocols.motifs.Motif: atom2 name is COO
protocols.motifs.Motif: atom3 name is ONH2
protocols.motifs.Motif: Res1 name is LEU
protocols.motifs.Motif: atom1 name is aroC
protocols.motifs.Motif: atom2 name is aroC
protocols.motifs.Motif: atom3 name is Ntrp
protocols.motifs.Motif: Res1 name is PHE
protocols.motifs.Motif: atom1 name is aroC
protocols.motifs.Motif: atom2 name is aroC
protocols.motifs.Motif: atom3 name is aroC
core.pack.task: Packer task: initialize from command line() 
core.pack.task: Packer task: initialize from command line() 
core.pack.task: Packer task: initialize from command line() 
protocols.moves.MonteCarlo: MonteCarlo:: last_accepted_score,lowest_score: -1075.56 -1077.35
protocols.motifs.Motif: Res1 name is LEU
protocols.motifs.Motif: atom1 name is Ntrp
protocols.motifs.Motif: atom2 name is COO
protocols.motifs.Motif: atom3 name is ONH2
protocols.motifs.Motif: Res1 name is ALA
protocols.motifs.Motif: atom1 name is aroC
protocols.motifs.Motif: atom2 name is aroC
protocols.motifs.Motif: atom3 name is Ntrp
protocols.motifs.Motif: Res1 name is TYR
protocols.motifs.Motif: atom1 name is Ntrp
protocols.motifs.Motif: atom2 name is COO
protocols.motifs.Motif: atom3 name is ONH2
protocols.motifs.Motif: Res1 name is LEU
protocols.motifs.Motif: atom1 name is aroC
protocols.motifs.Motif: atom2 name is aroC
protocols.motifs.Motif: atom3 name is COO
protocols.motifs.Motif: Res1 name is CYS
protocols.motifs.Motif: atom1 name is aroC
protocols.motifs.Motif: atom2 name is aroC
protocols.motifs.Motif: atom3 name is F
protocols.motifs.Motif: Res1 name is PHE
protocols.motifs.Motif: atom1 name is aroC
protocols.motifs.Motif: atom2 name is aroC
protocols.motifs.Motif: atom3 name is aroC
core.pack.task: Packer task: initialize from command line() 
core.pack.task: Packer task: initialize from command line() 
core.pack.task: Packer task: initialize from command line() 
protocols.moves.MonteCarlo: MonteCarlo:: last_accepted_score,lowest_score: -1078.08 -1078.08
protocols.motifs.Motif: Res1 name is LEU
protocols.motifs.Motif: atom1 name is aroC
protocols.motifs.Motif: atom2 name is aroC
protocols.motifs.Motif: atom3 name is Ntrp
protocols.motifs.Motif: Res1 name is LEU
protocols.motifs.Motif: atom1 name is aroC
protocols.motifs.Motif: atom2 name is aroC
protocols.motifs.Motif: atom3 name is aroC
protocols.motifs.Motif: Res1 name is PHE
protocols.motifs.Motif: atom1 name is Ntrp
protocols.motifs.Motif: atom2 name is COO
protocols.motifs.Motif: atom3 name is ONH2
core.pack.task: Packer task: initialize from command line() 
core.pack.task: Packer task: initialize from command line() 
core.pack.task: Packer task: initialize from command line() 
protocols.moves.MonteCarlo: MonteCarlo:: last_accepted_score,lowest_score: -1072.25 -1072.25
protocols.motifs.Motif: Res1 name is LEU
protocols.motifs.Motif: atom1 name is aroC
protocols.motifs.Motif: atom2 name is aroC
protocols.motifs.Motif: atom3 name is Ntrp
protocols.motifs.Motif: Res1 name is TYR
protocols.motifs.Motif: atom1 name is Ntrp
protocols.motifs.Motif: atom2 name is COO
protocols.motifs.Motif: atom3 name is ONH2
protocols.motifs.Motif: Res1 name is ASN
protocols.motifs.Motif: atom1 name is NH2O
protocols.motifs.Motif: atom2 name is COO
protocols.motifs.Motif: atom3 name is ONH2
protocols.motifs.Motif: Res1 name is LEU
protocols.motifs.Motif: atom1 name is aroC
protocols.motifs.Motif: atom2 name is aroC
protocols.motifs.Motif: atom3 name is F
core.pack.task: Packer task: initialize from command line() 
core.pack.task: Packer task: initialize from command line() 
core.pack.task: Packer task: initialize from command line() 
protocols.moves.MonteCarlo: MonteCarlo:: last_accepted_score,lowest_score: -1075.67 -1075.67
protocols.motifs.Motif: Res1 name is LEU
protocols.motifs.Motif: atom1 name is CH3
protocols.motifs.Motif: atom2 name is aroC
protocols.motifs.Motif: atom3 name is aroC
protocols.motifs.Motif: Res1 name is VAL
protocols.motifs.Motif: atom1 name is aroC
protocols.motifs.Motif: atom2 name is aroC
protocols.motifs.Motif: atom3 name is F
protocols.motifs.Motif: Res1 name is ALA
protocols.motifs.Motif: atom1 name is aroC
protocols.motifs.Motif: atom2 name is aroC
protocols.motifs.Motif: atom3 name is Ntrp
protocols.motifs.Motif: Res1 name is TYR
protocols.motifs.Motif: atom1 name is Ntrp
protocols.motifs.Motif: atom2 name is COO
protocols.motifs.Motif: atom3 name is ONH2
protocols.motifs.Motif: Res1 name is LEU
protocols.motifs.Motif: atom1 name is aroC
protocols.motifs.Motif: atom2 name is aroC
protocols.motifs.Motif: atom3 name is Ntrp
core.pack.task: Packer task: initialize from command line() 
core.pack.task: Packer task: initialize from command line() 
core.pack.task: Packer task: initialize from command line() 
protocols.moves.MonteCarlo: MonteCarlo:: last_accepted_score,lowest_score: -1074.97 -1074.97
protocols.motifs.Motif: Res1 name is LEU
protocols.motifs.Motif: atom1 name is aroC
protocols.motifs.Motif: atom2 name is aroC
protocols.motifs.Motif: atom3 name is aroC
protocols.motifs.Motif: Res1 name is TYR
protocols.motifs.Motif: atom1 name is aroC
protocols.motifs.Motif: atom2 name is aroC
protocols.motifs.Motif: atom3 name is Ntrp
protocols.motifs.Motif: Res1 name is ASP
protocols.motifs.Motif: atom1 name is aroC
protocols.motifs.Motif: atom2 name is aroC
protocols.motifs.Motif: atom3 name is aroC
protocols.motifs.Motif: Res1 name is LEU
protocols.motifs.Motif: atom1 name is aroC
protocols.motifs.Motif: atom2 name is aroC
protocols.motifs.Motif: atom3 name is F
protocols.motifs.Motif: Res1 name is PHE
protocols.motifs.Motif: atom1 name is CH3
protocols.motifs.Motif: atom2 name is aroC
protocols.motifs.Motif: atom3 name is aroC
core.pack.task: Packer task: initialize from command line() 
core.pack.task: Packer task: initialize from command line() 
core.pack.task: Packer task: initialize from command line() 
protocols.moves.MonteCarlo: MonteCarlo:: last_accepted_score,lowest_score: -1074.45 -1074.61
protocols.motifs.Motif: Res1 name is LEU
protocols.motifs.Motif: atom1 name is aroC
protocols.motifs.Motif: atom2 name is aroC
protocols.motifs.Motif: atom3 name is F
protocols.motifs.Motif: Res1 name is TYR
protocols.motifs.Motif: atom1 name is aroC
protocols.motifs.Motif: atom2 name is aroC
protocols.motifs.Motif: atom3 name is Ntrp
core.pack.task: Packer task: initialize from command line() 
core.pack.task: Packer task: initialize from command line() 
core.pack.task: Packer task: initialize from command line() 
protocols.moves.MonteCarlo: MonteCarlo:: last_accepted_score,lowest_score: -1079.69 -1080.44
protocols.motifs.Motif: Res1 name is LEU
protocols.motifs.Motif: atom1 name is Ntrp
protocols.motifs.Motif: atom2 name is COO
protocols.motifs.Motif: atom3 name is ONH2
protocols.motifs.Motif: Res1 name is VAL
protocols.motifs.Motif: atom1 name is aroC
protocols.motifs.Motif: atom2 name is aroC
protocols.motifs.Motif: atom3 name is Ntrp
protocols.motifs.Motif: Res1 name is ALA
protocols.motifs.Motif: atom1 name is aroC
protocols.motifs.Motif: atom2 name is aroC
protocols.motifs.Motif: atom3 name is aroC
protocols.motifs.Motif: Res1 name is VAL
protocols.motifs.Motif: atom1 name is aroC
protocols.motifs.Motif: atom2 name is aroC
protocols.motifs.Motif: atom3 name is F
protocols.motifs.Motif: Res1 name is TYR
protocols.motifs.Motif: atom1 name is NH2O
protocols.motifs.Motif: atom2 name is COO
protocols.motifs.Motif: atom3 name is ONH2
protocols.motifs.Motif: Res1 name is LEU
protocols.motifs.Motif: atom1 name is aroC
protocols.motifs.Motif: atom2 name is aroC
protocols.motifs.Motif: atom3 name is aroC
protocols.motifs.Motif: Res1 name is CYS
protocols.motifs.Motif: atom1 name is aroC
protocols.motifs.Motif: atom2 name is aroC
protocols.motifs.Motif: atom3 name is Ntrp
protocols.motifs.Motif: Res1 name is PHE
protocols.motifs.Motif: atom1 name is Ntrp
protocols.motifs.Motif: atom2 name is COO
protocols.motifs.Motif: atom3 name is ONH2
core.pack.task: Packer task: initialize from command line() 
core.pack.task: Packer task: initialize from command line() 
core.pack.task: Packer task: initialize from command line() 
protocols.moves.MonteCarlo: MonteCarlo:: last_accepted_score,lowest_score: -1072.53 -1072.57
protocols.motifs.Motif: Res1 name is LYS
protocols.motifs.Motif: atom1 name is Ntrp
protocols.motifs.Motif: atom2 name is COO
protocols.motifs.Motif: atom3 name is ONH2
protocols.motifs.Motif: Res1 name is LEU
protocols.motifs.Motif: atom1 name is Ntrp
protocols.motifs.Motif: atom2 name is COO
protocols.motifs.Motif: atom3 name is ONH2
protocols.motifs.Motif: Res1 name is TYR
protocols.motifs.Motif: atom1 name is Ntrp
protocols.motifs.Motif: atom2 name is COO
protocols.motifs.Motif: atom3 name is ONH2
core.pack.task: Packer task: initialize from command line() 
core.pack.task: Packer task: initialize from command line() 
core.pack.task: Packer task: initialize from command line() 
protocols.moves.MonteCarlo: MonteCarlo:: last_accepted_score,lowest_score: -1074.05 -1074.05
protocols.motifs.Motif: Res1 name is LEU
protocols.motifs.Motif: atom1 name is aroC
protocols.motifs.Motif: atom2 name is aroC
protocols.motifs.Motif: atom3 name is Ntrp
protocols.motifs.Motif: Res1 name is TYR
protocols.motifs.Motif: atom1 name is Ntrp
protocols.motifs.Motif: atom2 name is COO
protocols.motifs.Motif: atom3 name is ONH2
protocols.motifs.Motif: Res1 name is LEU
protocols.motifs.Motif: atom1 name is aroC
protocols.motifs.Motif: atom2 name is aroC
protocols.motifs.Motif: atom3 name is F
core.pack.task: Packer task: initialize from command line() 
core.pack.task: Packer task: initialize from command line() 
core.pack.task: Packer task: initialize from command line() 
protocols.moves.MonteCarlo: MonteCarlo:: last_accepted_score,lowest_score: -1069.79 -1069.79
protocols.motifs.Motif: Res1 name is LYS
protocols.motifs.Motif: atom1 name is Ntrp
protocols.motifs.Motif: atom2 name is COO
protocols.motifs.Motif: atom3 name is ONH2
protocols.motifs.Motif: Res1 name is LEU
protocols.motifs.Motif: atom1 name is Ntrp
protocols.motifs.Motif: atom2 name is COO
protocols.motifs.Motif: atom3 name is ONH2
core.pack.task: Packer task: initialize from command line() 
core.pack.task: Packer task: initialize from command line() 
core.pack.task: Packer task: initialize from command line() 
protocols.moves.MonteCarlo: MonteCarlo:: last_accepted_score,lowest_score: -1076.96 -1077.05
protocols.motifs.Motif: Res1 name is LEU
protocols.motifs.Motif: atom1 name is CH3
protocols.motifs.Motif: atom2 name is aroC
protocols.motifs.Motif: atom3 name is aroC
protocols.motifs.Motif: Res1 name is TYR
protocols.motifs.Motif: atom1 name is Ntrp
protocols.motifs.Motif: atom2 name is COO
protocols.motifs.Motif: atom3 name is ONH2
protocols.motifs.Motif: Res1 name is LEU
protocols.motifs.Motif: atom1 name is aroC
protocols.motifs.Motif: atom2 name is aroC
protocols.motifs.Motif: atom3 name is aroC
protocols.motifs.Motif: Res1 name is PHE
protocols.motifs.Motif: atom1 name is aroC
protocols.motifs.Motif: atom2 name is aroC
protocols.motifs.Motif: atom3 name is aroC
core.pack.task: Packer task: initialize from command line() 
core.pack.task: Packer task: initialize from command line() 
core.pack.task: Packer task: initialize from command line() 
protocols.moves.MonteCarlo: MonteCarlo:: last_accepted_score,lowest_score: -1076.38 -1077.88
protocols.motifs.Motif: Res1 name is LEU
protocols.motifs.Motif: atom1 name is aroC
protocols.motifs.Motif: atom2 name is COO
protocols.motifs.Motif: atom3 name is ONH2
protocols.motifs.Motif: Res1 name is TYR
protocols.motifs.Motif: atom1 name is Ntrp
protocols.motifs.Motif: atom2 name is COO
protocols.motifs.Motif: atom3 name is ONH2
protocols.motifs.Motif: Res1 name is LEU
protocols.motifs.Motif: atom1 name is aroC
protocols.motifs.Motif: atom2 name is aroC
protocols.motifs.Motif: atom3 name is COO
protocols.motifs.Motif: Res1 name is PHE
protocols.motifs.Motif: atom1 name is aroC
protocols.motifs.Motif: atom2 name is aroC
protocols.motifs.Motif: atom3 name is F
core.pack.task: Packer task: initialize from command line() 
core.pack.task: Packer task: initialize from command line() 
core.pack.task: Packer task: initialize from command line() 
protocols.moves.MonteCarlo: MonteCarlo:: last_accepted_score,lowest_score: -1073.11 -1074.6
protocols.motifs.Motif: Res1 name is LEU
protocols.motifs.Motif: atom1 name is CH3
protocols.motifs.Motif: atom2 name is aroC
protocols.motifs.Motif: atom3 name is aroC
protocols.motifs.Motif: Res1 name is TYR
protocols.motifs.Motif: atom1 name is aroC
protocols.motifs.Motif: atom2 name is aroC
protocols.motifs.Motif: atom3 name is Ntrp
protocols.motifs.Motif: Res1 name is LEU
protocols.motifs.Motif: atom1 name is aroC
protocols.motifs.Motif: atom2 name is aroC
protocols.motifs.Motif: atom3 name is F
core.pack.task: Packer task: initialize from command line() 
core.pack.task: Packer task: initialize from command line() 
core.pack.task: Packer task: initialize from command line() 
protocols.moves.MonteCarlo: MonteCarlo:: last_accepted_score,lowest_score: -1074.98 -1074.98
protocols.motifs.Motif: Res1 name is LEU
protocols.motifs.Motif: atom1 name is aroC
protocols.motifs.Motif: atom2 name is aroC
protocols.motifs.Motif: atom3 name is Ntrp
protocols.motifs.Motif: Res1 name is TYR
protocols.motifs.Motif: atom1 name is Ntrp
protocols.motifs.Motif: atom2 name is COO
protocols.motifs.Motif: atom3 name is ONH2
protocols.motifs.Motif: Res1 name is ASP
protocols.motifs.Motif: atom1 name is NH2O
protocols.motifs.Motif: atom2 name is COO
protocols.motifs.Motif: atom3 name is ONH2
protocols.motifs.Motif: Res1 name is ASN
protocols.motifs.Motif: atom1 name is NH2O
protocols.motifs.Motif: atom2 name is COO
protocols.motifs.Motif: atom3 name is ONH2
protocols.motifs.Motif: Res1 name is LEU
protocols.motifs.Motif: atom1 name is aroC
protocols.motifs.Motif: atom2 name is aroC
protocols.motifs.Motif: atom3 name is aroC
protocols.motifs.Motif: Res1 name is PHE
protocols.motifs.Motif: atom1 name is aroC
protocols.motifs.Motif: atom2 name is aroC
protocols.motifs.Motif: atom3 name is aroC
core.pack.task: Packer task: initialize from command line() 
core.pack.task: Packer task: initialize from command line() 
core.pack.task: Packer task: initialize from command line() 
protocols.moves.MonteCarlo: MonteCarlo:: last_accepted_score,lowest_score: -1073.85 -1073.85
protocols.motifs.Motif: Res1 name is LEU
protocols.motifs.Motif: atom1 name is Ntrp
protocols.motifs.Motif: atom2 name is COO
protocols.motifs.Motif: atom3 name is ONH2
protocols.motifs.Motif: Res1 name is TYR
protocols.motifs.Motif: atom1 name is aroC
protocols.motifs.Motif: atom2 name is aroC
protocols.motifs.Motif: atom3 name is F
protocols.motifs.Motif: Res1 name is LEU
protocols.motifs.Motif: atom1 name is aroC
protocols.motifs.Motif: atom2 name is aroC
protocols.motifs.Motif: atom3 name is aroC
core.pack.task: Packer task: initialize from command line() 
core.pack.task: Packer task: initialize from command line() 
core.pack.task: Packer task: initialize from command line() 
protocols.moves.MonteCarlo: MonteCarlo:: last_accepted_score,lowest_score: -1081.11 -1081.11
protocols.motifs.Motif: Res1 name is LEU
protocols.motifs.Motif: atom1 name is Ntrp
protocols.motifs.Motif: atom2 name is COO
protocols.motifs.Motif: atom3 name is ONH2
protocols.motifs.Motif: Res1 name is VAL
protocols.motifs.Motif: atom1 name is aroC
protocols.motifs.Motif: atom2 name is aroC
protocols.motifs.Motif: atom3 name is Ntrp
protocols.motifs.Motif: Res1 name is ALA
protocols.motifs.Motif: atom1 name is aroC
protocols.motifs.Motif: atom2 name is aroC
protocols.motifs.Motif: atom3 name is aroC
protocols.motifs.Motif: Res1 name is VAL
protocols.motifs.Motif: atom1 name is aroC
protocols.motifs.Motif: atom2 name is aroC
protocols.motifs.Motif: atom3 name is F
protocols.motifs.Motif: Res1 name is TYR
protocols.motifs.Motif: atom1 name is NH2O
protocols.motifs.Motif: atom2 name is COO
protocols.motifs.Motif: atom3 name is ONH2
protocols.motifs.Motif: Res1 name is LEU
protocols.motifs.Motif: atom1 name is aroC
protocols.motifs.Motif: atom2 name is aroC
protocols.motifs.Motif: atom3 name is COO
protocols.motifs.Motif: Res1 name is CYS
protocols.motifs.Motif: atom1 name is aroC
protocols.motifs.Motif: atom2 name is aroC
protocols.motifs.Motif: atom3 name is Ntrp
protocols.motifs.Motif: Res1 name is PHE
protocols.motifs.Motif: atom1 name is Ntrp
protocols.motifs.Motif: atom2 name is COO
protocols.motifs.Motif: atom3 name is ONH2
core.pack.task: Packer task: initialize from command line() 
core.pack.task: Packer task: initialize from command line() 
core.pack.task: Packer task: initialize from command line() 
protocols.moves.MonteCarlo: MonteCarlo:: last_accepted_score,lowest_score: -1072.53 -1072.53
protocols.motifs.Motif: Res1 name is LEU
protocols.motifs.Motif: atom1 name is Ntrp
protocols.motifs.Motif: atom2 name is COO
protocols.motifs.Motif: atom3 name is ONH2
protocols.motifs.Motif: Res1 name is TYR
protocols.motifs.Motif: atom1 name is aroC
protocols.motifs.Motif: atom2 name is aroC
protocols.motifs.Motif: atom3 name is F
protocols.motifs.Motif: Res1 name is LEU
protocols.motifs.Motif: atom1 name is aroC
protocols.motifs.Motif: atom2 name is aroC
protocols.motifs.Motif: atom3 name is Ntrp
core.pack.task: Packer task: initialize from command line() 
core.pack.task: Packer task: initialize from command line() 
core.pack.task: Packer task: initialize from command line() 
protocols.moves.MonteCarlo: MonteCarlo:: last_accepted_score,lowest_score: -1080.15 -1080.37
protocols.motifs.Motif: Res1 name is LEU
protocols.motifs.Motif: atom1 name is Ntrp
protocols.motifs.Motif: atom2 name is COO
protocols.motifs.Motif: atom3 name is ONH2
protocols.motifs.Motif: Res1 name is VAL
protocols.motifs.Motif: atom1 name is aroC
protocols.motifs.Motif: atom2 name is aroC
protocols.motifs.Motif: atom3 name is Ntrp
protocols.motifs.Motif: Res1 name is ALA
protocols.motifs.Motif: atom1 name is aroC
protocols.motifs.Motif: atom2 name is aroC
protocols.motifs.Motif: atom3 name is F
protocols.motifs.Motif: Res1 name is TYR
protocols.motifs.Motif: atom1 name is NH2O
protocols.motifs.Motif: atom2 name is COO
protocols.motifs.Motif: atom3 name is ONH2
protocols.motifs.Motif: Res1 name is LEU
protocols.motifs.Motif: atom1 name is aroC
protocols.motifs.Motif: atom2 name is aroC
protocols.motifs.Motif: atom3 name is aroC
protocols.motifs.Motif: Res1 name is CYS
protocols.motifs.Motif: atom1 name is aroC
protocols.motifs.Motif: atom2 name is aroC
protocols.motifs.Motif: atom3 name is Ntrp
protocols.motifs.Motif: Res1 name is PHE
protocols.motifs.Motif: atom1 name is Ntrp
protocols.motifs.Motif: atom2 name is COO
protocols.motifs.Motif: atom3 name is ONH2
core.pack.task: Packer task: initialize from command line() 
core.pack.task: Packer task: initialize from command line() 
core.pack.task: Packer task: initialize from command line() 
protocols.moves.MonteCarlo: MonteCarlo:: last_accepted_score,lowest_score: -1072.32 -1072.32
protocols.motifs.Motif: Res1 name is LEU
protocols.motifs.Motif: atom1 name is Ntrp
protocols.motifs.Motif: atom2 name is COO
protocols.motifs.Motif: atom3 name is ONH2
protocols.motifs.Motif: Res1 name is TYR
protocols.motifs.Motif: atom1 name is aroC
protocols.motifs.Motif: atom2 name is aroC
protocols.motifs.Motif: atom3 name is F
protocols.motifs.Motif: Res1 name is PHE
protocols.motifs.Motif: atom1 name is Ntrp
protocols.motifs.Motif: atom2 name is COO
protocols.motifs.Motif: atom3 name is ONH2
core.pack.task: Packer task: initialize from command line() 
core.pack.task: Packer task: initialize from command line() 
core.pack.task: Packer task: initialize from command line() 
protocols.moves.MonteCarlo: MonteCarlo:: last_accepted_score,lowest_score: -1075.36 -1075.36
protocols.motifs.Motif: Res1 name is LEU
protocols.motifs.Motif: atom1 name is Ntrp
protocols.motifs.Motif: atom2 name is COO
protocols.motifs.Motif: atom3 name is ONH2
protocols.motifs.Motif: Res1 name is TYR
protocols.motifs.Motif: atom1 name is aroC
protocols.motifs.Motif: atom2 name is aroC
protocols.motifs.Motif: atom3 name is F
protocols.motifs.Motif: Res1 name is LEU
protocols.motifs.Motif: atom1 name is aroC
protocols.motifs.Motif: atom2 name is aroC
protocols.motifs.Motif: atom3 name is Ntrp
protocols.motifs.Motif: Res1 name is PHE
protocols.motifs.Motif: atom1 name is Ntrp
protocols.motifs.Motif: atom2 name is COO
protocols.motifs.Motif: atom3 name is ONH2
core.pack.task: Packer task: initialize from command line() 
core.pack.task: Packer task: initialize from command line() 
core.pack.task: Packer task: initialize from command line() 
protocols.moves.MonteCarlo: MonteCarlo:: last_accepted_score,lowest_score: -1078.01 -1078.01
protocols.motifs.Motif: Res1 name is LEU
protocols.motifs.Motif: atom1 name is CH3
protocols.motifs.Motif: atom2 name is aroC
protocols.motifs.Motif: atom3 name is aroC
protocols.motifs.Motif: Res1 name is VAL
protocols.motifs.Motif: atom1 name is aroC
protocols.motifs.Motif: atom2 name is aroC
protocols.motifs.Motif: atom3 name is aroC
protocols.motifs.Motif: Res1 name is ALA
protocols.motifs.Motif: atom1 name is aroC
protocols.motifs.Motif: atom2 name is aroC
protocols.motifs.Motif: atom3 name is Ntrp
protocols.motifs.Motif: Res1 name is TYR
protocols.motifs.Motif: atom1 name is Ntrp
protocols.motifs.Motif: atom2 name is COO
protocols.motifs.Motif: atom3 name is ONH2
protocols.motifs.Motif: Res1 name is LEU
protocols.motifs.Motif: atom1 name is aroC
protocols.motifs.Motif: atom2 name is aroC
protocols.motifs.Motif: atom3 name is COO
protocols.motifs.Motif: Res1 name is PHE
protocols.motifs.Motif: atom1 name is aroC
protocols.motifs.Motif: atom2 name is aroC
protocols.motifs.Motif: atom3 name is aroC
core.pack.task: Packer task: initialize from command line() 
core.pack.task: Packer task: initialize from command line() 
core.pack.task: Packer task: initialize from command line() 
protocols.moves.MonteCarlo: MonteCarlo:: last_accepted_score,lowest_score: -1072.55 -1073.1
protocols.motifs.Motif: Res1 name is LEU
protocols.motifs.Motif: atom1 name is Ntrp
protocols.motifs.Motif: atom2 name is COO
protocols.motifs.Motif: atom3 name is ONH2
protocols.motifs.Motif: Res1 name is TYR
protocols.motifs.Motif: atom1 name is aroC
protocols.motifs.Motif: atom2 name is aroC
protocols.motifs.Motif: atom3 name is F
protocols.motifs.Motif: Res1 name is LEU
protocols.motifs.Motif: atom1 name is aroC
protocols.motifs.Motif: atom2 name is aroC
protocols.motifs.Motif: atom3 name is aroC
core.pack.task: Packer task: initialize from command line() 
core.pack.task: Packer task: initialize from command line() 
core.pack.task: Packer task: initialize from command line() 
protocols.moves.MonteCarlo: MonteCarlo:: last_accepted_score,lowest_score: -1081.05 -1081.05
protocols.motifs.Motif: Res1 name is LEU
protocols.motifs.Motif: atom1 name is Ntrp
protocols.motifs.Motif: atom2 name is COO
protocols.motifs.Motif: atom3 name is ONH2
protocols.motifs.Motif: Res1 name is VAL
protocols.motifs.Motif: atom1 name is aroC
protocols.motifs.Motif: atom2 name is aroC
protocols.motifs.Motif: atom3 name is Ntrp
protocols.motifs.Motif: Res1 name is ALA
protocols.motifs.Motif: atom1 name is aroC
protocols.motifs.Motif: atom2 name is aroC
protocols.motifs.Motif: atom3 name is aroC
protocols.motifs.Motif: Res1 name is VAL
protocols.motifs.Motif: atom1 name is aroC
protocols.motifs.Motif: atom2 name is aroC
protocols.motifs.Motif: atom3 name is F
protocols.motifs.Motif: Res1 name is TYR
protocols.motifs.Motif: atom1 name is CH3
protocols.motifs.Motif: atom2 name is aroC
protocols.motifs.Motif: atom3 name is aroC
protocols.motifs.Motif: Res1 name is LEU
protocols.motifs.Motif: atom1 name is aroC
protocols.motifs.Motif: atom2 name is aroC
protocols.motifs.Motif: atom3 name is COO
protocols.motifs.Motif: Res1 name is CYS
protocols.motifs.Motif: atom1 name is aroC
protocols.motifs.Motif: atom2 name is aroC
protocols.motifs.Motif: atom3 name is Ntrp
protocols.motifs.Motif: Res1 name is PHE
protocols.motifs.Motif: atom1 name is Ntrp
protocols.motifs.Motif: atom2 name is COO
protocols.motifs.Motif: atom3 name is ONH2
core.pack.task: Packer task: initialize from command line() 
core.pack.task: Packer task: initialize from command line() 
core.pack.task: Packer task: initialize from command line() 
protocols.moves.MonteCarlo: MonteCarlo:: last_accepted_score,lowest_score: -1068.17 -1069.39
protocols.motifs.Motif: Res1 name is LEU
protocols.motifs.Motif: atom1 name is aroC
protocols.motifs.Motif: atom2 name is aroC
protocols.motifs.Motif: atom3 name is F
core.pack.task: Packer task: initialize from command line() 
core.pack.task: Packer task: initialize from command line() 
core.pack.task: Packer task: initialize from command line() 
protocols.moves.MonteCarlo: MonteCarlo:: last_accepted_score,lowest_score: -1080.35 -1080.35
protocols.motifs.Motif: Res1 name is LEU
protocols.motifs.Motif: atom1 name is Ntrp
protocols.motifs.Motif: atom2 name is COO
protocols.motifs.Motif: atom3 name is ONH2
protocols.motifs.Motif: Res1 name is VAL
protocols.motifs.Motif: atom1 name is aroC
protocols.motifs.Motif: atom2 name is aroC
protocols.motifs.Motif: atom3 name is Ntrp
protocols.motifs.Motif: Res1 name is ALA
protocols.motifs.Motif: atom1 name is aroC
protocols.motifs.Motif: atom2 name is aroC
protocols.motifs.Motif: atom3 name is aroC
protocols.motifs.Motif: Res1 name is VAL
protocols.motifs.Motif: atom1 name is aroC
protocols.motifs.Motif: atom2 name is aroC
protocols.motifs.Motif: atom3 name is F
protocols.motifs.Motif: Res1 name is TYR
protocols.motifs.Motif: atom1 name is CH3
protocols.motifs.Motif: atom2 name is aroC
protocols.motifs.Motif: atom3 name is aroC
protocols.motifs.Motif: Res1 name is LEU
protocols.motifs.Motif: atom1 name is aroC
protocols.motifs.Motif: atom2 name is aroC
protocols.motifs.Motif: atom3 name is COO
protocols.motifs.Motif: Res1 name is CYS
protocols.motifs.Motif: atom1 name is aroC
protocols.motifs.Motif: atom2 name is aroC
protocols.motifs.Motif: atom3 name is Ntrp
protocols.motifs.Motif: Res1 name is PHE
protocols.motifs.Motif: atom1 name is Ntrp
protocols.motifs.Motif: atom2 name is COO
protocols.motifs.Motif: atom3 name is ONH2
core.pack.task: Packer task: initialize from command line() 
core.pack.task: Packer task: initialize from command line() 
core.pack.task: Packer task: initialize from command line() 
protocols.moves.MonteCarlo: MonteCarlo:: last_accepted_score,lowest_score: -1002.63 -1002.63
protocols.motifs.Motif: Res1 name is LEU
protocols.motifs.Motif: atom1 name is aroC
protocols.motifs.Motif: atom2 name is aroC
protocols.motifs.Motif: atom3 name is Ntrp
protocols.motifs.Motif: Res1 name is TYR
protocols.motifs.Motif: atom1 name is aroC
protocols.motifs.Motif: atom2 name is aroC
protocols.motifs.Motif: atom3 name is F
protocols.motifs.Motif: Res1 name is LEU
protocols.motifs.Motif: atom1 name is aroC
protocols.motifs.Motif: atom2 name is aroC
protocols.motifs.Motif: atom3 name is Ntrp
protocols.motifs.Motif: Res1 name is PHE
protocols.motifs.Motif: atom1 name is Ntrp
protocols.motifs.Motif: atom2 name is COO
protocols.motifs.Motif: atom3 name is ONH2
core.pack.task: Packer task: initialize from command line() 
core.pack.task: Packer task: initialize from command line() 
core.pack.task: Packer task: initialize from command line() 
protocols.moves.MonteCarlo: MonteCarlo:: last_accepted_score,lowest_score: -1081.37 -1082.21
protocols.motifs.Motif: Res1 name is LEU
protocols.motifs.Motif: atom1 name is CH3
protocols.motifs.Motif: atom2 name is aroC
protocols.motifs.Motif: atom3 name is aroC
protocols.motifs.Motif: Res1 name is VAL
protocols.motifs.Motif: atom1 name is aroC
protocols.motifs.Motif: atom2 name is aroC
protocols.motifs.Motif: atom3 name is F
protocols.motifs.Motif: Res1 name is ALA
protocols.motifs.Motif: atom1 name is Ntrp
protocols.motifs.Motif: atom2 name is COO
protocols.motifs.Motif: atom3 name is ONH2
protocols.motifs.Motif: Res1 name is TYR
protocols.motifs.Motif: atom1 name is CH3
protocols.motifs.Motif: atom2 name is aroC
protocols.motifs.Motif: atom3 name is Ntrp
protocols.motifs.Motif: Res1 name is LEU
protocols.motifs.Motif: atom1 name is aroC
protocols.motifs.Motif: atom2 name is COO
protocols.motifs.Motif: atom3 name is ONH2
protocols.motifs.Motif: Res1 name is CYS
protocols.motifs.Motif: atom1 name is aroC
protocols.motifs.Motif: atom2 name is aroC
protocols.motifs.Motif: atom3 name is aroC
protocols.motifs.Motif: Res1 name is PHE
protocols.motifs.Motif: atom1 name is aroC
protocols.motifs.Motif: atom2 name is aroC
protocols.motifs.Motif: atom3 name is F
core.pack.task: Packer task: initialize from command line() 
core.pack.task: Packer task: initialize from command line() 
core.pack.task: Packer task: initialize from command line() 
protocols.moves.MonteCarlo: MonteCarlo:: last_accepted_score,lowest_score: -1077.92 -1078.65
protocols.motifs.Motif: Res1 name is LEU
protocols.motifs.Motif: atom1 name is CH3
protocols.motifs.Motif: atom2 name is aroC
protocols.motifs.Motif: atom3 name is aroC
protocols.motifs.Motif: Res1 name is VAL
protocols.motifs.Motif: atom1 name is aroC
protocols.motifs.Motif: atom2 name is aroC
protocols.motifs.Motif: atom3 name is F
protocols.motifs.Motif: Res1 name is ALA
protocols.motifs.Motif: atom1 name is aroC
protocols.motifs.Motif: atom2 name is aroC
protocols.motifs.Motif: atom3 name is Ntrp
protocols.motifs.Motif: Res1 name is TYR
protocols.motifs.Motif: atom1 name is Ntrp
protocols.motifs.Motif: atom2 name is COO
protocols.motifs.Motif: atom3 name is ONH2
protocols.motifs.Motif: Res1 name is LEU
protocols.motifs.Motif: atom1 name is aroC
protocols.motifs.Motif: atom2 name is aroC
protocols.motifs.Motif: atom3 name is COO
protocols.motifs.Motif: Res1 name is CYS
protocols.motifs.Motif: atom1 name is aroC
protocols.motifs.Motif: atom2 name is aroC
protocols.motifs.Motif: atom3 name is F
protocols.motifs.Motif: Res1 name is PHE
protocols.motifs.Motif: atom1 name is aroC
protocols.motifs.Motif: atom2 name is aroC
protocols.motifs.Motif: atom3 name is aroC
core.pack.task: Packer task: initialize from command line() 
core.pack.task: Packer task: initialize from command line() 
core.pack.task: Packer task: initialize from command line() 
protocols.moves.MonteCarlo: MonteCarlo:: last_accepted_score,lowest_score: -1081.44 -1081.44
protocols.motifs.Motif: Res1 name is LEU
protocols.motifs.Motif: atom1 name is CH3
protocols.motifs.Motif: atom2 name is aroC
protocols.motifs.Motif: atom3 name is aroC
protocols.motifs.Motif: Res1 name is VAL
protocols.motifs.Motif: atom1 name is aroC
protocols.motifs.Motif: atom2 name is aroC
protocols.motifs.Motif: atom3 name is F
protocols.motifs.Motif: Res1 name is ALA
protocols.motifs.Motif: atom1 name is Ntrp
protocols.motifs.Motif: atom2 name is COO
protocols.motifs.Motif: atom3 name is ONH2
protocols.motifs.Motif: Res1 name is TYR
protocols.motifs.Motif: atom1 name is Ntrp
protocols.motifs.Motif: atom2 name is COO
protocols.motifs.Motif: atom3 name is ONH2
protocols.motifs.Motif: Res1 name is LEU
protocols.motifs.Motif: atom1 name is aroC
protocols.motifs.Motif: atom2 name is aroC
protocols.motifs.Motif: atom3 name is COO
protocols.motifs.Motif: Res1 name is CYS
protocols.motifs.Motif: atom1 name is aroC
protocols.motifs.Motif: atom2 name is aroC
protocols.motifs.Motif: atom3 name is aroC
protocols.motifs.Motif: Res1 name is PHE
protocols.motifs.Motif: atom1 name is aroC
protocols.motifs.Motif: atom2 name is aroC
protocols.motifs.Motif: atom3 name is F
core.pack.task: Packer task: initialize from command line() 
core.pack.task: Packer task: initialize from command line() 
core.pack.task: Packer task: initialize from command line() 
protocols.moves.MonteCarlo: MonteCarlo:: last_accepted_score,lowest_score: -1081.96 -1083.5
protocols.motifs.Motif: Res1 name is LEU
protocols.motifs.Motif: atom1 name is CH3
protocols.motifs.Motif: atom2 name is aroC
protocols.motifs.Motif: atom3 name is aroC
protocols.motifs.Motif: Res1 name is VAL
protocols.motifs.Motif: atom1 name is aroC
protocols.motifs.Motif: atom2 name is aroC
protocols.motifs.Motif: atom3 name is F
protocols.motifs.Motif: Res1 name is ALA
protocols.motifs.Motif: atom1 name is Ntrp
protocols.motifs.Motif: atom2 name is COO
protocols.motifs.Motif: atom3 name is ONH2
protocols.motifs.Motif: Res1 name is TYR
protocols.motifs.Motif: atom1 name is Ntrp
protocols.motifs.Motif: atom2 name is COO
protocols.motifs.Motif: atom3 name is ONH2
protocols.motifs.Motif: Res1 name is LEU
protocols.motifs.Motif: atom1 name is aroC
protocols.motifs.Motif: atom2 name is aroC
protocols.motifs.Motif: atom3 name is COO
protocols.motifs.Motif: Res1 name is CYS
protocols.motifs.Motif: atom1 name is aroC
protocols.motifs.Motif: atom2 name is aroC
protocols.motifs.Motif: atom3 name is aroC
protocols.motifs.Motif: Res1 name is PHE
protocols.motifs.Motif: atom1 name is aroC
protocols.motifs.Motif: atom2 name is aroC
protocols.motifs.Motif: atom3 name is aroC
core.pack.task: Packer task: initialize from command line() 
core.pack.task: Packer task: initialize from command line() 
core.pack.task: Packer task: initialize from command line() 
protocols.moves.MonteCarlo: MonteCarlo:: last_accepted_score,lowest_score: -1080.33 -1080.67
protocols.motifs.Motif: Res1 name is LEU
protocols.motifs.Motif: atom1 name is aroC
protocols.motifs.Motif: atom2 name is aroC
protocols.motifs.Motif: atom3 name is Ntrp
protocols.motifs.Motif: Res1 name is VAL
protocols.motifs.Motif: atom1 name is aroC
protocols.motifs.Motif: atom2 name is aroC
protocols.motifs.Motif: atom3 name is Ntrp
protocols.motifs.Motif: Res1 name is LYS
protocols.motifs.Motif: atom1 name is aroC
protocols.motifs.Motif: atom2 name is aroC
protocols.motifs.Motif: atom3 name is aroC
protocols.motifs.Motif: Res1 name is TYR
protocols.motifs.Motif: atom1 name is NH2O
protocols.motifs.Motif: atom2 name is COO
protocols.motifs.Motif: atom3 name is ONH2
protocols.motifs.Motif: Res1 name is LEU
protocols.motifs.Motif: atom1 name is aroC
protocols.motifs.Motif: atom2 name is aroC
protocols.motifs.Motif: atom3 name is aroC
protocols.motifs.Motif: Res1 name is CYS
protocols.motifs.Motif: atom1 name is aroC
protocols.motifs.Motif: atom2 name is aroC
protocols.motifs.Motif: atom3 name is aroC
protocols.motifs.Motif: Res1 name is PHE
protocols.motifs.Motif: atom1 name is Ntrp
protocols.motifs.Motif: atom2 name is COO
protocols.motifs.Motif: atom3 name is ONH2
protocols.motifs.Motif: Res1 name is ALA
protocols.motifs.Motif: atom1 name is Ntrp
protocols.motifs.Motif: atom2 name is COO
protocols.motifs.Motif: atom3 name is ONH2
core.pack.task: Packer task: initialize from command line() 
core.pack.task: Packer task: initialize from command line() 
core.pack.task: Packer task: initialize from command line() 
protocols.moves.MonteCarlo: MonteCarlo:: last_accepted_score,lowest_score: -1081.93 -1081.93
protocols.motifs.Motif: Res1 name is LEU
protocols.motifs.Motif: atom1 name is CH3
protocols.motifs.Motif: atom2 name is aroC
protocols.motifs.Motif: atom3 name is aroC
protocols.motifs.Motif: Res1 name is VAL
protocols.motifs.Motif: atom1 name is aroC
protocols.motifs.Motif: atom2 name is aroC
protocols.motifs.Motif: atom3 name is F
protocols.motifs.Motif: Res1 name is ALA
protocols.motifs.Motif: atom1 name is Ntrp
protocols.motifs.Motif: atom2 name is COO
protocols.motifs.Motif: atom3 name is ONH2
protocols.motifs.Motif: Res1 name is TYR
protocols.motifs.Motif: atom1 name is Ntrp
protocols.motifs.Motif: atom2 name is COO
protocols.motifs.Motif: atom3 name is ONH2
protocols.motifs.Motif: Res1 name is LEU
protocols.motifs.Motif: atom1 name is aroC
protocols.motifs.Motif: atom2 name is aroC
protocols.motifs.Motif: atom3 name is COO
protocols.motifs.Motif: Res1 name is CYS
protocols.motifs.Motif: atom1 name is aroC
protocols.motifs.Motif: atom2 name is aroC
protocols.motifs.Motif: atom3 name is aroC
protocols.motifs.Motif: Res1 name is PHE
protocols.motifs.Motif: atom1 name is aroC
protocols.motifs.Motif: atom2 name is aroC
protocols.motifs.Motif: atom3 name is F
core.pack.task: Packer task: initialize from command line() 
core.pack.task: Packer task: initialize from command line() 
core.pack.task: Packer task: initialize from command line() 
protocols.moves.MonteCarlo: MonteCarlo:: last_accepted_score,lowest_score: -1080.81 -1080.87
protocols.motifs.Motif: Res1 name is LEU
protocols.motifs.Motif: atom1 name is Ntrp
protocols.motifs.Motif: atom2 name is COO
protocols.motifs.Motif: atom3 name is ONH2
protocols.motifs.Motif: Res1 name is VAL
protocols.motifs.Motif: atom1 name is aroC
protocols.motifs.Motif: atom2 name is aroC
protocols.motifs.Motif: atom3 name is Ntrp
protocols.motifs.Motif: Res1 name is ALA
protocols.motifs.Motif: atom1 name is aroC
protocols.motifs.Motif: atom2 name is aroC
protocols.motifs.Motif: atom3 name is aroC
protocols.motifs.Motif: Res1 name is VAL
protocols.motifs.Motif: atom1 name is aroC
protocols.motifs.Motif: atom2 name is aroC
protocols.motifs.Motif: atom3 name is F
protocols.motifs.Motif: Res1 name is TYR
protocols.motifs.Motif: atom1 name is NH2O
protocols.motifs.Motif: atom2 name is COO
protocols.motifs.Motif: atom3 name is ONH2
protocols.motifs.Motif: Res1 name is LEU
protocols.motifs.Motif: atom1 name is aroC
protocols.motifs.Motif: atom2 name is aroC
protocols.motifs.Motif: atom3 name is COO
protocols.motifs.Motif: Res1 name is CYS
protocols.motifs.Motif: atom1 name is aroC
protocols.motifs.Motif: atom2 name is aroC
protocols.motifs.Motif: atom3 name is Ntrp
protocols.motifs.Motif: Res1 name is PHE
protocols.motifs.Motif: atom1 name is Ntrp
protocols.motifs.Motif: atom2 name is COO
protocols.motifs.Motif: atom3 name is ONH2
core.pack.task: Packer task: initialize from command line() 
core.pack.task: Packer task: initialize from command line() 
core.pack.task: Packer task: initialize from command line() 
protocols.moves.MonteCarlo: MonteCarlo:: last_accepted_score,lowest_score: -1082.13 -1082.13
protocols.motifs.Motif: Res1 name is LEU
protocols.motifs.Motif: atom1 name is CH3
protocols.motifs.Motif: atom2 name is aroC
protocols.motifs.Motif: atom3 name is aroC
protocols.motifs.Motif: Res1 name is VAL
protocols.motifs.Motif: atom1 name is aroC
protocols.motifs.Motif: atom2 name is aroC
protocols.motifs.Motif: atom3 name is F
protocols.motifs.Motif: Res1 name is ALA
protocols.motifs.Motif: atom1 name is Ntrp
protocols.motifs.Motif: atom2 name is COO
protocols.motifs.Motif: atom3 name is ONH2
protocols.motifs.Motif: Res1 name is TYR
protocols.motifs.Motif: atom1 name is Ntrp
protocols.motifs.Motif: atom2 name is COO
protocols.motifs.Motif: atom3 name is ONH2
protocols.motifs.Motif: Res1 name is LEU
protocols.motifs.Motif: atom1 name is aroC
protocols.motifs.Motif: atom2 name is aroC
protocols.motifs.Motif: atom3 name is COO
protocols.motifs.Motif: Res1 name is CYS
protocols.motifs.Motif: atom1 name is aroC
protocols.motifs.Motif: atom2 name is aroC
protocols.motifs.Motif: atom3 name is aroC
protocols.motifs.Motif: Res1 name is PHE
protocols.motifs.Motif: atom1 name is aroC
protocols.motifs.Motif: atom2 name is aroC
protocols.motifs.Motif: atom3 name is F
core.pack.task: Packer task: initialize from command line() 
core.pack.task: Packer task: initialize from command line() 
core.pack.task: Packer task: initialize from command line() 
protocols.moves.MonteCarlo: MonteCarlo:: last_accepted_score,lowest_score: -1078.84 -1079.45
protocols.motifs.Motif: Res1 name is LEU
protocols.motifs.Motif: atom1 name is CH3
protocols.motifs.Motif: atom2 name is aroC
protocols.motifs.Motif: atom3 name is Ntrp
protocols.motifs.Motif: Res1 name is VAL
protocols.motifs.Motif: atom1 name is aroC
protocols.motifs.Motif: atom2 name is aroC
protocols.motifs.Motif: atom3 name is Ntrp
protocols.motifs.Motif: Res1 name is ALA
protocols.motifs.Motif: atom1 name is aroC
protocols.motifs.Motif: atom2 name is aroC
protocols.motifs.Motif: atom3 name is aroC
protocols.motifs.Motif: Res1 name is VAL
protocols.motifs.Motif: atom1 name is aroC
protocols.motifs.Motif: atom2 name is aroC
protocols.motifs.Motif: atom3 name is F
protocols.motifs.Motif: Res1 name is TYR
protocols.motifs.Motif: atom1 name is aroC
protocols.motifs.Motif: atom2 name is aroC
protocols.motifs.Motif: atom3 name is F
protocols.motifs.Motif: Res1 name is LEU
protocols.motifs.Motif: atom1 name is aroC
protocols.motifs.Motif: atom2 name is aroC
protocols.motifs.Motif: atom3 name is aroC
protocols.motifs.Motif: Res1 name is CYS
protocols.motifs.Motif: atom1 name is aroC
protocols.motifs.Motif: atom2 name is aroC
protocols.motifs.Motif: atom3 name is Ntrp
protocols.motifs.Motif: Res1 name is PHE
protocols.motifs.Motif: atom1 name is Ntrp
protocols.motifs.Motif: atom2 name is COO
protocols.motifs.Motif: atom3 name is ONH2
core.pack.task: Packer task: initialize from command line() 
core.pack.task: Packer task: initialize from command line() 
core.pack.task: Packer task: initialize from command line() 
protocols.moves.MonteCarlo: MonteCarlo:: last_accepted_score,lowest_score: -1077.68 -1079.46
protocols.motifs.Motif: Res1 name is LEU
protocols.motifs.Motif: atom1 name is Ntrp
protocols.motifs.Motif: atom2 name is COO
protocols.motifs.Motif: atom3 name is ONH2
protocols.motifs.Motif: Res1 name is VAL
protocols.motifs.Motif: atom1 name is aroC
protocols.motifs.Motif: atom2 name is aroC
protocols.motifs.Motif: atom3 name is Ntrp
protocols.motifs.Motif: Res1 name is TYR
protocols.motifs.Motif: atom1 name is NH2O
protocols.motifs.Motif: atom2 name is COO
protocols.motifs.Motif: atom3 name is ONH2
protocols.motifs.Motif: Res1 name is LEU
protocols.motifs.Motif: atom1 name is aroC
protocols.motifs.Motif: atom2 name is aroC
protocols.motifs.Motif: atom3 name is aroC
protocols.motifs.Motif: Res1 name is CYS
protocols.motifs.Motif: atom1 name is aroC
protocols.motifs.Motif: atom2 name is aroC
protocols.motifs.Motif: atom3 name is aroC
protocols.motifs.Motif: Res1 name is PHE
protocols.motifs.Motif: atom1 name is Ntrp
protocols.motifs.Motif: atom2 name is COO
protocols.motifs.Motif: atom3 name is ONH2
core.pack.task: Packer task: initialize from command line() 
core.pack.task: Packer task: initialize from command line() 
core.pack.task: Packer task: initialize from command line() 
protocols.moves.MonteCarlo: MonteCarlo:: last_accepted_score,lowest_score: -1084.69 -1084.69
protocols.motifs.Motif: Res1 name is LEU
protocols.motifs.Motif: atom1 name is CH3
protocols.motifs.Motif: atom2 name is aroC
protocols.motifs.Motif: atom3 name is aroC
protocols.motifs.Motif: Res1 name is VAL
protocols.motifs.Motif: atom1 name is aroC
protocols.motifs.Motif: atom2 name is aroC
protocols.motifs.Motif: atom3 name is F
protocols.motifs.Motif: Res1 name is ALA
protocols.motifs.Motif: atom1 name is Ntrp
protocols.motifs.Motif: atom2 name is COO
protocols.motifs.Motif: atom3 name is ONH2
protocols.motifs.Motif: Res1 name is LYS
protocols.motifs.Motif: atom1 name is aroC
protocols.motifs.Motif: atom2 name is aroC
protocols.motifs.Motif: atom3 name is F
protocols.motifs.Motif: Res1 name is TYR
protocols.motifs.Motif: atom1 name is Ntrp
protocols.motifs.Motif: atom2 name is COO
protocols.motifs.Motif: atom3 name is ONH2
protocols.motifs.Motif: Res1 name is LEU
protocols.motifs.Motif: atom1 name is aroC
protocols.motifs.Motif: atom2 name is COO
protocols.motifs.Motif: atom3 name is ONH2
protocols.motifs.Motif: Res1 name is CYS
protocols.motifs.Motif: atom1 name is aroC
protocols.motifs.Motif: atom2 name is aroC
protocols.motifs.Motif: atom3 name is aroC
protocols.motifs.Motif: Res1 name is PHE
protocols.motifs.Motif: atom1 name is aroC
protocols.motifs.Motif: atom2 name is aroC
protocols.motifs.Motif: atom3 name is F
core.pack.task: Packer task: initialize from command line() 
core.pack.task: Packer task: initialize from command line() 
core.pack.task: Packer task: initialize from command line() 
protocols.moves.MonteCarlo: MonteCarlo:: last_accepted_score,lowest_score: -1077.27 -1077.27
protocols.motifs.Motif: Res1 name is LEU
protocols.motifs.Motif: atom1 name is CH3
protocols.motifs.Motif: atom2 name is aroC
protocols.motifs.Motif: atom3 name is aroC
protocols.motifs.Motif: Res1 name is VAL
protocols.motifs.Motif: atom1 name is aroC
protocols.motifs.Motif: atom2 name is aroC
protocols.motifs.Motif: atom3 name is F
protocols.motifs.Motif: Res1 name is TYR
protocols.motifs.Motif: atom1 name is Ntrp
protocols.motifs.Motif: atom2 name is COO
protocols.motifs.Motif: atom3 name is ONH2
protocols.motifs.Motif: Res1 name is LEU
protocols.motifs.Motif: atom1 name is aroC
protocols.motifs.Motif: atom2 name is aroC
protocols.motifs.Motif: atom3 name is COO
protocols.motifs.Motif: Res1 name is PHE
protocols.motifs.Motif: atom1 name is aroC
protocols.motifs.Motif: atom2 name is aroC
protocols.motifs.Motif: atom3 name is aroC
core.pack.task: Packer task: initialize from command line() 
core.pack.task: Packer task: initialize from command line() 
core.pack.task: Packer task: initialize from command line() 
protocols.moves.MonteCarlo: MonteCarlo:: last_accepted_score,lowest_score: -1080.47 -1080.47
protocols.motifs.Motif: Res1 name is LEU
protocols.motifs.Motif: atom1 name is CH3
protocols.motifs.Motif: atom2 name is aroC
protocols.motifs.Motif: atom3 name is aroC
protocols.motifs.Motif: Res1 name is VAL
protocols.motifs.Motif: atom1 name is aroC
protocols.motifs.Motif: atom2 name is aroC
protocols.motifs.Motif: atom3 name is F
protocols.motifs.Motif: Res1 name is ALA
protocols.motifs.Motif: atom1 name is aroC
protocols.motifs.Motif: atom2 name is aroC
protocols.motifs.Motif: atom3 name is Ntrp
protocols.motifs.Motif: Res1 name is TYR
protocols.motifs.Motif: atom1 name is Ntrp
protocols.motifs.Motif: atom2 name is COO
protocols.motifs.Motif: atom3 name is ONH2
protocols.motifs.Motif: Res1 name is LEU
protocols.motifs.Motif: atom1 name is aroC
protocols.motifs.Motif: atom2 name is aroC
protocols.motifs.Motif: atom3 name is COO
protocols.motifs.Motif: Res1 name is CYS
protocols.motifs.Motif: atom1 name is aroC
protocols.motifs.Motif: atom2 name is aroC
protocols.motifs.Motif: atom3 name is aroC
protocols.motifs.Motif: Res1 name is PHE
protocols.motifs.Motif: atom1 name is aroC
protocols.motifs.Motif: atom2 name is aroC
protocols.motifs.Motif: atom3 name is aroC
core.pack.task: Packer task: initialize from command line() 
core.pack.task: Packer task: initialize from command line() 
core.pack.task: Packer task: initialize from command line() 
protocols.moves.MonteCarlo: MonteCarlo:: last_accepted_score,lowest_score: -1080.81 -1080.81
protocols.motifs.Motif: Res1 name is LEU
protocols.motifs.Motif: atom1 name is Ntrp
protocols.motifs.Motif: atom2 name is COO
protocols.motifs.Motif: atom3 name is ONH2
protocols.motifs.Motif: Res1 name is VAL
protocols.motifs.Motif: atom1 name is aroC
protocols.motifs.Motif: atom2 name is aroC
protocols.motifs.Motif: atom3 name is Ntrp
protocols.motifs.Motif: Res1 name is ALA
protocols.motifs.Motif: atom1 name is aroC
protocols.motifs.Motif: atom2 name is aroC
protocols.motifs.Motif: atom3 name is aroC
protocols.motifs.Motif: Res1 name is VAL
protocols.motifs.Motif: atom1 name is aroC
protocols.motifs.Motif: atom2 name is aroC
protocols.motifs.Motif: atom3 name is F
protocols.motifs.Motif: Res1 name is TYR
protocols.motifs.Motif: atom1 name is CH3
protocols.motifs.Motif: atom2 name is aroC
protocols.motifs.Motif: atom3 name is aroC
protocols.motifs.Motif: Res1 name is LEU
protocols.motifs.Motif: atom1 name is aroC
protocols.motifs.Motif: atom2 name is aroC
protocols.motifs.Motif: atom3 name is COO
protocols.motifs.Motif: Res1 name is CYS
protocols.motifs.Motif: atom1 name is aroC
protocols.motifs.Motif: atom2 name is aroC
protocols.motifs.Motif: atom3 name is Ntrp
protocols.motifs.Motif: Res1 name is PHE
protocols.motifs.Motif: atom1 name is Ntrp
protocols.motifs.Motif: atom2 name is COO
protocols.motifs.Motif: atom3 name is ONH2
core.pack.task: Packer task: initialize from command line() 
core.pack.task: Packer task: initialize from command line() 
core.pack.task: Packer task: initialize from command line() 
protocols.moves.MonteCarlo: MonteCarlo:: last_accepted_score,lowest_score: -1081.63 -1082.28
protocols.motifs.Motif: Res1 name is LEU
protocols.motifs.Motif: atom1 name is CH3
protocols.motifs.Motif: atom2 name is aroC
protocols.motifs.Motif: atom3 name is aroC
protocols.motifs.Motif: Res1 name is VAL
protocols.motifs.Motif: atom1 name is aroC
protocols.motifs.Motif: atom2 name is aroC
protocols.motifs.Motif: atom3 name is F
protocols.motifs.Motif: Res1 name is ALA
protocols.motifs.Motif: atom1 name is Ntrp
protocols.motifs.Motif: atom2 name is COO
protocols.motifs.Motif: atom3 name is ONH2
protocols.motifs.Motif: Res1 name is TYR
protocols.motifs.Motif: atom1 name is CH3
protocols.motifs.Motif: atom2 name is aroC
protocols.motifs.Motif: atom3 name is Ntrp
protocols.motifs.Motif: Res1 name is LEU
protocols.motifs.Motif: atom1 name is aroC
protocols.motifs.Motif: atom2 name is COO
protocols.motifs.Motif: atom3 name is ONH2
protocols.motifs.Motif: Res1 name is CYS
protocols.motifs.Motif: atom1 name is aroC
protocols.motifs.Motif: atom2 name is aroC
protocols.motifs.Motif: atom3 name is aroC
protocols.motifs.Motif: Res1 name is PHE
protocols.motifs.Motif: atom1 name is aroC
protocols.motifs.Motif: atom2 name is aroC
protocols.motifs.Motif: atom3 name is F
core.pack.task: Packer task: initialize from command line() 
core.pack.task: Packer task: initialize from command line() 
core.pack.task: Packer task: initialize from command line() 
protocols.moves.MonteCarlo: MonteCarlo:: last_accepted_score,lowest_score: -1082.28 -1082.28
protocols.motifs.Motif: Res1 name is LEU
protocols.motifs.Motif: atom1 name is CH3
protocols.motifs.Motif: atom2 name is aroC
protocols.motifs.Motif: atom3 name is aroC
protocols.motifs.Motif: Res1 name is VAL
protocols.motifs.Motif: atom1 name is aroC
protocols.motifs.Motif: atom2 name is aroC
protocols.motifs.Motif: atom3 name is F
protocols.motifs.Motif: Res1 name is ALA
protocols.motifs.Motif: atom1 name is Ntrp
protocols.motifs.Motif: atom2 name is COO
protocols.motifs.Motif: atom3 name is ONH2
protocols.motifs.Motif: Res1 name is LYS
protocols.motifs.Motif: atom1 name is aroC
protocols.motifs.Motif: atom2 name is aroC
protocols.motifs.Motif: atom3 name is F
protocols.motifs.Motif: Res1 name is TYR
protocols.motifs.Motif: atom1 name is Ntrp
protocols.motifs.Motif: atom2 name is COO
protocols.motifs.Motif: atom3 name is ONH2
protocols.motifs.Motif: Res1 name is LEU
protocols.motifs.Motif: atom1 name is aroC
protocols.motifs.Motif: atom2 name is COO
protocols.motifs.Motif: atom3 name is ONH2
protocols.motifs.Motif: Res1 name is CYS
protocols.motifs.Motif: atom1 name is aroC
protocols.motifs.Motif: atom2 name is aroC
protocols.motifs.Motif: atom3 name is aroC
protocols.motifs.Motif: Res1 name is PHE
protocols.motifs.Motif: atom1 name is aroC
protocols.motifs.Motif: atom2 name is aroC
protocols.motifs.Motif: atom3 name is F
core.pack.task: Packer task: initialize from command line() 
core.pack.task: Packer task: initialize from command line() 
core.pack.task: Packer task: initialize from command line() 
protocols.moves.MonteCarlo: MonteCarlo:: last_accepted_score,lowest_score: -1081.68 -1081.68
protocols.motifs.Motif: Res1 name is LEU
protocols.motifs.Motif: atom1 name is CH3
protocols.motifs.Motif: atom2 name is aroC
protocols.motifs.Motif: atom3 name is aroC
protocols.motifs.Motif: Res1 name is VAL
protocols.motifs.Motif: atom1 name is aroC
protocols.motifs.Motif: atom2 name is aroC
protocols.motifs.Motif: atom3 name is F
protocols.motifs.Motif: Res1 name is ALA
protocols.motifs.Motif: atom1 name is Ntrp
protocols.motifs.Motif: atom2 name is COO
protocols.motifs.Motif: atom3 name is ONH2
protocols.motifs.Motif: Res1 name is TYR
protocols.motifs.Motif: atom1 name is Ntrp
protocols.motifs.Motif: atom2 name is COO
protocols.motifs.Motif: atom3 name is ONH2
protocols.motifs.Motif: Res1 name is LEU
protocols.motifs.Motif: atom1 name is aroC
protocols.motifs.Motif: atom2 name is COO
protocols.motifs.Motif: atom3 name is ONH2
protocols.motifs.Motif: Res1 name is CYS
protocols.motifs.Motif: atom1 name is aroC
protocols.motifs.Motif: atom2 name is aroC
protocols.motifs.Motif: atom3 name is aroC
protocols.motifs.Motif: Res1 name is PHE
protocols.motifs.Motif: atom1 name is aroC
protocols.motifs.Motif: atom2 name is aroC
protocols.motifs.Motif: atom3 name is F
core.pack.task: Packer task: initialize from command line() 
core.pack.task: Packer task: initialize from command line() 
core.pack.task: Packer task: initialize from command line() 
protocols.moves.MonteCarlo: MonteCarlo:: last_accepted_score,lowest_score: -1081.91 -1081.91
protocols.motifs.Motif: Res1 name is LEU
protocols.motifs.Motif: atom1 name is CH3
protocols.motifs.Motif: atom2 name is aroC
protocols.motifs.Motif: atom3 name is aroC
protocols.motifs.Motif: Res1 name is VAL
protocols.motifs.Motif: atom1 name is aroC
protocols.motifs.Motif: atom2 name is aroC
protocols.motifs.Motif: atom3 name is F
protocols.motifs.Motif: Res1 name is ALA
protocols.motifs.Motif: atom1 name is Ntrp
protocols.motifs.Motif: atom2 name is COO
protocols.motifs.Motif: atom3 name is ONH2
protocols.motifs.Motif: Res1 name is LYS
protocols.motifs.Motif: atom1 name is aroC
protocols.motifs.Motif: atom2 name is aroC
protocols.motifs.Motif: atom3 name is F
protocols.motifs.Motif: Res1 name is TYR
protocols.motifs.Motif: atom1 name is Ntrp
protocols.motifs.Motif: atom2 name is COO
protocols.motifs.Motif: atom3 name is ONH2
protocols.motifs.Motif: Res1 name is LEU
protocols.motifs.Motif: atom1 name is aroC
protocols.motifs.Motif: atom2 name is COO
protocols.motifs.Motif: atom3 name is ONH2
protocols.motifs.Motif: Res1 name is CYS
protocols.motifs.Motif: atom1 name is aroC
protocols.motifs.Motif: atom2 name is aroC
protocols.motifs.Motif: atom3 name is aroC
protocols.motifs.Motif: Res1 name is PHE
protocols.motifs.Motif: atom1 name is aroC
protocols.motifs.Motif: atom2 name is aroC
protocols.motifs.Motif: atom3 name is F
core.pack.task: Packer task: initialize from command line() 
core.pack.task: Packer task: initialize from command line() 
core.pack.task: Packer task: initialize from command line() 
protocols.moves.MonteCarlo: MonteCarlo:: last_accepted_score,lowest_score: -1079.75 -1079.75
protocols.motifs.Motif: Res1 name is LEU
protocols.motifs.Motif: atom1 name is aroC
protocols.motifs.Motif: atom2 name is aroC
protocols.motifs.Motif: atom3 name is F
protocols.motifs.Motif: Res1 name is VAL
protocols.motifs.Motif: atom1 name is NH2O
protocols.motifs.Motif: atom2 name is COO
protocols.motifs.Motif: atom3 name is ONH2
protocols.motifs.Motif: Res1 name is ALA
protocols.motifs.Motif: atom1 name is CH3
protocols.motifs.Motif: atom2 name is aroC
protocols.motifs.Motif: atom3 name is Ntrp
protocols.motifs.Motif: Res1 name is LYS
protocols.motifs.Motif: atom1 name is NH2O
protocols.motifs.Motif: atom2 name is COO
protocols.motifs.Motif: atom3 name is ONH2
protocols.motifs.Motif: Res1 name is VAL
protocols.motifs.Motif: atom1 name is NH2O
protocols.motifs.Motif: atom2 name is COO
protocols.motifs.Motif: atom3 name is ONH2
protocols.motifs.Motif: Res1 name is THR
protocols.motifs.Motif: atom1 name is CH3
protocols.motifs.Motif: atom2 name is aroC
protocols.motifs.Motif: atom3 name is Ntrp
protocols.motifs.Motif: Res1 name is LEU
protocols.motifs.Motif: atom1 name is aroC
protocols.motifs.Motif: atom2 name is aroC
protocols.motifs.Motif: atom3 name is Ntrp
protocols.motifs.Motif: Res1 name is CYS
protocols.motifs.Motif: atom1 name is NH2O
protocols.motifs.Motif: atom2 name is COO
protocols.motifs.Motif: atom3 name is ONH2
protocols.motifs.Motif: Res1 name is PHE
protocols.motifs.Motif: atom1 name is CH3
protocols.motifs.Motif: atom2 name is aroC
protocols.motifs.Motif: atom3 name is aroC
core.pack.task: Packer task: initialize from command line() 
core.pack.task: Packer task: initialize from command line() 
core.pack.task: Packer task: initialize from command line() 
protocols.moves.MonteCarlo: MonteCarlo:: last_accepted_score,lowest_score: -1030.68 -1030.68
protocols.motifs.Motif: Res1 name is LEU
protocols.motifs.Motif: atom1 name is aroC
protocols.motifs.Motif: atom2 name is aroC
protocols.motifs.Motif: atom3 name is F
protocols.motifs.Motif: Res1 name is VAL
protocols.motifs.Motif: atom1 name is CH3
protocols.motifs.Motif: atom2 name is aroC
protocols.motifs.Motif: atom3 name is aroC
protocols.motifs.Motif: Res1 name is ALA
protocols.motifs.Motif: atom1 name is aroC
protocols.motifs.Motif: atom2 name is aroC
protocols.motifs.Motif: atom3 name is Ntrp
protocols.motifs.Motif: Res1 name is LYS
protocols.motifs.Motif: atom1 name is NH2O
protocols.motifs.Motif: atom2 name is COO
protocols.motifs.Motif: atom3 name is ONH2
protocols.motifs.Motif: Res1 name is VAL
protocols.motifs.Motif: atom1 name is CH3
protocols.motifs.Motif: atom2 name is aroC
protocols.motifs.Motif: atom3 name is Ntrp
protocols.motifs.Motif: Res1 name is THR
protocols.motifs.Motif: atom1 name is NH2O
protocols.motifs.Motif: atom2 name is COO
protocols.motifs.Motif: atom3 name is ONH2
protocols.motifs.Motif: Res1 name is LEU
protocols.motifs.Motif: atom1 name is aroC
protocols.motifs.Motif: atom2 name is aroC
protocols.motifs.Motif: atom3 name is Ntrp
protocols.motifs.Motif: Res1 name is CYS
protocols.motifs.Motif: atom1 name is aroC
protocols.motifs.Motif: atom2 name is COO
protocols.motifs.Motif: atom3 name is ONH2
protocols.motifs.Motif: Res1 name is PHE
protocols.motifs.Motif: atom1 name is aroC
protocols.motifs.Motif: atom2 name is aroC
protocols.motifs.Motif: atom3 name is aroC
core.pack.task: Packer task: initialize from command line() 
core.pack.task: Packer task: initialize from command line() 
core.pack.task: Packer task: initialize from command line() 
protocols.moves.MonteCarlo: MonteCarlo:: last_accepted_score,lowest_score: -1079.44 -1079.44
protocols.motifs.Motif: Res1 name is LEU
protocols.motifs.Motif: atom1 name is aroC
protocols.motifs.Motif: atom2 name is aroC
protocols.motifs.Motif: atom3 name is F
protocols.motifs.Motif: Res1 name is VAL
protocols.motifs.Motif: atom1 name is NH2O
protocols.motifs.Motif: atom2 name is COO
protocols.motifs.Motif: atom3 name is ONH2
protocols.motifs.Motif: Res1 name is ALA
protocols.motifs.Motif: atom1 name is CH3
protocols.motifs.Motif: atom2 name is aroC
protocols.motifs.Motif: atom3 name is Ntrp
protocols.motifs.Motif: Res1 name is LYS
protocols.motifs.Motif: atom1 name is NH2O
protocols.motifs.Motif: atom2 name is COO
protocols.motifs.Motif: atom3 name is ONH2
protocols.motifs.Motif: Res1 name is VAL
protocols.motifs.Motif: atom1 name is NH2O
protocols.motifs.Motif: atom2 name is COO
protocols.motifs.Motif: atom3 name is ONH2
protocols.motifs.Motif: Res1 name is THR
protocols.motifs.Motif: atom1 name is CH3
protocols.motifs.Motif: atom2 name is aroC
protocols.motifs.Motif: atom3 name is Ntrp
protocols.motifs.Motif: Res1 name is TYR
protocols.motifs.Motif: atom1 name is Ntrp
protocols.motifs.Motif: atom2 name is COO
protocols.motifs.Motif: atom3 name is ONH2
protocols.motifs.Motif: Res1 name is LEU
protocols.motifs.Motif: atom1 name is aroC
protocols.motifs.Motif: atom2 name is aroC
protocols.motifs.Motif: atom3 name is Ntrp
protocols.motifs.Motif: Res1 name is CYS
protocols.motifs.Motif: atom1 name is NH2O
protocols.motifs.Motif: atom2 name is COO
protocols.motifs.Motif: atom3 name is ONH2
protocols.motifs.Motif: Res1 name is PHE
protocols.motifs.Motif: atom1 name is CH3
protocols.motifs.Motif: atom2 name is aroC
protocols.motifs.Motif: atom3 name is aroC
core.pack.task: Packer task: initialize from command line() 
core.pack.task: Packer task: initialize from command line() 
core.pack.task: Packer task: initialize from command line() 
protocols.moves.MonteCarlo: MonteCarlo:: last_accepted_score,lowest_score: -1082.41 -1082.41
protocols.motifs.Motif: Res1 name is LEU
protocols.motifs.Motif: atom1 name is CH3
protocols.motifs.Motif: atom2 name is aroC
protocols.motifs.Motif: atom3 name is aroC
protocols.motifs.Motif: Res1 name is VAL
protocols.motifs.Motif: atom1 name is aroC
protocols.motifs.Motif: atom2 name is aroC
protocols.motifs.Motif: atom3 name is F
protocols.motifs.Motif: Res1 name is ALA
protocols.motifs.Motif: atom1 name is Ntrp
protocols.motifs.Motif: atom2 name is COO
protocols.motifs.Motif: atom3 name is ONH2
protocols.motifs.Motif: Res1 name is TYR
protocols.motifs.Motif: atom1 name is CH3
protocols.motifs.Motif: atom2 name is aroC
protocols.motifs.Motif: atom3 name is Ntrp
protocols.motifs.Motif: Res1 name is LEU
protocols.motifs.Motif: atom1 name is aroC
protocols.motifs.Motif: atom2 name is COO
protocols.motifs.Motif: atom3 name is ONH2
protocols.motifs.Motif: Res1 name is CYS
protocols.motifs.Motif: atom1 name is aroC
protocols.motifs.Motif: atom2 name is aroC
protocols.motifs.Motif: atom3 name is aroC
protocols.motifs.Motif: Res1 name is PHE
protocols.motifs.Motif: atom1 name is aroC
protocols.motifs.Motif: atom2 name is aroC
protocols.motifs.Motif: atom3 name is F
core.pack.task: Packer task: initialize from command line() 
core.pack.task: Packer task: initialize from command line() 
core.pack.task: Packer task: initialize from command line() 
protocols.moves.MonteCarlo: MonteCarlo:: last_accepted_score,lowest_score: -1080.6 -1080.6
protocols.motifs.Motif: Res1 name is LEU
protocols.motifs.Motif: atom1 name is CH3
protocols.motifs.Motif: atom2 name is aroC
protocols.motifs.Motif: atom3 name is aroC
protocols.motifs.Motif: Res1 name is VAL
protocols.motifs.Motif: atom1 name is aroC
protocols.motifs.Motif: atom2 name is aroC
protocols.motifs.Motif: atom3 name is F
protocols.motifs.Motif: Res1 name is ALA
protocols.motifs.Motif: atom1 name is Ntrp
protocols.motifs.Motif: atom2 name is COO
protocols.motifs.Motif: atom3 name is ONH2
protocols.motifs.Motif: Res1 name is TYR
protocols.motifs.Motif: atom1 name is Ntrp
protocols.motifs.Motif: atom2 name is COO
protocols.motifs.Motif: atom3 name is ONH2
protocols.motifs.Motif: Res1 name is LEU
protocols.motifs.Motif: atom1 name is aroC
protocols.motifs.Motif: atom2 name is aroC
protocols.motifs.Motif: atom3 name is COO
protocols.motifs.Motif: Res1 name is CYS
protocols.motifs.Motif: atom1 name is aroC
protocols.motifs.Motif: atom2 name is aroC
protocols.motifs.Motif: atom3 name is aroC
protocols.motifs.Motif: Res1 name is PHE
protocols.motifs.Motif: atom1 name is aroC
protocols.motifs.Motif: atom2 name is aroC
protocols.motifs.Motif: atom3 name is aroC
core.pack.task: Packer task: initialize from command line() 
core.pack.task: Packer task: initialize from command line() 
core.pack.task: Packer task: initialize from command line() 
protocols.moves.MonteCarlo: MonteCarlo:: last_accepted_score,lowest_score: -1078.71 -1078.71
protocols.motifs.Motif: Res1 name is LEU
protocols.motifs.Motif: atom1 name is aroC
protocols.motifs.Motif: atom2 name is aroC
protocols.motifs.Motif: atom3 name is F
protocols.motifs.Motif: Res1 name is VAL
protocols.motifs.Motif: atom1 name is NH2O
protocols.motifs.Motif: atom2 name is COO
protocols.motifs.Motif: atom3 name is ONH2
protocols.motifs.Motif: Res1 name is ALA
protocols.motifs.Motif: atom1 name is CH3
protocols.motifs.Motif: atom2 name is aroC
protocols.motifs.Motif: atom3 name is Ntrp
protocols.motifs.Motif: Res1 name is LYS
protocols.motifs.Motif: atom1 name is NH2O
protocols.motifs.Motif: atom2 name is COO
protocols.motifs.Motif: atom3 name is ONH2
protocols.motifs.Motif: Res1 name is VAL
protocols.motifs.Motif: atom1 name is NH2O
protocols.motifs.Motif: atom2 name is COO
protocols.motifs.Motif: atom3 name is ONH2
protocols.motifs.Motif: Res1 name is THR
protocols.motifs.Motif: atom1 name is CH3
protocols.motifs.Motif: atom2 name is aroC
protocols.motifs.Motif: atom3 name is Ntrp
protocols.motifs.Motif: Res1 name is TYR
protocols.motifs.Motif: atom1 name is Ntrp
protocols.motifs.Motif: atom2 name is COO
protocols.motifs.Motif: atom3 name is ONH2
protocols.motifs.Motif: Res1 name is LEU
protocols.motifs.Motif: atom1 name is aroC
protocols.motifs.Motif: atom2 name is aroC
protocols.motifs.Motif: atom3 name is Ntrp
protocols.motifs.Motif: Res1 name is CYS
protocols.motifs.Motif: atom1 name is NH2O
protocols.motifs.Motif: atom2 name is COO
protocols.motifs.Motif: atom3 name is ONH2
protocols.motifs.Motif: Res1 name is PHE
protocols.motifs.Motif: atom1 name is CH3
protocols.motifs.Motif: atom2 name is aroC
protocols.motifs.Motif: atom3 name is aroC
core.pack.task: Packer task: initialize from command line() 
core.pack.task: Packer task: initialize from command line() 
core.pack.task: Packer task: initialize from command line() 
protocols.moves.MonteCarlo: MonteCarlo:: last_accepted_score,lowest_score: -1078.68 -1078.68
protocols.motifs.Motif: Res1 name is LEU
protocols.motifs.Motif: atom1 name is aroC
protocols.motifs.Motif: atom2 name is aroC
protocols.motifs.Motif: atom3 name is aroC
protocols.motifs.Motif: Res1 name is VAL
protocols.motifs.Motif: atom1 name is NH2O
protocols.motifs.Motif: atom2 name is COO
protocols.motifs.Motif: atom3 name is ONH2
protocols.motifs.Motif: Res1 name is ALA
protocols.motifs.Motif: atom1 name is CH3
protocols.motifs.Motif: atom2 name is aroC
protocols.motifs.Motif: atom3 name is Ntrp
protocols.motifs.Motif: Res1 name is LYS
protocols.motifs.Motif: atom1 name is NH2O
protocols.motifs.Motif: atom2 name is COO
protocols.motifs.Motif: atom3 name is ONH2
protocols.motifs.Motif: Res1 name is VAL
protocols.motifs.Motif: atom1 name is NH2O
protocols.motifs.Motif: atom2 name is COO
protocols.motifs.Motif: atom3 name is ONH2
protocols.motifs.Motif: Res1 name is THR
protocols.motifs.Motif: atom1 name is CH3
protocols.motifs.Motif: atom2 name is aroC
protocols.motifs.Motif: atom3 name is Ntrp
protocols.motifs.Motif: Res1 name is TYR
protocols.motifs.Motif: atom1 name is Ntrp
protocols.motifs.Motif: atom2 name is COO
protocols.motifs.Motif: atom3 name is ONH2
protocols.motifs.Motif: Res1 name is LEU
protocols.motifs.Motif: atom1 name is aroC
protocols.motifs.Motif: atom2 name is aroC
protocols.motifs.Motif: atom3 name is aroC
protocols.motifs.Motif: Res1 name is CYS
protocols.motifs.Motif: atom1 name is NH2O
protocols.motifs.Motif: atom2 name is COO
protocols.motifs.Motif: atom3 name is ONH2
protocols.motifs.Motif: Res1 name is PHE
protocols.motifs.Motif: atom1 name is CH3
protocols.motifs.Motif: atom2 name is aroC
protocols.motifs.Motif: atom3 name is aroC
core.pack.task: Packer task: initialize from command line() 
core.pack.task: Packer task: initialize from command line() 
core.pack.task: Packer task: initialize from command line() 
protocols.moves.MonteCarlo: MonteCarlo:: last_accepted_score,lowest_score: -1076.2 -1076.2
protocols.motifs.Motif: Res1 name is LEU
protocols.motifs.Motif: atom1 name is aroC
protocols.motifs.Motif: atom2 name is aroC
protocols.motifs.Motif: atom3 name is aroC
protocols.motifs.Motif: Res1 name is TYR
protocols.motifs.Motif: atom1 name is CH3
protocols.motifs.Motif: atom2 name is aroC
protocols.motifs.Motif: atom3 name is Ntrp
core.pack.task: Packer task: initialize from command line() 
core.pack.task: Packer task: initialize from command line() 
core.pack.task: Packer task: initialize from command line() 
protocols.moves.MonteCarlo: MonteCarlo:: last_accepted_score,lowest_score: -1076.18 -1076.18
protocols.motifs.Motif: Res1 name is LEU
protocols.motifs.Motif: atom1 name is aroC
protocols.motifs.Motif: atom2 name is aroC
protocols.motifs.Motif: atom3 name is Ntrp
protocols.motifs.Motif: Res1 name is PHE
protocols.motifs.Motif: atom1 name is aroC
protocols.motifs.Motif: atom2 name is aroC
protocols.motifs.Motif: atom3 name is aroC
protocols.motifs.Motif: Res1 name is ARG
protocols.motifs.Motif: atom1 name is aroC
protocols.motifs.Motif: atom2 name is aroC
protocols.motifs.Motif: atom3 name is F
core.pack.task: Packer task: initialize from command line() 
core.pack.task: Packer task: initialize from command line() 
core.pack.task: Packer task: initialize from command line() 
protocols.moves.MonteCarlo: MonteCarlo:: last_accepted_score,lowest_score: -1074.44 -1074.44
protocols.motifs.Motif: Res1 name is LEU
protocols.motifs.Motif: atom1 name is aroC
protocols.motifs.Motif: atom2 name is aroC
protocols.motifs.Motif: atom3 name is aroC
protocols.motifs.Motif: Res1 name is TYR
protocols.motifs.Motif: atom1 name is NH2O
protocols.motifs.Motif: atom2 name is COO
protocols.motifs.Motif: atom3 name is ONH2
protocols.motifs.Motif: Res1 name is LEU
protocols.motifs.Motif: atom1 name is NH2O
protocols.motifs.Motif: atom2 name is COO
protocols.motifs.Motif: atom3 name is ONH2
protocols.motifs.Motif: Res1 name is PHE
protocols.motifs.Motif: atom1 name is CH3
protocols.motifs.Motif: atom2 name is aroC
protocols.motifs.Motif: atom3 name is aroC
core.pack.task: Packer task: initialize from command line() 
core.pack.task: Packer task: initialize from command line() 
core.pack.task: Packer task: initialize from command line() 
protocols.moves.MonteCarlo: MonteCarlo:: last_accepted_score,lowest_score: -1078.77 -1078.77
protocols.motifs.Motif: Res1 name is LEU
protocols.motifs.Motif: atom1 name is Ntrp
protocols.motifs.Motif: atom2 name is COO
protocols.motifs.Motif: atom3 name is ONH2
protocols.motifs.Motif: Res1 name is VAL
protocols.motifs.Motif: atom1 name is NH2O
protocols.motifs.Motif: atom2 name is COO
protocols.motifs.Motif: atom3 name is ONH2
protocols.motifs.Motif: Res1 name is ALA
protocols.motifs.Motif: atom1 name is NH2O
protocols.motifs.Motif: atom2 name is COO
protocols.motifs.Motif: atom3 name is ONH2
protocols.motifs.Motif: Res1 name is TYR
protocols.motifs.Motif: atom1 name is CH3
protocols.motifs.Motif: atom2 name is aroC
protocols.motifs.Motif: atom3 name is aroC
protocols.motifs.Motif: Res1 name is LEU
protocols.motifs.Motif: atom1 name is NH2O
protocols.motifs.Motif: atom2 name is COO
protocols.motifs.Motif: atom3 name is ONH2
protocols.motifs.Motif: Res1 name is PHE
protocols.motifs.Motif: atom1 name is Ntrp
protocols.motifs.Motif: atom2 name is COO
protocols.motifs.Motif: atom3 name is ONH2
core.pack.task: Packer task: initialize from command line() 
core.pack.task: Packer task: initialize from command line() 
core.pack.task: Packer task: initialize from command line() 
protocols.moves.MonteCarlo: MonteCarlo:: last_accepted_score,lowest_score: -1078.44 -1078.44
protocols.motifs.Motif: Res1 name is LEU
protocols.motifs.Motif: atom1 name is Ntrp
protocols.motifs.Motif: atom2 name is COO
protocols.motifs.Motif: atom3 name is ONH2
protocols.motifs.Motif: Res1 name is VAL
protocols.motifs.Motif: atom1 name is NH2O
protocols.motifs.Motif: atom2 name is COO
protocols.motifs.Motif: atom3 name is ONH2
protocols.motifs.Motif: Res1 name is ALA
protocols.motifs.Motif: atom1 name is NH2O
protocols.motifs.Motif: atom2 name is COO
protocols.motifs.Motif: atom3 name is ONH2
protocols.motifs.Motif: Res1 name is VAL
protocols.motifs.Motif: atom1 name is NH2O
protocols.motifs.Motif: atom2 name is COO
protocols.motifs.Motif: atom3 name is ONH2
protocols.motifs.Motif: Res1 name is TYR
protocols.motifs.Motif: atom1 name is CH3
protocols.motifs.Motif: atom2 name is aroC
protocols.motifs.Motif: atom3 name is aroC
protocols.motifs.Motif: Res1 name is LEU
protocols.motifs.Motif: atom1 name is NH2O
protocols.motifs.Motif: atom2 name is COO
protocols.motifs.Motif: atom3 name is ONH2
protocols.motifs.Motif: Res1 name is PHE
protocols.motifs.Motif: atom1 name is Ntrp
protocols.motifs.Motif: atom2 name is COO
protocols.motifs.Motif: atom3 name is ONH2
core.pack.task: Packer task: initialize from command line() 
core.pack.task: Packer task: initialize from command line() 
core.pack.task: Packer task: initialize from command line() 
protocols.moves.MonteCarlo: MonteCarlo:: last_accepted_score,lowest_score: -1078.14 -1078.14
protocols.motifs.Motif: Res1 name is LEU
protocols.motifs.Motif: atom1 name is aroC
protocols.motifs.Motif: atom2 name is aroC
protocols.motifs.Motif: atom3 name is aroC
protocols.motifs.Motif: Res1 name is TYR
protocols.motifs.Motif: atom1 name is NH2O
protocols.motifs.Motif: atom2 name is COO
protocols.motifs.Motif: atom3 name is ONH2
protocols.motifs.Motif: Res1 name is LEU
protocols.motifs.Motif: atom1 name is NH2O
protocols.motifs.Motif: atom2 name is COO
protocols.motifs.Motif: atom3 name is ONH2
protocols.motifs.Motif: Res1 name is PHE
protocols.motifs.Motif: atom1 name is CH3
protocols.motifs.Motif: atom2 name is aroC
protocols.motifs.Motif: atom3 name is aroC
core.pack.task: Packer task: initialize from command line() 
core.pack.task: Packer task: initialize from command line() 
core.pack.task: Packer task: initialize from command line() 
protocols.moves.MonteCarlo: MonteCarlo:: last_accepted_score,lowest_score: -1080.23 -1080.23
protocols.motifs.Motif: Res1 name is LEU
protocols.motifs.Motif: atom1 name is aroC
protocols.motifs.Motif: atom2 name is aroC
protocols.motifs.Motif: atom3 name is F
protocols.motifs.Motif: Res1 name is VAL
protocols.motifs.Motif: atom1 name is NH2O
protocols.motifs.Motif: atom2 name is COO
protocols.motifs.Motif: atom3 name is ONH2
protocols.motifs.Motif: Res1 name is ALA
protocols.motifs.Motif: atom1 name is CH3
protocols.motifs.Motif: atom2 name is aroC
protocols.motifs.Motif: atom3 name is Ntrp
protocols.motifs.Motif: Res1 name is LYS
protocols.motifs.Motif: atom1 name is NH2O
protocols.motifs.Motif: atom2 name is COO
protocols.motifs.Motif: atom3 name is ONH2
protocols.motifs.Motif: Res1 name is VAL
protocols.motifs.Motif: atom1 name is NH2O
protocols.motifs.Motif: atom2 name is COO
protocols.motifs.Motif: atom3 name is ONH2
protocols.motifs.Motif: Res1 name is THR
protocols.motifs.Motif: atom1 name is CH3
protocols.motifs.Motif: atom2 name is aroC
protocols.motifs.Motif: atom3 name is Ntrp
protocols.motifs.Motif: Res1 name is TYR
protocols.motifs.Motif: atom1 name is Ntrp
protocols.motifs.Motif: atom2 name is COO
protocols.motifs.Motif: atom3 name is ONH2
protocols.motifs.Motif: Res1 name is LEU
protocols.motifs.Motif: atom1 name is aroC
protocols.motifs.Motif: atom2 name is aroC
protocols.motifs.Motif: atom3 name is Ntrp
protocols.motifs.Motif: Res1 name is CYS
protocols.motifs.Motif: atom1 name is NH2O
protocols.motifs.Motif: atom2 name is COO
protocols.motifs.Motif: atom3 name is ONH2
protocols.motifs.Motif: Res1 name is PHE
protocols.motifs.Motif: atom1 name is CH3
protocols.motifs.Motif: atom2 name is aroC
protocols.motifs.Motif: atom3 name is aroC
core.pack.task: Packer task: initialize from command line() 
core.pack.task: Packer task: initialize from command line() 
core.pack.task: Packer task: initialize from command line() 
protocols.moves.MonteCarlo: MonteCarlo:: last_accepted_score,lowest_score: -1073.67 -1073.67
protocols.motifs.Motif: Res1 name is LEU
protocols.motifs.Motif: atom1 name is NH2O
protocols.motifs.Motif: atom2 name is COO
protocols.motifs.Motif: atom3 name is ONH2
protocols.motifs.Motif: Res1 name is TYR
protocols.motifs.Motif: atom1 name is CH3
protocols.motifs.Motif: atom2 name is aroC
protocols.motifs.Motif: atom3 name is Ntrp
protocols.motifs.Motif: Res1 name is LEU
protocols.motifs.Motif: atom1 name is NH2O
protocols.motifs.Motif: atom2 name is COO
protocols.motifs.Motif: atom3 name is ONH2
protocols.motifs.Motif: Res1 name is PHE
protocols.motifs.Motif: atom1 name is CH3
protocols.motifs.Motif: atom2 name is aroC
protocols.motifs.Motif: atom3 name is aroC
core.pack.task: Packer task: initialize from command line() 
core.pack.task: Packer task: initialize from command line() 
core.pack.task: Packer task: initialize from command line() 
protocols.moves.MonteCarlo: MonteCarlo:: last_accepted_score,lowest_score: -1078.89 -1078.89
protocols.motifs.Motif: Res1 name is LEU
protocols.motifs.Motif: atom1 name is Ntrp
protocols.motifs.Motif: atom2 name is COO
protocols.motifs.Motif: atom3 name is ONH2
protocols.motifs.Motif: Res1 name is VAL
protocols.motifs.Motif: atom1 name is NH2O
protocols.motifs.Motif: atom2 name is COO
protocols.motifs.Motif: atom3 name is ONH2
protocols.motifs.Motif: Res1 name is ALA
protocols.motifs.Motif: atom1 name is NH2O
protocols.motifs.Motif: atom2 name is COO
protocols.motifs.Motif: atom3 name is ONH2
protocols.motifs.Motif: Res1 name is TYR
protocols.motifs.Motif: atom1 name is CH3
protocols.motifs.Motif: atom2 name is aroC
protocols.motifs.Motif: atom3 name is aroC
protocols.motifs.Motif: Res1 name is LEU
protocols.motifs.Motif: atom1 name is NH2O
protocols.motifs.Motif: atom2 name is COO
protocols.motifs.Motif: atom3 name is ONH2
protocols.motifs.Motif: Res1 name is PHE
protocols.motifs.Motif: atom1 name is Ntrp
protocols.motifs.Motif: atom2 name is COO
protocols.motifs.Motif: atom3 name is ONH2
core.pack.task: Packer task: initialize from command line() 
core.pack.task: Packer task: initialize from command line() 
core.pack.task: Packer task: initialize from command line() 
protocols.moves.MonteCarlo: MonteCarlo:: last_accepted_score,lowest_score: -1073.88 -1073.88
protocols.motifs.Motif: Res1 name is LEU
protocols.motifs.Motif: atom1 name is NH2O
protocols.motifs.Motif: atom2 name is COO
protocols.motifs.Motif: atom3 name is ONH2
protocols.motifs.Motif: Res1 name is TYR
protocols.motifs.Motif: atom1 name is NH2O
protocols.motifs.Motif: atom2 name is COO
protocols.motifs.Motif: atom3 name is ONH2
protocols.motifs.Motif: Res1 name is LEU
protocols.motifs.Motif: atom1 name is NH2O
protocols.motifs.Motif: atom2 name is COO
protocols.motifs.Motif: atom3 name is ONH2
protocols.motifs.Motif: Res1 name is PHE
protocols.motifs.Motif: atom1 name is CH3
protocols.motifs.Motif: atom2 name is aroC
protocols.motifs.Motif: atom3 name is aroC
core.pack.task: Packer task: initialize from command line() 
core.pack.task: Packer task: initialize from command line() 
core.pack.task: Packer task: initialize from command line() 
protocols.moves.MonteCarlo: MonteCarlo:: last_accepted_score,lowest_score: -1075.59 -1075.59
protocols.motifs.Motif: Res1 name is LEU
protocols.motifs.Motif: atom1 name is aroC
protocols.motifs.Motif: atom2 name is aroC
protocols.motifs.Motif: atom3 name is aroC
protocols.motifs.Motif: Res1 name is TYR
protocols.motifs.Motif: atom1 name is NH2O
protocols.motifs.Motif: atom2 name is COO
protocols.motifs.Motif: atom3 name is ONH2
protocols.motifs.Motif: Res1 name is LEU
protocols.motifs.Motif: atom1 name is NH2O
protocols.motifs.Motif: atom2 name is COO
protocols.motifs.Motif: atom3 name is ONH2
protocols.motifs.Motif: Res1 name is PHE
protocols.motifs.Motif: atom1 name is CH3
protocols.motifs.Motif: atom2 name is aroC
protocols.motifs.Motif: atom3 name is aroC
core.pack.task: Packer task: initialize from command line() 
core.pack.task: Packer task: initialize from command line() 
core.pack.task: Packer task: initialize from command line() 
protocols.moves.MonteCarlo: MonteCarlo:: last_accepted_score,lowest_score: -1073.82 -1077.31
protocols.motifs.Motif: Res1 name is LEU
protocols.motifs.Motif: atom1 name is Ntrp
protocols.motifs.Motif: atom2 name is COO
protocols.motifs.Motif: atom3 name is ONH2
protocols.motifs.Motif: Res1 name is VAL
protocols.motifs.Motif: atom1 name is NH2O
protocols.motifs.Motif: atom2 name is COO
protocols.motifs.Motif: atom3 name is ONH2
protocols.motifs.Motif: Res1 name is ALA
protocols.motifs.Motif: atom1 name is NH2O
protocols.motifs.Motif: atom2 name is COO
protocols.motifs.Motif: atom3 name is ONH2
protocols.motifs.Motif: Res1 name is TYR
protocols.motifs.Motif: atom1 name is CH3
protocols.motifs.Motif: atom2 name is aroC
protocols.motifs.Motif: atom3 name is aroC
protocols.motifs.Motif: Res1 name is LEU
protocols.motifs.Motif: atom1 name is aroC
protocols.motifs.Motif: atom2 name is COO
protocols.motifs.Motif: atom3 name is ONH2
protocols.motifs.Motif: Res1 name is CYS
protocols.motifs.Motif: atom1 name is CH3
protocols.motifs.Motif: atom2 name is aroC
protocols.motifs.Motif: atom3 name is Ntrp
protocols.motifs.Motif: Res1 name is PHE
protocols.motifs.Motif: atom1 name is Ntrp
protocols.motifs.Motif: atom2 name is COO
protocols.motifs.Motif: atom3 name is ONH2
core.pack.task: Packer task: initialize from command line() 
core.pack.task: Packer task: initialize from command line() 
core.pack.task: Packer task: initialize from command line() 
protocols.moves.MonteCarlo: MonteCarlo:: last_accepted_score,lowest_score: -1077.89 -1077.89
protocols.motifs.Motif: Res1 name is LEU
protocols.motifs.Motif: atom1 name is aroC
protocols.motifs.Motif: atom2 name is aroC
protocols.motifs.Motif: atom3 name is COO
protocols.motifs.Motif: Res1 name is TYR
protocols.motifs.Motif: atom1 name is CH3
protocols.motifs.Motif: atom2 name is aroC
protocols.motifs.Motif: atom3 name is Ntrp
protocols.motifs.Motif: Res1 name is PHE
protocols.motifs.Motif: atom1 name is CH3
protocols.motifs.Motif: atom2 name is aroC
protocols.motifs.Motif: atom3 name is aroC
core.pack.task: Packer task: initialize from command line() 
core.pack.task: Packer task: initialize from command line() 
core.pack.task: Packer task: initialize from command line() 
protocols.moves.MonteCarlo: MonteCarlo:: last_accepted_score,lowest_score: -1072.19 -1072.52
protocols.motifs.Motif: Res1 name is LEU
protocols.motifs.Motif: atom1 name is aroC
protocols.motifs.Motif: atom2 name is aroC
protocols.motifs.Motif: atom3 name is aroC
protocols.motifs.Motif: Res1 name is TYR
protocols.motifs.Motif: atom1 name is CH3
protocols.motifs.Motif: atom2 name is aroC
protocols.motifs.Motif: atom3 name is Ntrp
protocols.motifs.Motif: Res1 name is LEU
protocols.motifs.Motif: atom1 name is CH3
protocols.motifs.Motif: atom2 name is aroC
protocols.motifs.Motif: atom3 name is aroC
core.pack.task: Packer task: initialize from command line() 
core.pack.task: Packer task: initialize from command line() 
core.pack.task: Packer task: initialize from command line() 
protocols.moves.MonteCarlo: MonteCarlo:: last_accepted_score,lowest_score: -1078.09 -1078.09
protocols.motifs.Motif: Res1 name is LEU
protocols.motifs.Motif: atom1 name is CH3
protocols.motifs.Motif: atom2 name is aroC
protocols.motifs.Motif: atom3 name is aroC
protocols.motifs.Motif: Res1 name is VAL
protocols.motifs.Motif: atom1 name is NH2O
protocols.motifs.Motif: atom2 name is COO
protocols.motifs.Motif: atom3 name is ONH2
protocols.motifs.Motif: Res1 name is TYR
protocols.motifs.Motif: atom1 name is Ntrp
protocols.motifs.Motif: atom2 name is COO
protocols.motifs.Motif: atom3 name is ONH2
protocols.motifs.Motif: Res1 name is LEU
protocols.motifs.Motif: atom1 name is NH2O
protocols.motifs.Motif: atom2 name is COO
protocols.motifs.Motif: atom3 name is ONH2
protocols.motifs.Motif: Res1 name is PHE
protocols.motifs.Motif: atom1 name is NH2O
protocols.motifs.Motif: atom2 name is COO
protocols.motifs.Motif: atom3 name is ONH2
core.pack.task: Packer task: initialize from command line() 
core.pack.task: Packer task: initialize from command line() 
core.pack.task: Packer task: initialize from command line() 
protocols.moves.MonteCarlo: MonteCarlo:: last_accepted_score,lowest_score: -1076.31 -1076.31
protocols.motifs.Motif: Res1 name is LEU
protocols.motifs.Motif: atom1 name is Ntrp
protocols.motifs.Motif: atom2 name is COO
protocols.motifs.Motif: atom3 name is ONH2
protocols.motifs.Motif: Res1 name is TYR
protocols.motifs.Motif: atom1 name is NH2O
protocols.motifs.Motif: atom2 name is COO
protocols.motifs.Motif: atom3 name is ONH2
protocols.motifs.Motif: Res1 name is LEU
protocols.motifs.Motif: atom1 name is NH2O
protocols.motifs.Motif: atom2 name is COO
protocols.motifs.Motif: atom3 name is ONH2
protocols.motifs.Motif: Res1 name is PHE
protocols.motifs.Motif: atom1 name is Ntrp
protocols.motifs.Motif: atom2 name is COO
protocols.motifs.Motif: atom3 name is ONH2
core.pack.task: Packer task: initialize from command line() 
core.pack.task: Packer task: initialize from command line() 
core.pack.task: Packer task: initialize from command line() 
protocols.moves.MonteCarlo: MonteCarlo:: last_accepted_score,lowest_score: -1074.31 -1074.31
protocols.motifs.Motif: Res1 name is LEU
protocols.motifs.Motif: atom1 name is Ntrp
protocols.motifs.Motif: atom2 name is COO
protocols.motifs.Motif: atom3 name is ONH2
protocols.motifs.Motif: Res1 name is TYR
protocols.motifs.Motif: atom1 name is NH2O
protocols.motifs.Motif: atom2 name is COO
protocols.motifs.Motif: atom3 name is ONH2
protocols.motifs.Motif: Res1 name is LEU
protocols.motifs.Motif: atom1 name is NH2O
protocols.motifs.Motif: atom2 name is COO
protocols.motifs.Motif: atom3 name is ONH2
protocols.motifs.Motif: Res1 name is PHE
protocols.motifs.Motif: atom1 name is Ntrp
protocols.motifs.Motif: atom2 name is COO
protocols.motifs.Motif: atom3 name is ONH2
core.pack.task: Packer task: initialize from command line() 
core.pack.task: Packer task: initialize from command line() 
core.pack.task: Packer task: initialize from command line() 
protocols.moves.MonteCarlo: MonteCarlo:: last_accepted_score,lowest_score: -1082.02 -1082.02
protocols.motifs.Motif: Res1 name is LEU
protocols.motifs.Motif: atom1 name is aroC
protocols.motifs.Motif: atom2 name is aroC
protocols.motifs.Motif: atom3 name is F
protocols.motifs.Motif: Res1 name is VAL
protocols.motifs.Motif: atom1 name is NH2O
protocols.motifs.Motif: atom2 name is COO
protocols.motifs.Motif: atom3 name is ONH2
protocols.motifs.Motif: Res1 name is ALA
protocols.motifs.Motif: atom1 name is CH3
protocols.motifs.Motif: atom2 name is aroC
protocols.motifs.Motif: atom3 name is Ntrp
protocols.motifs.Motif: Res1 name is LYS
protocols.motifs.Motif: atom1 name is NH2O
protocols.motifs.Motif: atom2 name is COO
protocols.motifs.Motif: atom3 name is ONH2
protocols.motifs.Motif: Res1 name is VAL
protocols.motifs.Motif: atom1 name is NH2O
protocols.motifs.Motif: atom2 name is COO
protocols.motifs.Motif: atom3 name is ONH2
protocols.motifs.Motif: Res1 name is THR
protocols.motifs.Motif: atom1 name is CH3
protocols.motifs.Motif: atom2 name is aroC
protocols.motifs.Motif: atom3 name is Ntrp
protocols.motifs.Motif: Res1 name is TYR
protocols.motifs.Motif: atom1 name is Ntrp
protocols.motifs.Motif: atom2 name is COO
protocols.motifs.Motif: atom3 name is ONH2
protocols.motifs.Motif: Res1 name is LEU
protocols.motifs.Motif: atom1 name is aroC
protocols.motifs.Motif: atom2 name is aroC
protocols.motifs.Motif: atom3 name is Ntrp
protocols.motifs.Motif: Res1 name is CYS
protocols.motifs.Motif: atom1 name is NH2O
protocols.motifs.Motif: atom2 name is COO
protocols.motifs.Motif: atom3 name is ONH2
protocols.motifs.Motif: Res1 name is PHE
protocols.motifs.Motif: atom1 name is CH3
protocols.motifs.Motif: atom2 name is aroC
protocols.motifs.Motif: atom3 name is aroC
core.pack.task: Packer task: initialize from command line() 
core.pack.task: Packer task: initialize from command line() 
core.pack.task: Packer task: initialize from command line() 
protocols.moves.MonteCarlo: MonteCarlo:: last_accepted_score,lowest_score: -1076.87 -1077.58
protocols.motifs.Motif: Res1 name is LEU
protocols.motifs.Motif: atom1 name is CH3
protocols.motifs.Motif: atom2 name is aroC
protocols.motifs.Motif: atom3 name is aroC
protocols.motifs.Motif: Res1 name is VAL
protocols.motifs.Motif: atom1 name is NH2O
protocols.motifs.Motif: atom2 name is COO
protocols.motifs.Motif: atom3 name is ONH2
protocols.motifs.Motif: Res1 name is TYR
protocols.motifs.Motif: atom1 name is Ntrp
protocols.motifs.Motif: atom2 name is COO
protocols.motifs.Motif: atom3 name is ONH2
protocols.motifs.Motif: Res1 name is LEU
protocols.motifs.Motif: atom1 name is NH2O
protocols.motifs.Motif: atom2 name is COO
protocols.motifs.Motif: atom3 name is ONH2
protocols.motifs.Motif: Res1 name is PHE
protocols.motifs.Motif: atom1 name is NH2O
protocols.motifs.Motif: atom2 name is COO
protocols.motifs.Motif: atom3 name is ONH2
core.pack.task: Packer task: initialize from command line() 
core.pack.task: Packer task: initialize from command line() 
core.pack.task: Packer task: initialize from command line() 
protocols.moves.MonteCarlo: MonteCarlo:: last_accepted_score,lowest_score: -1075.62 -1075.62
protocols.motifs.Motif: Res1 name is LEU
protocols.motifs.Motif: atom1 name is NH2O
protocols.motifs.Motif: atom2 name is COO
protocols.motifs.Motif: atom3 name is ONH2
protocols.motifs.Motif: Res1 name is TYR
protocols.motifs.Motif: atom1 name is NH2O
protocols.motifs.Motif: atom2 name is COO
protocols.motifs.Motif: atom3 name is ONH2
protocols.motifs.Motif: Res1 name is LEU
protocols.motifs.Motif: atom1 name is NH2O
protocols.motifs.Motif: atom2 name is COO
protocols.motifs.Motif: atom3 name is ONH2
core.pack.task: Packer task: initialize from command line() 
core.pack.task: Packer task: initialize from command line() 
core.pack.task: Packer task: initialize from command line() 
protocols.moves.MonteCarlo: MonteCarlo:: last_accepted_score,lowest_score: -1070.28 -1070.28
protocols.motifs.Motif: Res1 name is LEU
protocols.motifs.Motif: atom1 name is aroC
protocols.motifs.Motif: atom2 name is aroC
protocols.motifs.Motif: atom3 name is F
protocols.motifs.Motif: Res1 name is VAL
protocols.motifs.Motif: atom1 name is NH2O
protocols.motifs.Motif: atom2 name is COO
protocols.motifs.Motif: atom3 name is ONH2
protocols.motifs.Motif: Res1 name is VAL
protocols.motifs.Motif: atom1 name is NH2O
protocols.motifs.Motif: atom2 name is COO
protocols.motifs.Motif: atom3 name is ONH2
protocols.motifs.Motif: Res1 name is TYR
protocols.motifs.Motif: atom1 name is CH3
protocols.motifs.Motif: atom2 name is aroC
protocols.motifs.Motif: atom3 name is Ntrp
protocols.motifs.Motif: Res1 name is LEU
protocols.motifs.Motif: atom1 name is aroC
protocols.motifs.Motif: atom2 name is aroC
protocols.motifs.Motif: atom3 name is Ntrp
protocols.motifs.Motif: Res1 name is CYS
protocols.motifs.Motif: atom1 name is NH2O
protocols.motifs.Motif: atom2 name is COO
protocols.motifs.Motif: atom3 name is ONH2
protocols.motifs.Motif: Res1 name is PHE
protocols.motifs.Motif: atom1 name is CH3
protocols.motifs.Motif: atom2 name is aroC
protocols.motifs.Motif: atom3 name is aroC
core.pack.task: Packer task: initialize from command line() 
core.pack.task: Packer task: initialize from command line() 
core.pack.task: Packer task: initialize from command line() 
protocols.moves.MonteCarlo: MonteCarlo:: last_accepted_score,lowest_score: -1071.77 -1071.77
protocols.motifs.Motif: Res1 name is LEU
protocols.motifs.Motif: atom1 name is aroC
protocols.motifs.Motif: atom2 name is aroC
protocols.motifs.Motif: atom3 name is aroC
protocols.motifs.Motif: Res1 name is TYR
protocols.motifs.Motif: atom1 name is CH3
protocols.motifs.Motif: atom2 name is aroC
protocols.motifs.Motif: atom3 name is Ntrp
protocols.motifs.Motif: Res1 name is LEU
protocols.motifs.Motif: atom1 name is NH2O
protocols.motifs.Motif: atom2 name is COO
protocols.motifs.Motif: atom3 name is ONH2
core.pack.task: Packer task: initialize from command line() 
core.pack.task: Packer task: initialize from command line() 
core.pack.task: Packer task: initialize from command line() 
protocols.moves.MonteCarlo: MonteCarlo:: last_accepted_score,lowest_score: -1078.64 -1078.64
protocols.motifs.Motif: Res1 name is LEU
protocols.motifs.Motif: atom1 name is aroC
protocols.motifs.Motif: atom2 name is aroC
protocols.motifs.Motif: atom3 name is aroC
protocols.motifs.Motif: Res1 name is VAL
protocols.motifs.Motif: atom1 name is NH2O
protocols.motifs.Motif: atom2 name is COO
protocols.motifs.Motif: atom3 name is ONH2
protocols.motifs.Motif: Res1 name is ALA
protocols.motifs.Motif: atom1 name is CH3
protocols.motifs.Motif: atom2 name is aroC
protocols.motifs.Motif: atom3 name is Ntrp
protocols.motifs.Motif: Res1 name is LYS
protocols.motifs.Motif: atom1 name is NH2O
protocols.motifs.Motif: atom2 name is COO
protocols.motifs.Motif: atom3 name is ONH2
protocols.motifs.Motif: Res1 name is VAL
protocols.motifs.Motif: atom1 name is NH2O
protocols.motifs.Motif: atom2 name is COO
protocols.motifs.Motif: atom3 name is ONH2
protocols.motifs.Motif: Res1 name is LEU
protocols.motifs.Motif: atom1 name is aroC
protocols.motifs.Motif: atom2 name is aroC
protocols.motifs.Motif: atom3 name is Ntrp
protocols.motifs.Motif: Res1 name is CYS
protocols.motifs.Motif: atom1 name is NH2O
protocols.motifs.Motif: atom2 name is COO
protocols.motifs.Motif: atom3 name is ONH2
protocols.motifs.Motif: Res1 name is PHE
protocols.motifs.Motif: atom1 name is CH3
protocols.motifs.Motif: atom2 name is aroC
protocols.motifs.Motif: atom3 name is aroC
core.pack.task: Packer task: initialize from command line() 
core.pack.task: Packer task: initialize from command line() 
core.pack.task: Packer task: initialize from command line() 
protocols.moves.MonteCarlo: MonteCarlo:: last_accepted_score,lowest_score: -1075.15 -1075.53
protocols.motifs.Motif: Res1 name is LEU
protocols.motifs.Motif: atom1 name is Ntrp
protocols.motifs.Motif: atom2 name is COO
protocols.motifs.Motif: atom3 name is ONH2
protocols.motifs.Motif: Res1 name is TYR
protocols.motifs.Motif: atom1 name is NH2O
protocols.motifs.Motif: atom2 name is COO
protocols.motifs.Motif: atom3 name is ONH2
protocols.motifs.Motif: Res1 name is LEU
protocols.motifs.Motif: atom1 name is CH3
protocols.motifs.Motif: atom2 name is aroC
protocols.motifs.Motif: atom3 name is Ntrp
protocols.motifs.Motif: Res1 name is PHE
protocols.motifs.Motif: atom1 name is Ntrp
protocols.motifs.Motif: atom2 name is COO
protocols.motifs.Motif: atom3 name is ONH2
core.pack.task: Packer task: initialize from command line() 
core.pack.task: Packer task: initialize from command line() 
core.pack.task: Packer task: initialize from command line() 
protocols.moves.MonteCarlo: MonteCarlo:: last_accepted_score,lowest_score: -1074.73 -1074.73
protocols.motifs.Motif: Res1 name is LEU
protocols.motifs.Motif: atom1 name is Ntrp
protocols.motifs.Motif: atom2 name is COO
protocols.motifs.Motif: atom3 name is ONH2
protocols.motifs.Motif: Res1 name is TYR
protocols.motifs.Motif: atom1 name is NH2O
protocols.motifs.Motif: atom2 name is COO
protocols.motifs.Motif: atom3 name is ONH2
core.pack.task: Packer task: initialize from command line() 
core.pack.task: Packer task: initialize from command line() 
core.pack.task: Packer task: initialize from command line() 
protocols.moves.MonteCarlo: MonteCarlo:: last_accepted_score,lowest_score: -1076.54 -1076.54
protocols.motifs.Motif: Res1 name is LEU
protocols.motifs.Motif: atom1 name is Ntrp
protocols.motifs.Motif: atom2 name is COO
protocols.motifs.Motif: atom3 name is ONH2
protocols.motifs.Motif: Res1 name is ALA
protocols.motifs.Motif: atom1 name is NH2O
protocols.motifs.Motif: atom2 name is COO
protocols.motifs.Motif: atom3 name is ONH2
protocols.motifs.Motif: Res1 name is VAL
protocols.motifs.Motif: atom1 name is NH2O
protocols.motifs.Motif: atom2 name is COO
protocols.motifs.Motif: atom3 name is ONH2
protocols.motifs.Motif: Res1 name is TYR
protocols.motifs.Motif: atom1 name is CH3
protocols.motifs.Motif: atom2 name is aroC
protocols.motifs.Motif: atom3 name is aroC
protocols.motifs.Motif: Res1 name is LEU
protocols.motifs.Motif: atom1 name is NH2O
protocols.motifs.Motif: atom2 name is COO
protocols.motifs.Motif: atom3 name is ONH2
protocols.motifs.Motif: Res1 name is PHE
protocols.motifs.Motif: atom1 name is Ntrp
protocols.motifs.Motif: atom2 name is COO
protocols.motifs.Motif: atom3 name is ONH2
core.pack.task: Packer task: initialize from command line() 
core.pack.task: Packer task: initialize from command line() 
core.pack.task: Packer task: initialize from command line() 
protocols.moves.MonteCarlo: MonteCarlo:: last_accepted_score,lowest_score: -1077.49 -1077.49
protocols.motifs.Motif: Res1 name is LEU
protocols.motifs.Motif: atom1 name is Ntrp
protocols.motifs.Motif: atom2 name is COO
protocols.motifs.Motif: atom3 name is ONH2
protocols.motifs.Motif: Res1 name is TYR
protocols.motifs.Motif: atom1 name is NH2O
protocols.motifs.Motif: atom2 name is COO
protocols.motifs.Motif: atom3 name is ONH2
protocols.motifs.Motif: Res1 name is LEU
protocols.motifs.Motif: atom1 name is CH3
protocols.motifs.Motif: atom2 name is aroC
protocols.motifs.Motif: atom3 name is Ntrp
protocols.motifs.Motif: Res1 name is PHE
protocols.motifs.Motif: atom1 name is Ntrp
protocols.motifs.Motif: atom2 name is COO
protocols.motifs.Motif: atom3 name is ONH2
core.pack.task: Packer task: initialize from command line() 
core.pack.task: Packer task: initialize from command line() 
core.pack.task: Packer task: initialize from command line() 
protocols.moves.MonteCarlo: MonteCarlo:: last_accepted_score,lowest_score: -1073.06 -1073.73
protocols.motifs.Motif: Res1 name is ASP
protocols.motifs.Motif: atom1 name is NH2O
protocols.motifs.Motif: atom2 name is COO
protocols.motifs.Motif: atom3 name is ONH2
protocols.motifs.Motif: Res1 name is GLU
protocols.motifs.Motif: atom1 name is aroC
protocols.motifs.Motif: atom2 name is aroC
protocols.motifs.Motif: atom3 name is Ntrp
protocols.motifs.Motif: Res1 name is PHE
protocols.motifs.Motif: atom1 name is NH2O
protocols.motifs.Motif: atom2 name is COO
protocols.motifs.Motif: atom3 name is ONH2
core.pack.task: Packer task: initialize from command line() 
core.pack.task: Packer task: initialize from command line() 
core.pack.task: Packer task: initialize from command line() 
protocols.moves.MonteCarlo: MonteCarlo:: last_accepted_score,lowest_score: -1075.07 -1075.07
protocols.motifs.Motif: Res1 name is LEU
protocols.motifs.Motif: atom1 name is NH2O
protocols.motifs.Motif: atom2 name is COO
protocols.motifs.Motif: atom3 name is ONH2
protocols.motifs.Motif: Res1 name is TYR
protocols.motifs.Motif: atom1 name is NH2O
protocols.motifs.Motif: atom2 name is COO
protocols.motifs.Motif: atom3 name is ONH2
protocols.motifs.Motif: Res1 name is LEU
protocols.motifs.Motif: atom1 name is CH3
protocols.motifs.Motif: atom2 name is aroC
protocols.motifs.Motif: atom3 name is Ntrp
protocols.motifs.Motif: Res1 name is PHE
protocols.motifs.Motif: atom1 name is Ntrp
protocols.motifs.Motif: atom2 name is COO
protocols.motifs.Motif: atom3 name is ONH2
core.pack.task: Packer task: initialize from command line() 
core.pack.task: Packer task: initialize from command line() 
core.pack.task: Packer task: initialize from command line() 
protocols.moves.MonteCarlo: MonteCarlo:: last_accepted_score,lowest_score: -1075.95 -1075.95
protocols.motifs.Motif: Res1 name is LEU
protocols.motifs.Motif: atom1 name is aroC
protocols.motifs.Motif: atom2 name is aroC
protocols.motifs.Motif: atom3 name is aroC
protocols.motifs.Motif: Res1 name is VAL
protocols.motifs.Motif: atom1 name is NH2O
protocols.motifs.Motif: atom2 name is COO
protocols.motifs.Motif: atom3 name is ONH2
protocols.motifs.Motif: Res1 name is LEU
protocols.motifs.Motif: atom1 name is NH2O
protocols.motifs.Motif: atom2 name is COO
protocols.motifs.Motif: atom3 name is ONH2
protocols.motifs.Motif: Res1 name is PHE
protocols.motifs.Motif: atom1 name is CH3
protocols.motifs.Motif: atom2 name is aroC
protocols.motifs.Motif: atom3 name is aroC
core.pack.task: Packer task: initialize from command line() 
core.pack.task: Packer task: initialize from command line() 
core.pack.task: Packer task: initialize from command line() 
protocols.moves.MonteCarlo: MonteCarlo:: last_accepted_score,lowest_score: -1075.06 -1075.53
protocols.motifs.Motif: Res1 name is LEU
protocols.motifs.Motif: atom1 name is NH2O
protocols.motifs.Motif: atom2 name is COO
protocols.motifs.Motif: atom3 name is ONH2
protocols.motifs.Motif: Res1 name is TYR
protocols.motifs.Motif: atom1 name is NH2O
protocols.motifs.Motif: atom2 name is COO
protocols.motifs.Motif: atom3 name is ONH2
protocols.motifs.Motif: Res1 name is LEU
protocols.motifs.Motif: atom1 name is CH3
protocols.motifs.Motif: atom2 name is aroC
protocols.motifs.Motif: atom3 name is Ntrp
protocols.motifs.Motif: Res1 name is PHE
protocols.motifs.Motif: atom1 name is Ntrp
protocols.motifs.Motif: atom2 name is COO
protocols.motifs.Motif: atom3 name is ONH2
core.pack.task: Packer task: initialize from command line() 
core.pack.task: Packer task: initialize from command line() 
core.pack.task: Packer task: initialize from command line() 
protocols.moves.MonteCarlo: MonteCarlo:: last_accepted_score,lowest_score: -1077.06 -1077.06
protocols.motifs.Motif: Res1 name is LEU
protocols.motifs.Motif: atom1 name is Ntrp
protocols.motifs.Motif: atom2 name is COO
protocols.motifs.Motif: atom3 name is ONH2
protocols.motifs.Motif: Res1 name is TYR
protocols.motifs.Motif: atom1 name is NH2O
protocols.motifs.Motif: atom2 name is COO
protocols.motifs.Motif: atom3 name is ONH2
protocols.motifs.Motif: Res1 name is LEU
protocols.motifs.Motif: atom1 name is CH3
protocols.motifs.Motif: atom2 name is aroC
protocols.motifs.Motif: atom3 name is Ntrp
protocols.motifs.Motif: Res1 name is PHE
protocols.motifs.Motif: atom1 name is Ntrp
protocols.motifs.Motif: atom2 name is COO
protocols.motifs.Motif: atom3 name is ONH2
core.pack.task: Packer task: initialize from command line() 
core.pack.task: Packer task: initialize from command line() 
core.pack.task: Packer task: initialize from command line() 
protocols.moves.MonteCarlo: MonteCarlo:: last_accepted_score,lowest_score: -1078.42 -1078.42
protocols.motifs.Motif: Res1 name is LEU
protocols.motifs.Motif: atom1 name is Ntrp
protocols.motifs.Motif: atom2 name is COO
protocols.motifs.Motif: atom3 name is ONH2
protocols.motifs.Motif: Res1 name is TYR
protocols.motifs.Motif: atom1 name is NH2O
protocols.motifs.Motif: atom2 name is COO
protocols.motifs.Motif: atom3 name is ONH2
protocols.motifs.Motif: Res1 name is LEU
protocols.motifs.Motif: atom1 name is NH2O
protocols.motifs.Motif: atom2 name is COO
protocols.motifs.Motif: atom3 name is ONH2
protocols.motifs.Motif: Res1 name is PHE
protocols.motifs.Motif: atom1 name is Ntrp
protocols.motifs.Motif: atom2 name is COO
protocols.motifs.Motif: atom3 name is ONH2
core.pack.task: Packer task: initialize from command line() 
core.pack.task: Packer task: initialize from command line() 
core.pack.task: Packer task: initialize from command line() 
protocols.moves.MonteCarlo: MonteCarlo:: last_accepted_score,lowest_score: -1074.43 -1074.43
protocols.motifs.Motif: Res1 name is LYS
protocols.motifs.Motif: atom1 name is aroC
protocols.motifs.Motif: atom2 name is aroC
protocols.motifs.Motif: atom3 name is aroC
protocols.motifs.Motif: Res1 name is LEU
protocols.motifs.Motif: atom1 name is Ntrp
protocols.motifs.Motif: atom2 name is COO
protocols.motifs.Motif: atom3 name is ONH2
protocols.motifs.Motif: Res1 name is TYR
protocols.motifs.Motif: atom1 name is CH3
protocols.motifs.Motif: atom2 name is aroC
protocols.motifs.Motif: atom3 name is aroC
core.pack.task: Packer task: initialize from command line() 
core.pack.task: Packer task: initialize from command line() 
core.pack.task: Packer task: initialize from command line() 
protocols.moves.MonteCarlo: MonteCarlo:: last_accepted_score,lowest_score: -1077.53 -1077.53
protocols.motifs.Motif: Res1 name is LEU
protocols.motifs.Motif: atom1 name is Ntrp
protocols.motifs.Motif: atom2 name is COO
protocols.motifs.Motif: atom3 name is ONH2
protocols.motifs.Motif: Res1 name is VAL
protocols.motifs.Motif: atom1 name is CH3
protocols.motifs.Motif: atom2 name is aroC
protocols.motifs.Motif: atom3 name is Ntrp
protocols.motifs.Motif: Res1 name is ALA
protocols.motifs.Motif: atom1 name is NH2O
protocols.motifs.Motif: atom2 name is COO
protocols.motifs.Motif: atom3 name is ONH2
protocols.motifs.Motif: Res1 name is VAL
protocols.motifs.Motif: atom1 name is NH2O
protocols.motifs.Motif: atom2 name is COO
protocols.motifs.Motif: atom3 name is ONH2
protocols.motifs.Motif: Res1 name is TYR
protocols.motifs.Motif: atom1 name is CH3
protocols.motifs.Motif: atom2 name is aroC
protocols.motifs.Motif: atom3 name is aroC
protocols.motifs.Motif: Res1 name is LEU
protocols.motifs.Motif: atom1 name is NH2O
protocols.motifs.Motif: atom2 name is COO
protocols.motifs.Motif: atom3 name is ONH2
protocols.motifs.Motif: Res1 name is PHE
protocols.motifs.Motif: atom1 name is Ntrp
protocols.motifs.Motif: atom2 name is COO
protocols.motifs.Motif: atom3 name is ONH2
core.pack.task: Packer task: initialize from command line() 
core.pack.task: Packer task: initialize from command line() 
core.pack.task: Packer task: initialize from command line() 
protocols.moves.MonteCarlo: MonteCarlo:: last_accepted_score,lowest_score: -1047.88 -1047.88
protocols.motifs.Motif: Res1 name is LEU
protocols.motifs.Motif: atom1 name is NH2O
protocols.motifs.Motif: atom2 name is COO
protocols.motifs.Motif: atom3 name is ONH2
protocols.motifs.Motif: Res1 name is TYR
protocols.motifs.Motif: atom1 name is NH2O
protocols.motifs.Motif: atom2 name is COO
protocols.motifs.Motif: atom3 name is ONH2
protocols.motifs.Motif: Res1 name is LEU
protocols.motifs.Motif: atom1 name is CH3
protocols.motifs.Motif: atom2 name is aroC
protocols.motifs.Motif: atom3 name is Ntrp
core.pack.task: Packer task: initialize from command line() 
core.pack.task: Packer task: initialize from command line() 
core.pack.task: Packer task: initialize from command line() 
protocols.moves.MonteCarlo: MonteCarlo:: last_accepted_score,lowest_score: -1073.47 -1074.2
protocols.motifs.Motif: Res1 name is LEU
protocols.motifs.Motif: atom1 name is NH2O
protocols.motifs.Motif: atom2 name is COO
protocols.motifs.Motif: atom3 name is ONH2
protocols.motifs.Motif: Res1 name is TYR
protocols.motifs.Motif: atom1 name is NH2O
protocols.motifs.Motif: atom2 name is COO
protocols.motifs.Motif: atom3 name is ONH2
protocols.motifs.Motif: Res1 name is ASP
protocols.motifs.Motif: atom1 name is Ntrp
protocols.motifs.Motif: atom2 name is COO
protocols.motifs.Motif: atom3 name is ONH2
protocols.motifs.Motif: Res1 name is PHE
protocols.motifs.Motif: atom1 name is Ntrp
protocols.motifs.Motif: atom2 name is COO
protocols.motifs.Motif: atom3 name is ONH2
core.pack.task: Packer task: initialize from command line() 
core.pack.task: Packer task: initialize from command line() 
core.pack.task: Packer task: initialize from command line() 
protocols.moves.MonteCarlo: MonteCarlo:: last_accepted_score,lowest_score: -1079.85 -1079.85
protocols.motifs.Motif: Res1 name is LEU
protocols.motifs.Motif: atom1 name is aroC
protocols.motifs.Motif: atom2 name is aroC
protocols.motifs.Motif: atom3 name is F
protocols.motifs.Motif: Res1 name is VAL
protocols.motifs.Motif: atom1 name is NH2O
protocols.motifs.Motif: atom2 name is COO
protocols.motifs.Motif: atom3 name is ONH2
protocols.motifs.Motif: Res1 name is ALA
protocols.motifs.Motif: atom1 name is CH3
protocols.motifs.Motif: atom2 name is aroC
protocols.motifs.Motif: atom3 name is Ntrp
protocols.motifs.Motif: Res1 name is LYS
protocols.motifs.Motif: atom1 name is NH2O
protocols.motifs.Motif: atom2 name is COO
protocols.motifs.Motif: atom3 name is ONH2
protocols.motifs.Motif: Res1 name is VAL
protocols.motifs.Motif: atom1 name is NH2O
protocols.motifs.Motif: atom2 name is COO
protocols.motifs.Motif: atom3 name is ONH2
protocols.motifs.Motif: Res1 name is THR
protocols.motifs.Motif: atom1 name is CH3
protocols.motifs.Motif: atom2 name is aroC
protocols.motifs.Motif: atom3 name is Ntrp
protocols.motifs.Motif: Res1 name is TYR
protocols.motifs.Motif: atom1 name is Ntrp
protocols.motifs.Motif: atom2 name is COO
protocols.motifs.Motif: atom3 name is ONH2
protocols.motifs.Motif: Res1 name is LEU
protocols.motifs.Motif: atom1 name is aroC
protocols.motifs.Motif: atom2 name is aroC
protocols.motifs.Motif: atom3 name is Ntrp
protocols.motifs.Motif: Res1 name is CYS
protocols.motifs.Motif: atom1 name is NH2O
protocols.motifs.Motif: atom2 name is COO
protocols.motifs.Motif: atom3 name is ONH2
protocols.motifs.Motif: Res1 name is PHE
protocols.motifs.Motif: atom1 name is CH3
protocols.motifs.Motif: atom2 name is aroC
protocols.motifs.Motif: atom3 name is aroC
core.pack.task: Packer task: initialize from command line() 
core.pack.task: Packer task: initialize from command line() 
core.pack.task: Packer task: initialize from command line() 
protocols.moves.MonteCarlo: MonteCarlo:: last_accepted_score,lowest_score: -1077.68 -1077.86
protocols.motifs.Motif: Res1 name is LEU
protocols.motifs.Motif: atom1 name is CH3
protocols.motifs.Motif: atom2 name is aroC
protocols.motifs.Motif: atom3 name is aroC
protocols.motifs.Motif: Res1 name is TYR
protocols.motifs.Motif: atom1 name is Ntrp
protocols.motifs.Motif: atom2 name is COO
protocols.motifs.Motif: atom3 name is ONH2
protocols.motifs.Motif: Res1 name is LEU
protocols.motifs.Motif: atom1 name is NH2O
protocols.motifs.Motif: atom2 name is COO
protocols.motifs.Motif: atom3 name is ONH2
protocols.motifs.Motif: Res1 name is PHE
protocols.motifs.Motif: atom1 name is NH2O
protocols.motifs.Motif: atom2 name is COO
protocols.motifs.Motif: atom3 name is ONH2
core.pack.task: Packer task: initialize from command line() 
core.pack.task: Packer task: initialize from command line() 
core.pack.task: Packer task: initialize from command line() 
protocols.moves.MonteCarlo: MonteCarlo:: last_accepted_score,lowest_score: -1081.65 -1082.27
protocols.motifs.Motif: Res1 name is LEU
protocols.motifs.Motif: atom1 name is CH3
protocols.motifs.Motif: atom2 name is aroC
protocols.motifs.Motif: atom3 name is aroC
protocols.motifs.Motif: Res1 name is VAL
protocols.motifs.Motif: atom1 name is aroC
protocols.motifs.Motif: atom2 name is aroC
protocols.motifs.Motif: atom3 name is F
protocols.motifs.Motif: Res1 name is ALA
protocols.motifs.Motif: atom1 name is Ntrp
protocols.motifs.Motif: atom2 name is COO
protocols.motifs.Motif: atom3 name is ONH2
protocols.motifs.Motif: Res1 name is TYR
protocols.motifs.Motif: atom1 name is CH3
protocols.motifs.Motif: atom2 name is aroC
protocols.motifs.Motif: atom3 name is Ntrp
protocols.motifs.Motif: Res1 name is LEU
protocols.motifs.Motif: atom1 name is aroC
protocols.motifs.Motif: atom2 name is COO
protocols.motifs.Motif: atom3 name is ONH2
protocols.motifs.Motif: Res1 name is CYS
protocols.motifs.Motif: atom1 name is aroC
protocols.motifs.Motif: atom2 name is aroC
protocols.motifs.Motif: atom3 name is aroC
protocols.motifs.Motif: Res1 name is PHE
protocols.motifs.Motif: atom1 name is aroC
protocols.motifs.Motif: atom2 name is aroC
protocols.motifs.Motif: atom3 name is F
core.pack.task: Packer task: initialize from command line() 
core.pack.task: Packer task: initialize from command line() 
core.pack.task: Packer task: initialize from command line() 
protocols.moves.MonteCarlo: MonteCarlo:: last_accepted_score,lowest_score: -1075.63 -1075.63
protocols.motifs.Motif: Res1 name is LEU
protocols.motifs.Motif: atom1 name is Ntrp
protocols.motifs.Motif: atom2 name is COO
protocols.motifs.Motif: atom3 name is ONH2
protocols.motifs.Motif: Res1 name is VAL
protocols.motifs.Motif: atom1 name is CH3
protocols.motifs.Motif: atom2 name is aroC
protocols.motifs.Motif: atom3 name is Ntrp
protocols.motifs.Motif: Res1 name is ALA
protocols.motifs.Motif: atom1 name is NH2O
protocols.motifs.Motif: atom2 name is COO
protocols.motifs.Motif: atom3 name is ONH2
protocols.motifs.Motif: Res1 name is VAL
protocols.motifs.Motif: atom1 name is NH2O
protocols.motifs.Motif: atom2 name is COO
protocols.motifs.Motif: atom3 name is ONH2
protocols.motifs.Motif: Res1 name is TYR
protocols.motifs.Motif: atom1 name is NH2O
protocols.motifs.Motif: atom2 name is COO
protocols.motifs.Motif: atom3 name is ONH2
protocols.motifs.Motif: Res1 name is LEU
protocols.motifs.Motif: atom1 name is aroC
protocols.motifs.Motif: atom2 name is aroC
protocols.motifs.Motif: atom3 name is aroC
protocols.motifs.Motif: Res1 name is PHE
protocols.motifs.Motif: atom1 name is Ntrp
protocols.motifs.Motif: atom2 name is COO
protocols.motifs.Motif: atom3 name is ONH2
core.pack.task: Packer task: initialize from command line() 
core.pack.task: Packer task: initialize from command line() 
core.pack.task: Packer task: initialize from command line() 
protocols.moves.MonteCarlo: MonteCarlo:: last_accepted_score,lowest_score: -1082.21 -1082.25
protocols.motifs.Motif: Res1 name is LEU
protocols.motifs.Motif: atom1 name is CH3
protocols.motifs.Motif: atom2 name is aroC
protocols.motifs.Motif: atom3 name is aroC
protocols.motifs.Motif: Res1 name is VAL
protocols.motifs.Motif: atom1 name is aroC
protocols.motifs.Motif: atom2 name is aroC
protocols.motifs.Motif: atom3 name is F
protocols.motifs.Motif: Res1 name is ALA
protocols.motifs.Motif: atom1 name is Ntrp
protocols.motifs.Motif: atom2 name is COO
protocols.motifs.Motif: atom3 name is ONH2
protocols.motifs.Motif: Res1 name is TYR
protocols.motifs.Motif: atom1 name is CH3
protocols.motifs.Motif: atom2 name is aroC
protocols.motifs.Motif: atom3 name is Ntrp
protocols.motifs.Motif: Res1 name is LEU
protocols.motifs.Motif: atom1 name is aroC
protocols.motifs.Motif: atom2 name is COO
protocols.motifs.Motif: atom3 name is ONH2
protocols.motifs.Motif: Res1 name is CYS
protocols.motifs.Motif: atom1 name is aroC
protocols.motifs.Motif: atom2 name is aroC
protocols.motifs.Motif: atom3 name is aroC
protocols.motifs.Motif: Res1 name is PHE
protocols.motifs.Motif: atom1 name is aroC
protocols.motifs.Motif: atom2 name is aroC
protocols.motifs.Motif: atom3 name is F
core.pack.task: Packer task: initialize from command line() 
core.pack.task: Packer task: initialize from command line() 
core.pack.task: Packer task: initialize from command line() 
protocols.moves.MonteCarlo: MonteCarlo:: last_accepted_score,lowest_score: -1080.97 -1081.42
protocols.motifs.Motif: Res1 name is LEU
protocols.motifs.Motif: atom1 name is CH3
protocols.motifs.Motif: atom2 name is aroC
protocols.motifs.Motif: atom3 name is aroC
protocols.motifs.Motif: Res1 name is VAL
protocols.motifs.Motif: atom1 name is aroC
protocols.motifs.Motif: atom2 name is aroC
protocols.motifs.Motif: atom3 name is F
protocols.motifs.Motif: Res1 name is ALA
protocols.motifs.Motif: atom1 name is Ntrp
protocols.motifs.Motif: atom2 name is COO
protocols.motifs.Motif: atom3 name is ONH2
protocols.motifs.Motif: Res1 name is TYR
protocols.motifs.Motif: atom1 name is Ntrp
protocols.motifs.Motif: atom2 name is COO
protocols.motifs.Motif: atom3 name is ONH2
protocols.motifs.Motif: Res1 name is LEU
protocols.motifs.Motif: atom1 name is aroC
protocols.motifs.Motif: atom2 name is aroC
protocols.motifs.Motif: atom3 name is COO
protocols.motifs.Motif: Res1 name is CYS
protocols.motifs.Motif: atom1 name is aroC
protocols.motifs.Motif: atom2 name is aroC
protocols.motifs.Motif: atom3 name is aroC
protocols.motifs.Motif: Res1 name is PHE
protocols.motifs.Motif: atom1 name is aroC
protocols.motifs.Motif: atom2 name is aroC
protocols.motifs.Motif: atom3 name is F
core.pack.task: Packer task: initialize from command line() 
core.pack.task: Packer task: initialize from command line() 
core.pack.task: Packer task: initialize from command line() 
protocols.moves.MonteCarlo: MonteCarlo:: last_accepted_score,lowest_score: -1074.89 -1074.89
protocols.motifs.Motif: Res1 name is LEU
protocols.motifs.Motif: atom1 name is aroC
protocols.motifs.Motif: atom2 name is aroC
protocols.motifs.Motif: atom3 name is Ntrp
protocols.motifs.Motif: Res1 name is TYR
protocols.motifs.Motif: atom1 name is Ntrp
protocols.motifs.Motif: atom2 name is COO
protocols.motifs.Motif: atom3 name is ONH2
protocols.motifs.Motif: Res1 name is ASP
protocols.motifs.Motif: atom1 name is NH2O
protocols.motifs.Motif: atom2 name is COO
protocols.motifs.Motif: atom3 name is ONH2
protocols.motifs.Motif: Res1 name is ASN
protocols.motifs.Motif: atom1 name is NH2O
protocols.motifs.Motif: atom2 name is COO
protocols.motifs.Motif: atom3 name is ONH2
protocols.motifs.Motif: Res1 name is LEU
protocols.motifs.Motif: atom1 name is aroC
protocols.motifs.Motif: atom2 name is aroC
protocols.motifs.Motif: atom3 name is aroC
core.pack.task: Packer task: initialize from command line() 
core.pack.task: Packer task: initialize from command line() 
core.pack.task: Packer task: initialize from command line() 
protocols.moves.MonteCarlo: MonteCarlo:: last_accepted_score,lowest_score: -1082.19 -1082.23
protocols.motifs.Motif: Res1 name is LEU
protocols.motifs.Motif: atom1 name is CH3
protocols.motifs.Motif: atom2 name is aroC
protocols.motifs.Motif: atom3 name is aroC
protocols.motifs.Motif: Res1 name is VAL
protocols.motifs.Motif: atom1 name is aroC
protocols.motifs.Motif: atom2 name is aroC
protocols.motifs.Motif: atom3 name is F
protocols.motifs.Motif: Res1 name is ALA
protocols.motifs.Motif: atom1 name is Ntrp
protocols.motifs.Motif: atom2 name is COO
protocols.motifs.Motif: atom3 name is ONH2
protocols.motifs.Motif: Res1 name is TYR
protocols.motifs.Motif: atom1 name is Ntrp
protocols.motifs.Motif: atom2 name is COO
protocols.motifs.Motif: atom3 name is ONH2
protocols.motifs.Motif: Res1 name is LEU
protocols.motifs.Motif: atom1 name is aroC
protocols.motifs.Motif: atom2 name is aroC
protocols.motifs.Motif: atom3 name is COO
protocols.motifs.Motif: Res1 name is CYS
protocols.motifs.Motif: atom1 name is aroC
protocols.motifs.Motif: atom2 name is aroC
protocols.motifs.Motif: atom3 name is aroC
protocols.motifs.Motif: Res1 name is PHE
protocols.motifs.Motif: atom1 name is aroC
protocols.motifs.Motif: atom2 name is aroC
protocols.motifs.Motif: atom3 name is F
core.pack.task: Packer task: initialize from command line() 
core.pack.task: Packer task: initialize from command line() 
core.pack.task: Packer task: initialize from command line() 
protocols.moves.MonteCarlo: MonteCarlo:: last_accepted_score,lowest_score: -1077.74 -1077.74
protocols.motifs.Motif: Res1 name is LEU
protocols.motifs.Motif: atom1 name is aroC
protocols.motifs.Motif: atom2 name is aroC
protocols.motifs.Motif: atom3 name is Ntrp
protocols.motifs.Motif: Res1 name is TYR
protocols.motifs.Motif: atom1 name is aroC
protocols.motifs.Motif: atom2 name is aroC
protocols.motifs.Motif: atom3 name is F
protocols.motifs.Motif: Res1 name is LEU
protocols.motifs.Motif: atom1 name is aroC
protocols.motifs.Motif: atom2 name is aroC
protocols.motifs.Motif: atom3 name is aroC
protocols.motifs.Motif: Res1 name is PHE
protocols.motifs.Motif: atom1 name is Ntrp
protocols.motifs.Motif: atom2 name is COO
protocols.motifs.Motif: atom3 name is ONH2
core.pack.task: Packer task: initialize from command line() 
core.pack.task: Packer task: initialize from command line() 
core.pack.task: Packer task: initialize from command line() 
protocols.moves.MonteCarlo: MonteCarlo:: last_accepted_score,lowest_score: -1082.02 -1082.02
protocols.motifs.Motif: Res1 name is LEU
protocols.motifs.Motif: atom1 name is CH3
protocols.motifs.Motif: atom2 name is aroC
protocols.motifs.Motif: atom3 name is aroC
protocols.motifs.Motif: Res1 name is VAL
protocols.motifs.Motif: atom1 name is aroC
protocols.motifs.Motif: atom2 name is aroC
protocols.motifs.Motif: atom3 name is F
protocols.motifs.Motif: Res1 name is ALA
protocols.motifs.Motif: atom1 name is Ntrp
protocols.motifs.Motif: atom2 name is COO
protocols.motifs.Motif: atom3 name is ONH2
protocols.motifs.Motif: Res1 name is LYS
protocols.motifs.Motif: atom1 name is aroC
protocols.motifs.Motif: atom2 name is aroC
protocols.motifs.Motif: atom3 name is aroC
protocols.motifs.Motif: Res1 name is TYR
protocols.motifs.Motif: atom1 name is Ntrp
protocols.motifs.Motif: atom2 name is COO
protocols.motifs.Motif: atom3 name is ONH2
protocols.motifs.Motif: Res1 name is LEU
protocols.motifs.Motif: atom1 name is aroC
protocols.motifs.Motif: atom2 name is COO
protocols.motifs.Motif: atom3 name is ONH2
protocols.motifs.Motif: Res1 name is CYS
protocols.motifs.Motif: atom1 name is aroC
protocols.motifs.Motif: atom2 name is aroC
protocols.motifs.Motif: atom3 name is aroC
protocols.motifs.Motif: Res1 name is PHE
protocols.motifs.Motif: atom1 name is aroC
protocols.motifs.Motif: atom2 name is aroC
protocols.motifs.Motif: atom3 name is F
core.pack.task: Packer task: initialize from command line() 
core.pack.task: Packer task: initialize from command line() 
core.pack.task: Packer task: initialize from command line() 
protocols.moves.MonteCarlo: MonteCarlo:: last_accepted_score,lowest_score: -1078.98 -1080.56
protocols.motifs.Motif: Res1 name is LEU
protocols.motifs.Motif: atom1 name is Ntrp
protocols.motifs.Motif: atom2 name is COO
protocols.motifs.Motif: atom3 name is ONH2
protocols.motifs.Motif: Res1 name is VAL
protocols.motifs.Motif: atom1 name is aroC
protocols.motifs.Motif: atom2 name is aroC
protocols.motifs.Motif: atom3 name is Ntrp
protocols.motifs.Motif: Res1 name is ALA
protocols.motifs.Motif: atom1 name is aroC
protocols.motifs.Motif: atom2 name is aroC
protocols.motifs.Motif: atom3 name is aroC
protocols.motifs.Motif: Res1 name is TYR
protocols.motifs.Motif: atom1 name is CH3
protocols.motifs.Motif: atom2 name is aroC
protocols.motifs.Motif: atom3 name is aroC
protocols.motifs.Motif: Res1 name is LEU
protocols.motifs.Motif: atom1 name is aroC
protocols.motifs.Motif: atom2 name is aroC
protocols.motifs.Motif: atom3 name is COO
protocols.motifs.Motif: Res1 name is PHE
protocols.motifs.Motif: atom1 name is Ntrp
protocols.motifs.Motif: atom2 name is COO
protocols.motifs.Motif: atom3 name is ONH2
core.pack.task: Packer task: initialize from command line() 
core.pack.task: Packer task: initialize from command line() 
core.pack.task: Packer task: initialize from command line() 
protocols.moves.MonteCarlo: MonteCarlo:: last_accepted_score,lowest_score: -1079.05 -1079.74
protocols.motifs.Motif: Res1 name is LEU
protocols.motifs.Motif: atom1 name is Ntrp
protocols.motifs.Motif: atom2 name is COO
protocols.motifs.Motif: atom3 name is ONH2
protocols.motifs.Motif: Res1 name is VAL
protocols.motifs.Motif: atom1 name is aroC
protocols.motifs.Motif: atom2 name is aroC
protocols.motifs.Motif: atom3 name is Ntrp
protocols.motifs.Motif: Res1 name is ALA
protocols.motifs.Motif: atom1 name is aroC
protocols.motifs.Motif: atom2 name is aroC
protocols.motifs.Motif: atom3 name is aroC
protocols.motifs.Motif: Res1 name is VAL
protocols.motifs.Motif: atom1 name is aroC
protocols.motifs.Motif: atom2 name is aroC
protocols.motifs.Motif: atom3 name is F
protocols.motifs.Motif: Res1 name is TYR
protocols.motifs.Motif: atom1 name is CH3
protocols.motifs.Motif: atom2 name is aroC
protocols.motifs.Motif: atom3 name is aroC
protocols.motifs.Motif: Res1 name is LEU
protocols.motifs.Motif: atom1 name is aroC
protocols.motifs.Motif: atom2 name is aroC
protocols.motifs.Motif: atom3 name is COO
protocols.motifs.Motif: Res1 name is PHE
protocols.motifs.Motif: atom1 name is Ntrp
protocols.motifs.Motif: atom2 name is COO
protocols.motifs.Motif: atom3 name is ONH2
core.pack.task: Packer task: initialize from command line() 
core.pack.task: Packer task: initialize from command line() 
core.pack.task: Packer task: initialize from command line() 
protocols.moves.MonteCarlo: MonteCarlo:: last_accepted_score,lowest_score: -1080.52 -1080.52
protocols.motifs.Motif: Res1 name is LEU
protocols.motifs.Motif: atom1 name is Ntrp
protocols.motifs.Motif: atom2 name is COO
protocols.motifs.Motif: atom3 name is ONH2
protocols.motifs.Motif: Res1 name is VAL
protocols.motifs.Motif: atom1 name is aroC
protocols.motifs.Motif: atom2 name is aroC
protocols.motifs.Motif: atom3 name is Ntrp
protocols.motifs.Motif: Res1 name is ALA
protocols.motifs.Motif: atom1 name is aroC
protocols.motifs.Motif: atom2 name is aroC
protocols.motifs.Motif: atom3 name is aroC
protocols.motifs.Motif: Res1 name is TYR
protocols.motifs.Motif: atom1 name is NH2O
protocols.motifs.Motif: atom2 name is COO
protocols.motifs.Motif: atom3 name is ONH2
protocols.motifs.Motif: Res1 name is LEU
protocols.motifs.Motif: atom1 name is aroC
protocols.motifs.Motif: atom2 name is aroC
protocols.motifs.Motif: atom3 name is COO
protocols.motifs.Motif: Res1 name is CYS
protocols.motifs.Motif: atom1 name is aroC
protocols.motifs.Motif: atom2 name is aroC
protocols.motifs.Motif: atom3 name is Ntrp
protocols.motifs.Motif: Res1 name is PHE
protocols.motifs.Motif: atom1 name is Ntrp
protocols.motifs.Motif: atom2 name is COO
protocols.motifs.Motif: atom3 name is ONH2
core.pack.task: Packer task: initialize from command line() 
core.pack.task: Packer task: initialize from command line() 
core.pack.task: Packer task: initialize from command line() 
protocols.moves.MonteCarlo: MonteCarlo:: last_accepted_score,lowest_score: -1078.62 -1078.62
protocols.motifs.Motif: Res1 name is LEU
protocols.motifs.Motif: atom1 name is aroC
protocols.motifs.Motif: atom2 name is aroC
protocols.motifs.Motif: atom3 name is Ntrp
protocols.motifs.Motif: Res1 name is VAL
protocols.motifs.Motif: atom1 name is aroC
protocols.motifs.Motif: atom2 name is aroC
protocols.motifs.Motif: atom3 name is F
protocols.motifs.Motif: Res1 name is TYR
protocols.motifs.Motif: atom1 name is Ntrp
protocols.motifs.Motif: atom2 name is COO
protocols.motifs.Motif: atom3 name is ONH2
protocols.motifs.Motif: Res1 name is ASP
protocols.motifs.Motif: atom1 name is NH2O
protocols.motifs.Motif: atom2 name is COO
protocols.motifs.Motif: atom3 name is ONH2
protocols.motifs.Motif: Res1 name is LEU
protocols.motifs.Motif: atom1 name is aroC
protocols.motifs.Motif: atom2 name is aroC
protocols.motifs.Motif: atom3 name is aroC
protocols.motifs.Motif: Res1 name is PHE
protocols.motifs.Motif: atom1 name is aroC
protocols.motifs.Motif: atom2 name is aroC
protocols.motifs.Motif: atom3 name is aroC
core.pack.task: Packer task: initialize from command line() 
core.pack.task: Packer task: initialize from command line() 
core.pack.task: Packer task: initialize from command line() 
protocols.moves.MonteCarlo: MonteCarlo:: last_accepted_score,lowest_score: -1079.25 -1079.25
protocols.motifs.Motif: Res1 name is LEU
protocols.motifs.Motif: atom1 name is Ntrp
protocols.motifs.Motif: atom2 name is COO
protocols.motifs.Motif: atom3 name is ONH2
protocols.motifs.Motif: Res1 name is VAL
protocols.motifs.Motif: atom1 name is aroC
protocols.motifs.Motif: atom2 name is aroC
protocols.motifs.Motif: atom3 name is Ntrp
protocols.motifs.Motif: Res1 name is TYR
protocols.motifs.Motif: atom1 name is NH2O
protocols.motifs.Motif: atom2 name is COO
protocols.motifs.Motif: atom3 name is ONH2
protocols.motifs.Motif: Res1 name is LEU
protocols.motifs.Motif: atom1 name is aroC
protocols.motifs.Motif: atom2 name is aroC
protocols.motifs.Motif: atom3 name is aroC
protocols.motifs.Motif: Res1 name is CYS
protocols.motifs.Motif: atom1 name is aroC
protocols.motifs.Motif: atom2 name is aroC
protocols.motifs.Motif: atom3 name is aroC
protocols.motifs.Motif: Res1 name is PHE
protocols.motifs.Motif: atom1 name is Ntrp
protocols.motifs.Motif: atom2 name is COO
protocols.motifs.Motif: atom3 name is ONH2
protocols.motifs.Motif: Res1 name is ALA
protocols.motifs.Motif: atom1 name is Ntrp
protocols.motifs.Motif: atom2 name is COO
protocols.motifs.Motif: atom3 name is ONH2
core.pack.task: Packer task: initialize from command line() 
core.pack.task: Packer task: initialize from command line() 
core.pack.task: Packer task: initialize from command line() 
protocols.moves.MonteCarlo: MonteCarlo:: last_accepted_score,lowest_score: -1079.78 -1080.29
protocols.motifs.Motif: Res1 name is LEU
protocols.motifs.Motif: atom1 name is Ntrp
protocols.motifs.Motif: atom2 name is COO
protocols.motifs.Motif: atom3 name is ONH2
protocols.motifs.Motif: Res1 name is VAL
protocols.motifs.Motif: atom1 name is aroC
protocols.motifs.Motif: atom2 name is aroC
protocols.motifs.Motif: atom3 name is Ntrp
protocols.motifs.Motif: Res1 name is ALA
protocols.motifs.Motif: atom1 name is aroC
protocols.motifs.Motif: atom2 name is aroC
protocols.motifs.Motif: atom3 name is aroC
protocols.motifs.Motif: Res1 name is VAL
protocols.motifs.Motif: atom1 name is aroC
protocols.motifs.Motif: atom2 name is aroC
protocols.motifs.Motif: atom3 name is F
protocols.motifs.Motif: Res1 name is TYR
protocols.motifs.Motif: atom1 name is aroC
protocols.motifs.Motif: atom2 name is aroC
protocols.motifs.Motif: atom3 name is F
protocols.motifs.Motif: Res1 name is LEU
protocols.motifs.Motif: atom1 name is aroC
protocols.motifs.Motif: atom2 name is aroC
protocols.motifs.Motif: atom3 name is COO
protocols.motifs.Motif: Res1 name is CYS
protocols.motifs.Motif: atom1 name is aroC
protocols.motifs.Motif: atom2 name is aroC
protocols.motifs.Motif: atom3 name is Ntrp
protocols.motifs.Motif: Res1 name is PHE
protocols.motifs.Motif: atom1 name is Ntrp
protocols.motifs.Motif: atom2 name is COO
protocols.motifs.Motif: atom3 name is ONH2
core.pack.task: Packer task: initialize from command line() 
core.pack.task: Packer task: initialize from command line() 
core.pack.task: Packer task: initialize from command line() 
protocols.moves.MonteCarlo: MonteCarlo:: last_accepted_score,lowest_score: -1082.04 -1082.04
protocols.motifs.Motif: Res1 name is LEU
protocols.motifs.Motif: atom1 name is CH3
protocols.motifs.Motif: atom2 name is aroC
protocols.motifs.Motif: atom3 name is aroC
protocols.motifs.Motif: Res1 name is VAL
protocols.motifs.Motif: atom1 name is aroC
protocols.motifs.Motif: atom2 name is aroC
protocols.motifs.Motif: atom3 name is F
protocols.motifs.Motif: Res1 name is ALA
protocols.motifs.Motif: atom1 name is Ntrp
protocols.motifs.Motif: atom2 name is COO
protocols.motifs.Motif: atom3 name is ONH2
protocols.motifs.Motif: Res1 name is TYR
protocols.motifs.Motif: atom1 name is Ntrp
protocols.motifs.Motif: atom2 name is COO
protocols.motifs.Motif: atom3 name is ONH2
protocols.motifs.Motif: Res1 name is LEU
protocols.motifs.Motif: atom1 name is aroC
protocols.motifs.Motif: atom2 name is aroC
protocols.motifs.Motif: atom3 name is COO
protocols.motifs.Motif: Res1 name is CYS
protocols.motifs.Motif: atom1 name is aroC
protocols.motifs.Motif: atom2 name is aroC
protocols.motifs.Motif: atom3 name is aroC
protocols.motifs.Motif: Res1 name is PHE
protocols.motifs.Motif: atom1 name is aroC
protocols.motifs.Motif: atom2 name is aroC
protocols.motifs.Motif: atom3 name is F
core.pack.task: Packer task: initialize from command line() 
core.pack.task: Packer task: initialize from command line() 
core.pack.task: Packer task: initialize from command line() 
protocols.moves.MonteCarlo: MonteCarlo:: last_accepted_score,lowest_score: -1074.98 -1074.98
protocols.motifs.Motif: Res1 name is LEU
protocols.motifs.Motif: atom1 name is aroC
protocols.motifs.Motif: atom2 name is aroC
protocols.motifs.Motif: atom3 name is aroC
protocols.motifs.Motif: Res1 name is TYR
protocols.motifs.Motif: atom1 name is aroC
protocols.motifs.Motif: atom2 name is aroC
protocols.motifs.Motif: atom3 name is Ntrp
protocols.motifs.Motif: Res1 name is ASP
protocols.motifs.Motif: atom1 name is NH2O
protocols.motifs.Motif: atom2 name is COO
protocols.motifs.Motif: atom3 name is ONH2
protocols.motifs.Motif: Res1 name is LEU
protocols.motifs.Motif: atom1 name is aroC
protocols.motifs.Motif: atom2 name is aroC
protocols.motifs.Motif: atom3 name is F
protocols.motifs.Motif: Res1 name is PHE
protocols.motifs.Motif: atom1 name is CH3
protocols.motifs.Motif: atom2 name is aroC
protocols.motifs.Motif: atom3 name is aroC
core.pack.task: Packer task: initialize from command line() 
core.pack.task: Packer task: initialize from command line() 
core.pack.task: Packer task: initialize from command line() 
protocols.moves.MonteCarlo: MonteCarlo:: last_accepted_score,lowest_score: -1078.33 -1078.33
protocols.motifs.Motif: Res1 name is LEU
protocols.motifs.Motif: atom1 name is aroC
protocols.motifs.Motif: atom2 name is COO
protocols.motifs.Motif: atom3 name is ONH2
protocols.motifs.Motif: Res1 name is VAL
protocols.motifs.Motif: atom1 name is aroC
protocols.motifs.Motif: atom2 name is aroC
protocols.motifs.Motif: atom3 name is F
protocols.motifs.Motif: Res1 name is ALA
protocols.motifs.Motif: atom1 name is aroC
protocols.motifs.Motif: atom2 name is aroC
protocols.motifs.Motif: atom3 name is Ntrp
protocols.motifs.Motif: Res1 name is TYR
protocols.motifs.Motif: atom1 name is Ntrp
protocols.motifs.Motif: atom2 name is COO
protocols.motifs.Motif: atom3 name is ONH2
protocols.motifs.Motif: Res1 name is LEU
protocols.motifs.Motif: atom1 name is aroC
protocols.motifs.Motif: atom2 name is aroC
protocols.motifs.Motif: atom3 name is Ntrp
protocols.motifs.Motif: Res1 name is CYS
protocols.motifs.Motif: atom1 name is aroC
protocols.motifs.Motif: atom2 name is aroC
protocols.motifs.Motif: atom3 name is F
protocols.motifs.Motif: Res1 name is PHE
protocols.motifs.Motif: atom1 name is aroC
protocols.motifs.Motif: atom2 name is aroC
protocols.motifs.Motif: atom3 name is F
core.pack.task: Packer task: initialize from command line() 
core.pack.task: Packer task: initialize from command line() 
core.pack.task: Packer task: initialize from command line() 
protocols.moves.MonteCarlo: MonteCarlo:: last_accepted_score,lowest_score: -1077.88 -1077.88
protocols.motifs.Motif: Res1 name is LEU
protocols.motifs.Motif: atom1 name is aroC
protocols.motifs.Motif: atom2 name is aroC
protocols.motifs.Motif: atom3 name is Ntrp
protocols.motifs.Motif: Res1 name is VAL
protocols.motifs.Motif: atom1 name is Ntrp
protocols.motifs.Motif: atom2 name is COO
protocols.motifs.Motif: atom3 name is ONH2
protocols.motifs.Motif: Res1 name is LEU
protocols.motifs.Motif: atom1 name is aroC
protocols.motifs.Motif: atom2 name is aroC
protocols.motifs.Motif: atom3 name is aroC
protocols.motifs.Motif: Res1 name is PHE
protocols.motifs.Motif: atom1 name is Ntrp
protocols.motifs.Motif: atom2 name is COO
protocols.motifs.Motif: atom3 name is ONH2
core.pack.task: Packer task: initialize from command line() 
core.pack.task: Packer task: initialize from command line() 
core.pack.task: Packer task: initialize from command line() 
protocols.moves.MonteCarlo: MonteCarlo:: last_accepted_score,lowest_score: -1080.7 -1080.7
protocols.motifs.Motif: Res1 name is LEU
protocols.motifs.Motif: atom1 name is Ntrp
protocols.motifs.Motif: atom2 name is COO
protocols.motifs.Motif: atom3 name is ONH2
protocols.motifs.Motif: Res1 name is VAL
protocols.motifs.Motif: atom1 name is aroC
protocols.motifs.Motif: atom2 name is aroC
protocols.motifs.Motif: atom3 name is Ntrp
protocols.motifs.Motif: Res1 name is ALA
protocols.motifs.Motif: atom1 name is aroC
protocols.motifs.Motif: atom2 name is aroC
protocols.motifs.Motif: atom3 name is aroC
protocols.motifs.Motif: Res1 name is VAL
protocols.motifs.Motif: atom1 name is aroC
protocols.motifs.Motif: atom2 name is aroC
protocols.motifs.Motif: atom3 name is F
protocols.motifs.Motif: Res1 name is TYR
protocols.motifs.Motif: atom1 name is aroC
protocols.motifs.Motif: atom2 name is aroC
protocols.motifs.Motif: atom3 name is F
protocols.motifs.Motif: Res1 name is LEU
protocols.motifs.Motif: atom1 name is aroC
protocols.motifs.Motif: atom2 name is aroC
protocols.motifs.Motif: atom3 name is COO
protocols.motifs.Motif: Res1 name is PHE
protocols.motifs.Motif: atom1 name is Ntrp
protocols.motifs.Motif: atom2 name is COO
protocols.motifs.Motif: atom3 name is ONH2
core.pack.task: Packer task: initialize from command line() 
core.pack.task: Packer task: initialize from command line() 
core.pack.task: Packer task: initialize from command line() 
protocols.moves.MonteCarlo: MonteCarlo:: last_accepted_score,lowest_score: -1036.96 -1036.96
protocols.motifs.Motif: Res1 name is LEU
protocols.motifs.Motif: atom1 name is Ntrp
protocols.motifs.Motif: atom2 name is COO
protocols.motifs.Motif: atom3 name is ONH2
protocols.motifs.Motif: Res1 name is ALA
protocols.motifs.Motif: atom1 name is aroC
protocols.motifs.Motif: atom2 name is aroC
protocols.motifs.Motif: atom3 name is Ntrp
protocols.motifs.Motif: Res1 name is TYR
protocols.motifs.Motif: atom1 name is Ntrp
protocols.motifs.Motif: atom2 name is COO
protocols.motifs.Motif: atom3 name is ONH2
protocols.motifs.Motif: Res1 name is LEU
protocols.motifs.Motif: atom1 name is aroC
protocols.motifs.Motif: atom2 name is aroC
protocols.motifs.Motif: atom3 name is aroC
protocols.motifs.Motif: Res1 name is CYS
protocols.motifs.Motif: atom1 name is aroC
protocols.motifs.Motif: atom2 name is aroC
protocols.motifs.Motif: atom3 name is F
protocols.motifs.Motif: Res1 name is PHE
protocols.motifs.Motif: atom1 name is aroC
protocols.motifs.Motif: atom2 name is aroC
protocols.motifs.Motif: atom3 name is F
core.pack.task: Packer task: initialize from command line() 
core.pack.task: Packer task: initialize from command line() 
core.pack.task: Packer task: initialize from command line() 
protocols.moves.MonteCarlo: MonteCarlo:: last_accepted_score,lowest_score: -1081.72 -1081.72
protocols.motifs.Motif: Res1 name is LEU
protocols.motifs.Motif: atom1 name is CH3
protocols.motifs.Motif: atom2 name is aroC
protocols.motifs.Motif: atom3 name is aroC
protocols.motifs.Motif: Res1 name is VAL
protocols.motifs.Motif: atom1 name is aroC
protocols.motifs.Motif: atom2 name is aroC
protocols.motifs.Motif: atom3 name is F
protocols.motifs.Motif: Res1 name is ALA
protocols.motifs.Motif: atom1 name is Ntrp
protocols.motifs.Motif: atom2 name is COO
protocols.motifs.Motif: atom3 name is ONH2
protocols.motifs.Motif: Res1 name is TYR
protocols.motifs.Motif: atom1 name is CH3
protocols.motifs.Motif: atom2 name is aroC
protocols.motifs.Motif: atom3 name is Ntrp
protocols.motifs.Motif: Res1 name is LEU
protocols.motifs.Motif: atom1 name is Ntrp
protocols.motifs.Motif: atom2 name is COO
protocols.motifs.Motif: atom3 name is ONH2
protocols.motifs.Motif: Res1 name is CYS
protocols.motifs.Motif: atom1 name is aroC
protocols.motifs.Motif: atom2 name is aroC
protocols.motifs.Motif: atom3 name is aroC
protocols.motifs.Motif: Res1 name is PHE
protocols.motifs.Motif: atom1 name is aroC
protocols.motifs.Motif: atom2 name is aroC
protocols.motifs.Motif: atom3 name is F
core.pack.task: Packer task: initialize from command line() 
core.pack.task: Packer task: initialize from command line() 
core.pack.task: Packer task: initialize from command line() 
protocols.moves.MonteCarlo: MonteCarlo:: last_accepted_score,lowest_score: -1080.65 -1080.81
protocols.motifs.Motif: Res1 name is LEU
protocols.motifs.Motif: atom1 name is Ntrp
protocols.motifs.Motif: atom2 name is COO
protocols.motifs.Motif: atom3 name is ONH2
protocols.motifs.Motif: Res1 name is VAL
protocols.motifs.Motif: atom1 name is aroC
protocols.motifs.Motif: atom2 name is aroC
protocols.motifs.Motif: atom3 name is Ntrp
protocols.motifs.Motif: Res1 name is ALA
protocols.motifs.Motif: atom1 name is aroC
protocols.motifs.Motif: atom2 name is aroC
protocols.motifs.Motif: atom3 name is aroC
protocols.motifs.Motif: Res1 name is TYR
protocols.motifs.Motif: atom1 name is CH3
protocols.motifs.Motif: atom2 name is aroC
protocols.motifs.Motif: atom3 name is aroC
protocols.motifs.Motif: Res1 name is LEU
protocols.motifs.Motif: atom1 name is aroC
protocols.motifs.Motif: atom2 name is aroC
protocols.motifs.Motif: atom3 name is aroC
protocols.motifs.Motif: Res1 name is CYS
protocols.motifs.Motif: atom1 name is aroC
protocols.motifs.Motif: atom2 name is aroC
protocols.motifs.Motif: atom3 name is Ntrp
protocols.motifs.Motif: Res1 name is PHE
protocols.motifs.Motif: atom1 name is Ntrp
protocols.motifs.Motif: atom2 name is COO
protocols.motifs.Motif: atom3 name is ONH2
core.pack.task: Packer task: initialize from command line() 
core.pack.task: Packer task: initialize from command line() 
core.pack.task: Packer task: initialize from command line() 
protocols.moves.MonteCarlo: MonteCarlo:: last_accepted_score,lowest_score: -1077.51 -1077.51
protocols.motifs.Motif: Res1 name is LEU
protocols.motifs.Motif: atom1 name is aroC
protocols.motifs.Motif: atom2 name is aroC
protocols.motifs.Motif: atom3 name is Ntrp
protocols.motifs.Motif: Res1 name is TYR
protocols.motifs.Motif: atom1 name is Ntrp
protocols.motifs.Motif: atom2 name is COO
protocols.motifs.Motif: atom3 name is ONH2
protocols.motifs.Motif: Res1 name is LEU
protocols.motifs.Motif: atom1 name is aroC
protocols.motifs.Motif: atom2 name is aroC
protocols.motifs.Motif: atom3 name is aroC
protocols.motifs.Motif: Res1 name is PHE
protocols.motifs.Motif: atom1 name is aroC
protocols.motifs.Motif: atom2 name is aroC
protocols.motifs.Motif: atom3 name is aroC
core.pack.task: Packer task: initialize from command line() 
core.pack.task: Packer task: initialize from command line() 
core.pack.task: Packer task: initialize from command line() 
protocols.moves.MonteCarlo: MonteCarlo:: last_accepted_score,lowest_score: -1075.12 -1075.12
protocols.motifs.Motif: Res1 name is LEU
protocols.motifs.Motif: atom1 name is aroC
protocols.motifs.Motif: atom2 name is aroC
protocols.motifs.Motif: atom3 name is Ntrp
protocols.motifs.Motif: Res1 name is TYR
protocols.motifs.Motif: atom1 name is Ntrp
protocols.motifs.Motif: atom2 name is COO
protocols.motifs.Motif: atom3 name is ONH2
protocols.motifs.Motif: Res1 name is LEU
protocols.motifs.Motif: atom1 name is aroC
protocols.motifs.Motif: atom2 name is aroC
protocols.motifs.Motif: atom3 name is aroC
core.pack.task: Packer task: initialize from command line() 
core.pack.task: Packer task: initialize from command line() 
core.pack.task: Packer task: initialize from command line() 
protocols.moves.MonteCarlo: MonteCarlo:: last_accepted_score,lowest_score: -1077.33 -1077.33
protocols.motifs.Motif: Res1 name is LEU
protocols.motifs.Motif: atom1 name is aroC
protocols.motifs.Motif: atom2 name is aroC
protocols.motifs.Motif: atom3 name is Ntrp
protocols.motifs.Motif: Res1 name is VAL
protocols.motifs.Motif: atom1 name is Ntrp
protocols.motifs.Motif: atom2 name is COO
protocols.motifs.Motif: atom3 name is ONH2
protocols.motifs.Motif: Res1 name is LEU
protocols.motifs.Motif: atom1 name is aroC
protocols.motifs.Motif: atom2 name is aroC
protocols.motifs.Motif: atom3 name is aroC
protocols.motifs.Motif: Res1 name is PHE
protocols.motifs.Motif: atom1 name is Ntrp
protocols.motifs.Motif: atom2 name is COO
protocols.motifs.Motif: atom3 name is ONH2
core.pack.task: Packer task: initialize from command line() 
core.pack.task: Packer task: initialize from command line() 
core.pack.task: Packer task: initialize from command line() 
protocols.moves.MonteCarlo: MonteCarlo:: last_accepted_score,lowest_score: -1079.34 -1079.85
protocols.motifs.Motif: Res1 name is LEU
protocols.motifs.Motif: atom1 name is Ntrp
protocols.motifs.Motif: atom2 name is COO
protocols.motifs.Motif: atom3 name is ONH2
protocols.motifs.Motif: Res1 name is VAL
protocols.motifs.Motif: atom1 name is aroC
protocols.motifs.Motif: atom2 name is aroC
protocols.motifs.Motif: atom3 name is Ntrp
protocols.motifs.Motif: Res1 name is ALA
protocols.motifs.Motif: atom1 name is aroC
protocols.motifs.Motif: atom2 name is aroC
protocols.motifs.Motif: atom3 name is aroC
protocols.motifs.Motif: Res1 name is VAL
protocols.motifs.Motif: atom1 name is aroC
protocols.motifs.Motif: atom2 name is aroC
protocols.motifs.Motif: atom3 name is F
protocols.motifs.Motif: Res1 name is TYR
protocols.motifs.Motif: atom1 name is aroC
protocols.motifs.Motif: atom2 name is aroC
protocols.motifs.Motif: atom3 name is F
protocols.motifs.Motif: Res1 name is LEU
protocols.motifs.Motif: atom1 name is aroC
protocols.motifs.Motif: atom2 name is aroC
protocols.motifs.Motif: atom3 name is COO
protocols.motifs.Motif: Res1 name is PHE
protocols.motifs.Motif: atom1 name is Ntrp
protocols.motifs.Motif: atom2 name is COO
protocols.motifs.Motif: atom3 name is ONH2
core.pack.task: Packer task: initialize from command line() 
core.pack.task: Packer task: initialize from command line() 
core.pack.task: Packer task: initialize from command line() 
protocols.moves.MonteCarlo: MonteCarlo:: last_accepted_score,lowest_score: -1076.82 -1076.82
protocols.motifs.Motif: Res1 name is LEU
protocols.motifs.Motif: atom1 name is aroC
protocols.motifs.Motif: atom2 name is aroC
protocols.motifs.Motif: atom3 name is Ntrp
protocols.motifs.Motif: Res1 name is VAL
protocols.motifs.Motif: atom1 name is Ntrp
protocols.motifs.Motif: atom2 name is COO
protocols.motifs.Motif: atom3 name is ONH2
protocols.motifs.Motif: Res1 name is LYS
protocols.motifs.Motif: atom1 name is aroC
protocols.motifs.Motif: atom2 name is aroC
protocols.motifs.Motif: atom3 name is aroC
protocols.motifs.Motif: Res1 name is VAL
protocols.motifs.Motif: atom1 name is aroC
protocols.motifs.Motif: atom2 name is aroC
protocols.motifs.Motif: atom3 name is F
protocols.motifs.Motif: Res1 name is TYR
protocols.motifs.Motif: atom1 name is NH2O
protocols.motifs.Motif: atom2 name is COO
protocols.motifs.Motif: atom3 name is ONH2
protocols.motifs.Motif: Res1 name is LEU
protocols.motifs.Motif: atom1 name is aroC
protocols.motifs.Motif: atom2 name is aroC
protocols.motifs.Motif: atom3 name is aroC
protocols.motifs.Motif: Res1 name is CYS
protocols.motifs.Motif: atom1 name is aroC
protocols.motifs.Motif: atom2 name is aroC
protocols.motifs.Motif: atom3 name is aroC
protocols.motifs.Motif: Res1 name is PHE
protocols.motifs.Motif: atom1 name is Ntrp
protocols.motifs.Motif: atom2 name is COO
protocols.motifs.Motif: atom3 name is ONH2
protocols.motifs.Motif: Res1 name is ALA
protocols.motifs.Motif: atom1 name is Ntrp
protocols.motifs.Motif: atom2 name is COO
protocols.motifs.Motif: atom3 name is ONH2
core.pack.task: Packer task: initialize from command line() 
core.pack.task: Packer task: initialize from command line() 
core.pack.task: Packer task: initialize from command line() 
protocols.moves.MonteCarlo: MonteCarlo:: last_accepted_score,lowest_score: -1078.72 -1078.9
protocols.motifs.Motif: Res1 name is LEU
protocols.motifs.Motif: atom1 name is CH3
protocols.motifs.Motif: atom2 name is aroC
protocols.motifs.Motif: atom3 name is aroC
protocols.motifs.Motif: Res1 name is VAL
protocols.motifs.Motif: atom1 name is aroC
protocols.motifs.Motif: atom2 name is aroC
protocols.motifs.Motif: atom3 name is F
protocols.motifs.Motif: Res1 name is ALA
protocols.motifs.Motif: atom1 name is aroC
protocols.motifs.Motif: atom2 name is aroC
protocols.motifs.Motif: atom3 name is Ntrp
protocols.motifs.Motif: Res1 name is TYR
protocols.motifs.Motif: atom1 name is Ntrp
protocols.motifs.Motif: atom2 name is COO
protocols.motifs.Motif: atom3 name is ONH2
protocols.motifs.Motif: Res1 name is LEU
protocols.motifs.Motif: atom1 name is aroC
protocols.motifs.Motif: atom2 name is aroC
protocols.motifs.Motif: atom3 name is COO
protocols.motifs.Motif: Res1 name is CYS
protocols.motifs.Motif: atom1 name is aroC
protocols.motifs.Motif: atom2 name is aroC
protocols.motifs.Motif: atom3 name is F
protocols.motifs.Motif: Res1 name is PHE
protocols.motifs.Motif: atom1 name is aroC
protocols.motifs.Motif: atom2 name is aroC
protocols.motifs.Motif: atom3 name is aroC
core.pack.task: Packer task: initialize from command line() 
core.pack.task: Packer task: initialize from command line() 
core.pack.task: Packer task: initialize from command line() 
protocols.moves.MonteCarlo: MonteCarlo:: last_accepted_score,lowest_score: -1076.77 -1076.77
protocols.motifs.Motif: Res1 name is LYS
protocols.motifs.Motif: atom1 name is CH3
protocols.motifs.Motif: atom2 name is aroC
protocols.motifs.Motif: atom3 name is aroC
protocols.motifs.Motif: Res1 name is LEU
protocols.motifs.Motif: atom1 name is Ntrp
protocols.motifs.Motif: atom2 name is COO
protocols.motifs.Motif: atom3 name is ONH2
protocols.motifs.Motif: Res1 name is TYR
protocols.motifs.Motif: atom1 name is aroC
protocols.motifs.Motif: atom2 name is aroC
protocols.motifs.Motif: atom3 name is F
protocols.motifs.Motif: Res1 name is LEU
protocols.motifs.Motif: atom1 name is aroC
protocols.motifs.Motif: atom2 name is aroC
protocols.motifs.Motif: atom3 name is Ntrp
protocols.motifs.Motif: Res1 name is PHE
protocols.motifs.Motif: atom1 name is Ntrp
protocols.motifs.Motif: atom2 name is COO
protocols.motifs.Motif: atom3 name is ONH2
core.pack.task: Packer task: initialize from command line() 
core.pack.task: Packer task: initialize from command line() 
core.pack.task: Packer task: initialize from command line() 
protocols.moves.MonteCarlo: MonteCarlo:: last_accepted_score,lowest_score: -1076.78 -1076.89
protocols.motifs.Motif: Res1 name is LEU
protocols.motifs.Motif: atom1 name is aroC
protocols.motifs.Motif: atom2 name is aroC
protocols.motifs.Motif: atom3 name is aroC
protocols.motifs.Motif: Res1 name is TYR
protocols.motifs.Motif: atom1 name is Ntrp
protocols.motifs.Motif: atom2 name is COO
protocols.motifs.Motif: atom3 name is ONH2
protocols.motifs.Motif: Res1 name is LEU
protocols.motifs.Motif: atom1 name is aroC
protocols.motifs.Motif: atom2 name is aroC
protocols.motifs.Motif: atom3 name is aroC
core.pack.task: Packer task: initialize from command line() 
core.pack.task: Packer task: initialize from command line() 
core.pack.task: Packer task: initialize from command line() 
protocols.moves.MonteCarlo: MonteCarlo:: last_accepted_score,lowest_score: -1070.67 -1070.67
protocols.motifs.Motif: Res1 name is LEU
protocols.motifs.Motif: atom1 name is CH3
protocols.motifs.Motif: atom2 name is aroC
protocols.motifs.Motif: atom3 name is aroC
protocols.motifs.Motif: Res1 name is VAL
protocols.motifs.Motif: atom1 name is aroC
protocols.motifs.Motif: atom2 name is aroC
protocols.motifs.Motif: atom3 name is aroC
protocols.motifs.Motif: Res1 name is ALA
protocols.motifs.Motif: atom1 name is Ntrp
protocols.motifs.Motif: atom2 name is COO
protocols.motifs.Motif: atom3 name is ONH2
protocols.motifs.Motif: Res1 name is LYS
protocols.motifs.Motif: atom1 name is aroC
protocols.motifs.Motif: atom2 name is aroC
protocols.motifs.Motif: atom3 name is F
protocols.motifs.Motif: Res1 name is VAL
protocols.motifs.Motif: atom1 name is aroC
protocols.motifs.Motif: atom2 name is aroC
protocols.motifs.Motif: atom3 name is Ntrp
protocols.motifs.Motif: Res1 name is THR
protocols.motifs.Motif: atom1 name is aroC
protocols.motifs.Motif: atom2 name is aroC
protocols.motifs.Motif: atom3 name is Ntrp
protocols.motifs.Motif: Res1 name is TYR
protocols.motifs.Motif: atom1 name is Ntrp
protocols.motifs.Motif: atom2 name is COO
protocols.motifs.Motif: atom3 name is ONH2
protocols.motifs.Motif: Res1 name is LEU
protocols.motifs.Motif: atom1 name is aroC
protocols.motifs.Motif: atom2 name is COO
protocols.motifs.Motif: atom3 name is ONH2
protocols.motifs.Motif: Res1 name is CYS
protocols.motifs.Motif: atom1 name is aroC
protocols.motifs.Motif: atom2 name is aroC
protocols.motifs.Motif: atom3 name is aroC
protocols.motifs.Motif: Res1 name is PHE
protocols.motifs.Motif: atom1 name is CH3
protocols.motifs.Motif: atom2 name is aroC
protocols.motifs.Motif: atom3 name is aroC
core.pack.task: Packer task: initialize from command line() 
core.pack.task: Packer task: initialize from command line() 
core.pack.task: Packer task: initialize from command line() 
protocols.moves.MonteCarlo: MonteCarlo:: last_accepted_score,lowest_score: -1082.3 -1082.3
protocols.motifs.Motif: Res1 name is LEU
protocols.motifs.Motif: atom1 name is CH3
protocols.motifs.Motif: atom2 name is aroC
protocols.motifs.Motif: atom3 name is aroC
protocols.motifs.Motif: Res1 name is VAL
protocols.motifs.Motif: atom1 name is aroC
protocols.motifs.Motif: atom2 name is aroC
protocols.motifs.Motif: atom3 name is F
protocols.motifs.Motif: Res1 name is ALA
protocols.motifs.Motif: atom1 name is Ntrp
protocols.motifs.Motif: atom2 name is COO
protocols.motifs.Motif: atom3 name is ONH2
protocols.motifs.Motif: Res1 name is TYR
protocols.motifs.Motif: atom1 name is CH3
protocols.motifs.Motif: atom2 name is aroC
protocols.motifs.Motif: atom3 name is Ntrp
protocols.motifs.Motif: Res1 name is LEU
protocols.motifs.Motif: atom1 name is aroC
protocols.motifs.Motif: atom2 name is aroC
protocols.motifs.Motif: atom3 name is COO
protocols.motifs.Motif: Res1 name is CYS
protocols.motifs.Motif: atom1 name is aroC
protocols.motifs.Motif: atom2 name is aroC
protocols.motifs.Motif: atom3 name is aroC
protocols.motifs.Motif: Res1 name is PHE
protocols.motifs.Motif: atom1 name is aroC
protocols.motifs.Motif: atom2 name is aroC
protocols.motifs.Motif: atom3 name is F
core.pack.task: Packer task: initialize from command line() 
core.pack.task: Packer task: initialize from command line() 
core.pack.task: Packer task: initialize from command line() 
protocols.moves.MonteCarlo: MonteCarlo:: last_accepted_score,lowest_score: -1082.12 -1082.29
protocols.motifs.Motif: Res1 name is LEU
protocols.motifs.Motif: atom1 name is CH3
protocols.motifs.Motif: atom2 name is aroC
protocols.motifs.Motif: atom3 name is aroC
protocols.motifs.Motif: Res1 name is VAL
protocols.motifs.Motif: atom1 name is aroC
protocols.motifs.Motif: atom2 name is aroC
protocols.motifs.Motif: atom3 name is F
protocols.motifs.Motif: Res1 name is ALA
protocols.motifs.Motif: atom1 name is Ntrp
protocols.motifs.Motif: atom2 name is COO
protocols.motifs.Motif: atom3 name is ONH2
protocols.motifs.Motif: Res1 name is LYS
protocols.motifs.Motif: atom1 name is aroC
protocols.motifs.Motif: atom2 name is aroC
protocols.motifs.Motif: atom3 name is F
protocols.motifs.Motif: Res1 name is TYR
protocols.motifs.Motif: atom1 name is Ntrp
protocols.motifs.Motif: atom2 name is COO
protocols.motifs.Motif: atom3 name is ONH2
protocols.motifs.Motif: Res1 name is LEU
protocols.motifs.Motif: atom1 name is aroC
protocols.motifs.Motif: atom2 name is COO
protocols.motifs.Motif: atom3 name is ONH2
protocols.motifs.Motif: Res1 name is CYS
protocols.motifs.Motif: atom1 name is aroC
protocols.motifs.Motif: atom2 name is aroC
protocols.motifs.Motif: atom3 name is aroC
protocols.motifs.Motif: Res1 name is PHE
protocols.motifs.Motif: atom1 name is aroC
protocols.motifs.Motif: atom2 name is aroC
protocols.motifs.Motif: atom3 name is F
core.pack.task: Packer task: initialize from command line() 
core.pack.task: Packer task: initialize from command line() 
core.pack.task: Packer task: initialize from command line() 
protocols.moves.MonteCarlo: MonteCarlo:: last_accepted_score,lowest_score: -1077.15 -1077.23
protocols.motifs.Motif: Res1 name is LEU
protocols.motifs.Motif: atom1 name is aroC
protocols.motifs.Motif: atom2 name is aroC
protocols.motifs.Motif: atom3 name is Ntrp
protocols.motifs.Motif: Res1 name is VAL
protocols.motifs.Motif: atom1 name is Ntrp
protocols.motifs.Motif: atom2 name is COO
protocols.motifs.Motif: atom3 name is ONH2
protocols.motifs.Motif: Res1 name is LEU
protocols.motifs.Motif: atom1 name is aroC
protocols.motifs.Motif: atom2 name is aroC
protocols.motifs.Motif: atom3 name is aroC
protocols.motifs.Motif: Res1 name is PHE
protocols.motifs.Motif: atom1 name is Ntrp
protocols.motifs.Motif: atom2 name is COO
protocols.motifs.Motif: atom3 name is ONH2
core.pack.task: Packer task: initialize from command line() 
core.pack.task: Packer task: initialize from command line() 
core.pack.task: Packer task: initialize from command line() 
protocols.moves.MonteCarlo: MonteCarlo:: last_accepted_score,lowest_score: -1074.59 -1074.59
protocols.motifs.Motif: Res1 name is LEU
protocols.motifs.Motif: atom1 name is aroC
protocols.motifs.Motif: atom2 name is aroC
protocols.motifs.Motif: atom3 name is Ntrp
protocols.motifs.Motif: Res1 name is TYR
protocols.motifs.Motif: atom1 name is aroC
protocols.motifs.Motif: atom2 name is aroC
protocols.motifs.Motif: atom3 name is F
protocols.motifs.Motif: Res1 name is PHE
protocols.motifs.Motif: atom1 name is Ntrp
protocols.motifs.Motif: atom2 name is COO
protocols.motifs.Motif: atom3 name is ONH2
core.pack.task: Packer task: initialize from command line() 
core.pack.task: Packer task: initialize from command line() 
core.pack.task: Packer task: initialize from command line() 
protocols.moves.MonteCarlo: MonteCarlo:: last_accepted_score,lowest_score: -1077.77 -1078.35
protocols.motifs.Motif: Res1 name is LEU
protocols.motifs.Motif: atom1 name is Ntrp
protocols.motifs.Motif: atom2 name is COO
protocols.motifs.Motif: atom3 name is ONH2
protocols.motifs.Motif: Res1 name is VAL
protocols.motifs.Motif: atom1 name is NH2O
protocols.motifs.Motif: atom2 name is COO
protocols.motifs.Motif: atom3 name is ONH2
protocols.motifs.Motif: Res1 name is ALA
protocols.motifs.Motif: atom1 name is NH2O
protocols.motifs.Motif: atom2 name is COO
protocols.motifs.Motif: atom3 name is ONH2
protocols.motifs.Motif: Res1 name is TYR
protocols.motifs.Motif: atom1 name is CH3
protocols.motifs.Motif: atom2 name is aroC
protocols.motifs.Motif: atom3 name is aroC
protocols.motifs.Motif: Res1 name is LEU
protocols.motifs.Motif: atom1 name is NH2O
protocols.motifs.Motif: atom2 name is COO
protocols.motifs.Motif: atom3 name is ONH2
protocols.motifs.Motif: Res1 name is PHE
protocols.motifs.Motif: atom1 name is Ntrp
protocols.motifs.Motif: atom2 name is COO
protocols.motifs.Motif: atom3 name is ONH2
core.pack.task: Packer task: initialize from command line() 
core.pack.task: Packer task: initialize from command line() 
core.pack.task: Packer task: initialize from command line() 
protocols.moves.MonteCarlo: MonteCarlo:: last_accepted_score,lowest_score: -1079.07 -1079.39
protocols.motifs.Motif: Res1 name is LEU
protocols.motifs.Motif: atom1 name is aroC
protocols.motifs.Motif: atom2 name is aroC
protocols.motifs.Motif: atom3 name is F
protocols.motifs.Motif: Res1 name is VAL
protocols.motifs.Motif: atom1 name is NH2O
protocols.motifs.Motif: atom2 name is COO
protocols.motifs.Motif: atom3 name is ONH2
protocols.motifs.Motif: Res1 name is ALA
protocols.motifs.Motif: atom1 name is CH3
protocols.motifs.Motif: atom2 name is aroC
protocols.motifs.Motif: atom3 name is Ntrp
protocols.motifs.Motif: Res1 name is LYS
protocols.motifs.Motif: atom1 name is NH2O
protocols.motifs.Motif: atom2 name is COO
protocols.motifs.Motif: atom3 name is ONH2
protocols.motifs.Motif: Res1 name is VAL
protocols.motifs.Motif: atom1 name is NH2O
protocols.motifs.Motif: atom2 name is COO
protocols.motifs.Motif: atom3 name is ONH2
protocols.motifs.Motif: Res1 name is LEU
protocols.motifs.Motif: atom1 name is aroC
protocols.motifs.Motif: atom2 name is aroC
protocols.motifs.Motif: atom3 name is Ntrp
protocols.motifs.Motif: Res1 name is CYS
protocols.motifs.Motif: atom1 name is NH2O
protocols.motifs.Motif: atom2 name is COO
protocols.motifs.Motif: atom3 name is ONH2
protocols.motifs.Motif: Res1 name is PHE
protocols.motifs.Motif: atom1 name is CH3
protocols.motifs.Motif: atom2 name is aroC
protocols.motifs.Motif: atom3 name is aroC
core.pack.task: Packer task: initialize from command line() 
core.pack.task: Packer task: initialize from command line() 
core.pack.task: Packer task: initialize from command line() 
protocols.moves.MonteCarlo: MonteCarlo:: last_accepted_score,lowest_score: -1029.79 -1029.79
protocols.motifs.Motif: Res1 name is LEU
protocols.motifs.Motif: atom1 name is aroC
protocols.motifs.Motif: atom2 name is aroC
protocols.motifs.Motif: atom3 name is aroC
protocols.motifs.Motif: Res1 name is VAL
protocols.motifs.Motif: atom1 name is NH2O
protocols.motifs.Motif: atom2 name is COO
protocols.motifs.Motif: atom3 name is ONH2
protocols.motifs.Motif: Res1 name is ALA
protocols.motifs.Motif: atom1 name is NH2O
protocols.motifs.Motif: atom2 name is COO
protocols.motifs.Motif: atom3 name is ONH2
protocols.motifs.Motif: Res1 name is TYR
protocols.motifs.Motif: atom1 name is CH3
protocols.motifs.Motif: atom2 name is aroC
protocols.motifs.Motif: atom3 name is aroC
protocols.motifs.Motif: Res1 name is LEU
protocols.motifs.Motif: atom1 name is aroC
protocols.motifs.Motif: atom2 name is COO
protocols.motifs.Motif: atom3 name is ONH2
protocols.motifs.Motif: Res1 name is PHE
protocols.motifs.Motif: atom1 name is Ntrp
protocols.motifs.Motif: atom2 name is COO
protocols.motifs.Motif: atom3 name is ONH2
core.pack.task: Packer task: initialize from command line() 
core.pack.task: Packer task: initialize from command line() 
core.pack.task: Packer task: initialize from command line() 
protocols.moves.MonteCarlo: MonteCarlo:: last_accepted_score,lowest_score: -1077.66 -1077.66
protocols.motifs.Motif: Res1 name is LEU
protocols.motifs.Motif: atom1 name is Ntrp
protocols.motifs.Motif: atom2 name is COO
protocols.motifs.Motif: atom3 name is ONH2
protocols.motifs.Motif: Res1 name is ALA
protocols.motifs.Motif: atom1 name is NH2O
protocols.motifs.Motif: atom2 name is COO
protocols.motifs.Motif: atom3 name is ONH2
protocols.motifs.Motif: Res1 name is VAL
protocols.motifs.Motif: atom1 name is NH2O
protocols.motifs.Motif: atom2 name is COO
protocols.motifs.Motif: atom3 name is ONH2
protocols.motifs.Motif: Res1 name is TYR
protocols.motifs.Motif: atom1 name is CH3
protocols.motifs.Motif: atom2 name is aroC
protocols.motifs.Motif: atom3 name is aroC
protocols.motifs.Motif: Res1 name is LEU
protocols.motifs.Motif: atom1 name is NH2O
protocols.motifs.Motif: atom2 name is COO
protocols.motifs.Motif: atom3 name is ONH2
protocols.motifs.Motif: Res1 name is CYS
protocols.motifs.Motif: atom1 name is CH3
protocols.motifs.Motif: atom2 name is aroC
protocols.motifs.Motif: atom3 name is Ntrp
protocols.motifs.Motif: Res1 name is PHE
protocols.motifs.Motif: atom1 name is Ntrp
protocols.motifs.Motif: atom2 name is COO
protocols.motifs.Motif: atom3 name is ONH2
core.pack.task: Packer task: initialize from command line() 
core.pack.task: Packer task: initialize from command line() 
core.pack.task: Packer task: initialize from command line() 
protocols.moves.MonteCarlo: MonteCarlo:: last_accepted_score,lowest_score: -1079.25 -1079.25
protocols.motifs.Motif: Res1 name is LEU
protocols.motifs.Motif: atom1 name is CH3
protocols.motifs.Motif: atom2 name is aroC
protocols.motifs.Motif: atom3 name is aroC
protocols.motifs.Motif: Res1 name is VAL
protocols.motifs.Motif: atom1 name is aroC
protocols.motifs.Motif: atom2 name is aroC
protocols.motifs.Motif: atom3 name is F
protocols.motifs.Motif: Res1 name is ALA
protocols.motifs.Motif: atom1 name is aroC
protocols.motifs.Motif: atom2 name is aroC
protocols.motifs.Motif: atom3 name is Ntrp
protocols.motifs.Motif: Res1 name is TYR
protocols.motifs.Motif: atom1 name is Ntrp
protocols.motifs.Motif: atom2 name is COO
protocols.motifs.Motif: atom3 name is ONH2
protocols.motifs.Motif: Res1 name is LEU
protocols.motifs.Motif: atom1 name is aroC
protocols.motifs.Motif: atom2 name is aroC
protocols.motifs.Motif: atom3 name is Ntrp
protocols.motifs.Motif: Res1 name is CYS
protocols.motifs.Motif: atom1 name is aroC
protocols.motifs.Motif: atom2 name is aroC
protocols.motifs.Motif: atom3 name is F
protocols.motifs.Motif: Res1 name is PHE
protocols.motifs.Motif: atom1 name is aroC
protocols.motifs.Motif: atom2 name is aroC
protocols.motifs.Motif: atom3 name is F
core.pack.task: Packer task: initialize from command line() 
core.pack.task: Packer task: initialize from command line() 
core.pack.task: Packer task: initialize from command line() 
protocols.moves.MonteCarlo: MonteCarlo:: last_accepted_score,lowest_score: -1082.09 -1082.09
protocols.motifs.Motif: Res1 name is LEU
protocols.motifs.Motif: atom1 name is CH3
protocols.motifs.Motif: atom2 name is aroC
protocols.motifs.Motif: atom3 name is aroC
protocols.motifs.Motif: Res1 name is VAL
protocols.motifs.Motif: atom1 name is aroC
protocols.motifs.Motif: atom2 name is aroC
protocols.motifs.Motif: atom3 name is F
protocols.motifs.Motif: Res1 name is ALA
protocols.motifs.Motif: atom1 name is Ntrp
protocols.motifs.Motif: atom2 name is COO
protocols.motifs.Motif: atom3 name is ONH2
protocols.motifs.Motif: Res1 name is LYS
protocols.motifs.Motif: atom1 name is aroC
protocols.motifs.Motif: atom2 name is aroC
protocols.motifs.Motif: atom3 name is F
protocols.motifs.Motif: Res1 name is TYR
protocols.motifs.Motif: atom1 name is Ntrp
protocols.motifs.Motif: atom2 name is COO
protocols.motifs.Motif: atom3 name is ONH2
protocols.motifs.Motif: Res1 name is LEU
protocols.motifs.Motif: atom1 name is aroC
protocols.motifs.Motif: atom2 name is COO
protocols.motifs.Motif: atom3 name is ONH2
protocols.motifs.Motif: Res1 name is CYS
protocols.motifs.Motif: atom1 name is aroC
protocols.motifs.Motif: atom2 name is aroC
protocols.motifs.Motif: atom3 name is aroC
protocols.motifs.Motif: Res1 name is PHE
protocols.motifs.Motif: atom1 name is aroC
protocols.motifs.Motif: atom2 name is aroC
protocols.motifs.Motif: atom3 name is F
core.pack.task: Packer task: initialize from command line() 
core.pack.task: Packer task: initialize from command line() 
core.pack.task: Packer task: initialize from command line() 
protocols.moves.MonteCarlo: MonteCarlo:: last_accepted_score,lowest_score: -1082.05 -1082.05
protocols.motifs.Motif: Res1 name is LEU
protocols.motifs.Motif: atom1 name is Ntrp
protocols.motifs.Motif: atom2 name is COO
protocols.motifs.Motif: atom3 name is ONH2
protocols.motifs.Motif: Res1 name is VAL
protocols.motifs.Motif: atom1 name is aroC
protocols.motifs.Motif: atom2 name is aroC
protocols.motifs.Motif: atom3 name is F
protocols.motifs.Motif: Res1 name is ALA
protocols.motifs.Motif: atom1 name is Ntrp
protocols.motifs.Motif: atom2 name is COO
protocols.motifs.Motif: atom3 name is ONH2
protocols.motifs.Motif: Res1 name is TYR
protocols.motifs.Motif: atom1 name is Ntrp
protocols.motifs.Motif: atom2 name is COO
protocols.motifs.Motif: atom3 name is ONH2
protocols.motifs.Motif: Res1 name is LEU
protocols.motifs.Motif: atom1 name is aroC
protocols.motifs.Motif: atom2 name is aroC
protocols.motifs.Motif: atom3 name is COO
protocols.motifs.Motif: Res1 name is CYS
protocols.motifs.Motif: atom1 name is aroC
protocols.motifs.Motif: atom2 name is aroC
protocols.motifs.Motif: atom3 name is aroC
protocols.motifs.Motif: Res1 name is PHE
protocols.motifs.Motif: atom1 name is aroC
protocols.motifs.Motif: atom2 name is aroC
protocols.motifs.Motif: atom3 name is F
core.pack.task: Packer task: initialize from command line() 
core.pack.task: Packer task: initialize from command line() 
core.pack.task: Packer task: initialize from command line() 
protocols.moves.MonteCarlo: MonteCarlo:: last_accepted_score,lowest_score: -1084.72 -1084.72
protocols.motifs.Motif: Res1 name is LEU
protocols.motifs.Motif: atom1 name is CH3
protocols.motifs.Motif: atom2 name is aroC
protocols.motifs.Motif: atom3 name is aroC
protocols.motifs.Motif: Res1 name is VAL
protocols.motifs.Motif: atom1 name is aroC
protocols.motifs.Motif: atom2 name is aroC
protocols.motifs.Motif: atom3 name is F
protocols.motifs.Motif: Res1 name is ALA
protocols.motifs.Motif: atom1 name is Ntrp
protocols.motifs.Motif: atom2 name is COO
protocols.motifs.Motif: atom3 name is ONH2
protocols.motifs.Motif: Res1 name is TYR
protocols.motifs.Motif: atom1 name is Ntrp
protocols.motifs.Motif: atom2 name is COO
protocols.motifs.Motif: atom3 name is ONH2
protocols.motifs.Motif: Res1 name is LEU
protocols.motifs.Motif: atom1 name is aroC
protocols.motifs.Motif: atom2 name is COO
protocols.motifs.Motif: atom3 name is ONH2
protocols.motifs.Motif: Res1 name is CYS
protocols.motifs.Motif: atom1 name is aroC
protocols.motifs.Motif: atom2 name is aroC
protocols.motifs.Motif: atom3 name is aroC
protocols.motifs.Motif: Res1 name is PHE
protocols.motifs.Motif: atom1 name is aroC
protocols.motifs.Motif: atom2 name is aroC
protocols.motifs.Motif: atom3 name is F
core.pack.task: Packer task: initialize from command line() 
core.pack.task: Packer task: initialize from command line() 
core.pack.task: Packer task: initialize from command line() 
protocols.moves.MonteCarlo: MonteCarlo:: last_accepted_score,lowest_score: -1072.91 -1072.91
protocols.motifs.Motif: Res1 name is LEU
protocols.motifs.Motif: atom1 name is aroC
protocols.motifs.Motif: atom2 name is aroC
protocols.motifs.Motif: atom3 name is aroC
core.pack.task: Packer task: initialize from command line() 
core.pack.task: Packer task: initialize from command line() 
core.pack.task: Packer task: initialize from command line() 
protocols.moves.MonteCarlo: MonteCarlo:: last_accepted_score,lowest_score: -1068.24 -1068.24
protocols.motifs.Motif: Res1 name is LYS
protocols.motifs.Motif: atom1 name is Ntrp
protocols.motifs.Motif: atom2 name is COO
protocols.motifs.Motif: atom3 name is ONH2
protocols.motifs.Motif: Res1 name is LEU
protocols.motifs.Motif: atom1 name is aroC
protocols.motifs.Motif: atom2 name is aroC
protocols.motifs.Motif: atom3 name is Ntrp
LigandDiscoverySearch.discover: Done iterating all trios, moving to next ligand
LigandDiscoverySearch.discover: Total passing attempts for ligand is 507
LigandDiscoverySearch.discover: Total clashing attempts for ligand is 21042
